t,vx_mm_s,vy_mm_s,wz_rad_s,velocity_mm_s,direction_deg,is_rotation_only,rpm_ref_M1,rpm_ref_M2,rpm_ref_M3,rpm_ref_M4,rpm_meas_M1,rpm_meas_M2,rpm_meas_M3,rpm_meas_M4,err_M1,err_M2,err_M3,err_M4,p_M1,p_M2,p_M3,p_M4,i_M1,i_M2,i_M3,i_M4,motor_sign_M1,motor_sign_M2,motor_sign_M3,motor_sign_M4,duty_ol_base_M1,duty_ol_base_M2,duty_ol_base_M3,duty_ol_base_M4,duty_pi_M1,duty_pi_M2,duty_pi_M3,duty_pi_M4,time_s
1784751738.769737,0.0,0.0,0.0,0.0,0.0,0,0.0,0.0,0.0,0.0,0.0,0.0,-0.0,0.0,0.0,0.0,0.0,0.0,0.0,0.0,0.0,0.0,0.0,0.0,0.0,0.0,-1,1,-1,1,0,0,0,0,0,0,0,0,0.0
1784751738.789532,0.0,0.0,0.0,0.0,0.0,0,0.0,0.0,0.0,0.0,0.0,0.0,-0.0,0.0,0.0,0.0,0.0,0.0,0.0,0.0,0.0,0.0,0.0,0.0,0.0,0.0,-1,1,-1,1,0,0,0,0,0,0,0,0,0.019794940948486328
1784751738.8095536,0.0,0.0,0.0,0.0,0.0,0,0.0,0.0,0.0,0.0,0.0,0.0,-0.0,0.0,0.0,0.0,0.0,0.0,0.0,0.0,0.0,0.0,0.0,0.0,0.0,0.0,-1,1,-1,1,0,0,0,0,0,0,0,0,0.03981661796569824
1784751738.829603,0.0,0.0,0.0,0.0,0.0,0,0.0,0.0,0.0,0.0,0.0,0.0,-0.0,0.0,0.0,0.0,0.0,0.0,0.0,0.0,0.0,0.0,0.0,0.0,0.0,0.0,-1,1,-1,1,0,0,0,0,0,0,0,0,0.05986595153808594
1784751738.8495538,0.0,0.0,0.0,0.0,0.0,0,0.0,0.0,0.0,0.0,0.0,0.0,-0.0,0.0,0.0,0.0,0.0,0.0,0.0,0.0,0.0,0.0,0.0,0.0,0.0,0.0,-1,1,-1,1,0,0,0,0,0,0,0,0,0.07981681823730469
1784751738.869468,0.0,0.0,0.0,0.0,0.0,0,0.0,0.0,0.0,0.0,0.0,0.0,-0.0,0.0,0.0,0.0,0.0,0.0,0.0,0.0,0.0,0.0,0.0,0.0,0.0,0.0,-1,1,-1,1,0,0,0,0,0,0,0,0,0.0997309684753418
1784751738.8895657,0.0,0.0,0.0,0.0,0.0,0,0.0,0.0,0.0,0.0,0.0,0.0,-0.0,0.0,0.0,0.0,0.0,0.0,0.0,0.0,0.0,0.0,0.0,0.0,0.0,0.0,-1,1,-1,1,0,0,0,0,0,0,0,0,0.11982870101928711
1784751738.909567,0.0,0.0,0.0,0.0,0.0,0,0.0,0.0,0.0,0.0,0.0,0.0,-0.0,0.0,0.0,0.0,0.0,0.0,0.0,0.0,0.0,0.0,0.0,0.0,0.0,0.0,-1,1,-1,1,0,0,0,0,0,0,0,0,0.1398301124572754
1784751738.9295824,0.0,0.0,0.0,0.0,0.0,0,0.0,0.0,0.0,0.0,0.0,0.0,-0.0,0.0,0.0,0.0,0.0,0.0,0.0,0.0,0.0,0.0,0.0,0.0,0.0,0.0,-1,1,-1,1,0,0,0,0,0,0,0,0,0.15984535217285156
1784751738.949582,0.0,0.0,0.0,0.0,0.0,0,0.0,0.0,0.0,0.0,0.0,0.0,-0.0,0.0,0.0,0.0,0.0,0.0,0.0,0.0,0.0,0.0,0.0,0.0,0.0,0.0,-1,1,-1,1,0,0,0,0,0,0,0,0,0.17984509468078613
1784751738.9696517,0.0,0.0,0.0,0.0,0.0,0,0.0,0.0,0.0,0.0,0.0,0.0,-0.0,0.0,0.0,0.0,0.0,0.0,0.0,0.0,0.0,0.0,0.0,0.0,0.0,0.0,-1,1,-1,1,0,0,0,0,0,0,0,0,0.19991469383239746
1784751738.989492,0.0,0.0,0.0,0.0,0.0,0,0.0,0.0,0.0,0.0,0.0,0.0,-0.0,0.0,0.0,0.0,0.0,0.0,0.0,0.0,0.0,0.0,0.0,0.0,0.0,0.0,-1,1,-1,1,0,0,0,0,0,0,0,0,0.21975493431091309
1784751739.0095117,0.0,0.0,0.0,0.0,0.0,0,0.0,0.0,0.0,0.0,0.0,0.0,-0.0,0.0,0.0,0.0,0.0,0.0,0.0,0.0,0.0,0.0,0.0,0.0,0.0,0.0,-1,1,-1,1,0,0,0,0,0,0,0,0,0.2397747039794922
1784751739.0299158,0.0,0.0,0.0,0.0,0.0,0,0.0,0.0,0.0,0.0,0.0,0.0,-0.0,0.0,0.0,0.0,0.0,0.0,0.0,0.0,0.0,0.0,0.0,0.0,0.0,0.0,-1,1,-1,1,0,0,0,0,0,0,0,0,0.260178804397583
1784751739.0498807,0.0,0.0,0.0,0.0,0.0,0,0.0,0.0,0.0,0.0,0.0,0.0,-0.0,0.0,0.0,0.0,0.0,0.0,0.0,0.0,0.0,0.0,0.0,0.0,0.0,0.0,-1,1,-1,1,0,0,0,0,0,0,0,0,0.28014373779296875
1784751739.0696142,0.0,0.0,0.0,0.0,0.0,0,0.0,0.0,0.0,0.0,0.0,0.0,-0.0,0.0,0.0,0.0,0.0,0.0,0.0,0.0,0.0,0.0,0.0,0.0,0.0,0.0,-1,1,-1,1,0,0,0,0,0,0,0,0,0.2998771667480469
1784751739.089513,0.0,0.0,0.0,0.0,0.0,0,0.0,0.0,0.0,0.0,0.0,0.0,-0.0,0.0,0.0,0.0,0.0,0.0,0.0,0.0,0.0,0.0,0.0,0.0,0.0,0.0,-1,1,-1,1,0,0,0,0,0,0,0,0,0.3197760581970215
1784751739.1095598,0.0,0.0,0.0,0.0,0.0,0,0.0,0.0,0.0,0.0,0.0,0.0,-0.0,0.0,0.0,0.0,0.0,0.0,0.0,0.0,0.0,0.0,0.0,0.0,0.0,0.0,-1,1,-1,1,0,0,0,0,0,0,0,0,0.33982276916503906
1784751739.1295056,0.0,0.0,0.0,0.0,0.0,0,0.0,0.0,0.0,0.0,0.0,0.0,-0.0,0.0,0.0,0.0,0.0,0.0,0.0,0.0,0.0,0.0,0.0,0.0,0.0,0.0,-1,1,-1,1,0,0,0,0,0,0,0,0,0.3597686290740967
1784751739.149511,0.0,0.0,0.0,0.0,0.0,0,0.0,0.0,0.0,0.0,0.0,0.0,-0.0,0.0,0.0,0.0,0.0,0.0,0.0,0.0,0.0,0.0,0.0,0.0,0.0,0.0,-1,1,-1,1,0,0,0,0,0,0,0,0,0.3797740936279297
1784751739.1696112,0.0,0.0,0.0,0.0,0.0,0,0.0,0.0,0.0,0.0,0.0,0.0,-0.0,0.0,0.0,0.0,0.0,0.0,0.0,0.0,0.0,0.0,0.0,0.0,0.0,0.0,-1,1,-1,1,0,0,0,0,0,0,0,0,0.399874210357666
1784751739.189567,0.0,0.0,0.0,0.0,0.0,0,0.0,0.0,0.0,0.0,0.0,0.0,-0.0,0.0,0.0,0.0,0.0,0.0,0.0,0.0,0.0,0.0,0.0,0.0,0.0,0.0,-1,1,-1,1,0,0,0,0,0,0,0,0,0.4198300838470459
1784751739.2095156,0.0,0.0,0.0,0.0,0.0,0,0.0,0.0,0.0,0.0,0.0,0.0,-0.0,0.0,0.0,0.0,0.0,0.0,0.0,0.0,0.0,0.0,0.0,0.0,0.0,0.0,-1,1,-1,1,0,0,0,0,0,0,0,0,0.43977856636047363
1784751739.229508,0.0,0.0,0.0,0.0,0.0,0,0.0,0.0,0.0,0.0,0.0,0.0,-0.0,0.0,0.0,0.0,0.0,0.0,0.0,0.0,0.0,0.0,0.0,0.0,0.0,0.0,-1,1,-1,1,0,0,0,0,0,0,0,0,0.45977091789245605
1784751739.249553,0.0,0.0,0.0,0.0,0.0,0,0.0,0.0,0.0,0.0,0.0,0.0,-0.0,0.0,0.0,0.0,0.0,0.0,0.0,0.0,0.0,0.0,0.0,0.0,0.0,0.0,-1,1,-1,1,0,0,0,0,0,0,0,0,0.4798159599304199
1784751739.2695737,0.0,0.0,0.0,0.0,0.0,0,0.0,0.0,0.0,0.0,0.0,0.0,-0.0,0.0,0.0,0.0,0.0,0.0,0.0,0.0,0.0,0.0,0.0,0.0,0.0,0.0,-1,1,-1,1,0,0,0,0,0,0,0,0,0.49983668327331543
1784751739.2895024,0.0,0.0,0.0,0.0,0.0,0,0.0,0.0,0.0,0.0,0.0,0.0,-0.0,0.0,0.0,0.0,0.0,0.0,0.0,0.0,0.0,0.0,0.0,0.0,0.0,0.0,-1,1,-1,1,0,0,0,0,0,0,0,0,0.5197653770446777
1784751739.3094914,0.0,0.0,0.0,0.0,0.0,0,0.0,0.0,0.0,0.0,0.0,0.0,-0.0,0.0,0.0,0.0,0.0,0.0,0.0,0.0,0.0,0.0,0.0,0.0,0.0,0.0,-1,1,-1,1,0,0,0,0,0,0,0,0,0.5397543907165527
1784751739.329537,0.0,0.0,0.0,0.0,0.0,0,0.0,0.0,0.0,0.0,0.0,0.0,-0.0,0.0,0.0,0.0,0.0,0.0,0.0,0.0,0.0,0.0,0.0,0.0,0.0,0.0,-1,1,-1,1,0,0,0,0,0,0,0,0,0.5597999095916748
1784751739.3495772,0.0,0.0,0.0,0.0,0.0,0,0.0,0.0,0.0,0.0,0.0,0.0,-0.0,0.0,0.0,0.0,0.0,0.0,0.0,0.0,0.0,0.0,0.0,0.0,0.0,0.0,-1,1,-1,1,0,0,0,0,0,0,0,0,0.5798401832580566
1784751739.3696916,0.0,0.0,0.0,0.0,0.0,0,0.0,0.0,0.0,0.0,0.0,0.0,-0.0,0.0,0.0,0.0,0.0,0.0,0.0,0.0,0.0,0.0,0.0,0.0,0.0,0.0,-1,1,-1,1,0,0,0,0,0,0,0,0,0.5999546051025391
1784751739.389614,0.0,0.0,0.0,0.0,0.0,0,0.0,0.0,0.0,0.0,0.0,0.0,-0.0,0.0,0.0,0.0,0.0,0.0,0.0,0.0,0.0,0.0,0.0,0.0,0.0,0.0,-1,1,-1,1,0,0,0,0,0,0,0,0,0.6198770999908447
1784751739.4095504,0.0,0.0,0.0,0.0,0.0,0,0.0,0.0,0.0,0.0,0.0,0.0,-0.0,0.0,0.0,0.0,0.0,0.0,0.0,0.0,0.0,0.0,0.0,0.0,0.0,0.0,-1,1,-1,1,0,0,0,0,0,0,0,0,0.6398134231567383
1784751739.4295564,0.0,0.0,0.0,0.0,0.0,0,0.0,0.0,0.0,0.0,0.0,0.0,-0.0,0.0,0.0,0.0,0.0,0.0,0.0,0.0,0.0,0.0,0.0,0.0,0.0,0.0,-1,1,-1,1,0,0,0,0,0,0,0,0,0.6598193645477295
1784751739.4495173,0.0,0.0,0.0,0.0,0.0,0,0.0,0.0,0.0,0.0,0.0,0.0,-0.0,0.0,0.0,0.0,0.0,0.0,0.0,0.0,0.0,0.0,0.0,0.0,0.0,0.0,-1,1,-1,1,0,0,0,0,0,0,0,0,0.6797802448272705
1784751739.4696443,0.0,0.0,0.0,0.0,0.0,0,0.0,0.0,0.0,0.0,0.0,0.0,-0.0,0.0,0.0,0.0,0.0,0.0,0.0,0.0,0.0,0.0,0.0,0.0,0.0,0.0,-1,1,-1,1,0,0,0,0,0,0,0,0,0.6999073028564453
1784751739.489613,0.0,0.0,0.0,0.0,0.0,0,0.0,0.0,0.0,0.0,0.0,0.0,-0.0,0.0,0.0,0.0,0.0,0.0,0.0,0.0,0.0,0.0,0.0,0.0,0.0,0.0,-1,1,-1,1,0,0,0,0,0,0,0,0,0.7198760509490967
1784751739.5094974,0.0,0.0,0.0,0.0,0.0,0,0.0,0.0,0.0,0.0,0.0,0.0,-0.0,0.0,0.0,0.0,0.0,0.0,0.0,0.0,0.0,0.0,0.0,0.0,0.0,0.0,-1,1,-1,1,0,0,0,0,0,0,0,0,0.7397603988647461
1784751739.529632,0.0,0.0,0.0,0.0,0.0,0,0.0,0.0,0.0,0.0,0.0,0.0,-0.0,0.0,0.0,0.0,0.0,0.0,0.0,0.0,0.0,0.0,0.0,0.0,0.0,0.0,-1,1,-1,1,0,0,0,0,0,0,0,0,0.7598950862884521
1784751739.5495627,0.0,0.0,0.0,0.0,0.0,0,0.0,0.0,0.0,0.0,0.0,0.0,-0.0,0.0,0.0,0.0,0.0,0.0,0.0,0.0,0.0,0.0,0.0,0.0,0.0,0.0,-1,1,-1,1,0,0,0,0,0,0,0,0,0.7798256874084473
1784751739.569571,0.0,0.0,0.0,0.0,0.0,0,0.0,0.0,0.0,0.0,0.0,0.0,-0.0,0.0,0.0,0.0,0.0,0.0,0.0,0.0,0.0,0.0,0.0,0.0,0.0,0.0,-1,1,-1,1,0,0,0,0,0,0,0,0,0.7998340129852295
1784751739.5894868,0.0,0.0,0.0,0.0,0.0,0,0.0,0.0,0.0,0.0,0.0,0.0,-0.0,0.0,0.0,0.0,0.0,0.0,0.0,0.0,0.0,0.0,0.0,0.0,0.0,0.0,-1,1,-1,1,0,0,0,0,0,0,0,0,0.8197498321533203
1784751739.6096315,0.0,0.0,0.0,0.0,0.0,0,0.0,0.0,0.0,0.0,0.0,0.0,-0.0,0.0,0.0,0.0,0.0,0.0,0.0,0.0,0.0,0.0,0.0,0.0,0.0,0.0,-1,1,-1,1,0,0,0,0,0,0,0,0,0.8398945331573486
1784751739.629605,0.0,0.0,0.0,0.0,0.0,0,0.0,0.0,0.0,0.0,0.0,0.0,-0.0,0.0,0.0,0.0,0.0,0.0,0.0,0.0,0.0,0.0,0.0,0.0,0.0,0.0,-1,1,-1,1,0,0,0,0,0,0,0,0,0.859868049621582
1784751739.649693,0.0,0.0,0.0,0.0,0.0,0,0.0,0.0,0.0,0.0,0.0,0.0,-0.0,0.0,0.0,0.0,0.0,0.0,0.0,0.0,0.0,0.0,0.0,0.0,0.0,0.0,-1,1,-1,1,0,0,0,0,0,0,0,0,0.8799560070037842
1784751739.669808,0.0,0.0,0.0,0.0,0.0,0,0.0,0.0,0.0,0.0,0.0,0.0,-0.0,0.0,0.0,0.0,0.0,0.0,0.0,0.0,0.0,0.0,0.0,0.0,0.0,0.0,-1,1,-1,1,0,0,0,0,0,0,0,0,0.9000709056854248
1784751739.689544,0.0,0.0,0.0,0.0,0.0,0,0.0,0.0,0.0,0.0,0.0,0.0,-0.0,0.0,0.0,0.0,0.0,0.0,0.0,0.0,0.0,0.0,0.0,0.0,0.0,0.0,-1,1,-1,1,0,0,0,0,0,0,0,0,0.919806957244873
1784751739.7095268,0.0,0.0,0.0,0.0,0.0,0,0.0,0.0,0.0,0.0,0.0,0.0,-0.0,0.0,0.0,0.0,0.0,0.0,0.0,0.0,0.0,0.0,0.0,0.0,0.0,0.0,-1,1,-1,1,0,0,0,0,0,0,0,0,0.9397897720336914
1784751739.729526,0.0,0.0,0.0,0.0,0.0,0,0.0,0.0,0.0,0.0,0.0,0.0,-0.0,0.0,0.0,0.0,0.0,0.0,0.0,0.0,0.0,0.0,0.0,0.0,0.0,0.0,-1,1,-1,1,0,0,0,0,0,0,0,0,0.9597890377044678
1784751739.7495706,0.0,0.0,0.0,0.0,0.0,0,0.0,0.0,0.0,0.0,0.0,0.0,-0.0,0.0,0.0,0.0,0.0,0.0,0.0,0.0,0.0,0.0,0.0,0.0,0.0,0.0,-1,1,-1,1,0,0,0,0,0,0,0,0,0.9798336029052734
1784751739.769718,25.811207247803477,0.0,0.12,25.811207247803477,0.0,0,17.809058289701976,-2.641127628813561,17.809058289701976,-2.641127628813561,0.0,0.0,-0.0,0.0,17.809058289701976,-2.641127628813561,17.809058289701976,-2.641127628813561,6.233170401395691,-0.9243946700847464,6.233170401395691,-0.9243946700847464,0.1602815246073178,-0.023770148659322,0.1602815246073178,-0.023770148659322,-1,1,-1,1,-14,-13,-14,-13,-20,-14,-20,-14,0.9999809265136719
1784751739.7895167,25.811207247803477,0.0,0.12,25.811207247803477,0.0,0,17.809058289701976,-2.641127628813561,17.809058289701976,-2.641127628813561,0.0,0.0,-0.0,0.0,17.809058289701976,-2.641127628813561,17.809058289701976,-2.641127628813561,6.233170401395691,-0.9243946700847464,6.233170401395691,-0.9243946700847464,0.3205630492146356,-0.0475402973186441,0.3205630492146356,-0.0475402973186441,-1,1,-1,1,-14,-13,-14,-13,-21,-14,-21,-14,1.0197796821594238
1784751739.8095226,25.811207247803477,0.0,0.12,25.811207247803477,0.0,0,17.809058289701976,-2.641127628813561,17.809058289701976,-2.641127628813561,0.0,0.0,-0.0,0.0,17.809058289701976,-2.641127628813561,17.809058289701976,-2.641127628813561,6.233170401395691,-0.9243946700847464,6.233170401395691,-0.9243946700847464,0.4808445738219533,-0.0713104459779661,0.4808445738219533,-0.0713104459779661,-1,1,-1,1,-14,-13,-14,-13,-21,-14,-21,-14,1.039785623550415
1784751739.8295152,25.811207247803477,0.0,0.12,25.811207247803477,0.0,0,17.809058289701976,-2.641127628813561,17.809058289701976,-2.641127628813561,0.2300000041723251,-0.2300000041723251,0.449999988079071,-0.2300000041723251,17.57905828552965,-2.411127624641236,17.359058301622905,-2.411127624641236,6.152670399935378,-0.8438946686244326,6.075670405568016,-0.8438946686244326,0.6390560983917202,-0.0930105945997372,0.6370760985365596,-0.0930105945997372,-1,1,-1,1,-14,-13,-14,-13,-21,-14,-21,-14,1.0597782135009766
1784751739.8495777,25.811207247803477,0.0,0.12,25.811207247803477,0.0,0,17.809058289701976,-2.641127628813561,17.809058289701976,-2.641127628813561,0.2300000041723251,-0.2300000041723251,0.449999988079071,-0.2300000041723251,17.57905828552965,-2.411127624641236,17.359058301622905,-2.411127624641236,6.152670399935378,-0.8438946686244326,6.075670405568016,-0.8438946686244326,0.797267622961487,-0.1147107432215084,0.7933076232511658,-0.1147107432215084,-1,1,-1,1,-14,-13,-14,-13,-21,-14,-21,-14,1.0798406600952148
1784751739.8696785,25.811207247803477,0.0,0.12,25.811207247803477,0.0,0,17.809058289701976,-2.641127628813561,17.809058289701976,-2.641127628813561,1.059999942779541,-0.8399999737739563,1.0,-1.059999942779541,16.749058346922435,-1.801127655039605,16.809058289701976,-1.5811276860340202,5.862170421422852,-0.6303946792638617,5.883170401395692,-0.553394690111907,0.9480091480837888,-0.1309208921168648,0.9445891478584836,-0.1289408923958145,-1,1,-1,1,-14,-13,-14,-13,-21,-14,-21,-14,1.0999414920806885
1784751739.8896153,25.811207247803477,0.0,0.12,25.811207247803477,0.0,0,17.809058289701976,-2.641127628813561,17.809058289701976,-2.641127628813561,1.059999942779541,-0.8399999737739563,1.0,-1.059999942779541,16.749058346922435,-1.801127655039605,16.809058289701976,-1.5811276860340202,5.862170421422852,-0.6303946792638617,5.883170401395692,-0.553394690111907,1.0987506732060908,-0.1471310410122212,1.0958706724658014,-0.1431710415701207,-1,1,-1,1,-14,-13,-14,-13,-21,-14,-21,-14,1.1198782920837402
1784751739.9096231,25.811207247803477,0.0,0.12,25.811207247803477,0.0,0,17.809058289701976,-2.641127628813561,17.809058289701976,-2.641127628813561,1.059999942779541,-0.8399999737739563,1.0,-1.059999942779541,16.749058346922435,-1.801127655039605,16.809058289701976,-1.5811276860340202,5.862170421422852,-0.6303946792638617,5.883170401395692,-0.553394690111907,1.2494921983283926,-0.1633411899075777,1.2471521970731192,-0.1574011907444269,-1,1,-1,1,-14,-13,-14,-13,-21,-14,-21,-14,1.1398861408233643
1784751739.9295075,25.811207247803477,0.0,0.12,25.811207247803477,0.0,0,17.809058289701976,-2.641127628813561,17.809058289701976,-2.641127628813561,1.2000000476837158,-0.5899999737739563,1.600000023841858,-0.7400000095367432,16.60905824201826,-2.051127655039605,16.20905826586012,-1.901127619276818,5.813170384706391,-0.7178946792638616,5.673170393051041,-0.6653946667468863,1.398973722506557,-0.1818013388029341,1.3930337214658604,-0.1745113393179183,-1,1,-1,1,-14,-13,-14,-13,-21,-14,-21,-14,1.1597704887390137
1784751739.9495842,25.811207247803477,0.0,0.12,25.811207247803477,0.0,0,17.809058289701976,-2.641127628813561,17.809058289701976,-2.641127628813561,1.2000000476837158,-0.5899999737739563,1.600000023841858,-0.7400000095367432,16.60905824201826,-2.051127655039605,16.20905826586012,-1.901127619276818,5.813170384706391,-0.7178946792638616,5.673170393051041,-0.6653946667468863,1.5484552466847217,-0.2002614876982905,1.5389152458586015,-0.1916214878914096,-1,1,-1,1,-14,-13,-14,-13,-21,-14,-21,-14,1.179847240447998
1784751739.9696133,25.811207247803477,0.0,0.12,25.811207247803477,0.0,0,17.809058289701976,-2.641127628813561,17.809058289701976,-2.641127628813561,1.2899999618530271,-0.4099999964237213,1.7999999523162842,-0.5199999809265137,16.51905832784895,-2.23112763238984,16.009058337385692,-2.121127647887048,5.781670414747132,-0.780894671336444,5.603170418084992,-0.7423946767604666,1.697126771635362,-0.2203416363897991,1.6829967708950728,-0.210711636722393,-1,1,-1,1,-14,-13,-14,-13,-21,-14,-21,-14,1.199876308441162
1784751739.989543,25.811207247803477,0.0,0.12,25.811207247803477,0.0,0,17.809058289701976,-2.641127628813561,17.809058289701976,-2.641127628813561,1.2899999618530271,-0.4099999964237213,1.7999999523162842,-0.5199999809265137,16.51905832784895,-2.23112763238984,16.009058337385692,-2.121127647887048,5.781670414747132,-0.780894671336444,5.603170418084992,-0.7423946767604666,1.8457982965860025,-0.2404217850813077,1.827078295931544,-0.2298017855533765,-1,1,-1,1,-14,-13,-14,-13,-22,-14,-21,-14,1.2198059558868408
1784751740.0096066,25.811207247803477,0.0,0.12,25.811207247803477,0.0,0,17.809058289701976,-2.641127628813561,17.809058289701976,-2.641127628813561,1.2899999618530271,-0.4099999964237213,1.7999999523162842,-0.5199999809265137,16.51905832784895,-2.23112763238984,16.009058337385692,-2.121127647887048,5.781670414747132,-0.780894671336444,5.603170418084992,-0.7423946767604666,1.994469821536643,-0.2605019337728163,1.9711598209680157,-0.2488919343843599,-1,1,-1,1,-14,-13,-14,-13,-22,-14,-22,-14,1.2398695945739746
1784751740.0296764,25.811207247803477,0.0,0.12,25.811207247803477,0.0,0,17.809058289701976,-2.641127628813561,17.809058289701976,-2.641127628813561,1.1299999952316284,-0.2899999916553497,1.2599999904632568,-0.3700000047683716,16.679058294470348,-2.3511276371582115,16.54905829923872,-2.2711276240451896,5.837670403064622,-0.822894673005374,5.792170404733551,-0.7948946684158164,2.144581346186876,-0.2816620825072402,2.120101345661164,-0.2693320830007666,-1,1,-1,1,-14,-13,-14,-13,-22,-14,-22,-14,1.259939432144165
1784751740.049543,25.811207247803477,0.0,0.12,25.811207247803477,0.0,0,17.809058289701976,-2.641127628813561,17.809058289701976,-2.641127628813561,1.1299999952316284,-0.2899999916553497,1.2599999904632568,-0.3700000047683716,16.679058294470348,-2.3511276371582115,16.54905829923872,-2.2711276240451896,5.837670403064622,-0.822894673005374,5.792170404733551,-0.7948946684158164,2.294692870837109,-0.3028222312416641,2.269042870354312,-0.2897722316171733,-1,1,-1,1,-14,-13,-14,-13,-22,-14,-22,-14,1.2798058986663818
1784751740.069656,25.811207247803477,0.0,0.12,25.811207247803477,0.0,0,17.809058289701976,-2.641127628813561,17.809058289701976,-2.641127628813561,0.7900000214576721,-0.2000000029802322,1.1100000143051147,-0.4799999892711639,17.019058268244304,-2.441127625833329,16.69905827539686,-2.1611276395423973,5.956670393885506,-0.8543946690416651,5.844670396388901,-0.756394673839839,2.447864395251308,-0.324792379874164,2.419334394832884,-0.3092223803730549,-1,1,-1,1,-14,-13,-14,-13,-22,-14,-22,-14,1.2999188899993896
1784751740.089505,25.811207247803477,0.0,0.12,25.811207247803477,0.0,0,17.809058289701976,-2.641127628813561,17.809058289701976,-2.641127628813561,0.7900000214576721,-0.2000000029802322,1.1100000143051147,-0.4799999892711639,17.019058268244304,-2.441127625833329,16.69905827539686,-2.1611276395423973,5.956670393885506,-0.8543946690416651,5.844670396388901,-0.756394673839839,2.601035919665507,-0.346762528506664,2.569625919311456,-0.3286725291289364,-1,1,-1,1,-14,-13,-14,-13,-23,-14,-22,-14,1.319767951965332
1784751740.1095588,25.811207247803477,0.0,0.12,25.811207247803477,0.0,0,17.809058289701976,-2.641127628813561,17.809058289701976,-2.641127628813561,0.7900000214576721,-0.2000000029802322,1.1100000143051147,-0.4799999892711639,17.019058268244304,-2.441127625833329,16.69905827539686,-2.1611276395423973,5.956670393885506,-0.8543946690416651,5.844670396388901,-0.756394673839839,2.754207444079705,-0.3687326771391639,2.7199174437900275,-0.348122677884818,-1,1,-1,1,-14,-13,-14,-13,-23,-14,-23,-14,1.3398218154907227
1784751740.1295078,25.811207247803477,0.0,0.12,25.811207247803477,0.0,0,17.809058289701976,-2.641127628813561,17.809058289701976,-2.641127628813561,0.7799999713897705,-0.1400000005960464,1.0,-0.3400000035762787,17.029058318312206,-2.5011276282175148,16.809058289701976,-2.3011276252372825,5.960170411409272,-0.8753946698761301,5.883170401395692,-0.8053946688330489,2.9074689689445155,-0.3912428257931216,2.871198968397345,-0.3688328265119536,-1,1,-1,1,-14,-13,-14,-13,-23,-14,-23,-14,1.3597707748413086
1784751740.1496303,25.811207247803477,0.0,0.12,25.811207247803477,0.0,0,17.809058289701976,-2.641127628813561,17.809058289701976,-2.641127628813561,0.7799999713897705,-0.1400000005960464,1.0,-0.3400000035762787,17.029058318312206,-2.5011276282175148,16.809058289701976,-2.3011276252372825,5.960170411409272,-0.8753946698761301,5.883170401395692,-0.8053946688330489,3.0607304938093254,-0.4137529744470792,3.0224804930046627,-0.3895429751390891,-1,1,-1,1,-14,-13,-14,-13,-23,-14,-23,-14,1.3798933029174805
1784751740.169527,25.811207247803477,0.0,0.12,25.811207247803477,0.0,0,17.809058289701976,-2.641127628813561,17.809058289701976,-2.641127628813561,0.7699999809265137,-0.3199999928474426,0.9300000071525574,-0.2399999946355819,17.039058308775463,-2.3211276359661186,16.87905828254942,-2.4011276341779797,5.963670408071412,-0.8123946725881415,5.9076703988922965,-0.8403946719622927,3.214082018588305,-0.4346431231707742,3.1743920175476075,-0.4111531238466909,-1,1,-1,1,-14,-13,-14,-13,-23,-14,-23,-14,1.3997900485992432
1784751740.1895728,25.811207247803477,0.0,0.12,25.811207247803477,0.0,0,17.809058289701976,-2.641127628813561,17.809058289701976,-2.641127628813561,0.7699999809265137,-0.3199999928474426,0.9300000071525574,-0.2399999946355819,17.039058308775463,-2.3211276359661186,16.87905828254942,-2.4011276341779797,5.963670408071412,-0.8123946725881415,5.9076703988922965,-0.8403946719622927,3.367433543367284,-0.4555332718944693,3.326303542090552,-0.4327632725542927,-1,1,-1,1,-14,-13,-14,-13,-23,-14,-23,-14,1.4198358058929443
1784751740.209525,25.811207247803477,0.0,0.12,25.811207247803477,0.0,0,17.809058289701976,-2.641127628813561,17.809058289701976,-2.641127628813561,0.7699999809265137,-0.3199999928474426,0.9300000071525574,-0.2399999946355819,17.039058308775463,-2.3211276359661186,16.87905828254942,-2.4011276341779797,5.963670408071412,-0.8123946725881415,5.9076703988922965,-0.8403946719622927,3.520785068146263,-0.4764234206181643,3.478215066633497,-0.4543734212618945,-1,1,-1,1,-14,-13,-14,-13,-23,-14,-23,-14,1.4397881031036377
1784751740.229534,25.811207247803477,0.0,0.12,25.811207247803477,0.0,0,17.809058289701976,-2.641127628813561,17.809058289701976,-2.641127628813561,0.9900000095367432,-0.449999988079071,1.100000023841858,-0.1700000017881393,16.819058280165233,-2.19112764073449,16.70905826586012,-2.471127627025422,5.886670398057832,-0.7668946742570715,5.848170393051041,-0.8648946694588976,3.67215659266775,-0.4961435693847748,3.628596591026238,-0.4766135699051234,-1,1,-1,1,-14,-13,-14,-13,-24,-14,-23,-14,1.4597969055175781
1784751740.2495484,25.811207247803477,0.0,0.12,25.811207247803477,0.0,0,17.809058289701976,-2.641127628813561,17.809058289701976,-2.641127628813561,0.9900000095367432,-0.449999988079071,1.100000023841858,-0.1700000017881393,16.819058280165233,-2.19112764073449,16.70905826586012,-2.471127627025422,5.886670398057832,-0.7668946742570715,5.848170393051041,-0.8648946694588976,3.8235281171892375,-0.5158637181513852,3.778978115418979,-0.4988537185483522,-1,1,-1,1,-14,-13,-14,-13,-24,-14,-24,-14,1.479811429977417
1784751740.2697384,25.811207247803477,0.0,0.12,25.811207247803477,0.0,0,17.809058289701976,-2.641127628813561,17.809058289701976,-2.641127628813561,1.149999976158142,-0.5400000214576721,1.0,-0.1199999973177909,16.659058313543834,-2.101127607355889,16.809058289701976,-2.5211276314957702,5.830670409740342,-0.7353946625745611,5.883170401395692,-0.8823946710235195,3.973459642011132,-0.5347738666175882,3.930259640026297,-0.5215438672318141,-1,1,-1,1,-14,-13,-14,-13,-24,-14,-24,-14,1.5000014305114746
1784751740.2895155,25.811207247803477,0.0,0.12,25.811207247803477,0.0,0,17.809058289701976,-2.641127628813561,17.809058289701976,-2.641127628813561,1.149999976158142,-0.5400000214576721,1.0,-0.1199999973177909,16.659058313543834,-2.101127607355889,16.809058289701976,-2.5211276314957702,5.830670409740342,-0.7353946625745611,5.883170401395692,-0.8823946710235195,4.123391166833026,-0.5536840150837912,4.081541164633615,-0.5442340159152761,-1,1,-1,1,-14,-13,-14,-13,-24,-14,-24,-14,1.5197784900665283
1784751740.309633,25.811207247803477,0.0,0.12,25.811207247803477,0.0,0,17.809058289701976,-2.641127628813561,17.809058289701976,-2.641127628813561,1.149999976158142,-0.5400000214576721,1.0,-0.1199999973177909,16.659058313543834,-2.101127607355889,16.809058289701976,-2.5211276314957702,5.830670409740342,-0.7353946625745611,5.883170401395692,-0.8823946710235195,4.273322691654921,-0.5725941635499942,4.232822689240932,-0.5669241645987381,-1,1,-1,1,-14,-13,-14,-13,-24,-14,-24,-14,1.539896011352539
1784751740.3295844,25.811207247803477,0.0,0.12,25.811207247803477,0.0,0,17.809058289701976,-2.641127628813561,17.809058289701976,-2.641127628813561,1.940000057220459,-0.6100000143051147,1.3799999952316284,-0.0799999982118606,15.869058232481516,-2.0311276145084465,16.429058294470348,-2.561127630601701,5.554170381368531,-0.7108946650779562,5.7501704030646215,-0.8963946707105951,4.416144215747255,-0.5908743120805702,4.380684213891166,-0.5899743132741534,-1,1,-1,1,-14,-13,-14,-13,-24,-14,-24,-14,1.559847354888916
1784751740.3495388,25.811207247803477,0.0,0.12,25.811207247803477,0.0,0,17.809058289701976,-2.641127628813561,17.809058289701976,-2.641127628813561,1.940000057220459,-0.6100000143051147,1.3799999952316284,-0.0799999982118606,15.869058232481516,-2.0311276145084465,16.429058294470348,-2.561127630601701,5.554170381368531,-0.7108946650779562,5.7501704030646215,-0.8963946707105951,4.558965739839588,-0.6091544606111462,4.528545738541399,-0.6130244619495687,-1,1,-1,1,-14,-13,-14,-13,-24,-14,-24,-15,1.5798017978668213
1784751740.3703504,25.811207247803477,0.0,0.12,25.811207247803477,0.0,0,17.809058289701976,-2.641127628813561,17.809058289701976,-2.641127628813561,1.940000057220459,-0.6100000143051147,1.3799999952316284,-0.0799999982118606,15.869058232481516,-2.0311276145084465,16.429058294470348,-2.561127630601701,5.554170381368531,-0.7108946650779562,5.7501704030646215,-0.8963946707105951,4.701787263931922,-0.6274346091417222,4.676407263191632,-0.636074610624984,-1,1,-1,1,-14,-13,-14,-13,-24,-14,-24,-15,1.6006133556365967
1784751740.3897555,25.811207247803477,0.0,0.12,25.811207247803477,0.0,0,17.809058289701976,-2.641127628813561,17.809058289701976,-2.641127628813561,2.940000057220459,-1.100000023841858,1.6399999856948853,-0.0599999986588954,14.869058232481516,-1.541127604971703,16.16905830400709,-2.5811276301546657,5.204170381368531,-0.5393946617400961,5.659170406402482,-0.9033946705541328,4.835608788024255,-0.6413047575864675,4.821928787927696,-0.659304759296376,-1,1,-1,1,-14,-13,-14,-13,-24,-14,-24,-15,1.620018482208252
1784751740.4095244,25.811207247803477,0.0,0.12,25.811207247803477,0.0,0,17.809058289701976,-2.641127628813561,17.809058289701976,-2.641127628813561,2.940000057220459,-1.100000023841858,1.6399999856948853,-0.0599999986588954,14.869058232481516,-1.541127604971703,16.16905830400709,-2.5811276301546657,5.204170381368531,-0.5393946617400961,5.659170406402482,-0.9033946705541328,4.969430312116589,-0.6551749060312129,4.96745031266376,-0.682534907967768,-1,1,-1,1,-14,-13,-14,-13,-24,-14,-25,-15,1.6397874355316162
1784751740.429643,25.811207247803477,0.0,0.12,25.811207247803477,0.0,0,17.809058289701976,-2.641127628813561,17.809058289701976,-2.641127628813561,5.230000019073486,-2.359999895095825,2.9600000381469727,-0.270000010728836,12.57905827062849,-0.281127733717736,14.849058251555004,-2.371127618084725,4.402670394719971,-0.0983947068012076,5.197170388044251,-0.8298946663296538,5.082641836552245,-0.6577050556346725,5.101091836927755,-0.7038750565305305,-1,1,-1,1,-14,-13,-14,-13,-23,-14,-24,-15,1.6599059104919434
1784751740.449608,25.811207247803477,0.0,0.12,25.811207247803477,0.0,0,17.809058289701976,-2.641127628813561,17.809058289701976,-2.641127628813561,5.230000019073486,-2.359999895095825,2.9600000381469727,-0.270000010728836,12.57905827062849,-0.281127733717736,14.849058251555004,-2.371127618084725,4.402670394719971,-0.0983947068012076,5.197170388044251,-0.8298946663296538,5.195853360987901,-0.6602352052381322,5.23473336119175,-0.7252152050932931,-1,1,-1,1,-14,-13,-14,-13,-24,-14,-24,-15,1.6798710823059082
1784751740.469494,25.811207247803477,0.0,0.12,25.811207247803477,0.0,0,17.809058289701976,-2.641127628813561,17.809058289701976,-2.641127628813561,7.960000038146973,-3.240000009536743,4.340000152587891,-0.1899999976158142,9.849058251555004,0.5988723807231819,13.469058137114086,-2.451127631197747,3.4471703880442512,0.2096053332531136,4.7141703479899295,-0.8578946709192115,5.284494885251896,-0.6548453538116236,5.355954884425777,-0.7472753537740728,-1,1,-1,1,-14,-13,-14,-13,-23,-13,-24,-15,1.6997570991516113
1784751740.489568,25.811207247803477,0.0,0.12,25.811207247803477,0.0,0,17.809058289701976,-2.641127628813561,17.809058289701976,-2.641127628813561,7.960000038146973,-3.240000009536743,4.340000152587891,-0.1899999976158142,9.849058251555004,0.5988723807231819,13.469058137114086,-2.451127631197747,3.4471703880442512,0.2096053332531136,4.7141703479899295,-0.8578946709192115,5.373136409515891,-0.649455502385115,5.477176407659804,-0.7693355024548526,-1,1,-1,1,-14,-13,-14,-13,-23,-13,-24,-15,1.7198309898376465
1784751740.509541,25.811207247803477,0.0,0.12,25.811207247803477,0.0,0,17.809058289701976,-2.641127628813561,17.809058289701976,-2.641127628813561,7.960000038146973,-3.240000009536743,4.340000152587891,-0.1899999976158142,9.849058251555004,0.5988723807231819,13.469058137114086,-2.451127631197747,3.4471703880442512,0.2096053332531136,4.7141703479899295,-0.8578946709192115,5.461777933779886,-0.6440656509586064,5.598397930893831,-0.7913956511356324,-1,1,-1,1,-14,-13,-14,-13,-23,-13,-24,-15,1.7398040294647217
1784751740.5295267,25.811207247803477,0.0,0.12,25.811207247803477,0.0,0,17.809058289701976,-2.641127628813561,17.809058289701976,-2.641127628813561,9.869999885559082,-3.400000095367432,5.980000019073486,-0.1299999952316284,7.939058404142894,0.7588724665538704,11.82905827062849,-2.511127633581933,2.778670441450013,0.2656053632938546,4.140170394719972,-0.8788946717536764,5.533229459417172,-0.6372357987596216,5.704859455329487,-0.8139957998378697,-1,1,-1,1,-14,-13,-14,-13,-22,-13,-24,-15,1.7597897052764893
1784751740.5495346,25.811207247803477,0.0,0.12,25.811207247803477,0.0,0,17.809058289701976,-2.641127628813561,17.809058289701976,-2.641127628813561,9.869999885559082,-3.400000095367432,5.980000019073486,-0.1299999952316284,7.939058404142894,0.7588724665538704,11.82905827062849,-2.511127633581933,2.778670441450013,0.2656053632938546,4.140170394719972,-0.8788946717536764,5.6046809850544586,-0.6304059465606368,5.811320979765143,-0.8365959485401071,-1,1,-1,1,-14,-13,-14,-13,-22,-13,-24,-15,1.7797975540161133
1784751740.56978,25.811207247803477,0.0,0.12,25.811207247803477,0.0,0,17.809058289701976,-2.641127628813561,17.809058289701976,-2.641127628813561,11.890000343322754,-3.509999990463257,8.260000228881836,-0.0900000035762786,5.919057946379223,0.8688723616496956,9.54905806082014,-2.5511276252372825,2.071670281232728,0.3041053265773934,3.342170321287049,-0.8928946688330488,5.657952506571871,-0.6225860953057895,5.8972625023125245,-0.8595560971672427,-1,1,-1,1,-14,-13,-14,-13,-22,-13,-23,-15,1.8000431060791016
1784751740.5895195,25.811207247803477,0.0,0.12,25.811207247803477,0.0,0,17.809058289701976,-2.641127628813561,17.809058289701976,-2.641127628813561,11.890000343322754,-3.509999990463257,8.260000228881836,-0.0900000035762786,5.919057946379223,0.8688723616496956,9.54905806082014,-2.5511276252372825,2.071670281232728,0.3041053265773934,3.342170321287049,-0.8928946688330488,5.711224028089284,-0.6147662440509422,5.983204024859906,-0.8825162457943783,-1,1,-1,1,-14,-13,-14,-13,-22,-13,-23,-15,1.8197824954986572
1784751740.6096792,25.811207247803477,0.0,0.12,25.811207247803477,0.0,0,17.809058289701976,-2.641127628813561,17.809058289701976,-2.641127628813561,11.890000343322754,-3.509999990463257,8.260000228881836,-0.0900000035762786,5.919057946379223,0.8688723616496956,9.54905806082014,-2.5511276252372825,2.071670281232728,0.3041053265773934,3.342170321287049,-0.8928946688330488,5.764495549606697,-0.6069463927960949,6.069145547407287,-0.9054763944215138,-1,1,-1,1,-14,-13,-14,-13,-22,-13,-23,-15,1.839942216873169
1784751740.6295884,25.811207247803477,0.0,0.12,25.811207247803477,0.0,0,17.809058289701976,-2.641127628813561,17.809058289701976,-2.641127628813561,13.760000228881836,-2.9100000858306885,10.539999961853027,-0.0599999986588954,4.0490580608201405,0.2688724570171272,7.269058327848949,-2.5811276301546657,1.417170321287049,0.0941053599559945,2.544170414747132,-0.9033946705541328,5.800937072154079,-0.6045265406829408,6.134567072357928,-0.9287065430929058,-1,1,-1,1,-14,-13,-14,-13,-21,-14,-23,-15,1.859851360321045
1784751740.6496878,25.811207247803477,0.0,0.12,25.811207247803477,0.0,0,17.809058289701976,-2.641127628813561,17.809058289701976,-2.641127628813561,13.760000228881836,-2.9100000858306885,10.539999961853027,-0.0599999986588954,4.0490580608201405,0.2688724570171272,7.269058327848949,-2.5811276301546657,1.417170321287049,0.0941053599559945,2.544170414747132,-0.9033946705541328,5.83737859470146,-0.6021066885697867,6.199988597308569,-0.9519366917642976,-1,1,-1,1,-14,-13,-14,-13,-21,-14,-23,-15,1.879950761795044
1784751740.6701355,25.811207247803477,0.0,0.12,25.811207247803477,0.0,0,17.809058289701976,-2.641127628813561,17.809058289701976,-2.641127628813561,13.760000228881836,-2.9100000858306885,10.539999961853027,-0.0599999986588954,4.0490580608201405,0.2688724570171272,7.269058327848949,-2.5811276301546657,1.417170321287049,0.0941053599559945,2.544170414747132,-0.9033946705541328,5.873820117248841,-0.5996868364566326,6.26541012225921,-0.9751668404356896,-1,1,-1,1,-14,-13,-14,-13,-21,-14,-23,-15,1.9003984928131104
1784751740.6896503,25.811207247803477,0.0,0.12,25.811207247803477,0.0,0,17.809058289701976,-2.641127628813561,17.809058289701976,-2.641127628813561,15.289999961853027,-2.490000009536743,12.579999923706056,-0.0399999991059303,2.519058327848949,-0.151127619276818,5.229058365995922,-2.601127629707631,0.8816704147471321,-0.0528946667468863,1.8301704280985724,-0.9103946703976707,5.896491642199481,-0.6010469850301239,6.312471647553173,-0.9985769891030584,-1,1,-1,1,-14,-13,-14,-13,-21,-14,-22,-15,1.9199132919311523
1784751740.709618,25.811207247803477,0.0,0.12,25.811207247803477,0.0,0,17.809058289701976,-2.641127628813561,17.809058289701976,-2.641127628813561,15.289999961853027,-2.490000009536743,12.579999923706056,-0.0399999991059303,2.519058327848949,-0.151127619276818,5.229058365995922,-2.601127629707631,0.8816704147471321,-0.0528946667468863,1.8301704280985724,-0.9103946703976707,5.9191631671501215,-0.6024071336036152,6.3595331728471365,-1.021987137770427,-1,1,-1,1,-14,-13,-14,-13,-21,-14,-22,-15,1.9398810863494873
1784751740.7295263,25.811207247803477,0.0,0.12,25.811207247803477,0.0,0,17.809058289701976,-2.641127628813561,17.809058289701976,-2.641127628813561,16.360000610351562,-2.200000047683716,14.020000457763672,-0.2599999904632568,1.449057679350414,-0.4411275811298454,3.7890578319383046,-2.3811276383503044,0.5071701877726449,-0.1543946533954459,1.3261702411784064,-0.8333946734226065,5.932204686264275,-0.6063772818337838,6.393634693334581,-1.0434172865155795,-1,1,-1,1,-14,-13,-14,-13,-20,-14,-22,-15,1.9597892761230469
1784751740.7495828,25.811207247803477,0.0,0.12,25.811207247803477,0.0,0,17.809058289701976,-2.641127628813561,17.809058289701976,-2.641127628813561,16.360000610351562,-2.200000047683716,14.020000457763672,-0.2599999904632568,1.449057679350414,-0.4411275811298454,3.7890578319383046,-2.3811276383503044,0.5071701877726449,-0.1543946533954459,1.3261702411784064,-0.8333946734226065,5.945246205378429,-0.6103474300639524,6.427736213822026,-1.0648474352607324,-1,1,-1,1,-14,-13,-14,-13,-20,-14,-22,-15,1.9798457622528076
1784751740.7697823,25.811207247803477,0.0,0.12,25.811207247803477,0.0,0,17.809058289701976,-2.641127628813561,17.809058289701976,-2.641127628813561,16.889999389648438,-1.5399999618530271,15.470000267028809,-0.1800000071525573,0.919058900053539,-1.101127666960534,2.339058022673168,-2.461127621661004,0.3216706150187386,-0.3853946834361868,0.8186703079356087,-0.8613946675813513,5.95351773547891,-0.6202575790665972,6.448787736026085,-1.0869975838556816,-1,1,-1,1,-14,-13,-14,-13,-20,-14,-21,-15,2.0000452995300293
1784751740.7896962,25.811207247803477,0.0,0.12,25.811207247803477,0.0,0,17.809058289701976,-2.641127628813561,17.809058289701976,-2.641127628813561,16.889999389648438,-1.5399999618530271,15.470000267028809,-0.1800000071525573,0.919058900053539,-1.101127666960534,2.339058022673168,-2.461127621661004,0.3216706150187386,-0.3853946834361868,0.8186703079356087,-0.8613946675813513,5.961789265579392,-0.6301677280692419,6.469839258230143,-1.1091477324506307,-1,1,-1,1,-14,-13,-14,-13,-20,-14,-21,-15,2.0199592113494873
1784751740.8095646,25.811207247803477,0.0,0.12,25.811207247803477,0.0,0,17.809058289701976,-2.641127628813561,17.809058289701976,-2.641127628813561,16.889999389648438,-1.5399999618530271,15.470000267028809,-0.1800000071525573,0.919058900053539,-1.101127666960534,2.339058022673168,-2.461127621661004,0.3216706150187386,-0.3853946834361868,0.8186703079356087,-0.8613946675813513,5.970060795679873,-0.6400778770718867,6.490890780434202,-1.1312978810455798,-1,1,-1,1,-14,-13,-14,-13,-20,-14,-21,-15,2.039827585220337
1784751740.8295314,25.811207247803477,0.0,0.12,25.811207247803477,0.0,0,17.809058289701976,-2.641127628813561,17.809058289701976,-2.641127628813561,17.260000228881836,-1.0800000429153442,16.489999771118164,-0.3499999940395355,0.5490580608201405,-1.561127585898217,1.3190585185838124,-2.2911276347740257,0.1921703212870491,-0.5463946550643759,0.4616704815043343,-0.8018946721709089,5.975002318227254,-0.6541280253449706,6.502762307101456,-1.151918029758546,-1,1,-1,1,-14,-13,-14,-13,-20,-14,-21,-15,2.0597944259643555
1784751740.8496394,25.811207247803477,0.0,0.12,25.811207247803477,0.0,0,17.809058289701976,-2.641127628813561,17.809058289701976,-2.641127628813561,17.260000228881836,-1.0800000429153442,16.489999771118164,-0.3499999940395355,0.5490580608201405,-1.561127585898217,1.3190585185838124,-2.2911276347740257,0.1921703212870491,-0.5463946550643759,0.4616704815043343,-0.8018946721709089,5.979943840774635,-0.6681781736180545,6.51463383376871,-1.1725381784715123,-1,1,-1,1,-14,-13,-14,-13,-20,-14,-21,-15,2.079902410507202
1784751740.869726,25.811207247803477,0.0,0.12,25.811207247803477,0.0,0,17.809058289701976,-2.641127628813561,17.809058289701976,-2.641127628813561,17.739999771118164,-0.75,16.75,-0.25,0.0690585185838124,-1.8911276288135608,1.0590582897019765,-2.391127628813561,0.0241704815043343,-0.6618946700847463,0.3706704013956917,-0.8368946700847464,5.98056536744189,-0.6851983222773765,6.524165358376028,-1.1940583271308345,-1,1,-1,1,-14,-13,-14,-13,-20,-14,-21,-15,2.0999889373779297
1784751740.889646,25.811207247803477,0.0,0.12,25.811207247803477,0.0,0,17.809058289701976,-2.641127628813561,17.809058289701976,-2.641127628813561,17.739999771118164,-0.75,16.75,-0.25,0.0690585185838124,-1.8911276288135608,1.0590582897019765,-2.391127628813561,0.0241704815043343,-0.6618946700847463,0.3706704013956917,-0.8368946700847464,5.981186894109144,-0.7022184709366985,6.533696882983345,-1.2155784757901562,-1,1,-1,1,-14,-13,-14,-13,-20,-14,-21,-15,2.1199090480804443
1784751740.9096496,25.811207247803477,0.0,0.12,25.811207247803477,0.0,0,17.809058289701976,-2.641127628813561,17.809058289701976,-2.641127628813561,17.739999771118164,-0.75,16.75,-0.25,0.0690585185838124,-1.8911276288135608,1.0590582897019765,-2.391127628813561,0.0241704815043343,-0.6618946700847463,0.3706704013956917,-0.8368946700847464,5.981808420776399,-0.7192386195960205,6.543228407590663,-1.2370986244494782,-1,1,-1,1,-14,-13,-14,-13,-20,-14,-21,-15,2.1399126052856445
1784751740.929567,25.811207247803477,0.0,0.12,25.811207247803477,0.0,0,17.809058289701976,-2.641127628813561,17.809058289701976,-2.641127628813561,18.299999237060547,-0.75,17.389999389648438,-0.1700000017881393,-0.4909409473585704,-1.8911276288135608,0.4190589000535389,-2.471127627025422,-0.1718293315754996,-0.6618946700847463,0.1466706150187386,-0.8648946694588976,5.977389952250172,-0.7362587682553425,6.546999937691145,-1.259338773092707,-1,1,-1,1,-14,-13,-14,-13,-20,-14,-21,-15,2.159830093383789
1784751740.9495351,25.811207247803477,0.0,0.12,25.811207247803477,0.0,0,17.809058289701976,-2.641127628813561,17.809058289701976,-2.641127628813561,18.299999237060547,-0.75,17.389999389648438,-0.1700000017881393,-0.4909409473585704,-1.8911276288135608,0.4190589000535389,-2.471127627025422,-0.1718293315754996,-0.6618946700847463,0.1466706150187386,-0.8648946694588976,5.972971483723945,-0.7532789169146645,6.550771467791627,-1.281578921735936,-1,1,-1,1,-14,-13,-14,-13,-20,-14,-21,-15,2.179798126220703
1784751740.9695811,25.811207247803477,0.0,0.12,25.811207247803477,0.0,0,17.809058289701976,-2.641127628813561,17.809058289701976,-2.641127628813561,18.25,-0.5299999713897705,17.829999923706055,-0.3499999940395355,-0.4409417102980235,-2.1111276574237907,-0.0209416340040782,-2.2911276347740257,-0.1543295986043082,-0.7388946800983267,-0.0073295719014273,-0.8018946721709089,5.969003008331263,-0.7722790658314787,6.55058299308559,-1.3021990704489022,-1,1,-1,1,-14,-13,-14,-13,-20,-15,-21,-15,2.1998441219329834
1784751740.9895146,25.811207247803477,0.0,0.12,25.811207247803477,0.0,0,17.809058289701976,-2.641127628813561,17.809058289701976,-2.641127628813561,18.25,-0.5299999713897705,17.829999923706055,-0.3499999940395355,-0.4409417102980235,-2.1111276574237907,-0.0209416340040782,-2.2911276347740257,-0.1543295986043082,-0.7388946800983267,-0.0073295719014273,-0.8018946721709089,5.9650345329385805,-0.7912792147482928,6.550394518379553,-1.3228192191618684,-1,1,-1,1,-14,-13,-14,-13,-20,-15,-21,-15,2.2197775840759277
1784751741.0096183,25.811207247803477,0.0,0.12,25.811207247803477,0.0,0,17.809058289701976,-2.641127628813561,17.809058289701976,-2.641127628813561,18.25,-0.5299999713897705,17.829999923706055,-0.3499999940395355,-0.4409417102980235,-2.1111276574237907,-0.0209416340040782,-2.2911276347740257,-0.1543295986043082,-0.7388946800983267,-0.0073295719014273,-0.8018946721709089,5.9610660575458985,-0.8102793636651069,6.5502060436735166,-1.3434393678748346,-1,1,-1,1,-14,-13,-14,-13,-20,-15,-21,-15,2.2398812770843506
1784751741.0296245,25.811207247803477,0.0,0.12,25.811207247803477,0.0,0,17.809058289701976,-2.641127628813561,17.809058289701976,-2.641127628813561,17.75,-0.3700000047683716,17.690000534057617,-0.4699999988079071,0.0590582897019764,-2.2711276240451896,0.1190577556443592,-2.171127630005654,0.0206704013956917,-0.7948946684158164,0.0416702144755257,-0.7598946705019789,5.961597582153217,-0.8307195122815136,6.551277563474316,-1.3629795165448857,-1,1,-1,1,-14,-13,-14,-13,-20,-15,-21,-15,2.259887456893921
1784751741.049514,25.811207247803477,0.0,0.12,25.811207247803477,0.0,0,17.809058289701976,-2.641127628813561,17.809058289701976,-2.641127628813561,17.75,-0.3700000047683716,17.690000534057617,-0.4699999988079071,0.0590582897019764,-2.2711276240451896,0.1190577556443592,-2.171127630005654,0.0206704013956917,-0.7948946684158164,0.0416702144755257,-0.7598946705019789,5.962129106760535,-0.8511596608979204,6.552349083275115,-1.3825196652149363,-1,1,-1,1,-14,-13,-14,-13,-20,-15,-21,-15,2.2797770500183105
1784751741.0697913,25.811207247803477,0.0,0.12,25.811207247803477,0.0,0,17.809058289701976,-2.641127628813561,17.809058289701976,-2.641127628813561,17.40999984741211,-0.2599999904632568,17.59000015258789,-0.3300000131130218,0.3990584422898671,-2.3811276383503044,0.2190581371140858,-2.31112761570054,0.1396704548014534,-0.8333946734226065,0.07667034798993,-0.8088946654951887,5.965720632741143,-0.8725898096430731,6.554320606509142,-1.4033198137562413,-1,1,-1,1,-14,-13,-14,-13,-20,-15,-21,-15,2.3000543117523193
1784751741.0896544,25.811207247803477,0.0,0.12,25.811207247803477,0.0,0,17.809058289701976,-2.641127628813561,17.809058289701976,-2.641127628813561,17.40999984741211,-0.2599999904632568,17.59000015258789,-0.3300000131130218,0.3990584422898671,-2.3811276383503044,0.2190581371140858,-2.31112761570054,0.1396704548014534,-0.8333946734226065,0.07667034798993,-0.8088946654951887,5.969312158721752,-0.8940199583882258,6.556292129743169,-1.4241199622975462,-1,1,-1,1,-14,-13,-14,-13,-20,-15,-21,-15,2.3199174404144287
1784751741.1096077,25.811207247803477,0.0,0.12,25.811207247803477,0.0,0,17.809058289701976,-2.641127628813561,17.809058289701976,-2.641127628813561,17.40999984741211,-0.2599999904632568,17.59000015258789,-0.3300000131130218,0.3990584422898671,-2.3811276383503044,0.2190581371140858,-2.31112761570054,0.1396704548014534,-0.8333946734226065,0.07667034798993,-0.8088946654951887,5.97290368470236,-0.9154501071333784,6.558263652977196,-1.4449201108388512,-1,1,-1,1,-14,-13,-14,-13,-20,-15,-21,-15,2.3398706912994385
1784751741.129541,25.811207247803477,0.0,0.12,25.811207247803477,0.0,0,17.809058289701976,-2.641127628813561,17.809058289701976,-2.641127628813561,16.940000534057617,-0.4099999964237213,16.610000610351562,-0.4600000083446502,0.8690577556443593,-2.23112763238984,1.199057679350414,-2.181127620468911,0.3041702144755257,-0.780894671336444,0.4196701877726448,-0.7633946671641187,5.98072520450316,-0.935530255824887,6.56905517209135,-1.4645502594230717,-1,1,-1,1,-14,-13,-14,-13,-20,-15,-21,-15,2.3598039150238037
1784751741.149542,25.811207247803477,0.0,0.12,25.811207247803477,0.0,0,17.809058289701976,-2.641127628813561,17.809058289701976,-2.641127628813561,16.940000534057617,-0.4099999964237213,16.610000610351562,-0.4600000083446502,0.8690577556443593,-2.23112763238984,1.199057679350414,-2.181127620468911,0.3041702144755257,-0.780894671336444,0.4196701877726448,-0.7633946671641187,5.988546724303959,-0.9556104045163956,6.579846691205503,-1.4841804080072918,-1,1,-1,1,-14,-13,-14,-13,-20,-15,-21,-15,2.379805088043213
1784751741.1696725,25.811207247803477,0.0,0.12,25.811207247803477,0.0,0,17.809058289701976,-2.641127628813561,17.809058289701976,-2.641127628813561,16.610000610351562,-0.5099999904632568,16.15999984741211,-0.550000011920929,1.199057679350414,-2.1311276383503044,1.649058442289867,-2.0911276168926323,0.4196701877726448,-0.7458946734226065,0.5771704548014535,-0.7318946659124212,5.999338243418113,-0.9747905532615484,6.594688217186112,-1.5030005565593254,-1,1,-1,1,-14,-13,-14,-13,-20,-15,-21,-15,2.399935483932495
1784751741.1895833,25.811207247803477,0.0,0.12,25.811207247803477,0.0,0,17.809058289701976,-2.641127628813561,17.809058289701976,-2.641127628813561,16.610000610351562,-0.5099999904632568,16.15999984741211,-0.550000011920929,1.199057679350414,-2.1311276383503044,1.649058442289867,-2.0911276168926323,0.4196701877726448,-0.7458946734226065,0.5771704548014535,-0.7318946659124212,6.010129762532267,-0.993970702006701,6.609529743166721,-1.521820705111359,-1,1,-1,1,-14,-13,-14,-13,-20,-15,-21,-15,2.419846296310425
1784751741.2101188,25.811207247803477,0.0,0.12,25.811207247803477,0.0,0,17.809058289701976,-2.641127628813561,17.809058289701976,-2.641127628813561,16.610000610351562,-0.5099999904632568,16.15999984741211,-0.550000011920929,1.199057679350414,-2.1311276383503044,1.649058442289867,-2.0911276168926323,0.4196701877726448,-0.7458946734226065,0.5771704548014535,-0.7318946659124212,6.02092128164642,-1.0131508507518538,6.62437126914733,-1.5406408536633929,-1,1,-1,1,-14,-13,-14,-13,-20,-15,-21,-15,2.4403817653656006
1784751741.2297091,25.811207247803477,0.0,0.12,25.811207247803477,0.0,0,17.809058289701976,-2.641127628813561,17.809058289701976,-2.641127628813561,16.15999984741211,-1.2599999904632568,16.290000915527344,-0.3799999952316284,1.649058442289867,-1.3811276383503044,1.5190573741746327,-2.261127633581933,0.5771704548014535,-0.4833946734226065,0.5316700809611214,-0.7913946717536764,6.035762807627029,-1.0255809994970069,6.638042785514902,-1.5609910023656302,-1,1,-1,1,-14,-13,-14,-13,-21,-15,-21,-15,2.4599721431732178
1784751741.2496476,25.811207247803477,0.0,0.12,25.811207247803477,0.0,0,17.809058289701976,-2.641127628813561,17.809058289701976,-2.641127628813561,16.15999984741211,-1.2599999904632568,16.290000915527344,-0.3799999952316284,1.649058442289867,-1.3811276383503044,1.5190573741746327,-2.261127633581933,0.5771704548014535,-0.4833946734226065,0.5316700809611214,-0.7913946717536764,6.050604333607638,-1.0380111482421597,6.651714301882473,-1.5813411510678677,-1,1,-1,1,-14,-13,-14,-13,-21,-15,-21,-15,2.4799106121063232
1784751741.2697504,25.811207247803477,0.0,0.12,25.811207247803477,0.0,0,17.809058289701976,-2.641127628813561,17.809058289701976,-2.641127628813561,16.290000915527344,-1.559999942779541,15.25,-0.4900000095367431,1.5190573741746327,-1.0811276860340202,2.5590582897019765,-2.151127619276818,0.5316700809611214,-0.3783946901119071,0.8956704013956917,-0.7528946667468863,6.06427584997521,-1.0477412974164655,6.674745826489791,-1.600701299641359,-1,1,-1,1,-14,-13,-14,-13,-21,-14,-22,-15,2.5000133514404297
1784751741.2895029,25.811207247803477,0.0,0.12,25.811207247803477,0.0,0,17.809058289701976,-2.641127628813561,17.809058289701976,-2.641127628813561,16.290000915527344,-1.559999942779541,15.25,-0.4900000095367431,1.5190573741746327,-1.0811276860340202,2.5590582897019765,-2.151127619276818,0.5316700809611214,-0.3783946901119071,0.8956704013956917,-0.7528946667468863,6.077947366342781,-1.057471446590772,6.697777351097109,-1.6200614482148503,-1,1,-1,1,-14,-13,-14,-13,-21,-14,-22,-15,2.519765853881836
1784751741.309553,25.811207247803477,0.0,0.12,25.811207247803477,0.0,0,17.809058289701976,-2.641127628813561,17.809058289701976,-2.641127628813561,16.290000915527344,-1.559999942779541,15.25,-0.4900000095367431,1.5190573741746327,-1.0811276860340202,2.5590582897019765,-2.151127619276818,0.5316700809611214,-0.3783946901119071,0.8956704013956917,-0.7528946667468863,6.091618882710352,-1.0672015957650782,6.720808875704427,-1.6394215967883417,-1,1,-1,1,-14,-13,-14,-13,-21,-14,-22,-15,2.539815902709961
1784751741.329526,25.811207247803477,0.0,0.12,25.811207247803477,0.0,0,17.809058289701976,-2.641127628813561,17.809058289701976,-2.641127628813561,16.15999984741211,-2.9100000858306885,14.300000190734863,-0.3499999940395355,1.649058442289867,0.2688724570171272,3.509058098967113,-2.2911276347740257,0.5771704548014535,0.0941053599559945,1.2281703346384896,-0.8018946721709089,6.106460408690961,-1.064781743651924,6.752390398595131,-1.660041745501308,-1,1,-1,1,-14,-13,-14,-13,-21,-14,-22,-15,2.559788942337036
1784751741.349657,25.811207247803477,0.0,0.12,25.811207247803477,0.0,0,17.809058289701976,-2.641127628813561,17.809058289701976,-2.641127628813561,16.15999984741211,-2.9100000858306885,14.300000190734863,-0.3499999940395355,1.649058442289867,0.2688724570171272,3.509058098967113,-2.2911276347740257,0.5771704548014535,0.0941053599559945,1.2281703346384896,-0.8018946721709089,6.12130193467157,-1.0623618915387698,6.783971921485835,-1.680661894214274,-1,1,-1,1,-14,-13,-14,-13,-21,-14,-22,-15,2.5799200534820557
1784751741.3697271,25.811207247803477,0.0,0.12,25.811207247803477,0.0,0,17.809058289701976,-2.641127628813561,17.809058289701976,-2.641127628813561,16.290000915527344,-3.849999904632568,14.09000015258789,-0.4699999988079071,1.5190573741746327,1.2088722758190071,3.719058137114086,-2.171127630005654,0.5316700809611214,0.4231052965366524,1.30167034798993,-0.7598946705019789,6.134973451039142,-1.0514820410563988,6.817443444719862,-1.700202042884325,-1,1,-1,1,-14,-13,-14,-13,-21,-14,-22,-15,2.599990129470825
1784751741.3895624,25.811207247803477,0.0,0.12,25.811207247803477,0.0,0,17.809058289701976,-2.641127628813561,17.809058289701976,-2.641127628813561,16.290000915527344,-3.849999904632568,14.09000015258789,-0.4699999988079071,1.5190573741746327,1.2088722758190071,3.719058137114086,-2.171127630005654,0.5316700809611214,0.4231052965366524,1.30167034798993,-0.7598946705019789,6.148644967406713,-1.0406021905740277,6.850914967953888,-1.7197421915543758,-1,1,-1,1,-14,-13,-14,-13,-21,-14,-22,-15,2.6198253631591797
1784751741.409506,25.811207247803477,0.0,0.12,25.811207247803477,0.0,0,17.809058289701976,-2.641127628813561,17.809058289701976,-2.641127628813561,16.290000915527344,-3.849999904632568,14.09000015258789,-0.4699999988079071,1.5190573741746327,1.2088722758190071,3.719058137114086,-2.171127630005654,0.5316700809611214,0.4231052965366524,1.30167034798993,-0.7598946705019789,6.162316483774284,-1.0297223400916566,6.8843864911879145,-1.7392823402244266,-1,1,-1,1,-14,-13,-14,-13,-21,-14,-22,-15,2.6397690773010254
1784751741.4295158,25.811207247803477,0.0,0.12,25.811207247803477,0.0,0,17.809058289701976,-2.641127628813561,17.809058289701976,-2.641127628813561,17.059999465942383,-3.819999933242798,13.029999732971191,-0.3300000131130218,0.7490588237595937,1.1788723044292366,4.779058556730785,-2.31112761570054,0.2621705883158577,0.4126053065502328,1.672670494855775,-0.8088946654951887,6.1690580131881205,-1.0191124893517935,6.927398018198492,-1.7600824887657316,-1,1,-1,1,-14,-13,-14,-13,-20,-14,-23,-16,2.6597788333892822
1784751741.449623,25.811207247803477,0.0,0.12,25.811207247803477,0.0,0,17.809058289701976,-2.641127628813561,17.809058289701976,-2.641127628813561,17.059999465942383,-3.819999933242798,13.029999732971191,-0.3300000131130218,0.7490588237595937,1.1788723044292366,4.779058556730785,-2.31112761570054,0.2621705883158577,0.4126053065502328,1.672670494855775,-0.8088946654951887,6.175799542601957,-1.0085026386119305,6.970409545209069,-1.7808826373070366,-1,1,-1,1,-14,-13,-14,-13,-20,-14,-23,-16,2.6798861026763916
1784751741.4694984,25.811207247803477,0.0,0.12,25.811207247803477,0.0,0,17.809058289701976,-2.641127628813561,17.809058289701976,-2.641127628813561,17.149999618530273,-4.039999961853027,13.420000076293944,-0.4600000083446502,0.659058671171703,1.398872333039466,4.389058213408031,-2.181127620468911,0.230670534910096,0.4896053165638131,1.5361703746928108,-0.7633946671641187,6.181731070642502,-0.9959127876145752,7.009911069129742,-1.8005127858912569,-1,1,-1,1,-14,-13,-14,-13,-20,-14,-23,-16,2.699761390686035
1784751741.4896307,25.811207247803477,0.0,0.12,25.811207247803477,0.0,0,17.809058289701976,-2.641127628813561,17.809058289701976,-2.641127628813561,17.149999618530273,-4.039999961853027,13.420000076293944,-0.4600000083446502,0.659058671171703,1.398872333039466,4.389058213408031,-2.181127620468911,0.230670534910096,0.4896053165638131,1.5361703746928108,-0.7633946671641187,6.187662598683047,-0.98332293661722,7.049412593050414,-1.8201429344754767,-1,1,-1,1,-14,-13,-14,-13,-20,-13,-23,-16,2.71989369392395
1784751741.5097094,25.811207247803477,0.0,0.12,25.811207247803477,0.0,0,17.809058289701976,-2.641127628813561,17.809058289701976,-2.641127628813561,17.149999618530273,-4.039999961853027,13.420000076293944,-0.4600000083446502,0.659058671171703,1.398872333039466,4.389058213408031,-2.181127620468911,0.230670534910096,0.4896053165638131,1.5361703746928108,-0.7633946671641187,6.193594126723592,-0.9707330856198648,7.088914116971087,-1.8397730830596972,-1,1,-1,1,-14,-13,-14,-13,-20,-13,-23,-16,2.7399723529815674
1784751741.5295353,25.811207247803477,0.0,0.12,25.811207247803477,0.0,0,17.809058289701976,-2.641127628813561,17.809058289701976,-2.641127628813561,17.209999084472656,-3.5,14.380000114440918,-0.550000011920929,0.5990592052293202,0.8588723711864388,3.4290581752610585,-2.0911276168926323,0.209670721830262,0.3006053299152535,1.2001703613413703,-0.7318946659124212,6.198985659570655,-0.9630032342791868,7.119775640548436,-1.858593231611731,-1,1,-1,1,-14,-13,-14,-13,-20,-14,-22,-16,2.759798288345337
1784751741.5495503,25.811207247803477,0.0,0.12,25.811207247803477,0.0,0,17.809058289701976,-2.641127628813561,17.809058289701976,-2.641127628813561,17.209999084472656,-3.5,14.380000114440918,-0.550000011920929,0.5990592052293202,0.8588723711864388,3.4290581752610585,-2.0911276168926323,0.209670721830262,0.3006053299152535,1.2001703613413703,-0.7318946659124212,6.204377192417719,-0.9552733829385088,7.1506371641257855,-1.8774133801637647,-1,1,-1,1,-14,-13,-14,-13,-20,-14,-22,-16,2.779813289642334
1784751741.5697508,25.811207247803477,0.0,0.12,25.811207247803477,0.0,0,17.809058289701976,-2.641127628813561,17.809058289701976,-2.641127628813561,17.260000228881836,-2.450000047683716,15.270000457763672,-0.6100000143051147,0.5490580608201405,-0.1911275811298454,2.5390578319383046,-2.0311276145084465,0.1921703212870491,-0.0668946533954458,0.8886702411784065,-0.7108946650779562,6.2093187149651,-0.9569935311686776,7.17348868461323,-1.8956935286943408,-1,1,-1,1,-14,-13,-14,-13,-20,-14,-22,-16,2.800013780593872
1784751741.5895343,25.811207247803477,0.0,0.12,25.811207247803477,0.0,0,17.809058289701976,-2.641127628813561,17.809058289701976,-2.641127628813561,17.260000228881836,-2.450000047683716,15.270000457763672,-0.6100000143051147,0.5490580608201405,-0.1911275811298454,2.5390578319383046,-2.0311276145084465,0.1921703212870491,-0.0668946533954458,0.8886702411784065,-0.7108946650779562,6.214260237512481,-0.9587136793988462,7.196340205100674,-1.9139736772249163,-1,1,-1,1,-14,-13,-14,-13,-20,-14,-22,-16,2.8197972774505615
1784751741.6096497,25.811207247803477,0.0,0.12,25.811207247803477,0.0,0,17.809058289701976,-2.641127628813561,17.809058289701976,-2.641127628813561,17.260000228881836,-2.450000047683716,15.270000457763672,-0.6100000143051147,0.5490580608201405,-0.1911275811298454,2.5390578319383046,-2.0311276145084465,0.1921703212870491,-0.0668946533954458,0.8886702411784065,-0.7108946650779562,6.219201760059862,-0.9604338276290147,7.219191725588119,-1.9322538257554924,-1,1,-1,1,-14,-13,-14,-13,-20,-14,-22,-16,2.8399126529693604
1784751741.6295366,25.811207247803477,0.0,0.12,25.811207247803477,0.0,0,17.809058289701976,-2.641127628813561,17.809058289701976,-2.641127628813561,16.610000610351562,-1.7200000286102295,16.350000381469727,-0.6499999761581421,1.199057679350414,-0.9211276002033316,1.45905790823225,-1.9911276526554191,0.4196701877726448,-0.3223946600711661,0.5106702678812874,-0.6968946784293967,6.229993279174016,-0.9687239760308448,7.232323246762209,-1.9501739746293911,-1,1,-1,1,-14,-13,-14,-13,-21,-14,-22,-16,2.85979962348938
1784751741.6495695,25.811207247803477,0.0,0.12,25.811207247803477,0.0,0,17.809058289701976,-2.641127628813561,17.809058289701976,-2.641127628813561,16.610000610351562,-1.7200000286102295,16.350000381469727,-0.6499999761581421,1.199057679350414,-0.9211276002033316,1.45905790823225,-1.9911276526554191,0.4196701877726448,-0.3223946600711661,0.5106702678812874,-0.6968946784293967,6.2407847982881695,-0.9770141244326748,7.245454767936299,-1.9680941235032896,-1,1,-1,1,-14,-13,-14,-13,-21,-14,-22,-16,2.8798325061798096
1784751741.6697123,25.811207247803477,0.0,0.12,25.811207247803477,0.0,0,17.809058289701976,-2.641127628813561,17.809058289701976,-2.641127628813561,16.829999923706055,-1.2000000476837158,16.200000762939453,-0.6800000071525574,0.9790583659959218,-1.4411275811298454,1.6090575267625231,-1.961127621661004,0.3426704280985726,-0.5043946533954459,0.5631701343668831,-0.6863946675813513,6.249596323582133,-0.9899842726628434,7.259936285677162,-1.9857442720982388,-1,1,-1,1,-14,-13,-14,-13,-21,-14,-22,-16,2.899975299835205
1784751741.6896763,25.811207247803477,0.0,0.12,25.811207247803477,0.0,0,17.809058289701976,-2.641127628813561,17.809058289701976,-2.641127628813561,16.829999923706055,-1.2000000476837158,16.200000762939453,-0.6800000071525574,0.9790583659959218,-1.4411275811298454,1.6090575267625231,-1.961127621661004,0.3426704280985726,-0.5043946533954459,0.5631701343668831,-0.6863946675813513,6.258407848876097,-1.002954420893012,7.274417803418024,-2.003394420693188,-1,1,-1,1,-14,-13,-14,-13,-21,-15,-22,-16,2.9199392795562744
1784751741.7096567,25.811207247803477,0.0,0.12,25.811207247803477,0.0,0,17.809058289701976,-2.641127628813561,17.809058289701976,-2.641127628813561,16.829999923706055,-1.2000000476837158,16.200000762939453,-0.6800000071525574,0.9790583659959218,-1.4411275811298454,1.6090575267625231,-1.961127621661004,0.3426704280985726,-0.5043946533954459,0.5631701343668831,-0.6863946675813513,6.26721937417006,-1.0159245691231804,7.288899321158887,-2.021044569288137,-1,1,-1,1,-14,-13,-14,-13,-21,-15,-22,-16,2.9399197101593018
1784751741.7295532,25.811207247803477,0.0,0.12,25.811207247803477,0.0,0,17.809058289701976,-2.641127628813561,17.809058289701976,-2.641127628813561,16.760000228881836,-1.2899999618530271,16.770000457763672,-0.9300000071525574,1.0490580608201403,-1.351127666960534,1.0390578319383046,-1.711127621661004,0.3671703212870492,-0.4728946834361868,0.3636702411784066,-0.5988946675813513,6.276660896717441,-1.0280847181258252,7.298250841646332,-2.036444717883086,-1,1,-1,1,-14,-13,-14,-13,-21,-15,-22,-16,2.9598162174224854
1784751741.7495196,25.811207247803477,0.0,0.12,25.811207247803477,0.0,0,17.809058289701976,-2.641127628813561,17.809058289701976,-2.641127628813561,16.760000228881836,-1.2899999618530271,16.770000457763672,-0.9300000071525574,1.0490580608201403,-1.351127666960534,1.0390578319383046,-1.711127621661004,0.3671703212870492,-0.4728946834361868,0.3636702411784066,-0.5988946675813513,6.286102419264823,-1.04024486712847,7.307602362133776,-2.0518448664780347,-1,1,-1,1,-14,-13,-14,-13,-21,-15,-22,-16,2.9797825813293457
1784751741.769632,25.811207247803477,0.0,0.12,25.811207247803477,0.0,0,17.809058289701976,-2.641127628813561,17.809058289701976,-2.641127628813561,17.170000076293945,-1.1299999952316284,16.950000762939453,-1.559999942779541,0.6390582134080312,-1.5111276335819328,0.8590575267625233,-1.0811276860340202,0.2236703746928109,-0.5288946717536764,0.3006701343668831,-0.3783946901119071,6.291853943185495,-1.0538450158307076,7.315333879874639,-2.0615750156523407,-1,1,-1,1,-14,-13,-14,-13,-21,-15,-22,-15,2.9998950958251953
1784751741.7896345,25.811207247803477,0.0,0.12,25.811207247803477,0.0,0,17.809058289701976,-2.641127628813561,17.809058289701976,-2.641127628813561,17.170000076293945,-1.1299999952316284,16.950000762939453,-1.559999942779541,0.6390582134080312,-1.5111276335819328,0.8590575267625233,-1.0811276860340202,0.2236703746928109,-0.5288946717536764,0.3006701343668831,-0.3783946901119071,6.297605467106167,-1.067445164532945,7.323065397615501,-2.0713051648266467,-1,1,-1,1,-14,-13,-14,-13,-21,-15,-22,-15,3.0198974609375
1784751741.809608,25.811207247803477,0.0,0.12,25.811207247803477,0.0,0,17.809058289701976,-2.641127628813561,17.809058289701976,-2.641127628813561,17.170000076293945,-1.1299999952316284,16.950000762939453,-1.559999942779541,0.6390582134080312,-1.5111276335819328,0.8590575267625233,-1.0811276860340202,0.2236703746928109,-0.5288946717536764,0.3006701343668831,-0.3783946901119071,6.303356991026839,-1.0810453132351825,7.3307969153563635,-2.0810353140009528,-1,1,-1,1,-14,-13,-14,-13,-21,-15,-22,-15,3.0398709774017334
1784751741.8295574,25.811207247803477,0.0,0.12,25.811207247803477,0.0,0,17.809058289701976,-2.641127628813561,17.809058289701976,-2.641127628813561,17.450000762939453,-1.4700000286102295,17.75,-1.3200000524520874,0.3590575267625233,-1.1711276002033315,0.0590582897019764,-1.3211275763614738,0.1256701343668831,-0.4098946600711661,0.0206704013956917,-0.4623946517265158,6.306588508767702,-1.0915854616370124,7.3313284399636816,-2.092925462188206,-1,1,-1,1,-14,-13,-14,-13,-20,-15,-21,-16,3.0598204135894775
1784751741.8496194,25.811207247803477,0.0,0.12,25.811207247803477,0.0,0,17.809058289701976,-2.641127628813561,17.809058289701976,-2.641127628813561,17.450000762939453,-1.4700000286102295,17.75,-1.3200000524520874,0.3590575267625233,-1.1711276002033315,0.0590582897019764,-1.3211275763614738,0.1256701343668831,-0.4098946600711661,0.0206704013956917,-0.4623946517265158,6.309820026508565,-1.1021256100388424,7.331859964571,-2.1048156103754594,-1,1,-1,1,-14,-13,-14,-13,-20,-15,-21,-16,3.0798823833465576
1784751741.8696804,25.811207247803477,0.0,0.12,25.811207247803477,0.0,0,17.809058289701976,-2.641127628813561,17.809058289701976,-2.641127628813561,17.649999618530273,-1.2599999904632568,17.6299991607666,-2.049999952316284,0.159058671171703,-1.3811276383503044,0.1790591289353749,-0.591127676497277,0.055670534910096,-0.4833946734226065,0.0626706951273812,-0.2068946867740469,6.311251554549111,-1.1145557587839952,7.333471496731418,-2.110135759463935,-1,1,-1,1,-14,-13,-14,-13,-20,-15,-21,-15,3.0999433994293213
1784751741.8895812,25.811207247803477,0.0,0.12,25.811207247803477,0.0,0,17.809058289701976,-2.641127628813561,17.809058289701976,-2.641127628813561,17.649999618530273,-1.2599999904632568,17.6299991607666,-2.049999952316284,0.159058671171703,-1.3811276383503044,0.1790591289353749,-0.591127676497277,0.055670534910096,-0.4833946734226065,0.0626706951273812,-0.2068946867740469,6.312683082589657,-1.126985907529148,7.3350830288918365,-2.1154559085524105,-1,1,-1,1,-14,-13,-14,-13,-20,-15,-21,-15,3.1198441982269287
1784751741.9095356,25.811207247803477,0.0,0.12,25.811207247803477,0.0,0,17.809058289701976,-2.641127628813561,17.809058289701976,-2.641127628813561,17.649999618530273,-1.2599999904632568,17.6299991607666,-2.049999952316284,0.159058671171703,-1.3811276383503044,0.1790591289353749,-0.591127676497277,0.055670534910096,-0.4833946734226065,0.0626706951273812,-0.2068946867740469,6.314114610630202,-1.1394160562743008,7.336694561052255,-2.120776057640886,-1,1,-1,1,-14,-13,-14,-13,-20,-15,-21,-15,3.139798641204834
1784751741.9296246,25.811207247803477,0.0,0.12,25.811207247803477,0.0,0,17.809058289701976,-2.641127628813561,17.809058289701976,-2.641127628813561,17.559999465942383,-0.8799999952316284,18.68000030517578,-2.119999885559082,0.2490588237595936,-1.7611276335819328,-0.8709420154738048,-0.5211277432544792,0.0871705883158577,-0.6163946717536765,-0.3048297054158316,-0.1823947101390677,6.3163561400440384,-1.155266204976538,7.32885608291299,-2.1254662073301764,-1,1,-1,1,-14,-13,-14,-13,-20,-15,-21,-15,3.1598875522613525
1784751741.949543,25.811207247803477,0.0,0.12,25.811207247803477,0.0,0,17.809058289701976,-2.641127628813561,17.809058289701976,-2.641127628813561,17.559999465942383,-0.8799999952316284,18.68000030517578,-2.119999885559082,0.2490588237595936,-1.7611276335819328,-0.8709420154738048,-0.5211277432544792,0.0871705883158577,-0.6163946717536765,-0.3048297054158316,-0.1823947101390677,6.3185976694578745,-1.1711163536787754,7.321017604773726,-2.130156357019467,-1,1,-1,1,-14,-13,-14,-13,-20,-15,-21,-15,3.1798059940338135
1784751741.9696033,25.811207247803477,0.0,0.12,25.811207247803477,0.0,0,17.809058289701976,-2.641127628813561,17.809058289701976,-2.641127628813561,16.3700008392334,-0.6200000047683716,18.51000022888184,-3.069999933242798,1.439057450468578,-2.0211276240451896,-0.7009419391798595,0.4288723044292366,0.5036701076640023,-0.7073946684158163,-0.2453296787129508,0.1501053065502328,6.331549186512092,-1.189306502295182,7.314709127321107,-2.1262965062796035,-1,1,-1,1,-14,-13,-14,-13,-21,-15,-21,-15,3.19986629486084
1784751741.9896429,25.811207247803477,0.0,0.12,25.811207247803477,0.0,0,17.809058289701976,-2.641127628813561,17.809058289701976,-2.641127628813561,16.3700008392334,-0.6200000047683716,18.51000022888184,-3.069999933242798,1.439057450468578,-2.0211276240451896,-0.7009419391798595,0.4288723044292366,0.5036701076640023,-0.7073946684158163,-0.2453296787129508,0.1501053065502328,6.344500703566309,-1.2074966509115888,7.308400649868489,-2.1224366555397403,-1,1,-1,1,-14,-13,-14,-13,-21,-15,-21,-15,3.2199058532714844
1784751742.0095575,25.811207247803477,0.0,0.12,25.811207247803477,0.0,0,17.809058289701976,-2.641127628813561,17.809058289701976,-2.641127628813561,16.3700008392334,-0.6200000047683716,18.51000022888184,-3.069999933242798,1.439057450468578,-2.0211276240451896,-0.7009419391798595,0.4288723044292366,0.5036701076640023,-0.7073946684158163,-0.2453296787129508,0.1501053065502328,6.357452220620527,-1.2256867995279954,7.30209217241587,-2.118576804799877,-1,1,-1,1,-14,-13,-14,-13,-21,-15,-21,-15,3.2398204803466797
1784751742.029548,25.811207247803477,0.0,0.12,25.811207247803477,0.0,0,17.809058289701976,-2.641127628813561,17.809058289701976,-2.641127628813561,16.209999084472656,-0.4300000071525574,19.299999237060547,-3.509999990463257,1.5990592052293202,-2.211127621661004,-1.4909409473585704,0.8688723616496956,0.559670721830262,-0.7738946675813513,-0.5218293315754996,0.3041053265773934,6.371843753467591,-1.2455869481229445,7.288673703889643,-2.11075695354503,-1,1,-1,1,-14,-13,-14,-13,-21,-15,-21,-15,3.2598109245300293
1784751742.0495706,25.811207247803477,0.0,0.12,25.811207247803477,0.0,0,17.809058289701976,-2.641127628813561,17.809058289701976,-2.641127628813561,16.209999084472656,-0.4300000071525574,19.299999237060547,-3.509999990463257,1.5990592052293202,-2.211127621661004,-1.4909409473585704,0.8688723616496956,0.559670721830262,-0.7738946675813513,-0.5218293315754996,0.3041053265773934,6.386235286314655,-1.2654870967178935,7.275255235363415,-2.102937102290183,-1,1,-1,1,-14,-13,-14,-13,-21,-15,-21,-15,3.2798335552215576
1784751742.0698006,25.811207247803477,0.0,0.12,25.811207247803477,0.0,0,17.809058289701976,-2.641127628813561,17.809058289701976,-2.641127628813561,15.420000076293944,-0.3000000119209289,18.71999931335449,-4.039999961853027,2.389058213408031,-2.3411276168926323,-0.9109410236525156,1.398872333039466,0.8361703746928109,-0.8193946659124213,-0.3188293582783805,0.4896053165638131,6.407736810235327,-1.2865572452699272,7.267056766150543,-2.090347251292828,-1,1,-1,1,-14,-13,-14,-13,-21,-15,-21,-15,3.3000636100769043
1784751742.0895872,25.811207247803477,0.0,0.12,25.811207247803477,0.0,0,17.809058289701976,-2.641127628813561,17.809058289701976,-2.641127628813561,15.420000076293944,-0.3000000119209289,18.71999931335449,-4.039999961853027,2.389058213408031,-2.3411276168926323,-0.9109410236525156,1.398872333039466,0.8361703746928109,-0.8193946659124213,-0.3188293582783805,0.4896053165638131,6.429238334155999,-1.307627393821961,7.258858296937671,-2.077757400295473,-1,1,-1,1,-14,-13,-14,-13,-21,-15,-21,-15,3.319850206375122
1784751742.109508,25.811207247803477,0.0,0.12,25.811207247803477,0.0,0,17.809058289701976,-2.641127628813561,17.809058289701976,-2.641127628813561,15.420000076293944,-0.3000000119209289,18.71999931335449,-4.039999961853027,2.389058213408031,-2.3411276168926323,-0.9109410236525156,1.398872333039466,0.8361703746928109,-0.8193946659124213,-0.3188293582783805,0.4896053165638131,6.450739858076671,-1.3286975423739946,7.250659827724799,-2.065167549298118,-1,1,-1,1,-14,-13,-14,-13,-21,-15,-21,-15,3.339771032333374
1784751742.1295214,25.811207247803477,0.0,0.12,25.811207247803477,0.0,0,17.809058289701976,-2.641127628813561,17.809058289701976,-2.641127628813561,15.779999732971191,-0.209999993443489,19.440000534057617,-3.7300000190734863,2.029058556730785,-2.431127635370072,-1.6309422443556407,1.088872390259925,0.7101704948557748,-0.8508946723795252,-0.5708297855244742,0.3811053365909738,6.469001385087248,-1.3505776910923253,7.235981347525598,-2.0553676977857784,-1,1,-1,1,-14,-13,-14,-13,-21,-15,-21,-15,3.3597843647003174
1784751742.1496243,25.811207247803477,0.0,0.12,25.811207247803477,0.0,0,17.809058289701976,-2.641127628813561,17.809058289701976,-2.641127628813561,15.779999732971191,-0.209999993443489,19.440000534057617,-3.7300000190734863,2.029058556730785,-2.431127635370072,-1.6309422443556407,1.088872390259925,0.7101704948557748,-0.8508946723795252,-0.5708297855244742,0.3811053365909738,6.487262912097825,-1.372457839810656,7.221302867326398,-2.045567846273439,-1,1,-1,1,-14,-13,-14,-13,-21,-15,-21,-15,3.379887342453003
1784751742.1696625,25.811207247803477,0.0,0.12,25.811207247803477,0.0,0,17.809058289701976,-2.641127628813561,17.809058289701976,-2.641127628813561,15.119999885559082,-0.1500000059604644,18.81999969482422,-3.5199999809265137,2.6890584041428944,-2.4911276228530967,-1.0109414051222425,0.8788723521129524,0.9411704414500128,-0.8718946679985838,-0.3538294917927848,0.3076053232395333,6.511464437735111,-1.3948779884163338,7.212204394680298,-2.0376579951044222,-1,1,-1,1,-14,-13,-14,-13,-21,-15,-21,-15,3.399925470352173
1784751742.1895092,25.811207247803477,0.0,0.12,25.811207247803477,0.0,0,17.809058289701976,-2.641127628813561,17.809058289701976,-2.641127628813561,15.119999885559082,-0.1500000059604644,18.81999969482422,-3.5199999809265137,2.6890584041428944,-2.4911276228530967,-1.0109414051222425,0.8788723521129524,0.9411704414500128,-0.8718946679985838,-0.3538294917927848,0.3076053232395333,6.535665963372398,-1.4172981370220117,7.203105922034198,-2.029748143935405,-1,1,-1,1,-14,-13,-14,-13,-21,-15,-21,-15,3.419772148132324
1784751742.2099495,25.811207247803477,0.0,0.12,25.811207247803477,0.0,0,17.809058289701976,-2.641127628813561,17.809058289701976,-2.641127628813561,15.119999885559082,-0.1500000059604644,18.81999969482422,-3.5199999809265137,2.6890584041428944,-2.4911276228530967,-1.0109414051222425,0.8788723521129524,0.9411704414500128,-0.8718946679985838,-0.3538294917927848,0.3076053232395333,6.559867489009684,-1.4397182856276896,7.194007449388098,-2.0218382927663887,-1,1,-1,1,-14,-13,-14,-13,-22,-15,-21,-15,3.4402124881744385
1784751742.229728,25.811207247803477,0.0,0.12,25.811207247803477,0.0,0,17.809058289701976,-2.641127628813561,17.809058289701976,-2.641127628813561,15.34000015258789,-0.1000000014901161,18.82999992370605,-3.140000104904175,2.469058137114086,-2.541127627323445,-1.0209416340040782,0.4988724760906136,0.86417034798993,-0.8893946695632057,-0.3573295719014273,0.1746053666317147,6.582089012243711,-1.4625884342736006,7.184818974682061,-2.017348440481573,-1,1,-1,1,-14,-13,-14,-13,-21,-15,-21,-15,3.459990978240967
1784751742.2495651,25.811207247803477,0.0,0.12,25.811207247803477,0.0,0,17.809058289701976,-2.641127628813561,17.809058289701976,-2.641127628813561,15.34000015258789,-0.1000000014901161,18.82999992370605,-3.140000104904175,2.469058137114086,-2.541127627323445,-1.0209416340040782,0.4988724760906136,0.86417034798993,-0.8893946695632057,-0.3573295719014273,0.1746053666317147,6.604310535477738,-1.4854585829195115,7.175630499976024,-2.0128585881967576,-1,1,-1,1,-14,-13,-14,-13,-21,-15,-21,-15,3.479828119277954
1784751742.2695231,25.811207247803477,0.0,0.12,25.811207247803477,0.0,0,17.809058289701976,-2.641127628813561,17.809058289701976,-2.641127628813561,15.9399995803833,-0.3000000119209289,18.6200008392334,-2.880000114440918,1.869058709318676,-2.3411276168926323,-0.810942549531422,0.2388724856273567,0.6541705482615364,-0.8193946659124213,-0.2838298923359976,0.0836053699695748,6.621132063861606,-1.5065287314715454,7.168332017030242,-2.0107087358261118,-1,1,-1,1,-14,-13,-14,-13,-21,-15,-21,-15,3.499786138534546
1784751742.2896996,25.811207247803477,0.0,0.12,25.811207247803477,0.0,0,17.809058289701976,-2.641127628813561,17.809058289701976,-2.641127628813561,15.9399995803833,-0.3000000119209289,18.6200008392334,-2.880000114440918,1.869058709318676,-2.3411276168926323,-0.810942549531422,0.2388724856273567,0.6541705482615364,-0.8193946659124213,-0.2838298923359976,0.0836053699695748,6.637953592245474,-1.5275988800235791,7.161033534084459,-2.008558883455465,-1,1,-1,1,-14,-13,-14,-13,-21,-15,-21,-15,3.5199625492095947
1784751742.3095434,25.811207247803477,0.0,0.12,25.811207247803477,0.0,0,17.809058289701976,-2.641127628813561,17.809058289701976,-2.641127628813561,15.9399995803833,-0.3000000119209289,18.6200008392334,-2.880000114440918,1.869058709318676,-2.3411276168926323,-0.810942549531422,0.2388724856273567,0.6541705482615364,-0.8193946659124213,-0.2838298923359976,0.0836053699695748,6.654775120629343,-1.5486690285756128,7.153735051138677,-2.006409031084819,-1,1,-1,1,-14,-13,-14,-13,-21,-15,-21,-15,3.539806365966797
1784751742.3295245,25.811207247803477,0.0,0.12,25.811207247803477,0.0,0,17.809058289701976,-2.641127628813561,17.809058289701976,-2.641127628813561,16.3700008392334,-0.209999993443489,18.46999931335449,-2.0199999809265137,1.439057450468578,-2.431127635370072,-0.6609410236525157,-0.6211276478870476,0.5036701076640023,-0.8508946723795252,-0.2313293582783805,-0.2173946767604666,6.66772663768356,-1.5705491772939435,7.147786581925804,-2.011999179915802,-1,1,-1,1,-14,-13,-14,-13,-21,-15,-21,-15,3.5597875118255615
1784751742.349633,25.811207247803477,0.0,0.12,25.811207247803477,0.0,0,17.809058289701976,-2.641127628813561,17.809058289701976,-2.641127628813561,16.3700008392334,-0.209999993443489,18.46999931335449,-2.0199999809265137,1.439057450468578,-2.431127635370072,-0.6609410236525157,-0.6211276478870476,0.5036701076640023,-0.8508946723795252,-0.2313293582783805,-0.2173946767604666,6.680678154737778,-1.5924293260122742,7.1418381127129305,-2.017589328746785,-1,1,-1,1,-14,-13,-14,-13,-21,-15,-21,-15,3.5798959732055664
1784751742.3698754,25.811207247803477,0.0,0.12,25.811207247803477,0.0,0,17.809058289701976,-2.641127628813561,17.809058289701976,-2.641127628813561,16.440000534057617,-0.1500000059604644,17.450000762939453,-1.409999966621399,1.3690577556443593,-2.4911276228530967,0.3590575267625233,-1.2311276621921623,0.4791702144755257,-0.8718946679985838,0.1256701343668831,-0.4308946817672567,6.6929996745385765,-1.614849474617952,7.1450696304537935,-2.028669477706515,-1,1,-1,1,-14,-13,-14,-13,-21,-15,-21,-15,3.6001384258270264
1784751742.3895354,25.811207247803477,0.0,0.12,25.811207247803477,0.0,0,17.809058289701976,-2.641127628813561,17.809058289701976,-2.641127628813561,16.440000534057617,-0.1500000059604644,17.450000762939453,-1.409999966621399,1.3690577556443593,-2.4911276228530967,0.3590575267625233,-1.2311276621921623,0.4791702144755257,-0.8718946679985838,0.1256701343668831,-0.4308946817672567,6.705321194339375,-1.63726962322363,7.148301148194657,-2.0397496266662447,-1,1,-1,1,-14,-13,-14,-13,-21,-16,-21,-15,3.619798421859741
1784751742.4095075,25.811207247803477,0.0,0.12,25.811207247803477,0.0,0,17.809058289701976,-2.641127628813561,17.809058289701976,-2.641127628813561,16.440000534057617,-0.1500000059604644,17.450000762939453,-1.409999966621399,1.3690577556443593,-2.4911276228530967,0.3590575267625233,-1.2311276621921623,0.4791702144755257,-0.8718946679985838,0.1256701343668831,-0.4308946817672567,6.717642714140174,-1.6596897718293078,7.15153266593552,-2.0508297756259743,-1,1,-1,1,-14,-13,-14,-13,-21,-16,-21,-15,3.6397705078125
1784751742.4296627,25.811207247803477,0.0,0.12,25.811207247803477,0.0,0,17.809058289701976,-2.641127628813561,17.809058289701976,-2.641127628813561,16.940000534057617,-0.3300000131130218,17.8799991607666,-0.9900000095367432,0.8690577556443593,-2.31112761570054,-0.0709408710646251,-1.651127619276818,0.3041702144755257,-0.8088946654951887,-0.0248293048726187,-0.5778946667468863,6.725464233940974,-1.6804899203706127,7.150894198095938,-2.0656899241994657,-1,1,-1,1,-14,-13,-14,-13,-21,-15,-21,-16,3.659925699234009
1784751742.4495802,25.811207247803477,0.0,0.12,25.811207247803477,0.0,0,17.809058289701976,-2.641127628813561,17.809058289701976,-2.641127628813561,16.940000534057617,-0.3300000131130218,17.8799991607666,-0.9900000095367432,0.8690577556443593,-2.31112761570054,-0.0709408710646251,-1.651127619276818,0.3041702144755257,-0.8088946654951887,-0.0248293048726187,-0.5778946667468863,6.733285753741773,-1.7012900689119177,7.150255730256356,-2.080550072772957,-1,1,-1,1,-14,-13,-14,-13,-21,-16,-21,-16,3.6798431873321533
1784751742.4696202,25.811207247803477,0.0,0.12,25.811207247803477,0.0,0,17.809058289701976,-2.641127628813561,17.809058289701976,-2.641127628813561,17.06999969482422,-0.2300000041723251,17.719999313354492,-1.3700000047683716,0.7390585948777577,-2.411127624641236,0.0890589763474842,-1.2711276240451896,0.2586705082072152,-0.8438946686244326,0.0311706417216194,-0.4448946684158163,6.739937281095673,-1.7229902175336889,7.151057261043484,-2.091990221389364,-1,1,-1,1,-14,-13,-14,-13,-21,-16,-21,-16,3.699883222579956
1784751742.489545,25.811207247803477,0.0,0.12,25.811207247803477,0.0,0,17.809058289701976,-2.641127628813561,17.809058289701976,-2.641127628813561,17.06999969482422,-0.2300000041723251,17.719999313354492,-1.3700000047683716,0.7390585948777577,-2.411127624641236,0.0890589763474842,-1.2711276240451896,0.2586705082072152,-0.8438946686244326,0.0311706417216194,-0.4448946684158163,6.746588808449573,-1.74469036615546,7.151858791830611,-2.1034303700057704,-1,1,-1,1,-14,-13,-14,-13,-21,-16,-21,-16,3.7198081016540527
1784751742.5095515,25.811207247803477,0.0,0.12,25.811207247803477,0.0,0,17.809058289701976,-2.641127628813561,17.809058289701976,-2.641127628813561,17.06999969482422,-0.2300000041723251,17.719999313354492,-1.3700000047683716,0.7390585948777577,-2.411127624641236,0.0890589763474842,-1.2711276240451896,0.2586705082072152,-0.8438946686244326,0.0311706417216194,-0.4448946684158163,6.753240335803473,-1.7663905147772312,7.152660322617738,-2.114870518622177,-1,1,-1,1,-14,-13,-14,-13,-21,-16,-21,-16,3.739814519882202
1784751742.529516,25.811207247803477,0.0,0.12,25.811207247803477,0.0,0,17.809058289701976,-2.641127628813561,17.809058289701976,-2.641127628813561,17.3799991607666,-0.3899999856948852,17.84000015258789,-1.190000057220459,0.4290591289353749,-2.251127643118676,-0.0309418628859141,-1.4511275715931022,0.1501706951273812,-0.7878946750915365,-0.0108296520100699,-0.5078946500575857,6.757101867963892,-1.7866506635652992,7.152381845851765,-2.127930666766515,-1,1,-1,1,-14,-13,-14,-13,-21,-16,-21,-16,3.7597789764404297
1784751742.5495155,25.811207247803477,0.0,0.12,25.811207247803477,0.0,0,17.809058289701976,-2.641127628813561,17.809058289701976,-2.641127628813561,17.3799991607666,-0.3899999856948852,17.84000015258789,-1.190000057220459,0.4290591289353749,-2.251127643118676,-0.0309418628859141,-1.4511275715931022,0.1501706951273812,-0.7878946750915365,-0.0108296520100699,-0.5078946500575857,6.76096340012431,-1.8069108123533677,7.152103369085792,-2.140990814910853,-1,1,-1,1,-14,-13,-14,-13,-21,-16,-21,-16,3.779778480529785
1784751742.5698297,25.811207247803477,0.0,0.12,25.811207247803477,0.0,0,17.809058289701976,-2.641127628813561,17.809058289701976,-2.641127628813561,17.829999923706055,-0.949999988079071,17.700000762939453,-1.059999942779541,-0.0209416340040782,-1.6911276407344902,0.1090575267625233,-1.5811276860340202,-0.0073295719014273,-0.5918946742570715,0.0381701343668831,-0.553394690111907,6.760774925418273,-1.8221309611199776,7.153084886826655,-2.155220964085159,-1,1,-1,1,-14,-13,-14,-13,-21,-15,-21,-16,3.8000926971435547
1784751742.589581,25.811207247803477,0.0,0.12,25.811207247803477,0.0,0,17.809058289701976,-2.641127628813561,17.809058289701976,-2.641127628813561,17.829999923706055,-0.949999988079071,17.700000762939453,-1.059999942779541,-0.0209416340040782,-1.6911276407344902,0.1090575267625233,-1.5811276860340202,-0.0073295719014273,-0.5918946742570715,0.0381701343668831,-0.553394690111907,6.760586450712236,-1.837351109886588,7.1540664045675175,-2.1694511132594654,-1,1,-1,1,-14,-13,-14,-13,-21,-15,-21,-16,3.8198440074920654
1784751742.609517,25.811207247803477,0.0,0.12,25.811207247803477,0.0,0,17.809058289701976,-2.641127628813561,17.809058289701976,-2.641127628813561,17.829999923706055,-0.949999988079071,17.700000762939453,-1.059999942779541,-0.0209416340040782,-1.6911276407344902,0.1090575267625233,-1.5811276860340202,-0.0073295719014273,-0.5918946742570715,0.0381701343668831,-0.553394690111907,6.7603979760062,-1.8525712586531984,7.1550479223083805,-2.183681262433772,-1,1,-1,1,-14,-13,-14,-13,-21,-15,-21,-16,3.83978009223938
1784751742.6295154,25.811207247803477,0.0,0.12,25.811207247803477,0.0,0,17.809058289701976,-2.641127628813561,17.809058289701976,-2.641127628813561,17.90999984741211,-1.340000033378601,17.81999969482422,-1.190000057220459,-0.1009415577101329,-1.30112759543496,-0.0109414051222422,-1.4511275715931022,-0.0353295451985465,-0.455394658402236,-0.0038294917927848,-0.5078946500575857,6.759489501986809,-1.864281407012113,7.15494944966228,-2.1967414105781096,-1,1,-1,1,-14,-13,-14,-13,-21,-15,-21,-16,3.85977840423584
1784751742.6495128,25.811207247803477,0.0,0.12,25.811207247803477,0.0,0,17.809058289701976,-2.641127628813561,17.809058289701976,-2.641127628813561,17.90999984741211,-1.340000033378601,17.81999969482422,-1.190000057220459,-0.1009415577101329,-1.30112759543496,-0.0109414051222422,-1.4511275715931022,-0.0353295451985465,-0.455394658402236,-0.0038294917927848,-0.5078946500575857,6.758581027967418,-1.875991555371028,7.15485097701618,-2.2098015587224475,-1,1,-1,1,-14,-13,-14,-13,-21,-15,-21,-16,3.8797757625579834
1784751742.6695845,25.811207247803477,0.0,0.12,25.811207247803477,0.0,0,17.809058289701976,-2.641127628813561,17.809058289701976,-2.641127628813561,18.649999618530277,-2.299999952316284,18.1299991607666,-2.190000057220459,-0.840941328828297,-0.341127676497277,-0.3209408710646251,-0.4511275715931022,-0.2943294650899039,-0.1193946867740469,-0.1123293048726187,-0.1578946500575857,6.751012556007964,-1.879061704459503,7.151962509176598,-2.2138617068667856,-1,1,-1,1,-14,-13,-14,-13,-20,-15,-21,-15,3.8998475074768066
1784751742.6895206,25.811207247803477,0.0,0.12,25.811207247803477,0.0,0,17.809058289701976,-2.641127628813561,17.809058289701976,-2.641127628813561,18.649999618530277,-2.299999952316284,18.1299991607666,-2.190000057220459,-0.840941328828297,-0.341127676497277,-0.3209408710646251,-0.4511275715931022,-0.2943294650899039,-0.1193946867740469,-0.1123293048726187,-0.1578946500575857,6.743444084048509,-1.8821318535479783,7.149074041337016,-2.217921855011124,-1,1,-1,1,-14,-13,-14,-13,-20,-15,-21,-15,3.919783592224121
1784751742.709524,25.811207247803477,0.0,0.12,25.811207247803477,0.0,0,17.809058289701976,-2.641127628813561,17.809058289701976,-2.641127628813561,18.649999618530277,-2.299999952316284,18.1299991607666,-2.190000057220459,-0.840941328828297,-0.341127676497277,-0.3209408710646251,-0.4511275715931022,-0.2943294650899039,-0.1193946867740469,-0.1123293048726187,-0.1578946500575857,6.735875612089054,-1.885202002636454,7.146185573497434,-2.221982003155462,-1,1,-1,1,-14,-13,-14,-13,-20,-15,-21,-15,3.939786911010742
1784751742.729515,25.811207247803477,0.0,0.12,25.811207247803477,0.0,0,17.809058289701976,-2.641127628813561,17.809058289701976,-2.641127628813561,19.399999618530277,-3.650000095367432,18.57999992370605,-3.119999885559082,-1.590941328828297,1.0088724665538704,-0.7709416340040782,0.4788722567455208,-0.5568294650899039,0.3531053632938546,-0.2698295719014273,0.1676052898609322,6.721557140129599,-1.8761221504374688,7.139247098791397,-2.2176721528447523,-1,1,-1,1,-14,-13,-14,-13,-20,-15,-21,-15,3.959778070449829
1784751742.7495146,25.811207247803477,0.0,0.12,25.811207247803477,0.0,0,17.809058289701976,-2.641127628813561,17.809058289701976,-2.641127628813561,19.399999618530277,-3.650000095367432,18.57999992370605,-3.119999885559082,-1.590941328828297,1.0088724665538704,-0.7709416340040782,0.4788722567455208,-0.5568294650899039,0.3531053632938546,-0.2698295719014273,0.1676052898609322,6.707238668170144,-1.8670422982384844,7.13230862408536,-2.2133623025340428,-1,1,-1,1,-14,-13,-14,-13,-20,-15,-21,-15,3.9797775745391846
1784751742.7696695,25.811207247803477,0.0,0.12,25.811207247803477,0.0,0,17.809058289701976,-2.641127628813561,17.809058289701976,-2.641127628813561,20.13999938964844,-4.360000133514404,18.670000076293945,-2.859999895095825,-2.330941099946461,1.718872504700843,-0.8609417865919688,0.2188722662822639,-0.8158293849812613,0.601605376645295,-0.3013296253071891,0.0766052931987923,6.6862601982706265,-1.8515724456961768,7.124560148006033,-2.2113924521375026,-1,1,-1,1,-14,-13,-14,-13,-20,-14,-21,-15,3.9999325275421143
1784751742.7895277,25.811207247803477,0.0,0.12,25.811207247803477,0.0,0,17.809058289701976,-2.641127628813561,17.809058289701976,-2.641127628813561,20.13999938964844,-4.360000133514404,18.670000076293945,-2.859999895095825,-2.330941099946461,1.718872504700843,-0.8609417865919688,0.2188722662822639,-0.8158293849812613,0.601605376645295,-0.3013296253071891,0.0766052931987923,6.6652817283711085,-1.8361025931538693,7.116811671926706,-2.2094226017409624,-1,1,-1,1,-14,-13,-14,-13,-20,-14,-21,-15,4.0197906494140625
1784751742.809567,25.811207247803477,0.0,0.12,25.811207247803477,0.0,0,17.809058289701976,-2.641127628813561,17.809058289701976,-2.641127628813561,20.13999938964844,-4.360000133514404,18.670000076293945,-2.859999895095825,-2.330941099946461,1.718872504700843,-0.8609417865919688,0.2188722662822639,-0.8158293849812613,0.601605376645295,-0.3013296253071891,0.0766052931987923,6.644303258471591,-1.8206327406115617,7.109063195847378,-2.207452751344422,-1,1,-1,1,-14,-13,-14,-13,-20,-14,-21,-15,4.039829969406128
1784751742.829521,25.811207247803477,0.0,0.12,25.811207247803477,0.0,0,17.809058289701976,-2.641127628813561,17.809058289701976,-2.641127628813561,20.88999938964844,-4.639999866485596,18.270000457763672,-2.680000066757202,-3.080941099946461,1.9988722376720345,-0.4609421680616954,0.0388724379436409,-1.0783293849812612,0.699605283185212,-0.1613297588215934,0.0136053532802743,6.6165747885720725,-1.8026428904725131,7.104914716334823,-2.2071028994029294,-1,1,-1,1,-14,-13,-14,-13,-20,-14,-21,-15,4.059783935546875
1784751742.8495133,25.811207247803477,0.0,0.12,25.811207247803477,0.0,0,17.809058289701976,-2.641127628813561,17.809058289701976,-2.641127628813561,20.88999938964844,-4.639999866485596,18.270000457763672,-2.680000066757202,-3.080941099946461,1.9988722376720345,-0.4609421680616954,0.0388724379436409,-1.0783293849812612,0.699605283185212,-0.1613297588215934,0.0136053532802743,6.588846318672554,-1.784653040333465,7.100766236822269,-2.2067530474614365,-1,1,-1,1,-14,-13,-14,-13,-20,-14,-21,-15,4.079776287078857
1784751742.8695548,25.811207247803477,0.0,0.12,25.811207247803477,0.0,0,17.809058289701976,-2.641127628813561,17.809058289701976,-2.641127628813561,20.739999771118164,-3.470000028610229,18.68000030517578,-2.0999999046325684,-2.930941481416188,0.8288723997966683,-0.8709420154738048,-0.5411277241809929,-1.0258295184956656,0.2901053399288338,-0.3048297054158316,-0.1893947034633475,6.562467845339809,-1.777193188735295,7.092927758683004,-2.2116231969790654,-1,1,-1,1,-14,-13,-14,-13,-20,-14,-21,-15,4.099817752838135
1784751742.8894994,25.811207247803477,0.0,0.12,25.811207247803477,0.0,0,17.809058289701976,-2.641127628813561,17.809058289701976,-2.641127628813561,20.739999771118164,-3.470000028610229,18.68000030517578,-2.0999999046325684,-2.930941481416188,0.8288723997966683,-0.8709420154738048,-0.5411277241809929,-1.0258295184956656,0.2901053399288338,-0.3048297054158316,-0.1893947034633475,6.536089372007063,-1.7697333371371249,7.085089280543739,-2.2164933464966943,-1,1,-1,1,-14,-13,-14,-13,-20,-14,-21,-15,4.119762420654297
1784751742.9095058,25.811207247803477,0.0,0.12,25.811207247803477,0.0,0,17.809058289701976,-2.641127628813561,17.809058289701976,-2.641127628813561,20.739999771118164,-3.470000028610229,18.68000030517578,-2.0999999046325684,-2.930941481416188,0.8288723997966683,-0.8709420154738048,-0.5411277241809929,-1.0258295184956656,0.2901053399288338,-0.3048297054158316,-0.1893947034633475,6.509710898674317,-1.7622734855389548,7.077250802404475,-2.221363496014323,-1,1,-1,1,-14,-13,-14,-13,-19,-14,-21,-15,4.139768838882446
1784751742.9295137,25.811207247803477,0.0,0.12,25.811207247803477,0.0,0,17.809058289701976,-2.641127628813561,17.809058289701976,-2.641127628813561,20.6299991607666,-2.430000066757202,17.829999923706055,-1.4700000286102295,-2.820940871064625,-0.211127562056359,-0.0209416340040782,-1.1711276002033315,-0.9873293048726188,-0.0738946467197256,-0.0073295719014273,-0.4098946600711661,6.484322430834736,-1.764173633597462,7.077062327698438,-2.2319036444161533,-1,1,-1,1,-14,-13,-14,-13,-19,-15,-21,-16,4.15977668762207
1784751742.949504,25.811207247803477,0.0,0.12,25.811207247803477,0.0,0,17.809058289701976,-2.641127628813561,17.809058289701976,-2.641127628813561,20.6299991607666,-2.430000066757202,17.829999923706055,-1.4700000286102295,-2.820940871064625,-0.211127562056359,-0.0209416340040782,-1.1711276002033315,-0.9873293048726188,-0.0738946467197256,-0.0073295719014273,-0.4098946600711661,6.458933962995154,-1.7660737816559693,7.076873852992401,-2.2424437928179835,-1,1,-1,1,-14,-13,-14,-13,-19,-15,-21,-16,4.179766893386841
1784751742.9695668,25.811207247803477,0.0,0.12,25.811207247803477,0.0,0,17.809058289701976,-2.641127628813561,17.809058289701976,-2.641127628813561,19.8700008392334,-1.9299999475479128,18.81999969482422,-1.0299999713897705,-2.060942549531422,-0.7111276812656486,-1.0109414051222425,-1.6111276574237907,-0.7213298923359976,-0.248894688442977,-0.3538294917927848,-0.5638946800983267,6.440385480049371,-1.77247393078736,7.067775380346301,-2.2569439417347974,-1,1,-1,1,-14,-13,-14,-13,-20,-15,-21,-16,4.199829816818237
1784751742.9895232,25.811207247803477,0.0,0.12,25.811207247803477,0.0,0,17.809058289701976,-2.641127628813561,17.809058289701976,-2.641127628813561,19.8700008392334,-1.9299999475479128,18.81999969482422,-1.0299999713897705,-2.060942549531422,-0.7111276812656486,-1.0109414051222425,-1.6111276574237907,-0.7213298923359976,-0.248894688442977,-0.3538294917927848,-0.5638946800983267,6.421836997103588,-1.7788740799187508,7.058676907700201,-2.271444090651612,-1,1,-1,1,-14,-13,-14,-13,-20,-15,-21,-16,4.219786167144775
1784751743.0095053,25.811207247803477,0.0,0.12,25.811207247803477,0.0,0,17.809058289701976,-2.641127628813561,17.809058289701976,-2.641127628813561,19.8700008392334,-1.9299999475479128,18.81999969482422,-1.0299999713897705,-2.060942549531422,-0.7111276812656486,-1.0109414051222425,-1.6111276574237907,-0.7213298923359976,-0.248894688442977,-0.3538294917927848,-0.5638946800983267,6.403288514157805,-1.7852742290501415,7.0495784350541015,-2.2859442395684253,-1,1,-1,1,-14,-13,-14,-13,-20,-15,-21,-16,4.2397682666778564
1784751743.029558,25.811207247803477,0.0,0.12,25.811207247803477,0.0,0,17.809058289701976,-2.641127628813561,17.809058289701976,-2.641127628813561,19.56999969482422,-1.350000023841858,18.82999992370605,-1.6299999952316284,-1.7609414051222425,-1.291127604971703,-1.0209416340040782,-1.0111276335819328,-0.6163294917927847,-0.4518946617400961,-0.3573295719014273,-0.3538946717536764,6.387440041511705,-1.796894377494887,7.040389960348064,-2.2950443882706626,-1,1,-1,1,-14,-13,-14,-13,-20,-15,-21,-16,4.259820938110352
1784751743.049503,25.811207247803477,0.0,0.12,25.811207247803477,0.0,0,17.809058289701976,-2.641127628813561,17.809058289701976,-2.641127628813561,19.56999969482422,-1.350000023841858,18.82999992370605,-1.6299999952316284,-1.7609414051222425,-1.291127604971703,-1.0209416340040782,-1.0111276335819328,-0.6163294917927847,-0.4518946617400961,-0.3573295719014273,-0.3538946717536764,6.371591568865605,-1.808514525939632,7.031201485642027,-2.3041445369729,-1,1,-1,1,-14,-13,-14,-13,-20,-15,-21,-16,4.279766082763672
1784751743.0695815,25.811207247803477,0.0,0.12,25.811207247803477,0.0,0,17.809058289701976,-2.641127628813561,17.809058289701976,-2.641127628813561,19.1299991607666,-0.949999988079071,19.520000457763672,-1.3700000047683716,-1.320940871064625,-1.6911276407344902,-1.7109421680616954,-1.2711276240451896,-0.4623293048726187,-0.5918946742570715,-0.5988297588215934,-0.4448946684158163,6.359703101026024,-1.8237346747062424,7.015803006129472,-2.3155846855893065,-1,1,-1,1,-14,-13,-14,-13,-20,-15,-20,-16,4.29984450340271
1784751743.0895178,25.811207247803477,0.0,0.12,25.811207247803477,0.0,0,17.809058289701976,-2.641127628813561,17.809058289701976,-2.641127628813561,19.1299991607666,-0.949999988079071,19.520000457763672,-1.3700000047683716,-1.320940871064625,-1.6911276407344902,-1.7109421680616954,-1.2711276240451896,-0.4623293048726187,-0.5918946742570715,-0.5988297588215934,-0.4448946684158163,6.3478146331864425,-1.838954823472853,7.000404526616917,-2.327024834205713,-1,1,-1,1,-14,-13,-14,-13,-20,-15,-20,-16,4.3197808265686035
1784751743.1095247,25.811207247803477,0.0,0.12,25.811207247803477,0.0,0,17.809058289701976,-2.641127628813561,17.809058289701976,-2.641127628813561,19.1299991607666,-0.949999988079071,19.520000457763672,-1.3700000047683716,-1.320940871064625,-1.6911276407344902,-1.7109421680616954,-1.2711276240451896,-0.4623293048726187,-0.5918946742570715,-0.5988297588215934,-0.4448946684158163,6.335926165346861,-1.8541749722394636,6.985006047104362,-2.33846498282212,-1,1,-1,1,-14,-13,-14,-13,-20,-15,-20,-16,4.339787721633911
1784751743.1295488,25.811207247803477,0.0,0.12,25.811207247803477,0.0,0,17.809058289701976,-2.641127628813561,17.809058289701976,-2.641127628813561,19.280000686645508,-0.6600000262260437,18.8700008392334,-0.959999978542328,-1.4709423969435311,-1.9811276025875173,-1.060942549531422,-1.6811276502712331,-0.5148298389302359,-0.6933946609056311,-0.3713298923359976,-0.5883946775949316,6.32268768377437,-1.872005120662751,6.975457564158579,-2.353595131674561,-1,1,-1,1,-14,-13,-14,-13,-20,-16,-21,-16,4.359811782836914
1784751743.1495008,25.811207247803477,0.0,0.12,25.811207247803477,0.0,0,17.809058289701976,-2.641127628813561,17.809058289701976,-2.641127628813561,19.280000686645508,-0.6600000262260437,18.8700008392334,-0.959999978542328,-1.4709423969435311,-1.9811276025875173,-1.060942549531422,-1.6811276502712331,-0.5148298389302359,-0.6933946609056311,-0.3713298923359976,-0.5883946775949316,6.309449202201878,-1.8898352690860387,6.965909081212796,-2.368725280527002,-1,1,-1,1,-14,-13,-14,-13,-20,-16,-21,-16,4.379763841629028
1784751743.169572,25.811207247803477,0.0,0.12,25.811207247803477,0.0,0,17.809058289701976,-2.641127628813561,17.809058289701976,-2.641127628813561,19.3799991607666,-1.1399999856948853,19.32999992370605,-1.1200000047683716,-1.570940871064625,-1.501127643118676,-1.5209416340040782,-1.5211276240451896,-0.5498293048726187,-0.5253946750915366,-0.5323295719014274,-0.5323946684158163,6.295310734362297,-1.9033454178741067,6.95222060650676,-2.3824154291434088,-1,1,-1,1,-14,-13,-14,-13,-20,-15,-20,-16,4.399835109710693
1784751743.189524,25.811207247803477,0.0,0.12,25.811207247803477,0.0,0,17.809058289701976,-2.641127628813561,17.809058289701976,-2.641127628813561,19.3799991607666,-1.1399999856948853,19.32999992370605,-1.1200000047683716,-1.570940871064625,-1.501127643118676,-1.5209416340040782,-1.5211276240451896,-0.5498293048726187,-0.5253946750915366,-0.5323295719014274,-0.5323946684158163,6.281172266522716,-1.9168555666621747,6.938532131800724,-2.3961055777598155,-1,1,-1,1,-14,-13,-14,-13,-20,-15,-20,-16,4.4197869300842285
1784751743.2095373,25.811207247803477,0.0,0.12,25.811207247803477,0.0,0,17.809058289701976,-2.641127628813561,17.809058289701976,-2.641127628813561,19.3799991607666,-1.1399999856948853,19.32999992370605,-1.1200000047683716,-1.570940871064625,-1.501127643118676,-1.5209416340040782,-1.5211276240451896,-0.5498293048726187,-0.5253946750915366,-0.5323295719014274,-0.5323946684158163,6.267033798683134,-1.9303657154502427,6.924843657094687,-2.409795726376222,-1,1,-1,1,-14,-13,-14,-13,-20,-15,-20,-16,4.439800262451172
1784751743.2295086,25.811207247803477,0.0,0.12,25.811207247803477,0.0,0,17.809058289701976,-2.641127628813561,17.809058289701976,-2.641127628813561,19.229999542236328,-0.800000011920929,19.8700008392334,-1.690000057220459,-1.4209412525343517,-1.8411276168926325,-2.060942549531422,-0.9511275715931022,-0.497329438387023,-0.6443946659124212,-0.7213298923359976,-0.3328946500575858,6.254245327410326,-1.9469358640022765,6.906295174148904,-2.41835587452056,-1,1,-1,1,-14,-13,-14,-13,-20,-16,-20,-16,4.459771633148193
1784751743.249623,25.811207247803477,0.0,0.12,25.811207247803477,0.0,0,17.809058289701976,-2.641127628813561,17.809058289701976,-2.641127628813561,19.229999542236328,-0.800000011920929,19.8700008392334,-1.690000057220459,-1.4209412525343517,-1.8411276168926325,-2.060942549531422,-0.9511275715931022,-0.497329438387023,-0.6443946659124212,-0.7213298923359976,-0.3328946500575858,6.241456856137517,-1.9635060125543105,6.887746691203121,-2.426916022664898,-1,1,-1,1,-14,-13,-14,-13,-20,-16,-20,-16,4.479886054992676
1784751743.2697172,25.811207247803477,0.0,0.12,25.811207247803477,0.0,0,17.809058289701976,-2.641127628813561,17.809058289701976,-2.641127628813561,18.670000076293945,-0.7900000214576721,19.34000015258789,-1.1799999475479126,-0.8609417865919688,-1.851127607355889,-1.5309418628859142,-1.4611276812656486,-0.3013296253071891,-0.6478946625745612,-0.5358296520100699,-0.511394688442977,6.233708380058189,-1.9801661610205128,6.873968214437148,-2.4400661717962886,-1,1,-1,1,-14,-13,-14,-13,-20,-16,-20,-16,4.499980211257935
1784751743.2895286,25.811207247803477,0.0,0.12,25.811207247803477,0.0,0,17.809058289701976,-2.641127628813561,17.809058289701976,-2.641127628813561,18.670000076293945,-0.7900000214576721,19.34000015258789,-1.1799999475479126,-0.8609417865919688,-1.851127607355889,-1.5309418628859142,-1.4611276812656486,-0.3013296253071891,-0.6478946625745612,-0.5358296520100699,-0.511394688442977,6.225959903978862,-1.996826309486716,6.860189737671174,-2.4532163209276794,-1,1,-1,1,-14,-13,-14,-13,-20,-16,-20,-16,4.519791603088379
1784751743.3095026,25.811207247803477,0.0,0.12,25.811207247803477,0.0,0,17.809058289701976,-2.641127628813561,17.809058289701976,-2.641127628813561,18.670000076293945,-0.7900000214576721,19.34000015258789,-1.1799999475479126,-0.8609417865919688,-1.851127607355889,-1.5309418628859142,-1.4611276812656486,-0.3013296253071891,-0.6478946625745612,-0.5358296520100699,-0.511394688442977,6.218211427899535,-2.013486457952919,6.8464112609052,-2.46636647005907,-1,1,-1,1,-14,-13,-14,-13,-20,-16,-20,-16,4.5397655963897705
1784751743.3295436,25.811207247803477,0.0,0.12,25.811207247803477,0.0,0,17.809058289701976,-2.641127628813561,17.809058289701976,-2.641127628813561,18.950000762939453,-0.7799999713897705,18.75,-0.8299999833106995,-1.1409424732374769,-1.8611276574237907,-0.9409417102980236,-1.8111276455028615,-0.3993298656331168,-0.6513946800983267,-0.3293295986043082,-0.6338946759260016,6.207942945640397,-2.030236606869733,6.837942785512518,-2.482666618868596,-1,1,-1,1,-14,-13,-14,-13,-20,-16,-21,-16,4.55980658531189
1784751743.3495364,25.811207247803477,0.0,0.12,25.811207247803477,0.0,0,17.809058289701976,-2.641127628813561,17.809058289701976,-2.641127628813561,18.950000762939453,-0.7799999713897705,18.75,-0.8299999833106995,-1.1409424732374769,-1.8611276574237907,-0.9409417102980236,-1.8111276455028615,-0.3993298656331168,-0.6513946800983267,-0.3293295986043082,-0.6338946759260016,6.19767446338126,-2.046986755786547,6.829474310119836,-2.4989667676781218,-1,1,-1,1,-14,-13,-14,-13,-20,-16,-21,-16,4.57979941368103
1784751743.3697178,25.811207247803477,0.0,0.12,25.811207247803477,0.0,0,17.809058289701976,-2.641127628813561,17.809058289701976,-2.641127628813561,18.700000762939453,-0.5400000214576721,18.559999465942383,-1.2599999904632568,-0.8909424732374767,-2.101127607355889,-0.7509411762404063,-1.3811276383503044,-0.3118298656331168,-0.7353946625745611,-0.2628294116841422,-0.4833946734226065,6.189655981122122,-2.06589690425275,6.822715839533672,-2.5113969164232746,-1,1,-1,1,-14,-13,-14,-13,-20,-16,-21,-16,4.59998083114624
1784751743.3895392,25.811207247803477,0.0,0.12,25.811207247803477,0.0,0,17.809058289701976,-2.641127628813561,17.809058289701976,-2.641127628813561,18.700000762939453,-0.5400000214576721,18.559999465942383,-1.2599999904632568,-0.8909424732374767,-2.101127607355889,-0.7509411762404063,-1.3811276383503044,-0.3118298656331168,-0.7353946625745611,-0.2628294116841422,-0.4833946734226065,6.181637498862985,-2.084807052718953,6.815957368947509,-2.523827065168428,-1,1,-1,1,-14,-13,-14,-13,-20,-16,-21,-16,4.619802236557007
1784751743.4095347,25.811207247803477,0.0,0.12,25.811207247803477,0.0,0,17.809058289701976,-2.641127628813561,17.809058289701976,-2.641127628813561,18.700000762939453,-0.5400000214576721,18.559999465942383,-1.2599999904632568,-0.8909424732374767,-2.101127607355889,-0.7509411762404063,-1.3811276383503044,-0.3118298656331168,-0.7353946625745611,-0.2628294116841422,-0.4833946734226065,6.173619016603848,-2.103717201185156,6.809198898361346,-2.53625721391358,-1,1,-1,1,-14,-13,-14,-13,-20,-16,-21,-16,4.639797687530518
1784751743.4295082,25.811207247803477,0.0,0.12,25.811207247803477,0.0,0,17.809058289701976,-2.641127628813561,17.809058289701976,-2.641127628813561,18.299999237060547,-0.6100000143051147,18.420000076293945,-1.3300000429153442,-0.4909409473585704,-2.0311276145084465,-0.6109417865919688,-1.311127585898217,-0.1718293315754996,-0.7108946650779562,-0.213829625307189,-0.4588946550643759,6.169200548077621,-2.121997349715732,6.803700422282018,-2.548057362186664,-1,1,-1,1,-14,-13,-14,-13,-20,-16,-21,-16,4.659771203994751
1784751743.449526,25.811207247803477,0.0,0.12,25.811207247803477,0.0,0,17.809058289701976,-2.641127628813561,17.809058289701976,-2.641127628813561,18.299999237060547,-0.6100000143051147,18.420000076293945,-1.3300000429153442,-0.4909409473585704,-2.0311276145084465,-0.6109417865919688,-1.311127585898217,-0.1718293315754996,-0.7108946650779562,-0.213829625307189,-0.4588946550643759,6.164782079551394,-2.140277498246308,6.798201946202691,-2.5598575104597483,-1,1,-1,1,-14,-13,-14,-13,-20,-16,-21,-16,4.679789066314697
1784751743.469716,25.811207247803477,0.0,0.12,25.811207247803477,0.0,0,17.809058289701976,-2.641127628813561,17.809058289701976,-2.641127628813561,17.559999465942383,-0.6499999761581421,18.32999992370605,-0.9300000071525574,0.2490588237595936,-1.9911276526554191,-0.5209416340040782,-1.711127621661004,0.0871705883158577,-0.6968946784293967,-0.1823295719014273,-0.5988946675813513,6.16702360896523,-2.1581976471202067,6.793513471496654,-2.575257659054697,-1,1,-1,1,-14,-13,-14,-13,-20,-16,-21,-16,4.699979066848755
1784751743.4895265,25.811207247803477,0.0,0.12,25.811207247803477,0.0,0,17.809058289701976,-2.641127628813561,17.809058289701976,-2.641127628813561,17.559999465942383,-0.6499999761581421,18.32999992370605,-0.9300000071525574,0.2490588237595936,-1.9911276526554191,-0.5209416340040782,-1.711127621661004,0.0871705883158577,-0.6968946784293967,-0.1823295719014273,-0.5988946675813513,6.169265138379066,-2.1761177959941054,6.788824996790617,-2.590657807649646,-1,1,-1,1,-14,-13,-14,-13,-20,-16,-21,-16,4.719789505004883
1784751743.5095315,25.811207247803477,0.0,0.12,25.811207247803477,0.0,0,17.809058289701976,-2.641127628813561,17.809058289701976,-2.641127628813561,17.559999465942383,-0.6499999761581421,18.32999992370605,-0.9300000071525574,0.2490588237595936,-1.9911276526554191,-0.5209416340040782,-1.711127621661004,0.0871705883158577,-0.6968946784293967,-0.1823295719014273,-0.5988946675813513,6.171506667792902,-2.194037944868004,6.78413652208458,-2.606057956244595,-1,1,-1,1,-14,-13,-14,-13,-20,-16,-21,-16,4.739794492721558
1784751743.5295122,25.811207247803477,0.0,0.12,25.811207247803477,0.0,0,17.809058289701976,-2.641127628813561,17.809058289701976,-2.641127628813561,17.959999084472656,-0.6800000071525574,17.360000610351562,-0.6499999761581421,-0.1509407947706798,-1.961127621661004,0.4490576793504139,-1.9911276526554191,-0.0528292781697379,-0.6863946675813513,0.1571701877726448,-0.6968946784293967,6.170148200639965,-2.211688093462953,6.788178041198734,-2.6239781051184936,-1,1,-1,1,-14,-13,-14,-13,-20,-16,-21,-16,4.759775161743164
1784751743.5495288,25.811207247803477,0.0,0.12,25.811207247803477,0.0,0,17.809058289701976,-2.641127628813561,17.809058289701976,-2.641127628813561,17.959999084472656,-0.6800000071525574,17.360000610351562,-0.6499999761581421,-0.1509407947706798,-1.961127621661004,0.4490576793504139,-1.9911276526554191,-0.0528292781697379,-0.6863946675813513,0.1571701877726448,-0.6968946784293967,6.168789733487029,-2.229338242057902,6.792219560312887,-2.6418982539923923,-1,1,-1,1,-14,-13,-14,-13,-20,-16,-21,-16,4.779791831970215
1784751743.5696664,25.811207247803477,0.0,0.12,25.811207247803477,0.0,0,17.809058289701976,-2.641127628813561,17.809058289701976,-2.641127628813561,17.780000686645508,-0.9300000071525574,17.809999465942383,-0.6800000071525574,0.0290576030564686,-1.711127621661004,-0.0009411762404063,-1.961127621661004,0.010170161069764,-0.5988946675813513,-0.0003294116841422,-0.6863946675813513,6.169051251914537,-2.244738390652851,6.792211089726723,-2.6595484025873413,-1,1,-1,1,-14,-13,-14,-13,-20,-16,-21,-16,4.79992938041687
1784751743.5895305,25.811207247803477,0.0,0.12,25.811207247803477,0.0,0,17.809058289701976,-2.641127628813561,17.809058289701976,-2.641127628813561,17.780000686645508,-0.9300000071525574,17.809999465942383,-0.6800000071525574,0.0290576030564686,-1.711127621661004,-0.0009411762404063,-1.961127621661004,0.010170161069764,-0.5988946675813513,-0.0003294116841422,-0.6863946675813513,6.169312770342045,-2.2601385392478,6.792202619140559,-2.67719855118229,-1,1,-1,1,-14,-13,-14,-13,-20,-16,-21,-16,4.819793462753296
1784751743.6095276,25.811207247803477,0.0,0.12,25.811207247803477,0.0,0,17.809058289701976,-2.641127628813561,17.809058289701976,-2.641127628813561,17.780000686645508,-0.9300000071525574,17.809999465942383,-0.6800000071525574,0.0290576030564686,-1.711127621661004,-0.0009411762404063,-1.961127621661004,0.010170161069764,-0.5988946675813513,-0.0003294116841422,-0.6863946675813513,6.169574288769553,-2.2755386878427486,6.792194148554395,-2.694848699777239,-1,1,-1,1,-14,-13,-14,-13,-20,-16,-21,-16,4.83979058265686
1784751743.6295185,25.811207247803477,0.0,0.12,25.811207247803477,0.0,0,17.809058289701976,-2.641127628813561,17.809058289701976,-2.641127628813561,18.559999465942383,-1.100000023841858,17.68000030517578,-0.4799999892711639,-0.7509411762404063,-1.541127604971703,0.1290579845261952,-2.1611276395423973,-0.2628294116841422,-0.5393946617400961,0.0451702945841683,-0.756394673839839,6.16281581818339,-2.289408836287494,6.7933556704151306,-2.7142988485331205,-1,1,-1,1,-14,-13,-14,-13,-20,-16,-21,-16,4.859781503677368
1784751743.6495278,25.811207247803477,0.0,0.12,25.811207247803477,0.0,0,17.809058289701976,-2.641127628813561,17.809058289701976,-2.641127628813561,18.559999465942383,-1.100000023841858,17.68000030517578,-0.4799999892711639,-0.7509411762404063,-1.541127604971703,0.1290579845261952,-2.1611276395423973,-0.2628294116841422,-0.5393946617400961,0.0451702945841683,-0.756394673839839,6.156057347597226,-2.303278984732239,6.794517192275866,-2.733748997289002,-1,1,-1,1,-14,-13,-14,-13,-20,-16,-21,-16,4.879790782928467
1784751743.6697302,25.811207247803477,0.0,0.12,25.811207247803477,0.0,0,17.809058289701976,-2.641127628813561,17.809058289701976,-2.641127628813561,19.32999992370605,-1.4500000476837158,18.030000686645508,-0.3400000035762787,-1.5209416340040782,-1.1911275811298454,-0.2209423969435313,-2.3011276252372825,-0.5323295719014274,-0.4168946533954458,-0.0773298389302359,-0.8053946688330489,6.14236887289119,-2.313999132962408,6.792528710703374,-2.7544591459161376,-1,1,-1,1,-14,-13,-14,-13,-20,-16,-21,-17,4.899993181228638
1784751743.6895294,25.811207247803477,0.0,0.12,25.811207247803477,0.0,0,17.809058289701976,-2.641127628813561,17.809058289701976,-2.641127628813561,19.32999992370605,-1.4500000476837158,18.030000686645508,-0.3400000035762787,-1.5209416340040782,-1.1911275811298454,-0.2209423969435313,-2.3011276252372825,-0.5323295719014274,-0.4168946533954458,-0.0773298389302359,-0.8053946688330489,6.128680398185153,-2.3247192811925763,6.790540229130882,-2.7751692945432733,-1,1,-1,1,-14,-13,-14,-13,-20,-16,-21,-17,4.919792413711548
1784751743.7095172,25.811207247803477,0.0,0.12,25.811207247803477,0.0,0,17.809058289701976,-2.641127628813561,17.809058289701976,-2.641127628813561,19.32999992370605,-1.4500000476837158,18.030000686645508,-0.3400000035762787,-1.5209416340040782,-1.1911275811298454,-0.2209423969435313,-2.3011276252372825,-0.5323295719014274,-0.4168946533954458,-0.0773298389302359,-0.8053946688330489,6.114991923479117,-2.335439429422745,6.78855174755839,-2.795879443170409,-1,1,-1,1,-14,-13,-14,-13,-20,-16,-21,-17,4.939780235290527
1784751743.7295115,25.811207247803477,0.0,0.12,25.811207247803477,0.0,0,17.809058289701976,-2.641127628813561,17.809058289701976,-2.641127628813561,19.420000076293945,-1.919999957084656,17.3799991607666,-0.2300000041723251,-1.6109417865919688,-0.7211276717289055,0.4290591289353749,-2.411127624641236,-0.563829625307189,-0.2523946851051169,0.1501706951273812,-0.8438946686244326,6.100493447399789,-2.341929578468305,6.792413279718809,-2.81757959179218,-1,1,-1,1,-14,-13,-14,-13,-20,-16,-21,-17,4.959774494171143
1784751743.749518,25.811207247803477,0.0,0.12,25.811207247803477,0.0,0,17.809058289701976,-2.641127628813561,17.809058289701976,-2.641127628813561,19.420000076293945,-1.919999957084656,17.3799991607666,-0.2300000041723251,-1.6109417865919688,-0.7211276717289055,0.4290591289353749,-2.411127624641236,-0.563829625307189,-0.2523946851051169,0.1501706951273812,-0.8438946686244326,6.085994971320462,-2.3484197275138654,6.796274811879227,-2.839279740413951,-1,1,-1,1,-14,-13,-14,-13,-20,-16,-21,-17,4.979780912399292
1784751743.7695856,25.811207247803477,0.0,0.12,25.811207247803477,0.0,0,17.809058289701976,-2.641127628813561,17.809058289701976,-2.641127628813561,19.479999542236328,-2.25,17.829999923706055,-0.3899999856948852,-1.6709412525343517,-0.3911276288135612,-0.0209416340040782,-2.251127643118676,-0.5848294383870231,-0.1368946700847464,-0.0073295719014273,-0.7878946750915365,6.070956500047653,-2.351939876173188,6.796086337173191,-2.859539889202019,-1,1,-1,1,-14,-13,-14,-13,-19,-15,-21,-17,4.9998486042022705
1784751743.789522,25.811207247803477,0.0,0.12,25.811207247803477,0.0,0,17.809058289701976,-2.641127628813561,17.809058289701976,-2.641127628813561,19.479999542236328,-2.25,17.829999923706055,-0.3899999856948852,-1.6709412525343517,-0.3911276288135612,-0.0209416340040782,-2.251127643118676,-0.5848294383870231,-0.1368946700847464,-0.0073295719014273,-0.7878946750915365,6.055918028774844,-2.3554600248325097,6.795897862467154,-2.879800037990087,-1,1,-1,1,-14,-13,-14,-13,-19,-15,-21,-17,5.019784927368164
1784751743.8095376,25.811207247803477,0.0,0.12,25.811207247803477,0.0,0,17.809058289701976,-2.641127628813561,17.809058289701976,-2.641127628813561,19.479999542236328,-2.25,17.829999923706055,-0.3899999856948852,-1.6709412525343517,-0.3911276288135612,-0.0209416340040782,-2.251127643118676,-0.5848294383870231,-0.1368946700847464,-0.0073295719014273,-0.7878946750915365,6.040879557502035,-2.358980173491832,6.795709387761117,-2.900060186778155,-1,1,-1,1,-14,-13,-14,-13,-19,-15,-21,-17,5.039800643920898
1784751743.8295212,25.811207247803477,0.0,0.12,25.811207247803477,0.0,0,17.809058289701976,-2.641127628813561,17.809058289701976,-2.641127628813561,19.75,-2.4800000190734863,17.229999542236328,-0.270000010728836,-1.9409417102980235,-0.1611276097400749,0.5790587474656483,-2.371127618084725,-0.6793295986043082,-0.0563946634090262,0.2026705616129769,-0.8298946663296538,6.0234110821093525,-2.3604303219794924,6.800920916488308,-2.921400335340917,-1,1,-1,1,-14,-13,-14,-13,-19,-15,-21,-17,5.059784173965454
1784751743.8495178,25.811207247803477,0.0,0.12,25.811207247803477,0.0,0,17.809058289701976,-2.641127628813561,17.809058289701976,-2.641127628813561,19.75,-2.4800000190734863,17.229999542236328,-0.270000010728836,-1.9409417102980235,-0.1611276097400749,0.5790587474656483,-2.371127618084725,-0.6793295986043082,-0.0563946634090262,0.2026705616129769,-0.8298946663296538,6.00594260671667,-2.361880470467153,6.806132445215499,-2.94274048390368,-1,1,-1,1,-14,-13,-14,-13,-19,-15,-21,-17,5.07978081703186
1784751743.8695836,25.811207247803477,0.0,0.12,25.811207247803477,0.0,0,17.809058289701976,-2.641127628813561,17.809058289701976,-2.641127628813561,19.709999084472656,-3.549999952316284,17.040000915527344,-0.6399999856948853,-1.90094079477068,0.908872323502723,0.7690573741746327,-2.001127643118676,-0.6653292781697379,0.318105313225953,0.2691700809611214,-0.7003946750915365,5.988834139563734,-2.3537006195556285,6.813053961583071,-2.960750632691748,-1,1,-1,1,-14,-13,-14,-13,-19,-15,-21,-17,5.099846601486206
1784751743.889522,25.811207247803477,0.0,0.12,25.811207247803477,0.0,0,17.809058289701976,-2.641127628813561,17.809058289701976,-2.641127628813561,19.709999084472656,-3.549999952316284,17.040000915527344,-0.6399999856948853,-1.90094079477068,0.908872323502723,0.7690573741746327,-2.001127643118676,-0.6653292781697379,0.318105313225953,0.2691700809611214,-0.7003946750915365,5.971725672410797,-2.345520768644104,6.819975477950643,-2.978760781479816,-1,1,-1,1,-14,-13,-14,-13,-19,-15,-21,-17,5.1197850704193115
1784751743.909514,25.811207247803477,0.0,0.12,25.811207247803477,0.0,0,17.809058289701976,-2.641127628813561,17.809058289701976,-2.641127628813561,19.709999084472656,-3.549999952316284,17.040000915527344,-0.6399999856948853,-1.90094079477068,0.908872323502723,0.7690573741746327,-2.001127643118676,-0.6653292781697379,0.318105313225953,0.2691700809611214,-0.7003946750915365,5.954617205257861,-2.3373409177325795,6.826896994318215,-2.996770930267884,-1,1,-1,1,-14,-13,-14,-13,-19,-15,-21,-17,5.139776945114136
1784751743.9295163,25.811207247803477,0.0,0.12,25.811207247803477,0.0,0,17.809058289701976,-2.641127628813561,17.809058289701976,-2.641127628813561,19.90999984741211,-3.839999914169312,16.90999984741211,-1.5800000429153442,-2.100941557710133,1.1988722853557503,0.8990584422898671,-1.061127585898217,-0.7353295451985464,0.4196052998745125,0.3146704548014534,-0.3713946550643759,5.93570873123847,-2.326551067164378,6.834988520298824,-3.006321078540968,-1,1,-1,1,-14,-13,-14,-13,-19,-15,-21,-16,5.15977931022644
1784751743.949504,25.811207247803477,0.0,0.12,25.811207247803477,0.0,0,17.809058289701976,-2.641127628813561,17.809058289701976,-2.641127628813561,19.90999984741211,-3.839999914169312,16.90999984741211,-1.5800000429153442,-2.100941557710133,1.1988722853557503,0.8990584422898671,-1.061127585898217,-0.7353295451985464,0.4196052998745125,0.3146704548014534,-0.3713946550643759,5.916800257219078,-2.3157612165961763,6.843080046279432,-3.015871226814052,-1,1,-1,1,-14,-13,-14,-13,-19,-15,-21,-16,5.179766893386841
1784751743.9695752,25.811207247803477,0.0,0.12,25.811207247803477,0.0,0,17.809058289701976,-2.641127628813561,17.809058289701976,-2.641127628813561,19.149999618530277,-4.5,17.270000457763672,-1.559999942779541,-1.340941328828297,1.8588723711864388,0.5390578319383046,-1.0811276860340202,-0.4693294650899039,0.6506053299152535,0.1886702411784065,-0.3783946901119071,5.904731785259624,-2.299031365255498,6.847931566766877,-3.0256013759883578,-1,1,-1,1,-14,-13,-14,-13,-19,-15,-21,-16,5.199838161468506
1784751743.9895153,25.811207247803477,0.0,0.12,25.811207247803477,0.0,0,17.809058289701976,-2.641127628813561,17.809058289701976,-2.641127628813561,19.149999618530277,-4.5,17.270000457763672,-1.559999942779541,-1.340941328828297,1.8588723711864388,0.5390578319383046,-1.0811276860340202,-0.4693294650899039,0.6506053299152535,0.1886702411784065,-0.3783946901119071,5.892663313300169,-2.28230151391482,6.852783087254322,-3.035331525162664,-1,1,-1,1,-14,-13,-14,-13,-19,-15,-21,-16,5.219778299331665
1784751744.009513,25.811207247803477,0.0,0.12,25.811207247803477,0.0,0,17.809058289701976,-2.641127628813561,17.809058289701976,-2.641127628813561,19.149999618530277,-4.5,17.270000457763672,-1.559999942779541,-1.340941328828297,1.8588723711864388,0.5390578319383046,-1.0811276860340202,-0.4693294650899039,0.6506053299152535,0.1886702411784065,-0.3783946901119071,5.880594841340714,-2.2655716625741418,6.857634607741766,-3.04506167433697,-1,1,-1,1,-14,-13,-14,-13,-19,-15,-21,-16,5.239775896072388
1784751744.0295138,25.811207247803477,0.0,0.12,25.811207247803477,0.0,0,17.809058289701976,-2.641127628813561,17.809058289701976,-2.641127628813561,19.290000915527344,-4.510000228881836,16.170000076293945,-1.3200000524520874,-1.4809426258253673,1.8688726000682747,1.6390582134080312,-1.3211275763614738,-0.5183299190388785,0.6541054100238961,0.5736703746928109,-0.4623946517265158,5.867266357708286,-2.2487518091735272,6.872386131662439,-3.056951822524223,-1,1,-1,1,-14,-13,-14,-13,-19,-15,-21,-17,5.259776830673218
1784751744.0495088,25.811207247803477,0.0,0.12,25.811207247803477,0.0,0,17.809058289701976,-2.641127628813561,17.809058289701976,-2.641127628813561,19.290000915527344,-4.510000228881836,16.170000076293945,-1.3200000524520874,-1.4809426258253673,1.8688726000682747,1.6390582134080312,-1.3211275763614738,-0.5183299190388785,0.6541054100238961,0.5736703746928109,-0.4623946517265158,5.853937874075858,-2.2319319557729127,6.887137655583111,-3.0688419707114765,-1,1,-1,1,-14,-13,-14,-13,-19,-15,-21,-17,5.27977180480957
1784751744.0696354,25.811207247803477,0.0,0.12,25.811207247803477,0.0,0,17.809058289701976,-2.641127628813561,17.809058289701976,-2.641127628813561,18.709999084472656,-4.289999961853027,15.619999885559082,-1.149999976158142,-0.9009407947706798,1.648872333039466,2.1890584041428944,-1.4911276526554191,-0.3153292781697379,0.5771053165638131,0.766170441450013,-0.5218946784293966,5.845829406922922,-2.2170921047755576,6.9068391812203975,-3.0822621195853754,-1,1,-1,1,-14,-13,-14,-13,-20,-15,-22,-17,5.299898386001587
1784751744.089517,25.811207247803477,0.0,0.12,25.811207247803477,0.0,0,17.809058289701976,-2.641127628813561,17.809058289701976,-2.641127628813561,18.709999084472656,-4.289999961853027,15.619999885559082,-1.149999976158142,-0.9009407947706798,1.648872333039466,2.1890584041428944,-1.4911276526554191,-0.3153292781697379,0.5771053165638131,0.766170441450013,-0.5218946784293966,5.837720939769986,-2.2022522537782026,6.926540706857684,-3.0956822684592744,-1,1,-1,1,-14,-13,-14,-13,-20,-15,-22,-17,5.319780111312866
1784751744.1095033,25.811207247803477,0.0,0.12,25.811207247803477,0.0,0,17.809058289701976,-2.641127628813561,17.809058289701976,-2.641127628813561,18.709999084472656,-4.289999961853027,15.619999885559082,-1.149999976158142,-0.9009407947706798,1.648872333039466,2.1890584041428944,-1.4911276526554191,-0.3153292781697379,0.5771053165638131,0.766170441450013,-0.5218946784293966,5.82961247261705,-2.1874124027808475,6.94624223249497,-3.1091024173331734,-1,1,-1,1,-14,-13,-14,-13,-20,-15,-22,-17,5.339766263961792
1784751744.1295807,25.811207247803477,0.0,0.12,25.811207247803477,0.0,0,17.809058289701976,-2.641127628813561,17.809058289701976,-2.641127628813561,18.07999992370605,-3.450000047683716,15.229999542236328,-0.800000011920929,-0.2709416340040782,0.8088724188701546,2.5790587474656483,-1.8411276168926325,-0.0948295719014273,0.2831053466045541,0.9026705616129768,-0.6443946659124212,5.8271739979110135,-2.180132551011016,6.9694537612221605,-3.125672565885207,-1,1,-1,1,-14,-13,-14,-13,-20,-15,-22,-17,5.359843730926514
1784751744.149502,25.811207247803477,0.0,0.12,25.811207247803477,0.0,0,17.809058289701976,-2.641127628813561,17.809058289701976,-2.641127628813561,18.07999992370605,-3.450000047683716,15.229999542236328,-0.800000011920929,-0.2709416340040782,0.8088724188701546,2.5790587474656483,-1.8411276168926325,-0.0948295719014273,0.2831053466045541,0.9026705616129768,-0.6443946659124212,5.824735523204977,-2.1728526992411843,6.992665289949351,-3.1422427144372405,-1,1,-1,1,-14,-13,-14,-13,-20,-15,-22,-17,5.379765033721924
1784751744.169643,25.811207247803477,0.0,0.12,25.811207247803477,0.0,0,17.809058289701976,-2.641127628813561,17.809058289701976,-2.641127628813561,17.18000030517578,-3.0999999046325684,15.420000076293944,-1.2400000095367432,0.6290579845261952,0.4588722758190071,2.389058213408031,-1.401127619276818,0.2201702945841683,0.1606052965366524,0.8361703746928109,-0.4903946667468863,5.8303970450657125,-2.1687228487588133,7.014166813870023,-3.154852863010732,-1,1,-1,1,-14,-13,-14,-13,-20,-15,-22,-17,5.3999059200286865
1784751744.189525,25.811207247803477,0.0,0.12,25.811207247803477,0.0,0,17.809058289701976,-2.641127628813561,17.809058289701976,-2.641127628813561,17.18000030517578,-3.0999999046325684,15.420000076293944,-1.2400000095367432,0.6290579845261952,0.4588722758190071,2.389058213408031,-1.401127619276818,0.2201702945841683,0.1606052965366524,0.8361703746928109,-0.4903946667468863,5.836058566926448,-2.1645929982764422,7.035668337790695,-3.167463011584223,-1,1,-1,1,-14,-13,-14,-13,-20,-15,-22,-17,5.419787883758545
1784751744.209544,25.811207247803477,0.0,0.12,25.811207247803477,0.0,0,17.809058289701976,-2.641127628813561,17.809058289701976,-2.641127628813561,17.18000030517578,-3.0999999046325684,15.420000076293944,-1.2400000095367432,0.6290579845261952,0.4588722758190071,2.389058213408031,-1.401127619276818,0.2201702945841683,0.1606052965366524,0.8361703746928109,-0.4903946667468863,5.841720088787184,-2.1604631477940712,7.057169861711367,-3.1800731601577144,-1,1,-1,1,-14,-13,-14,-13,-20,-15,-22,-17,5.439806938171387
1784751744.2295172,25.811207247803477,0.0,0.12,25.811207247803477,0.0,0,17.809058289701976,-2.641127628813561,17.809058289701976,-2.641127628813561,16.100000381469727,-2.1700000762939453,16.90999984741211,-2.9100000858306885,1.70905790823225,-0.4711275525196159,0.8990584422898671,0.2688724570171272,0.5981702678812875,-0.1648946433818655,0.3146704548014534,0.0941053599559945,5.8571016099612745,-2.164703295766748,7.065261387691976,-3.1776533080445604,-1,1,-1,1,-14,-13,-14,-13,-20,-15,-21,-16,5.459780216217041
1784751744.2495172,25.811207247803477,0.0,0.12,25.811207247803477,0.0,0,17.809058289701976,-2.641127628813561,17.809058289701976,-2.641127628813561,16.100000381469727,-2.1700000762939453,16.90999984741211,-2.9100000858306885,1.70905790823225,-0.4711275525196159,0.8990584422898671,0.2688724570171272,0.5981702678812875,-0.1648946433818655,0.3146704548014534,0.0941053599559945,5.872483131135365,-2.1689434437394244,7.073352913672585,-3.1752334559314064,-1,1,-1,1,-14,-13,-14,-13,-20,-15,-21,-16,5.479780197143555
1784751744.2696831,25.811207247803477,0.0,0.12,25.811207247803477,0.0,0,17.809058289701976,-2.641127628813561,17.809058289701976,-2.641127628813561,15.350000381469728,-1.7400000095367432,17.719999313354492,-4.75,2.45905790823225,-0.901127619276818,0.0890589763474842,2.1088723711864388,0.8606702678812874,-0.3153946667468863,0.0311706417216194,0.7381053299152536,5.894614652309455,-2.177053592312916,7.074154444459712,-3.156253604590729,-1,1,-1,1,-14,-13,-14,-13,-21,-15,-21,-15,5.499946117401123
1784751744.2895124,25.811207247803477,0.0,0.12,25.811207247803477,0.0,0,17.809058289701976,-2.641127628813561,17.809058289701976,-2.641127628813561,15.350000381469728,-1.7400000095367432,17.719999313354492,-4.75,2.45905790823225,-0.901127619276818,0.0890589763474842,2.1088723711864388,0.8606702678812874,-0.3153946667468863,0.0311706417216194,0.7381053299152536,5.916746173483546,-2.1851637408864075,7.074955975246839,-3.1372737532500508,-1,1,-1,1,-14,-13,-14,-13,-21,-16,-21,-15,5.519775390625
1784751744.3095338,25.811207247803477,0.0,0.12,25.811207247803477,0.0,0,17.809058289701976,-2.641127628813561,17.809058289701976,-2.641127628813561,15.350000381469728,-1.7400000095367432,17.719999313354492,-4.75,2.45905790823225,-0.901127619276818,0.0890589763474842,2.1088723711864388,0.8606702678812874,-0.3153946667468863,0.0311706417216194,0.7381053299152536,5.938877694657636,-2.193273889459899,7.075757506033966,-3.118293901909373,-1,1,-1,1,-14,-13,-14,-13,-21,-16,-21,-15,5.539796829223633
1784751744.329524,25.811207247803477,0.0,0.12,25.811207247803477,0.0,0,17.809058289701976,-2.641127628813561,17.809058289701976,-2.641127628813561,14.59000015258789,-1.2200000286102295,18.520000457763672,-4.230000019073486,3.219058137114086,-1.4211276002033315,-0.7109421680616954,1.588872390259925,1.12667034798993,-0.497394660071166,-0.2488297588215934,0.5561053365909737,5.967849217891663,-2.206064037861729,7.069359026521411,-3.103994050397034,-1,1,-1,1,-14,-13,-14,-13,-21,-16,-21,-16,5.559787034988403
1784751744.3496015,25.811207247803477,0.0,0.12,25.811207247803477,0.0,0,17.809058289701976,-2.641127628813561,17.809058289701976,-2.641127628813561,14.59000015258789,-1.2200000286102295,18.520000457763672,-4.230000019073486,3.219058137114086,-1.4211276002033315,-0.7109421680616954,1.588872390259925,1.12667034798993,-0.497394660071166,-0.2488297588215934,0.5561053365909737,5.99682074112569,-2.2188541862635587,7.062960547008856,-3.0896941988846947,-1,1,-1,1,-14,-13,-14,-13,-21,-16,-21,-16,5.579864501953125
1784751744.3697011,25.811207247803477,0.0,0.12,25.811207247803477,0.0,0,17.809058289701976,-2.641127628813561,17.809058289701976,-2.641127628813561,15.199999809265137,-0.8500000238418579,17.260000228881836,-3.640000104904175,2.60905848043684,-1.791127604971703,0.5490580608201405,0.9988724760906136,0.9131704681528938,-0.6268946617400961,0.1921703212870491,0.3496053666317147,6.020302267449622,-2.234974334708304,7.067902069556237,-3.08070434659988,-1,1,-1,1,-14,-13,-14,-13,-21,-16,-21,-16,5.599964141845703
1784751744.3895392,25.811207247803477,0.0,0.12,25.811207247803477,0.0,0,17.809058289701976,-2.641127628813561,17.809058289701976,-2.641127628813561,15.199999809265137,-0.8500000238418579,17.260000228881836,-3.640000104904175,2.60905848043684,-1.791127604971703,0.5490580608201405,0.9988724760906136,0.9131704681528938,-0.6268946617400961,0.1921703212870491,0.3496053666317147,6.043783793773553,-2.2510944831530493,7.072843592103618,-3.071714494315064,-1,1,-1,1,-14,-13,-14,-13,-21,-16,-21,-16,5.619802236557007
1784751744.4095333,25.811207247803477,0.0,0.12,25.811207247803477,0.0,0,17.809058289701976,-2.641127628813561,17.809058289701976,-2.641127628813561,15.199999809265137,-0.8500000238418579,17.260000228881836,-3.640000104904175,2.60905848043684,-1.791127604971703,0.5490580608201405,0.9988724760906136,0.9131704681528938,-0.6268946617400961,0.1921703212870491,0.3496053666317147,6.067265320097484,-2.2672146315977946,7.077785114650999,-3.0627246420302487,-1,1,-1,1,-14,-13,-14,-13,-21,-16,-21,-16,5.639796257019043
1784751744.4295137,25.811207247803477,0.0,0.12,25.811207247803477,0.0,0,17.809058289701976,-2.641127628813561,17.809058289701976,-2.641127628813561,16.06999969482422,-1.7300000190734863,17.520000457763672,-2.7799999713897705,1.7390585948777575,-0.9111276097400748,0.2890578319383046,0.1388723425762092,0.6086705082072151,-0.3188946634090261,0.1011702411784066,0.0486053199016732,6.082916847451385,-2.2754147800854554,7.080386635138444,-3.061474790947063,-1,1,-1,1,-14,-13,-14,-13,-21,-16,-21,-16,5.65977668762207
1784751744.4495196,25.811207247803477,0.0,0.12,25.811207247803477,0.0,0,17.809058289701976,-2.641127628813561,17.809058289701976,-2.641127628813561,16.06999969482422,-1.7300000190734863,17.520000457763672,-2.7799999713897705,1.7390585948777575,-0.9111276097400748,0.2890578319383046,0.1388723425762092,0.6086705082072151,-0.3188946634090261,0.1011702411784066,0.0486053199016732,6.098568374805285,-2.283614928573116,7.0829881556258885,-3.060224939863877,-1,1,-1,1,-14,-13,-14,-13,-21,-16,-21,-16,5.6797826290130615
1784751744.4697156,25.811207247803477,0.0,0.12,25.811207247803477,0.0,0,17.809058289701976,-2.641127628813561,17.809058289701976,-2.641127628813561,17.139999389648438,-2.119999885559082,17.020000457763672,-1.940000057220459,0.669058900053539,-0.5211277432544792,0.7890578319383046,-0.7011275715931022,0.2341706150187386,-0.1823947101390677,0.2761702411784066,-0.2453946500575857,6.104589904905767,-2.2883050782624066,7.090089676113333,-3.066535088008215,-1,1,-1,1,-14,-13,-14,-13,-20,-15,-21,-16,5.699978590011597
1784751744.489539,25.811207247803477,0.0,0.12,25.811207247803477,0.0,0,17.809058289701976,-2.641127628813561,17.809058289701976,-2.641127628813561,17.139999389648438,-2.119999885559082,17.020000457763672,-1.940000057220459,0.669058900053539,-0.5211277432544792,0.7890578319383046,-0.7011275715931022,0.2341706150187386,-0.1823947101390677,0.2761702411784066,-0.2453946500575857,6.110611435006249,-2.292995227951697,7.097191196600778,-3.0728452361525527,-1,1,-1,1,-14,-13,-14,-13,-20,-15,-21,-16,5.719801902770996
1784751744.509533,25.811207247803477,0.0,0.12,25.811207247803477,0.0,0,17.809058289701976,-2.641127628813561,17.809058289701976,-2.641127628813561,17.139999389648438,-2.119999885559082,17.020000457763672,-1.940000057220459,0.669058900053539,-0.5211277432544792,0.7890578319383046,-0.7011275715931022,0.2341706150187386,-0.1823947101390677,0.2761702411784066,-0.2453946500575857,6.116632965106732,-2.297685377640988,7.104292717088223,-3.0791553842968904,-1,1,-1,1,-14,-13,-14,-13,-20,-15,-21,-16,5.739795923233032
1784751744.5295208,25.811207247803477,0.0,0.12,25.811207247803477,0.0,0,17.809058289701976,-2.641127628813561,17.809058289701976,-2.641127628813561,17.8799991607666,-2.1600000858306885,16.889999389648438,-1.3600000143051147,-0.0709408710646251,-0.4811275429828727,0.919058900053539,-1.2811276145084465,-0.0248293048726187,-0.1683946400440054,0.3216706150187386,-0.4483946650779562,6.11599449726715,-2.302015525527833,7.112564247188704,-3.0906855328274663,-1,1,-1,1,-14,-13,-14,-13,-20,-15,-21,-17,5.759783744812012
1784751744.5495288,25.811207247803477,0.0,0.12,25.811207247803477,0.0,0,17.809058289701976,-2.641127628813561,17.809058289701976,-2.641127628813561,17.8799991607666,-2.1600000858306885,16.889999389648438,-1.3600000143051147,-0.0709408710646251,-0.4811275429828727,0.919058900053539,-1.2811276145084465,-0.0248293048726187,-0.1683946400440054,0.3216706150187386,-0.4483946650779562,6.115356029427568,-2.306345673414679,7.1208357772891855,-3.102215681358042,-1,1,-1,1,-14,-13,-14,-13,-20,-15,-21,-17,5.779791831970215
1784751744.569715,25.811207247803477,0.0,0.12,25.811207247803477,0.0,0,17.809058289701976,-2.641127628813561,17.809058289701976,-2.641127628813561,18.86000061035156,-3.319999933242798,16.579999923706055,-0.949999988079071,-1.050942320649586,0.6788723044292366,1.2290583659959218,-1.6911276407344902,-0.3678298122273551,0.2376053065502328,0.4301704280985726,-0.5918946742570715,6.105897548541722,-2.300235822674816,7.131897302583149,-3.1174358301246525,-1,1,-1,1,-14,-13,-14,-13,-20,-15,-22,-17,5.799978017807007
1784751744.5895338,25.811207247803477,0.0,0.12,25.811207247803477,0.0,0,17.809058289701976,-2.641127628813561,17.809058289701976,-2.641127628813561,18.86000061035156,-3.319999933242798,16.579999923706055,-0.949999988079071,-1.050942320649586,0.6788723044292366,1.2290583659959218,-1.6911276407344902,-0.3678298122273551,0.2376053065502328,0.4301704280985726,-0.5918946742570715,6.096439067655876,-2.294125971934953,7.142958827877113,-3.132655978891263,-1,1,-1,1,-14,-13,-14,-13,-20,-15,-22,-17,5.819796800613403
1784751744.6095304,25.811207247803477,0.0,0.12,25.811207247803477,0.0,0,17.809058289701976,-2.641127628813561,17.809058289701976,-2.641127628813561,18.86000061035156,-3.319999933242798,16.579999923706055,-0.949999988079071,-1.050942320649586,0.6788723044292366,1.2290583659959218,-1.6911276407344902,-0.3678298122273551,0.2376053065502328,0.4301704280985726,-0.5918946742570715,6.0869805867700295,-2.2880161211950902,7.154020353171076,-3.1478761276578733,-1,1,-1,1,-14,-13,-14,-13,-20,-15,-22,-17,5.83979344367981
1784751744.6295102,25.811207247803477,0.0,0.12,25.811207247803477,0.0,0,17.809058289701976,-2.641127628813561,17.809058289701976,-2.641127628813561,19.309999465942383,-3.690000057220459,15.90999984741211,-0.6700000166893005,-1.5009411762404063,1.0488724284068978,1.899058442289867,-1.971127612124261,-0.5253294116841422,0.3671053499424141,0.6646704548014535,-0.6898946642434912,6.073472116183866,-2.2785762693394283,7.1711118791516855,-3.1656162761669915,-1,1,-1,1,-14,-13,-14,-13,-20,-15,-22,-17,5.8597731590271
1784751744.6495302,25.811207247803477,0.0,0.12,25.811207247803477,0.0,0,17.809058289701976,-2.641127628813561,17.809058289701976,-2.641127628813561,19.309999465942383,-3.690000057220459,15.90999984741211,-0.6700000166893005,-1.5009411762404063,1.0488724284068978,1.899058442289867,-1.971127612124261,-0.5253294116841422,0.3671053499424141,0.6646704548014535,-0.6898946642434912,6.059963645597702,-2.2691364174837663,7.188203405132295,-3.1833564246761097,-1,1,-1,1,-14,-13,-14,-13,-20,-15,-22,-17,5.879793167114258
1784751744.6696875,25.811207247803477,0.0,0.12,25.811207247803477,0.0,0,17.809058289701976,-2.641127628813561,17.809058289701976,-2.641127628813561,20.09000015258789,-4.619999885559082,15.890000343322754,-0.4699999988079071,-2.280941862885914,1.9788722567455208,1.9190579463792223,-2.171127630005654,-0.7983296520100699,0.6926052898609323,0.6716702812327279,-0.7598946705019789,6.039435168831729,-2.2513265671730567,7.205474926649708,-3.2028965733461607,-1,1,-1,1,-14,-13,-14,-13,-19,-15,-22,-17,5.8999505043029785
1784751744.6895342,25.811207247803477,0.0,0.12,25.811207247803477,0.0,0,17.809058289701976,-2.641127628813561,17.809058289701976,-2.641127628813561,20.09000015258789,-4.619999885559082,15.890000343322754,-0.4699999988079071,-2.280941862885914,1.9788722567455208,1.9190579463792223,-2.171127630005654,-0.7983296520100699,0.6926052898609323,0.6716702812327279,-0.7598946705019789,6.018906692065756,-2.233516716862347,7.222746448167121,-3.222436722016212,-1,1,-1,1,-14,-13,-14,-13,-19,-15,-22,-17,5.91979718208313
1784751744.7095313,25.811207247803477,0.0,0.12,25.811207247803477,0.0,0,17.809058289701976,-2.641127628813561,17.809058289701976,-2.641127628813561,20.09000015258789,-4.619999885559082,15.890000343322754,-0.4699999988079071,-2.280941862885914,1.9788722567455208,1.9190579463792223,-2.171127630005654,-0.7983296520100699,0.6926052898609323,0.6716702812327279,-0.7598946705019789,5.998378215299783,-2.215706866551637,7.240017969684534,-3.241976870686263,-1,1,-1,1,-14,-13,-14,-13,-19,-15,-22,-17,5.939794301986694
1784751744.7295136,25.811207247803477,0.0,0.12,25.811207247803477,0.0,0,17.809058289701976,-2.641127628813561,17.809058289701976,-2.641127628813561,20.170000076293945,-4.360000133514404,15.649999618530272,-0.3300000131130218,-2.360941786591969,1.718872504700843,2.159058671171703,-2.31112761570054,-0.826329625307189,0.601605376645295,0.7556705349100961,-0.8088946654951887,5.977129739220455,-2.20023701400933,7.25944949772508,-3.262777019227568,-1,1,-1,1,-14,-13,-14,-13,-19,-15,-22,-17,5.9597766399383545
1784751744.7495155,25.811207247803477,0.0,0.12,25.811207247803477,0.0,0,17.809058289701976,-2.641127628813561,17.809058289701976,-2.641127628813561,20.170000076293945,-4.360000133514404,15.649999618530272,-0.3300000131130218,-2.360941786591969,1.718872504700843,2.159058671171703,-2.31112761570054,-0.826329625307189,0.601605376645295,0.7556705349100961,-0.8088946654951887,5.955881263141127,-2.1847671614670228,7.278881025765625,-3.2835771677688728,-1,1,-1,1,-14,-13,-14,-13,-19,-15,-22,-17,5.979778528213501
1784751744.769575,25.811207247803477,0.0,0.12,25.811207247803477,0.0,0,17.809058289701976,-2.641127628813561,17.809058289701976,-2.641127628813561,19.780000686645508,-3.509999990463257,16.15999984741211,-0.2300000041723251,-1.9709423969435316,0.8688723616496956,1.649058442289867,-2.411127624641236,-0.689829838930236,0.3041053265773934,0.5771704548014535,-0.8438946686244326,5.938142781568636,-2.176947310212176,7.293722551746234,-3.305277316390644,-1,1,-1,1,-14,-13,-14,-13,-19,-15,-22,-17,5.99983811378479
1784751744.7895734,25.811207247803477,0.0,0.12,25.811207247803477,0.0,0,17.809058289701976,-2.641127628813561,17.809058289701976,-2.641127628813561,19.780000686645508,-3.509999990463257,16.15999984741211,-0.2300000041723251,-1.9709423969435316,0.8688723616496956,1.649058442289867,-2.411127624641236,-0.689829838930236,0.3041053265773934,0.5771704548014535,-0.8438946686244326,5.920404299996144,-2.1691274589573286,7.308564077726843,-3.326977465012414,-1,1,-1,1,-14,-13,-14,-13,-19,-15,-22,-17,6.01983642578125
1784751744.809519,25.811207247803477,0.0,0.12,25.811207247803477,0.0,0,17.809058289701976,-2.641127628813561,17.809058289701976,-2.641127628813561,19.780000686645508,-3.509999990463257,16.15999984741211,-0.2300000041723251,-1.9709423969435316,0.8688723616496956,1.649058442289867,-2.411127624641236,-0.689829838930236,0.3041053265773934,0.5771704548014535,-0.8438946686244326,5.902665818423652,-2.161307607702481,7.323405603707452,-3.3486776136341856,-1,1,-1,1,-14,-13,-14,-13,-19,-15,-22,-17,6.0397820472717285
1784751744.8295152,25.811207247803477,0.0,0.12,25.811207247803477,0.0,0,17.809058289701976,-2.641127628813561,17.809058289701976,-2.641127628813561,19.280000686645508,-3.130000114440918,16.75,-0.1599999964237213,-1.4709423969435311,0.4888724856273567,1.0590582897019765,-2.48112763238984,-0.5148298389302359,0.1711053699695748,0.3706704013956917,-0.8683946713364439,5.889427336851161,-2.156907755331835,7.33293712831477,-3.371007762325694,-1,1,-1,1,-14,-13,-14,-13,-19,-15,-22,-17,6.059778213500977
1784751744.8495233,25.811207247803477,0.0,0.12,25.811207247803477,0.0,0,17.809058289701976,-2.641127628813561,17.809058289701976,-2.641127628813561,19.280000686645508,-3.130000114440918,16.75,-0.1599999964237213,-1.4709423969435311,0.4888724856273567,1.0590582897019765,-2.48112763238984,-0.5148298389302359,0.1711053699695748,0.3706704013956917,-0.8683946713364439,5.876188855278669,-2.152507902961189,7.342468652922087,-3.393337911017203,-1,1,-1,1,-14,-13,-14,-13,-19,-15,-22,-17,6.07978630065918
1784751744.869604,25.811207247803477,0.0,0.12,25.811207247803477,0.0,0,17.809058289701976,-2.641127628813561,17.809058289701976,-2.641127628813561,19.15999984741211,-2.4200000762939453,16.479999542236328,-0.3400000035762787,-1.350941557710133,-0.2211275525196159,1.3290587474656483,-2.3011276252372825,-0.4728295451985465,-0.0773946433818655,0.4651705616129769,-0.8053946688330489,5.864030381259278,-2.1544980509338654,7.3544301816492785,-3.4140480596443386,-1,1,-1,1,-14,-13,-14,-13,-19,-15,-22,-17,6.099867105484009
1784751744.8895252,25.811207247803477,0.0,0.12,25.811207247803477,0.0,0,17.809058289701976,-2.641127628813561,17.809058289701976,-2.641127628813561,19.15999984741211,-2.4200000762939453,16.479999542236328,-0.3400000035762787,-1.350941557710133,-0.2211275525196159,1.3290587474656483,-2.3011276252372825,-0.4728295451985465,-0.0773946433818655,0.4651705616129769,-0.8053946688330489,5.851871907239887,-2.156488198906542,7.36639171037647,-3.4347582082714743,-1,1,-1,1,-14,-13,-14,-13,-19,-15,-22,-17,6.11978816986084
1784751744.90952,25.811207247803477,0.0,0.12,25.811207247803477,0.0,0,17.809058289701976,-2.641127628813561,17.809058289701976,-2.641127628813561,19.15999984741211,-2.4200000762939453,16.479999542236328,-0.3400000035762787,-1.350941557710133,-0.2211275525196159,1.3290587474656483,-2.3011276252372825,-0.4728295451985465,-0.0773946433818655,0.4651705616129769,-0.8053946688330489,5.839713433220496,-2.1584783468792184,7.378353239103661,-3.45546835689861,-1,1,-1,1,-14,-13,-14,-13,-19,-15,-22,-17,6.139782905578613
1784751744.9295194,25.811207247803477,0.0,0.12,25.811207247803477,0.0,0,17.809058289701976,-2.641127628813561,17.809058289701976,-2.641127628813561,18.6200008392334,-1.919999957084656,17.420000076293945,-0.6899999976158142,-0.810942549531422,-0.7211276717289055,0.3890582134080311,-1.951127631197747,-0.2838298923359976,-0.2523946851051169,0.1361703746928109,-0.6828946709192114,5.832414950274713,-2.1649684959247786,7.381854763024333,-3.4730285055793897,-1,1,-1,1,-14,-13,-14,-13,-20,-15,-22,-17,6.159782409667969
1784751744.9495063,25.811207247803477,0.0,0.12,25.811207247803477,0.0,0,17.809058289701976,-2.641127628813561,17.809058289701976,-2.641127628813561,18.6200008392334,-1.919999957084656,17.420000076293945,-0.6899999976158142,-0.810942549531422,-0.7211276717289055,0.3890582134080311,-1.951127631197747,-0.2838298923359976,-0.2523946851051169,0.1361703746928109,-0.6828946709192114,5.825116467328931,-2.171458644970339,7.385356286945005,-3.4905886542601694,-1,1,-1,1,-14,-13,-14,-13,-20,-15,-22,-17,6.179769277572632
1784751744.9696076,25.811207247803477,0.0,0.12,25.811207247803477,0.0,0,17.809058289701976,-2.641127628813561,17.809058289701976,-2.641127628813561,18.010000228881836,-1.340000033378601,17.399999618530273,-0.7099999785423279,-0.2009419391798594,-1.30112759543496,0.409058671171703,-1.9311276502712331,-0.0703296787129508,-0.455394658402236,0.143170534910096,-0.6758946775949316,5.823307989876312,-2.1831687933292536,7.38903781498555,-3.5079688031126106,-1,1,-1,1,-14,-13,-14,-13,-20,-16,-22,-17,6.199870586395264
1784751744.9895024,25.811207247803477,0.0,0.12,25.811207247803477,0.0,0,17.809058289701976,-2.641127628813561,17.809058289701976,-2.641127628813561,18.010000228881836,-1.340000033378601,17.399999618530273,-0.7099999785423279,-0.2009419391798594,-1.30112759543496,0.409058671171703,-1.9311276502712331,-0.0703296787129508,-0.455394658402236,0.143170534910096,-0.6758946775949316,5.821499512423694,-2.1948789416881684,7.392719343026095,-3.525348951965052,-1,1,-1,1,-14,-13,-14,-13,-20,-16,-22,-17,6.2197654247283936
1784751745.0095506,25.811207247803477,0.0,0.12,25.811207247803477,0.0,0,17.809058289701976,-2.641127628813561,17.809058289701976,-2.641127628813561,18.010000228881836,-1.340000033378601,17.399999618530273,-0.7099999785423279,-0.2009419391798594,-1.30112759543496,0.409058671171703,-1.9311276502712331,-0.0703296787129508,-0.455394658402236,0.143170534910096,-0.6758946775949316,5.819691034971076,-2.2065890900470837,7.39640087106664,-3.542729100817493,-1,1,-1,1,-14,-13,-14,-13,-20,-16,-22,-17,6.239813566207886
1784751745.0295143,25.811207247803477,0.0,0.12,25.811207247803477,0.0,0,17.809058289701976,-2.641127628813561,17.809058289701976,-2.641127628813561,17.81999969482422,-1.6200000047683716,17.6200008392334,-0.5,-0.0109414051222422,-1.0211276240451896,0.189057450468578,-2.141127628813561,-0.0038294917927848,-0.3573946684158163,0.0661701076640023,-0.7493946700847464,5.819592562324975,-2.21577923866349,7.398102388120857,-3.561999249476815,-1,1,-1,1,-14,-13,-14,-13,-20,-16,-21,-17,6.259777307510376
1784751745.0495071,25.811207247803477,0.0,0.12,25.811207247803477,0.0,0,17.809058289701976,-2.641127628813561,17.809058289701976,-2.641127628813561,17.81999969482422,-1.6200000047683716,17.6200008392334,-0.5,-0.0109414051222422,-1.0211276240451896,0.189057450468578,-2.141127628813561,-0.0038294917927848,-0.3573946684158163,0.0661701076640023,-0.7493946700847464,5.819494089678875,-2.2249693872798963,7.399803905175074,-3.5812693981361368,-1,1,-1,1,-14,-13,-14,-13,-20,-16,-21,-17,6.279770135879517
1784751745.0696082,25.811207247803477,0.0,0.12,25.811207247803477,0.0,0,17.809058289701976,-2.641127628813561,17.809058289701976,-2.641127628813561,18.36000061035156,-1.3600000143051147,16.40999984741211,-0.3499999940395355,-0.550942320649586,-1.2811276145084465,1.399058442289867,-2.2911276347740257,-0.1928298122273551,-0.4483946650779562,0.4896704548014534,-0.8018946721709089,5.814535608793029,-2.236499535810472,7.412395431155683,-3.601889546849103,-1,1,-1,1,-14,-13,-14,-13,-20,-16,-22,-17,6.299871206283569
1784751745.0895011,25.811207247803477,0.0,0.12,25.811207247803477,0.0,0,17.809058289701976,-2.641127628813561,17.809058289701976,-2.641127628813561,18.36000061035156,-1.3600000143051147,16.40999984741211,-0.3499999940395355,-0.550942320649586,-1.2811276145084465,1.399058442289867,-2.2911276347740257,-0.1928298122273551,-0.4483946650779562,0.4896704548014534,-0.8018946721709089,5.809577127907183,-2.248029684341048,7.424986957136292,-3.622509695562069,-1,1,-1,1,-14,-13,-14,-13,-20,-16,-22,-17,6.319764137268066
1784751745.1095064,25.811207247803477,0.0,0.12,25.811207247803477,0.0,0,17.809058289701976,-2.641127628813561,17.809058289701976,-2.641127628813561,18.36000061035156,-1.3600000143051147,16.40999984741211,-0.3499999940395355,-0.550942320649586,-1.2811276145084465,1.399058442289867,-2.2911276347740257,-0.1928298122273551,-0.4483946650779562,0.4896704548014534,-0.8018946721709089,5.804618647021337,-2.259559832871624,7.4375784831169,-3.643129844275035,-1,1,-1,1,-14,-13,-14,-13,-20,-16,-22,-17,6.33976936340332
1784751745.129522,25.811207247803477,0.0,0.12,25.811207247803477,0.0,0,17.809058289701976,-2.641127628813561,17.809058289701976,-2.641127628813561,17.610000610351562,-2.0799999237060547,17.149999618530273,-0.2399999946355819,0.1990576793504139,-0.5611277051075065,0.659058671171703,-2.4011276341779797,0.0696701877726448,-0.1963946967876272,0.230670534910096,-0.8403946719622927,5.80641016613549,-2.264609982217592,7.443510011157445,-3.664739992982637,-1,1,-1,1,-14,-13,-14,-13,-20,-15,-22,-18,6.359785079956055
1784751745.1495097,25.811207247803477,0.0,0.12,25.811207247803477,0.0,0,17.809058289701976,-2.641127628813561,17.809058289701976,-2.641127628813561,17.610000610351562,-2.0799999237060547,17.149999618530273,-0.2399999946355819,0.1990576793504139,-0.5611277051075065,0.659058671171703,-2.4011276341779797,0.0696701877726448,-0.1963946967876272,0.230670534910096,-0.8403946719622927,5.808201685249643,-2.2696601315635587,7.4494415391979905,-3.6863501416902382,-1,1,-1,1,-14,-13,-14,-13,-20,-15,-22,-18,6.379772663116455
1784751745.16961,25.811207247803477,0.0,0.12,25.811207247803477,0.0,0,17.809058289701976,-2.641127628813561,17.809058289701976,-2.641127628813561,17.530000686645508,-2.140000104904175,15.399999618530272,-0.6200000047683716,0.2790576030564686,-0.5011275239093864,2.409058671171703,-2.0211276240451896,0.097670161069764,-0.1753946333682852,0.843170534910096,-0.7073946684158163,5.810713203677151,-2.274170279278743,7.471123067238536,-3.704540290306645,-1,1,-1,1,-14,-13,-14,-13,-20,-15,-22,-17,6.3998730182647705
1784751745.1895072,25.811207247803477,0.0,0.12,25.811207247803477,0.0,0,17.809058289701976,-2.641127628813561,17.809058289701976,-2.641127628813561,17.530000686645508,-2.140000104904175,15.399999618530272,-0.6200000047683716,0.2790576030564686,-0.5011275239093864,2.409058671171703,-2.0211276240451896,0.097670161069764,-0.1753946333682852,0.843170534910096,-0.7073946684158163,5.81322472210466,-2.278680426993928,7.492804595279082,-3.722730438923052,-1,1,-1,1,-14,-13,-14,-13,-20,-15,-22,-17,6.419770240783691
1784751745.2095163,25.811207247803477,0.0,0.12,25.811207247803477,0.0,0,17.809058289701976,-2.641127628813561,17.809058289701976,-2.641127628813561,17.530000686645508,-2.140000104904175,15.399999618530272,-0.6200000047683716,0.2790576030564686,-0.5011275239093864,2.409058671171703,-2.0211276240451896,0.097670161069764,-0.1753946333682852,0.843170534910096,-0.7073946684158163,5.815736240532168,-2.283190574709112,7.514486123319627,-3.740920587539459,-1,1,-1,1,-14,-13,-14,-13,-20,-15,-22,-17,6.439779281616211
1784751745.2295573,25.811207247803477,0.0,0.12,25.811207247803477,0.0,0,17.809058289701976,-2.641127628813561,17.809058289701976,-2.641127628813561,17.479999542236328,-3.0799999237060547,15.3100004196167,-0.6600000262260437,0.3290587474656483,0.4388722948924934,2.499057870085277,-1.9811276025875173,0.1151705616129769,0.1536053032123727,0.874670254529847,-0.6933946609056311,5.818697769259359,-2.279240724055079,7.536977644150395,-3.7587507359627454,-1,1,-1,1,-14,-13,-14,-13,-20,-15,-22,-17,6.45982027053833
1784751745.249501,25.811207247803477,0.0,0.12,25.811207247803477,0.0,0,17.809058289701976,-2.641127628813561,17.809058289701976,-2.641127628813561,17.479999542236328,-3.0799999237060547,15.3100004196167,-0.6600000262260437,0.3290587474656483,0.4388722948924934,2.499057870085277,-1.9811276025875173,0.1151705616129769,0.1536053032123727,0.874670254529847,-0.6933946609056311,5.82165929798655,-2.275290873401046,7.559469164981162,-3.776580884386034,-1,1,-1,1,-14,-13,-14,-13,-20,-15,-22,-17,6.479763984680176
1784751745.269562,25.811207247803477,0.0,0.12,25.811207247803477,0.0,0,17.809058289701976,-2.641127628813561,17.809058289701976,-2.641127628813561,17.670000076293945,-3.740000009536743,15.699999809265137,-0.9200000166893004,0.1390582134080311,1.098872380723182,2.10905848043684,-1.721127612124261,0.0486703746928109,0.3846053332531136,0.7381704681528939,-0.6023946642434912,5.822910821907222,-2.265401021974538,7.578450691305093,-3.792071032895152,-1,1,-1,1,-14,-13,-14,-13,-20,-15,-22,-17,6.4998250007629395
1784751745.2895305,25.811207247803477,0.0,0.12,25.811207247803477,0.0,0,17.809058289701976,-2.641127628813561,17.809058289701976,-2.641127628813561,17.670000076293945,-3.740000009536743,15.699999809265137,-0.9200000166893004,0.1390582134080311,1.098872380723182,2.10905848043684,-1.721127612124261,0.0486703746928109,0.3846053332531136,0.7381704681528939,-0.6023946642434912,5.824162345827894,-2.2555111705480293,7.597432217629024,-3.807561181404271,-1,1,-1,1,-14,-13,-14,-13,-20,-15,-22,-17,6.519793510437012
1784751745.3095286,25.811207247803477,0.0,0.12,25.811207247803477,0.0,0,17.809058289701976,-2.641127628813561,17.809058289701976,-2.641127628813561,17.670000076293945,-3.740000009536743,15.699999809265137,-0.9200000166893004,0.1390582134080311,1.098872380723182,2.10905848043684,-1.721127612124261,0.0486703746928109,0.3846053332531136,0.7381704681528939,-0.6023946642434912,5.825413869748566,-2.2456213191215206,7.616413743952956,-3.8230513299133895,-1,1,-1,1,-14,-13,-14,-13,-20,-15,-22,-17,6.539791584014893
1784751745.3295152,25.811207247803477,0.0,0.12,25.811207247803477,0.0,0,17.809058289701976,-2.641127628813561,17.809058289701976,-2.641127628813561,18.26000022888184,-4.659999847412109,15.520000457763672,-1.3200000524520874,-0.4509419391798595,2.018872218598548,2.2890578319383046,-1.3211275763614738,-0.1578296787129508,0.7066052765094918,0.8011702411784065,-0.4623946517265158,5.821355392295947,-2.2274514691541336,7.6370152644404,-3.834941478100643,-1,1,-1,1,-14,-13,-14,-13,-20,-15,-22,-17,6.559778213500977
1784751745.3495266,25.811207247803477,0.0,0.12,25.811207247803477,0.0,0,17.809058289701976,-2.641127628813561,17.809058289701976,-2.641127628813561,18.26000022888184,-4.659999847412109,15.520000457763672,-1.3200000524520874,-0.4509419391798595,2.018872218598548,2.2890578319383046,-1.3211275763614738,-0.1578296787129508,0.7066052765094918,0.8011702411784065,-0.4623946517265158,5.817296914843329,-2.2092816191867466,7.657616784927844,-3.846831626287896,-1,1,-1,1,-14,-13,-14,-13,-20,-15,-22,-17,6.579789638519287
1784751745.3697295,25.811207247803477,0.0,0.12,25.811207247803477,0.0,0,17.809058289701976,-2.641127628813561,17.809058289701976,-2.641127628813561,18.670000076293945,-4.170000076293945,15.390000343322754,-1.149999976158142,-0.8609417865919688,1.528872447480384,2.4190579463792226,-1.4911276526554191,-0.3013296253071891,0.5351053566181344,0.8466702812327278,-0.5218946784293966,5.8095484387640015,-2.195521767159423,7.679388306445257,-3.860251775161795,-1,1,-1,1,-14,-13,-14,-13,-20,-15,-23,-17,6.599992513656616
1784751745.389541,25.811207247803477,0.0,0.12,25.811207247803477,0.0,0,17.809058289701976,-2.641127628813561,17.809058289701976,-2.641127628813561,18.670000076293945,-4.170000076293945,15.390000343322754,-1.149999976158142,-0.8609417865919688,1.528872447480384,2.4190579463792226,-1.4911276526554191,-0.3013296253071891,0.5351053566181344,0.8466702812327278,-0.5218946784293966,5.801799962684674,-2.1817619151320997,7.70115982796267,-3.873671924035694,-1,1,-1,1,-14,-13,-14,-13,-20,-15,-23,-17,6.6198039054870605
1784751745.4095263,25.811207247803477,0.0,0.12,25.811207247803477,0.0,0,17.809058289701976,-2.641127628813561,17.809058289701976,-2.641127628813561,18.670000076293945,-4.170000076293945,15.390000343322754,-1.149999976158142,-0.8609417865919688,1.528872447480384,2.4190579463792226,-1.4911276526554191,-0.3013296253071891,0.5351053566181344,0.8466702812327278,-0.5218946784293966,5.794051486605347,-2.168002063104776,7.722931349480082,-3.887092072909593,-1,1,-1,1,-14,-13,-14,-13,-19,-15,-23,-17,6.639789342880249
1784751745.4295084,25.811207247803477,0.0,0.12,25.811207247803477,0.0,0,17.809058289701976,-2.641127628813561,17.809058289701976,-2.641127628813561,18.5,-3.819999933242798,16.209999084472656,-1.0299999713897705,-0.6909417102980235,1.1788723044292366,1.5990592052293202,-1.6111276574237907,-0.2418295986043082,0.4126053065502328,0.559670721830262,-0.5638946800983267,5.787833011212665,-2.1573922123649125,7.737322882327146,-3.901592221826407,-1,1,-1,1,-14,-13,-14,-13,-20,-15,-22,-17,6.65977144241333
1784751745.4495754,25.811207247803477,0.0,0.12,25.811207247803477,0.0,0,17.809058289701976,-2.641127628813561,17.809058289701976,-2.641127628813561,18.5,-3.819999933242798,16.209999084472656,-1.0299999713897705,-0.6909417102980235,1.1788723044292366,1.5990592052293202,-1.6111276574237907,-0.2418295986043082,0.4126053065502328,0.559670721830262,-0.5638946800983267,5.781614535819982,-2.146782361625049,7.75171441517421,-3.916092370743221,-1,1,-1,1,-14,-13,-14,-13,-20,-15,-22,-17,6.679838418960571
1784751745.4697,25.811207247803477,0.0,0.12,25.811207247803477,0.0,0,17.809058289701976,-2.641127628813561,17.809058289701976,-2.641127628813561,17.93000030517578,-3.130000114440918,16.329999923706055,-0.949999988079071,-0.1209420154738047,0.4888724856273567,1.4790583659959218,-1.6911276407344902,-0.0423297054158316,0.1711053699695748,0.5176704280985726,-0.5918946742570715,5.780526057680718,-2.142382509254403,7.765025940468174,-3.9313125195098313,-1,1,-1,1,-14,-13,-14,-13,-20,-15,-22,-18,6.699963092803955
1784751745.4895418,25.811207247803477,0.0,0.12,25.811207247803477,0.0,0,17.809058289701976,-2.641127628813561,17.809058289701976,-2.641127628813561,17.93000030517578,-3.130000114440918,16.329999923706055,-0.949999988079071,-0.1209420154738047,0.4888724856273567,1.4790583659959218,-1.6911276407344902,-0.0423297054158316,0.1711053699695748,0.5176704280985726,-0.5918946742570715,5.779437579541454,-2.1379826568837568,7.778337465762138,-3.9465326682764417,-1,1,-1,1,-14,-13,-14,-13,-20,-15,-22,-18,6.719804763793945
1784751745.5095022,25.811207247803477,0.0,0.12,25.811207247803477,0.0,0,17.809058289701976,-2.641127628813561,17.809058289701976,-2.641127628813561,17.93000030517578,-3.130000114440918,16.329999923706055,-0.949999988079071,-0.1209420154738047,0.4888724856273567,1.4790583659959218,-1.6911276407344902,-0.0423297054158316,0.1711053699695748,0.5176704280985726,-0.5918946742570715,5.778349101402189,-2.1335828045131104,7.791648991056101,-3.961752817043052,-1,1,-1,1,-14,-13,-14,-13,-20,-15,-22,-18,6.739765167236328
1784751745.5295146,25.811207247803477,0.0,0.12,25.811207247803477,0.0,0,17.809058289701976,-2.641127628813561,17.809058289701976,-2.641127628813561,17.530000686645508,-2.190000057220459,16.639999389648438,-1.5700000524520874,0.2790576030564686,-0.4511275715931022,1.169058900053539,-1.0711275763614738,0.097670161069764,-0.1578946500575857,0.4091706150187386,-0.3748946517265158,5.7808606198296975,-2.1376429526574485,7.802170521156583,-3.971392965230305,-1,1,-1,1,-14,-13,-14,-13,-20,-15,-22,-17,6.759777545928955
1784751745.5495238,25.811207247803477,0.0,0.12,25.811207247803477,0.0,0,17.809058289701976,-2.641127628813561,17.809058289701976,-2.641127628813561,17.530000686645508,-2.190000057220459,16.639999389648438,-1.5700000524520874,0.2790576030564686,-0.4511275715931022,1.169058900053539,-1.0711275763614738,0.097670161069764,-0.1578946500575857,0.4091706150187386,-0.3748946517265158,5.783372138257206,-2.1417031008017866,7.812692051257065,-3.9810331134175594,-1,1,-1,1,-14,-13,-14,-13,-20,-15,-22,-17,6.779786825180054
1784751745.5697072,25.811207247803477,0.0,0.12,25.811207247803477,0.0,0,17.809058289701976,-2.641127628813561,17.809058289701976,-2.641127628813561,16.56999969482422,-2.2100000381469727,17.530000686645508,-2.680000066757202,1.2390585948777575,-0.4311275906665885,0.2790576030564686,0.0388724379436409,0.4336705082072152,-0.150894656733306,0.097670161069764,0.0136053532802743,5.794523665611106,-2.1455832491177858,7.815203569684573,-3.9806832614760657,-1,1,-1,1,-14,-13,-14,-13,-20,-15,-22,-17,6.7999701499938965
1784751745.589534,25.811207247803477,0.0,0.12,25.811207247803477,0.0,0,17.809058289701976,-2.641127628813561,17.809058289701976,-2.641127628813561,16.56999969482422,-2.2100000381469727,17.530000686645508,-2.680000066757202,1.2390585948777575,-0.4311275906665885,0.2790576030564686,0.0388724379436409,0.4336705082072152,-0.150894656733306,0.097670161069764,0.0136053532802743,5.805675192965006,-2.149463397433785,7.817715088112081,-3.980333409534573,-1,1,-1,1,-14,-13,-14,-13,-20,-15,-22,-17,6.819797039031982
1784751745.6095316,25.811207247803477,0.0,0.12,25.811207247803477,0.0,0,17.809058289701976,-2.641127628813561,17.809058289701976,-2.641127628813561,16.56999969482422,-2.2100000381469727,17.530000686645508,-2.680000066757202,1.2390585948777575,-0.4311275906665885,0.2790576030564686,0.0388724379436409,0.4336705082072152,-0.150894656733306,0.097670161069764,0.0136053532802743,5.816826720318906,-2.153343545749784,7.820226606539589,-3.97998355759308,-1,1,-1,1,-14,-13,-14,-13,-20,-15,-22,-17,6.839794635772705
1784751745.6295204,25.811207247803477,0.0,0.12,25.811207247803477,0.0,0,17.809058289701976,-2.641127628813561,17.809058289701976,-2.641127628813561,16.360000610351562,-2.2300000190734863,17.709999084472656,-4.139999866485596,1.449057679350414,-0.4111276097400749,0.0990592052293202,1.4988722376720345,0.5071701877726449,-0.1438946634090262,0.034670721830262,0.524605283185212,5.829868239433059,-2.1570436942374447,7.821118139386653,-3.966493707454032,-1,1,-1,1,-14,-13,-14,-13,-20,-15,-22,-16,6.859783411026001
1784751745.6495128,25.811207247803477,0.0,0.12,25.811207247803477,0.0,0,17.809058289701976,-2.641127628813561,17.809058289701976,-2.641127628813561,16.360000610351562,-2.2300000190734863,17.709999084472656,-4.139999866485596,1.449057679350414,-0.4111276097400749,0.0990592052293202,1.4988722376720345,0.5071701877726449,-0.1438946634090262,0.034670721830262,0.524605283185212,5.842909758547213,-2.1607438427251053,7.822009672233716,-3.9530038573149833,-1,1,-1,1,-14,-13,-14,-13,-20,-15,-22,-16,6.879775762557983
1784751745.6697347,25.811207247803477,0.0,0.12,25.811207247803477,0.0,0,17.809058289701976,-2.641127628813561,17.809058289701976,-2.641127628813561,15.979999542236328,-2.4600000381469727,18.51000022888184,-4.480000019073486,1.8290587474656483,-0.1811275906665885,-0.7009419391798595,1.838872390259925,0.6401705616129769,-0.0633946567333059,-0.2453296787129508,0.6436053365909737,5.859371287274404,-2.162373991041105,7.815701194781098,-3.936454005802644,-1,1,-1,1,-14,-13,-14,-13,-20,-15,-22,-16,6.899997711181641
1784751745.6895325,25.811207247803477,0.0,0.12,25.811207247803477,0.0,0,17.809058289701976,-2.641127628813561,17.809058289701976,-2.641127628813561,15.979999542236328,-2.4600000381469727,18.51000022888184,-4.480000019073486,1.8290587474656483,-0.1811275906665885,-0.7009419391798595,1.838872390259925,0.6401705616129769,-0.0633946567333059,-0.2453296787129508,0.6436053365909737,5.875832816001594,-2.1640041393571043,7.809392717328479,-3.919904154290305,-1,1,-1,1,-14,-13,-14,-13,-21,-15,-22,-16,6.919795513153076
1784751745.7095296,25.811207247803477,0.0,0.12,25.811207247803477,0.0,0,17.809058289701976,-2.641127628813561,17.809058289701976,-2.641127628813561,15.979999542236328,-2.4600000381469727,18.51000022888184,-4.480000019073486,1.8290587474656483,-0.1811275906665885,-0.7009419391798595,1.838872390259925,0.6401705616129769,-0.0633946567333059,-0.2453296787129508,0.6436053365909737,5.892294344728785,-2.165634287673104,7.803084239875861,-3.9033543027779656,-1,1,-1,1,-14,-13,-14,-13,-21,-15,-22,-16,6.939792633056641
1784751745.729514,25.811207247803477,0.0,0.12,25.811207247803477,0.0,0,17.809058289701976,-2.641127628813561,17.809058289701976,-2.641127628813561,16.170000076293945,-2.180000066757202,18.15999984741211,-4.949999809265137,1.6390582134080312,-0.4611275620563591,-0.3509415577101329,2.3088721804515755,0.5736703746928109,-0.1613946467197256,-0.1228295451985465,0.8081052631580514,5.907045868649457,-2.169784435731611,7.79992576585647,-3.8825744531539015,-1,1,-1,1,-14,-13,-14,-13,-20,-15,-22,-16,6.959776878356934
1784751745.7495224,25.811207247803477,0.0,0.12,25.811207247803477,0.0,0,17.809058289701976,-2.641127628813561,17.809058289701976,-2.641127628813561,16.170000076293945,-2.180000066757202,18.15999984741211,-4.949999809265137,1.6390582134080312,-0.4611275620563591,-0.3509415577101329,2.3088721804515755,0.5736703746928109,-0.1613946467197256,-0.1228295451985465,0.8081052631580514,5.92179739257013,-2.1739345837901185,7.796767291837079,-3.861794603529837,-1,1,-1,1,-14,-13,-14,-13,-20,-15,-22,-16,6.979785442352295
1784751745.7695782,25.811207247803477,0.0,0.12,25.811207247803477,0.0,0,17.809058289701976,-2.641127628813561,17.809058289701976,-2.641127628813561,15.84000015258789,-1.9800000190734863,19.049999237060547,-4.599999904632568,1.9690581371140856,-0.6611276097400749,-1.2409409473585704,1.9588722758190071,0.68917034798993,-0.2313946634090262,-0.4343293315754996,0.6856052965366525,5.939518915804157,-2.1798847322777792,7.785598823310852,-3.8441647530474654,-1,1,-1,1,-14,-13,-14,-13,-21,-15,-21,-16,6.999841213226318
1784751745.7895305,25.811207247803477,0.0,0.12,25.811207247803477,0.0,0,17.809058289701976,-2.641127628813561,17.809058289701976,-2.641127628813561,15.84000015258789,-1.9800000190734863,19.049999237060547,-4.599999904632568,1.9690581371140856,-0.6611276097400749,-1.2409409473585704,1.9588722758190071,0.68917034798993,-0.2313946634090262,-0.4343293315754996,0.6856052965366525,5.957240439038183,-2.18583488076544,7.774430354784624,-3.826534902565095,-1,1,-1,1,-14,-13,-14,-13,-21,-15,-21,-16,7.019793510437012
1784751745.8095186,25.811207247803477,0.0,0.12,25.811207247803477,0.0,0,17.809058289701976,-2.641127628813561,17.809058289701976,-2.641127628813561,15.84000015258789,-1.9800000190734863,19.049999237060547,-4.599999904632568,1.9690581371140856,-0.6611276097400749,-1.2409409473585704,1.9588722758190071,0.68917034798993,-0.2313946634090262,-0.4343293315754996,0.6856052965366525,5.97496196227221,-2.1917850292531007,7.763261886258397,-3.808905052082724,-1,1,-1,1,-14,-13,-14,-13,-21,-15,-21,-16,7.03978157043457
1784751745.8295195,25.811207247803477,0.0,0.12,25.811207247803477,0.0,0,17.809058289701976,-2.641127628813561,17.809058289701976,-2.641127628813561,15.390000343322754,-1.3799999952316284,17.639999389648438,-4.119999885559082,2.4190579463792226,-1.2611276335819328,0.1690589000535389,1.4788722567455208,0.8466702812327278,-0.4413946717536764,0.0591706150187386,0.5176052898609322,5.996733483789623,-2.203135177955338,7.764783416358879,-3.7955952017720143,-1,1,-1,1,-14,-13,-14,-13,-21,-16,-22,-16,7.0597825050354
1784751745.849529,25.811207247803477,0.0,0.12,25.811207247803477,0.0,0,17.809058289701976,-2.641127628813561,17.809058289701976,-2.641127628813561,15.390000343322754,-1.3799999952316284,17.639999389648438,-4.119999885559082,2.4190579463792226,-1.2611276335819328,0.1690589000535389,1.4788722567455208,0.8466702812327278,-0.4413946717536764,0.0591706150187386,0.5176052898609322,6.018505005307035,-2.2144853266575755,7.766304946459361,-3.782285351461304,-1,1,-1,1,-14,-13,-14,-13,-21,-16,-22,-16,7.079792022705078
1784751745.8696346,25.811207247803477,0.0,0.12,25.811207247803477,0.0,0,17.809058289701976,-2.641127628813561,17.809058289701976,-2.641127628813561,15.529999732971191,-1.649999976158142,17.100000381469727,-3.109999895095825,2.279058556730785,-0.9911276526554192,0.7090579082322499,0.4688722662822639,0.7976704948557747,-0.3468946784293967,0.2481702678812874,0.1641052931987923,6.039016532317612,-2.2234054755314743,7.772686467633451,-3.778065501064764,-1,1,-1,1,-14,-13,-14,-13,-21,-16,-22,-17,7.099897623062134
1784751745.889568,25.811207247803477,0.0,0.12,25.811207247803477,0.0,0,17.809058289701976,-2.641127628813561,17.809058289701976,-2.641127628813561,15.529999732971191,-1.649999976158142,17.100000381469727,-3.109999895095825,2.279058556730785,-0.9911276526554192,0.7090579082322499,0.4688722662822639,0.7976704948557747,-0.3468946784293967,0.2481702678812874,0.1641052931987923,6.05952805932819,-2.232325624405373,7.779067988807541,-3.773845650668224,-1,1,-1,1,-14,-13,-14,-13,-21,-16,-22,-17,7.119831085205078
1784751745.9095106,25.811207247803477,0.0,0.12,25.811207247803477,0.0,0,17.809058289701976,-2.641127628813561,17.809058289701976,-2.641127628813561,15.529999732971191,-1.649999976158142,17.100000381469727,-3.109999895095825,2.279058556730785,-0.9911276526554192,0.7090579082322499,0.4688722662822639,0.7976704948557747,-0.3468946784293967,0.2481702678812874,0.1641052931987923,6.080039586338767,-2.241245773279272,7.785449509981631,-3.769625800271684,-1,1,-1,1,-14,-13,-14,-13,-21,-16,-22,-17,7.139773607254028
1784751745.9295156,25.811207247803477,0.0,0.12,25.811207247803477,0.0,0,17.809058289701976,-2.641127628813561,17.809058289701976,-2.641127628813561,16.079999923706055,-1.830000042915344,17.40999984741211,-2.859999895095825,1.7290583659959218,-0.811127585898217,0.3990584422898671,0.2188722662822639,0.6051704280985726,-0.2838946550643759,0.1396704548014534,0.0766052931987923,6.09560111163273,-2.248545921552356,7.789041035962239,-3.767655949875144,-1,1,-1,1,-14,-13,-14,-13,-21,-16,-22,-17,7.159778594970703
1784751745.9495156,25.811207247803477,0.0,0.12,25.811207247803477,0.0,0,17.809058289701976,-2.641127628813561,17.809058289701976,-2.641127628813561,16.079999923706055,-1.830000042915344,17.40999984741211,-2.859999895095825,1.7290583659959218,-0.811127585898217,0.3990584422898671,0.2188722662822639,0.6051704280985726,-0.2838946550643759,0.1396704548014534,0.0766052931987923,6.111162636926693,-2.25584606982544,7.792632561942848,-3.765686099478603,-1,1,-1,1,-14,-13,-14,-13,-21,-16,-22,-17,7.179778575897217
1784751745.9696398,25.811207247803477,0.0,0.12,25.811207247803477,0.0,0,17.809058289701976,-2.641127628813561,17.809058289701976,-2.641127628813561,16.690000534057617,-1.9600000381469729,17.170000076293945,-2.680000066757202,1.1190577556443593,-0.6811275906665886,0.6390582134080312,0.0388724379436409,0.3916702144755257,-0.2383946567333059,0.2236703746928109,0.0136053532802743,6.121234156727493,-2.261976218141439,7.79838408586352,-3.7653362475371104,-1,1,-1,1,-14,-13,-14,-13,-21,-16,-22,-17,7.199902772903442
1784751745.9895182,25.811207247803477,0.0,0.12,25.811207247803477,0.0,0,17.809058289701976,-2.641127628813561,17.809058289701976,-2.641127628813561,16.690000534057617,-1.9600000381469729,17.170000076293945,-2.680000066757202,1.1190577556443593,-0.6811275906665886,0.6390582134080312,0.0388724379436409,0.3916702144755257,-0.2383946567333059,0.2236703746928109,0.0136053532802743,6.131305676528292,-2.268106366457438,7.804135609784192,-3.7649863955956175,-1,1,-1,1,-14,-13,-14,-13,-21,-16,-22,-17,7.219781160354614
1784751746.0095055,25.811207247803477,0.0,0.12,25.811207247803477,0.0,0,17.809058289701976,-2.641127628813561,17.809058289701976,-2.641127628813561,16.690000534057617,-1.9600000381469729,17.170000076293945,-2.680000066757202,1.1190577556443593,-0.6811275906665886,0.6390582134080312,0.0388724379436409,0.3916702144755257,-0.2383946567333059,0.2236703746928109,0.0136053532802743,6.141377196329092,-2.2742365147734374,7.809887133704865,-3.7646365436541247,-1,1,-1,1,-14,-13,-14,-13,-21,-16,-22,-17,7.2397685050964355
1784751746.0295131,25.811207247803477,0.0,0.12,25.811207247803477,0.0,0,17.809058289701976,-2.641127628813561,17.809058289701976,-2.641127628813561,17.1200008392334,-2.509999990463257,18.36000061035156,-2.7799999713897705,0.689057450468578,-0.1311276383503044,-0.550942320649586,0.1388723425762092,0.2411701076640023,-0.0458946734226065,-0.1928298122273551,0.0486053199016732,6.147578713383309,-2.27541666351859,7.804928652819019,-3.763386692570939,-1,1,-1,1,-14,-13,-14,-13,-20,-15,-22,-17,7.2597761154174805
1784751746.0495071,25.811207247803477,0.0,0.12,25.811207247803477,0.0,0,17.809058289701976,-2.641127628813561,17.809058289701976,-2.641127628813561,17.1200008392334,-2.509999990463257,18.36000061035156,-2.7799999713897705,0.689057450468578,-0.1311276383503044,-0.550942320649586,0.1388723425762092,0.2411701076640023,-0.0458946734226065,-0.1928298122273551,0.0486053199016732,6.153780230437526,-2.276596812263743,7.799970171933173,-3.762136841487753,-1,1,-1,1,-14,-13,-14,-13,-20,-15,-22,-17,7.279770135879517
1784751746.0696168,25.811207247803477,0.0,0.12,25.811207247803477,0.0,0,17.809058289701976,-2.641127628813561,17.809058289701976,-2.641127628813561,17.8700008392334,-3.109999895095825,18.739999771118164,-3.9800000190734863,-0.0609425495314219,0.4688722662822639,-0.9309414814161876,1.338872390259925,-0.0213298923359976,0.1641052931987923,-0.3258295184956656,0.4686053365909737,6.153231747491743,-2.2723769618672027,7.791591698600427,-3.7500869899754137,-1,1,-1,1,-14,-13,-14,-13,-20,-15,-21,-16,7.299879789352417
1784751746.0894983,25.811207247803477,0.0,0.12,25.811207247803477,0.0,0,17.809058289701976,-2.641127628813561,17.809058289701976,-2.641127628813561,17.8700008392334,-3.109999895095825,18.739999771118164,-3.9800000190734863,-0.0609425495314219,0.4688722662822639,-0.9309414814161876,1.338872390259925,-0.0213298923359976,0.1641052931987923,-0.3258295184956656,0.4686053365909737,6.15268326454596,-2.2681571114706625,7.783213225267681,-3.738037138463074,-1,1,-1,1,-14,-13,-14,-13,-20,-15,-21,-16,7.319761276245117
1784751746.1095474,25.811207247803477,0.0,0.12,25.811207247803477,0.0,0,17.809058289701976,-2.641127628813561,17.809058289701976,-2.641127628813561,17.8700008392334,-3.109999895095825,18.739999771118164,-3.9800000190734863,-0.0609425495314219,0.4688722662822639,-0.9309414814161876,1.338872390259925,-0.0213298923359976,0.1641052931987923,-0.3258295184956656,0.4686053365909737,6.152134781600177,-2.263937261074122,7.774834751934935,-3.725987286950735,-1,1,-1,1,-14,-13,-14,-13,-20,-15,-21,-16,7.339810371398926
1784751746.1295063,25.811207247803477,0.0,0.12,25.811207247803477,0.0,0,17.809058289701976,-2.641127628813561,17.809058289701976,-2.641127628813561,18.38999938964844,-3.539999961853028,19.90999984741211,-4.369999885559082,-0.580941099946461,0.8988723330394661,-2.100941557710133,1.7288722567455208,-0.2033293849812613,0.3146053165638131,-0.7353295451985464,0.6051052898609323,6.146906311700659,-2.255847410076767,7.755926277915544,-3.710427436640025,-1,1,-1,1,-14,-13,-14,-13,-20,-15,-21,-16,7.359769344329834
1784751746.149506,25.811207247803477,0.0,0.12,25.811207247803477,0.0,0,17.809058289701976,-2.641127628813561,17.809058289701976,-2.641127628813561,18.38999938964844,-3.539999961853028,19.90999984741211,-4.369999885559082,-0.580941099946461,0.8988723330394661,-2.100941557710133,1.7288722567455208,-0.2033293849812613,0.3146053165638131,-0.7353295451985464,0.6051052898609323,6.14167784180114,-2.247757559079412,7.737017803896152,-3.694867586329316,-1,1,-1,1,-14,-13,-14,-13,-20,-15,-21,-16,7.3797690868377686
1784751746.1695757,25.811207247803477,0.0,0.12,25.811207247803477,0.0,0,17.809058289701976,-2.641127628813561,17.809058289701976,-2.641127628813561,18.76000022888184,-2.4800000190734863,20.5,-4.650000095367432,-0.9509419391798596,-0.1611276097400749,-2.6909417102980235,2.0088724665538704,-0.3328296787129507,-0.0563946634090262,-0.941829598604308,0.7031053632938546,6.133119364348522,-2.249207707567072,7.71279932850347,-3.6767877341303303,-1,1,-1,1,-14,-13,-14,-13,-20,-15,-21,-16,7.39983868598938
1784751746.1895003,25.811207247803477,0.0,0.12,25.811207247803477,0.0,0,17.809058289701976,-2.641127628813561,17.809058289701976,-2.641127628813561,18.76000022888184,-2.4800000190734863,20.5,-4.650000095367432,-0.9509419391798596,-0.1611276097400749,-2.6909417102980235,2.0088724665538704,-0.3328296787129507,-0.0563946634090262,-0.941829598604308,0.7031053632938546,6.124560886895903,-2.250657856054733,7.688580853110788,-3.658707881931346,-1,1,-1,1,-14,-13,-14,-13,-20,-15,-21,-16,7.4197633266448975
1784751746.2094965,25.811207247803477,0.0,0.12,25.811207247803477,0.0,0,17.809058289701976,-2.641127628813561,17.809058289701976,-2.641127628813561,18.76000022888184,-2.4800000190734863,20.5,-4.650000095367432,-0.9509419391798596,-0.1611276097400749,-2.6909417102980235,2.0088724665538704,-0.3328296787129507,-0.0563946634090262,-0.941829598604308,0.7031053632938546,6.1160024094432845,-2.2521080045423933,7.664362377718106,-3.640628029732361,-1,1,-1,1,-14,-13,-14,-13,-20,-15,-21,-16,7.4397594928741455
1784751746.2295427,25.811207247803477,0.0,0.12,25.811207247803477,0.0,0,17.809058289701976,-2.641127628813561,17.809058289701976,-2.641127628813561,18.1200008392334,-1.7300000190734863,20.690000534057617,-3.7100000381469727,-0.310942549531422,-0.9111276097400748,-2.8809422443556407,1.0688724093334114,-0.1088298923359976,-0.3188946634090261,-1.0083297855244742,0.374105343266694,6.113203926497501,-2.260308153030054,7.6384338975189054,-3.63100817804836,-1,1,-1,1,-14,-13,-14,-13,-20,-16,-21,-16,7.459805727005005
1784751746.2495065,25.811207247803477,0.0,0.12,25.811207247803477,0.0,0,17.809058289701976,-2.641127628813561,17.809058289701976,-2.641127628813561,18.1200008392334,-1.7300000190734863,20.690000534057617,-3.7100000381469727,-0.310942549531422,-0.9111276097400748,-2.8809422443556407,1.0688724093334114,-0.1088298923359976,-0.3188946634090261,-1.0083297855244742,0.374105343266694,6.110405443551718,-2.268508301517715,7.612505417319705,-3.621388326364359,-1,1,-1,1,-14,-13,-14,-13,-20,-16,-21,-16,7.479769468307495
1784751746.2696605,25.811207247803477,0.0,0.12,25.811207247803477,0.0,0,17.809058289701976,-2.641127628813561,17.809058289701976,-2.641127628813561,18.790000915527344,-1.440000057220459,20.13999938964844,-2.5899999141693115,-0.9809426258253672,-1.2011275715931022,-2.330941099946461,-0.0511277146442497,-0.3433299190388785,-0.4203946500575857,-0.8158293849812613,-0.0178947001254873,6.1015769599192895,-2.279318449662053,7.591526947420187,-3.6218484757961575,-1,1,-1,1,-14,-13,-14,-13,-20,-16,-21,-17,7.499923467636108
1784751746.289508,25.811207247803477,0.0,0.12,25.811207247803477,0.0,0,17.809058289701976,-2.641127628813561,17.809058289701976,-2.641127628813561,18.790000915527344,-1.440000057220459,20.13999938964844,-2.5899999141693115,-0.9809426258253672,-1.2011275715931022,-2.330941099946461,-0.0511277146442497,-0.3433299190388785,-0.4203946500575857,-0.8158293849812613,-0.0178947001254873,6.092748476286861,-2.2901285978063908,7.570548477520669,-3.622308625227956,-1,1,-1,1,-14,-13,-14,-13,-20,-16,-21,-17,7.519771099090576
1784751746.3095124,25.811207247803477,0.0,0.12,25.811207247803477,0.0,0,17.809058289701976,-2.641127628813561,17.809058289701976,-2.641127628813561,18.790000915527344,-1.440000057220459,20.13999938964844,-2.5899999141693115,-0.9809426258253672,-1.2011275715931022,-2.330941099946461,-0.0511277146442497,-0.3433299190388785,-0.4203946500575857,-0.8158293849812613,-0.0178947001254873,6.083919992654432,-2.3009387459507287,7.549570007621151,-3.6227687746597534,-1,1,-1,1,-14,-13,-14,-13,-20,-16,-21,-17,7.539775371551514
1784751746.3295598,25.811207247803477,0.0,0.12,25.811207247803477,0.0,0,17.809058289701976,-2.641127628813561,17.809058289701976,-2.641127628813561,19.270000457763672,-1.690000057220459,19.989999771118164,-2.039999961853028,-1.4609421680616954,-0.9511275715931022,-2.180941481416188,-0.6011276669605339,-0.5113297588215934,-0.3328946500575858,-0.7633295184956657,-0.2103946834361868,6.070771513141877,-2.3094988940950665,7.529941534288405,-3.628178923662399,-1,1,-1,1,-14,-13,-14,-13,-20,-16,-21,-17,7.5598227977752686
1784751746.3495305,25.811207247803477,0.0,0.12,25.811207247803477,0.0,0,17.809058289701976,-2.641127628813561,17.809058289701976,-2.641127628813561,19.270000457763672,-1.690000057220459,19.989999771118164,-2.039999961853028,-1.4609421680616954,-0.9511275715931022,-2.180941481416188,-0.6011276669605339,-0.5113297588215934,-0.3328946500575858,-0.7633295184956657,-0.2103946834361868,6.057623033629322,-2.3180590422394043,7.51031306095566,-3.633589072665044,-1,1,-1,1,-14,-13,-14,-13,-20,-16,-21,-17,7.579793453216553
1784751746.369671,25.811207247803477,0.0,0.12,25.811207247803477,0.0,0,17.809058289701976,-2.641127628813561,17.809058289701976,-2.641127628813561,20.280000686645508,-1.1799999475479126,20.32999992370605,-1.4299999475479126,-2.470942396943532,-1.4611276812656486,-2.5209416340040782,-1.2111276812656486,-0.8648298389302359,-0.511394688442977,-0.8823295719014274,-0.423894688442977,6.03538455205683,-2.331209191370795,7.487624586249623,-3.644489221796434,-1,1,-1,1,-14,-13,-14,-13,-19,-16,-21,-17,7.599934101104736
1784751746.3895402,25.811207247803477,0.0,0.12,25.811207247803477,0.0,0,17.809058289701976,-2.641127628813561,17.809058289701976,-2.641127628813561,20.280000686645508,-1.1799999475479126,20.32999992370605,-1.4299999475479126,-2.470942396943532,-1.4611276812656486,-2.5209416340040782,-1.2111276812656486,-0.8648298389302359,-0.511394688442977,-0.8823295719014274,-0.423894688442977,6.013146070484338,-2.344359340502186,7.464936111543587,-3.655389370927825,-1,1,-1,1,-14,-13,-14,-13,-19,-16,-21,-17,7.619803190231323
1784751746.409504,25.811207247803477,0.0,0.12,25.811207247803477,0.0,0,17.809058289701976,-2.641127628813561,17.809058289701976,-2.641127628813561,20.280000686645508,-1.1799999475479126,20.32999992370605,-1.4299999475479126,-2.470942396943532,-1.4611276812656486,-2.5209416340040782,-1.2111276812656486,-0.8648298389302359,-0.511394688442977,-0.8823295719014274,-0.423894688442977,5.990907588911846,-2.3575094896335766,7.44224763683755,-3.666289520059216,-1,1,-1,1,-14,-13,-14,-13,-19,-16,-21,-17,7.6397669315338135
1784751746.4295137,25.811207247803477,0.0,0.12,25.811207247803477,0.0,0,17.809058289701976,-2.641127628813561,17.809058289701976,-2.641127628813561,20.07999992370605,-0.8299999833106995,20.1200008392334,-1.2300000190734863,-2.2709416340040782,-1.8111276455028615,-2.310942549531422,-1.411127609740075,-0.7948295719014273,-0.6338946759260016,-0.8088298923359977,-0.4938946634090261,5.97046911420581,-2.3738096384431024,7.421449153891767,-3.6789896685468766,-1,1,-1,1,-14,-13,-14,-13,-19,-16,-21,-17,7.65977668762207
1784751746.4495256,25.811207247803477,0.0,0.12,25.811207247803477,0.0,0,17.809058289701976,-2.641127628813561,17.809058289701976,-2.641127628813561,20.07999992370605,-0.8299999833106995,20.1200008392334,-1.2300000190734863,-2.2709416340040782,-1.8111276455028615,-2.310942549531422,-1.411127609740075,-0.7948295719014273,-0.6338946759260016,-0.8088298923359977,-0.4938946634090261,5.950030639499773,-2.390109787252628,7.400650670945984,-3.691689817034537,-1,1,-1,1,-14,-13,-14,-13,-19,-16,-21,-17,7.679788589477539
1784751746.469723,25.811207247803477,0.0,0.12,25.811207247803477,0.0,0,17.809058289701976,-2.641127628813561,17.809058289701976,-2.641127628813561,20.850000381469727,-1.4800000190734863,19.96999931335449,-0.8600000143051147,-3.04094209176775,-1.161127609740075,-2.160941023652516,-1.7811276145084465,-1.0643297321187124,-0.4063946634090262,-0.7563293582783804,-0.6233946650779563,5.922662160673863,-2.4005599357402887,7.381202201733111,-3.707719965565113,-1,1,-1,1,-14,-13,-14,-13,-19,-16,-21,-17,7.699985980987549
1784751746.4895363,25.811207247803477,0.0,0.12,25.811207247803477,0.0,0,17.809058289701976,-2.641127628813561,17.809058289701976,-2.641127628813561,20.850000381469727,-1.4800000190734863,19.96999931335449,-0.8600000143051147,-3.04094209176775,-1.161127609740075,-2.160941023652516,-1.7811276145084465,-1.0643297321187124,-0.4063946634090262,-0.7563293582783804,-0.6233946650779563,5.895293681847954,-2.411010084227949,7.3617537325202385,-3.723750114095689,-1,1,-1,1,-14,-13,-14,-13,-19,-16,-21,-17,7.719799280166626
1784751746.509529,25.811207247803477,0.0,0.12,25.811207247803477,0.0,0,17.809058289701976,-2.641127628813561,17.809058289701976,-2.641127628813561,20.850000381469727,-1.4800000190734863,19.96999931335449,-0.8600000143051147,-3.04094209176775,-1.161127609740075,-2.160941023652516,-1.7811276145084465,-1.0643297321187124,-0.4063946634090262,-0.7563293582783804,-0.6233946650779563,5.867925203022044,-2.4214602327156096,7.342305263307366,-3.739780262626265,-1,1,-1,1,-14,-13,-14,-13,-19,-16,-21,-17,7.739792108535767
1784751746.5295105,25.811207247803477,0.0,0.12,25.811207247803477,0.0,0,17.809058289701976,-2.641127628813561,17.809058289701976,-2.641127628813561,21.15999984741211,-1.7200000286102295,19.63999938964844,-0.8299999833106995,-3.350941557710133,-0.9211276002033316,-1.830941099946461,-1.8111276455028615,-1.1728295451985464,-0.3223946600711661,-0.6408293849812613,-0.6338946759260016,5.837766729002653,-2.42975038111744,7.325826793407848,-3.756080411435791,-1,1,-1,1,-14,-13,-14,-13,-19,-16,-21,-17,7.75977349281311
1784751746.5495768,25.811207247803477,0.0,0.12,25.811207247803477,0.0,0,17.809058289701976,-2.641127628813561,17.809058289701976,-2.641127628813561,21.15999984741211,-1.7200000286102295,19.63999938964844,-0.8299999833106995,-3.350941557710133,-0.9211276002033316,-1.830941099946461,-1.8111276455028615,-1.1728295451985464,-0.3223946600711661,-0.6408293849812613,-0.6338946759260016,5.807608254983262,-2.4380405295192698,7.30934832350833,-3.772380560245317,-1,1,-1,1,-14,-13,-14,-13,-19,-16,-21,-17,7.779839754104614
1784751746.5696683,25.811207247803477,0.0,0.12,25.811207247803477,0.0,0,17.809058289701976,-2.641127628813561,17.809058289701976,-2.641127628813561,20.46999931335449,-1.659999966621399,20.309999465942383,-0.8100000023841858,-2.660941023652516,-0.9811276621921624,-2.5009411762404063,-1.8311276264293757,-0.9313293582783804,-0.3433946817672568,-0.8753294116841421,-0.6408946692502814,5.783659785770389,-2.4468706784789997,7.286839852922166,-3.788860708883181,-1,1,-1,1,-14,-13,-14,-13,-19,-16,-20,-17,7.799931287765503
1784751746.5895348,25.811207247803477,0.0,0.12,25.811207247803477,0.0,0,17.809058289701976,-2.641127628813561,17.809058289701976,-2.641127628813561,20.46999931335449,-1.659999966621399,20.309999465942383,-0.8100000023841858,-2.660941023652516,-0.9811276621921624,-2.5009411762404063,-1.8311276264293757,-0.9313293582783804,-0.3433946817672568,-0.8753294116841421,-0.6408946692502814,5.7597113165575164,-2.455700827438729,7.264331382336002,-3.8053408575210455,-1,1,-1,1,-14,-13,-14,-13,-19,-16,-20,-17,7.81979775428772
1784751746.6095357,25.811207247803477,0.0,0.12,25.811207247803477,0.0,0,17.809058289701976,-2.641127628813561,17.809058289701976,-2.641127628813561,20.46999931335449,-1.659999966621399,20.309999465942383,-0.8100000023841858,-2.660941023652516,-0.9811276621921624,-2.5009411762404063,-1.8311276264293757,-0.9313293582783804,-0.3433946817672568,-0.8753294116841421,-0.6408946692502814,5.735762847344644,-2.4645309763984584,7.241822911749838,-3.8218210061589097,-1,1,-1,1,-14,-13,-14,-13,-19,-16,-20,-17,7.83979868888855
1784751746.629518,25.811207247803477,0.0,0.12,25.811207247803477,0.0,0,17.809058289701976,-2.641127628813561,17.809058289701976,-2.641127628813561,20.21999931335449,-1.3899999856948853,19.649999618530277,-0.5600000023841858,-2.410941023652516,-1.251127643118676,-1.840941328828297,-2.0811276264293754,-0.8438293582783805,-0.4378946750915365,-0.6443294650899039,-0.7283946692502814,5.714064378131771,-2.4757911251865266,7.225254439790383,-3.840551154796774,-1,1,-1,1,-14,-13,-14,-13,-19,-16,-21,-18,7.85978102684021
1784751746.649531,25.811207247803477,0.0,0.12,25.811207247803477,0.0,0,17.809058289701976,-2.641127628813561,17.809058289701976,-2.641127628813561,20.21999931335449,-1.3899999856948853,19.649999618530277,-0.5600000023841858,-2.410941023652516,-1.251127643118676,-1.840941328828297,-2.0811276264293754,-0.8438293582783805,-0.4378946750915365,-0.6443294650899039,-0.7283946692502814,5.692365908918898,-2.4870512739745947,7.208685967830928,-3.8592813034346394,-1,1,-1,1,-14,-13,-14,-13,-19,-16,-21,-18,7.879793882369995
1784751746.669736,25.811207247803477,0.0,0.12,25.811207247803477,0.0,0,17.809058289701976,-2.641127628813561,17.809058289701976,-2.641127628813561,20.270000457763672,-1.2000000476837158,19.63999938964844,-0.6200000047683716,-2.4609421680616954,-1.4411275811298454,-1.830941099946461,-2.0211276240451896,-0.8613297588215933,-0.5043946533954459,-0.6408293849812613,-0.7073946684158163,5.670217429406343,-2.5000214222047634,7.192207497931411,-3.877471452051045,-1,1,-1,1,-14,-13,-14,-13,-19,-16,-21,-18,7.899998903274536
1784751746.6895292,25.811207247803477,0.0,0.12,25.811207247803477,0.0,0,17.809058289701976,-2.641127628813561,17.809058289701976,-2.641127628813561,20.270000457763672,-1.2000000476837158,19.63999938964844,-0.6200000047683716,-2.4609421680616954,-1.4411275811298454,-1.830941099946461,-2.0211276240451896,-0.8613297588215933,-0.5043946533954459,-0.6408293849812613,-0.7073946684158163,5.648068949893787,-2.512991570434932,7.175729028031893,-3.895661600667452,-1,1,-1,1,-14,-13,-14,-13,-19,-16,-21,-18,7.919792175292969
1784751746.7095337,25.811207247803477,0.0,0.12,25.811207247803477,0.0,0,17.809058289701976,-2.641127628813561,17.809058289701976,-2.641127628813561,20.270000457763672,-1.2000000476837158,19.63999938964844,-0.6200000047683716,-2.4609421680616954,-1.4411275811298454,-1.830941099946461,-2.0211276240451896,-0.8613297588215933,-0.5043946533954459,-0.6408293849812613,-0.7073946684158163,5.625920470381232,-2.525961718665101,7.159250558132375,-3.913851749283859,-1,1,-1,1,-14,-13,-14,-13,-19,-16,-21,-18,7.939796686172485
1784751746.7295363,25.811207247803477,0.0,0.12,25.811207247803477,0.0,0,17.809058289701976,-2.641127628813561,17.809058289701976,-2.641127628813561,19.170000076293945,-0.8399999737739563,18.51000022888184,-0.6600000262260437,-1.3609417865919688,-1.801127655039605,-0.7009419391798595,-1.9811276025875173,-0.4763296253071891,-0.6303946792638617,-0.2453296787129508,-0.6933946609056311,5.613671994301904,-2.542171867560457,7.152942080679757,-3.9316818977071466,-1,1,-1,1,-14,-13,-14,-13,-19,-16,-21,-18,7.959799289703369
1784751746.7495186,25.811207247803477,0.0,0.12,25.811207247803477,0.0,0,17.809058289701976,-2.641127628813561,17.809058289701976,-2.641127628813561,19.170000076293945,-0.8399999737739563,18.51000022888184,-0.6600000262260437,-1.3609417865919688,-1.801127655039605,-0.7009419391798595,-1.9811276025875173,-0.4763296253071891,-0.6303946792638617,-0.2453296787129508,-0.6933946609056311,5.601423518222576,-2.558382016455814,7.146633603227138,-3.949512046130434,-1,1,-1,1,-14,-13,-14,-13,-19,-16,-21,-18,7.979781627655029
1784751746.7697816,25.811207247803477,0.0,0.12,25.811207247803477,0.0,0,17.809058289701976,-2.641127628813561,17.809058289701976,-2.641127628813561,18.170000076293945,-0.5899999737739563,18.38999938964844,-0.6899999976158142,-0.3609417865919688,-2.051127655039605,-0.580941099946461,-1.951127631197747,-0.126329625307189,-0.7178946792638616,-0.2033293849812613,-0.6828946709192114,5.598175042143248,-2.5768421653511706,7.14140513332762,-3.9670721948112138,-1,1,-1,1,-14,-13,-14,-13,-19,-16,-21,-18,8.000044584274292
1784751746.7895029,25.811207247803477,0.0,0.12,25.811207247803477,0.0,0,17.809058289701976,-2.641127628813561,17.809058289701976,-2.641127628813561,18.170000076293945,-0.5899999737739563,18.38999938964844,-0.6899999976158142,-0.3609417865919688,-2.051127655039605,-0.580941099946461,-1.951127631197747,-0.126329625307189,-0.7178946792638616,-0.2033293849812613,-0.6828946709192114,5.59492656606392,-2.5953023142465272,7.136176663428102,-3.9846323434919935,-1,1,-1,1,-14,-13,-14,-13,-19,-16,-21,-18,8.019765853881836
1784751746.8095164,25.811207247803477,0.0,0.12,25.811207247803477,0.0,0,17.809058289701976,-2.641127628813561,17.809058289701976,-2.641127628813561,18.170000076293945,-0.5899999737739563,18.38999938964844,-0.6899999976158142,-0.3609417865919688,-2.051127655039605,-0.580941099946461,-1.951127631197747,-0.126329625307189,-0.7178946792638616,-0.2033293849812613,-0.6828946709192114,5.591678089984592,-2.613762463141884,7.130948193528584,-4.002192492172774,-1,1,-1,1,-14,-13,-14,-13,-19,-16,-21,-18,8.039779424667358
1784751746.8295112,25.811207247803477,0.0,0.12,25.811207247803477,0.0,0,17.809058289701976,-2.641127628813561,17.809058289701976,-2.641127628813561,17.25,-0.8600000143051147,17.170000076293945,-0.9399999976158142,0.5590582897019765,-1.7811276145084465,0.6390582134080312,-1.701127631197747,0.1956704013956917,-0.6233946650779563,0.2236703746928109,-0.5953946709192114,5.5967096145919095,-2.62979261167246,7.136699717449256,-4.017502640853554,-1,1,-1,1,-14,-13,-14,-13,-20,-16,-21,-18,8.059774160385132
1784751746.8495178,25.811207247803477,0.0,0.12,25.811207247803477,0.0,0,17.809058289701976,-2.641127628813561,17.809058289701976,-2.641127628813561,17.25,-0.8600000143051147,17.170000076293945,-0.9399999976158142,0.5590582897019765,-1.7811276145084465,0.6390582134080312,-1.701127631197747,0.1956704013956917,-0.6233946650779563,0.2236703746928109,-0.5953946709192114,5.601741139199227,-2.645822760203036,7.142451241369928,-4.032812789534334,-1,1,-1,1,-14,-13,-14,-13,-20,-16,-21,-18,8.07978081703186
1784751746.8695655,25.811207247803477,0.0,0.12,25.811207247803477,0.0,0,17.809058289701976,-2.641127628813561,17.809058289701976,-2.641127628813561,17.510000228881836,-1.9600000381469729,17.0,-1.1100000143051147,0.2990580608201405,-0.6811275906665886,0.8090582897019765,-1.5311276145084465,0.1046703212870491,-0.2383946567333059,0.2831704013956917,-0.5358946650779562,5.604432661746608,-2.651952908519035,7.149732765977245,-4.04659293806491,-1,1,-1,1,-14,-13,-14,-13,-20,-16,-21,-18,8.099828481674194
1784751746.8895252,25.811207247803477,0.0,0.12,25.811207247803477,0.0,0,17.809058289701976,-2.641127628813561,17.809058289701976,-2.641127628813561,17.510000228881836,-1.9600000381469729,17.0,-1.1100000143051147,0.2990580608201405,-0.6811275906665886,0.8090582897019765,-1.5311276145084465,0.1046703212870491,-0.2383946567333059,0.2831704013956917,-0.5358946650779562,5.607124184293989,-2.6580830568350344,7.157014290584563,-4.060373086595486,-1,1,-1,1,-14,-13,-14,-13,-20,-16,-21,-18,8.11978816986084
1784751746.9095223,25.811207247803477,0.0,0.12,25.811207247803477,0.0,0,17.809058289701976,-2.641127628813561,17.809058289701976,-2.641127628813561,17.510000228881836,-1.9600000381469729,17.0,-1.1100000143051147,0.2990580608201405,-0.6811275906665886,0.8090582897019765,-1.5311276145084465,0.1046703212870491,-0.2383946567333059,0.2831704013956917,-0.5358946650779562,5.60981570684137,-2.6642132051510337,7.16429581519188,-4.074153235126062,-1,1,-1,1,-14,-13,-14,-13,-20,-16,-21,-18,8.139785289764404
1784751746.9295173,25.811207247803477,0.0,0.12,25.811207247803477,0.0,0,17.809058289701976,-2.641127628813561,17.809058289701976,-2.641127628813561,17.920000076293945,-2.9600000381469727,16.65999984741211,-1.6799999475479126,-0.1109417865919688,0.3188724093334114,1.149058442289867,-0.9611276812656486,-0.038829625307189,0.111605343266694,0.4021704548014534,-0.336394688442977,5.608817230762042,-2.661343353467033,7.174637341172489,-4.082803384257453,-1,1,-1,1,-14,-13,-14,-13,-20,-16,-22,-17,8.159780263900757
1784751746.9495163,25.811207247803477,0.0,0.12,25.811207247803477,0.0,0,17.809058289701976,-2.641127628813561,17.809058289701976,-2.641127628813561,17.920000076293945,-2.9600000381469727,16.65999984741211,-1.6799999475479126,-0.1109417865919688,0.3188724093334114,1.149058442289867,-0.9611276812656486,-0.038829625307189,0.111605343266694,0.4021704548014534,-0.336394688442977,5.607818754682714,-2.6584735017830323,7.184978867153098,-4.091453533388844,-1,1,-1,1,-14,-13,-14,-13,-20,-16,-22,-17,8.179779291152954
1784751746.969613,25.811207247803477,0.0,0.12,25.811207247803477,0.0,0,17.809058289701976,-2.641127628813561,17.809058289701976,-2.641127628813561,17.979999542236328,-3.880000114440918,16.639999389648438,-2.0799999237060547,-0.1709412525343516,1.2388724856273567,1.169058900053539,-0.5611277051075065,-0.059829438387023,0.4336053699695748,0.4091706150187386,-0.1963946967876272,5.606280283409904,-2.647323649412386,7.195500397253579,-4.096503682734811,-1,1,-1,1,-14,-13,-14,-13,-20,-15,-22,-17,8.199876070022583
1784751746.9895723,25.811207247803477,0.0,0.12,25.811207247803477,0.0,0,17.809058289701976,-2.641127628813561,17.809058289701976,-2.641127628813561,17.979999542236328,-3.880000114440918,16.639999389648438,-2.0799999237060547,-0.1709412525343516,1.2388724856273567,1.169058900053539,-0.5611277051075065,-0.059829438387023,0.4336053699695748,0.4091706150187386,-0.1963946967876272,5.604741812137095,-2.63617379704174,7.206021927354061,-4.1015538320807785,-1,1,-1,1,-14,-13,-14,-13,-20,-15,-22,-17,8.21983528137207
1784751747.0095215,25.811207247803477,0.0,0.12,25.811207247803477,0.0,0,17.809058289701976,-2.641127628813561,17.809058289701976,-2.641127628813561,17.979999542236328,-3.880000114440918,16.639999389648438,-2.0799999237060547,-0.1709412525343516,1.2388724856273567,1.169058900053539,-0.5611277051075065,-0.059829438387023,0.4336053699695748,0.4091706150187386,-0.1963946967876272,5.603203340864286,-2.625023944671094,7.216543457454542,-4.106603981426746,-1,1,-1,1,-14,-13,-14,-13,-20,-15,-22,-17,8.239784479141235
1784751747.0295165,25.811207247803477,0.0,0.12,25.811207247803477,0.0,0,17.809058289701976,-2.641127628813561,17.809058289701976,-2.641127628813561,18.020000457763672,-4.53000020980835,16.6299991607666,-2.819999933242798,-0.2109421680616954,1.8888725809947884,1.179059128935375,0.1788723044292366,-0.0738297588215933,0.6611054033481759,0.4126706951273812,0.0626053065502328,5.60130486135173,-2.608024091442141,7.227154989614961,-4.104994130686883,-1,1,-1,1,-14,-13,-14,-13,-20,-15,-22,-17,8.259779453277588
1784751747.0495071,25.811207247803477,0.0,0.12,25.811207247803477,0.0,0,17.809058289701976,-2.641127628813561,17.809058289701976,-2.641127628813561,18.020000457763672,-4.53000020980835,16.6299991607666,-2.819999933242798,-0.2109421680616954,1.8888725809947884,1.179059128935375,0.1788723044292366,-0.0738297588215933,0.6611054033481759,0.4126706951273812,0.0626053065502328,5.599406381839175,-2.591024238213188,7.23776652177538,-4.10338427994702,-1,1,-1,1,-14,-13,-14,-13,-20,-15,-22,-17,8.279770135879517
1784751747.0695655,25.811207247803477,0.0,0.12,25.811207247803477,0.0,0,17.809058289701976,-2.641127628813561,17.809058289701976,-2.641127628813561,18.5,-4.300000190734863,16.850000381469727,-3.3299999237060547,-0.6909417102980235,1.658872561921302,0.95905790823225,0.6888722948924935,-0.2418295986043082,0.5806053966724557,0.3356702678812874,0.2411053032123727,5.593187906446492,-2.576094385155896,7.24639804294947,-4.097184429292988,-1,1,-1,1,-14,-13,-14,-13,-19,-15,-22,-17,8.29982852935791
1784751747.0895028,25.811207247803477,0.0,0.12,25.811207247803477,0.0,0,17.809058289701976,-2.641127628813561,17.809058289701976,-2.641127628813561,18.5,-4.300000190734863,16.850000381469727,-3.3299999237060547,-0.6909417102980235,1.658872561921302,0.95905790823225,0.6888722948924935,-0.2418295986043082,0.5806053966724557,0.3356702678812874,0.2411053032123727,5.58696943105381,-2.561164532098604,7.25502956412356,-4.090984578638956,-1,1,-1,1,-14,-13,-14,-13,-19,-15,-22,-17,8.31976580619812
1784751747.1095085,25.811207247803477,0.0,0.12,25.811207247803477,0.0,0,17.809058289701976,-2.641127628813561,17.809058289701976,-2.641127628813561,18.5,-4.300000190734863,16.850000381469727,-3.3299999237060547,-0.6909417102980235,1.658872561921302,0.95905790823225,0.6888722948924935,-0.2418295986043082,0.5806053966724557,0.3356702678812874,0.2411053032123727,5.580750955661128,-2.546234679041312,7.26366108529765,-4.084784727984924,-1,1,-1,1,-14,-13,-14,-13,-19,-15,-22,-17,8.339771509170532
1784751747.1295078,25.811207247803477,0.0,0.12,25.811207247803477,0.0,0,17.809058289701976,-2.641127628813561,17.809058289701976,-2.641127628813561,18.15999984741211,-3.920000076293945,17.450000762939453,-3.690000057220459,-0.3509415577101329,1.278872447480384,0.3590575267625233,1.0488724284068978,-0.1228295451985465,0.4476053566181344,0.1256701343668831,0.3671053499424141,5.577592481641737,-2.5347248270139886,7.266892603038513,-4.075344876129262,-1,1,-1,1,-14,-13,-14,-13,-19,-15,-21,-17,8.359770774841309
1784751747.1495037,25.811207247803477,0.0,0.12,25.811207247803477,0.0,0,17.809058289701976,-2.641127628813561,17.809058289701976,-2.641127628813561,18.15999984741211,-3.920000076293945,17.450000762939453,-3.690000057220459,-0.3509415577101329,1.278872447480384,0.3590575267625233,1.0488724284068978,-0.1228295451985465,0.4476053566181344,0.1256701343668831,0.3671053499424141,5.574434007622346,-2.523214974986665,7.270124120779376,-4.0659050242736,-1,1,-1,1,-14,-13,-14,-13,-19,-15,-21,-17,8.379766702651978
1784751747.1696787,25.811207247803477,0.0,0.12,25.811207247803477,0.0,0,17.809058289701976,-2.641127628813561,17.809058289701976,-2.641127628813561,17.690000534057617,-3.190000057220459,17.649999618530273,-3.7100000381469727,0.1190577556443592,0.5488724284068978,0.159058671171703,1.0688724093334114,0.0416702144755257,0.1921053499424142,0.055670534910096,0.374105343266694,5.575505527423146,-2.5182751231310028,7.271555648819922,-4.056285172589599,-1,1,-1,1,-14,-13,-14,-13,-20,-15,-21,-17,8.399941682815552
1784751747.1894946,25.811207247803477,0.0,0.12,25.811207247803477,0.0,0,17.809058289701976,-2.641127628813561,17.809058289701976,-2.641127628813561,17.690000534057617,-3.190000057220459,17.649999618530273,-3.7100000381469727,0.1190577556443592,0.5488724284068978,0.159058671171703,1.0688724093334114,0.0416702144755257,0.1921053499424142,0.055670534910096,0.374105343266694,5.576577047223945,-2.5133352712753405,7.272987176860467,-4.046665320905599,-1,1,-1,1,-14,-13,-14,-13,-20,-15,-21,-17,8.419757604598999
1784751747.20956,25.811207247803477,0.0,0.12,25.811207247803477,0.0,0,17.809058289701976,-2.641127628813561,17.809058289701976,-2.641127628813561,17.690000534057617,-3.190000057220459,17.649999618530273,-3.7100000381469727,0.1190577556443592,0.5488724284068978,0.159058671171703,1.0688724093334114,0.0416702144755257,0.1921053499424142,0.055670534910096,0.374105343266694,5.577648567024744,-2.5083954194196783,7.274418704901013,-4.037045469221599,-1,1,-1,1,-14,-13,-14,-13,-20,-15,-21,-17,8.439822912216187
1784751747.2294917,25.811207247803477,0.0,0.12,25.811207247803477,0.0,0,17.809058289701976,-2.641127628813561,17.809058289701976,-2.641127628813561,17.360000610351562,-2.4600000381469727,18.239999771118164,-3.049999952316284,0.4490576793504139,-0.1811275906665885,-0.4309414814161876,0.4088723235027229,0.1571701877726448,-0.0633946567333059,-0.1508295184956656,0.143105313225953,5.581690086138898,-2.5100255677356778,7.270540231568267,-4.033365618310074,-1,1,-1,1,-14,-13,-14,-13,-20,-16,-21,-17,8.459754705429077
1784751747.2495034,25.811207247803477,0.0,0.12,25.811207247803477,0.0,0,17.809058289701976,-2.641127628813561,17.809058289701976,-2.641127628813561,17.360000610351562,-2.4600000381469727,18.239999771118164,-3.049999952316284,0.4490576793504139,-0.1811275906665885,-0.4309414814161876,0.4088723235027229,0.1571701877726448,-0.0633946567333059,-0.1508295184956656,0.143105313225953,5.585731605253051,-2.5116557160516773,7.2666617582355215,-4.02968576739855,-1,1,-1,1,-14,-13,-14,-13,-20,-16,-21,-17,8.479766368865967
1784751747.26961,25.811207247803477,0.0,0.12,25.811207247803477,0.0,0,17.809058289701976,-2.641127628813561,17.809058289701976,-2.641127628813561,17.360000610351562,-1.7200000286102295,17.979999542236328,-2.819999933242798,0.4490576793504139,-0.9211276002033316,-0.1709412525343516,0.1788723044292366,0.1571701877726448,-0.3223946600711661,-0.059829438387023,0.0626053065502328,5.589773124367205,-2.5199458644535078,7.265123286962712,-4.028075916658687,-1,1,-1,1,-14,-13,-14,-13,-20,-16,-21,-17,8.499872922897339
1784751747.2895813,25.811207247803477,0.0,0.12,25.811207247803477,0.0,0,17.809058289701976,-2.641127628813561,17.809058289701976,-2.641127628813561,17.360000610351562,-1.7200000286102295,17.979999542236328,-2.819999933242798,0.4490576793504139,-0.9211276002033316,-0.1709412525343516,0.1788723044292366,0.1571701877726448,-0.3223946600711661,-0.059829438387023,0.0626053065502328,5.593814643481358,-2.5282360128553374,7.263584815689903,-4.026466065918824,-1,1,-1,1,-14,-13,-14,-13,-20,-16,-21,-17,8.51984429359436
1784751747.3095124,25.811207247803477,0.0,0.12,25.811207247803477,0.0,0,17.809058289701976,-2.641127628813561,17.809058289701976,-2.641127628813561,17.360000610351562,-1.7200000286102295,17.979999542236328,-2.819999933242798,0.4490576793504139,-0.9211276002033316,-0.1709412525343516,0.1788723044292366,0.1571701877726448,-0.3223946600711661,-0.059829438387023,0.0626053065502328,5.597856162595511,-2.5365261612571675,7.262046344417094,-4.0248562151789615,-1,1,-1,1,-14,-13,-14,-13,-20,-16,-21,-17,8.539775371551514
1784751747.3295064,25.811207247803477,0.0,0.12,25.811207247803477,0.0,0,17.809058289701976,-2.641127628813561,17.809058289701976,-2.641127628813561,17.360000610351562,-1.4299999475479126,18.020000457763672,-2.200000047683716,0.4490576793504139,-1.2111276812656486,-0.2109421680616954,-0.4411275811298454,0.1571701877726448,-0.423894688442977,-0.0738297588215933,-0.1543946533954459,5.601897681709665,-2.547426310388558,7.260147864904538,-4.02882636340913,-1,1,-1,1,-14,-13,-14,-13,-20,-16,-21,-17,8.55976939201355
1784751747.349531,25.811207247803477,0.0,0.12,25.811207247803477,0.0,0,17.809058289701976,-2.641127628813561,17.809058289701976,-2.641127628813561,17.360000610351562,-1.4299999475479126,18.020000457763672,-2.200000047683716,0.4490576793504139,-1.2111276812656486,-0.2109421680616954,-0.4411275811298454,0.1571701877726448,-0.423894688442977,-0.0738297588215933,-0.1543946533954459,5.605939200823818,-2.558326459519949,7.2582493853919825,-4.032796511639298,-1,1,-1,1,-14,-13,-14,-13,-20,-16,-21,-17,8.579793930053711
1784751747.36957,25.811207247803477,0.0,0.12,25.811207247803477,0.0,0,17.809058289701976,-2.641127628813561,17.809058289701976,-2.641127628813561,17.360000610351562,-0.7799999713897705,17.81999969482422,-1.5399999618530271,0.4490576793504139,-1.8611276574237907,-0.0109414051222422,-1.101127666960534,0.1571701877726448,-0.6513946800983267,-0.0038294917927848,-0.3853946834361868,5.609980719937972,-2.575076608436763,7.258150912745882,-4.042706660641943,-1,1,-1,1,-14,-13,-14,-13,-20,-16,-21,-17,8.599833011627197
1784751747.3895197,25.811207247803477,0.0,0.12,25.811207247803477,0.0,0,17.809058289701976,-2.641127628813561,17.809058289701976,-2.641127628813561,17.360000610351562,-0.7799999713897705,17.81999969482422,-1.5399999618530271,0.4490576793504139,-1.8611276574237907,-0.0109414051222422,-1.101127666960534,0.1571701877726448,-0.6513946800983267,-0.0038294917927848,-0.3853946834361868,5.614022239052125,-2.591826757353577,7.258052440099782,-4.052616809644587,-1,1,-1,1,-14,-13,-14,-13,-20,-16,-21,-17,8.61978268623352
1784751747.4095156,25.811207247803477,0.0,0.12,25.811207247803477,0.0,0,17.809058289701976,-2.641127628813561,17.809058289701976,-2.641127628813561,17.360000610351562,-0.7799999713897705,17.81999969482422,-1.5399999618530271,0.4490576793504139,-1.8611276574237907,-0.0109414051222422,-1.101127666960534,0.1571701877726448,-0.6513946800983267,-0.0038294917927848,-0.3853946834361868,5.618063758166279,-2.608576906270391,7.257953967453681,-4.062526958647232,-1,1,-1,1,-14,-13,-14,-13,-20,-16,-21,-17,8.63977861404419
1784751747.4295166,25.811207247803477,0.0,0.12,25.811207247803477,0.0,0,17.809058289701976,-2.641127628813561,17.809058289701976,-2.641127628813561,17.360000610351562,-0.5400000214576721,18.1299991607666,-1.5299999713897705,0.4490576793504139,-2.101127607355889,-0.3209408710646251,-1.1111276574237907,0.1571701877726448,-0.7353946625745611,-0.1123293048726187,-0.3888946800983267,5.622105277280432,-2.627487054736594,7.2550654996140995,-4.072527107564046,-1,1,-1,1,-14,-13,-14,-13,-20,-16,-21,-17,8.65977954864502
1784751747.4495711,25.811207247803477,0.0,0.12,25.811207247803477,0.0,0,17.809058289701976,-2.641127628813561,17.809058289701976,-2.641127628813561,17.360000610351562,-0.5400000214576721,18.1299991607666,-1.5299999713897705,0.4490576793504139,-2.101127607355889,-0.3209408710646251,-1.1111276574237907,0.1571701877726448,-0.7353946625745611,-0.1123293048726187,-0.3888946800983267,5.626146796394585,-2.6463972032027967,7.252177031774518,-4.08252725648086,-1,1,-1,1,-14,-13,-14,-13,-20,-16,-21,-17,8.679834127426147
1784751747.4696448,25.811207247803477,0.0,0.12,25.811207247803477,0.0,0,17.809058289701976,-2.641127628813561,17.809058289701976,-2.641127628813561,17.1299991607666,-0.6100000143051147,18.809999465942383,-2.430000066757202,0.6790591289353749,-2.0311276145084465,-1.0009411762404063,-0.211127562056359,0.2376706951273812,-0.7108946650779562,-0.3503294116841422,-0.0738946467197256,5.632258328555004,-2.664677351733373,7.243168561188354,-4.084427404539366,-1,1,-1,1,-14,-13,-14,-13,-20,-16,-21,-17,8.699907779693604
1784751747.4896092,25.811207247803477,0.0,0.12,25.811207247803477,0.0,0,17.809058289701976,-2.641127628813561,17.809058289701976,-2.641127628813561,17.1299991607666,-0.6100000143051147,18.809999465942383,-2.430000066757202,0.6790591289353749,-2.0311276145084465,-1.0009411762404063,-0.211127562056359,0.2376706951273812,-0.7108946650779562,-0.3503294116841422,-0.0738946467197256,5.638369860715423,-2.682957500263949,7.234160090602191,-4.086327552597873,-1,1,-1,1,-14,-13,-14,-13,-20,-16,-21,-17,8.719872236251831
1784751747.509539,25.811207247803477,0.0,0.12,25.811207247803477,0.0,0,17.809058289701976,-2.641127628813561,17.809058289701976,-2.641127628813561,17.1299991607666,-0.6100000143051147,18.809999465942383,-2.430000066757202,0.6790591289353749,-2.0311276145084465,-1.0009411762404063,-0.211127562056359,0.2376706951273812,-0.7108946650779562,-0.3503294116841422,-0.0738946467197256,5.644481392875841,-2.701237648794525,7.225151620016027,-4.08822770065638,-1,1,-1,1,-14,-13,-14,-13,-20,-16,-21,-17,8.73980188369751
1784751747.529512,25.811207247803477,0.0,0.12,25.811207247803477,0.0,0,17.809058289701976,-2.641127628813561,17.809058289701976,-2.641127628813561,16.969999313354492,-0.4199999868869781,19.5,-3.059999942779541,0.8390589763474843,-2.221127641926583,-1.6909417102980235,0.4188723139659798,0.2936706417216195,-0.777394674674304,-0.5918295986043082,0.1466053098880929,5.6520329236629685,-2.7212277975718644,7.209933144623345,-4.084457849830686,-1,1,-1,1,-14,-13,-14,-13,-20,-16,-21,-17,8.759774923324585
1784751747.549508,25.811207247803477,0.0,0.12,25.811207247803477,0.0,0,17.809058289701976,-2.641127628813561,17.809058289701976,-2.641127628813561,16.969999313354492,-0.4199999868869781,19.5,-3.059999942779541,0.8390589763474843,-2.221127641926583,-1.6909417102980235,0.4188723139659798,0.2936706417216195,-0.777394674674304,-0.5918295986043082,0.1466053098880929,5.659584454450096,-2.741217946349204,7.194714669230662,-4.080687999004993,-1,1,-1,1,-14,-13,-14,-13,-20,-17,-21,-17,8.779771089553833
1784751747.5696516,25.811207247803477,0.0,0.12,25.811207247803477,0.0,0,17.809058289701976,-2.641127628813561,17.809058289701976,-2.641127628813561,16.639999389648438,-0.3000000119209289,19.989999771118164,-3.049999952316284,1.169058900053539,-2.3411276168926323,-2.180941481416188,0.4088723235027229,0.4091706150187386,-0.8193946659124213,-0.7633295184956657,0.143105313225953,5.6701059845505775,-2.7622880949012374,7.175086195897917,-4.077008148093468,-1,1,-1,1,-14,-13,-14,-13,-20,-17,-20,-17,8.799914598464966
1784751747.5895352,25.811207247803477,0.0,0.12,25.811207247803477,0.0,0,17.809058289701976,-2.641127628813561,17.809058289701976,-2.641127628813561,16.639999389648438,-0.3000000119209289,19.989999771118164,-3.049999952316284,1.169058900053539,-2.3411276168926323,-2.180941481416188,0.4088723235027229,0.4091706150187386,-0.8193946659124213,-0.7633295184956657,0.143105313225953,5.680627514651059,-2.783358243453271,7.155457722565171,-4.073328297181944,-1,1,-1,1,-14,-13,-14,-13,-20,-17,-20,-17,8.819798231124878
1784751747.6095128,25.811207247803477,0.0,0.12,25.811207247803477,0.0,0,17.809058289701976,-2.641127628813561,17.809058289701976,-2.641127628813561,16.639999389648438,-0.3000000119209289,19.989999771118164,-3.049999952316284,1.169058900053539,-2.3411276168926323,-2.180941481416188,0.4088723235027229,0.4091706150187386,-0.8193946659124213,-0.7633295184956657,0.143105313225953,5.6911490447515405,-2.804428392005305,7.135829249232426,-4.06964844627042,-1,1,-1,1,-14,-13,-14,-13,-20,-17,-20,-17,8.839775800704956
1784751747.6295867,25.811207247803477,0.0,0.12,25.811207247803477,0.0,0,17.809058289701976,-2.641127628813561,17.809058289701976,-2.641127628813561,16.170000076293945,-0.4300000071525574,19.65999984741211,-3.490000009536743,1.6390582134080312,-2.211127621661004,-1.850941557710133,0.8488723807231819,0.5736703746928109,-0.7738946675813513,-0.6478295451985465,0.2971053332531136,5.705900568672213,-2.824328540600254,7.119170775213035,-4.062008594843911,-1,1,-1,1,-14,-13,-14,-13,-20,-17,-20,-17,8.859849691390991
1784751747.6495438,25.811207247803477,0.0,0.12,25.811207247803477,0.0,0,17.809058289701976,-2.641127628813561,17.809058289701976,-2.641127628813561,16.170000076293945,-0.4300000071525574,19.65999984741211,-3.490000009536743,1.6390582134080312,-2.211127621661004,-1.850941557710133,0.8488723807231819,0.5736703746928109,-0.7738946675813513,-0.6478295451985465,0.2971053332531136,5.720652092592886,-2.844228689195203,7.102512301193643,-4.054368743417402,-1,1,-1,1,-14,-13,-14,-13,-20,-17,-20,-17,8.879806756973267
1784751747.6710873,25.811207247803477,0.0,0.12,25.811207247803477,0.0,0,17.809058289701976,-2.641127628813561,17.809058289701976,-2.641127628813561,16.170000076293945,-0.4300000071525574,19.65999984741211,-3.490000009536743,1.6390582134080312,-2.211127621661004,-1.850941557710133,0.8488723807231819,0.5736703746928109,-0.7738946675813513,-0.6478295451985465,0.2971053332531136,5.735403616513558,-2.864128837790152,7.085853827174252,-4.046728891990893,-1,1,-1,1,-14,-13,-14,-13,-20,-17,-20,-17,8.901350259780884
1784751747.689526,25.811207247803477,0.0,0.12,25.811207247803477,0.0,0,17.809058289701976,-2.641127628813561,17.809058289701976,-2.641127628813561,15.619999885559082,-0.3000000119209289,18.96999931335449,-4.03000020980835,2.1890584041428944,-2.3411276168926323,-1.1609410236525155,1.3888725809947884,0.766170441450013,-0.8193946659124213,-0.4063293582783804,0.4861054033481759,5.755105142150844,-2.8851989863421856,7.07540535796138,-4.034229038761939,-1,1,-1,1,-14,-13,-14,-13,-21,-17,-21,-17,8.91978907585144
1784751747.7095282,25.811207247803477,0.0,0.12,25.811207247803477,0.0,0,17.809058289701976,-2.641127628813561,17.809058289701976,-2.641127628813561,15.619999885559082,-0.3000000119209289,18.96999931335449,-4.03000020980835,2.1890584041428944,-2.3411276168926323,-1.1609410236525155,1.3888725809947884,0.766170441450013,-0.8193946659124213,-0.4063293582783804,0.4861054033481759,5.7748066677881305,-2.90626913489422,7.064956888748507,-4.021729185532986,-1,1,-1,1,-14,-13,-14,-13,-21,-17,-21,-17,8.939791202545166
1784751747.7295203,25.811207247803477,0.0,0.12,25.811207247803477,0.0,0,17.809058289701976,-2.641127628813561,17.809058289701976,-2.641127628813561,14.789999961853027,-0.6700000166893005,18.940000534057617,-4.860000133514404,3.019058327848949,-1.971127612124261,-1.1309422443556407,2.218872504700843,1.0566704147471322,-0.6898946642434912,-0.3958297855244742,0.776605376645295,5.801978192738771,-2.924009283403337,7.054778408549306,-4.001759332990678,-1,1,-1,1,-14,-13,-14,-13,-21,-17,-21,-16,8.95978331565857
1784751747.7494974,25.811207247803477,0.0,0.12,25.811207247803477,0.0,0,17.809058289701976,-2.641127628813561,17.809058289701976,-2.641127628813561,14.789999961853027,-0.6700000166893005,18.940000534057617,-4.860000133514404,3.019058327848949,-1.971127612124261,-1.1309422443556407,2.218872504700843,1.0566704147471322,-0.6898946642434912,-0.3958297855244742,0.776605376645295,5.829149717689411,-2.941749431912456,7.044599928350105,-3.981789480448371,-1,1,-1,1,-14,-13,-14,-13,-21,-17,-21,-16,8.97976040840149
1784751747.7699592,25.811207247803477,0.0,0.12,25.811207247803477,0.0,0,17.809058289701976,-2.641127628813561,17.809058289701976,-2.641127628813561,14.43000030517578,-1.149999976158142,18.239999771118164,-5.440000057220459,3.379057984526195,-1.4911276526554191,-0.4309414814161876,2.7988724284068978,1.1826702945841685,-0.5218946784293966,-0.1508295184956656,0.979605349942414,5.859561239550147,-2.9551695807863547,7.040721455017359,-3.9565996285927088,-1,1,-1,1,-14,-13,-14,-13,-21,-16,-21,-16,9.000222206115723
1784751747.7895465,25.811207247803477,0.0,0.12,25.811207247803477,0.0,0,17.809058289701976,-2.641127628813561,17.809058289701976,-2.641127628813561,14.43000030517578,-1.149999976158142,18.239999771118164,-5.440000057220459,3.379057984526195,-1.4911276526554191,-0.4309414814161876,2.7988724284068978,1.1826702945841685,-0.5218946784293966,-0.1508295184956656,0.979605349942414,5.889972761410883,-2.9685897296602537,7.036842981684614,-3.931409776737047,-1,1,-1,1,-14,-13,-14,-13,-21,-16,-21,-16,9.019809484481812
1784751747.8096335,25.811207247803477,0.0,0.12,25.811207247803477,0.0,0,17.809058289701976,-2.641127628813561,17.809058289701976,-2.641127628813561,14.43000030517578,-1.149999976158142,18.239999771118164,-5.440000057220459,3.379057984526195,-1.4911276526554191,-0.4309414814161876,2.7988724284068978,1.1826702945841685,-0.5218946784293966,-0.1508295184956656,0.979605349942414,5.920384283271619,-2.9820098785341527,7.032964508351868,-3.906219924881385,-1,1,-1,1,-14,-13,-14,-13,-21,-17,-21,-16,9.039896488189697
1784751747.8295186,25.811207247803477,0.0,0.12,25.811207247803477,0.0,0,17.809058289701976,-2.641127628813561,17.809058289701976,-2.641127628813561,14.630000114440918,-1.7100000381469729,18.8799991607666,-5.619999885559082,3.1790581752610585,-0.9311275906665886,-1.070940871064625,2.978872256745521,1.1126703613413704,-0.325894656733306,-0.3748293048726188,1.042605289860932,5.948995806848968,-2.990390026850152,7.023326040512286,-3.879410074570675,-1,1,-1,1,-14,-13,-14,-13,-21,-16,-21,-16,9.059781551361084
1784751747.849554,25.811207247803477,0.0,0.12,25.811207247803477,0.0,0,17.809058289701976,-2.641127628813561,17.809058289701976,-2.641127628813561,14.630000114440918,-1.7100000381469729,18.8799991607666,-5.619999885559082,3.1790581752610585,-0.9311275906665886,-1.070940871064625,2.978872256745521,1.1126703613413704,-0.325894656733306,-0.3748293048726188,1.042605289860932,5.977607330426317,-2.9987701751661517,7.013687572672704,-3.8526002242599655,-1,1,-1,1,-14,-13,-14,-13,-21,-16,-21,-16,9.079817056655884
1784751747.869841,25.811207247803477,0.0,0.12,25.811207247803477,0.0,0,17.809058289701976,-2.641127628813561,17.809058289701976,-2.641127628813561,15.220000267028809,-2.0999999046325684,18.8799991607666,-5.739999771118164,2.589058022673168,-0.5411277241809929,-1.070940871064625,3.098872142304603,0.9061703079356088,-0.1893947034633475,-0.3748293048726188,1.084605249806611,6.000908852630376,-3.00364032468378,7.004049104833122,-3.824710374979224,-1,1,-1,1,-14,-13,-14,-13,-21,-16,-21,-16,9.100104093551636
1784751747.8895102,25.811207247803477,0.0,0.12,25.811207247803477,0.0,0,17.809058289701976,-2.641127628813561,17.809058289701976,-2.641127628813561,15.220000267028809,-2.0999999046325684,18.8799991607666,-5.739999771118164,2.589058022673168,-0.5411277241809929,-1.070940871064625,3.098872142304603,0.9061703079356088,-0.1893947034633475,-0.3748293048726188,1.084605249806611,6.024210374834435,-3.008510474201409,6.99441063699354,-3.796820525698483,-1,1,-1,1,-14,-13,-14,-13,-21,-16,-21,-16,9.119773149490356
1784751747.9095457,25.811207247803477,0.0,0.12,25.811207247803477,0.0,0,17.809058289701976,-2.641127628813561,17.809058289701976,-2.641127628813561,15.220000267028809,-2.0999999046325684,18.8799991607666,-5.739999771118164,2.589058022673168,-0.5411277241809929,-1.070940871064625,3.098872142304603,0.9061703079356088,-0.1893947034633475,-0.3748293048726188,1.084605249806611,6.047511897038493,-3.013380623719038,6.984772169153958,-3.7689306764177415,-1,1,-1,1,-14,-13,-14,-13,-21,-16,-21,-16,9.139808654785156
1784751747.929514,25.811207247803477,0.0,0.12,25.811207247803477,0.0,0,17.809058289701976,-2.641127628813561,17.809058289701976,-2.641127628813561,15.630000114440918,-3.2799999713897705,19.100000381469727,-6.059999942779541,2.1790581752610585,0.6388723425762093,-1.29094209176775,3.41887231396598,0.7626703613413705,0.2236053199016732,-0.4518297321187125,1.1966053098880929,6.067123420615843,-3.007630772635852,6.973153690328048,-3.738160825592048,-1,1,-1,1,-14,-13,-14,-13,-21,-16,-21,-16,9.15977692604065
1784751747.9495106,25.811207247803477,0.0,0.12,25.811207247803477,0.0,0,17.809058289701976,-2.641127628813561,17.809058289701976,-2.641127628813561,15.630000114440918,-3.2799999713897705,19.100000381469727,-6.059999942779541,2.1790581752610585,0.6388723425762093,-1.29094209176775,3.41887231396598,0.7626703613413705,0.2236053199016732,-0.4518297321187125,1.1966053098880929,6.086734944193193,-3.001880921552666,6.961535211502138,-3.707390974766354,-1,1,-1,1,-14,-13,-14,-13,-21,-16,-21,-16,9.179773569107056
1784751747.9696198,25.811207247803477,0.0,0.12,25.811207247803477,0.0,0,17.809058289701976,-2.641127628813561,17.809058289701976,-2.641127628813561,16.3799991607666,-4.110000133514404,19.030000686645508,-6.510000228881836,1.429059128935375,1.468872504700843,-1.2209423969435311,3.8688726000682743,0.5001706951273812,0.5141053766452951,-0.4273298389302359,1.354105410023896,6.099596476353611,-2.9886610690103583,6.950546729929647,-3.67257112136574,-1,1,-1,1,-14,-13,-14,-13,-21,-15,-21,-15,9.199882745742798
1784751747.9896293,25.811207247803477,0.0,0.12,25.811207247803477,0.0,0,17.809058289701976,-2.641127628813561,17.809058289701976,-2.641127628813561,16.3799991607666,-4.110000133514404,19.030000686645508,-6.510000228881836,1.429059128935375,1.468872504700843,-1.2209423969435311,3.8688726000682743,0.5001706951273812,0.5141053766452951,-0.4273298389302359,1.354105410023896,6.112458008514029,-2.9754412164680506,6.939558248357155,-3.637751267965125,-1,1,-1,1,-14,-13,-14,-13,-21,-15,-21,-15,9.219892263412476
1784751748.0095222,25.811207247803477,0.0,0.12,25.811207247803477,0.0,0,17.809058289701976,-2.641127628813561,17.809058289701976,-2.641127628813561,16.3799991607666,-4.110000133514404,19.030000686645508,-6.510000228881836,1.429059128935375,1.468872504700843,-1.2209423969435311,3.8688726000682743,0.5001706951273812,0.5141053766452951,-0.4273298389302359,1.354105410023896,6.125319540674447,-2.962221363925743,6.928569766784664,-3.602931414564511,-1,1,-1,1,-14,-13,-14,-13,-21,-15,-21,-15,9.239785194396973
1784751748.0294902,25.811207247803477,0.0,0.12,25.811207247803477,0.0,0,17.809058289701976,-2.641127628813561,17.809058289701976,-2.641127628813561,17.350000381469727,-5.590000152587891,20.11000061035156,-7.71999979019165,0.4590579082322499,2.9488725237743294,-2.300942320649586,5.078872161378089,0.1606702678812874,1.0321053833210152,-0.8053298122273551,1.777605256482331,6.129451061848537,-2.935681511211774,6.907861285898817,-3.5572215651121084,-1,1,-1,1,-14,-13,-14,-13,-20,-15,-20,-15,9.259753227233887
1784751748.0495193,25.811207247803477,0.0,0.12,25.811207247803477,0.0,0,17.809058289701976,-2.641127628813561,17.809058289701976,-2.641127628813561,17.350000381469727,-5.590000152587891,20.11000061035156,-7.71999979019165,0.4590579082322499,2.9488725237743294,-2.300942320649586,5.078872161378089,0.1606702678812874,1.0321053833210152,-0.8053298122273551,1.777605256482331,6.133582583022628,-2.909141658497805,6.88715280501297,-3.5115117156597058,-1,1,-1,1,-14,-13,-14,-13,-20,-15,-20,-15,9.27978229522705
1784751748.0697088,25.811207247803477,0.0,0.12,25.811207247803477,0.0,0,17.809058289701976,-2.641127628813561,17.809058289701976,-2.641127628813561,17.809999465942383,-5.050000190734863,20.420000076293945,-8.350000381469727,-0.0009411762404063,2.408872561921302,-2.610941786591969,5.708872752656165,-0.0003294116841422,0.8431053966724557,-0.913829625307189,1.9981054634296576,6.133574112436464,-2.887461805440513,6.8636543289336425,-3.4601318608858005,-1,1,-1,1,-14,-13,-14,-13,-20,-15,-20,-14,9.29997181892395
1784751748.089536,25.811207247803477,0.0,0.12,25.811207247803477,0.0,0,17.809058289701976,-2.641127628813561,17.809058289701976,-2.641127628813561,17.809999465942383,-5.050000190734863,20.420000076293945,-8.350000381469727,-0.0009411762404063,2.408872561921302,-2.610941786591969,5.708872752656165,-0.0003294116841422,0.8431053966724557,-0.913829625307189,1.9981054634296576,6.1335656418503,-2.8657819523832218,6.8401558528543145,-3.408752006111895,-1,1,-1,1,-14,-13,-14,-13,-20,-15,-20,-14,9.319798946380615
1784751748.109518,25.811207247803477,0.0,0.12,25.811207247803477,0.0,0,17.809058289701976,-2.641127628813561,17.809058289701976,-2.641127628813561,17.809999465942383,-5.050000190734863,20.420000076293945,-8.350000381469727,-0.0009411762404063,2.408872561921302,-2.610941786591969,5.708872752656165,-0.0003294116841422,0.8431053966724557,-0.913829625307189,1.9981054634296576,6.133557171264136,-2.84410209932593,6.8166573767749865,-3.35737215133799,-1,1,-1,1,-14,-13,-14,-13,-20,-15,-20,-14,9.339781045913696
1784751748.1295366,25.811207247803477,0.0,0.12,25.811207247803477,0.0,0,17.809058289701976,-2.641127628813561,17.809058289701976,-2.641127628813561,17.450000762939453,-4.889999866485596,21.309999465942383,-8.34000015258789,0.3590575267625233,2.2488722376720345,-3.5009411762404063,5.698872523774329,0.1256701343668831,0.787105283185212,-1.2253294116841422,1.9946053833210151,6.136788689004999,-2.823862249186882,6.785148906188823,-3.306082298624021,-1,1,-1,1,-14,-13,-14,-13,-20,-15,-20,-14,9.35979962348938
1784751748.14952,25.811207247803477,0.0,0.12,25.811207247803477,0.0,0,17.809058289701976,-2.641127628813561,17.809058289701976,-2.641127628813561,17.450000762939453,-4.889999866485596,21.309999465942383,-8.34000015258789,0.3590575267625233,2.2488722376720345,-3.5009411762404063,5.698872523774329,0.1256701343668831,0.787105283185212,-1.2253294116841422,1.9946053833210151,6.140020206745862,-2.8036223990478337,6.75364043560266,-3.254792445910052,-1,1,-1,1,-14,-13,-14,-13,-20,-15,-20,-14,9.379782915115356
1784751748.1696255,25.811207247803477,0.0,0.12,25.811207247803477,0.0,0,17.809058289701976,-2.641127628813561,17.809058289701976,-2.641127628813561,16.510000228881836,-3.650000095367432,21.709999084472656,-8.550000190734863,1.2990580608201403,1.0088724665538704,-3.90094079477068,5.908872561921302,0.4546703212870491,0.3531053632938546,-1.365329278169738,2.0681053966724554,6.151711729293243,-2.7945425468488487,6.718531968449724,-3.201612592852761,-1,1,-1,1,-14,-13,-14,-13,-21,-15,-19,-14,9.399888515472412
1784751748.189642,25.811207247803477,0.0,0.12,25.811207247803477,0.0,0,17.809058289701976,-2.641127628813561,17.809058289701976,-2.641127628813561,16.510000228881836,-3.650000095367432,21.709999084472656,-8.550000190734863,1.2990580608201403,1.0088724665538704,-3.90094079477068,5.908872561921302,0.4546703212870491,0.3531053632938546,-1.365329278169738,2.0681053966724554,6.1634032518406245,-2.785462694649864,6.683423501296788,-3.148432739795469,-1,1,-1,1,-14,-13,-14,-13,-21,-15,-19,-14,9.419904947280884
1784751748.2095034,25.811207247803477,0.0,0.12,25.811207247803477,0.0,0,17.809058289701976,-2.641127628813561,17.809058289701976,-2.641127628813561,16.510000228881836,-3.650000095367432,21.709999084472656,-8.550000190734863,1.2990580608201403,1.0088724665538704,-3.90094079477068,5.908872561921302,0.4546703212870491,0.3531053632938546,-1.365329278169738,2.0681053966724554,6.175094774388006,-2.7763828424508787,6.648315034143852,-3.095252886738177,-1,1,-1,1,-14,-13,-14,-13,-21,-15,-19,-14,9.43976640701294
1784751748.2296271,25.811207247803477,0.0,0.12,25.811207247803477,0.0,0,17.809058289701976,-2.641127628813561,17.809058289701976,-2.641127628813561,16.09000015258789,-3.009999990463257,22.21999931335449,-9.15999984741211,1.7190581371140858,0.3688723616496956,-4.410941023652516,6.518872218598548,0.60167034798993,0.1291053265773934,-1.5438293582783804,2.281605276509492,6.190566297622032,-2.7730629911960314,6.608616564930979,-3.0365830367707907,-1,1,-1,1,-14,-13,-14,-13,-21,-16,-19,-14,9.459890127182007
1784751748.2495103,25.811207247803477,0.0,0.12,25.811207247803477,0.0,0,17.809058289701976,-2.641127628813561,17.809058289701976,-2.641127628813561,16.09000015258789,-3.009999990463257,22.21999931335449,-9.15999984741211,1.7190581371140858,0.3688723616496956,-4.410941023652516,6.518872218598548,0.60167034798993,0.1291053265773934,-1.5438293582783804,2.281605276509492,6.206037820856059,-2.769743139941184,6.568918095718106,-2.977913186803404,-1,1,-1,1,-14,-13,-14,-13,-21,-16,-19,-14,9.47977328300476
1784751748.269764,25.811207247803477,0.0,0.12,25.811207247803477,0.0,0,17.809058289701976,-2.641127628813561,17.809058289701976,-2.641127628813561,16.020000457763672,-2.3299999237060547,22.1200008392334,-7.989999771118164,1.7890578319383046,-0.3111277051075065,-4.310942549531422,5.348872142304603,0.6261702411784066,-0.1088946967876272,-1.5088298923359975,1.8721052498066109,6.222139341343504,-2.772543289287152,6.530119612772324,-2.9297733375226627,-1,1,-1,1,-14,-13,-14,-13,-21,-16,-19,-14,9.500026941299438
1784751748.2894976,25.811207247803477,0.0,0.12,25.811207247803477,0.0,0,17.809058289701976,-2.641127628813561,17.809058289701976,-2.641127628813561,16.020000457763672,-2.3299999237060547,22.1200008392334,-7.989999771118164,1.7890578319383046,-0.3111277051075065,-4.310942549531422,5.348872142304603,0.6261702411784066,-0.1088946967876272,-1.5088298923359975,1.8721052498066109,6.238240861830949,-2.7753434386331195,6.491321129826541,-2.881633488241921,-1,1,-1,1,-14,-13,-14,-13,-21,-16,-19,-14,9.519760608673096
1784751748.309574,25.811207247803477,0.0,0.12,25.811207247803477,0.0,0,17.809058289701976,-2.641127628813561,17.809058289701976,-2.641127628813561,16.020000457763672,-2.3299999237060547,22.1200008392334,-7.989999771118164,1.7890578319383046,-0.3111277051075065,-4.310942549531422,5.348872142304603,0.6261702411784066,-0.1088946967876272,-1.5088298923359975,1.8721052498066109,6.254342382318394,-2.7781435879790872,6.452522646880758,-2.83349363896118,-1,1,-1,1,-14,-13,-14,-13,-21,-16,-19,-14,9.539836883544922
1784751748.3295088,25.811207247803477,0.0,0.12,25.811207247803477,0.0,0,17.809058289701976,-2.641127628813561,17.809058289701976,-2.641127628813561,16.190000534057617,-1.6299999952316284,21.3700008392334,-6.050000190734863,1.6190577556443593,-1.0111276335819328,-3.560942549531422,3.408872561921302,0.5666702144755257,-0.3538946717536764,-1.2463298923359976,1.1931053966724556,6.268913902119193,-2.7872437366813245,6.420474163934975,-2.8028137859038886,-1,1,-1,1,-14,-13,-14,-13,-21,-16,-19,-15,9.55977177619934
1784751748.3495169,25.811207247803477,0.0,0.12,25.811207247803477,0.0,0,17.809058289701976,-2.641127628813561,17.809058289701976,-2.641127628813561,16.190000534057617,-1.6299999952316284,21.3700008392334,-6.050000190734863,1.6190577556443593,-1.0111276335819328,-3.560942549531422,3.408872561921302,0.5666702144755257,-0.3538946717536764,-1.2463298923359976,1.1931053966724556,6.283485421919992,-2.796343885383562,6.388425680989193,-2.772133932846597,-1,1,-1,1,-14,-13,-14,-13,-21,-16,-19,-15,9.579779863357544
1784751748.3696122,25.811207247803477,0.0,0.12,25.811207247803477,0.0,0,17.809058289701976,-2.641127628813561,17.809058289701976,-2.641127628813561,16.31999969482422,-1.3700000047683716,19.709999084472656,-4.230000019073486,1.4890585948777575,-1.2711276240451896,-1.90094079477068,1.588872390259925,0.5211705082072152,-0.4448946684158163,-0.6653292781697379,0.5561053365909737,6.296886949273892,-2.8077840339999685,6.371317213836257,-2.757834081334258,-1,1,-1,1,-14,-13,-14,-13,-21,-16,-20,-15,9.599875211715698
1784751748.3895826,25.811207247803477,0.0,0.12,25.811207247803477,0.0,0,17.809058289701976,-2.641127628813561,17.809058289701976,-2.641127628813561,16.31999969482422,-1.3700000047683716,19.709999084472656,-4.230000019073486,1.4890585948777575,-1.2711276240451896,-1.90094079477068,1.588872390259925,0.5211705082072152,-0.4448946684158163,-0.6653292781697379,0.5561053365909737,6.310288476627792,-2.819224182616375,6.35420874668332,-2.7435342298219187,-1,1,-1,1,-14,-13,-14,-13,-21,-16,-20,-15,9.619845628738403
1784751748.4095356,25.811207247803477,0.0,0.12,25.811207247803477,0.0,0,17.809058289701976,-2.641127628813561,17.809058289701976,-2.641127628813561,16.31999969482422,-1.3700000047683716,19.709999084472656,-4.230000019073486,1.4890585948777575,-1.2711276240451896,-1.90094079477068,1.588872390259925,0.5211705082072152,-0.4448946684158163,-0.6653292781697379,0.5561053365909737,6.323690003981692,-2.8306643312327817,6.337100279530384,-2.72923437830958,-1,1,-1,1,-14,-13,-14,-13,-21,-16,-20,-15,9.639798641204834
1784751748.429629,25.811207247803477,0.0,0.12,25.811207247803477,0.0,0,17.809058289701976,-2.641127628813561,17.809058289701976,-2.641127628813561,16.860000610351562,-0.959999978542328,18.549999237060547,-2.9600000381469727,0.949057679350414,-1.6811276502712331,-0.7409409473585704,0.3188724093334114,0.3321701877726448,-0.5883946775949316,-0.2593293315754996,0.111605343266694,6.332231523095846,-2.845794480085223,6.330431811004157,-2.726364526625579,-1,1,-1,1,-14,-13,-14,-13,-21,-16,-20,-16,9.659892082214355
1784751748.449506,25.811207247803477,0.0,0.12,25.811207247803477,0.0,0,17.809058289701976,-2.641127628813561,17.809058289701976,-2.641127628813561,16.860000610351562,-0.959999978542328,18.549999237060547,-2.9600000381469727,0.949057679350414,-1.6811276502712331,-0.7409409473585704,0.3188724093334114,0.3321701877726448,-0.5883946775949316,-0.2593293315754996,0.111605343266694,6.34077304221,-2.860924628937664,6.32376334247793,-2.7234946749415783,-1,1,-1,1,-14,-13,-14,-13,-21,-16,-20,-16,9.679769039154053
1784751748.469656,25.811207247803477,0.0,0.12,25.811207247803477,0.0,0,17.809058289701976,-2.641127628813561,17.809058289701976,-2.641127628813561,17.010000228881836,-1.350000023841858,18.420000076293945,-2.069999933242798,0.7990580608201405,-1.291127604971703,-0.6109417865919688,-0.5711276955707634,0.2796703212870491,-0.4518946617400961,-0.213829625307189,-0.1998946934497671,6.347964564757381,-2.872544777382409,6.318264866398603,-2.7286348242017158,-1,1,-1,1,-14,-13,-14,-13,-21,-16,-20,-16,9.699918985366821
1784751748.489548,25.811207247803477,0.0,0.12,25.811207247803477,0.0,0,17.809058289701976,-2.641127628813561,17.809058289701976,-2.641127628813561,17.010000228881836,-1.350000023841858,18.420000076293945,-2.069999933242798,0.7990580608201405,-1.291127604971703,-0.6109417865919688,-0.5711276955707634,0.2796703212870491,-0.4518946617400961,-0.213829625307189,-0.1998946934497671,6.355156087304762,-2.8841649258271542,6.3127663903192754,-2.7337749734618524,-1,1,-1,1,-14,-13,-14,-13,-21,-16,-20,-16,9.719810962677002
1784751748.5095026,25.811207247803477,0.0,0.12,25.811207247803477,0.0,0,17.809058289701976,-2.641127628813561,17.809058289701976,-2.641127628813561,17.010000228881836,-1.350000023841858,18.420000076293945,-2.069999933242798,0.7990580608201405,-1.291127604971703,-0.6109417865919688,-0.5711276955707634,0.2796703212870491,-0.4518946617400961,-0.213829625307189,-0.1998946934497671,6.362347609852143,-2.8957850742719,6.307267914239948,-2.738915122721989,-1,1,-1,1,-14,-13,-14,-13,-21,-16,-20,-16,9.739765644073486
1784751748.529562,25.811207247803477,0.0,0.12,25.811207247803477,0.0,0,17.809058289701976,-2.641127628813561,17.809058289701976,-2.641127628813561,17.34000015258789,-0.949999988079071,18.32999992370605,-1.6799999475479126,0.4690581371140858,-1.6911276407344902,-0.5209416340040782,-0.9611276812656486,0.16417034798993,-0.5918946742570715,-0.1823295719014273,-0.336394688442977,6.36656913308617,-2.9110052230385097,6.302579439533911,-2.74756527185338,-1,1,-1,1,-14,-13,-14,-13,-21,-17,-20,-16,9.759824991226196
1784751748.5495088,25.811207247803477,0.0,0.12,25.811207247803477,0.0,0,17.809058289701976,-2.641127628813561,17.809058289701976,-2.641127628813561,17.34000015258789,-0.949999988079071,18.32999992370605,-1.6799999475479126,0.4690581371140858,-1.6911276407344902,-0.5209416340040782,-0.9611276812656486,0.16417034798993,-0.5918946742570715,-0.1823295719014273,-0.336394688442977,6.370790656320197,-2.92622537180512,6.297890964827874,-2.7562154209847707,-1,1,-1,1,-14,-13,-14,-13,-21,-17,-20,-16,9.77977180480957
1784751748.569481,25.811207247803477,0.0,0.12,25.811207247803477,0.0,0,17.809058289701976,-2.641127628813561,17.809058289701976,-2.641127628813561,17.56999969482422,-0.6600000262260437,18.489999771118164,-1.399999976158142,0.2390585948777577,-1.9811276025875173,-0.6809414814161876,-1.2411276526554191,0.0836705082072152,-0.6933946609056311,-0.2383295184956656,-0.4343946784293966,6.3729421836740965,-2.944055520228408,6.2917624914951285,-2.7673855698586696,-1,1,-1,1,-14,-13,-14,-13,-20,-17,-20,-16,9.799743890762329
1784751748.5895286,25.811207247803477,0.0,0.12,25.811207247803477,0.0,0,17.809058289701976,-2.641127628813561,17.809058289701976,-2.641127628813561,17.56999969482422,-0.6600000262260437,18.489999771118164,-1.399999976158142,0.2390585948777577,-1.9811276025875173,-0.6809414814161876,-1.2411276526554191,0.0836705082072152,-0.6933946609056311,-0.2383295184956656,-0.4343946784293966,6.375093711027996,-2.961885668651695,6.285634018162383,-2.7785557187325685,-1,1,-1,1,-14,-13,-14,-13,-20,-17,-20,-16,9.819791555404663
1784751748.6095736,25.811207247803477,0.0,0.12,25.811207247803477,0.0,0,17.809058289701976,-2.641127628813561,17.809058289701976,-2.641127628813561,17.56999969482422,-0.6600000262260437,18.489999771118164,-1.399999976158142,0.2390585948777577,-1.9811276025875173,-0.6809414814161876,-1.2411276526554191,0.0836705082072152,-0.6933946609056311,-0.2383295184956656,-0.4343946784293966,6.377245238381896,-2.9797158170749825,6.279505544829637,-2.789725867606468,-1,1,-1,1,-14,-13,-14,-13,-20,-17,-20,-16,9.839836597442627
1784751748.629521,25.811207247803477,0.0,0.12,25.811207247803477,0.0,0,17.809058289701976,-2.641127628813561,17.809058289701976,-2.641127628813561,17.280000686645508,-0.9200000166893004,17.920000076293945,-1.4299999475479126,0.5290576030564687,-1.721127612124261,-0.1109417865919688,-1.2111276812656486,0.185170161069764,-0.6023946642434912,-0.038829625307189,-0.423894688442977,6.382006756809404,-2.995205965584101,6.278507068750309,-2.800626016737858,-1,1,-1,1,-14,-13,-14,-13,-21,-17,-20,-16,9.85978388786316
1784751748.649529,25.811207247803477,0.0,0.12,25.811207247803477,0.0,0,17.809058289701976,-2.641127628813561,17.809058289701976,-2.641127628813561,17.280000686645508,-0.9200000166893004,17.920000076293945,-1.4299999475479126,0.5290576030564687,-1.721127612124261,-0.1109417865919688,-1.2111276812656486,0.185170161069764,-0.6023946642434912,-0.038829625307189,-0.423894688442977,6.386768275236912,-3.01069611409322,6.277508592670981,-2.8115261658692488,-1,1,-1,1,-14,-13,-14,-13,-21,-17,-20,-16,9.879791975021362
1784751748.6696043,25.811207247803477,0.0,0.12,25.811207247803477,0.0,0,17.809058289701976,-2.641127628813561,17.809058289701976,-2.641127628813561,17.299999237060547,-1.3200000524520874,18.209999084472656,-1.6799999475479126,0.5090590526414296,-1.3211275763614738,-0.4009407947706798,-0.9611276812656486,0.1781706684245003,-0.4623946517265158,-0.1403292781697379,-0.336394688442977,6.391349806710685,-3.022586262280473,6.273900125518045,-2.82017631500064,-1,1,-1,1,-14,-13,-14,-13,-21,-16,-20,-16,9.899867296218872
1784751748.6896515,25.811207247803477,0.0,0.12,25.811207247803477,0.0,0,17.809058289701976,-2.641127628813561,17.809058289701976,-2.641127628813561,17.299999237060547,-1.3200000524520874,18.209999084472656,-1.6799999475479126,0.5090590526414296,-1.3211275763614738,-0.4009407947706798,-0.9611276812656486,0.1781706684245003,-0.4623946517265158,-0.1403292781697379,-0.336394688442977,6.395931338184457,-3.034476410467726,6.270291658365109,-2.82882646413203,-1,1,-1,1,-14,-13,-14,-13,-21,-16,-20,-16,9.919914484024048
1784751748.709545,25.811207247803477,0.0,0.12,25.811207247803477,0.0,0,17.809058289701976,-2.641127628813561,17.809058289701976,-2.641127628813561,17.299999237060547,-1.3200000524520874,18.209999084472656,-1.6799999475479126,0.5090590526414296,-1.3211275763614738,-0.4009407947706798,-0.9611276812656486,0.1781706684245003,-0.4623946517265158,-0.1403292781697379,-0.336394688442977,6.40051286965823,-3.0463665586549795,6.266683191212174,-2.8374766132634206,-1,1,-1,1,-14,-13,-14,-13,-21,-17,-20,-16,9.939807891845703
1784751748.7295022,25.811207247803477,0.0,0.12,25.811207247803477,0.0,0,17.809058289701976,-2.641127628813561,17.809058289701976,-2.641127628813561,16.8700008392334,-2.059999942779541,17.950000762939453,-2.0799999237060547,0.939057450468578,-0.5811276860340202,-0.1409424732374766,-0.5611277051075065,0.3286701076640023,-0.203394690111907,-0.0493298656331168,-0.1963946967876272,6.408964386712447,-3.051596707829286,6.2654147089530365,-2.842526762609388,-1,1,-1,1,-14,-13,-14,-13,-21,-16,-20,-16,9.959765195846558
1784751748.749663,25.811207247803477,0.0,0.12,25.811207247803477,0.0,0,17.809058289701976,-2.641127628813561,17.809058289701976,-2.641127628813561,16.8700008392334,-2.059999942779541,17.950000762939453,-2.0799999237060547,0.939057450468578,-0.5811276860340202,-0.1409424732374766,-0.5611277051075065,0.3286701076640023,-0.203394690111907,-0.0493298656331168,-0.1963946967876272,6.417415903766664,-3.056826857003592,6.264146226693899,-2.847576911955356,-1,1,-1,1,-14,-13,-14,-13,-21,-16,-20,-16,9.979926109313965
1784751748.7697449,25.811207247803477,0.0,0.12,25.811207247803477,0.0,0,17.809058289701976,-2.641127628813561,17.809058289701976,-2.641127628813561,17.690000534057617,-2.799999952316284,18.450000762939453,-3.2699999809265137,0.1190577556443592,0.1588723235027229,-0.6409424732374767,0.6288723521129524,0.0416702144755257,0.055605313225953,-0.2243298656331168,0.2201053232395333,6.418487423567464,-3.0553970060920674,6.258377744434762,-2.8419170607863387,-1,1,-1,1,-14,-13,-14,-13,-20,-16,-20,-16,10.00000786781311
1784751748.7895195,25.811207247803477,0.0,0.12,25.811207247803477,0.0,0,17.809058289701976,-2.641127628813561,17.809058289701976,-2.641127628813561,17.690000534057617,-2.799999952316284,18.450000762939453,-3.2699999809265137,0.1190577556443592,0.1588723235027229,-0.6409424732374767,0.6288723521129524,0.0416702144755257,0.055605313225953,-0.2243298656331168,0.2201053232395333,6.419558943368263,-3.0539671551805427,6.252609262175625,-2.836257209617322,-1,1,-1,1,-14,-13,-14,-13,-20,-16,-20,-16,10.019782543182373
1784751748.8095412,25.811207247803477,0.0,0.12,25.811207247803477,0.0,0,17.809058289701976,-2.641127628813561,17.809058289701976,-2.641127628813561,17.690000534057617,-2.799999952316284,18.450000762939453,-3.2699999809265137,0.1190577556443592,0.1588723235027229,-0.6409424732374767,0.6288723521129524,0.0416702144755257,0.055605313225953,-0.2243298656331168,0.2201053232395333,6.420630463169062,-3.052537304269018,6.246840779916488,-2.8305973584483053,-1,1,-1,1,-14,-13,-14,-13,-20,-16,-20,-16,10.039804220199585
1784751748.8294952,25.811207247803477,0.0,0.12,25.811207247803477,0.0,0,17.809058289701976,-2.641127628813561,17.809058289701976,-2.641127628813561,17.59000015258789,-3.7699999809265137,18.1299991607666,-3.650000095367432,0.2190581371140858,1.1288723521129524,-0.3209408710646251,1.0088724665538704,0.07667034798993,0.3951053232395333,-0.1123293048726187,0.3531053632938546,6.422601986403089,-3.0423774531000016,6.243952312076906,-2.8215175062493203,-1,1,-1,1,-14,-13,-14,-13,-20,-16,-20,-15,10.059758186340332
1784751748.8495586,25.811207247803477,0.0,0.12,25.811207247803477,0.0,0,17.809058289701976,-2.641127628813561,17.809058289701976,-2.641127628813561,17.59000015258789,-3.7699999809265137,18.1299991607666,-3.650000095367432,0.2190581371140858,1.1288723521129524,-0.3209408710646251,1.0088724665538704,0.07667034798993,0.3951053232395333,-0.1123293048726187,0.3531053632938546,6.424573509637116,-3.032217601930985,6.241063844237324,-2.8124376540503357,-1,1,-1,1,-14,-13,-14,-13,-21,-16,-20,-15,10.079821586608887
1784751748.8705604,25.811207247803477,0.0,0.12,25.811207247803477,0.0,0,17.809058289701976,-2.641127628813561,17.809058289701976,-2.641127628813561,17.979999542236328,-4.0,18.799999237060547,-4.590000152587891,-0.1709412525343516,1.3588723711864388,-0.9909409473585704,1.9488725237743292,-0.059829438387023,0.4756053299152535,-0.3468293315754996,0.6821053833210152,6.423035038364307,-3.019987750590307,6.232145375711097,-2.7948978013363663,-1,1,-1,1,-14,-13,-14,-13,-20,-16,-20,-15,10.100823402404785
1784751748.8894958,25.811207247803477,0.0,0.12,25.811207247803477,0.0,0,17.809058289701976,-2.641127628813561,17.809058289701976,-2.641127628813561,17.979999542236328,-4.0,18.799999237060547,-4.590000152587891,-0.1709412525343516,1.3588723711864388,-0.9909409473585704,1.9488725237743292,-0.059829438387023,0.4756053299152535,-0.3468293315754996,0.6821053833210152,6.421496567091498,-3.007757899249629,6.22322690718487,-2.7773579486223974,-1,1,-1,1,-14,-13,-14,-13,-20,-16,-20,-15,10.11975884437561
1784751748.9095366,25.811207247803477,0.0,0.12,25.811207247803477,0.0,0,17.809058289701976,-2.641127628813561,17.809058289701976,-2.641127628813561,17.979999542236328,-4.0,18.799999237060547,-4.590000152587891,-0.1709412525343516,1.3588723711864388,-0.9909409473585704,1.9488725237743292,-0.059829438387023,0.4756053299152535,-0.3468293315754996,0.6821053833210152,6.419958095818688,-2.995528047908951,6.214308438658643,-2.7598180959084284,-1,1,-1,1,-14,-13,-14,-13,-20,-16,-20,-15,10.13979959487915
1784751748.929533,25.811207247803477,0.0,0.12,25.811207247803477,0.0,0,17.809058289701976,-2.641127628813561,17.809058289701976,-2.641127628813561,17.559999465942383,-3.700000047683716,18.81999969482422,-4.570000171661377,0.2490588237595936,1.0588724188701546,-1.0109414051222425,1.928872542847816,0.0871705883158577,0.3706053466045541,-0.3538294917927848,0.6751053899967354,6.422199625232524,-2.98599819613912,6.205209966012543,-2.742458243022798,-1,1,-1,1,-14,-13,-14,-13,-21,-16,-20,-15,10.159795999526978
1784751748.9495175,25.811207247803477,0.0,0.12,25.811207247803477,0.0,0,17.809058289701976,-2.641127628813561,17.809058289701976,-2.641127628813561,17.559999465942383,-3.700000047683716,18.81999969482422,-4.570000171661377,0.2490588237595936,1.0588724188701546,-1.0109414051222425,1.928872542847816,0.0871705883158577,0.3706053466045541,-0.3538294917927848,0.6751053899967354,6.4244411546463605,-2.9764683443692888,6.196111493366443,-2.7250983901371675,-1,1,-1,1,-14,-13,-14,-13,-21,-16,-20,-15,10.17978048324585
1784751748.9695747,25.811207247803477,0.0,0.12,25.811207247803477,0.0,0,17.809058289701976,-2.641127628813561,17.809058289701976,-2.641127628813561,18.40999984741211,-3.5,19.51000022888184,-3.650000095367432,-0.6009415577101329,0.8588723711864388,-1.7009419391798597,1.0088724665538704,-0.2103295451985465,0.3006053299152535,-0.5953296787129507,0.3531053632938546,6.4190326806269695,-2.968738493028611,6.180803015913824,-2.7160185379381825,-1,1,-1,1,-14,-13,-14,-13,-20,-16,-20,-15,10.199837684631348
1784751748.9895368,25.811207247803477,0.0,0.12,25.811207247803477,0.0,0,17.809058289701976,-2.641127628813561,17.809058289701976,-2.641127628813561,18.40999984741211,-3.5,19.51000022888184,-3.650000095367432,-0.6009415577101329,0.8588723711864388,-1.7009419391798597,1.0088724665538704,-0.2103295451985465,0.3006053299152535,-0.5953296787129507,0.3531053632938546,6.413624206607579,-2.961008641687933,6.165494538461205,-2.706938685739197,-1,1,-1,1,-14,-13,-14,-13,-20,-16,-20,-15,10.219799757003784
1784751749.009534,25.811207247803477,0.0,0.12,25.811207247803477,0.0,0,17.809058289701976,-2.641127628813561,17.809058289701976,-2.641127628813561,18.40999984741211,-3.5,19.51000022888184,-3.650000095367432,-0.6009415577101329,0.8588723711864388,-1.7009419391798597,1.0088724665538704,-0.2103295451985465,0.3006053299152535,-0.5953296787129507,0.3531053632938546,6.408215732588188,-2.9532787903472557,6.150186061008586,-2.6978588335402125,-1,1,-1,1,-14,-13,-14,-13,-20,-16,-20,-15,10.239796876907349
1784751749.029622,25.811207247803477,0.0,0.12,25.811207247803477,0.0,0,17.809058289701976,-2.641127628813561,17.809058289701976,-2.641127628813561,19.0,-3.3499999046325684,18.190000534057617,-2.7799999713897705,-1.1909417102980235,0.7088722758190071,-0.3809422443556407,0.1388723425762092,-0.4168295986043082,0.2481052965366524,-0.1333297855244742,0.0486053199016732,6.397497257195505,-2.946898939864884,6.1467575808093855,-2.6966089824570267,-1,1,-1,1,-14,-13,-14,-13,-20,-16,-20,-16,10.25988507270813
1784751749.0495424,25.811207247803477,0.0,0.12,25.811207247803477,0.0,0,17.809058289701976,-2.641127628813561,17.809058289701976,-2.641127628813561,19.0,-3.3499999046325684,18.190000534057617,-2.7799999713897705,-1.1909417102980235,0.7088722758190071,-0.3809422443556407,0.1388723425762092,-0.4168295986043082,0.2481052965366524,-0.1333297855244742,0.0486053199016732,6.386778781802823,-2.940519089382513,6.143329100610185,-2.695359131373841,-1,1,-1,1,-14,-13,-14,-13,-20,-16,-20,-16,10.279805421829224
1784751749.069865,25.811207247803477,0.0,0.12,25.811207247803477,0.0,0,17.809058289701976,-2.641127628813561,17.809058289701976,-2.641127628813561,19.40999984741211,-3.930000066757202,17.940000534057617,-1.950000047683716,-1.600941557710133,1.288872437943641,-0.1309422443556407,-0.6911275811298454,-0.5603295451985465,0.4511053532802743,-0.0458297855244742,-0.2418946533954458,6.372370307783432,-2.92891923744102,6.142150620410984,-2.701579279604009,-1,1,-1,1,-14,-13,-14,-13,-20,-15,-20,-16,10.300127983093262
1784751749.0895302,25.811207247803477,0.0,0.12,25.811207247803477,0.0,0,17.809058289701976,-2.641127628813561,17.809058289701976,-2.641127628813561,19.40999984741211,-3.930000066757202,17.940000534057617,-1.950000047683716,-1.600941557710133,1.288872437943641,-0.1309422443556407,-0.6911275811298454,-0.5603295451985465,0.4511053532802743,-0.0458297855244742,-0.2418946533954458,6.35796183376404,-2.9173193854995274,6.140972140211783,-2.707799427834178,-1,1,-1,1,-14,-13,-14,-13,-20,-15,-20,-16,10.319793224334717
1784751749.1095178,25.811207247803477,0.0,0.12,25.811207247803477,0.0,0,17.809058289701976,-2.641127628813561,17.809058289701976,-2.641127628813561,19.40999984741211,-3.930000066757202,17.940000534057617,-1.950000047683716,-1.600941557710133,1.288872437943641,-0.1309422443556407,-0.6911275811298454,-0.5603295451985465,0.4511053532802743,-0.0458297855244742,-0.2418946533954458,6.343553359744649,-2.9057195335580346,6.139793660012582,-2.7140195760643464,-1,1,-1,1,-14,-13,-14,-13,-20,-15,-20,-16,10.339780807495117
1784751749.1295197,25.811207247803477,0.0,0.12,25.811207247803477,0.0,0,17.809058289701976,-2.641127628813561,17.809058289701976,-2.641127628813561,18.799999237060547,-2.75,17.989999771118164,-1.590000033378601,-0.9909409473585704,0.1088723711864387,-0.1809414814161876,-1.05112759543496,-0.3468293315754996,0.0381053299152535,-0.0633295184956656,-0.367894658402236,6.334634891218422,-2.904739682217357,6.138165186679837,-2.723479724423261,-1,1,-1,1,-14,-13,-14,-13,-20,-16,-20,-16,10.359782695770264
1784751749.1495504,25.811207247803477,0.0,0.12,25.811207247803477,0.0,0,17.809058289701976,-2.641127628813561,17.809058289701976,-2.641127628813561,18.799999237060547,-2.75,17.989999771118164,-1.590000033378601,-0.9909409473585704,0.1088723711864387,-0.1809414814161876,-1.05112759543496,-0.3468293315754996,0.0381053299152535,-0.0633295184956656,-0.367894658402236,6.325716422692195,-2.9037598308766785,6.136536713347091,-2.732939872782176,-1,1,-1,1,-14,-13,-14,-13,-20,-16,-20,-16,10.379813432693481
1784751749.169823,25.811207247803477,0.0,0.12,25.811207247803477,0.0,0,17.809058289701976,-2.641127628813561,17.809058289701976,-2.641127628813561,18.36000061035156,-1.7000000476837158,18.479999542236328,-1.340000033378601,-0.550942320649586,-0.9411275811298454,-0.6709412525343517,-1.30112759543496,-0.1928298122273551,-0.3293946533954459,-0.234829438387023,-0.455394658402236,6.320757941806349,-2.912229979106847,6.130498242074282,-2.7446500211410907,-1,1,-1,1,-14,-13,-14,-13,-20,-16,-20,-16,10.400085926055908
1784751749.189579,25.811207247803477,0.0,0.12,25.811207247803477,0.0,0,17.809058289701976,-2.641127628813561,17.809058289701976,-2.641127628813561,18.36000061035156,-1.7000000476837158,18.479999542236328,-1.340000033378601,-0.550942320649586,-0.9411275811298454,-0.6709412525343517,-1.30112759543496,-0.1928298122273551,-0.3293946533954459,-0.234829438387023,-0.455394658402236,6.315799460920503,-2.920700127337016,6.124459770801472,-2.756360169500005,-1,1,-1,1,-14,-13,-14,-13,-20,-16,-20,-16,10.419842004776001
1784751749.2095246,25.811207247803477,0.0,0.12,25.811207247803477,0.0,0,17.809058289701976,-2.641127628813561,17.809058289701976,-2.641127628813561,18.36000061035156,-1.7000000476837158,18.479999542236328,-1.340000033378601,-0.550942320649586,-0.9411275811298454,-0.6709412525343517,-1.30112759543496,-0.1928298122273551,-0.3293946533954459,-0.234829438387023,-0.455394658402236,6.310840980034657,-2.929170275567184,6.118421299528663,-2.7680703178589203,-1,1,-1,1,-14,-13,-14,-13,-20,-16,-20,-16,10.43978762626648
1784751749.2295096,25.811207247803477,0.0,0.12,25.811207247803477,0.0,0,17.809058289701976,-2.641127628813561,17.809058289701976,-2.641127628813561,18.059999465942383,-1.4199999570846558,18.3700008392334,-1.840000033378601,-0.2509411762404063,-1.2211276717289057,-0.560942549531422,-0.8011275954349601,-0.0878294116841422,-0.4273946851051169,-0.1963298923359976,-0.280394658402236,6.3085825094484935,-2.940160424612744,6.1133728165828805,-2.775280466217835,-1,1,-1,1,-14,-13,-14,-13,-20,-16,-20,-16,10.45977258682251
1784751749.2495337,25.811207247803477,0.0,0.12,25.811207247803477,0.0,0,17.809058289701976,-2.641127628813561,17.809058289701976,-2.641127628813561,18.059999465942383,-1.4199999570846558,18.3700008392334,-1.840000033378601,-0.2509411762404063,-1.2211276717289057,-0.560942549531422,-0.8011275954349601,-0.0878294116841422,-0.4273946851051169,-0.1963298923359976,-0.280394658402236,6.30632403886233,-2.951150573658304,6.108324333637098,-2.7824906145767496,-1,1,-1,1,-14,-13,-14,-13,-20,-16,-20,-16,10.479796648025513
1784751749.2697496,25.811207247803477,0.0,0.12,25.811207247803477,0.0,0,17.809058289701976,-2.641127628813561,17.809058289701976,-2.641127628813561,18.07999992370605,-2.119999885559082,18.06999969482422,-1.5199999809265137,-0.2709416340040782,-0.5211277432544792,-0.2609414051222423,-1.1211276478870476,-0.0948295719014273,-0.1823947101390677,-0.0913294917927848,-0.3923946767604666,6.303885564156293,-2.9558407233475945,6.1059758609909975,-2.792580763407733,-1,1,-1,1,-14,-13,-14,-13,-20,-16,-20,-16,10.500012636184692
1784751749.289528,25.811207247803477,0.0,0.12,25.811207247803477,0.0,0,17.809058289701976,-2.641127628813561,17.809058289701976,-2.641127628813561,18.07999992370605,-2.119999885559082,18.06999969482422,-1.5199999809265137,-0.2709416340040782,-0.5211277432544792,-0.2609414051222423,-1.1211276478870476,-0.0948295719014273,-0.1823947101390677,-0.0913294917927848,-0.3923946767604666,6.3014470894502566,-2.960530873036885,6.103627388344897,-2.802670912238717,-1,1,-1,1,-14,-13,-14,-13,-20,-16,-20,-16,10.519790887832642
1784751749.3095372,25.811207247803477,0.0,0.12,25.811207247803477,0.0,0,17.809058289701976,-2.641127628813561,17.809058289701976,-2.641127628813561,18.07999992370605,-2.119999885559082,18.06999969482422,-1.5199999809265137,-0.2709416340040782,-0.5211277432544792,-0.2609414051222423,-1.1211276478870476,-0.0948295719014273,-0.1823947101390677,-0.0913294917927848,-0.3923946767604666,6.29900861474422,-2.9652210227261757,6.1012789156987965,-2.8127610610697,-1,1,-1,1,-14,-13,-14,-13,-20,-16,-20,-16,10.53980016708374
1784751749.3295195,25.811207247803477,0.0,0.12,25.811207247803477,0.0,0,17.809058289701976,-2.641127628813561,17.809058289701976,-2.641127628813561,18.31999969482422,-2.1700000762939453,17.18000030517578,-1.2899999618530271,-0.5109414051222423,-0.4711275525196159,0.6290579845261952,-1.351127666960534,-0.1788294917927848,-0.1648946433818655,0.2201702945841683,-0.4728946834361868,6.294410142098119,-2.969461170698852,6.106940437559532,-2.8249212100723446,-1,1,-1,1,-14,-13,-14,-13,-20,-16,-20,-16,10.5597825050354
1784751749.3495288,25.811207247803477,0.0,0.12,25.811207247803477,0.0,0,17.809058289701976,-2.641127628813561,17.809058289701976,-2.641127628813561,18.31999969482422,-2.1700000762939453,17.18000030517578,-1.2899999618530271,-0.5109414051222423,-0.4711275525196159,0.6290579845261952,-1.351127666960534,-0.1788294917927848,-0.1648946433818655,0.2201702945841683,-0.4728946834361868,6.2898116694520185,-2.9737013186715284,6.112601959420268,-2.8370813590749893,-1,1,-1,1,-14,-13,-14,-13,-20,-16,-20,-16,10.579791784286499
1784751749.3696842,25.811207247803477,0.0,0.12,25.811207247803477,0.0,0,17.809058289701976,-2.641127628813561,17.809058289701976,-2.641127628813561,18.25,-2.650000095367432,16.31999969482422,-0.8999999761581421,-0.4409417102980235,0.0088724665538704,1.4890585948777575,-1.7411276526554191,-0.1543295986043082,0.0031053632938546,0.5211705082072152,-0.6093946784293967,6.285843194059336,-2.973621466472544,6.126003486774168,-2.852751507948888,-1,1,-1,1,-14,-13,-14,-13,-20,-16,-21,-16,10.599947214126587
1784751749.389511,25.811207247803477,0.0,0.12,25.811207247803477,0.0,0,17.809058289701976,-2.641127628813561,17.809058289701976,-2.641127628813561,18.25,-2.650000095367432,16.31999969482422,-0.8999999761581421,-0.4409417102980235,0.0088724665538704,1.4890585948777575,-1.7411276526554191,-0.1543295986043082,0.0031053632938546,0.5211705082072152,-0.6093946784293967,6.281874718666654,-2.973541614273559,6.1394050141280685,-2.8684216568227865,-1,1,-1,1,-14,-13,-14,-13,-20,-16,-21,-16,10.619774103164673
1784751749.4095204,25.811207247803477,0.0,0.12,25.811207247803477,0.0,0,17.809058289701976,-2.641127628813561,17.809058289701976,-2.641127628813561,18.25,-2.650000095367432,16.31999969482422,-0.8999999761581421,-0.4409417102980235,0.0088724665538704,1.4890585948777575,-1.7411276526554191,-0.1543295986043082,0.0031053632938546,0.5211705082072152,-0.6093946784293967,6.277906243273972,-2.9734617620745745,6.152806541481969,-2.884091805696685,-1,1,-1,1,-14,-13,-14,-13,-20,-16,-21,-16,10.639783382415771
1784751749.429551,25.811207247803477,0.0,0.12,25.811207247803477,0.0,0,17.809058289701976,-2.641127628813561,17.809058289701976,-2.641127628813561,18.209999084472656,-2.5299999713897705,16.6299991607666,-0.8600000143051147,-0.4009407947706798,-0.1111276574237907,1.179059128935375,-1.7811276145084465,-0.1403292781697379,-0.0388946800983267,0.4126706951273812,-0.6233946650779563,6.274297776121037,-2.974461910991389,6.163418073642387,-2.900121954227261,-1,1,-1,1,-14,-13,-14,-13,-20,-16,-21,-17,10.65981388092041
1784751749.4495108,25.811207247803477,0.0,0.12,25.811207247803477,0.0,0,17.809058289701976,-2.641127628813561,17.809058289701976,-2.641127628813561,18.209999084472656,-2.5299999713897705,16.6299991607666,-0.8600000143051147,-0.4009407947706798,-0.1111276574237907,1.179059128935375,-1.7811276145084465,-0.1403292781697379,-0.0388946800983267,0.4126706951273812,-0.6233946650779563,6.270689308968101,-2.975462059908203,6.174029605802806,-2.916152102757837,-1,1,-1,1,-14,-13,-14,-13,-20,-16,-21,-17,10.679773807525635
1784751749.469604,25.811207247803477,0.0,0.12,25.811207247803477,0.0,0,17.809058289701976,-2.641127628813561,17.809058289701976,-2.641127628813561,17.729999542236328,-2.0,16.399999618530273,-0.6000000238418579,0.0790587474656483,-0.6411276288135612,1.409058671171703,-2.0411276049717038,0.0276705616129769,-0.2243946700847464,0.493170534910096,-0.7143946617400961,6.271400837695292,-2.9812322085675254,6.186711133843351,-2.9345222512025826,-1,1,-1,1,-14,-13,-14,-13,-20,-16,-21,-17,10.699867010116577
1784751749.4895544,25.811207247803477,0.0,0.12,25.811207247803477,0.0,0,17.809058289701976,-2.641127628813561,17.809058289701976,-2.641127628813561,17.729999542236328,-2.0,16.399999618530273,-0.6000000238418579,0.0790587474656483,-0.6411276288135612,1.409058671171703,-2.0411276049717038,0.0276705616129769,-0.2243946700847464,0.493170534910096,-0.7143946617400961,6.2721123664224825,-2.987002357226848,6.199392661883897,-2.952892399647328,-1,1,-1,1,-14,-13,-14,-13,-20,-16,-21,-17,10.719817399978638
1784751749.5095077,25.811207247803477,0.0,0.12,25.811207247803477,0.0,0,17.809058289701976,-2.641127628813561,17.809058289701976,-2.641127628813561,17.729999542236328,-2.0,16.399999618530273,-0.6000000238418579,0.0790587474656483,-0.6411276288135612,1.409058671171703,-2.0411276049717038,0.0276705616129769,-0.2243946700847464,0.493170534910096,-0.7143946617400961,6.272823895149673,-2.99277250588617,6.212074189924442,-2.9712625480920734,-1,1,-1,1,-14,-13,-14,-13,-20,-16,-21,-17,10.739770650863647
1784751749.5294828,25.811207247803477,0.0,0.12,25.811207247803477,0.0,0,17.809058289701976,-2.641127628813561,17.809058289701976,-2.641127628813561,17.84000015258789,-1.850000023841858,16.690000534057617,-0.4199999868869781,-0.0309418628859141,-0.7911276049717033,1.1190577556443593,-2.221127641926583,-0.0108296520100699,-0.2768946617400961,0.3916702144755257,-0.777394674674304,6.2725454183837,-2.9998926543309152,6.2221457097252415,-2.9912526968694126,-1,1,-1,1,-14,-13,-14,-13,-20,-16,-21,-17,10.759745836257935
1784751749.5495176,25.811207247803477,0.0,0.12,25.811207247803477,0.0,0,17.809058289701976,-2.641127628813561,17.809058289701976,-2.641127628813561,17.84000015258789,-1.850000023841858,16.690000534057617,-0.4199999868869781,-0.0309418628859141,-0.7911276049717033,1.1190577556443593,-2.221127641926583,-0.0108296520100699,-0.2768946617400961,0.3916702144755257,-0.777394674674304,6.272266941617727,-3.0070128027756606,6.232217229526041,-3.011242845646752,-1,1,-1,1,-14,-13,-14,-13,-20,-16,-21,-17,10.779780626296997
1784751749.569748,25.811207247803477,0.0,0.12,25.811207247803477,0.0,0,17.809058289701976,-2.641127628813561,17.809058289701976,-2.641127628813561,17.700000762939453,-1.5199999809265137,15.760000228881836,-0.2899999916553497,0.1090575267625233,-1.1211276478870476,2.0490580608201405,-2.3511276371582115,0.0381701343668831,-0.3923946767604666,0.7171703212870492,-0.822894673005374,6.27324845935859,-3.017102951606644,6.250658752073423,-3.032402994381176,-1,1,-1,1,-14,-13,-14,-13,-20,-16,-21,-17,10.800010919570923
1784751749.5896518,25.811207247803477,0.0,0.12,25.811207247803477,0.0,0,17.809058289701976,-2.641127628813561,17.809058289701976,-2.641127628813561,17.700000762939453,-1.5199999809265137,15.760000228881836,-0.2899999916553497,0.1090575267625233,-1.1211276478870476,2.0490580608201405,-2.3511276371582115,0.0381701343668831,-0.3923946767604666,0.7171703212870492,-0.822894673005374,6.274229977099453,-3.027193100437628,6.269100274620804,-3.0535631431156,-1,1,-1,1,-14,-13,-14,-13,-20,-16,-21,-17,10.819914817810059
1784751749.6095154,25.811207247803477,0.0,0.12,25.811207247803477,0.0,0,17.809058289701976,-2.641127628813561,17.809058289701976,-2.641127628813561,17.700000762939453,-1.5199999809265137,15.760000228881836,-0.2899999916553497,0.1090575267625233,-1.1211276478870476,2.0490580608201405,-2.3511276371582115,0.0381701343668831,-0.3923946767604666,0.7171703212870492,-0.822894673005374,6.275211494840316,-3.037283249268611,6.287541797168186,-3.074723291850024,-1,1,-1,1,-14,-13,-14,-13,-20,-16,-21,-17,10.839778423309326
1784751749.6295073,25.811207247803477,0.0,0.12,25.811207247803477,0.0,0,17.809058289701976,-2.641127628813561,17.809058289701976,-2.641127628813561,17.600000381469727,-1.5199999809265137,16.010000228881836,0.0199999995529651,0.2090579082322499,-1.1211276478870476,1.7990580608201403,-2.6611276283665264,0.0731702678812874,-0.3923946767604666,0.6296703212870491,-0.931394669928284,6.277093016014407,-3.0473733980995945,6.303733319715567,-3.0986734405053227,-1,1,-1,1,-14,-13,-14,-13,-20,-16,-21,-17,10.85977029800415
1784751749.649521,25.811207247803477,0.0,0.12,25.811207247803477,0.0,0,17.809058289701976,-2.641127628813561,17.809058289701976,-2.641127628813561,17.600000381469727,-1.5199999809265137,16.010000228881836,0.0199999995529651,0.2090579082322499,-1.1211276478870476,1.7990580608201403,-2.6611276283665264,0.0731702678812874,-0.3923946767604666,0.6296703212870491,-0.931394669928284,6.278974537188497,-3.057463546930578,6.319924842262949,-3.122623589160621,-1,1,-1,1,-14,-13,-14,-13,-20,-16,-21,-17,10.879784107208252
1784751749.6698864,25.811207247803477,0.0,0.12,25.811207247803477,0.0,0,17.809058289701976,-2.641127628813561,17.809058289701976,-2.641127628813561,17.06999969482422,-1.5199999809265137,16.40999984741211,-0.209999993443489,0.7390585948777577,-1.1211276478870476,1.399058442289867,-2.431127635370072,0.2586705082072152,-0.3923946767604666,0.4896704548014534,-0.8508946723795252,6.285626064542397,-3.067553695761561,6.3325163682435575,-3.144503737878952,-1,1,-1,1,-14,-13,-14,-13,-21,-16,-21,-17,10.90014934539795
1784751749.6895409,25.811207247803477,0.0,0.12,25.811207247803477,0.0,0,17.809058289701976,-2.641127628813561,17.809058289701976,-2.641127628813561,17.06999969482422,-1.5199999809265137,16.40999984741211,-0.209999993443489,0.7390585948777577,-1.1211276478870476,1.399058442289867,-2.431127635370072,0.2586705082072152,-0.3923946767604666,0.4896704548014534,-0.8508946723795252,6.292277591896297,-3.077643844592545,6.345107894224166,-3.1663838865972824,-1,1,-1,1,-14,-13,-14,-13,-21,-16,-21,-17,10.919803857803345
1784751749.7095177,25.811207247803477,0.0,0.12,25.811207247803477,0.0,0,17.809058289701976,-2.641127628813561,17.809058289701976,-2.641127628813561,17.06999969482422,-1.5199999809265137,16.40999984741211,-0.209999993443489,0.7390585948777577,-1.1211276478870476,1.399058442289867,-2.431127635370072,0.2586705082072152,-0.3923946767604666,0.4896704548014534,-0.8508946723795252,6.298929119250197,-3.0877339934235284,6.357699420204775,-3.188264035315613,-1,1,-1,1,-14,-13,-14,-13,-21,-16,-21,-17,10.939780712127686
1784751749.729515,25.811207247803477,0.0,0.12,25.811207247803477,0.0,0,17.809058289701976,-2.641127628813561,17.809058289701976,-2.641127628813561,17.15999984741211,-1.059999942779541,16.920000076293945,-0.1500000059604644,0.6490584422898671,-1.5811276860340202,0.8890582134080312,-2.4911276228530967,0.2271704548014534,-0.553394690111907,0.3111703746928109,-0.8718946679985838,6.304770645230805,-3.1019641425978346,6.365700944125448,-3.2106841839212907,-1,1,-1,1,-14,-13,-14,-13,-21,-17,-21,-17,10.959778070449829
1784751749.7495267,25.811207247803477,0.0,0.12,25.811207247803477,0.0,0,17.809058289701976,-2.641127628813561,17.809058289701976,-2.641127628813561,17.15999984741211,-1.059999942779541,16.920000076293945,-0.1500000059604644,0.6490584422898671,-1.5811276860340202,0.8890582134080312,-2.4911276228530967,0.2271704548014534,-0.553394690111907,0.3111703746928109,-0.8718946679985838,6.310612171211414,-3.116194291772141,6.37370246804612,-3.2331043325269686,-1,1,-1,1,-14,-13,-14,-13,-21,-17,-21,-17,10.979789733886719
1784751749.76968,25.811207247803477,0.0,0.12,25.811207247803477,0.0,0,17.809058289701976,-2.641127628813561,17.809058289701976,-2.641127628813561,17.219999313354492,-0.7400000095367432,17.049999237060547,-0.3300000131130218,0.5890589763474843,-1.901127619276818,0.7590590526414296,-2.31112761570054,0.2061706417216194,-0.6653946667468863,0.2656706684245003,-0.8088946654951887,6.315913701998541,-3.1333044403456323,6.380533999519892,-3.2539044810682736,-1,1,-1,1,-14,-13,-14,-13,-21,-17,-21,-17,10.999943017959595
1784751749.7895348,25.811207247803477,0.0,0.12,25.811207247803477,0.0,0,17.809058289701976,-2.641127628813561,17.809058289701976,-2.641127628813561,17.219999313354492,-0.7400000095367432,17.049999237060547,-0.3300000131130218,0.5890589763474843,-1.901127619276818,0.7590590526414296,-2.31112761570054,0.2061706417216194,-0.6653946667468863,0.2656706684245003,-0.8088946654951887,6.3212152327856685,-3.150414588919124,6.387365530993665,-3.2747046296095785,-1,1,-1,1,-14,-13,-14,-13,-21,-17,-21,-17,11.019797801971436
1784751749.80953,25.811207247803477,0.0,0.12,25.811207247803477,0.0,0,17.809058289701976,-2.641127628813561,17.809058289701976,-2.641127628813561,17.219999313354492,-0.7400000095367432,17.049999237060547,-0.3300000131130218,0.5890589763474843,-1.901127619276818,0.7590590526414296,-2.31112761570054,0.2061706417216194,-0.6653946667468863,0.2656706684245003,-0.8088946654951887,6.326516763572796,-3.167524737492615,6.394197062467438,-3.2955047781508835,-1,1,-1,1,-14,-13,-14,-13,-21,-17,-21,-17,11.039793014526367
1784751749.8296013,25.811207247803477,0.0,0.12,25.811207247803477,0.0,0,17.809058289701976,-2.641127628813561,17.809058289701976,-2.641127628813561,17.940000534057617,-0.9700000286102296,17.3700008392334,-0.4600000083446502,-0.1309422443556407,-1.6711276002033315,0.439057450468578,-2.181127620468911,-0.0458297855244742,-0.5848946600711661,0.1536701076640023,-0.7633946671641187,6.325338283373595,-3.182564885894445,6.398148579521655,-3.315134926735104,-1,1,-1,1,-14,-13,-14,-13,-20,-17,-21,-17,11.059864282608032
1784751749.8495235,25.811207247803477,0.0,0.12,25.811207247803477,0.0,0,17.809058289701976,-2.641127628813561,17.809058289701976,-2.641127628813561,17.940000534057617,-0.9700000286102296,17.3700008392334,-0.4600000083446502,-0.1309422443556407,-1.6711276002033315,0.439057450468578,-2.181127620468911,-0.0458297855244742,-0.5848946600711661,0.1536701076640023,-0.7633946671641187,6.324159803174394,-3.197605034296275,6.402100096575872,-3.334765075319324,-1,1,-1,1,-14,-13,-14,-13,-20,-17,-21,-17,11.079786539077759
1784751749.8696156,25.811207247803477,0.0,0.12,25.811207247803477,0.0,0,17.809058289701976,-2.641127628813561,17.809058289701976,-2.641127628813561,18.21999931335449,-1.590000033378601,18.049999237060547,-0.7699999809265137,-0.4109410236525157,-1.05112759543496,-0.2409409473585704,-1.871127647887048,-0.1438293582783805,-0.367894658402236,-0.0843293315754996,-0.6548946767604666,6.320461333961521,-3.2070651826551897,6.399931628049645,-3.351605224150308,-1,1,-1,1,-14,-13,-14,-13,-20,-17,-20,-17,11.099878549575806
1784751749.8895197,25.811207247803477,0.0,0.12,25.811207247803477,0.0,0,17.809058289701976,-2.641127628813561,17.809058289701976,-2.641127628813561,18.21999931335449,-1.590000033378601,18.049999237060547,-0.7699999809265137,-0.4109410236525157,-1.05112759543496,-0.2409409473585704,-1.871127647887048,-0.1438293582783805,-0.367894658402236,-0.0843293315754996,-0.6548946767604666,6.3167628647486485,-3.2165253310141044,6.397763159523418,-3.3684453729812907,-1,1,-1,1,-14,-13,-14,-13,-20,-17,-20,-17,11.11978268623352
1784751749.909633,25.811207247803477,0.0,0.12,25.811207247803477,0.0,0,17.809058289701976,-2.641127628813561,17.809058289701976,-2.641127628813561,18.21999931335449,-1.590000033378601,18.049999237060547,-0.7699999809265137,-0.4109410236525157,-1.05112759543496,-0.2409409473585704,-1.871127647887048,-0.1438293582783805,-0.367894658402236,-0.0843293315754996,-0.6548946767604666,6.313064395535776,-3.225985479373019,6.395594690997191,-3.385285521812274,-1,1,-1,1,-14,-13,-14,-13,-20,-17,-20,-17,11.139895915985107
1784751749.9295158,25.811207247803477,0.0,0.12,25.811207247803477,0.0,0,17.809058289701976,-2.641127628813561,17.809058289701976,-2.641127628813561,18.63999938964844,-1.559999942779541,19.200000762939453,-1.4500000476837158,-0.830941099946461,-1.0811276860340202,-1.3909424732374769,-1.1911275811298454,-0.2908293849812613,-0.3783946901119071,-0.4868298656331168,-0.4168946533954458,6.305585925636257,-3.235715628547325,6.3830762087380535,-3.3960056700424426,-1,1,-1,1,-14,-13,-14,-13,-20,-17,-20,-17,11.159778833389282
1784751749.949644,25.811207247803477,0.0,0.12,25.811207247803477,0.0,0,17.809058289701976,-2.641127628813561,17.809058289701976,-2.641127628813561,18.63999938964844,-1.559999942779541,19.200000762939453,-1.4500000476837158,-0.830941099946461,-1.0811276860340202,-1.3909424732374769,-1.1911275811298454,-0.2908293849812613,-0.3783946901119071,-0.4868298656331168,-0.4168946533954458,6.298107455736739,-3.2454457777216312,6.370557726478916,-3.4067258182726112,-1,1,-1,1,-14,-13,-14,-13,-20,-17,-20,-17,11.179907083511353
1784751749.969905,25.811207247803477,0.0,0.12,25.811207247803477,0.0,0,17.809058289701976,-2.641127628813561,17.809058289701976,-2.641127628813561,18.479999542236328,-1.3200000524520874,19.32999992370605,-1.690000057220459,-0.6709412525343517,-1.3211275763614738,-1.5209416340040782,-0.9511275715931022,-0.234829438387023,-0.4623946517265158,-0.5323295719014274,-0.3328946500575858,6.2920689844639295,-3.2573359259088845,6.35686925177288,-3.415285966416949,-1,1,-1,1,-14,-13,-14,-13,-20,-17,-20,-17,11.200167894363403
1784751749.9895184,25.811207247803477,0.0,0.12,25.811207247803477,0.0,0,17.809058289701976,-2.641127628813561,17.809058289701976,-2.641127628813561,18.479999542236328,-1.3200000524520874,19.32999992370605,-1.690000057220459,-0.6709412525343517,-1.3211275763614738,-1.5209416340040782,-0.9511275715931022,-0.234829438387023,-0.4623946517265158,-0.5323295719014274,-0.3328946500575858,6.28603051319112,-3.269226074096138,6.343180777066843,-3.423846114561287,-1,1,-1,1,-14,-13,-14,-13,-20,-17,-20,-17,11.219781398773193
1784751750.0096416,25.811207247803477,0.0,0.12,25.811207247803477,0.0,0,17.809058289701976,-2.641127628813561,17.809058289701976,-2.641127628813561,18.479999542236328,-1.3200000524520874,19.32999992370605,-1.690000057220459,-0.6709412525343517,-1.3211275763614738,-1.5209416340040782,-0.9511275715931022,-0.234829438387023,-0.4623946517265158,-0.5323295719014274,-0.3328946500575858,6.279992041918311,-3.281116222283391,6.329492302360807,-3.4324062627056247,-1,1,-1,1,-14,-13,-14,-13,-20,-17,-20,-17,11.239904642105103
1784751750.0295138,25.811207247803477,0.0,0.12,25.811207247803477,0.0,0,17.809058289701976,-2.641127628813561,17.809058289701976,-2.641127628813561,18.81999969482422,-0.9200000166893004,19.420000076293945,-1.8600000143051147,-1.0109414051222425,-1.721127612124261,-1.6109417865919688,-0.7811276145084465,-0.3538294917927848,-0.6023946642434912,-0.563829625307189,-0.2733946650779562,6.270893569272211,-3.2966063707925097,6.314993826281479,-3.439436411236201,-1,1,-1,1,-14,-13,-14,-13,-20,-17,-20,-17,11.259776830673218
1784751750.0495512,25.811207247803477,0.0,0.12,25.811207247803477,0.0,0,17.809058289701976,-2.641127628813561,17.809058289701976,-2.641127628813561,18.81999969482422,-0.9200000166893004,19.420000076293945,-1.8600000143051147,-1.0109414051222425,-1.721127612124261,-1.6109417865919688,-0.7811276145084465,-0.3538294917927848,-0.6023946642434912,-0.563829625307189,-0.2733946650779562,6.261795096626111,-3.3120965193016283,6.300495350202152,-3.446466559766777,-1,1,-1,1,-14,-13,-14,-13,-20,-17,-20,-17,11.27981424331665
1784751750.0696187,25.811207247803477,0.0,0.12,25.811207247803477,0.0,0,17.809058289701976,-2.641127628813561,17.809058289701976,-2.641127628813561,18.84000015258789,-1.3300000429153442,19.93000030517578,-3.119999885559082,-1.0309418628859142,-1.311127585898217,-2.120942015473805,0.4788722567455208,-0.3608296520100699,-0.4588946550643759,-0.7423297054158317,0.1676052898609322,6.252516619860137,-3.3238966675747124,6.281406872062887,-3.4421567094560674,-1,1,-1,1,-14,-13,-14,-13,-20,-17,-20,-16,11.29988169670105
1784751750.089629,25.811207247803477,0.0,0.12,25.811207247803477,0.0,0,17.809058289701976,-2.641127628813561,17.809058289701976,-2.641127628813561,18.84000015258789,-1.3300000429153442,19.93000030517578,-3.119999885559082,-1.0309418628859142,-1.311127585898217,-2.120942015473805,0.4788722567455208,-0.3608296520100699,-0.4588946550643759,-0.7423297054158317,0.1676052898609322,6.243238143094164,-3.3356968158477964,6.262318393923623,-3.437846859145358,-1,1,-1,1,-14,-13,-14,-13,-20,-17,-20,-16,11.319891929626465
1784751750.1095316,25.811207247803477,0.0,0.12,25.811207247803477,0.0,0,17.809058289701976,-2.641127628813561,17.809058289701976,-2.641127628813561,18.84000015258789,-1.3300000429153442,19.93000030517578,-3.119999885559082,-1.0309418628859142,-1.311127585898217,-2.120942015473805,0.4788722567455208,-0.3608296520100699,-0.4588946550643759,-0.7423297054158317,0.1676052898609322,6.23395966632819,-3.3474969641208805,6.243229915784359,-3.4335370088346484,-1,1,-1,1,-14,-13,-14,-13,-20,-17,-20,-16,11.339794635772705
1784751750.1295035,25.811207247803477,0.0,0.12,25.811207247803477,0.0,0,17.809058289701976,-2.641127628813561,17.809058289701976,-2.641127628813561,19.06999969482422,-1.6100000143051147,20.739999771118164,-3.7699999809265137,-1.2609414051222425,-1.0311276145084465,-2.930941481416188,1.1288723521129524,-0.4413294917927847,-0.3608946650779562,-1.0258295184956656,0.3951053232395333,6.2226111936820905,-3.3567771126514567,6.216851442451613,-3.423377157665632,-1,1,-1,1,-14,-13,-14,-13,-20,-17,-19,-16,11.359766483306885
1784751750.149655,25.811207247803477,0.0,0.12,25.811207247803477,0.0,0,17.809058289701976,-2.641127628813561,17.809058289701976,-2.641127628813561,19.06999969482422,-1.6100000143051147,20.739999771118164,-3.7699999809265137,-1.2609414051222425,-1.0311276145084465,-2.930941481416188,1.1288723521129524,-0.4413294917927847,-0.3608946650779562,-1.0258295184956656,0.3951053232395333,6.211262721035991,-3.366057261182033,6.190472969118868,-3.413217306496616,-1,1,-1,1,-14,-13,-14,-13,-20,-17,-19,-16,11.379918098449707
1784751750.1695857,25.811207247803477,0.0,0.12,25.811207247803477,0.0,0,17.809058289701976,-2.641127628813561,17.809058289701976,-2.641127628813561,18.559999465942383,-1.350000023841858,21.09000015258789,-4.900000095367432,-0.7509411762404063,-1.291127604971703,-3.280941862885914,2.2588724665538704,-0.2628294116841422,-0.4518946617400961,-1.14832965201007,0.7906053632938546,6.204504250449827,-3.377677409626778,6.160944492352894,-3.3928874542976306,-1,1,-1,1,-14,-13,-14,-13,-20,-17,-19,-16,11.399848699569702
1784751750.189509,25.811207247803477,0.0,0.12,25.811207247803477,0.0,0,17.809058289701976,-2.641127628813561,17.809058289701976,-2.641127628813561,18.559999465942383,-1.350000023841858,21.09000015258789,-4.900000095367432,-0.7509411762404063,-1.291127604971703,-3.280941862885914,2.2588724665538704,-0.2628294116841422,-0.4518946617400961,-1.14832965201007,0.7906053632938546,6.197745779863664,-3.389297558071523,6.131416015586921,-3.3725576020986456,-1,1,-1,1,-14,-13,-14,-13,-20,-17,-19,-16,11.419771909713745
1784751750.209553,25.811207247803477,0.0,0.12,25.811207247803477,0.0,0,17.809058289701976,-2.641127628813561,17.809058289701976,-2.641127628813561,18.559999465942383,-1.350000023841858,21.09000015258789,-4.900000095367432,-0.7509411762404063,-1.291127604971703,-3.280941862885914,2.2588724665538704,-0.2628294116841422,-0.4518946617400961,-1.14832965201007,0.7906053632938546,6.1909873092775,-3.4009177065162683,6.101887538820948,-3.3522277498996607,-1,1,-1,1,-14,-13,-14,-13,-20,-17,-19,-16,11.439815998077393
1784751750.2295096,25.811207247803477,0.0,0.12,25.811207247803477,0.0,0,17.809058289701976,-2.641127628813561,17.809058289701976,-2.641127628813561,18.420000076293945,-0.949999988079071,21.549999237060547,-4.340000152587891,-0.6109417865919688,-1.6911276407344902,-3.7409409473585695,1.6988725237743294,-0.213829625307189,-0.5918946742570715,-1.3093293315754997,0.5946053833210152,6.185488833198173,-3.4161378552828787,6.06821907029472,-3.336937897185692,-1,1,-1,1,-14,-13,-14,-13,-20,-17,-19,-16,11.45977258682251
1784751750.249667,25.811207247803477,0.0,0.12,25.811207247803477,0.0,0,17.809058289701976,-2.641127628813561,17.809058289701976,-2.641127628813561,18.420000076293945,-0.949999988079071,21.549999237060547,-4.340000152587891,-0.6109417865919688,-1.6911276407344902,-3.7409409473585695,1.6988725237743294,-0.213829625307189,-0.5918946742570715,-1.3093293315754997,0.5946053833210152,6.179990357118846,-3.431358004049489,6.034550601768493,-3.321648044471723,-1,1,-1,1,-14,-13,-14,-13,-20,-17,-19,-16,11.47992992401123
1784751750.2696505,25.811207247803477,0.0,0.12,25.811207247803477,0.0,0,17.809058289701976,-2.641127628813561,17.809058289701976,-2.641127628813561,17.649999618530273,-0.8899999856948853,21.43000030517578,-4.619999885559082,0.159058671171703,-1.751127643118676,-3.620942015473805,1.9788722567455208,0.055670534910096,-0.6128946750915365,-1.2673297054158317,0.6926052898609323,6.181421885159391,-3.4471181528375574,6.001962123629228,-3.3038381941610133,-1,1,-1,1,-14,-13,-14,-13,-20,-17,-19,-16,11.499913454055786
1784751750.289538,25.811207247803477,0.0,0.12,25.811207247803477,0.0,0,17.809058289701976,-2.641127628813561,17.809058289701976,-2.641127628813561,17.649999618530273,-0.8899999856948853,21.43000030517578,-4.619999885559082,0.159058671171703,-1.751127643118676,-3.620942015473805,1.9788722567455208,0.055670534910096,-0.6128946750915365,-1.2673297054158317,0.6926052898609323,6.182853413199937,-3.4628783016256257,5.969373645489965,-3.286028343850304,-1,1,-1,1,-14,-13,-14,-13,-20,-17,-19,-16,11.519800901412964
1784751750.3095388,25.811207247803477,0.0,0.12,25.811207247803477,0.0,0,17.809058289701976,-2.641127628813561,17.809058289701976,-2.641127628813561,17.649999618530273,-0.8899999856948853,21.43000030517578,-4.619999885559082,0.159058671171703,-1.751127643118676,-3.620942015473805,1.9788722567455208,0.055670534910096,-0.6128946750915365,-1.2673297054158317,0.6926052898609323,6.184284941240483,-3.478638450413694,5.936785167350701,-3.268218493539594,-1,1,-1,1,-14,-13,-14,-13,-20,-17,-19,-16,11.539801836013794
1784751750.32949,25.811207247803477,0.0,0.12,25.811207247803477,0.0,0,17.809058289701976,-2.641127628813561,17.809058289701976,-2.641127628813561,17.790000915527344,-0.6200000047683716,21.559999465942383,-4.369999885559082,0.0190573741746327,-2.0211276240451896,-3.7509411762404063,1.7288722567455208,0.0066700809611214,-0.7073946684158163,-1.312829411684142,0.6051052898609323,6.184456457608055,-3.496828599030101,5.903026696764537,-3.2526586432288846,-1,1,-1,1,-14,-13,-14,-13,-20,-17,-19,-16,11.559752941131592
1784751750.349513,25.811207247803477,0.0,0.12,25.811207247803477,0.0,0,17.809058289701976,-2.641127628813561,17.809058289701976,-2.641127628813561,17.790000915527344,-0.6200000047683716,21.559999465942383,-4.369999885559082,0.0190573741746327,-2.0211276240451896,-3.7509411762404063,1.7288722567455208,0.0066700809611214,-0.7073946684158163,-1.312829411684142,0.6051052898609323,6.184627973975626,-3.515018747646508,5.869268226178374,-3.237098792918175,-1,1,-1,1,-14,-13,-14,-13,-20,-17,-19,-16,11.579776048660278
1784751750.3700497,25.811207247803477,0.0,0.12,25.811207247803477,0.0,0,17.809058289701976,-2.641127628813561,17.809058289701976,-2.641127628813561,17.209999084472656,-0.4399999976158142,20.530000686645508,-3.2799999713897705,0.5990592052293202,-2.201127631197747,-2.720942396943532,0.6388723425762093,0.209670721830262,-0.7703946709192114,-0.952329838930236,0.2236053199016732,6.19001950682269,-3.534828896327288,5.844779744605882,-3.231348941834989,-1,1,-1,1,-14,-13,-14,-13,-20,-17,-19,-16,11.60031270980835
1784751750.389628,25.811207247803477,0.0,0.12,25.811207247803477,0.0,0,17.809058289701976,-2.641127628813561,17.809058289701976,-2.641127628813561,17.209999084472656,-0.4399999976158142,20.530000686645508,-3.2799999713897705,0.5990592052293202,-2.201127631197747,-2.720942396943532,0.6388723425762093,0.209670721830262,-0.7703946709192114,-0.952329838930236,0.2236053199016732,6.195411039669754,-3.554639045008068,5.82029126303339,-3.2255990907518037,-1,1,-1,1,-14,-13,-14,-13,-20,-17,-19,-16,11.619890928268433
1784751750.4095073,25.811207247803477,0.0,0.12,25.811207247803477,0.0,0,17.809058289701976,-2.641127628813561,17.809058289701976,-2.641127628813561,17.209999084472656,-0.4399999976158142,20.530000686645508,-3.2799999713897705,0.5990592052293202,-2.201127631197747,-2.720942396943532,0.6388723425762093,0.209670721830262,-0.7703946709192114,-0.952329838930236,0.2236053199016732,6.200802572516817,-3.574449193688847,5.795802781460898,-3.2198492396686174,-1,1,-1,1,-14,-13,-14,-13,-20,-17,-19,-16,11.639770269393921
1784751750.429505,25.811207247803477,0.0,0.12,25.811207247803477,0.0,0,17.809058289701976,-2.641127628813561,17.809058289701976,-2.641127628813561,17.709999084472656,-0.5299999713897705,19.57999992370605,-2.9800000190734863,0.0990592052293202,-2.1111276574237907,-1.7709416340040782,0.3388723902599251,0.034670721830262,-0.7388946800983267,-0.6198295719014273,0.1186053365909737,6.201694105363881,-3.5934493426056613,5.779864306754861,-3.216799388156278,-1,1,-1,1,-14,-13,-14,-13,-20,-17,-19,-16,11.659768104553223
1784751750.4495032,25.811207247803477,0.0,0.12,25.811207247803477,0.0,0,17.809058289701976,-2.641127628813561,17.809058289701976,-2.641127628813561,17.709999084472656,-0.5299999713897705,19.57999992370605,-2.9800000190734863,0.0990592052293202,-2.1111276574237907,-1.7709416340040782,0.3388723902599251,0.034670721830262,-0.7388946800983267,-0.6198295719014273,0.1186053365909737,6.2025856382109446,-3.6124494915224754,5.763925832048825,-3.213749536643939,-1,1,-1,1,-14,-13,-14,-13,-20,-17,-19,-16,11.679766178131104
1784751750.4695866,25.811207247803477,0.0,0.12,25.811207247803477,0.0,0,17.809058289701976,-2.641127628813561,17.809058289701976,-2.641127628813561,17.600000381469727,-1.0499999523162842,19.13999938964844,-2.539999961853028,0.2090579082322499,-1.591127676497277,-1.330941099946461,-0.1011276669605338,0.0731702678812874,-0.556894686774047,-0.4658293849812613,-0.0353946834361868,6.204467159385035,-3.626769640610951,5.7519473621493065,-3.214659685646584,-1,1,-1,1,-14,-13,-14,-13,-20,-17,-19,-16,11.699849605560303
1784751750.4895298,25.811207247803477,0.0,0.12,25.811207247803477,0.0,0,17.809058289701976,-2.641127628813561,17.809058289701976,-2.641127628813561,17.600000381469727,-1.0499999523162842,19.13999938964844,-2.539999961853028,0.2090579082322499,-1.591127676497277,-1.330941099946461,-0.1011276669605338,0.0731702678812874,-0.556894686774047,-0.4658293849812613,-0.0353946834361868,6.206348680559126,-3.6410897896994254,5.739968892249788,-3.2155698346492283,-1,1,-1,1,-14,-13,-14,-13,-20,-17,-19,-16,11.71979284286499
1784751750.509531,25.811207247803477,0.0,0.12,25.811207247803477,0.0,0,17.809058289701976,-2.641127628813561,17.809058289701976,-2.641127628813561,17.600000381469727,-1.0499999523162842,19.13999938964844,-2.539999961853028,0.2090579082322499,-1.591127676497277,-1.330941099946461,-0.1011276669605338,0.0731702678812874,-0.556894686774047,-0.4658293849812613,-0.0353946834361868,6.208230201733216,-3.6554099387879018,5.72799042235027,-3.216479983651873,-1,1,-1,1,-14,-13,-14,-13,-20,-17,-19,-16,11.7397940158844
1784751750.529549,25.811207247803477,0.0,0.12,25.811207247803477,0.0,0,17.809058289701976,-2.641127628813561,17.809058289701976,-2.641127628813561,16.850000381469727,-0.959999978542328,18.82999992370605,-2.680000066757202,0.95905790823225,-1.6811276502712331,-1.0209416340040782,0.0388724379436409,0.3356702678812874,-0.5883946775949316,-0.3573295719014273,0.0136053532802743,6.216861722907306,-3.670540087640343,5.718801947644232,-3.21613013171038,-1,1,-1,1,-14,-13,-14,-13,-21,-17,-19,-16,11.759811878204346
1784751750.549497,25.811207247803477,0.0,0.12,25.811207247803477,0.0,0,17.809058289701976,-2.641127628813561,17.809058289701976,-2.641127628813561,16.850000381469727,-0.959999978542328,18.82999992370605,-2.680000066757202,0.95905790823225,-1.6811276502712331,-1.0209416340040782,0.0388724379436409,0.3356702678812874,-0.5883946775949316,-0.3573295719014273,0.0136053532802743,6.225493244081396,-3.685670236492784,5.709613472938195,-3.2157802797688877,-1,1,-1,1,-14,-13,-14,-13,-21,-17,-19,-16,11.779759883880615
1784751750.5695634,25.811207247803477,0.0,0.12,25.811207247803477,0.0,0,17.809058289701976,-2.641127628813561,17.809058289701976,-2.641127628813561,16.549999237060547,-1.350000023841858,18.15999984741211,-3.009999990463257,1.2590590526414296,-1.291127604971703,-0.3509415577101329,0.3688723616496956,0.4406706684245003,-0.4518946617400961,-0.1228295451985465,0.1291053265773934,6.236824775555169,-3.697290384937529,5.7064549989188045,-3.21246042851404,-1,1,-1,1,-14,-13,-14,-13,-21,-17,-20,-16,11.799826383590698
1784751750.589617,25.811207247803477,0.0,0.12,25.811207247803477,0.0,0,17.809058289701976,-2.641127628813561,17.809058289701976,-2.641127628813561,16.549999237060547,-1.350000023841858,18.15999984741211,-3.009999990463257,1.2590590526414296,-1.291127604971703,-0.3509415577101329,0.3688723616496956,0.4406706684245003,-0.4518946617400961,-0.1228295451985465,0.1291053265773934,6.248156307028942,-3.7089105333822734,5.703296524899414,-3.209140577259193,-1,1,-1,1,-14,-13,-14,-13,-21,-17,-20,-16,11.81988000869751
1784751750.6095006,25.811207247803477,0.0,0.12,25.811207247803477,0.0,0,17.809058289701976,-2.641127628813561,17.809058289701976,-2.641127628813561,16.549999237060547,-1.350000023841858,18.15999984741211,-3.009999990463257,1.2590590526414296,-1.291127604971703,-0.3509415577101329,0.3688723616496956,0.4406706684245003,-0.4518946617400961,-0.1228295451985465,0.1291053265773934,6.259487838502714,-3.7205306818270194,5.700138050880023,-3.205820726004345,-1,1,-1,1,-14,-13,-14,-13,-21,-17,-20,-16,11.839763641357422
1784751750.6296062,25.811207247803477,0.0,0.12,25.811207247803477,0.0,0,17.809058289701976,-2.641127628813561,17.809058289701976,-2.641127628813561,16.56999969482422,-2.309999942779541,18.149999618530277,-4.369999885559082,1.2390585948777575,-0.3311276860340202,-0.340941328828297,1.7288722567455208,0.4336705082072152,-0.115894690111907,-0.1193294650899039,0.6051052898609323,6.270639365856614,-3.7235108310013256,5.697069578920568,-3.190260875693636,-1,1,-1,1,-14,-13,-14,-13,-21,-17,-20,-16,11.859869241714478
1784751750.6494954,25.811207247803477,0.0,0.12,25.811207247803477,0.0,0,17.809058289701976,-2.641127628813561,17.809058289701976,-2.641127628813561,16.56999969482422,-2.309999942779541,18.149999618530277,-4.369999885559082,1.2390585948777575,-0.3311276860340202,-0.340941328828297,1.7288722567455208,0.4336705082072152,-0.115894690111907,-0.1193294650899039,0.6051052898609323,6.281790893210514,-3.726490980175632,5.694001106961114,-3.174701025382926,-1,1,-1,1,-14,-13,-14,-13,-21,-17,-20,-16,11.879758358001709
1784751750.6696627,25.811207247803477,0.0,0.12,25.811207247803477,0.0,0,17.809058289701976,-2.641127628813561,17.809058289701976,-2.641127628813561,16.579999923706055,-2.75,18.13999938964844,-4.639999866485596,1.2290583659959218,0.1088723711864387,-0.330941099946461,1.9988722376720345,0.4301704280985726,0.0381053299152535,-0.1158293849812613,0.699605283185212,6.292852418504478,-3.725511128834954,5.691022637061596,-3.1567111752438777,-1,1,-1,1,-14,-13,-14,-13,-21,-17,-20,-15,11.899925708770752
1784751750.6894977,25.811207247803477,0.0,0.12,25.811207247803477,0.0,0,17.809058289701976,-2.641127628813561,17.809058289701976,-2.641127628813561,16.579999923706055,-2.75,18.13999938964844,-4.639999866485596,1.2290583659959218,0.1088723711864387,-0.330941099946461,1.9988722376720345,0.4301704280985726,0.0381053299152535,-0.1158293849812613,0.699605283185212,6.303913943798442,-3.724531277494276,5.688044167162078,-3.138721325104829,-1,1,-1,1,-14,-13,-14,-13,-21,-17,-20,-15,11.919760704040527
1784751750.709536,25.811207247803477,0.0,0.12,25.811207247803477,0.0,0,17.809058289701976,-2.641127628813561,17.809058289701976,-2.641127628813561,16.579999923706055,-2.75,18.13999938964844,-4.639999866485596,1.2290583659959218,0.1088723711864387,-0.330941099946461,1.9988722376720345,0.4301704280985726,0.0381053299152535,-0.1158293849812613,0.699605283185212,6.314975469092405,-3.723551426153598,5.68506569726256,-3.1207314749657806,-1,1,-1,1,-14,-13,-14,-13,-21,-17,-20,-15,11.939799070358276
1784751750.7295496,25.811207247803477,0.0,0.12,25.811207247803477,0.0,0,17.809058289701976,-2.641127628813561,17.809058289701976,-2.641127628813561,17.040000915527344,-3.7300000190734863,18.57999992370605,-4.840000152587891,0.7690573741746327,1.088872390259925,-0.7709416340040782,2.1988725237743294,0.2691700809611214,0.3811053365909738,-0.2698295719014273,0.7696053833210152,6.321896985459977,-3.7137515746412575,5.6781272225565225,-3.100941622251812,-1,1,-1,1,-14,-13,-14,-13,-21,-16,-19,-15,11.959812641143799
1784751750.7495525,25.811207247803477,0.0,0.12,25.811207247803477,0.0,0,17.809058289701976,-2.641127628813561,17.809058289701976,-2.641127628813561,17.040000915527344,-3.7300000190734863,18.57999992370605,-4.840000152587891,0.7690573741746327,1.088872390259925,-0.7709416340040782,2.1988725237743294,0.2691700809611214,0.3811053365909738,-0.2698295719014273,0.7696053833210152,6.328818501827549,-3.703951723128919,5.671188747850485,-3.0811517695378425,-1,1,-1,1,-14,-13,-14,-13,-21,-16,-19,-15,11.979815483093262
1784751750.7696643,25.811207247803477,0.0,0.12,25.811207247803477,0.0,0,17.809058289701976,-2.641127628813561,17.809058289701976,-2.641127628813561,18.040000915527344,-3.9700000286102295,18.21999931335449,-4.289999961853027,-0.2309426258253673,1.3288723997966685,-0.4109410236525157,1.648872333039466,-0.0808299190388785,0.4651053399288338,-0.1438293582783805,0.5771053165638131,6.326740018195121,-3.691991871530749,5.6674902786376125,-3.0663119185404875,-1,1,-1,1,-14,-13,-14,-13,-20,-16,-20,-15,11.999927282333374
1784751750.7896595,25.811207247803477,0.0,0.12,25.811207247803477,0.0,0,17.809058289701976,-2.641127628813561,17.809058289701976,-2.641127628813561,18.040000915527344,-3.9700000286102295,18.21999931335449,-4.289999961853027,-0.2309426258253673,1.3288723997966685,-0.4109410236525157,1.648872333039466,-0.0808299190388785,0.4651053399288338,-0.1438293582783805,0.5771053165638131,6.324661534562693,-3.6800320199325793,5.66379180942474,-3.0514720675431324,-1,1,-1,1,-14,-13,-14,-13,-20,-16,-20,-15,12.019922494888306
1784751750.8095372,25.811207247803477,0.0,0.12,25.811207247803477,0.0,0,17.809058289701976,-2.641127628813561,17.809058289701976,-2.641127628813561,18.040000915527344,-3.9700000286102295,18.21999931335449,-4.289999961853027,-0.2309426258253673,1.3288723997966685,-0.4109410236525157,1.648872333039466,-0.0808299190388785,0.4651053399288338,-0.1438293582783805,0.5771053165638131,6.322583050930264,-3.6680721683344095,5.6600933402118665,-3.0366322165457773,-1,1,-1,1,-14,-13,-14,-13,-20,-16,-20,-15,12.03980016708374
1784751750.8294942,25.811207247803477,0.0,0.12,25.811207247803477,0.0,0,17.809058289701976,-2.641127628813561,17.809058289701976,-2.641127628813561,18.51000022888184,-4.139999866485596,17.280000686645508,-3.0,-0.7009419391798595,1.4988722376720345,0.5290576030564687,0.3588723711864388,-0.2453296787129508,0.524605283185212,0.185170161069764,0.1256053299152535,6.316274573477646,-3.654582318195361,5.664854858639375,-3.033402365205099,-1,1,-1,1,-14,-13,-14,-13,-20,-16,-20,-16,12.059757232666016
1784751750.8495488,25.811207247803477,0.0,0.12,25.811207247803477,0.0,0,17.809058289701976,-2.641127628813561,17.809058289701976,-2.641127628813561,18.51000022888184,-4.139999866485596,17.280000686645508,-3.0,-0.7009419391798595,1.4988722376720345,0.5290576030564687,0.3588723711864388,-0.2453296787129508,0.524605283185212,0.185170161069764,0.1256053299152535,6.309966096025027,-3.641092468056313,5.669616377066883,-3.030172513864421,-1,1,-1,1,-14,-13,-14,-13,-20,-16,-20,-16,12.079811811447144
1784751750.8694744,25.811207247803477,0.0,0.12,25.811207247803477,0.0,0,17.809058289701976,-2.641127628813561,17.809058289701976,-2.641127628813561,18.850000381469727,-3.799999952316284,16.399999618530273,-2.0999999046325684,-1.04094209176775,1.158872323502723,1.409058671171703,-0.5411277241809929,-0.3643297321187125,0.405605313225953,0.493170534910096,-0.1893947034633475,6.300597617199117,-3.630662617144788,5.682297905107428,-3.03504266338205,-1,1,-1,1,-14,-13,-14,-13,-20,-16,-20,-16,12.099737405776978
1784751750.8896356,25.811207247803477,0.0,0.12,25.811207247803477,0.0,0,17.809058289701976,-2.641127628813561,17.809058289701976,-2.641127628813561,18.850000381469727,-3.799999952316284,16.399999618530273,-2.0999999046325684,-1.04094209176775,1.158872323502723,1.409058671171703,-0.5411277241809929,-0.3643297321187125,0.405605313225953,0.493170534910096,-0.1893947034633475,6.291229138373208,-3.620232766233264,5.6949794331479735,-3.039912812899679,-1,1,-1,1,-14,-13,-14,-13,-20,-16,-20,-16,12.119898557662964
1784751750.909541,25.811207247803477,0.0,0.12,25.811207247803477,0.0,0,17.809058289701976,-2.641127628813561,17.809058289701976,-2.641127628813561,18.850000381469727,-3.799999952316284,16.399999618530273,-2.0999999046325684,-1.04094209176775,1.158872323502723,1.409058671171703,-0.5411277241809929,-0.3643297321187125,0.405605313225953,0.493170534910096,-0.1893947034633475,6.281860659547298,-3.609802915321739,5.707660961188519,-3.044782962417308,-1,1,-1,1,-14,-13,-14,-13,-20,-16,-20,-16,12.139803886413574
1784751750.9295447,25.811207247803477,0.0,0.12,25.811207247803477,0.0,0,17.809058289701976,-2.641127628813561,17.809058289701976,-2.641127628813561,19.07999992370605,-3.7899999618530273,16.229999542236328,-1.4700000286102295,-1.2709416340040782,1.148872333039466,1.5790587474656483,-1.1711276002033315,-0.4448295719014273,0.4021053165638131,0.5526705616129769,-0.4098946600711661,6.270422184841261,-3.599463064324384,5.721872489915709,-3.055323110819138,-1,1,-1,1,-14,-13,-14,-13,-20,-16,-20,-16,12.159807682037354
1784751750.9495313,25.811207247803477,0.0,0.12,25.811207247803477,0.0,0,17.809058289701976,-2.641127628813561,17.809058289701976,-2.641127628813561,19.07999992370605,-3.7899999618530273,16.229999542236328,-1.4700000286102295,-1.2709416340040782,1.148872333039466,1.5790587474656483,-1.1711276002033315,-0.4448295719014273,0.4021053165638131,0.5526705616129769,-0.4098946600711661,6.258983710135225,-3.5891232133270283,5.7360840186429,-3.065863259220968,-1,1,-1,1,-14,-13,-14,-13,-20,-16,-20,-16,12.179794311523438
1784751750.969529,25.811207247803477,0.0,0.12,25.811207247803477,0.0,0,17.809058289701976,-2.641127628813561,17.809058289701976,-2.641127628813561,18.559999465942383,-3.109999895095825,15.65999984741211,-1.0299999713897705,-0.7509411762404063,0.4688722662822639,2.149058442289867,-1.6111276574237907,-0.2628294116841422,0.1641052931987923,0.7521704548014534,-0.5638946800983267,6.252225239549062,-3.584903362930488,5.755425544623509,-3.080363408137782,-1,1,-1,1,-14,-13,-14,-13,-20,-16,-21,-17,12.19979190826416
1784751750.989564,25.811207247803477,0.0,0.12,25.811207247803477,0.0,0,17.809058289701976,-2.641127628813561,17.809058289701976,-2.641127628813561,18.559999465942383,-3.109999895095825,15.65999984741211,-1.0299999713897705,-0.7509411762404063,0.4688722662822639,2.149058442289867,-1.6111276574237907,-0.2628294116841422,0.1641052931987923,0.7521704548014534,-0.5638946800983267,6.245466768962898,-3.580683512533948,5.774767070604118,-3.094863557054596,-1,1,-1,1,-14,-13,-14,-13,-20,-16,-21,-17,12.219826936721802
1784751751.009534,25.811207247803477,0.0,0.12,25.811207247803477,0.0,0,17.809058289701976,-2.641127628813561,17.809058289701976,-2.641127628813561,18.559999465942383,-3.109999895095825,15.65999984741211,-1.0299999713897705,-0.7509411762404063,0.4688722662822639,2.149058442289867,-1.6111276574237907,-0.2628294116841422,0.1641052931987923,0.7521704548014534,-0.5638946800983267,6.238708298376735,-3.5764636621374075,5.794108596584727,-3.10936370597141,-1,1,-1,1,-14,-13,-14,-13,-20,-16,-21,-17,12.239796876907349
1784751751.029519,25.811207247803477,0.0,0.12,25.811207247803477,0.0,0,17.809058289701976,-2.641127628813561,17.809058289701976,-2.641127628813561,17.06999969482422,-2.180000066757202,15.720000267028809,-0.7200000286102295,0.7390585948777577,-0.4611275620563591,2.089058022673168,-1.921127600203332,0.2586705082072152,-0.1613946467197256,0.7311703079356087,-0.6723946600711661,6.245359825730635,-3.580613810195915,5.8129101187887855,-3.12665385437324,-1,1,-1,1,-14,-13,-14,-13,-21,-17,-21,-17,12.259782075881958
1784751751.0495353,25.811207247803477,0.0,0.12,25.811207247803477,0.0,0,17.809058289701976,-2.641127628813561,17.809058289701976,-2.641127628813561,17.06999969482422,-2.180000066757202,15.720000267028809,-0.7200000286102295,0.7390585948777577,-0.4611275620563591,2.089058022673168,-1.921127600203332,0.2586705082072152,-0.1613946467197256,0.7311703079356087,-0.6723946600711661,6.252011353084535,-3.584763958254422,5.831711640992844,-3.14394400277507,-1,1,-1,1,-14,-13,-14,-13,-21,-17,-21,-17,12.27979826927185
1784751751.0696845,25.811207247803477,0.0,0.12,25.811207247803477,0.0,0,17.809058289701976,-2.641127628813561,17.809058289701976,-2.641127628813561,16.93000030517578,-1.5199999809265137,15.529999732971191,-0.5,0.8790579845261952,-1.1211276478870476,2.279058556730785,-2.141127628813561,0.3076702945841683,-0.3923946767604666,0.7976704948557747,-0.7493946700847464,6.25992287494527,-3.5948541070854056,5.852223168003421,-3.163214151434392,-1,1,-1,1,-14,-13,-14,-13,-21,-17,-21,-17,12.299947500228882
1784751751.0895236,25.811207247803477,0.0,0.12,25.811207247803477,0.0,0,17.809058289701976,-2.641127628813561,17.809058289701976,-2.641127628813561,16.93000030517578,-1.5199999809265137,15.529999732971191,-0.5,0.8790579845261952,-1.1211276478870476,2.279058556730785,-2.141127628813561,0.3076702945841683,-0.3923946767604666,0.7976704948557747,-0.7493946700847464,6.267834396806006,-3.604944255916389,5.872734695013999,-3.182484300093713,-1,1,-1,1,-14,-13,-14,-13,-21,-17,-21,-17,12.319786548614502
1784751751.1095555,25.811207247803477,0.0,0.12,25.811207247803477,0.0,0,17.809058289701976,-2.641127628813561,17.809058289701976,-2.641127628813561,16.93000030517578,-1.5199999809265137,15.529999732971191,-0.5,0.8790579845261952,-1.1211276478870476,2.279058556730785,-2.141127628813561,0.3076702945841683,-0.3923946767604666,0.7976704948557747,-0.7493946700847464,6.275745918666742,-3.6150344047473726,5.893246222024576,-3.2017544487530354,-1,1,-1,1,-14,-13,-14,-13,-21,-17,-21,-17,12.339818477630615
1784751751.12966,25.811207247803477,0.0,0.12,25.811207247803477,0.0,0,17.809058289701976,-2.641127628813561,17.809058289701976,-2.641127628813561,16.3799991607666,-1.75,14.720000267028809,-0.3499999940395355,1.429059128935375,-0.8911276288135612,3.089058022673168,-2.2911276347740257,0.5001706951273812,-0.3118946700847464,1.0811703079356088,-0.8018946721709089,6.28860745082716,-3.6230545534066954,5.921047744228635,-3.2223745974660014,-1,1,-1,1,-14,-13,-14,-13,-21,-17,-21,-17,12.359922885894775
1784751751.1495132,25.811207247803477,0.0,0.12,25.811207247803477,0.0,0,17.809058289701976,-2.641127628813561,17.809058289701976,-2.641127628813561,16.3799991607666,-1.75,14.720000267028809,-0.3499999940395355,1.429059128935375,-0.8911276288135612,3.089058022673168,-2.2911276347740257,0.5001706951273812,-0.3118946700847464,1.0811703079356088,-0.8018946721709089,6.301468982987578,-3.631074702066016,5.948849266432694,-3.2429947461789674,-1,1,-1,1,-14,-13,-14,-13,-21,-17,-21,-17,12.379776239395142
1784751751.1697247,25.811207247803477,0.0,0.12,25.811207247803477,0.0,0,17.809058289701976,-2.641127628813561,17.809058289701976,-2.641127628813561,16.899999618530273,-2.3499999046325684,15.289999961853027,-0.4699999988079071,0.909058671171703,-0.2911277241809928,2.519058327848949,-2.171127630005654,0.318170534910096,-0.1018947034633475,0.8816704147471321,-0.7598946705019789,6.309650511028123,-3.633694851583645,5.971520791383334,-3.2625348948490185,-1,1,-1,1,-14,-13,-14,-13,-21,-17,-21,-17,12.399987697601318
1784751751.18952,25.811207247803477,0.0,0.12,25.811207247803477,0.0,0,17.809058289701976,-2.641127628813561,17.809058289701976,-2.641127628813561,16.899999618530273,-2.3499999046325684,15.289999961853027,-0.4699999988079071,0.909058671171703,-0.2911277241809928,2.519058327848949,-2.171127630005654,0.318170534910096,-0.1018947034633475,0.8816704147471321,-0.7598946705019789,6.317832039068668,-3.636315001101274,5.994192316333974,-3.282075043519069,-1,1,-1,1,-14,-13,-14,-13,-21,-17,-21,-17,12.419782876968384
1784751751.2095363,25.811207247803477,0.0,0.12,25.811207247803477,0.0,0,17.809058289701976,-2.641127628813561,17.809058289701976,-2.641127628813561,16.899999618530273,-2.3499999046325684,15.289999961853027,-0.4699999988079071,0.909058671171703,-0.2911277241809928,2.519058327848949,-2.171127630005654,0.318170534910096,-0.1018947034633475,0.8816704147471321,-0.7598946705019789,6.3260135671092135,-3.638935150618903,6.016863841284614,-3.3016151921891206,-1,1,-1,1,-14,-13,-14,-13,-21,-17,-21,-17,12.439799308776855
1784751751.2295082,25.811207247803477,0.0,0.12,25.811207247803477,0.0,0,17.809058289701976,-2.641127628813561,17.809058289701976,-2.641127628813561,17.719999313354492,-2.7799999713897705,15.229999542236328,-0.5600000023841858,0.0890589763474842,0.1388723425762092,2.5790587474656483,-2.0811276264293754,0.0311706417216194,0.0486053199016732,0.9026705616129768,-0.7283946692502814,6.326815097896341,-3.637685299535717,6.040075370011805,-3.320345340826985,-1,1,-1,1,-14,-13,-14,-13,-20,-17,-21,-17,12.459771156311035
1784751751.2495422,25.811207247803477,0.0,0.12,25.811207247803477,0.0,0,17.809058289701976,-2.641127628813561,17.809058289701976,-2.641127628813561,17.719999313354492,-2.7799999713897705,15.229999542236328,-0.5600000023841858,0.0890589763474842,0.1388723425762092,2.5790587474656483,-2.0811276264293754,0.0311706417216194,0.0486053199016732,0.9026705616129768,-0.7283946692502814,6.327616628683468,-3.636435448452531,6.063286898738996,-3.3390754894648493,-1,1,-1,1,-14,-13,-14,-13,-20,-17,-21,-17,12.47980523109436
1784751751.2697146,25.811207247803477,0.0,0.12,25.811207247803477,0.0,0,17.809058289701976,-2.641127628813561,17.809058289701976,-2.641127628813561,18.51000022888184,-3.299999952316284,15.640000343322754,-0.6200000047683716,-0.7009419391798595,0.658872323502723,2.1690579463792226,-2.0211276240451896,-0.2453296787129508,0.230605313225953,0.7591702812327279,-0.7073946684158163,6.321308151230849,-3.630505597541007,6.082808420256409,-3.357265638081256,-1,1,-1,1,-14,-13,-14,-13,-20,-16,-21,-17,12.499977588653564
1784751751.2895164,25.811207247803477,0.0,0.12,25.811207247803477,0.0,0,17.809058289701976,-2.641127628813561,17.809058289701976,-2.641127628813561,18.51000022888184,-3.299999952316284,15.640000343322754,-0.6200000047683716,-0.7009419391798595,0.658872323502723,2.1690579463792226,-2.0211276240451896,-0.2453296787129508,0.230605313225953,0.7591702812327279,-0.7073946684158163,6.314999673778231,-3.6245757466294815,6.102329941773823,-3.375455786697663,-1,1,-1,1,-14,-13,-14,-13,-20,-16,-21,-17,12.519779443740845
1784751751.30961,25.811207247803477,0.0,0.12,25.811207247803477,0.0,0,17.809058289701976,-2.641127628813561,17.809058289701976,-2.641127628813561,18.51000022888184,-3.299999952316284,15.640000343322754,-0.6200000047683716,-0.7009419391798595,0.658872323502723,2.1690579463792226,-2.0211276240451896,-0.2453296787129508,0.230605313225953,0.7591702812327279,-0.7073946684158163,6.308691196325612,-3.618645895717958,6.121851463291236,-3.39364593531407,-1,1,-1,1,-14,-13,-14,-13,-20,-16,-21,-17,12.539872884750366
1784751751.3295062,25.811207247803477,0.0,0.12,25.811207247803477,0.0,0,17.809058289701976,-2.641127628813561,17.809058289701976,-2.641127628813561,19.06999969482422,-4.119999885559082,16.15999984741211,-0.8799999952316284,-1.2609414051222425,1.4788722567455208,1.649058442289867,-1.7611276335819328,-0.4413294917927847,0.5176052898609322,0.5771704548014535,-0.6163946717536765,6.297342723679512,-3.605336045407248,6.136692989271845,-3.4094960840163075,-1,1,-1,1,-14,-13,-14,-13,-20,-16,-21,-17,12.55976915359497
1784751751.349529,25.811207247803477,0.0,0.12,25.811207247803477,0.0,0,17.809058289701976,-2.641127628813561,17.809058289701976,-2.641127628813561,19.06999969482422,-4.119999885559082,16.15999984741211,-0.8799999952316284,-1.2609414051222425,1.4788722567455208,1.649058442289867,-1.7611276335819328,-0.4413294917927847,0.5176052898609322,0.5771704548014535,-0.6163946717536765,6.285994251033412,-3.592026195096538,6.151534515252454,-3.425346232718545,-1,1,-1,1,-14,-13,-14,-13,-20,-16,-21,-17,12.579792022705078
1784751751.369816,25.811207247803477,0.0,0.12,25.811207247803477,0.0,0,17.809058289701976,-2.641127628813561,17.809058289701976,-2.641127628813561,19.690000534057617,-4.25,15.84000015258789,-1.0700000524520874,-1.8809422443556407,1.6088723711864388,1.9690581371140856,-1.5711275763614738,-0.6583297855244742,0.5631053299152535,0.68917034798993,-0.5498946517265157,6.269065770834212,-3.57754634375586,6.1692560384864805,-3.4394863809057985,-1,1,-1,1,-14,-13,-14,-13,-20,-16,-21,-17,12.60007905960083
1784751751.3895216,25.811207247803477,0.0,0.12,25.811207247803477,0.0,0,17.809058289701976,-2.641127628813561,17.809058289701976,-2.641127628813561,19.690000534057617,-4.25,15.84000015258789,-1.0700000524520874,-1.8809422443556407,1.6088723711864388,1.9690581371140856,-1.5711275763614738,-0.6583297855244742,0.5631053299152535,0.68917034798993,-0.5498946517265157,6.2521372906350114,-3.563066492415182,6.186977561720507,-3.453626529093052,-1,1,-1,1,-14,-13,-14,-13,-20,-16,-21,-17,12.619784593582153
1784751751.4095373,25.811207247803477,0.0,0.12,25.811207247803477,0.0,0,17.809058289701976,-2.641127628813561,17.809058289701976,-2.641127628813561,19.690000534057617,-4.25,15.84000015258789,-1.0700000524520874,-1.8809422443556407,1.6088723711864388,1.9690581371140856,-1.5711275763614738,-0.6583297855244742,0.5631053299152535,0.68917034798993,-0.5498946517265157,6.235208810435811,-3.548586641074504,6.204699084954534,-3.4677666772803053,-1,1,-1,1,-14,-13,-14,-13,-20,-16,-21,-17,12.639800310134888
1784751751.4295318,25.811207247803477,0.0,0.12,25.811207247803477,0.0,0,17.809058289701976,-2.641127628813561,17.809058289701976,-2.641127628813561,19.440000534057617,-5.239999771118164,15.15999984741211,-0.75,-1.6309422443556407,2.598872142304603,2.649058442289867,-1.8911276288135608,-0.5708297855244742,0.909605249806611,0.9271704548014534,-0.6618946700847463,6.220530330236611,-3.5251967917937623,6.228540610935142,-3.4847868259396275,-1,1,-1,1,-14,-13,-14,-13,-20,-16,-21,-17,12.659794807434082
1784751751.4495497,25.811207247803477,0.0,0.12,25.811207247803477,0.0,0,17.809058289701976,-2.641127628813561,17.809058289701976,-2.641127628813561,19.440000534057617,-5.239999771118164,15.15999984741211,-0.75,-1.6309422443556407,2.598872142304603,2.649058442289867,-1.8911276288135608,-0.5708297855244742,0.909605249806611,0.9271704548014534,-0.6618946700847463,6.20585185003741,-3.5018069425130207,6.252382136915751,-3.5018069745989497,-1,1,-1,1,-14,-13,-14,-13,-20,-16,-21,-17,12.679812669754028
1784751751.469718,25.811207247803477,0.0,0.12,25.811207247803477,0.0,0,17.809058289701976,-2.641127628813561,17.809058289701976,-2.641127628813561,19.5,-5.25,14.460000038146973,-0.5299999713897705,-1.6909417102980235,2.6088723711864388,3.349058251555004,-2.1111276574237907,-0.5918295986043082,0.9131053299152536,1.172170388044251,-0.7388946800983267,6.190633374644728,-3.4783270911723427,6.282523661179746,-3.520807123515764,-1,1,-1,1,-14,-13,-14,-13,-20,-16,-21,-17,12.699980974197388
1784751751.4895043,25.811207247803477,0.0,0.12,25.811207247803477,0.0,0,17.809058289701976,-2.641127628813561,17.809058289701976,-2.641127628813561,19.5,-5.25,14.460000038146973,-0.5299999713897705,-1.6909417102980235,2.6088723711864388,3.349058251555004,-2.1111276574237907,-0.5918295986043082,0.9131053299152536,1.172170388044251,-0.7388946800983267,6.175414899252045,-3.4548472398316648,6.312665185443741,-3.539807272432578,-1,1,-1,1,-14,-13,-14,-13,-20,-16,-21,-17,12.719767332077026
1784751751.509516,25.811207247803477,0.0,0.12,25.811207247803477,0.0,0,17.809058289701976,-2.641127628813561,17.809058289701976,-2.641127628813561,19.5,-5.25,14.460000038146973,-0.5299999713897705,-1.6909417102980235,2.6088723711864388,3.349058251555004,-2.1111276574237907,-0.5918295986043082,0.9131053299152536,1.172170388044251,-0.7388946800983267,6.160196423859363,-3.4313673884909868,6.3428067097077365,-3.558807421349392,-1,1,-1,1,-14,-13,-14,-13,-20,-16,-22,-17,12.739778995513916
1784751751.529546,25.811207247803477,0.0,0.12,25.811207247803477,0.0,0,17.809058289701976,-2.641127628813561,17.809058289701976,-2.641127628813561,18.399999618530277,-5.03000020980835,13.75,-0.5899999737739563,-0.590941328828297,2.3888725809947884,4.0590582897019765,-2.051127655039605,-0.2068294650899039,0.8361054033481758,1.4206704013956917,-0.7178946792638616,6.154877951899908,-3.4098675352620336,6.379338234315054,-3.5772675702447487,-1,1,-1,1,-14,-13,-14,-13,-20,-16,-22,-17,12.759809017181396
1784751751.5496607,25.811207247803477,0.0,0.12,25.811207247803477,0.0,0,17.809058289701976,-2.641127628813561,17.809058289701976,-2.641127628813561,18.399999618530277,-5.03000020980835,13.75,-0.5899999737739563,-0.590941328828297,2.3888725809947884,4.0590582897019765,-2.051127655039605,-0.2068294650899039,0.8361054033481758,1.4206704013956917,-0.7178946792638616,6.149559479940454,-3.3883676820330804,6.415869758922372,-3.5957277191401054,-1,1,-1,1,-14,-13,-14,-13,-20,-16,-22,-17,12.779923677444458
1784751751.5697844,25.811207247803477,0.0,0.12,25.811207247803477,0.0,0,17.809058289701976,-2.641127628813561,17.809058289701976,-2.641127628813561,18.09000015258789,-5.559999942779541,14.149999618530272,-0.4199999868869781,-0.2809418628859141,2.91887231396598,3.659058671171703,-2.221127641926583,-0.0983296520100699,1.0216053098880928,1.280670534910096,-0.777394674674304,6.14703100317448,-3.3620978312073864,6.448801286962917,-3.6157178679174447,-1,1,-1,1,-14,-13,-14,-13,-20,-15,-22,-17,12.800047397613525
1784751751.5895076,25.811207247803477,0.0,0.12,25.811207247803477,0.0,0,17.809058289701976,-2.641127628813561,17.809058289701976,-2.641127628813561,18.09000015258789,-5.559999942779541,14.149999618530272,-0.4199999868869781,-0.2809418628859141,2.91887231396598,3.659058671171703,-2.221127641926583,-0.0983296520100699,1.0216053098880928,1.280670534910096,-0.777394674674304,6.144502526408507,-3.3358279803816924,6.481732815003462,-3.635708016694784,-1,1,-1,1,-14,-13,-14,-13,-20,-15,-22,-17,12.819770574569702
1784751751.6095212,25.811207247803477,0.0,0.12,25.811207247803477,0.0,0,17.809058289701976,-2.641127628813561,17.809058289701976,-2.641127628813561,18.09000015258789,-5.559999942779541,14.149999618530272,-0.4199999868869781,-0.2809418628859141,2.91887231396598,3.659058671171703,-2.221127641926583,-0.0983296520100699,1.0216053098880928,1.280670534910096,-0.777394674674304,6.141974049642534,-3.3095581295559984,6.514664343044007,-3.6556981654721232,-1,1,-1,1,-14,-13,-14,-13,-20,-15,-22,-17,12.839784145355225
1784751751.6295328,25.811207247803477,0.0,0.12,25.811207247803477,0.0,0,17.809058289701976,-2.641127628813561,17.809058289701976,-2.641127628813561,17.8700008392334,-5.019999980926514,13.300000190734863,-0.5199999809265137,-0.0609425495314219,2.3788723521129524,4.509058098967113,-2.121127647887048,-0.0213298923359976,0.8326053232395333,1.5781703346384894,-0.7423946767604666,6.141425566696751,-3.288148278386982,6.555245865934711,-3.6747883143031066,-1,1,-1,1,-14,-13,-14,-13,-20,-15,-22,-17,12.859795808792114
1784751751.6496315,25.811207247803477,0.0,0.12,25.811207247803477,0.0,0,17.809058289701976,-2.641127628813561,17.809058289701976,-2.641127628813561,17.8700008392334,-5.019999980926514,13.300000190734863,-0.5199999809265137,-0.0609425495314219,2.3788723521129524,4.509058098967113,-2.121127647887048,-0.0213298923359976,0.8326053232395333,1.5781703346384894,-0.7423946767604666,6.140877083750968,-3.2667384272179656,6.595827388825414,-3.69387846313409,-1,1,-1,1,-14,-13,-14,-13,-20,-15,-22,-17,12.879894495010376
1784751751.6697314,25.811207247803477,0.0,0.12,25.811207247803477,0.0,0,17.809058289701976,-2.641127628813561,17.809058289701976,-2.641127628813561,17.719999313354492,-5.099999904632568,13.609999656677246,-0.5899999737739563,0.0890589763474842,2.458872275819007,4.19905863302473,-2.051127655039605,0.0311706417216194,0.8606052965366524,1.4696705215586556,-0.7178946792638616,6.141678614538095,-3.2446085767355943,6.633618916522637,-3.712338612029447,-1,1,-1,1,-14,-13,-14,-13,-20,-15,-22,-17,12.899994373321533
1784751751.689518,25.811207247803477,0.0,0.12,25.811207247803477,0.0,0,17.809058289701976,-2.641127628813561,17.809058289701976,-2.641127628813561,17.719999313354492,-5.099999904632568,13.609999656677246,-0.5899999737739563,0.0890589763474842,2.458872275819007,4.19905863302473,-2.051127655039605,0.0311706417216194,0.8606052965366524,1.4696705215586556,-0.7178946792638616,6.142480145325222,-3.222478726253223,6.671410444219859,-3.7307987609248032,-1,1,-1,1,-14,-13,-14,-13,-20,-15,-22,-17,12.919780969619751
1784751751.709534,25.811207247803477,0.0,0.12,25.811207247803477,0.0,0,17.809058289701976,-2.641127628813561,17.809058289701976,-2.641127628813561,17.719999313354492,-5.099999904632568,13.609999656677246,-0.5899999737739563,0.0890589763474842,2.458872275819007,4.19905863302473,-2.051127655039605,0.0311706417216194,0.8606052965366524,1.4696705215586556,-0.7178946792638616,6.143281676112349,-3.200348875770852,6.709201971917081,-3.74925890982016,-1,1,-1,1,-14,-13,-14,-13,-20,-15,-22,-17,12.939796924591064
1784751751.7295136,25.811207247803477,0.0,0.12,25.811207247803477,0.0,0,17.809058289701976,-2.641127628813561,17.809058289701976,-2.641127628813561,18.059999465942383,-4.699999809265137,14.739999771118164,-1.090000033378601,-0.2509411762404063,2.0588721804515755,3.0690585185838124,-1.55112759543496,-0.0878294116841422,0.7206052631580514,1.0741704815043345,-0.542894658402236,6.141023205526186,-3.181819026146788,6.736823498584336,-3.7632190581790734,-1,1,-1,1,-14,-13,-14,-13,-20,-15,-22,-17,12.959776639938354
1784751751.7495208,25.811207247803477,0.0,0.12,25.811207247803477,0.0,0,17.809058289701976,-2.641127628813561,17.809058289701976,-2.641127628813561,18.059999465942383,-4.699999809265137,14.739999771118164,-1.090000033378601,-0.2509411762404063,2.0588721804515755,3.0690585185838124,-1.55112759543496,-0.0878294116841422,0.7206052631580514,1.0741704815043345,-0.542894658402236,6.138764734940023,-3.163289176522724,6.76444502525159,-3.7771792065379888,-1,1,-1,1,-14,-13,-14,-13,-20,-15,-22,-17,12.979783773422241
1784751751.7696452,25.811207247803477,0.0,0.12,25.811207247803477,0.0,0,17.809058289701976,-2.641127628813561,17.809058289701976,-2.641127628813561,18.299999237060547,-4.420000076293945,15.300000190734863,-1.440000057220459,-0.4909409473585704,1.778872447480384,2.509058098967113,-1.2011275715931022,-0.1718293315754996,0.6226053566181344,0.8781703346384896,-0.4203946500575857,6.134346266413796,-3.1472793244954005,6.787026548142294,-3.787989354682327,-1,1,-1,1,-14,-13,-14,-13,-20,-16,-22,-17,12.999908208847046
1784751751.7895122,25.811207247803477,0.0,0.12,25.811207247803477,0.0,0,17.809058289701976,-2.641127628813561,17.809058289701976,-2.641127628813561,18.299999237060547,-4.420000076293945,15.300000190734863,-1.440000057220459,-0.4909409473585704,1.778872447480384,2.509058098967113,-1.2011275715931022,-0.1718293315754996,0.6226053566181344,0.8781703346384896,-0.4203946500575857,6.129927797887569,-3.131269472468077,6.809608071032998,-3.798799502826665,-1,1,-1,1,-14,-13,-14,-13,-20,-16,-22,-17,13.019775152206421
1784751751.8095734,25.811207247803477,0.0,0.12,25.811207247803477,0.0,0,17.809058289701976,-2.641127628813561,17.809058289701976,-2.641127628813561,18.299999237060547,-4.420000076293945,15.300000190734863,-1.440000057220459,-0.4909409473585704,1.778872447480384,2.509058098967113,-1.2011275715931022,-0.1718293315754996,0.6226053566181344,0.8781703346384896,-0.4203946500575857,6.125509329361342,-3.115259620440754,6.832189593923702,-3.8096096509710025,-1,1,-1,1,-14,-13,-14,-13,-20,-15,-22,-17,13.039836406707764
1784751751.8294942,25.811207247803477,0.0,0.12,25.811207247803477,0.0,0,17.809058289701976,-2.641127628813561,17.809058289701976,-2.641127628813561,18.46999931335449,-4.230000019073486,16.139999389648438,-1.2400000095367432,-0.6609410236525157,1.588872390259925,1.669058900053539,-1.401127619276818,-0.2313293582783805,0.5561053365909737,0.5841706150187386,-0.4903946667468863,6.119560860148469,-3.1009597689284147,6.847211124024184,-3.8222197995444938,-1,1,-1,1,-14,-13,-14,-13,-20,-16,-21,-17,13.059757232666016
1784751751.8495123,25.811207247803477,0.0,0.12,25.811207247803477,0.0,0,17.809058289701976,-2.641127628813561,17.809058289701976,-2.641127628813561,18.46999931335449,-4.230000019073486,16.139999389648438,-1.2400000095367432,-0.6609410236525157,1.588872390259925,1.669058900053539,-1.401127619276818,-0.2313293582783805,0.5561053365909737,0.5841706150187386,-0.4903946667468863,6.113612390935596,-3.086659917416076,6.862232654124665,-3.834829948117985,-1,1,-1,1,-14,-13,-14,-13,-20,-16,-21,-17,13.079775333404541
1784751751.8698928,25.811207247803477,0.0,0.12,25.811207247803477,0.0,0,17.809058289701976,-2.641127628813561,17.809058289701976,-2.641127628813561,18.46999931335449,-4.230000019073486,16.139999389648438,-1.2400000095367432,-0.6609410236525157,1.588872390259925,1.669058900053539,-1.401127619276818,-0.2313293582783805,0.5561053365909737,0.5841706150187386,-0.4903946667468863,6.107663921722723,-3.0723600659037364,6.877254184225147,-3.847440096691477,-1,1,-1,1,-14,-13,-14,-13,-20,-16,-21,-17,13.1001558303833
1784751751.889542,25.811207247803477,0.0,0.12,25.811207247803477,0.0,0,17.809058289701976,-2.641127628813561,17.809058289701976,-2.641127628813561,18.13999938964844,-3.4100000858306885,15.149999618530272,-0.8700000047683716,-0.330941099946461,0.7688724570171273,2.659058671171703,-1.7711276240451896,-0.1158293849812613,0.2691053599559945,0.930670534910096,-0.6198946684158163,6.1046854518232045,-3.0654402137905823,6.9011857122656926,-3.863380245307883,-1,1,-1,1,-14,-13,-14,-13,-20,-16,-22,-17,13.119805097579956
1784751751.9095008,25.811207247803477,0.0,0.12,25.811207247803477,0.0,0,17.809058289701976,-2.641127628813561,17.809058289701976,-2.641127628813561,18.13999938964844,-3.4100000858306885,15.149999618530272,-0.8700000047683716,-0.330941099946461,0.7688724570171273,2.659058671171703,-1.7711276240451896,-0.1158293849812613,0.2691053599559945,0.930670534910096,-0.6198946684158163,6.101706981923686,-3.058520361677428,6.925117240306238,-3.87932039392429,-1,1,-1,1,-14,-13,-14,-13,-20,-16,-22,-17,13.139763832092285
1784751751.92952,25.811207247803477,0.0,0.12,25.811207247803477,0.0,0,17.809058289701976,-2.641127628813561,17.809058289701976,-2.641127628813561,17.0,-2.619999885559082,15.130000114440918,-0.6100000143051147,0.8090582897019765,-0.0211277432544791,2.6790581752610585,-2.0311276145084465,0.2831704013956917,-0.0073947101390677,0.9376703613413704,-0.7108946650779562,6.108988506531004,-3.0587105113667183,6.949228763883588,-3.897600542454866,-1,1,-1,1,-14,-13,-14,-13,-20,-16,-22,-18,13.159782886505127
1784751751.9495163,25.811207247803477,0.0,0.12,25.811207247803477,0.0,0,17.809058289701976,-2.641127628813561,17.809058289701976,-2.641127628813561,17.0,-2.619999885559082,15.130000114440918,-0.6100000143051147,0.8090582897019765,-0.0211277432544791,2.6790581752610585,-2.0311276145084465,0.2831704013956917,-0.0073947101390677,0.9376703613413704,-0.7108946650779562,6.116270031138321,-3.058900661056009,6.973340287460938,-3.915880690985442,-1,1,-1,1,-14,-13,-14,-13,-20,-16,-22,-18,13.179779291152954
1784751751.970287,25.811207247803477,0.0,0.12,25.811207247803477,0.0,0,17.809058289701976,-2.641127628813561,17.809058289701976,-2.641127628813561,17.0,-2.619999885559082,15.130000114440918,-0.6100000143051147,0.8090582897019765,-0.0211277432544791,2.6790581752610585,-2.0311276145084465,0.2831704013956917,-0.0073947101390677,0.9376703613413704,-0.7108946650779562,6.123551555745639,-3.0590908107452988,6.997451811038288,-3.9341608395160175,-1,1,-1,1,-14,-13,-14,-13,-20,-16,-22,-18,13.200550079345703
1784751751.9899662,25.811207247803477,0.0,0.12,25.811207247803477,0.0,0,17.809058289701976,-2.641127628813561,17.809058289701976,-2.641127628813561,16.8799991607666,-2.740000009536743,15.350000381469728,-1.3300000429153442,0.9290591289353748,0.0988723807231819,2.45905790823225,-1.311127585898217,0.3251706951273811,0.0346053332531136,0.8606702678812874,-0.4588946550643759,6.1319130879060575,-3.05820095931879,7.019583332212378,-3.9459609877891024,-1,1,-1,1,-14,-13,-14,-13,-20,-16,-22,-17,13.220229148864746
1784751752.0095112,25.811207247803477,0.0,0.12,25.811207247803477,0.0,0,17.809058289701976,-2.641127628813561,17.809058289701976,-2.641127628813561,16.8799991607666,-2.740000009536743,15.350000381469728,-1.3300000429153442,0.9290591289353748,0.0988723807231819,2.45905790823225,-1.311127585898217,0.3251706951273811,0.0346053332531136,0.8606702678812874,-0.4588946550643759,6.140274620066476,-3.057311107892281,7.041714853386469,-3.9577611360621865,-1,1,-1,1,-14,-13,-14,-13,-20,-16,-22,-17,13.239774227142334
1784751752.029463,25.811207247803477,0.0,0.12,25.811207247803477,0.0,0,17.809058289701976,-2.641127628813561,17.809058289701976,-2.641127628813561,17.020000457763672,-3.5,15.949999809265137,-2.5199999809265137,0.7890578319383046,0.8588723711864388,1.85905848043684,-0.1211276478870475,0.2761702411784066,0.3006053299152535,0.6506704681528939,-0.0423946767604666,6.147376140553921,-3.0495812565516034,7.0584463797104,-3.95885128489317,-1,1,-1,1,-14,-13,-14,-13,-20,-16,-22,-17,13.25972604751587
1784751752.0496464,25.811207247803477,0.0,0.12,25.811207247803477,0.0,0,17.809058289701976,-2.641127628813561,17.809058289701976,-2.641127628813561,17.020000457763672,-3.5,15.949999809265137,-2.5199999809265137,0.7890578319383046,0.8588723711864388,1.85905848043684,-0.1211276478870475,0.2761702411784066,0.3006053299152535,0.6506704681528939,-0.0423946767604666,6.154477661041366,-3.0418514052109256,7.075177906034331,-3.9599414337241536,-1,1,-1,1,-14,-13,-14,-13,-20,-16,-22,-17,13.279909372329712
1784751752.0695462,25.811207247803477,0.0,0.12,25.811207247803477,0.0,0,17.809058289701976,-2.641127628813561,17.809058289701976,-2.641127628813561,16.899999618530273,-3.809999942779541,17.729999542236328,-3.799999952316284,0.909058671171703,1.1688723139659798,0.0790587474656483,1.158872323502723,0.318170534910096,0.4091053098880929,0.0276705616129769,0.405605313225953,6.162659189081911,-3.031331554385232,7.075889434761522,-3.949511582812629,-1,1,-1,1,-14,-13,-14,-13,-20,-16,-21,-17,13.299809217453003
1784751752.0894957,25.811207247803477,0.0,0.12,25.811207247803477,0.0,0,17.809058289701976,-2.641127628813561,17.809058289701976,-2.641127628813561,16.899999618530273,-3.809999942779541,17.729999542236328,-3.799999952316284,0.909058671171703,1.1688723139659798,0.0790587474656483,1.158872323502723,0.318170534910096,0.4091053098880929,0.0276705616129769,0.405605313225953,6.170840717122456,-3.020811703559538,7.076600963488713,-3.939081731901104,-1,1,-1,1,-14,-13,-14,-13,-20,-16,-21,-17,13.319758653640747
1784751752.109522,25.811207247803477,0.0,0.12,25.811207247803477,0.0,0,17.809058289701976,-2.641127628813561,17.809058289701976,-2.641127628813561,16.899999618530273,-3.809999942779541,17.729999542236328,-3.799999952316284,0.909058671171703,1.1688723139659798,0.0790587474656483,1.158872323502723,0.318170534910096,0.4091053098880929,0.0276705616129769,0.405605313225953,6.179022245163001,-3.010291852733844,7.077312492215904,-3.92865188098958,-1,1,-1,1,-14,-13,-14,-13,-20,-16,-21,-17,13.339785099029541
1784751752.12951,25.811207247803477,0.0,0.12,25.811207247803477,0.0,0,17.809058289701976,-2.641127628813561,17.809058289701976,-2.641127628813561,17.260000228881836,-3.119999885559082,18.530000686645508,-4.699999809265137,0.5490580608201405,0.4788722567455208,-0.7209423969435313,2.0588721804515755,0.1921703212870491,0.1676052898609322,-0.252329838930236,0.7206052631580514,6.183963767710382,-3.0059820024231345,7.070824010643412,-3.910122031365516,-1,1,-1,1,-14,-13,-14,-13,-20,-16,-21,-16,13.35977292060852
1784751752.1495175,25.811207247803477,0.0,0.12,25.811207247803477,0.0,0,17.809058289701976,-2.641127628813561,17.809058289701976,-2.641127628813561,17.260000228881836,-3.119999885559082,18.530000686645508,-4.699999809265137,0.5490580608201405,0.4788722567455208,-0.7209423969435313,2.0588721804515755,0.1921703212870491,0.1676052898609322,-0.252329838930236,0.7206052631580514,6.188905290257763,-3.001672152112425,7.064335529070919,-3.891592181741452,-1,1,-1,1,-14,-13,-14,-13,-20,-16,-21,-16,13.379780530929565
1784751752.1696026,25.811207247803477,0.0,0.12,25.811207247803477,0.0,0,17.809058289701976,-2.641127628813561,17.809058289701976,-2.641127628813561,16.84000015258789,-2.859999895095825,18.850000381469727,-4.420000076293945,0.9690581371140858,0.2188722662822639,-1.04094209176775,1.778872447480384,0.33917034798993,0.0766052931987923,-0.3643297321187125,0.6226053566181344,6.19762681349179,-2.999702301715885,7.0549670502450095,-3.875582329714129,-1,1,-1,1,-14,-13,-14,-13,-21,-16,-21,-16,13.399865627288818
1784751752.1898315,25.811207247803477,0.0,0.12,25.811207247803477,0.0,0,17.809058289701976,-2.641127628813561,17.809058289701976,-2.641127628813561,16.84000015258789,-2.859999895095825,18.850000381469727,-4.420000076293945,0.9690581371140858,0.2188722662822639,-1.04094209176775,1.778872447480384,0.33917034798993,0.0766052931987923,-0.3643297321187125,0.6226053566181344,6.206348336725817,-2.9977324513193446,7.0455985714191,-3.859572477686805,-1,1,-1,1,-14,-13,-14,-13,-21,-16,-21,-16,13.42009449005127
1784751752.209536,25.811207247803477,0.0,0.12,25.811207247803477,0.0,0,17.809058289701976,-2.641127628813561,17.809058289701976,-2.641127628813561,16.84000015258789,-2.859999895095825,18.850000381469727,-4.420000076293945,0.9690581371140858,0.2188722662822639,-1.04094209176775,1.778872447480384,0.33917034798993,0.0766052931987923,-0.3643297321187125,0.6226053566181344,6.215069859959844,-2.9957626009228044,7.03623009259319,-3.843562625659482,-1,1,-1,1,-14,-13,-14,-13,-21,-16,-21,-16,13.439799070358276
1784751752.2295022,25.811207247803477,0.0,0.12,25.811207247803477,0.0,0,17.809058289701976,-2.641127628813561,17.809058289701976,-2.641127628813561,17.670000076293945,-2.9100000858306885,18.40999984741211,-3.549999952316284,0.1390582134080311,0.2688724570171272,-0.6009415577101329,0.908872323502723,0.0486703746928109,0.0941053599559945,-0.2103295451985465,0.318105313225953,6.2163213838805165,-2.9933427488096505,7.030821618573799,-3.835382774747957,-1,1,-1,1,-14,-13,-14,-13,-20,-16,-21,-17,13.459765195846558
1784751752.2495346,25.811207247803477,0.0,0.12,25.811207247803477,0.0,0,17.809058289701976,-2.641127628813561,17.809058289701976,-2.641127628813561,17.670000076293945,-2.9100000858306885,18.40999984741211,-3.549999952316284,0.1390582134080311,0.2688724570171272,-0.6009415577101329,0.908872323502723,0.0486703746928109,0.0941053599559945,-0.2103295451985465,0.318105313225953,6.2175729078011885,-2.9909228966964965,7.025413144554408,-3.827202923836433,-1,1,-1,1,-14,-13,-14,-13,-20,-16,-21,-17,13.479797601699829
1784751752.26964,25.811207247803477,0.0,0.12,25.811207247803477,0.0,0,17.809058289701976,-2.641127628813561,17.809058289701976,-2.641127628813561,18.26000022888184,-3.400000095367432,19.0,-3.609999895095825,-0.4509419391798595,0.7588724665538704,-1.1909417102980235,0.968872266282264,-0.1578296787129508,0.2656053632938546,-0.4168295986043082,0.3391052931987923,6.21351443034857,-2.984093044497512,7.014694669161726,-3.818483073439893,-1,1,-1,1,-14,-13,-14,-13,-20,-16,-21,-16,13.499902963638306
1784751752.2895286,25.811207247803477,0.0,0.12,25.811207247803477,0.0,0,17.809058289701976,-2.641127628813561,17.809058289701976,-2.641127628813561,18.26000022888184,-3.400000095367432,19.0,-3.609999895095825,-0.4509419391798595,0.7588724665538704,-1.1909417102980235,0.968872266282264,-0.1578296787129508,0.2656053632938546,-0.4168295986043082,0.3391052931987923,6.209455952895952,-2.9772631922985267,7.003976193769043,-3.809763223043352,-1,1,-1,1,-14,-13,-14,-13,-20,-16,-21,-16,13.519791603088379
1784751752.3094983,25.811207247803477,0.0,0.12,25.811207247803477,0.0,0,17.809058289701976,-2.641127628813561,17.809058289701976,-2.641127628813561,18.26000022888184,-3.400000095367432,19.0,-3.609999895095825,-0.4509419391798595,0.7588724665538704,-1.1909417102980235,0.968872266282264,-0.1578296787129508,0.2656053632938546,-0.4168295986043082,0.3391052931987923,6.205397475443333,-2.9704333400995417,6.993257718376361,-3.801043372646812,-1,1,-1,1,-14,-13,-14,-13,-20,-16,-21,-16,13.539761304855347
1784751752.3295307,25.811207247803477,0.0,0.12,25.811207247803477,0.0,0,17.809058289701976,-2.641127628813561,17.809058289701976,-2.641127628813561,18.88999938964844,-3.2799999713897705,19.40999984741211,-3.440000057220459,-1.080941099946461,0.6388723425762093,-1.600941557710133,0.7988724284068978,-0.3783293849812613,0.2236053199016732,-0.5603295451985465,0.2796053499424142,6.195669005543815,-2.964683489016356,6.97884924435697,-3.7938535207911497,-1,1,-1,1,-14,-13,-14,-13,-20,-16,-20,-17,13.559793710708618
1784751752.3496175,25.811207247803477,0.0,0.12,25.811207247803477,0.0,0,17.809058289701976,-2.641127628813561,17.809058289701976,-2.641127628813561,18.88999938964844,-3.2799999713897705,19.40999984741211,-3.440000057220459,-1.080941099946461,0.6388723425762093,-1.600941557710133,0.7988724284068978,-0.3783293849812613,0.2236053199016732,-0.5603295451985465,0.2796053499424142,6.1859405356442965,-2.95893363793317,6.964440770337578,-3.786663668935488,-1,1,-1,1,-14,-13,-14,-13,-20,-16,-20,-17,13.579880475997925
1784751752.3696456,25.811207247803477,0.0,0.12,25.811207247803477,0.0,0,17.809058289701976,-2.641127628813561,17.809058289701976,-2.641127628813561,18.65999984741211,-2.9800000190734863,18.799999237060547,-3.0799999237060547,-0.8509415577101329,0.3388723902599251,-0.9909409473585704,0.4388722948924934,-0.2978295451985465,0.1186053365909737,-0.3468293315754996,0.1536053032123727,6.1782820616249055,-2.9558837864208307,6.955522301811351,-3.7827138182814553,-1,1,-1,1,-14,-13,-14,-13,-20,-16,-21,-17,13.599908590316772
1784751752.389608,25.811207247803477,0.0,0.12,25.811207247803477,0.0,0,17.809058289701976,-2.641127628813561,17.809058289701976,-2.641127628813561,18.65999984741211,-2.9800000190734863,18.799999237060547,-3.0799999237060547,-0.8509415577101329,0.3388723902599251,-0.9909409473585704,0.4388722948924934,-0.2978295451985465,0.1186053365909737,-0.3468293315754996,0.1536053032123727,6.170623587605514,-2.952833934908492,6.946603833285124,-3.778763967627423,-1,1,-1,1,-14,-13,-14,-13,-20,-16,-21,-17,13.619870901107788
1784751752.4095006,25.811207247803477,0.0,0.12,25.811207247803477,0.0,0,17.809058289701976,-2.641127628813561,17.809058289701976,-2.641127628813561,18.65999984741211,-2.9800000190734863,18.799999237060547,-3.0799999237060547,-0.8509415577101329,0.3388723902599251,-0.9909409473585704,0.4388722948924934,-0.2978295451985465,0.1186053365909737,-0.3468293315754996,0.1536053032123727,6.162965113586123,-2.9497840833961524,6.937685364758897,-3.77481411697339,-1,1,-1,1,-14,-13,-14,-13,-20,-16,-21,-17,13.639763593673706
1784751752.4295814,25.811207247803477,0.0,0.12,25.811207247803477,0.0,0,17.809058289701976,-2.641127628813561,17.809058289701976,-2.641127628813561,18.5,-2.309999942779541,18.81999969482422,-2.1600000858306885,-0.6909417102980235,-0.3311276860340202,-1.0109414051222425,-0.4811275429828727,-0.2418295986043082,-0.115894690111907,-0.3538294917927848,-0.1683946400440054,6.156746638193441,-2.9527642325704586,6.928586892112797,-3.779144264860236,-1,1,-1,1,-14,-13,-14,-13,-20,-16,-21,-17,13.659844398498535
1784751752.4494982,25.811207247803477,0.0,0.12,25.811207247803477,0.0,0,17.809058289701976,-2.641127628813561,17.809058289701976,-2.641127628813561,18.5,-2.309999942779541,18.81999969482422,-2.1600000858306885,-0.6909417102980235,-0.3311276860340202,-1.0109414051222425,-0.4811275429828727,-0.2418295986043082,-0.115894690111907,-0.3538294917927848,-0.1683946400440054,6.150528162800759,-2.955744381744765,6.919488419466697,-3.783474412747082,-1,1,-1,1,-14,-13,-14,-13,-20,-16,-21,-17,13.679761171340942
1784751752.4697342,25.811207247803477,0.0,0.12,25.811207247803477,0.0,0,17.809058289701976,-2.641127628813561,17.809058289701976,-2.641127628813561,17.93000030517578,-1.840000033378601,18.3799991607666,-2.190000057220459,-0.1209420154738047,-0.8011275954349601,-0.5709408710646251,-0.4511275715931022,-0.0423297054158316,-0.280394658402236,-0.1998293048726187,-0.1578946500575857,6.149439684661495,-2.9629545301036795,6.914349951627115,-3.78753456089142,-1,1,-1,1,-14,-13,-14,-13,-20,-16,-21,-17,13.699997186660767
1784751752.4896152,25.811207247803477,0.0,0.12,25.811207247803477,0.0,0,17.809058289701976,-2.641127628813561,17.809058289701976,-2.641127628813561,17.93000030517578,-1.840000033378601,18.3799991607666,-2.190000057220459,-0.1209420154738047,-0.8011275954349601,-0.5709408710646251,-0.4511275715931022,-0.0423297054158316,-0.280394658402236,-0.1998293048726187,-0.1578946500575857,6.14835120652223,-2.970164678462594,6.909211483787534,-3.791594709035758,-1,1,-1,1,-14,-13,-14,-13,-20,-16,-21,-17,13.719878196716309
1784751752.509534,25.811207247803477,0.0,0.12,25.811207247803477,0.0,0,17.809058289701976,-2.641127628813561,17.809058289701976,-2.641127628813561,17.93000030517578,-1.840000033378601,18.3799991607666,-2.190000057220459,-0.1209420154738047,-0.8011275954349601,-0.5709408710646251,-0.4511275715931022,-0.0423297054158316,-0.280394658402236,-0.1998293048726187,-0.1578946500575857,6.147262728382966,-2.977374826821509,6.904073015947952,-3.795654857180096,-1,1,-1,1,-14,-13,-14,-13,-20,-16,-21,-17,13.739796876907349
1784751752.5295138,25.811207247803477,0.0,0.12,25.811207247803477,0.0,0,17.809058289701976,-2.641127628813561,17.809058289701976,-2.641127628813561,17.979999542236328,-2.200000047683716,18.530000686645508,-2.440000057220459,-0.1709412525343516,-0.4411275811298454,-0.7209423969435313,-0.2011275715931022,-0.059829438387023,-0.1543946533954459,-0.252329838930236,-0.0703946500575857,6.145724257110157,-2.981344975051677,6.89758453437546,-3.797465005324434,-1,1,-1,1,-14,-13,-14,-13,-20,-16,-21,-17,13.759776830673218
1784751752.549533,25.811207247803477,0.0,0.12,25.811207247803477,0.0,0,17.809058289701976,-2.641127628813561,17.809058289701976,-2.641127628813561,17.979999542236328,-2.200000047683716,18.530000686645508,-2.440000057220459,-0.1709412525343516,-0.4411275811298454,-0.7209423969435313,-0.2011275715931022,-0.059829438387023,-0.1543946533954459,-0.252329838930236,-0.0703946500575857,6.144185785837347,-2.9853151232818456,6.891096052802967,-3.799275153468772,-1,1,-1,1,-14,-13,-14,-13,-20,-16,-21,-17,13.77979588508606
1784751752.569651,25.811207247803477,0.0,0.12,25.811207247803477,0.0,0,17.809058289701976,-2.641127628813561,17.809058289701976,-2.641127628813561,17.799999237060547,-2.220000028610229,19.530000686645508,-3.75,0.0090590526414295,-0.4211276002033317,-1.7209423969435311,1.1088723711864388,0.0031706684245003,-0.147394660071166,-0.602329838930236,0.3881053299152535,6.144267317311121,-2.9891052716836755,6.875607571230476,-3.789295302128094,-1,1,-1,1,-14,-13,-14,-13,-20,-16,-20,-16,13.799913883209229
1784751752.589508,25.811207247803477,0.0,0.12,25.811207247803477,0.0,0,17.809058289701976,-2.641127628813561,17.809058289701976,-2.641127628813561,17.799999237060547,-2.220000028610229,19.530000686645508,-3.75,0.0090590526414295,-0.4211276002033317,-1.7209423969435311,1.1088723711864388,0.0031706684245003,-0.147394660071166,-0.602329838930236,0.3881053299152535,6.144348848784894,-2.9928954200855054,6.860119089657984,-3.779315450787416,-1,1,-1,1,-14,-13,-14,-13,-20,-16,-20,-16,13.81977105140686
1784751752.6096191,25.811207247803477,0.0,0.12,25.811207247803477,0.0,0,17.809058289701976,-2.641127628813561,17.809058289701976,-2.641127628813561,17.799999237060547,-2.220000028610229,19.530000686645508,-3.75,0.0090590526414295,-0.4211276002033317,-1.7209423969435311,1.1088723711864388,0.0031706684245003,-0.147394660071166,-0.602329838930236,0.3881053299152535,6.144430380258667,-2.9966855684873352,6.844630608085493,-3.7693355994467375,-1,1,-1,1,-14,-13,-14,-13,-20,-16,-20,-16,13.839882135391235
1784751752.6296074,25.811207247803477,0.0,0.12,25.811207247803477,0.0,0,17.809058289701976,-2.641127628813561,17.809058289701976,-2.641127628813561,17.440000534057617,-2.0,19.559999465942383,-4.429999828338623,0.3690577556443593,-0.6411276288135612,-1.7509411762404063,1.7888721995250618,0.1291702144755257,-0.2243946700847464,-0.6128294116841422,0.6261052698337716,6.1477519000594665,-3.002455717146657,6.828872137499329,-3.753235749651013,-1,1,-1,1,-14,-13,-14,-13,-20,-16,-20,-16,13.859870433807373
1784751752.6495266,25.811207247803477,0.0,0.12,25.811207247803477,0.0,0,17.809058289701976,-2.641127628813561,17.809058289701976,-2.641127628813561,17.440000534057617,-2.0,19.559999465942383,-4.429999828338623,0.3690577556443593,-0.6411276288135612,-1.7509411762404063,1.7888721995250618,0.1291702144755257,-0.2243946700847464,-0.6128294116841422,0.6261052698337716,6.151073419860266,-3.00822586580598,6.813113666913165,-3.737135899855288,-1,1,-1,1,-14,-13,-14,-13,-20,-16,-20,-16,13.879789590835571
1784751752.669582,25.811207247803477,0.0,0.12,25.811207247803477,0.0,0,17.809058289701976,-2.641127628813561,17.809058289701976,-2.641127628813561,16.739999771118164,-1.399999976158142,20.030000686645508,-4.460000038146973,1.0690585185838124,-1.2411276526554191,-2.220942396943532,1.8188724093334117,0.3741704815043343,-0.4343946784293966,-0.7773298389302359,0.6366053432666939,6.16069494652752,-3.0193960146798786,6.793125185340673,-3.720766048171287,-1,1,-1,1,-14,-13,-14,-13,-21,-16,-20,-16,13.899844884872437
1784751752.689536,25.811207247803477,0.0,0.12,25.811207247803477,0.0,0,17.809058289701976,-2.641127628813561,17.809058289701976,-2.641127628813561,16.739999771118164,-1.399999976158142,20.030000686645508,-4.460000038146973,1.0690585185838124,-1.2411276526554191,-2.220942396943532,1.8188724093334117,0.3741704815043343,-0.4343946784293966,-0.7773298389302359,0.6366053432666939,6.170316473194774,-3.030566163553777,6.7731367037681816,-3.704396196487286,-1,1,-1,1,-14,-13,-14,-13,-21,-16,-20,-16,13.919799089431763
1784751752.7096229,25.811207247803477,0.0,0.12,25.811207247803477,0.0,0,17.809058289701976,-2.641127628813561,17.809058289701976,-2.641127628813561,16.739999771118164,-1.399999976158142,20.030000686645508,-4.460000038146973,1.0690585185838124,-1.2411276526554191,-2.220942396943532,1.8188724093334117,0.3741704815043343,-0.4343946784293966,-0.7773298389302359,0.6366053432666939,6.179937999862028,-3.0417363124276764,6.75314822219569,-3.688026344803285,-1,1,-1,1,-14,-13,-14,-13,-21,-16,-20,-16,13.93988585472107
1784751752.7295249,25.811207247803477,0.0,0.12,25.811207247803477,0.0,0,17.809058289701976,-2.641127628813561,17.809058289701976,-2.641127628813561,16.239999771118164,-1.2100000381469729,19.229999542236328,-3.5799999237060547,1.5690585185838124,-1.4311275906665886,-1.4209412525343517,0.9388722948924936,0.5491704815043343,-0.500894656733306,-0.497329438387023,0.3286053032123727,6.194059526529282,-3.054616460743676,6.740359750922881,-3.679576494149253,-1,1,-1,1,-14,-13,-14,-13,-21,-17,-20,-16,13.959787845611572
1784751752.7495272,25.811207247803477,0.0,0.12,25.811207247803477,0.0,0,17.809058289701976,-2.641127628813561,17.809058289701976,-2.641127628813561,16.239999771118164,-1.2100000381469729,19.229999542236328,-3.5799999237060547,1.5690585185838124,-1.4311275906665886,-1.4209412525343517,0.9388722948924936,0.5491704815043343,-0.500894656733306,-0.497329438387023,0.3286053032123727,6.208181053196536,-3.067496609059676,6.727571279650072,-3.6711266434952208,-1,1,-1,1,-14,-13,-14,-13,-21,-17,-20,-16,13.979790210723877
1784751752.7698128,25.811207247803477,0.0,0.12,25.811207247803477,0.0,0,17.809058289701976,-2.641127628813561,17.809058289701976,-2.641127628813561,16.239999771118164,-1.2100000381469729,19.229999542236328,-3.5799999237060547,1.5690585185838124,-1.4311275906665886,-1.4209412525343517,0.9388722948924936,0.5491704815043343,-0.500894656733306,-0.497329438387023,0.3286053032123727,6.22230257986379,-3.080376757375675,6.714782808377263,-3.662676792841189,-1,1,-1,1,-14,-13,-14,-13,-21,-17,-20,-16,14.000075817108154
1784751752.789531,25.811207247803477,0.0,0.12,25.811207247803477,0.0,0,17.809058289701976,-2.641127628813561,17.809058289701976,-2.641127628813561,16.350000381469727,-0.8500000238418579,18.899999618530277,-3.180000066757202,1.45905790823225,-1.791127604971703,-1.090941328828297,0.5388724379436409,0.5106702678812874,-0.6268946617400961,-0.3818294650899039,0.1886053532802743,6.23543410103788,-3.09649690582042,6.704964336417809,-3.657826940899696,-1,1,-1,1,-14,-13,-14,-13,-21,-17,-20,-16,14.01979398727417
1784751752.8095508,25.811207247803477,0.0,0.12,25.811207247803477,0.0,0,17.809058289701976,-2.641127628813561,17.809058289701976,-2.641127628813561,16.350000381469727,-0.8500000238418579,18.899999618530277,-3.180000066757202,1.45905790823225,-1.791127604971703,-1.090941328828297,0.5388724379436409,0.5106702678812874,-0.6268946617400961,-0.3818294650899039,0.1886053532802743,6.24856562221197,-3.112617054265165,6.695145864458354,-3.6529770889582034,-1,1,-1,1,-14,-13,-14,-13,-21,-17,-20,-16,14.039813756942749
1784751752.8295145,25.811207247803477,0.0,0.12,25.811207247803477,0.0,0,17.809058289701976,-2.641127628813561,17.809058289701976,-2.641127628813561,16.43000030517578,-0.8199999928474426,17.979999542236328,-2.2300000190734863,1.3790579845261952,-1.8211276359661184,-0.1709412525343516,-0.4111276097400749,0.4826702945841682,-0.6373946725881414,-0.059829438387023,-0.1438946634090262,6.260977144072706,-3.1290072029888605,6.693607393185545,-3.656677237445864,-1,1,-1,1,-14,-13,-14,-13,-21,-17,-21,-17,14.05977749824524
1784751752.8495092,25.811207247803477,0.0,0.12,25.811207247803477,0.0,0,17.809058289701976,-2.641127628813561,17.809058289701976,-2.641127628813561,16.43000030517578,-0.8199999928474426,17.979999542236328,-2.2300000190734863,1.3790579845261952,-1.8211276359661184,-0.1709412525343516,-0.4111276097400749,0.4826702945841682,-0.6373946725881414,-0.059829438387023,-0.1438946634090262,6.273388665933442,-3.1453973517125555,6.692068921912735,-3.6603773859335247,-1,1,-1,1,-14,-13,-14,-13,-21,-17,-21,-17,14.079772233963013
1784751752.8697462,25.811207247803477,0.0,0.12,25.811207247803477,0.0,0,17.809058289701976,-2.641127628813561,17.809058289701976,-2.641127628813561,16.93000030517578,-1.0299999713897705,17.790000915527344,-1.559999942779541,0.8790579845261952,-1.6111276574237907,0.0190573741746327,-1.0811276860340202,0.3076702945841683,-0.5638946800983267,0.0066700809611214,-0.3783946901119071,6.281300187794178,-3.159897500629369,6.692240438280307,-3.670107535107831,-1,1,-1,1,-14,-13,-14,-13,-21,-17,-21,-17,14.100009202957153
1784751752.8896313,25.811207247803477,0.0,0.12,25.811207247803477,0.0,0,17.809058289701976,-2.641127628813561,17.809058289701976,-2.641127628813561,16.93000030517578,-1.0299999713897705,17.790000915527344,-1.559999942779541,0.8790579845261952,-1.6111276574237907,0.0190573741746327,-1.0811276860340202,0.3076702945841683,-0.5638946800983267,0.0066700809611214,-0.3783946901119071,6.289211709654914,-3.1743976495461834,6.692411954647879,-3.6798376842821368,-1,1,-1,1,-14,-13,-14,-13,-21,-17,-21,-17,14.11989426612854
1784751752.9095435,25.811207247803477,0.0,0.12,25.811207247803477,0.0,0,17.809058289701976,-2.641127628813561,17.809058289701976,-2.641127628813561,16.93000030517578,-1.0299999713897705,17.790000915527344,-1.559999942779541,0.8790579845261952,-1.6111276574237907,0.0190573741746327,-1.0811276860340202,0.3076702945841683,-0.5638946800983267,0.0066700809611214,-0.3783946901119071,6.29712323151565,-3.1888977984629974,6.692583471015451,-3.689567833456443,-1,1,-1,1,-14,-13,-14,-13,-21,-17,-21,-17,14.139806509017944
1784751752.9295003,25.811207247803477,0.0,0.12,25.811207247803477,0.0,0,17.809058289701976,-2.641127628813561,17.809058289701976,-2.641127628813561,16.829999923706055,-0.9399999976158142,17.65999984741211,-1.5399999618530271,0.9790583659959218,-1.701127631197747,0.1490584422898671,-1.101127666960534,0.3426704280985726,-0.5953946709192114,0.0521704548014534,-0.3853946834361868,6.305934756809614,-3.204207947143777,6.693924996996059,-3.699477982459088,-1,1,-1,1,-14,-13,-14,-13,-21,-17,-21,-17,14.15976333618164
1784751752.949621,25.811207247803477,0.0,0.12,25.811207247803477,0.0,0,17.809058289701976,-2.641127628813561,17.809058289701976,-2.641127628813561,16.829999923706055,-0.9399999976158142,17.65999984741211,-1.5399999618530271,0.9790583659959218,-1.701127631197747,0.1490584422898671,-1.101127666960534,0.3426704280985726,-0.5953946709192114,0.0521704548014534,-0.3853946834361868,6.314746282103577,-3.2195180958245566,6.695266522976668,-3.7093881314617327,-1,1,-1,1,-14,-13,-14,-13,-21,-17,-21,-17,14.17988395690918
1784751752.969519,25.811207247803477,0.0,0.12,25.811207247803477,0.0,0,17.809058289701976,-2.641127628813561,17.809058289701976,-2.641127628813561,16.540000915527344,-0.6600000262260437,17.350000381469727,-1.0800000429153442,1.2690573741746327,-1.9811276025875173,0.4590579082322499,-1.561127585898217,0.4441700809611214,-0.6933946609056311,0.1606702678812874,-0.5463946550643759,6.326167798471149,-3.237348244247844,6.699398044150758,-3.723438279734817,-1,1,-1,1,-14,-13,-14,-13,-21,-17,-21,-17,14.199781894683838
1784751752.989515,25.811207247803477,0.0,0.12,25.811207247803477,0.0,0,17.809058289701976,-2.641127628813561,17.809058289701976,-2.641127628813561,16.540000915527344,-0.6600000262260437,17.350000381469727,-1.0800000429153442,1.2690573741746327,-1.9811276025875173,0.4590579082322499,-1.561127585898217,0.4441700809611214,-0.6933946609056311,0.1606702678812874,-0.5463946550643759,6.33758931483872,-3.2551783926711315,6.703529565324849,-3.737488428007901,-1,1,-1,1,-14,-13,-14,-13,-21,-17,-21,-17,14.219778060913086
1784751753.0095353,25.811207247803477,0.0,0.12,25.811207247803477,0.0,0,17.809058289701976,-2.641127628813561,17.809058289701976,-2.641127628813561,16.540000915527344,-0.6600000262260437,17.350000381469727,-1.0800000429153442,1.2690573741746327,-1.9811276025875173,0.4590579082322499,-1.561127585898217,0.4441700809611214,-0.6933946609056311,0.1606702678812874,-0.5463946550643759,6.349010831206291,-3.273008541094419,6.707661086498939,-3.751538576280985,-1,1,-1,1,-14,-13,-14,-13,-21,-17,-21,-17,14.239798307418823
1784751753.0295148,25.811207247803477,0.0,0.12,25.811207247803477,0.0,0,17.809058289701976,-2.641127628813561,17.809058289701976,-2.641127628813561,16.329999923706055,-0.6899999976158142,16.670000076293945,-0.9800000190734864,1.4790583659959218,-1.951127631197747,1.1390582134080312,-1.661127609740075,0.5176704280985726,-0.6828946709192114,0.3986703746928108,-0.5813946634090261,6.362322356500255,-3.2905686897751987,6.717912610419612,-3.766488724768646,-1,1,-1,1,-14,-13,-14,-13,-21,-17,-21,-17,14.259777784347534
1784751753.0495162,25.811207247803477,0.0,0.12,25.811207247803477,0.0,0,17.809058289701976,-2.641127628813561,17.809058289701976,-2.641127628813561,16.329999923706055,-0.6899999976158142,16.670000076293945,-0.9800000190734864,1.4790583659959218,-1.951127631197747,1.1390582134080312,-1.661127609740075,0.5176704280985726,-0.6828946709192114,0.3986703746928108,-0.5813946634090261,6.375633881794219,-3.3081288384559784,6.728164134340284,-3.7814388732563065,-1,1,-1,1,-14,-13,-14,-13,-21,-17,-21,-17,14.279779195785522
1784751753.0696046,25.811207247803477,0.0,0.12,25.811207247803477,0.0,0,17.809058289701976,-2.641127628813561,17.809058289701976,-2.641127628813561,16.639999389648438,-1.159999966621399,16.200000762939453,-0.6899999976158142,1.169058900053539,-1.4811276621921623,1.6090575267625231,-1.951127631197747,0.4091706150187386,-0.5183946817672568,0.5631701343668831,-0.6828946709192114,6.3861554118947,-3.321458987415708,6.742645652081147,-3.798999021937086,-1,1,-1,1,-14,-13,-14,-13,-21,-17,-21,-17,14.299867630004883
1784751753.0895224,25.811207247803477,0.0,0.12,25.811207247803477,0.0,0,17.809058289701976,-2.641127628813561,17.809058289701976,-2.641127628813561,16.639999389648438,-1.159999966621399,16.200000762939453,-0.6899999976158142,1.169058900053539,-1.4811276621921623,1.6090575267625231,-1.951127631197747,0.4091706150187386,-0.5183946817672568,0.5631701343668831,-0.6828946709192114,6.396676941995182,-3.334789136375437,6.7571271698220094,-3.816559170617866,-1,1,-1,1,-14,-13,-14,-13,-21,-17,-21,-17,14.319785356521606
1784751753.1095102,25.811207247803477,0.0,0.12,25.811207247803477,0.0,0,17.809058289701976,-2.641127628813561,17.809058289701976,-2.641127628813561,16.639999389648438,-1.159999966621399,16.200000762939453,-0.6899999976158142,1.169058900053539,-1.4811276621921623,1.6090575267625231,-1.951127631197747,0.4091706150187386,-0.5183946817672568,0.5631701343668831,-0.6828946709192114,6.407198472095663,-3.3481192853351662,6.771608687562872,-3.8341193192986456,-1,1,-1,1,-14,-13,-14,-13,-21,-17,-21,-18,14.339773178100586
1784751753.129513,25.811207247803477,0.0,0.12,25.811207247803477,0.0,0,17.809058289701976,-2.641127628813561,17.809058289701976,-2.641127628813561,16.860000610351562,-1.0399999618530271,14.960000038146973,-0.4799999892711639,0.949057679350414,-1.601127666960534,2.849058251555004,-2.1611276395423973,0.3321701877726448,-0.5603946834361868,0.9971703880442512,-0.756394673839839,6.415739991209817,-3.362529434337811,6.797250211826867,-3.853569468054527,-1,1,-1,1,-14,-13,-14,-13,-21,-17,-22,-18,14.359776020050049
1784751753.149501,25.811207247803477,0.0,0.12,25.811207247803477,0.0,0,17.809058289701976,-2.641127628813561,17.809058289701976,-2.641127628813561,16.860000610351562,-1.0399999618530271,14.960000038146973,-0.4799999892711639,0.949057679350414,-1.601127666960534,2.849058251555004,-2.1611276395423973,0.3321701877726448,-0.5603946834361868,0.9971703880442512,-0.756394673839839,6.42428151032397,-3.376939583340456,6.822891736090862,-3.873019616810408,-1,1,-1,1,-14,-13,-14,-13,-21,-17,-22,-18,14.379764080047607
1784751753.1696117,25.811207247803477,0.0,0.12,25.811207247803477,0.0,0,17.809058289701976,-2.641127628813561,17.809058289701976,-2.641127628813561,15.869999885559082,-1.6299999952316284,15.0,-0.3400000035762787,1.9390584041428944,-1.0111276335819328,2.8090582897019765,-2.3011276252372825,0.678670441450013,-0.3538946717536764,0.9831704013956916,-0.8053946688330489,6.441733035961256,-3.386039732042693,6.84817326069818,-3.893729765437544,-1,1,-1,1,-14,-13,-14,-13,-21,-17,-22,-18,14.399874687194824
1784751753.189604,25.811207247803477,0.0,0.12,25.811207247803477,0.0,0,17.809058289701976,-2.641127628813561,17.809058289701976,-2.641127628813561,15.869999885559082,-1.6299999952316284,15.0,-0.3400000035762787,1.9390584041428944,-1.0111276335819328,2.8090582897019765,-2.3011276252372825,0.678670441450013,-0.3538946717536764,0.9831704013956916,-0.8053946688330489,6.459184561598542,-3.3951398807449302,6.873454785305499,-3.91443991406468,-1,1,-1,1,-14,-13,-14,-13,-21,-17,-22,-18,14.419867038726807
1784751753.2095242,25.811207247803477,0.0,0.12,25.811207247803477,0.0,0,17.809058289701976,-2.641127628813561,17.809058289701976,-2.641127628813561,15.869999885559082,-1.6299999952316284,15.0,-0.3400000035762787,1.9390584041428944,-1.0111276335819328,2.8090582897019765,-2.3011276252372825,0.678670441450013,-0.3538946717536764,0.9831704013956916,-0.8053946688330489,6.476636087235828,-3.4042400294471675,6.898736309912817,-3.935150062691816,-1,1,-1,1,-14,-13,-14,-13,-21,-17,-22,-18,14.439787149429321
1784751753.2296262,25.811207247803477,0.0,0.12,25.811207247803477,0.0,0,17.809058289701976,-2.641127628813561,17.809058289701976,-2.641127628813561,16.09000015258789,-2.5,15.479999542236328,-1.1399999856948853,1.7190581371140858,-0.1411276288135612,2.3290587474656483,-1.501127643118676,0.60167034798993,-0.0493946700847464,0.8151705616129769,-0.5253946750915366,6.492107610469855,-3.4055101781064896,6.919697838640007,-3.948660211479884,-1,1,-1,1,-14,-13,-14,-13,-21,-16,-22,-17,14.45988917350769
1784751753.2495196,25.811207247803477,0.0,0.12,25.811207247803477,0.0,0,17.809058289701976,-2.641127628813561,17.809058289701976,-2.641127628813561,16.09000015258789,-2.5,15.479999542236328,-1.1399999856948853,1.7190581371140858,-0.1411276288135612,2.3290587474656483,-1.501127643118676,0.60167034798993,-0.0493946700847464,0.8151705616129769,-0.5253946750915366,6.5075791337038815,-3.406780326765812,6.940659367367198,-3.962170360267952,-1,1,-1,1,-14,-13,-14,-13,-21,-16,-22,-17,14.479782581329346
1784751753.2697754,25.811207247803477,0.0,0.12,25.811207247803477,0.0,0,17.809058289701976,-2.641127628813561,17.809058289701976,-2.641127628813561,16.700000762939453,-2.880000114440918,15.369999885559082,-1.7000000476837158,1.1090575267625231,0.2388724856273567,2.4390584041428944,-0.9411275811298454,0.3881701343668831,0.0836053699695748,0.853670441450013,-0.3293946533954459,6.517560651444744,-3.4046304743951654,6.962610893004484,-3.97064050849812,-1,1,-1,1,-14,-13,-14,-13,-21,-16,-22,-17,14.500038385391235
1784751753.2894907,25.811207247803477,0.0,0.12,25.811207247803477,0.0,0,17.809058289701976,-2.641127628813561,17.809058289701976,-2.641127628813561,16.700000762939453,-2.880000114440918,15.369999885559082,-1.7000000476837158,1.1090575267625231,0.2388724856273567,2.4390584041428944,-0.9411275811298454,0.3881701343668831,0.0836053699695748,0.853670441450013,-0.3293946533954459,6.527542169185606,-3.402480622024519,6.9845624186417705,-3.979110656728289,-1,1,-1,1,-14,-13,-14,-13,-21,-16,-22,-17,14.519753694534302
1784751753.3095434,25.811207247803477,0.0,0.12,25.811207247803477,0.0,0,17.809058289701976,-2.641127628813561,17.809058289701976,-2.641127628813561,16.700000762939453,-2.880000114440918,15.369999885559082,-1.7000000476837158,1.1090575267625231,0.2388724856273567,2.4390584041428944,-0.9411275811298454,0.3881701343668831,0.0836053699695748,0.853670441450013,-0.3293946533954459,6.537523686926469,-3.400330769653873,7.006513944279057,-3.9875808049584576,-1,1,-1,1,-14,-13,-14,-13,-21,-16,-22,-17,14.539806365966797
1784751753.3295171,25.811207247803477,0.0,0.12,25.811207247803477,0.0,0,17.809058289701976,-2.641127628813561,17.809058289701976,-2.641127628813561,17.579999923706055,-3.380000114440918,15.739999771118164,-1.649999976158142,0.2290583659959217,0.7388724856273567,2.0690585185838124,-0.9911276526554192,0.0801704280985726,0.2586053699695748,0.7241704815043343,-0.3468946784293967,6.539585212220432,-3.3936809172832265,7.025135470946311,-3.996500953832357,-1,1,-1,1,-14,-13,-14,-13,-21,-16,-22,-17,14.55978012084961
1784751753.349543,25.811207247803477,0.0,0.12,25.811207247803477,0.0,0,17.809058289701976,-2.641127628813561,17.809058289701976,-2.641127628813561,17.579999923706055,-3.380000114440918,15.739999771118164,-1.649999976158142,0.2290583659959217,0.7388724856273567,2.0690585185838124,-0.9911276526554192,0.0801704280985726,0.2586053699695748,0.7241704815043343,-0.3468946784293967,6.541646737514395,-3.38703106491258,7.043756997613565,-4.005421102706255,-1,1,-1,1,-14,-13,-14,-13,-21,-16,-22,-17,14.579806089401245
1784751753.3697827,25.811207247803477,0.0,0.12,25.811207247803477,0.0,0,17.809058289701976,-2.641127628813561,17.809058289701976,-2.641127628813561,17.739999771118164,-4.400000095367432,15.539999961853027,-1.6100000143051147,0.0690585185838124,1.7588724665538704,2.269058327848949,-1.0311276145084465,0.0241704815043343,0.6156053632938546,0.7941704147471321,-0.3608946650779562,6.54226826418165,-3.3712012127135957,7.064178522564206,-4.014701251236831,-1,1,-1,1,-14,-13,-14,-13,-21,-16,-22,-17,14.600045680999756
1784751753.3895147,25.811207247803477,0.0,0.12,25.811207247803477,0.0,0,17.809058289701976,-2.641127628813561,17.809058289701976,-2.641127628813561,17.739999771118164,-4.400000095367432,15.539999961853027,-1.6100000143051147,0.0690585185838124,1.7588724665538704,2.269058327848949,-1.0311276145084465,0.0241704815043343,0.6156053632938546,0.7941704147471321,-0.3608946650779562,6.542889790848904,-3.3553713605146105,7.084600047514847,-4.023981399767407,-1,1,-1,1,-14,-13,-14,-13,-21,-16,-22,-17,14.61977767944336
1784751753.4095123,25.811207247803477,0.0,0.12,25.811207247803477,0.0,0,17.809058289701976,-2.641127628813561,17.809058289701976,-2.641127628813561,17.739999771118164,-4.400000095367432,15.539999961853027,-1.6100000143051147,0.0690585185838124,1.7588724665538704,2.269058327848949,-1.0311276145084465,0.0241704815043343,0.6156053632938546,0.7941704147471321,-0.3608946650779562,6.543511317516159,-3.3395415083156257,7.105021572465488,-4.033261548297983,-1,1,-1,1,-14,-13,-14,-13,-21,-16,-22,-17,14.639775276184082
1784751753.4294968,25.811207247803477,0.0,0.12,25.811207247803477,0.0,0,17.809058289701976,-2.641127628813561,17.809058289701976,-2.641127628813561,18.530000686645508,-4.210000038146973,15.640000343322754,-1.350000023841858,-0.7209423969435313,1.5688724093334114,2.1690579463792226,-1.291127604971703,-0.252329838930236,0.5491053432666939,0.7591702812327279,-0.4518946617400961,6.537022835943667,-3.325421656631625,7.1245430939829015,-4.044881696742728,-1,1,-1,1,-14,-13,-14,-13,-20,-16,-22,-17,14.659759759902954
1784751753.4496772,25.811207247803477,0.0,0.12,25.811207247803477,0.0,0,17.809058289701976,-2.641127628813561,17.809058289701976,-2.641127628813561,18.530000686645508,-4.210000038146973,15.640000343322754,-1.350000023841858,-0.7209423969435313,1.5688724093334114,2.1690579463792226,-1.291127604971703,-0.252329838930236,0.5491053432666939,0.7591702812327279,-0.4518946617400961,6.530534354371175,-3.3113018049476244,7.144064615500315,-4.056501845187473,-1,1,-1,1,-14,-13,-14,-13,-20,-16,-22,-18,14.679940223693848
1784751753.4710886,25.811207247803477,0.0,0.12,25.811207247803477,0.0,0,17.809058289701976,-2.641127628813561,17.809058289701976,-2.641127628813561,18.530000686645508,-4.210000038146973,15.640000343322754,-1.350000023841858,-0.7209423969435313,1.5688724093334114,2.1690579463792226,-1.291127604971703,-0.252329838930236,0.5491053432666939,0.7591702812327279,-0.4518946617400961,6.524045872798682,-3.297181953263624,7.163586137017728,-4.068121993632218,-1,1,-1,1,-14,-13,-14,-13,-20,-16,-22,-18,14.701351642608643
1784751753.489489,25.811207247803477,0.0,0.12,25.811207247803477,0.0,0,17.809058289701976,-2.641127628813561,17.809058289701976,-2.641127628813561,18.18000030517578,-3.849999904632568,16.610000610351562,-2.0799999237060547,-0.3709420154738048,1.2088722758190071,1.199057679350414,-0.5611277051075065,-0.1298297054158316,0.4231052965366524,0.4196701877726448,-0.1963946967876272,6.520707394659418,-3.2863021027812525,7.174377656131882,-4.073172142978185,-1,1,-1,1,-14,-13,-14,-13,-20,-16,-22,-17,14.719752073287964
1784751753.5095365,25.811207247803477,0.0,0.12,25.811207247803477,0.0,0,17.809058289701976,-2.641127628813561,17.809058289701976,-2.641127628813561,18.18000030517578,-3.849999904632568,16.610000610351562,-2.0799999237060547,-0.3709420154738048,1.2088722758190071,1.199057679350414,-0.5611277051075065,-0.1298297054158316,0.4231052965366524,0.4196701877726448,-0.1963946967876272,6.517368916520153,-3.275422252298881,7.185169175246036,-4.078222292324153,-1,1,-1,1,-14,-13,-14,-13,-20,-16,-22,-17,14.739799499511719
1784751753.5295243,25.811207247803477,0.0,0.12,25.811207247803477,0.0,0,17.809058289701976,-2.641127628813561,17.809058289701976,-2.641127628813561,18.15999984741211,-3.380000114440918,17.059999465942383,-1.909999966621399,-0.3509415577101329,0.7388724856273567,0.7490588237595937,-0.7311276621921623,-0.1228295451985465,0.2586053699695748,0.2621705883158577,-0.2558946817672567,6.5142104425007625,-3.2687723999282348,7.191910704659872,-4.084802441283882,-1,1,-1,1,-14,-13,-14,-13,-20,-16,-21,-17,14.759787321090698
1784751753.5495276,25.811207247803477,0.0,0.12,25.811207247803477,0.0,0,17.809058289701976,-2.641127628813561,17.809058289701976,-2.641127628813561,18.15999984741211,-3.380000114440918,17.059999465942383,-1.909999966621399,-0.3509415577101329,0.7388724856273567,0.7490588237595937,-0.7311276621921623,-0.1228295451985465,0.2586053699695748,0.2621705883158577,-0.2558946817672567,6.511051968481372,-3.2621225475575883,7.198652234073708,-4.091382590243612,-1,1,-1,1,-14,-13,-14,-13,-20,-16,-21,-17,14.77979063987732
1784751753.569466,25.811207247803477,0.0,0.12,25.811207247803477,0.0,0,17.809058289701976,-2.641127628813561,17.809058289701976,-2.641127628813561,18.3700008392334,-3.2699999809265137,17.600000381469727,-2.240000009536743,-0.560942549531422,0.6288723521129524,0.2090579082322499,-0.401127619276818,-0.1963298923359976,0.2201053232395333,0.0731702678812874,-0.1403946667468863,6.506003485535589,-3.256462696388572,7.200533755247799,-4.094992738817103,-1,1,-1,1,-14,-13,-14,-13,-20,-16,-21,-17,14.799729108810425
1784751753.589506,25.811207247803477,0.0,0.12,25.811207247803477,0.0,0,17.809058289701976,-2.641127628813561,17.809058289701976,-2.641127628813561,18.3700008392334,-3.2699999809265137,17.600000381469727,-2.240000009536743,-0.560942549531422,0.6288723521129524,0.2090579082322499,-0.401127619276818,-0.1963298923359976,0.2201053232395333,0.0731702678812874,-0.1403946667468863,6.500955002589807,-3.250802845219555,7.202415276421889,-4.098602887390594,-1,1,-1,1,-14,-13,-14,-13,-20,-16,-21,-17,14.819768905639648
1784751753.609535,25.811207247803477,0.0,0.12,25.811207247803477,0.0,0,17.809058289701976,-2.641127628813561,17.809058289701976,-2.641127628813561,18.3700008392334,-3.2699999809265137,17.600000381469727,-2.240000009536743,-0.560942549531422,0.6288723521129524,0.2090579082322499,-0.401127619276818,-0.1963298923359976,0.2201053232395333,0.0731702678812874,-0.1403946667468863,6.495906519644024,-3.2451429940505383,7.20429679759598,-4.102213035964086,-1,1,-1,1,-14,-13,-14,-13,-20,-16,-21,-17,14.839797973632812
1784751753.6295023,25.811207247803477,0.0,0.12,25.811207247803477,0.0,0,17.809058289701976,-2.641127628813561,17.809058289701976,-2.641127628813561,17.84000015258789,-2.5199999809265137,18.209999084472656,-3.150000095367432,-0.0309418628859141,-0.1211276478870475,-0.4009407947706798,0.5088724665538704,-0.0108296520100699,-0.0423946767604666,-0.1403292781697379,0.1781053632938546,6.495628042878051,-3.246233142881522,7.200688330443044,-4.097633183765101,-1,1,-1,1,-14,-13,-14,-13,-20,-16,-21,-17,14.85976529121399
1784751753.649547,25.811207247803477,0.0,0.12,25.811207247803477,0.0,0,17.809058289701976,-2.641127628813561,17.809058289701976,-2.641127628813561,17.84000015258789,-2.5199999809265137,18.209999084472656,-3.150000095367432,-0.0309418628859141,-0.1211276478870475,-0.4009407947706798,0.5088724665538704,-0.0108296520100699,-0.0423946767604666,-0.1403292781697379,0.1781053632938546,6.495349566112078,-3.247323291712505,7.197079863290108,-4.093053331566116,-1,1,-1,1,-14,-13,-14,-13,-20,-16,-21,-17,14.879810094833374
1784751753.6697822,25.811207247803477,0.0,0.12,25.811207247803477,0.0,0,17.809058289701976,-2.641127628813561,17.809058289701976,-2.641127628813561,17.469999313354492,-1.9900000095367432,18.40999984741211,-3.3399999141693115,0.3390589763474843,-0.6511276192768181,-0.6009415577101329,0.6988722853557503,0.1186706417216195,-0.2278946667468863,-0.2103295451985465,0.2446052998745126,6.498401096899205,-3.253183440285997,7.191671389270717,-4.086763480997915,-1,1,-1,1,-14,-13,-14,-13,-21,-16,-21,-17,14.900045156478882
1784751753.6895795,25.811207247803477,0.0,0.12,25.811207247803477,0.0,0,17.809058289701976,-2.641127628813561,17.809058289701976,-2.641127628813561,17.469999313354492,-1.9900000095367432,18.40999984741211,-3.3399999141693115,0.3390589763474843,-0.6511276192768181,-0.6009415577101329,0.6988722853557503,0.1186706417216195,-0.2278946667468863,-0.2103295451985465,0.2446052998745126,6.501452627686333,-3.2590435888594884,7.186262915251326,-4.080473630429713,-1,1,-1,1,-14,-13,-14,-13,-21,-16,-21,-17,14.91984248161316
1784751753.709515,25.811207247803477,0.0,0.12,25.811207247803477,0.0,0,17.809058289701976,-2.641127628813561,17.809058289701976,-2.641127628813561,17.469999313354492,-1.9900000095367432,18.40999984741211,-3.3399999141693115,0.3390589763474843,-0.6511276192768181,-0.6009415577101329,0.6988722853557503,0.1186706417216195,-0.2278946667468863,-0.2103295451985465,0.2446052998745126,6.50450415847346,-3.26490373743298,7.180854441231936,-4.074183779861512,-1,1,-1,1,-14,-13,-14,-13,-21,-16,-21,-17,14.939778089523315
1784751753.7295256,25.811207247803477,0.0,0.12,25.811207247803477,0.0,0,17.809058289701976,-2.641127628813561,17.809058289701976,-2.641127628813561,17.440000534057617,-2.5199999809265137,18.770000457763672,-3.240000009536743,0.3690577556443593,-0.1211276478870475,-0.9609421680616954,0.5988723807231819,0.1291702144755257,-0.0423946767604666,-0.3363297588215934,0.2096053332531136,6.507825678274259,-3.2659938862639635,7.1722059617193805,-4.068793928435003,-1,1,-1,1,-14,-13,-14,-13,-21,-16,-21,-17,14.95978856086731
1784751753.749543,25.811207247803477,0.0,0.12,25.811207247803477,0.0,0,17.809058289701976,-2.641127628813561,17.809058289701976,-2.641127628813561,17.440000534057617,-2.5199999809265137,18.770000457763672,-3.240000009536743,0.3690577556443593,-0.1211276478870475,-0.9609421680616954,0.5988723807231819,0.1291702144755257,-0.0423946767604666,-0.3363297588215934,0.2096053332531136,6.511147198075059,-3.267084035094947,7.1635574822068255,-4.063404077008494,-1,1,-1,1,-14,-13,-14,-13,-21,-16,-21,-17,14.979805946350098
1784751753.7696266,25.811207247803477,0.0,0.12,25.811207247803477,0.0,0,17.809058289701976,-2.641127628813561,17.809058289701976,-2.641127628813561,17.8700008392334,-2.450000047683716,18.799999237060547,-2.720000028610229,-0.0609425495314219,-0.1911275811298454,-0.9909409473585704,0.0788723997966682,-0.0213298923359976,-0.0668946533954458,-0.3468293315754996,0.0276053399288338,6.510598715129276,-3.268804183325116,7.154639013680598,-4.062694225410324,-1,1,-1,1,-14,-13,-14,-13,-20,-16,-21,-17,14.999889612197876
1784751753.789538,25.811207247803477,0.0,0.12,25.811207247803477,0.0,0,17.809058289701976,-2.641127628813561,17.809058289701976,-2.641127628813561,17.8700008392334,-2.450000047683716,18.799999237060547,-2.720000028610229,-0.0609425495314219,-0.1911275811298454,-0.9909409473585704,0.0788723997966682,-0.0213298923359976,-0.0668946533954458,-0.3468293315754996,0.0276053399288338,6.5100502321834925,-3.2705243315552845,7.145720545154371,-4.0619843738121535,-1,1,-1,1,-14,-13,-14,-13,-20,-16,-21,-17,15.019800901412964
1784751753.8094976,25.811207247803477,0.0,0.12,25.811207247803477,0.0,0,17.809058289701976,-2.641127628813561,17.809058289701976,-2.641127628813561,17.8700008392334,-2.450000047683716,18.799999237060547,-2.720000028610229,-0.0609425495314219,-0.1911275811298454,-0.9909409473585704,0.0788723997966682,-0.0213298923359976,-0.0668946533954458,-0.3468293315754996,0.0276053399288338,6.509501749237709,-3.2722444797854533,7.136802076628144,-4.061274522213983,-1,1,-1,1,-14,-13,-14,-13,-20,-16,-21,-17,15.03976058959961
1784751753.8295665,25.811207247803477,0.0,0.12,25.811207247803477,0.0,0,17.809058289701976,-2.641127628813561,17.809058289701976,-2.641127628813561,18.38999938964844,-1.940000057220459,17.90999984741211,-2.130000114440918,-0.580941099946461,-0.7011275715931022,-0.1009415577101329,-0.5111275143726433,-0.2033293849812613,-0.2453946500575857,-0.0353295451985465,-0.1788946300304251,6.504273279338191,-3.278554627929791,7.135893602608753,-4.065874669843337,-1,1,-1,1,-14,-13,-14,-13,-20,-17,-21,-17,15.059829473495483
1784751753.8495605,25.811207247803477,0.0,0.12,25.811207247803477,0.0,0,17.809058289701976,-2.641127628813561,17.809058289701976,-2.641127628813561,18.38999938964844,-1.940000057220459,17.90999984741211,-2.130000114440918,-0.580941099946461,-0.7011275715931022,-0.1009415577101329,-0.5111275143726433,-0.2033293849812613,-0.2453946500575857,-0.0353295451985465,-0.1788946300304251,6.499044809438673,-3.2848647760741287,7.134985128589363,-4.070474817472691,-1,1,-1,1,-14,-13,-14,-13,-20,-17,-21,-17,15.07982349395752
1784751753.8698463,25.811207247803477,0.0,0.12,25.811207247803477,0.0,0,17.809058289701976,-2.641127628813561,17.809058289701976,-2.641127628813561,18.989999771118164,-2.940000057220459,17.75,-1.7200000286102295,-1.1809414814161876,0.2988724284068977,0.0590582897019764,-0.9211276002033316,-0.4133295184956656,0.1046053499424142,0.0206704013956917,-0.3223946600711661,6.488416336105927,-3.2821749242184666,7.135516653196681,-4.078764965874521,-1,1,-1,1,-14,-13,-14,-13,-20,-16,-21,-17,15.100109338760376
1784751753.8895297,25.811207247803477,0.0,0.12,25.811207247803477,0.0,0,17.809058289701976,-2.641127628813561,17.809058289701976,-2.641127628813561,18.989999771118164,-2.940000057220459,17.75,-1.7200000286102295,-1.1809414814161876,0.2988724284068977,0.0590582897019764,-0.9211276002033316,-0.4133295184956656,0.1046053499424142,0.0206704013956917,-0.3223946600711661,6.477787862773181,-3.2794850723628044,7.136048177803999,-4.087055114276351,-1,1,-1,1,-14,-13,-14,-13,-20,-16,-21,-17,15.119792699813843
1784751753.9095054,25.811207247803477,0.0,0.12,25.811207247803477,0.0,0,17.809058289701976,-2.641127628813561,17.809058289701976,-2.641127628813561,18.989999771118164,-2.940000057220459,17.75,-1.7200000286102295,-1.1809414814161876,0.2988724284068977,0.0590582897019764,-0.9211276002033316,-0.4133295184956656,0.1046053499424142,0.0206704013956917,-0.3223946600711661,6.467159389440435,-3.2767952205071422,7.136579702411317,-4.095345262678181,-1,1,-1,1,-14,-13,-14,-13,-20,-16,-21,-17,15.139768362045288
1784751753.9296525,25.811207247803477,0.0,0.12,25.811207247803477,0.0,0,17.809058289701976,-2.641127628813561,17.809058289701976,-2.641127628813561,19.86000061035156,-3.869999885559082,17.399999618530273,-1.2000000476837158,-2.050942320649586,1.2288722567455208,0.409058671171703,-1.4411275811298454,-0.7178298122273551,0.4301052898609322,0.143170534910096,-0.5043946533954459,6.4487009085545886,-3.2657353701964325,7.140261230451862,-4.10831541090835,-1,1,-1,1,-14,-13,-14,-13,-20,-16,-21,-18,15.159915447235107
1784751753.949515,25.811207247803477,0.0,0.12,25.811207247803477,0.0,0,17.809058289701976,-2.641127628813561,17.809058289701976,-2.641127628813561,19.86000061035156,-3.869999885559082,17.399999618530273,-1.2000000476837158,-2.050942320649586,1.2288722567455208,0.409058671171703,-1.4411275811298454,-0.7178298122273551,0.4301052898609322,0.143170534910096,-0.5043946533954459,6.430242427668742,-3.2546755198857227,7.143942758492407,-4.121285559138519,-1,1,-1,1,-14,-13,-14,-13,-20,-16,-21,-18,15.179778099060059
1784751753.969649,25.811207247803477,0.0,0.12,25.811207247803477,0.0,0,17.809058289701976,-2.641127628813561,17.809058289701976,-2.641127628813561,20.46999931335449,-4.070000171661377,17.6200008392334,-1.0700000524520874,-2.660941023652516,1.4288725428478155,0.189057450468578,-1.5711275763614738,-0.9313293582783804,0.5001053899967355,0.0661701076640023,-0.5498946517265157,6.406293958455869,-3.2418156670000924,7.145644275546624,-4.135425707325772,-1,1,-1,1,-14,-13,-14,-13,-19,-16,-21,-18,15.199912071228027
1784751753.9895415,25.811207247803477,0.0,0.12,25.811207247803477,0.0,0,17.809058289701976,-2.641127628813561,17.809058289701976,-2.641127628813561,20.46999931335449,-4.070000171661377,17.6200008392334,-1.0700000524520874,-2.660941023652516,1.4288725428478155,0.189057450468578,-1.5711275763614738,-0.9313293582783804,0.5001053899967355,0.0661701076640023,-0.5498946517265157,6.382345489242996,-3.228955814114462,7.147345792600841,-4.149565855513025,-1,1,-1,1,-14,-13,-14,-13,-19,-16,-21,-18,15.219804525375366
1784751754.010538,25.811207247803477,0.0,0.12,25.811207247803477,0.0,0,17.809058289701976,-2.641127628813561,17.809058289701976,-2.641127628813561,20.46999931335449,-4.070000171661377,17.6200008392334,-1.0700000524520874,-2.660941023652516,1.4288725428478155,0.189057450468578,-1.5711275763614738,-0.9313293582783804,0.5001053899967355,0.0661701076640023,-0.5498946517265157,6.358397020030123,-3.216095961228832,7.1490473096550575,-4.163706003700278,-1,1,-1,1,-14,-13,-14,-13,-19,-16,-21,-18,15.240801095962524
1784751754.0295155,25.811207247803477,0.0,0.12,25.811207247803477,0.0,0,17.809058289701976,-2.641127628813561,17.809058289701976,-2.641127628813561,20.670000076293945,-4.429999828338623,17.540000915527344,-0.9700000286102296,-2.860941786591969,1.7888721995250618,0.2690573741746327,-1.6711276002033315,-1.001329625307189,0.6261052698337716,0.0941700809611214,-0.5848946600711661,6.332648543950795,-3.1999961114331064,7.151468826022629,-4.178746152102108,-1,1,-1,1,-14,-13,-14,-13,-19,-16,-21,-18,15.259778499603271
1784751754.049512,25.811207247803477,0.0,0.12,25.811207247803477,0.0,0,17.809058289701976,-2.641127628813561,17.809058289701976,-2.641127628813561,20.670000076293945,-4.429999828338623,17.540000915527344,-0.9700000286102296,-2.860941786591969,1.7888721995250618,0.2690573741746327,-1.6711276002033315,-1.001329625307189,0.6261052698337716,0.0941700809611214,-0.5848946600711661,6.306900067871467,-3.183896261637381,7.153890342390201,-4.193786300503938,-1,1,-1,1,-14,-13,-14,-13,-19,-16,-21,-18,15.279774904251099
1784751754.0699165,0.0,0.0,0.0,0.0,0.0,0,0.0,0.0,0.0,0.0,20.809999465942383,-3.559999942779541,18.15999984741211,-1.1399999856948853,-20.809999465942383,3.559999942779541,-18.15999984741211,1.1399999856948853,-7.283499813079834,1.2459999799728392,-6.355999946594238,0.3989999949932098,0.0,0.0,0.0,0.0,-1,1,-1,1,0,0,0,0,0,0,0,0,15.300179481506348
1784751754.0895112,0.0,0.0,0.0,0.0,0.0,0,0.0,0.0,0.0,0.0,20.809999465942383,-3.559999942779541,18.15999984741211,-1.1399999856948853,-20.809999465942383,3.559999942779541,-18.15999984741211,1.1399999856948853,-7.283499813079834,1.2459999799728392,-6.355999946594238,0.3989999949932098,0.0,0.0,0.0,0.0,-1,1,-1,1,0,0,0,0,0,0,0,0,15.319774150848389
1784751754.1094966,0.0,0.0,0.0,0.0,0.0,0,0.0,0.0,0.0,0.0,20.809999465942383,-3.559999942779541,18.15999984741211,-1.1399999856948853,-20.809999465942383,3.559999942779541,-18.15999984741211,1.1399999856948853,-7.283499813079834,1.2459999799728392,-6.355999946594238,0.3989999949932098,0.0,0.0,0.0,0.0,-1,1,-1,1,0,0,0,0,0,0,0,0,15.339759588241577
1784751754.1294954,0.0,0.0,0.0,0.0,0.0,0,0.0,0.0,0.0,0.0,19.770000457763672,-2.259999990463257,18.82999992370605,-1.0199999809265137,-19.770000457763672,2.259999990463257,-18.82999992370605,1.0199999809265137,-6.919500160217285,0.7909999966621398,-6.590499973297119,0.3569999933242798,0.0,0.0,0.0,0.0,-1,1,-1,1,0,0,0,0,0,0,0,0,15.359758377075195
1784751754.1495302,25.811207247803477,0.0,0.12,25.811207247803477,0.0,0,17.809058289701976,-2.641127628813561,17.809058289701976,-2.641127628813561,19.770000457763672,-2.259999990463257,18.82999992370605,-1.0199999809265137,-1.9609421680616956,-0.3811276383503044,-1.0209416340040782,-1.6211276478870476,-0.6863297588215933,-0.1333946734226065,-0.3573295719014273,-0.5673946767604666,-0.0176484795125552,-0.0034301487451527,-0.0091884747060367,-0.0145901488309834,-1,1,-1,1,-14,-13,-14,-13,-13,-13,-14,-14,15.379793167114258
1784751754.169618,25.811207247803477,0.0,0.12,25.811207247803477,0.0,0,17.809058289701976,-2.641127628813561,17.809058289701976,-2.641127628813561,16.559999465942383,-0.8999999761581421,16.579999923706055,-0.7099999785423279,1.2490588237595937,-1.7411276526554191,1.2290583659959218,-1.9311276502712331,0.4371705883158577,-0.6093946784293967,0.4301704280985726,-0.6758946775949316,-0.0064069500987189,-0.0191002976190515,0.0018730505879265,-0.0319702976834245,-1,1,-1,1,-14,-13,-14,-13,-14,-14,-14,-14,15.39988088607788
1784751754.1895213,25.811207247803477,0.0,0.12,25.811207247803477,0.0,0,17.809058289701976,-2.641127628813561,17.809058289701976,-2.641127628813561,16.559999465942383,-0.8999999761581421,16.579999923706055,-0.7099999785423279,1.2490588237595937,-1.7411276526554191,1.2290583659959218,-1.9311276502712331,0.4371705883158577,-0.6093946784293967,0.4301704280985726,-0.6758946775949316,0.0048345793151174,-0.0347704464929502,0.0129345758818898,-0.0493504465358656,-1,1,-1,1,-14,-13,-14,-13,-14,-14,-14,-14,15.419784307479858
1784751754.209519,25.811207247803477,0.0,0.12,25.811207247803477,0.0,0,17.809058289701976,-2.641127628813561,17.809058289701976,-2.641127628813561,16.559999465942383,-0.8999999761581421,16.579999923706055,-0.7099999785423279,1.2490588237595937,-1.7411276526554191,1.2290583659959218,-1.9311276502712331,0.4371705883158577,-0.6093946784293967,0.4301704280985726,-0.6758946775949316,0.0160761087289537,-0.050440595366849,0.0239961011758531,-0.0667305953883067,-1,1,-1,1,-14,-13,-14,-13,-14,-14,-14,-14,15.439781904220581
1784751754.229516,25.811207247803477,0.0,0.12,25.811207247803477,0.0,0,17.809058289701976,-2.641127628813561,17.809058289701976,-2.641127628813561,12.949999809265137,-0.4099999964237213,13.40999984741211,-0.5,4.85905848043684,-2.23112763238984,4.399058442289867,-2.141127628813561,1.700670468152894,-0.780894671336444,1.5396704548014537,-0.7493946700847464,0.0598076350528853,-0.0705207440583576,0.0635876271564619,-0.0860007440476287,-1,1,-1,1,-14,-13,-14,-13,-16,-14,-16,-14,15.459779024124146
1784751754.249503,0.0,0.0,0.0,0.0,0.0,0,0.0,0.0,0.0,0.0,12.949999809265137,-0.4099999964237213,13.40999984741211,-0.5,-12.949999809265137,0.4099999964237213,-13.40999984741211,0.5,-4.532499933242797,0.1434999987483024,-4.693499946594238,0.175,0.0,0.0,0.0,0.0,-1,1,-1,1,0,0,0,0,0,0,0,0,15.479765892028809
1784751754.269633,0.0,0.0,0.0,0.0,0.0,0,0.0,0.0,0.0,0.0,10.199999809265137,-0.2800000011920929,9.84000015258789,-0.3499999940395355,-10.199999809265137,0.2800000011920929,-9.84000015258789,0.3499999940395355,-3.5699999332427974,0.0980000004172325,-3.444000053405761,0.1224999979138374,0.0,0.0,0.0,0.0,-1,1,-1,1,0,0,0,0,0,0,0,0,15.499896049499512
1784751754.289533,25.811207247803477,0.0,0.12,25.811207247803477,0.0,0,17.809058289701976,-2.641127628813561,17.809058289701976,-2.641127628813561,10.199999809265137,-0.2800000011920929,9.84000015258789,-0.3499999940395355,7.60905848043684,-2.3611276276214683,7.969058137114086,-2.2911276347740257,2.663170468152894,-0.8263946696675138,2.7891703479899297,-0.8018946721709089,0.0684815263239315,-0.0212501486485932,0.0717215232340267,-0.0206201487129662,-1,1,-1,1,-14,-13,-14,-13,-17,-14,-17,-14,15.519795894622803
1784751754.3095195,25.811207247803477,0.0,0.12,25.811207247803477,0.0,0,17.809058289701976,-2.641127628813561,17.809058289701976,-2.641127628813561,10.199999809265137,-0.2800000011920929,9.84000015258789,-0.3499999940395355,7.60905848043684,-2.3611276276214683,7.969058137114086,-2.2911276347740257,2.663170468152894,-0.8263946696675138,2.7891703479899297,-0.8018946721709089,0.1369630526478631,-0.0425002972971864,0.1434430464680535,-0.0412402974259324,-1,1,-1,1,-14,-13,-14,-13,-17,-14,-17,-14,15.539782524108887
1784751754.3295074,25.811207247803477,0.0,0.12,25.811207247803477,0.0,0,17.809058289701976,-2.641127628813561,17.809058289701976,-2.641127628813561,7.139999866485596,-0.4300000071525574,7.119999885559082,-0.25,10.66905842321638,-2.211127621661004,10.689058404142894,-2.391127628813561,3.734170448125733,-0.7738946675813513,3.741170441450013,-0.8368946700847464,0.2329845784568105,-0.0624004458921354,0.2396445721053396,-0.0627604460852545,-1,1,-1,1,-14,-13,-14,-13,-18,-14,-18,-14,15.559770345687866
1784751754.3495493,25.811207247803477,0.0,0.12,25.811207247803477,0.0,0,17.809058289701976,-2.641127628813561,17.809058289701976,-2.641127628813561,7.139999866485596,-0.4300000071525574,7.119999885559082,-0.25,10.66905842321638,-2.211127621661004,10.689058404142894,-2.391127628813561,3.734170448125733,-0.7738946675813513,3.741170441450013,-0.8368946700847464,0.3290061042657579,-0.0823005944870845,0.3358460977426257,-0.0842805947445765,-1,1,-1,1,-14,-13,-14,-13,-18,-14,-18,-14,15.579812288284302
1784751754.3695543,0.0,0.0,0.0,0.0,0.0,0,0.0,0.0,0.0,0.0,5.679999828338623,-0.3000000119209289,5.429999828338623,-0.1700000017881393,-5.679999828338623,0.3000000119209289,-5.429999828338623,0.1700000017881393,-1.987999939918518,0.1050000041723251,-1.9004999399185176,0.0595000006258487,0.0,0.0,0.0,0.0,-1,1,-1,1,0,0,0,0,0,0,0,0,15.599817276000977
1784751754.3895133,0.0,0.0,0.0,0.0,0.0,0,0.0,0.0,0.0,0.0,5.679999828338623,-0.3000000119209289,5.429999828338623,-0.1700000017881393,-5.679999828338623,0.3000000119209289,-5.429999828338623,0.1700000017881393,-1.987999939918518,0.1050000041723251,-1.9004999399185176,0.0595000006258487,0.0,0.0,0.0,0.0,-1,1,-1,1,0,0,0,0,0,0,0,0,15.619776248931885
1784751754.4095242,0.0,0.0,0.0,0.0,0.0,0,0.0,0.0,0.0,0.0,5.679999828338623,-0.3000000119209289,5.429999828338623,-0.1700000017881393,-5.679999828338623,0.3000000119209289,-5.429999828338623,0.1700000017881393,-1.987999939918518,0.1050000041723251,-1.9004999399185176,0.0595000006258487,0.0,0.0,0.0,0.0,-1,1,-1,1,0,0,0,0,0,0,0,0,15.639787197113037
1784751754.4295363,0.0,0.0,0.0,0.0,0.0,0,0.0,0.0,0.0,0.0,4.429999828338623,-0.209999993443489,4.03000020980835,-0.1199999973177909,-4.429999828338623,0.209999993443489,-4.03000020980835,0.1199999973177909,-1.550499939918518,0.0734999977052211,-1.4105000734329225,0.0419999990612268,0.0,0.0,0.0,0.0,-1,1,-1,1,0,0,0,0,0,0,0,0,15.659799337387085
1784751754.4495404,25.811207247803477,0.0,0.12,25.811207247803477,0.0,0,17.809058289701976,-2.641127628813561,17.809058289701976,-2.641127628813561,4.429999828338623,-0.209999993443489,4.03000020980835,-0.1199999973177909,13.379058461363352,-2.431127635370072,13.779058079893629,-2.5211276314957702,4.682670461477174,-0.8508946723795252,4.822670327962769,-0.8823946710235195,0.1204115261522701,-0.0218801487183306,0.1240115227190426,-0.0226901486834619,-1,1,-1,1,-14,-13,-14,-13,-19,-14,-19,-14,15.679803371429443
1784751754.4703057,25.811207247803477,0.0,0.12,25.811207247803477,0.0,0,17.809058289701976,-2.641127628813561,17.809058289701976,-2.641127628813561,4.429999828338623,-0.209999993443489,4.03000020980835,-0.1199999973177909,13.379058461363352,-2.431127635370072,13.779058079893629,-2.5211276314957702,4.682670461477174,-0.8508946723795252,4.822670327962769,-0.8823946710235195,0.2408230523045403,-0.0437602974366613,0.2480230454380853,-0.0453802973669238,-1,1,-1,1,-14,-13,-14,-13,-19,-14,-19,-14,15.700568675994873
1784751754.4896812,25.811207247803477,0.0,0.12,25.811207247803477,0.0,0,17.809058289701976,-2.641127628813561,17.809058289701976,-2.641127628813561,3.0999999046325684,-0.1500000059604644,2.819999933242798,-0.0799999982118606,14.709058385069408,-2.4911276228530967,14.98905835645918,-2.561127630601701,5.1481704347742925,-0.8718946679985838,5.246170424760712,-0.8963946707105951,0.373204577770165,-0.0661804460423391,0.3829245706462179,-0.0684304460423391,-1,1,-1,1,-14,-13,-14,-13,-20,-14,-20,-14,15.71994423866272
1784751754.5095088,25.811207247803477,0.0,0.12,25.811207247803477,0.0,0,17.809058289701976,-2.641127628813561,17.809058289701976,-2.641127628813561,3.0999999046325684,-0.1500000059604644,2.819999933242798,-0.0799999982118606,14.709058385069408,-2.4911276228530967,14.98905835645918,-2.561127630601701,5.1481704347742925,-0.8718946679985838,5.246170424760712,-0.8963946707105951,0.5055861032357897,-0.088600594648017,0.5178260958543505,-0.0914805947177545,-1,1,-1,1,-14,-13,-14,-13,-20,-14,-20,-14,15.739771842956543
1784751754.5296347,25.811207247803477,0.0,0.12,25.811207247803477,0.0,0,17.809058289701976,-2.641127628813561,17.809058289701976,-2.641127628813561,2.8499999046325684,-0.3300000131130218,2.430000066757202,-0.0599999986588954,14.959058385069408,-2.31112761570054,15.379058222944774,-2.5811276301546657,5.235670434774293,-0.8088946654951887,5.382670378030671,-0.9033946705541328,0.6402176287014143,-0.1094007431893219,0.6562376198608535,-0.1147107433891464,-1,1,-1,1,-14,-13,-14,-13,-20,-14,-20,-14,15.759897708892822
1784751754.5495274,0.0,0.0,0.0,0.0,0.0,0,0.0,0.0,0.0,0.0,2.8499999046325684,-0.3300000131130218,2.430000066757202,-0.0599999986588954,-2.8499999046325684,0.3300000131130218,-2.430000066757202,0.0599999986588954,-0.9974999666213988,0.1155000045895576,-0.8505000233650207,0.0209999995306134,0.0,0.0,0.0,0.0,-1,1,-1,1,0,0,0,0,0,0,0,0,15.77979040145874
1784751754.569566,0.0,0.0,0.0,0.0,0.0,0,0.0,0.0,0.0,0.0,2.900000095367432,-0.2300000041723251,2.609999895095825,-0.0399999991059303,-2.900000095367432,0.2300000041723251,-2.609999895095825,0.0399999991059303,-1.0150000333786011,0.0805000014603137,-0.9134999632835388,0.0139999996870756,0.0,0.0,0.0,0.0,-1,1,-1,1,0,0,0,0,0,0,0,0,15.799829006195068
1784751754.5895443,25.811207247803477,0.0,0.12,25.811207247803477,0.0,0,17.809058289701976,-2.641127628813561,17.809058289701976,-2.641127628813561,2.900000095367432,-0.2300000041723251,2.609999895095825,-0.0399999991059303,14.909058194334545,-2.411127624641236,15.199058394606151,-2.601127629707631,5.21817036801709,-0.8438946686244326,5.319670438112152,-0.9103946703976707,0.1341815237490109,-0.0217001486217711,0.1367915255514553,-0.0234101486673686,-1,1,-1,1,-14,-13,-14,-13,-19,-14,-19,-14,15.819807291030884
1784751754.6094906,25.811207247803477,0.0,0.12,25.811207247803477,0.0,0,17.809058289701976,-2.641127628813561,17.809058289701976,-2.641127628813561,2.900000095367432,-0.2300000041723251,2.609999895095825,-0.0399999991059303,14.909058194334545,-2.411127624641236,15.199058394606151,-2.601127629707631,5.21817036801709,-0.8438946686244326,5.319670438112152,-0.9103946703976707,0.2683630474980218,-0.0434002972435422,0.2735830511029107,-0.0468202973347373,-1,1,-1,1,-14,-13,-14,-13,-19,-14,-20,-14,15.8397536277771
1784751754.6295085,25.811207247803477,0.0,0.12,25.811207247803477,0.0,0,17.809058289701976,-2.641127628813561,17.809058289701976,-2.641127628813561,2.259999990463257,0.0700000002980232,2.049999952316284,-0.0299999993294477,15.54905829923872,-2.7111276291115844,15.759058337385692,-2.611127629484113,5.442170404733552,-0.9488946701890544,5.515670418084992,-0.9138946703194396,0.4083045721911703,-0.0678004459055465,0.415414576139382,-0.0703204460000943,-1,1,-1,1,-14,-13,-14,-13,-20,-14,-20,-14,15.859771490097046
1784751754.6495066,25.811207247803477,0.0,0.12,25.811207247803477,0.0,0,17.809058289701976,-2.641127628813561,17.809058289701976,-2.641127628813561,2.259999990463257,0.0700000002980232,2.049999952316284,-0.0299999993294477,15.54905829923872,-2.7111276291115844,15.759058337385692,-2.611127629484113,5.442170404733552,-0.9488946701890544,5.515670418084992,-0.9138946703194396,0.5482460968843188,-0.0922005945675507,0.5572461011758532,-0.0938205946654514,-1,1,-1,1,-14,-13,-14,-13,-20,-14,-20,-14,15.879769563674927
1784751754.671323,0.0,0.0,0.0,0.0,0.0,0,0.0,0.0,0.0,0.0,2.259999990463257,0.0700000002980232,2.049999952316284,-0.0299999993294477,-2.259999990463257,-0.0700000002980232,-2.049999952316284,0.0299999993294477,-0.7909999966621398,-0.0245000001043081,-0.7174999833106994,0.0104999997653067,0.0,0.0,0.0,0.0,-1,1,-1,1,0,0,0,0,0,0,0,0,15.901586055755615
1784751754.6894946,0.0,0.0,0.0,0.0,0.0,0,0.0,0.0,0.0,0.0,2.0299999713897705,-0.1800000071525573,2.3399999141693115,-0.0199999995529651,-2.0299999713897705,0.1800000071525573,-2.3399999141693115,0.0199999995529651,-0.7104999899864196,0.063000002503395,-0.8189999699592589,0.0069999998435378,0.0,0.0,0.0,0.0,-1,1,-1,1,0,0,0,0,0,0,0,0,15.919757604598999
1784751754.7095125,0.0,0.0,0.0,0.0,0.0,0,0.0,0.0,0.0,0.0,2.0299999713897705,-0.1800000071525573,2.3399999141693115,-0.0199999995529651,-2.0299999713897705,0.1800000071525573,-2.3399999141693115,0.0199999995529651,-0.7104999899864196,0.063000002503395,-0.8189999699592589,0.0069999998435378,0.0,0.0,0.0,0.0,-1,1,-1,1,0,0,0,0,0,0,0,0,15.939775466918945
1784751754.7296374,0.0,0.0,0.0,0.0,0.0,0,0.0,0.0,0.0,0.0,2.3299999237060547,-0.1299999952316284,2.319999933242798,-0.0099999997764825,-2.3299999237060547,0.1299999952316284,-2.319999933242798,0.0099999997764825,-0.8154999732971191,0.0454999983310699,-0.8119999766349792,0.0034999999217689,0.0,0.0,0.0,0.0,-1,1,-1,1,0,0,0,0,0,0,0,0,15.959900379180908
1784751754.7495155,25.811207247803477,0.0,0.12,25.811207247803477,0.0,0,17.809058289701976,-2.641127628813561,17.809058289701976,-2.641127628813561,2.3299999237060547,-0.1299999952316284,2.319999933242798,-0.0099999997764825,15.479058365995922,-2.511127633581933,15.48905835645918,-2.631127629037078,5.417670428098572,-0.8788946717536764,5.421170424760712,-0.9208946701629774,0.1393115252939633,-0.0226001487022373,0.1394015252081326,-0.0236801486613337,-1,1,-1,1,-14,-13,-14,-13,-20,-14,-20,-14,15.979778528213501
1784751754.7697988,25.811207247803477,0.0,0.12,25.811207247803477,0.0,0,17.809058289701976,-2.641127628813561,17.809058289701976,-2.641127628813561,1.6299999952316284,-0.0900000035762786,1.6200000047683716,-0.0099999997764825,16.179058294470348,-2.5511276252372825,16.189058284933605,-2.631127629037078,5.662670403064621,-0.8928946688330488,5.666170399726761,-0.9208946701629774,0.2849230499441965,-0.0455602973293729,0.2851030497725351,-0.0473602973226674,-1,1,-1,1,-14,-13,-14,-13,-20,-14,-20,-14,16.000061750411987
1784751754.7896273,25.811207247803477,0.0,0.12,25.811207247803477,0.0,0,17.809058289701976,-2.641127628813561,17.809058289701976,-2.641127628813561,1.6299999952316284,-0.0900000035762786,1.6200000047683716,-0.0099999997764825,16.179058294470348,-2.5511276252372825,16.189058284933605,-2.631127629037078,5.662670403064621,-0.8928946688330488,5.666170399726761,-0.9208946701629774,0.4305345745944296,-0.0685204459565085,0.4308045743369375,-0.0710404459840011,-1,1,-1,1,-14,-13,-14,-13,-20,-14,-20,-14,16.019890308380127
1784751754.8095071,25.811207247803477,0.0,0.12,25.811207247803477,0.0,0,17.809058289701976,-2.641127628813561,17.809058289701976,-2.641127628813561,1.6299999952316284,-0.0900000035762786,1.6200000047683716,-0.0099999997764825,16.179058294470348,-2.5511276252372825,16.189058284933605,-2.631127629037078,5.662670403064621,-0.8928946688330488,5.666170399726761,-0.9208946701629774,0.5761460992446628,-0.091480594583644,0.57650609890134,-0.0947205946453348,-1,1,-1,1,-14,-13,-14,-13,-20,-14,-20,-14,16.039770126342773
1784751754.8295093,25.811207247803477,0.0,0.12,25.811207247803477,0.0,0,17.809058289701976,-2.641127628813561,17.809058289701976,-2.641127628813561,1.590000033378601,-0.2899999916553497,1.809999942779541,-0.0099999997764825,16.219058256323375,-2.3511276371582115,15.999058346922435,-2.631127629037078,5.676670389713181,-0.822894673005374,5.599670421422852,-0.9208946701629774,0.7221176235515732,-0.1126407433180679,0.7204976240236419,-0.1184007433066685,-1,1,-1,1,-14,-13,-14,-13,-20,-14,-20,-14,16.0597722530365
1784751754.8494904,0.0,0.0,0.0,0.0,0.0,0,0.0,0.0,0.0,0.0,1.590000033378601,-0.2899999916553497,1.809999942779541,-0.0099999997764825,-1.590000033378601,0.2899999916553497,-1.809999942779541,0.0099999997764825,-0.5565000116825103,0.1014999970793724,-0.6334999799728394,0.0034999999217689,0.0,0.0,0.0,0.0,-1,1,-1,1,0,0,0,0,0,0,0,0,16.079753398895264
1784751754.8695557,0.0,0.0,0.0,0.0,0.0,0,0.0,0.0,0.0,0.0,2.470000028610229,-0.2000000029802322,2.400000095367432,-0.0,-2.470000028610229,0.2000000029802322,-2.400000095367432,0.0,-0.8645000100135802,0.0700000010430812,-0.8400000333786011,0.0,0.0,0.0,0.0,0.0,-1,1,-1,1,0,0,0,0,0,0,0,0,16.09981870651245
1784751754.889516,0.0,0.0,0.0,0.0,0.0,0,0.0,0.0,0.0,0.0,2.470000028610229,-0.2000000029802322,2.400000095367432,-0.0,-2.470000028610229,0.2000000029802322,-2.400000095367432,0.0,-0.8645000100135802,0.0700000010430812,-0.8400000333786011,0.0,0.0,0.0,0.0,0.0,-1,1,-1,1,0,0,0,0,0,0,0,0,16.119779109954834
1784751754.909564,25.811207247803477,0.0,0.12,25.811207247803477,0.0,0,17.809058289701976,-2.641127628813561,17.809058289701976,-2.641127628813561,2.470000028610229,-0.2000000029802322,2.400000095367432,-0.0,15.339058261091749,-2.441127625833329,15.409058194334545,-2.641127628813561,5.368670391382111,-0.8543946690416651,5.39317036801709,-0.9243946700847464,0.1380515243498257,-0.0219701486324999,0.1386815237490109,-0.023770148659322,-1,1,-1,1,-14,-13,-14,-13,-20,-14,-20,-14,16.139827013015747
1784751754.9295154,25.811207247803477,0.0,0.12,25.811207247803477,0.0,0,17.809058289701976,-2.641127628813561,17.809058289701976,-2.641127628813561,2.4100000858306885,-0.1400000005960464,2.130000114440918,-0.0,15.399058203871288,-2.5011276282175148,15.679058175261058,-2.641127628813561,5.38967037135495,-0.8753946698761301,5.48767036134137,-0.9243946700847464,0.2766430481846673,-0.0444802972864575,0.2797930473263604,-0.0475402973186441,-1,1,-1,1,-14,-13,-14,-13,-20,-14,-20,-14,16.159778356552124
1784751754.949527,25.811207247803477,0.0,0.12,25.811207247803477,0.0,0,17.809058289701976,-2.641127628813561,17.809058289701976,-2.641127628813561,2.4100000858306885,-0.1400000005960464,2.130000114440918,-0.0,15.399058203871288,-2.5011276282175148,15.679058175261058,-2.641127628813561,5.38967037135495,-0.8753946698761301,5.48767036134137,-0.9243946700847464,0.415234572019509,-0.0669904459404152,0.42090457090371,-0.0713104459779661,-1,1,-1,1,-14,-13,-14,-13,-20,-14,-20,-14,16.179790019989014
1784751754.9697049,25.811207247803477,0.0,0.12,25.811207247803477,0.0,0,17.809058289701976,-2.641127628813561,17.809058289701976,-2.641127628813561,2.140000104904175,-0.3300000131130218,2.1700000762939453,-0.0,15.669058184797802,-2.31112761570054,15.639058213408031,-2.641127628813561,5.484170364679231,-0.8088946654951887,5.47367037469281,-0.9243946700847464,0.5562560956826892,-0.08779059448172,0.5616560948243823,-0.0950805946372882,-1,1,-1,1,-14,-13,-14,-13,-20,-14,-20,-14,16.199967861175537
1784751754.9904177,0.0,0.0,0.0,0.0,0.0,0,0.0,0.0,0.0,0.0,2.140000104904175,-0.3300000131130218,2.1700000762939453,-0.0,-2.140000104904175,0.3300000131130218,-2.1700000762939453,0.0,-0.7490000367164611,0.1155000045895576,-0.7595000267028809,0.0,0.0,0.0,0.0,0.0,-1,1,-1,1,0,0,0,0,0,0,0,0,16.220680713653564
1784751755.0096762,0.0,0.0,0.0,0.0,0.0,0,0.0,0.0,0.0,0.0,2.140000104904175,-0.3300000131130218,2.1700000762939453,-0.0,-2.140000104904175,0.3300000131130218,-2.1700000762939453,0.0,-0.7490000367164611,0.1155000045895576,-0.7595000267028809,0.0,0.0,0.0,0.0,0.0,-1,1,-1,1,0,0,0,0,0,0,0,0,16.239939212799072
1784751755.029493,0.0,0.0,0.0,0.0,0.0,0,0.0,0.0,0.0,0.0,2.859999895095825,-0.449999988079071,2.880000114440918,-0.0,-2.859999895095825,0.449999988079071,-2.880000114440918,0.0,-1.000999963283539,0.1574999958276748,-1.0080000400543212,0.0,0.0,0.0,0.0,0.0,-1,1,-1,1,0,0,0,0,0,0,0,0,16.259756088256836
1784751755.0496516,25.811207247803477,0.0,0.12,25.811207247803477,0.0,0,17.809058289701976,-2.641127628813561,17.809058289701976,-2.641127628813561,2.859999895095825,-0.449999988079071,2.880000114440918,-0.0,14.949058394606151,-2.19112764073449,14.929058175261058,-2.641127628813561,5.232170438112153,-0.7668946742570715,5.2251703613413705,-0.9243946700847464,0.1345415255514553,-0.0197201487666104,0.1343615235773495,-0.023770148659322,-1,1,-1,1,-14,-13,-14,-13,-19,-14,-19,-14,16.279914617538452
1784751755.0695882,25.811207247803477,0.0,0.12,25.811207247803477,0.0,0,17.809058289701976,-2.641127628813561,17.809058289701976,-2.641127628813561,2.2300000190734863,-0.0900000035762786,2.470000028610229,-0.0,15.57905827062849,-2.5511276252372825,15.339058261091749,-2.641127628813561,5.452670394719971,-0.8928946688330488,5.368670391382111,-0.9243946700847464,0.2747530499871118,-0.0426802973937459,0.2724130479271752,-0.0475402973186441,-1,1,-1,1,-14,-13,-14,-13,-20,-14,-20,-14,16.299851179122925
1784751755.0895069,25.811207247803477,0.0,0.12,25.811207247803477,0.0,0,17.809058289701976,-2.641127628813561,17.809058289701976,-2.641127628813561,2.2300000190734863,-0.0900000035762786,2.470000028610229,-0.0,15.57905827062849,-2.5511276252372825,15.339058261091749,-2.641127628813561,5.452670394719971,-0.8928946688330488,5.368670391382111,-0.9243946700847464,0.4149645744227682,-0.0656404460208815,0.4104645722770009,-0.0713104459779661,-1,1,-1,1,-14,-13,-14,-13,-20,-14,-20,-14,16.319769859313965
1784751755.1095214,25.811207247803477,0.0,0.12,25.811207247803477,0.0,0,17.809058289701976,-2.641127628813561,17.809058289701976,-2.641127628813561,2.2300000190734863,-0.0900000035762786,2.470000028610229,-0.0,15.57905827062849,-2.5511276252372825,15.339058261091749,-2.641127628813561,5.452670394719971,-0.8928946688330488,5.368670391382111,-0.9243946700847464,0.5551760988584247,-0.088600594648017,0.5485160966268267,-0.0950805946372882,-1,1,-1,1,-14,-13,-14,-13,-20,-14,-20,-14,16.339784383773804
1784751755.1295078,25.811207247803477,0.0,0.12,25.811207247803477,0.0,0,17.809058289701976,-2.641127628813561,17.809058289701976,-2.641127628813561,2.009999990463257,-0.0599999986588954,1.950000047683716,-0.0,15.79905829923872,-2.5811276301546657,15.85905824201826,-2.641127628813561,5.529670404733552,-0.9033946705541328,5.550670384706391,-0.9243946700847464,0.6973676235515731,-0.111830743319409,0.691247620804991,-0.1188507432966102,-1,1,-1,1,-14,-13,-14,-13,-20,-14,-20,-14,16.35977077484131
1784751755.1495173,0.0,0.0,0.0,0.0,0.0,0,0.0,0.0,0.0,0.0,2.009999990463257,-0.0599999986588954,1.950000047683716,-0.0,-2.009999990463257,0.0599999986588954,-1.950000047683716,0.0,-0.7034999966621398,0.0209999995306134,-0.6825000166893005,0.0,0.0,0.0,0.0,0.0,-1,1,-1,1,0,0,0,0,0,0,0,0,16.379780292510986
1784751755.1695712,0.0,0.0,0.0,0.0,0.0,0,0.0,0.0,0.0,0.0,2.0899999141693115,-0.270000010728836,1.8200000524520876,-0.0,-2.0899999141693115,0.270000010728836,-1.8200000524520876,0.0,-0.731499969959259,0.0945000037550926,-0.6370000183582305,0.0,0.0,0.0,0.0,0.0,-1,1,-1,1,0,0,0,0,0,0,0,0,16.399834156036377
1784751755.1895058,0.0,0.0,0.0,0.0,0.0,0,0.0,0.0,0.0,0.0,2.0899999141693115,-0.270000010728836,1.8200000524520876,-0.0,-2.0899999141693115,0.270000010728836,-1.8200000524520876,0.0,-0.731499969959259,0.0945000037550926,-0.6370000183582305,0.0,0.0,0.0,0.0,0.0,-1,1,-1,1,0,0,0,0,0,0,0,0,16.419768810272217
1784751755.2095375,25.811207247803477,0.0,0.12,25.811207247803477,0.0,0,17.809058289701976,-2.641127628813561,17.809058289701976,-2.641127628813561,2.0899999141693115,-0.270000010728836,1.8200000524520876,-0.0,15.719058375532663,-2.371127618084725,15.989058237249887,-2.641127628813561,5.501670431436432,-0.8298946663296538,5.596170383037461,-0.9243946700847464,0.141471525379794,-0.0213401485627625,0.143901524135249,-0.023770148659322,-1,1,-1,1,-14,-13,-14,-13,-20,-14,-20,-14,16.43980050086975
1784751755.229513,25.811207247803477,0.0,0.12,25.811207247803477,0.0,0,17.809058289701976,-2.641127628813561,17.809058289701976,-2.641127628813561,1.4600000381469729,0.0399999991059303,1.2699999809265137,-0.0,16.349058251555004,-2.681127627919492,16.539058308775463,-2.641127628813561,5.722170388044251,-0.938394669771822,5.788670408071412,-0.9243946700847464,0.288613049643789,-0.0454702972140379,0.2927530489142281,-0.0475402973186441,-1,1,-1,1,-14,-13,-14,-13,-20,-14,-20,-14,16.459775924682617
1784751755.2495172,25.811207247803477,0.0,0.12,25.811207247803477,0.0,0,17.809058289701976,-2.641127628813561,17.809058289701976,-2.641127628813561,1.4600000381469729,0.0399999991059303,1.2699999809265137,-0.0,16.349058251555004,-2.681127627919492,16.539058308775463,-2.641127628813561,5.722170388044251,-0.938394669771822,5.788670408071412,-0.9243946700847464,0.435754573907784,-0.0696004458653133,0.4416045736932073,-0.0713104459779661,-1,1,-1,1,-14,-13,-14,-13,-20,-14,-20,-14,16.479780197143555
1784751755.2696922,25.811207247803477,0.0,0.12,25.811207247803477,0.0,0,17.809058289701976,-2.641127628813561,17.809058289701976,-2.641127628813561,1.4800000190734863,-0.2000000029802322,1.1200000047683716,-0.0,16.32905827062849,-2.441127625833329,16.689058284933605,-2.641127628813561,5.715170394719971,-0.8543946690416651,5.841170399726761,-0.9243946700847464,0.5827160983434405,-0.0915705944978133,0.5918060982576098,-0.0950805946372882,-1,1,-1,1,-14,-13,-14,-13,-20,-14,-20,-14,16.49995517730713
1784751755.289662,25.811207247803477,0.0,0.12,25.811207247803477,0.0,0,17.809058289701976,-2.641127628813561,17.809058289701976,-2.641127628813561,1.4800000190734863,-0.2000000029802322,1.1200000047683716,-0.0,16.32905827062849,-2.441127625833329,16.689058284933605,-2.641127628813561,5.715170394719971,-0.8543946690416651,5.841170399726761,-0.9243946700847464,0.7296776227790969,-0.1135407431303133,0.7420076228220123,-0.1188507432966102,-1,1,-1,1,-14,-13,-14,-13,-20,-14,-21,-14,16.519924879074097
1784751755.3095036,0.0,0.0,0.0,0.0,0.0,0,0.0,0.0,0.0,0.0,1.4800000190734863,-0.2000000029802322,1.1200000047683716,-0.0,-1.4800000190734863,0.2000000029802322,-1.1200000047683716,0.0,-0.5180000066757202,0.0700000010430812,-0.39200000166893,0.0,0.0,0.0,0.0,0.0,-1,1,-1,1,0,0,0,0,0,0,0,0,16.539766550064087
1784751755.3295283,0.0,0.0,0.0,0.0,0.0,0,0.0,0.0,0.0,0.0,1.4900000095367432,-0.1400000005960464,1.0099999904632568,-0.0,-1.4900000095367432,0.1400000005960464,-1.0099999904632568,0.0,-0.5215000033378601,0.0490000002086162,-0.3534999966621399,0.0,0.0,0.0,0.0,0.0,-1,1,-1,1,0,0,0,0,0,0,0,0,16.559791326522827
1784751755.3495138,25.811207247803477,0.0,0.12,25.811207247803477,0.0,0,17.809058289701976,-2.641127628813561,17.809058289701976,-2.641127628813561,1.4900000095367432,-0.1400000005960464,1.0099999904632568,-0.0,16.319058280165233,-2.5011276282175148,16.79905829923872,-2.641127628813561,5.711670398057831,-0.8753946698761301,5.879670404733552,-0.9243946700847464,0.1468715245214871,-0.0225101486539576,0.1511915246931484,-0.023770148659322,-1,1,-1,1,-14,-13,-14,-13,-20,-14,-20,-14,16.579776763916016
1784751755.3695776,25.811207247803477,0.0,0.12,25.811207247803477,0.0,0,17.809058289701976,-2.641127628813561,17.809058289701976,-2.641127628813561,1.0399999618530271,-0.1000000014901161,0.7099999785423279,-0.0,16.76905832784895,-2.541127627323445,17.09905831115965,-2.641127628813561,5.869170414747132,-0.8893946695632057,5.984670408905877,-0.9243946700847464,0.2977930494721276,-0.0453802972998686,0.3050830494935853,-0.0475402973186441,-1,1,-1,1,-14,-13,-14,-13,-20,-14,-20,-14,16.59984064102173
1784751755.3894944,25.811207247803477,0.0,0.12,25.811207247803477,0.0,0,17.809058289701976,-2.641127628813561,17.809058289701976,-2.641127628813561,1.0399999618530271,-0.1000000014901161,0.7099999785423279,-0.0,16.76905832784895,-2.541127627323445,17.09905831115965,-2.641127628813561,5.869170414747132,-0.8893946695632057,5.984670408905877,-0.9243946700847464,0.4487145744227682,-0.0682504459457796,0.4589745742940222,-0.0713104459779661,-1,1,-1,1,-14,-13,-14,-13,-20,-14,-20,-14,16.619757413864136
1784751755.4095058,25.811207247803477,0.0,0.12,25.811207247803477,0.0,0,17.809058289701976,-2.641127628813561,17.809058289701976,-2.641127628813561,1.0399999618530271,-0.1000000014901161,0.7099999785423279,-0.0,16.76905832784895,-2.541127627323445,17.09905831115965,-2.641127628813561,5.869170414747132,-0.8893946695632057,5.984670408905877,-0.9243946700847464,0.5996360993734087,-0.0911205945916906,0.6128660990944591,-0.0950805946372882,-1,1,-1,1,-14,-13,-14,-13,-20,-14,-21,-14,16.639768838882446
1784751755.429613,25.811207247803477,0.0,0.12,25.811207247803477,0.0,0,17.809058289701976,-2.641127628813561,17.809058289701976,-2.641127628813561,0.949999988079071,-0.0700000002980232,0.7200000286102295,-0.0,16.859058301622905,-2.571127628515538,17.089058261091747,-2.641127628813561,5.900670405568016,-0.8998946699804382,5.981170391382111,-0.9243946700847464,0.7513676240880148,-0.1142607432483304,0.7666676234442849,-0.1188507432966102,-1,1,-1,1,-14,-13,-14,-13,-21,-14,-21,-14,16.659876108169556
1784751755.449482,0.0,0.0,0.0,0.0,0.0,0,0.0,0.0,0.0,0.0,0.949999988079071,-0.0700000002980232,0.7200000286102295,-0.0,-0.949999988079071,0.0700000002980232,-0.7200000286102295,0.0,-0.3324999958276748,0.0245000001043081,-0.2520000100135803,0.0,0.0,0.0,0.0,0.0,-1,1,-1,1,0,0,0,0,0,0,0,0,16.679744958877563
1784751755.4694674,0.0,0.0,0.0,0.0,0.0,0,0.0,0.0,0.0,0.0,1.350000023841858,-0.050000000745058,0.959999978542328,-0.0,-1.350000023841858,0.050000000745058,-0.959999978542328,0.0,-0.4725000083446502,0.0175000002607703,-0.3359999924898147,0.0,0.0,0.0,0.0,0.0,-1,1,-1,1,0,0,0,0,0,0,0,0,16.699730396270752
1784751755.4895103,25.811207247803477,0.0,0.12,25.811207247803477,0.0,0,17.809058289701976,-2.641127628813561,17.809058289701976,-2.641127628813561,1.350000023841858,-0.050000000745058,0.959999978542328,-0.0,16.45905826586012,-2.591127628068503,16.84905831115965,-2.641127628813561,5.760670393051041,-0.906894669823976,5.897170408905876,-0.9243946700847464,0.148131524392741,-0.0233201486526165,0.1516415248004368,-0.023770148659322,-1,1,-1,1,-14,-13,-14,-13,-20,-14,-20,-14,16.719773292541504
1784751755.509536,25.811207247803477,0.0,0.12,25.811207247803477,0.0,0,17.809058289701976,-2.641127628813561,17.809058289701976,-2.641127628813561,1.350000023841858,-0.050000000745058,0.959999978542328,-0.0,16.45905826586012,-2.591127628068503,16.84905831115965,-2.641127628813561,5.760670393051041,-0.906894669823976,5.897170408905876,-0.9243946700847464,0.2962630487854821,-0.046640297305233,0.3032830496008737,-0.0475402973186441,-1,1,-1,1,-14,-13,-14,-13,-20,-14,-20,-14,16.73979902267456
1784751755.5295105,25.811207247803477,0.0,0.12,25.811207247803477,0.0,0,17.809058289701976,-2.641127628813561,17.809058289701976,-2.641127628813561,0.9399999976158142,0.1899999976158142,0.6700000166893005,-0.0,16.869058292086162,-2.8311276264293754,17.139058273012676,-2.641127628813561,5.904170402230156,-0.9908946692502814,5.998670395554436,-0.9243946700847464,0.4480845734142576,-0.0721204459430974,0.4575345740579878,-0.0713104459779661,-1,1,-1,1,-14,-13,-14,-13,-20,-14,-20,-14,16.75977349281311
1784751755.549488,25.811207247803477,0.0,0.12,25.811207247803477,0.0,0,17.809058289701976,-2.641127628813561,17.809058289701976,-2.641127628813561,0.9399999976158142,0.1899999976158142,0.6700000166893005,-0.0,16.869058292086162,-2.8311276264293754,17.139058273012676,-2.641127628813561,5.904170402230156,-0.9908946692502814,5.998670395554436,-0.9243946700847464,0.5999060980430331,-0.0976005945809618,0.6117860985151019,-0.0950805946372882,-1,1,-1,1,-14,-13,-14,-13,-21,-14,-21,-14,16.77975106239319
1784751755.5695732,25.811207247803477,0.0,0.12,25.811207247803477,0.0,0,17.809058289701976,-2.641127628813561,17.809058289701976,-2.641127628813561,1.1100000143051147,-0.0900000035762786,0.9200000166893004,-0.0,16.69905827539686,-2.5511276252372825,16.889058273012676,-2.641127628813561,5.844670396388901,-0.8928946688330488,5.911170395554437,-0.9243946700847464,0.7501976225216048,-0.1205607432080973,0.763787622972216,-0.1188507432966102,-1,1,-1,1,-14,-13,-14,-13,-21,-14,-21,-14,16.79983615875244
1784751755.5894845,0.0,0.0,0.0,0.0,0.0,0,0.0,0.0,0.0,0.0,1.1100000143051147,-0.0900000035762786,0.9200000166893004,-0.0,-1.1100000143051147,0.0900000035762786,-0.9200000166893004,0.0,-0.3885000050067901,0.0315000012516975,-0.3220000058412551,0.0,0.0,0.0,0.0,0.0,-1,1,-1,1,0,0,0,0,0,0,0,0,16.81974744796753
1784751755.6095,0.0,0.0,0.0,0.0,0.0,0,0.0,0.0,0.0,0.0,1.1100000143051147,-0.0900000035762786,0.9200000166893004,-0.0,-1.1100000143051147,0.0900000035762786,-0.9200000166893004,0.0,-0.3885000050067901,0.0315000012516975,-0.3220000058412551,0.0,0.0,0.0,0.0,0.0,-1,1,-1,1,0,0,0,0,0,0,0,0,16.839762926101685
1784751755.6294918,0.0,0.0,0.0,0.0,0.0,0,0.0,0.0,0.0,0.0,1.2300000190734863,-0.0599999986588954,0.8700000047683716,-0.0,-1.2300000190734863,0.0599999986588954,-0.8700000047683716,0.0,-0.4305000066757202,0.0209999995306134,-0.30450000166893,0.0,0.0,0.0,0.0,0.0,-1,1,-1,1,0,0,0,0,0,0,0,0,16.85975480079651
1784751755.6495275,25.811207247803477,0.0,0.12,25.811207247803477,0.0,0,17.809058289701976,-2.641127628813561,17.809058289701976,-2.641127628813561,1.2300000190734863,-0.0599999986588954,0.8700000047683716,-0.0,16.57905827062849,-2.5811276301546657,16.939058284933605,-2.641127628813561,5.802670394719971,-0.9033946705541328,5.928670399726761,-0.9243946700847464,0.1492115244356564,-0.0232301486713919,0.1524515245644024,-0.023770148659322,-1,1,-1,1,-14,-13,-14,-13,-20,-14,-20,-14,16.879790544509888
1784751755.6696055,25.811207247803477,0.0,0.12,25.811207247803477,0.0,0,17.809058289701976,-2.641127628813561,17.809058289701976,-2.641127628813561,0.8600000143051147,-0.0399999991059303,0.3799999952316284,-0.0,16.94905827539686,-2.601127629707631,17.429058294470348,-2.641127628813561,5.932170396388901,-0.9103946703976707,6.100170403064621,-0.9243946700847464,0.3017530489142281,-0.0466402973387606,0.3093130492146356,-0.0475402973186441,-1,1,-1,1,-14,-13,-14,-13,-20,-14,-20,-14,16.899868488311768
1784751755.68952,25.811207247803477,0.0,0.12,25.811207247803477,0.0,0,17.809058289701976,-2.641127628813561,17.809058289701976,-2.641127628813561,0.8600000143051147,-0.0399999991059303,0.3799999952316284,-0.0,16.94905827539686,-2.601127629707631,17.429058294470348,-2.641127628813561,5.932170396388901,-0.9103946703976707,6.100170403064621,-0.9243946700847464,0.4542945733927999,-0.0700504460061293,0.4661745738648687,-0.0713104459779661,-1,1,-1,1,-14,-13,-14,-13,-20,-14,-21,-14,16.919782876968384
1784751755.7096057,25.811207247803477,0.0,0.12,25.811207247803477,0.0,0,17.809058289701976,-2.641127628813561,17.809058289701976,-2.641127628813561,0.8600000143051147,-0.0399999991059303,0.3799999952316284,-0.0,16.94905827539686,-2.601127629707631,17.429058294470348,-2.641127628813561,5.932170396388901,-0.9103946703976707,6.100170403064621,-0.9243946700847464,0.6068360978713717,-0.093460594673498,0.6230360985151019,-0.0950805946372882,-1,1,-1,1,-14,-13,-14,-13,-21,-14,-21,-14,16.939868688583374
1784751755.7296596,25.811207247803477,0.0,0.12,25.811207247803477,0.0,0,17.809058289701976,-2.641127628813561,17.809058289701976,-2.641127628813561,0.8299999833106995,-0.0299999993294477,0.7200000286102295,-0.0,16.979058306391277,-2.611127629484113,17.089058261091747,-2.641127628813561,5.942670407236947,-0.9138946703194396,5.981170391382111,-0.9243946700847464,0.7596476226288932,-0.116960743338855,0.7768376228649276,-0.1188507432966102,-1,1,-1,1,-14,-13,-14,-13,-21,-14,-21,-14,16.959922552108765
1784751755.7496924,0.0,0.0,0.0,0.0,0.0,0,0.0,0.0,0.0,0.0,0.8299999833106995,-0.0299999993294477,0.7200000286102295,-0.0,-0.8299999833106995,0.0299999993294477,-0.7200000286102295,0.0,-0.2904999941587448,0.0104999997653067,-0.2520000100135803,0.0,0.0,0.0,0.0,0.0,-1,1,-1,1,0,0,0,0,0,0,0,0,16.979955434799194
1784751755.7696364,0.0,0.0,0.0,0.0,0.0,0,0.0,0.0,0.0,0.0,1.4900000095367432,-0.0199999995529651,1.1799999475479126,-0.0,-1.4900000095367432,0.0199999995529651,-1.1799999475479126,0.0,-0.5215000033378601,0.0069999998435378,-0.4129999816417694,0.0,0.0,0.0,0.0,0.0,-1,1,-1,1,0,0,0,0,0,0,0,0,16.99989938735962
1784751755.78965,0.0,0.0,0.0,0.0,0.0,0,0.0,0.0,0.0,0.0,1.4900000095367432,-0.0199999995529651,1.1799999475479126,-0.0,-1.4900000095367432,0.0199999995529651,-1.1799999475479126,0.0,-0.5215000033378601,0.0069999998435378,-0.4129999816417694,0.0,0.0,0.0,0.0,0.0,-1,1,-1,1,0,0,0,0,0,0,0,0,17.01991295814514
1784751755.8095105,25.811207247803477,0.0,0.12,25.811207247803477,0.0,0,17.809058289701976,-2.641127628813561,17.809058289701976,-2.641127628813561,1.4900000095367432,-0.0199999995529651,1.1799999475479126,-0.0,16.319058280165233,-2.621127629260596,16.629058342154064,-2.641127628813561,5.711670398057831,-0.9173946702412086,5.820170419753922,-0.9243946700847464,0.1468715245214871,-0.0235901486633453,0.1496615250793865,-0.023770148659322,-1,1,-1,1,-14,-13,-14,-13,-20,-14,-20,-14,17.03977346420288
1784751755.8295245,25.811207247803477,0.0,0.12,25.811207247803477,0.0,0,17.809058289701976,-2.641127628813561,17.809058289701976,-2.641127628813561,1.0399999618530271,-0.0199999995529651,0.8299999833106995,0.2300000041723251,16.76905832784895,-2.621127629260596,16.979058306391277,-2.8711276329858864,5.869170414747132,-0.9173946702412086,5.942670407236947,-1.0048946715450602,0.2977930494721276,-0.0471802973266907,0.302473049836908,-0.049610297356195,-1,1,-1,1,-14,-13,-14,-13,-20,-14,-20,-14,17.05978751182556
1784751755.8496912,25.811207247803477,0.0,0.12,25.811207247803477,0.0,0,17.809058289701976,-2.641127628813561,17.809058289701976,-2.641127628813561,1.0399999618530271,-0.0199999995529651,0.8299999833106995,0.2300000041723251,16.76905832784895,-2.621127629260596,16.979058306391277,-2.8711276329858864,5.869170414747132,-0.9173946702412086,5.942670407236947,-1.0048946715450602,0.4487145744227682,-0.0707704459900361,0.4552845745944295,-0.075450446053068,-1,1,-1,1,-14,-13,-14,-13,-20,-14,-20,-14,17.079954147338867
1784751755.8697217,25.811207247803477,0.0,0.12,25.811207247803477,0.0,0,17.809058289701976,-2.641127628813561,17.809058289701976,-2.641127628813561,1.1799999475479126,-0.2399999946355819,0.8100000023841858,-0.0700000002980232,16.629058342154064,-2.4011276341779797,16.99905828731779,-2.571127628515538,5.820170419753922,-0.8403946719622927,5.949670400561226,-0.8998946699804382,0.5983760995021548,-0.0923805946976379,0.6082760991802896,-0.0985905947097078,-1,1,-1,1,-14,-13,-14,-13,-20,-14,-21,-14,17.099984645843506
1784751755.8896923,25.811207247803477,0.0,0.12,25.811207247803477,0.0,0,17.809058289701976,-2.641127628813561,17.809058289701976,-2.641127628813561,1.1799999475479126,-0.2399999946355819,0.8100000023841858,-0.0700000002980232,16.629058342154064,-2.4011276341779797,16.99905828731779,-2.571127628515538,5.820170419753922,-0.8403946719622927,5.949670400561226,-0.8998946699804382,0.7480376245815413,-0.1139907434052397,0.7612676237661498,-0.1217307433663476,-1,1,-1,1,-14,-13,-14,-13,-21,-14,-21,-14,17.11995530128479
1784751755.9095066,0.0,0.0,0.0,0.0,0.0,0,0.0,0.0,0.0,0.0,1.1799999475479126,-0.2399999946355819,0.8100000023841858,-0.0700000002980232,-1.1799999475479126,0.2399999946355819,-0.8100000023841858,0.0700000002980232,-0.4129999816417694,0.0839999981224536,-0.283500000834465,0.0245000001043081,0.0,0.0,0.0,0.0,-1,1,-1,1,0,0,0,0,0,0,0,0,17.139769554138184
1784751755.929495,0.0,0.0,0.0,0.0,0.0,0,0.0,0.0,0.0,0.0,2.190000057220459,-0.6200000047683716,1.4700000286102295,-0.050000000745058,-2.190000057220459,0.6200000047683716,-1.4700000286102295,0.050000000745058,-0.7665000200271606,0.21700000166893,-0.5145000100135803,0.0175000002607703,0.0,0.0,0.0,0.0,-1,1,-1,1,0,0,0,0,0,0,0,0,17.1597580909729
1784751755.9495568,0.0,0.0,0.0,0.0,0.0,0,0.0,0.0,0.0,0.0,2.190000057220459,-0.6200000047683716,1.4700000286102295,-0.050000000745058,-2.190000057220459,0.6200000047683716,-1.4700000286102295,0.050000000745058,-0.7665000200271606,0.21700000166893,-0.5145000100135803,0.0175000002607703,0.0,0.0,0.0,0.0,-1,1,-1,1,0,0,0,0,0,0,0,0,17.1798198223114
1784751755.9697113,25.811207247803477,0.0,0.12,25.811207247803477,0.0,0,17.809058289701976,-2.641127628813561,17.809058289701976,-2.641127628813561,1.9800000190734863,-0.4300000071525574,1.4800000190734863,-0.0299999993294477,15.82905827062849,-2.211127621661004,16.32905827062849,-2.611127629484113,5.540170394719971,-0.7738946675813513,5.715170394719971,-0.9138946703194396,0.1424615244356564,-0.019900148594949,0.1469615244356564,-0.023500148665357,-1,1,-1,1,-14,-13,-14,-13,-20,-14,-20,-14,17.199974298477173
1784751755.9896052,25.811207247803477,0.0,0.12,25.811207247803477,0.0,0,17.809058289701976,-2.641127628813561,17.809058289701976,-2.641127628813561,1.9800000190734863,-0.4300000071525574,1.4800000190734863,-0.0299999993294477,15.82905827062849,-2.211127621661004,16.32905827062849,-2.611127629484113,5.540170394719971,-0.7738946675813513,5.715170394719971,-0.9138946703194396,0.2849230488713128,-0.039800297189898,0.2939230488713128,-0.047000297330714,-1,1,-1,1,-14,-13,-14,-13,-20,-14,-20,-14,17.219868183135986
1784751756.009545,25.811207247803477,0.0,0.12,25.811207247803477,0.0,0,17.809058289701976,-2.641127628813561,17.809058289701976,-2.641127628813561,1.9800000190734863,-0.4300000071525574,1.4800000190734863,-0.0299999993294477,15.82905827062849,-2.211127621661004,16.32905827062849,-2.611127629484113,5.540170394719971,-0.7738946675813513,5.715170394719971,-0.9138946703194396,0.4273845733069692,-0.0597004457848471,0.4408845733069692,-0.070500445996071,-1,1,-1,1,-14,-13,-14,-13,-20,-14,-20,-14,17.239808082580566
1784751756.0295222,25.811207247803477,0.0,0.12,25.811207247803477,0.0,0,17.809058289701976,-2.641127628813561,17.809058289701976,-2.641127628813561,1.3899999856948853,-0.5299999713897705,1.0399999618530271,-0.0199999995529651,16.41905830400709,-2.1111276574237907,16.76905832784895,-2.621127629260596,5.746670406402481,-0.7388946800983267,5.869170414747132,-0.9173946702412086,0.575156098043033,-0.0787005947016612,0.5918060982576098,-0.0940905946594164,-1,1,-1,1,-14,-13,-14,-13,-20,-14,-20,-14,17.259785175323486
1784751756.049492,25.811207247803477,0.0,0.12,25.811207247803477,0.0,0,17.809058289701976,-2.641127628813561,17.809058289701976,-2.641127628813561,1.3899999856948853,-0.5299999713897705,1.0399999618530271,-0.0199999995529651,16.41905830400709,-2.1111276574237907,16.76905832784895,-2.621127629260596,5.746670406402481,-0.7388946800983267,5.869170414747132,-0.9173946702412086,0.7229276227790968,-0.0977007436184753,0.7427276232082503,-0.1176807433227618,-1,1,-1,1,-14,-13,-14,-13,-20,-14,-21,-14,17.279754877090454
1784751756.069798,0.0,0.0,0.0,0.0,0.0,0,0.0,0.0,0.0,0.0,1.4199999570846558,-0.3700000047683716,1.1799999475479126,-0.0199999995529651,-1.4199999570846558,0.3700000047683716,-1.1799999475479126,0.0199999995529651,-0.4969999849796295,0.12950000166893,-0.4129999816417694,0.0069999998435378,0.0,0.0,0.0,0.0,-1,1,-1,1,0,0,0,0,0,0,0,0,17.300060987472534
1784751756.0895145,0.0,0.0,0.0,0.0,0.0,0,0.0,0.0,0.0,0.0,1.4199999570846558,-0.3700000047683716,1.1799999475479126,-0.0199999995529651,-1.4199999570846558,0.3700000047683716,-1.1799999475479126,0.0199999995529651,-0.4969999849796295,0.12950000166893,-0.4129999816417694,0.0069999998435378,0.0,0.0,0.0,0.0,-1,1,-1,1,0,0,0,0,0,0,0,0,17.319777488708496
1784751756.1099849,0.0,0.0,0.0,0.0,0.0,0,0.0,0.0,0.0,0.0,1.4199999570846558,-0.3700000047683716,1.1799999475479126,-0.0199999995529651,-1.4199999570846558,0.3700000047683716,-1.1799999475479126,0.0199999995529651,-0.4969999849796295,0.12950000166893,-0.4129999816417694,0.0069999998435378,0.0,0.0,0.0,0.0,-1,1,-1,1,0,0,0,0,0,0,0,0,17.340247869491577
1784751756.129769,0.0,0.0,0.0,0.0,0.0,0,0.0,0.0,0.0,0.0,1.2200000286102295,-0.2599999904632568,0.8299999833106995,-0.0099999997764825,-1.2200000286102295,0.2599999904632568,-0.8299999833106995,0.0099999997764825,-0.4270000100135803,0.0909999966621398,-0.2904999941587448,0.0034999999217689,0.0,0.0,0.0,0.0,-1,1,-1,1,0,0,0,0,0,0,0,0,17.360032081604004
1784751756.1496255,25.811207247803477,0.0,0.12,25.811207247803477,0.0,0,17.809058289701976,-2.641127628813561,17.809058289701976,-2.641127628813561,1.2200000286102295,-0.2599999904632568,0.8299999833106995,-0.0099999997764825,16.589058261091747,-2.3811276383503044,16.979058306391277,-2.631127629037078,5.806170391382111,-0.8333946734226065,5.942670407236947,-0.9208946701629774,0.1493015243498257,-0.0214301487451527,0.1528115247575215,-0.0236801486613337,-1,1,-1,1,-14,-13,-14,-13,-20,-14,-20,-14,17.3798885345459
1784751756.1695862,25.811207247803477,0.0,0.12,25.811207247803477,0.0,0,17.809058289701976,-2.641127628813561,17.809058289701976,-2.641127628813561,0.8600000143051147,-0.1800000071525573,0.5799999833106995,-0.0099999997764825,16.94905827539686,-2.461127621661004,17.229058306391277,-2.631127629037078,5.932170396388901,-0.8613946675813513,6.030170407236946,-0.9208946701629774,0.3018430488283975,-0.0435802973401017,0.307873049515043,-0.0473602973226674,-1,1,-1,1,-14,-13,-14,-13,-20,-14,-20,-14,17.39984917640686
1784751756.1895092,25.811207247803477,0.0,0.12,25.811207247803477,0.0,0,17.809058289701976,-2.641127628813561,17.809058289701976,-2.641127628813561,0.8600000143051147,-0.1800000071525573,0.5799999833106995,-0.0099999997764825,16.94905827539686,-2.461127621661004,17.229058306391277,-2.631127629037078,5.932170396388901,-0.8613946675813513,6.030170407236946,-0.9208946701629774,0.4543845733069693,-0.0657304459350508,0.4629345742725645,-0.0710404459840011,-1,1,-1,1,-14,-13,-14,-13,-20,-14,-20,-14,17.419772148132324
1784751756.209525,25.811207247803477,0.0,0.12,25.811207247803477,0.0,0,17.809058289701976,-2.641127628813561,17.809058289701976,-2.641127628813561,0.8600000143051147,-0.1800000071525573,0.5799999833106995,-0.0099999997764825,16.94905827539686,-2.461127621661004,17.229058306391277,-2.631127629037078,5.932170396388901,-0.8613946675813513,6.030170407236946,-0.9208946701629774,0.6069260977855411,-0.0878805945299998,0.617996099030086,-0.0947205946453348,-1,1,-1,1,-14,-13,-14,-13,-21,-14,-21,-14,17.439788103103638
1784751756.229494,0.0,0.0,0.0,0.0,0.0,0,0.0,0.0,0.0,0.0,1.0499999523162842,-0.3499999940395355,0.8600000143051147,-0.0099999997764825,-1.0499999523162842,0.3499999940395355,-0.8600000143051147,0.0099999997764825,-0.3674999833106994,0.1224999979138374,-0.3010000050067901,0.0034999999217689,0.0,0.0,0.0,0.0,-1,1,-1,1,0,0,0,0,0,0,0,0,17.459757089614868
1784751756.2494996,0.0,0.0,0.0,0.0,0.0,0,0.0,0.0,0.0,0.0,1.0499999523162842,-0.3499999940395355,0.8600000143051147,-0.0099999997764825,-1.0499999523162842,0.3499999940395355,-0.8600000143051147,0.0099999997764825,-0.3674999833106994,0.1224999979138374,-0.3010000050067901,0.0034999999217689,0.0,0.0,0.0,0.0,-1,1,-1,1,0,0,0,0,0,0,0,0,17.4797625541687
1784751756.269698,0.0,0.0,0.0,0.0,0.0,0,0.0,0.0,0.0,0.0,1.190000057220459,-0.25,1.0499999523162842,-0.0,-1.190000057220459,0.25,-1.0499999523162842,0.0,-0.4165000200271606,0.0875,-0.3674999833106994,0.0,0.0,0.0,0.0,0.0,-1,1,-1,1,0,0,0,0,0,0,0,0,17.499960899353027
1784751756.289527,25.811207247803477,0.0,0.12,25.811207247803477,0.0,0,17.809058289701976,-2.641127628813561,17.809058289701976,-2.641127628813561,1.190000057220459,-0.25,1.0499999523162842,-0.0,16.619058232481517,-2.391127628813561,16.759058337385692,-2.641127628813561,5.816670381368531,-0.8368946700847464,5.865670418084992,-0.9243946700847464,0.1495715240923336,-0.021520148659322,0.1508315250364712,-0.023770148659322,-1,1,-1,1,-14,-13,-14,-13,-20,-14,-20,-14,17.519789934158325
1784751756.3095164,25.811207247803477,0.0,0.12,25.811207247803477,0.0,0,17.809058289701976,-2.641127628813561,17.809058289701976,-2.641127628813561,1.190000057220459,-0.25,1.0499999523162842,-0.0,16.619058232481517,-2.391127628813561,16.759058337385692,-2.641127628813561,5.816670381368531,-0.8368946700847464,5.865670418084992,-0.9243946700847464,0.2991430481846673,-0.0430402973186441,0.3016630500729425,-0.0475402973186441,-1,1,-1,1,-14,-13,-14,-13,-20,-14,-20,-14,17.53977942466736
1784751756.329694,25.811207247803477,0.0,0.12,25.811207247803477,0.0,0,17.809058289701976,-2.641127628813561,17.809058289701976,-2.641127628813561,0.8299999833106995,-0.1700000017881393,0.7400000095367432,-0.0,16.979058306391277,-2.471127627025422,17.069058280165233,-2.641127628813561,5.942670407236947,-0.8648946694588976,5.974170398057831,-0.9243946700847464,0.4519545729421887,-0.0652804459618729,0.4552845745944296,-0.0713104459779661,-1,1,-1,1,-14,-13,-14,-13,-20,-14,-20,-14,17.559957027435303
1784751756.3494236,25.811207247803477,0.0,0.12,25.811207247803477,0.0,0,17.809058289701976,-2.641127628813561,17.809058289701976,-2.641127628813561,0.8299999833106995,-0.1700000017881393,0.7400000095367432,-0.0,16.979058306391277,-2.471127627025422,17.069058280165233,-2.641127628813561,5.942670407236947,-0.8648946694588976,5.974170398057831,-0.9243946700847464,0.6047660976997102,-0.0875205946051017,0.6089060991159168,-0.0950805946372882,-1,1,-1,1,-14,-13,-14,-13,-21,-14,-21,-14,17.579686641693115
1784751756.3695638,0.0,0.0,0.0,0.0,0.0,0,0.0,0.0,0.0,0.0,1.2599999904632568,-0.1199999973177909,1.2000000476837158,-0.0,-1.2599999904632568,0.1199999973177909,-1.2000000476837158,0.0,-0.4409999966621398,0.0419999990612268,-0.4200000166893005,0.0,0.0,0.0,0.0,0.0,-1,1,-1,1,0,0,0,0,0,0,0,0,17.59982681274414
1784751756.389558,0.0,0.0,0.0,0.0,0.0,0,0.0,0.0,0.0,0.0,1.2599999904632568,-0.1199999973177909,1.2000000476837158,-0.0,-1.2599999904632568,0.1199999973177909,-1.2000000476837158,0.0,-0.4409999966621398,0.0419999990612268,-0.4200000166893005,0.0,0.0,0.0,0.0,0.0,-1,1,-1,1,0,0,0,0,0,0,0,0,17.619821071624756
1784751756.4095078,0.0,0.0,0.0,0.0,0.0,0,0.0,0.0,0.0,0.0,1.2599999904632568,-0.1199999973177909,1.2000000476837158,-0.0,-1.2599999904632568,0.1199999973177909,-1.2000000476837158,0.0,-0.4409999966621398,0.0419999990612268,-0.4200000166893005,0.0,0.0,0.0,0.0,0.0,-1,1,-1,1,0,0,0,0,0,0,0,0,17.63977074623108
1784751756.429517,25.811207247803477,0.0,0.12,25.811207247803477,0.0,0,17.809058289701976,-2.641127628813561,17.809058289701976,-2.641127628813561,1.340000033378601,-0.0799999982118606,1.5199999809265137,-0.0,16.469058256323375,-2.561127630601701,16.289058308775463,-2.641127628813561,5.764170389713181,-0.8963946707105951,5.701170408071412,-0.9243946700847464,0.1482215243069103,-0.0230501486754153,0.1466015247789791,-0.023770148659322,-1,1,-1,1,-14,-13,-14,-13,-20,-14,-20,-14,17.659780025482178
1784751756.44955,25.811207247803477,0.0,0.12,25.811207247803477,0.0,0,17.809058289701976,-2.641127628813561,17.809058289701976,-2.641127628813561,1.340000033378601,-0.0799999982118606,1.5199999809265137,-0.0,16.469058256323375,-2.561127630601701,16.289058308775463,-2.641127628813561,5.764170389713181,-0.8963946707105951,5.701170408071412,-0.9243946700847464,0.2964430486138207,-0.0461002973508306,0.2932030495579583,-0.0475402973186441,-1,1,-1,1,-14,-13,-14,-13,-20,-14,-20,-14,17.679812908172607
1784751756.469581,25.811207247803477,0.0,0.12,25.811207247803477,0.0,0,17.809058289701976,-2.641127628813561,17.809058289701976,-2.641127628813561,0.9399999976158142,-0.0599999986588954,1.2899999618530271,-0.0,16.869058292086162,-2.5811276301546657,16.51905832784895,-2.641127628813561,5.904170402230156,-0.9033946705541328,5.781670414747132,-0.9243946700847464,0.4482645732425962,-0.0693304460222226,0.4418745745085989,-0.0713104459779661,-1,1,-1,1,-14,-13,-14,-13,-20,-14,-20,-14,17.699843883514404
1784751756.4894953,25.811207247803477,0.0,0.12,25.811207247803477,0.0,0,17.809058289701976,-2.641127628813561,17.809058289701976,-2.641127628813561,0.9399999976158142,-0.0599999986588954,1.2899999618530271,-0.0,16.869058292086162,-2.5811276301546657,16.51905832784895,-2.641127628813561,5.904170402230156,-0.9033946705541328,5.781670414747132,-0.9243946700847464,0.6000860978713717,-0.0925605946936145,0.5905460994592394,-0.0950805946372882,-1,1,-1,1,-14,-13,-14,-13,-21,-14,-20,-14,17.71975827217102
1784751756.5094905,0.0,0.0,0.0,0.0,0.0,0,0.0,0.0,0.0,0.0,0.9399999976158142,-0.0599999986588954,1.2899999618530271,-0.0,-0.9399999976158142,0.0599999986588954,-1.2899999618530271,0.0,-0.3289999991655349,0.0209999995306134,-0.4514999866485595,0.0,0.0,0.0,0.0,0.0,-1,1,-1,1,0,0,0,0,0,0,0,0,17.739753484725952
1784751756.5294971,0.0,0.0,0.0,0.0,0.0,0,0.0,0.0,0.0,0.0,1.3300000429153442,-0.0399999991059303,1.5800000429153442,-0.0,-1.3300000429153442,0.0399999991059303,-1.5800000429153442,0.0,-0.4655000150203705,0.0139999996870756,-0.5530000150203704,0.0,0.0,0.0,0.0,0.0,-1,1,-1,1,0,0,0,0,0,0,0,0,17.75976014137268
1784751756.5495467,0.0,0.0,0.0,0.0,0.0,0,0.0,0.0,0.0,0.0,1.3300000429153442,-0.0399999991059303,1.5800000429153442,-0.0,-1.3300000429153442,0.0399999991059303,-1.5800000429153442,0.0,-0.4655000150203705,0.0139999996870756,-0.5530000150203704,0.0,0.0,0.0,0.0,0.0,-1,1,-1,1,0,0,0,0,0,0,0,0,17.779809713363647
1784751756.5696037,25.811207247803477,0.0,0.12,25.811207247803477,0.0,0,17.809058289701976,-2.641127628813561,17.809058289701976,-2.641127628813561,1.159999966621399,-0.0299999993294477,1.559999942779541,-0.0,16.649058323080578,-2.611127629484113,16.249058346922435,-2.641127628813561,5.827170413078202,-0.9138946703194396,5.687170421422852,-0.9243946700847464,0.1498415249077252,-0.023500148665357,0.1462415251223019,-0.023770148659322,-1,1,-1,1,-14,-13,-14,-13,-20,-14,-20,-14,17.799866676330566
1784751756.5896187,25.811207247803477,0.0,0.12,25.811207247803477,0.0,0,17.809058289701976,-2.641127628813561,17.809058289701976,-2.641127628813561,1.159999966621399,-0.0299999993294477,1.559999942779541,-0.0,16.649058323080578,-2.611127629484113,16.249058346922435,-2.641127628813561,5.827170413078202,-0.9138946703194396,5.687170421422852,-0.9243946700847464,0.2996830498154504,-0.047000297330714,0.2924830502446038,-0.0475402973186441,-1,1,-1,1,-14,-13,-14,-13,-20,-14,-20,-14,17.819881677627563
1784751756.609521,25.811207247803477,0.0,0.12,25.811207247803477,0.0,0,17.809058289701976,-2.641127628813561,17.809058289701976,-2.641127628813561,1.159999966621399,-0.0299999993294477,1.559999942779541,-0.0,16.649058323080578,-2.611127629484113,16.249058346922435,-2.641127628813561,5.827170413078202,-0.9138946703194396,5.687170421422852,-0.9243946700847464,0.4495245747231756,-0.070500445996071,0.4387245753669058,-0.0713104459779661,-1,1,-1,1,-14,-13,-14,-13,-20,-14,-20,-14,17.839783906936646
1784751756.6298769,25.811207247803477,0.0,0.12,25.811207247803477,0.0,0,17.809058289701976,-2.641127628813561,17.809058289701976,-2.641127628813561,1.2599999904632568,-0.0199999995529651,1.3200000524520874,-0.0,16.54905829923872,-2.621127629260596,16.48905823724989,-2.641127628813561,5.792170404733551,-0.9173946702412086,5.771170383037461,-0.9243946700847464,0.5984660994163241,-0.0940905946594164,0.5871260995021548,-0.0950805946372882,-1,1,-1,1,-14,-13,-14,-13,-20,-14,-20,-14,17.860139846801758
1784751756.6495378,25.811207247803477,0.0,0.12,25.811207247803477,0.0,0,17.809058289701976,-2.641127628813561,17.809058289701976,-2.641127628813561,1.2599999904632568,-0.0199999995529651,1.3200000524520874,-0.0,16.54905829923872,-2.621127629260596,16.48905823724989,-2.641127628813561,5.792170404733551,-0.9173946702412086,5.771170383037461,-0.9243946700847464,0.7474076241094726,-0.1176807433227618,0.7355276236374038,-0.1188507432966102,-1,1,-1,1,-14,-13,-14,-13,-21,-14,-21,-14,17.87980079650879
1784751756.669654,0.0,0.0,0.0,0.0,0.0,0,0.0,0.0,0.0,0.0,2.0199999809265137,-0.2399999946355819,1.830000042915344,-0.0,-2.0199999809265137,0.2399999946355819,-1.830000042915344,0.0,-0.7069999933242798,0.0839999981224536,-0.6405000150203705,0.0,0.0,0.0,0.0,0.0,-1,1,-1,1,0,0,0,0,0,0,0,0,17.899916887283325
1784751756.6895597,0.0,0.0,0.0,0.0,0.0,0,0.0,0.0,0.0,0.0,2.0199999809265137,-0.2399999946355819,1.830000042915344,-0.0,-2.0199999809265137,0.2399999946355819,-1.830000042915344,0.0,-0.7069999933242798,0.0839999981224536,-0.6405000150203705,0.0,0.0,0.0,0.0,0.0,-1,1,-1,1,0,0,0,0,0,0,0,0,17.919822692871094
1784751756.7094803,0.0,0.0,0.0,0.0,0.0,0,0.0,0.0,0.0,0.0,2.0199999809265137,-0.2399999946355819,1.830000042915344,-0.0,-2.0199999809265137,0.2399999946355819,-1.830000042915344,0.0,-0.7069999933242798,0.0839999981224536,-0.6405000150203705,0.0,0.0,0.0,0.0,0.0,-1,1,-1,1,0,0,0,0,0,0,0,0,17.939743280410767
1784751756.729524,25.811207247803477,0.0,0.12,25.811207247803477,0.0,0,17.809058289701976,-2.641127628813561,17.809058289701976,-2.641127628813561,2.539999961853028,-0.1700000017881393,2.640000104904175,-0.0,15.26905832784895,-2.471127627025422,15.169058184797802,-2.641127628813561,5.344170414747132,-0.8648946694588976,5.30917036467923,-0.9243946700847464,0.1374215249506405,-0.0222401486432287,0.1365215236631802,-0.023770148659322,-1,1,-1,1,-14,-13,-14,-13,-19,-14,-19,-14,17.959786891937256
1784751756.7495172,25.811207247803477,0.0,0.12,25.811207247803477,0.0,0,17.809058289701976,-2.641127628813561,17.809058289701976,-2.641127628813561,2.539999961853028,-0.1700000017881393,2.640000104904175,-0.0,15.26905832784895,-2.471127627025422,15.169058184797802,-2.641127628813561,5.344170414747132,-0.8648946694588976,5.30917036467923,-0.9243946700847464,0.2748430499012811,-0.0444802972864575,0.2730430473263605,-0.0475402973186441,-1,1,-1,1,-14,-13,-14,-13,-20,-14,-20,-14,17.979780197143555
1784751756.76963,25.811207247803477,0.0,0.12,25.811207247803477,0.0,0,17.809058289701976,-2.641127628813561,17.809058289701976,-2.641127628813561,2.009999990463257,-0.1199999973177909,1.850000023841858,-0.0,15.79905829923872,-2.5211276314957702,15.95905826586012,-2.641127628813561,5.529670404733552,-0.8823946710235195,5.585670393051041,-0.9243946700847464,0.4170345745944296,-0.0671704459699195,0.4166745717191015,-0.0713104459779661,-1,1,-1,1,-14,-13,-14,-13,-20,-14,-20,-14,17.999892950057983
1784751756.7895236,25.811207247803477,0.0,0.12,25.811207247803477,0.0,0,17.809058289701976,-2.641127628813561,17.809058289701976,-2.641127628813561,2.009999990463257,-0.1199999973177909,1.850000023841858,-0.0,15.79905829923872,-2.5211276314957702,15.95905826586012,-2.641127628813561,5.529670404733552,-0.8823946710235195,5.585670393051041,-0.9243946700847464,0.559226099287578,-0.0898605946533814,0.5603060961118427,-0.0950805946372882,-1,1,-1,1,-14,-13,-14,-13,-20,-14,-20,-14,18.019786596298218
1784751756.8095367,0.0,0.0,0.0,0.0,0.0,0,0.0,0.0,0.0,0.0,2.009999990463257,-0.1199999973177909,1.850000023841858,-0.0,-2.009999990463257,0.1199999973177909,-1.850000023841858,0.0,-0.7034999966621398,0.0419999990612268,-0.6475000083446503,0.0,0.0,0.0,0.0,0.0,-1,1,-1,1,0,0,0,0,0,0,0,0,18.039799690246582
1784751756.8294792,0.0,0.0,0.0,0.0,0.0,0,0.0,0.0,0.0,0.0,2.309999942779541,-0.3100000023841858,1.9700000286102293,-0.0,-2.309999942779541,0.3100000023841858,-1.9700000286102293,0.0,-0.8084999799728393,0.108500000834465,-0.6895000100135803,0.0,0.0,0.0,0.0,0.0,-1,1,-1,1,0,0,0,0,0,0,0,0,18.059742212295532
1784751756.8496318,0.0,0.0,0.0,0.0,0.0,0,0.0,0.0,0.0,0.0,2.309999942779541,-0.3100000023841858,1.9700000286102293,-0.0,-2.309999942779541,0.3100000023841858,-1.9700000286102293,0.0,-0.8084999799728393,0.108500000834465,-0.6895000100135803,0.0,0.0,0.0,0.0,0.0,-1,1,-1,1,0,0,0,0,0,0,0,0,18.07989478111267
1784751756.8698573,0.0,0.0,0.0,0.0,0.0,0,0.0,0.0,0.0,0.0,2.5199999809265137,-0.2199999988079071,1.6100000143051147,-0.0,-2.5199999809265137,0.2199999988079071,-1.6100000143051147,0.0,-0.8819999933242797,0.0769999995827674,-0.5635000050067901,0.0,0.0,0.0,0.0,0.0,-1,1,-1,1,0,0,0,0,0,0,0,0,18.100120306015015
1784751756.8895218,25.811207247803477,0.0,0.12,25.811207247803477,0.0,0,17.809058289701976,-2.641127628813561,17.809058289701976,-2.641127628813561,2.5199999809265137,-0.2199999988079071,1.6100000143051147,-0.0,15.289058308775465,-2.421127630005654,16.19905827539686,-2.641127628813561,5.351170408071412,-0.8473946705019789,5.669670396388901,-0.9243946700847464,0.1376015247789791,-0.0217901486700508,0.1457915244785717,-0.023770148659322,-1,1,-1,1,-14,-13,-14,-13,-19,-14,-20,-14,18.119784832000732
1784751756.9095006,25.811207247803477,0.0,0.12,25.811207247803477,0.0,0,17.809058289701976,-2.641127628813561,17.809058289701976,-2.641127628813561,2.5199999809265137,-0.2199999988079071,1.6100000143051147,-0.0,15.289058308775465,-2.421127630005654,16.19905827539686,-2.641127628813561,5.351170408071412,-0.8473946705019789,5.669670396388901,-0.9243946700847464,0.2752030495579583,-0.0435802973401017,0.2915830489571435,-0.0475402973186441,-1,1,-1,1,-14,-13,-14,-13,-20,-14,-20,-14,18.139763593673706
1784751756.9295127,25.811207247803477,0.0,0.12,25.811207247803477,0.0,0,17.809058289701976,-2.641127628813561,17.809058289701976,-2.641127628813561,1.7699999809265137,-0.1500000059604644,1.350000023841858,-0.0,16.039058308775463,-2.4911276228530967,16.45905826586012,-2.641127628813561,5.613670408071411,-0.8718946679985838,5.760670393051041,-0.9243946700847464,0.4195545743369375,-0.0660004459457796,0.4397145733498846,-0.0713104459779661,-1,1,-1,1,-14,-13,-14,-13,-20,-14,-20,-14,18.159775733947754
1784751756.949679,25.811207247803477,0.0,0.12,25.811207247803477,0.0,0,17.809058289701976,-2.641127628813561,17.809058289701976,-2.641127628813561,1.7699999809265137,-0.1500000059604644,1.350000023841858,-0.0,16.039058308775463,-2.4911276228530967,16.45905826586012,-2.641127628813561,5.613670408071411,-0.8718946679985838,5.760670393051041,-0.9243946700847464,0.5639060991159166,-0.0884205945514575,0.5878460977426256,-0.0950805946372882,-1,1,-1,1,-14,-13,-14,-13,-20,-14,-20,-14,18.1799418926239
1784751756.9694934,0.0,0.0,0.0,0.0,0.0,0,0.0,0.0,0.0,0.0,1.690000057220459,-0.3300000131130218,1.399999976158142,-0.0,-1.690000057220459,0.3300000131130218,-1.399999976158142,0.0,-0.5915000200271606,0.1155000045895576,-0.4899999916553497,0.0,0.0,0.0,0.0,0.0,-1,1,-1,1,0,0,0,0,0,0,0,0,18.199756383895874
1784751756.989493,0.0,0.0,0.0,0.0,0.0,0,0.0,0.0,0.0,0.0,1.690000057220459,-0.3300000131130218,1.399999976158142,-0.0,-1.690000057220459,0.3300000131130218,-1.399999976158142,0.0,-0.5915000200271606,0.1155000045895576,-0.4899999916553497,0.0,0.0,0.0,0.0,0.0,-1,1,-1,1,0,0,0,0,0,0,0,0,18.21975588798523
1784751757.0095856,0.0,0.0,0.0,0.0,0.0,0,0.0,0.0,0.0,0.0,1.690000057220459,-0.3300000131130218,1.399999976158142,-0.0,-1.690000057220459,0.3300000131130218,-1.399999976158142,0.0,-0.5915000200271606,0.1155000045895576,-0.4899999916553497,0.0,0.0,0.0,0.0,0.0,-1,1,-1,1,0,0,0,0,0,0,0,0,18.239848613739014
1784751757.0295029,0.0,0.0,0.0,0.0,0.0,0,0.0,0.0,0.0,0.0,1.6399999856948853,-0.4600000083446502,0.9800000190734864,-0.0,-1.6399999856948853,0.4600000083446502,-0.9800000190734864,0.0,-0.5739999949932098,0.1610000029206275,-0.3430000066757201,0.0,0.0,0.0,0.0,0.0,-1,1,-1,1,0,0,0,0,0,0,0,0,18.25976586341858
1784751757.049536,25.811207247803477,0.0,0.12,25.811207247803477,0.0,0,17.809058289701976,-2.641127628813561,17.809058289701976,-2.641127628813561,1.6399999856948853,-0.4600000083446502,0.9800000190734864,-0.0,16.16905830400709,-2.181127620468911,16.82905827062849,-2.641127628813561,5.659170406402482,-0.7633946671641187,5.890170394719971,-0.9243946700847464,0.1455215247360638,-0.0196301485842202,0.1514615244356564,-0.023770148659322,-1,1,-1,1,-14,-13,-14,-13,-20,-14,-20,-14,18.279798984527588
1784751757.0696082,25.811207247803477,0.0,0.12,25.811207247803477,0.0,0,17.809058289701976,-2.641127628813561,17.809058289701976,-2.641127628813561,1.1399999856948853,-0.3199999928474426,0.6899999976158142,-0.0,16.66905830400709,-2.3211276359661186,17.119058292086162,-2.641127628813561,5.834170406402482,-0.8123946725881415,5.991670402230157,-0.9243946700847464,0.2955430494721277,-0.0405202973079152,0.3055330490644319,-0.0475402973186441,-1,1,-1,1,-14,-13,-14,-13,-20,-14,-20,-14,18.29987120628357
1784751757.0895505,25.811207247803477,0.0,0.12,25.811207247803477,0.0,0,17.809058289701976,-2.641127628813561,17.809058289701976,-2.641127628813561,1.1399999856948853,-0.3199999928474426,0.6899999976158142,-0.0,16.66905830400709,-2.3211276359661186,17.119058292086162,-2.641127628813561,5.834170406402482,-0.8123946725881415,5.991670402230157,-0.9243946700847464,0.4455645742081915,-0.0614104460316103,0.4596045736932074,-0.0713104459779661,-1,1,-1,1,-14,-13,-14,-13,-20,-14,-20,-14,18.31981348991394
1784751757.1095383,25.811207247803477,0.0,0.12,25.811207247803477,0.0,0,17.809058289701976,-2.641127628813561,17.809058289701976,-2.641127628813561,1.1399999856948853,-0.3199999928474426,0.6899999976158142,-0.0,16.66905830400709,-2.3211276359661186,17.119058292086162,-2.641127628813561,5.834170406402482,-0.8123946725881415,5.991670402230157,-0.9243946700847464,0.5955860989442554,-0.0823005947553054,0.6136760983219829,-0.0950805946372882,-1,1,-1,1,-14,-13,-14,-13,-20,-14,-21,-14,18.33980131149292
1784751757.129481,0.0,0.0,0.0,0.0,0.0,0,0.0,0.0,0.0,0.0,1.25,-0.449999988079071,0.9300000071525574,-0.0,-1.25,0.449999988079071,-0.9300000071525574,0.0,-0.4375,0.1574999958276748,-0.325500002503395,0.0,0.0,0.0,0.0,0.0,-1,1,-1,1,0,0,0,0,0,0,0,0,18.35974407196045
1784751757.149613,0.0,0.0,0.0,0.0,0.0,0,0.0,0.0,0.0,0.0,1.25,-0.449999988079071,0.9300000071525574,-0.0,-1.25,0.449999988079071,-0.9300000071525574,0.0,-0.4375,0.1574999958276748,-0.325500002503395,0.0,0.0,0.0,0.0,0.0,-1,1,-1,1,0,0,0,0,0,0,0,0,18.379875898361206
1784751757.1695156,0.0,0.0,0.0,0.0,0.0,0,0.0,0.0,0.0,0.0,1.3300000429153442,-0.3199999928474426,0.8799999952316284,-0.0,-1.3300000429153442,0.3199999928474426,-0.8799999952316284,0.0,-0.4655000150203705,0.1119999974966049,-0.3079999983310699,0.0,0.0,0.0,0.0,0.0,-1,1,-1,1,0,0,0,0,0,0,0,0,18.399778604507446
1784751757.1895647,25.811207247803477,0.0,0.12,25.811207247803477,0.0,0,17.809058289701976,-2.641127628813561,17.809058289701976,-2.641127628813561,1.3300000429153442,-0.3199999928474426,0.8799999952316284,-0.0,16.479058246786632,-2.3211276359661186,16.929058294470348,-2.641127628813561,5.767670386375321,-0.8123946725881415,5.925170403064621,-0.9243946700847464,0.1483115242210797,-0.020890148723695,0.1523615246502331,-0.023770148659322,-1,1,-1,1,-14,-13,-14,-13,-20,-14,-20,-14,18.419827699661255
1784751757.2095373,25.811207247803477,0.0,0.12,25.811207247803477,0.0,0,17.809058289701976,-2.641127628813561,17.809058289701976,-2.641127628813561,1.3300000429153442,-0.3199999928474426,0.8799999952316284,-0.0,16.479058246786632,-2.3211276359661186,16.929058294470348,-2.641127628813561,5.767670386375321,-0.8123946725881415,5.925170403064621,-0.9243946700847464,0.2966230484421594,-0.0417802974473901,0.3047230493004663,-0.0475402973186441,-1,1,-1,1,-14,-13,-14,-13,-20,-14,-20,-14,18.439800262451172
1784751757.2295177,25.811207247803477,0.0,0.12,25.811207247803477,0.0,0,17.809058289701976,-2.641127628813561,17.809058289701976,-2.641127628813561,1.159999966621399,-0.2199999988079071,0.6200000047683716,-0.0,16.649058323080578,-2.421127630005654,17.189058284933605,-2.641127628813561,5.827170413078202,-0.8473946705019789,6.016170399726762,-0.9243946700847464,0.4464645733498846,-0.063570446117441,0.4594245738648687,-0.0713104459779661,-1,1,-1,1,-14,-13,-14,-13,-20,-14,-20,-14,18.4597806930542
1784751757.2496884,25.811207247803477,0.0,0.12,25.811207247803477,0.0,0,17.809058289701976,-2.641127628813561,17.809058289701976,-2.641127628813561,1.159999966621399,-0.2199999988079071,0.6200000047683716,-0.0,16.649058323080578,-2.421127630005654,17.189058284933605,-2.641127628813561,5.827170413078202,-0.8473946705019789,6.016170399726762,-0.9243946700847464,0.5963060982576098,-0.0853605947874919,0.6141260984292711,-0.0950805946372882,-1,1,-1,1,-14,-13,-14,-13,-20,-14,-21,-14,18.47995138168335
1784751757.2697494,0.0,0.0,0.0,0.0,0.0,0,0.0,0.0,0.0,0.0,1.2599999904632568,-0.3799999952316284,0.8799999952316284,-0.0,-1.2599999904632568,0.3799999952316284,-0.8799999952316284,0.0,-0.4409999966621398,0.1329999983310699,-0.3079999983310699,0.0,0.0,0.0,0.0,0.0,-1,1,-1,1,0,0,0,0,0,0,0,0,18.500012397766113
1784751757.2895763,0.0,0.0,0.0,0.0,0.0,0,0.0,0.0,0.0,0.0,1.2599999904632568,-0.3799999952316284,0.8799999952316284,-0.0,-1.2599999904632568,0.3799999952316284,-0.8799999952316284,0.0,-0.4409999966621398,0.1329999983310699,-0.3079999983310699,0.0,0.0,0.0,0.0,0.0,-1,1,-1,1,0,0,0,0,0,0,0,0,18.5198392868042
1784751757.3095083,0.0,0.0,0.0,0.0,0.0,0,0.0,0.0,0.0,0.0,1.2599999904632568,-0.3799999952316284,0.8799999952316284,-0.0,-1.2599999904632568,0.3799999952316284,-0.8799999952316284,0.0,-0.4409999966621398,0.1329999983310699,-0.3079999983310699,0.0,0.0,0.0,0.0,0.0,-1,1,-1,1,0,0,0,0,0,0,0,0,18.53977131843567
1784751757.3294835,0.0,0.0,0.0,0.0,0.0,0,0.0,0.0,0.0,0.0,1.340000033378601,-0.270000010728836,0.8399999737739563,-0.0,-1.340000033378601,0.270000010728836,-0.8399999737739563,0.0,-0.4690000116825103,0.0945000037550926,-0.2939999908208847,0.0,0.0,0.0,0.0,0.0,-1,1,-1,1,0,0,0,0,0,0,0,0,18.559746503829956
1784751757.349539,25.811207247803477,0.0,0.12,25.811207247803477,0.0,0,17.809058289701976,-2.641127628813561,17.809058289701976,-2.641127628813561,1.340000033378601,-0.270000010728836,0.8399999737739563,-0.0,16.469058256323375,-2.371127618084725,16.96905831592802,-2.641127628813561,5.764170389713181,-0.8298946663296538,5.939170410574807,-0.9243946700847464,0.1482215243069103,-0.0213401485627625,0.1527215248433522,-0.023770148659322,-1,1,-1,1,-14,-13,-14,-13,-20,-14,-20,-14,18.5798020362854
1784751757.3697324,25.811207247803477,0.0,0.12,25.811207247803477,0.0,0,17.809058289701976,-2.641127628813561,17.809058289701976,-2.641127628813561,0.9399999976158142,-0.1899999976158142,0.5899999737739563,-0.0,16.869058292086162,-2.451127631197747,17.21905831592802,-2.641127628813561,5.904170402230156,-0.8578946709192115,6.026670410574806,-0.9243946700847464,0.3000430489356858,-0.0434002972435422,0.3076930496867044,-0.0475402973186441,-1,1,-1,1,-14,-13,-14,-13,-20,-14,-20,-14,18.599995374679565
1784751757.3895257,25.811207247803477,0.0,0.12,25.811207247803477,0.0,0,17.809058289701976,-2.641127628813561,17.809058289701976,-2.641127628813561,0.9399999976158142,-0.1899999976158142,0.5899999737739563,-0.0,16.869058292086162,-2.451127631197747,17.21905831592802,-2.641127628813561,5.904170402230156,-0.8578946709192115,6.026670410574806,-0.9243946700847464,0.4518645735644613,-0.0654604459243219,0.4626645745300566,-0.0713104459779661,-1,1,-1,1,-14,-13,-14,-13,-20,-14,-20,-14,18.619788646697998
1784751757.409521,25.811207247803477,0.0,0.12,25.811207247803477,0.0,0,17.809058289701976,-2.641127628813561,17.809058289701976,-2.641127628813561,0.9399999976158142,-0.1899999976158142,0.5899999737739563,-0.0,16.869058292086162,-2.451127631197747,17.21905831592802,-2.641127628813561,5.904170402230156,-0.8578946709192115,6.026670410574806,-0.9243946700847464,0.6036860981932368,-0.0875205946051017,0.6176360993734088,-0.0950805946372882,-1,1,-1,1,-14,-13,-14,-13,-21,-14,-21,-14,18.63978409767151
1784751757.4295163,25.811207247803477,0.0,0.12,25.811207247803477,0.0,0,17.809058289701976,-2.641127628813561,17.809058289701976,-2.641127628813561,1.1100000143051147,-0.3600000143051147,0.6399999856948853,-0.0,16.69905827539686,-2.2811276145084465,17.16905830400709,-2.641127628813561,5.844670396388901,-0.7983946650779562,6.009170406402482,-0.9243946700847464,0.7539776226718086,-0.1080507431356777,0.7721576241094726,-0.1188507432966102,-1,1,-1,1,-14,-13,-14,-13,-21,-14,-21,-14,18.65977931022644
1784751757.4494915,0.0,0.0,0.0,0.0,0.0,0,0.0,0.0,0.0,0.0,1.1100000143051147,-0.3600000143051147,0.6399999856948853,-0.0,-1.1100000143051147,0.3600000143051147,-0.6399999856948853,0.0,-0.3885000050067901,0.1260000050067901,-0.2239999949932098,0.0,0.0,0.0,0.0,0.0,-1,1,-1,1,0,0,0,0,0,0,0,0,18.679754495620728
1784751757.4695606,0.0,0.0,0.0,0.0,0.0,0,0.0,0.0,0.0,0.0,1.2300000190734863,-0.25,0.8999999761581421,-0.0,-1.2300000190734863,0.25,-0.8999999761581421,0.0,-0.4305000066757202,0.0875,-0.3149999916553497,0.0,0.0,0.0,0.0,0.0,-1,1,-1,1,0,0,0,0,0,0,0,0,18.69982361793518
1784751757.4894948,0.0,0.0,0.0,0.0,0.0,0,0.0,0.0,0.0,0.0,1.2300000190734863,-0.25,0.8999999761581421,-0.0,-1.2300000190734863,0.25,-0.8999999761581421,0.0,-0.4305000066757202,0.0875,-0.3149999916553497,0.0,0.0,0.0,0.0,0.0,-1,1,-1,1,0,0,0,0,0,0,0,0,18.719757795333862
1784751757.509517,25.811207247803477,0.0,0.12,25.811207247803477,0.0,0,17.809058289701976,-2.641127628813561,17.809058289701976,-2.641127628813561,1.2300000190734863,-0.25,0.8999999761581421,-0.0,16.57905827062849,-2.391127628813561,16.909058313543834,-2.641127628813561,5.802670394719971,-0.8368946700847464,5.918170409740342,-0.9243946700847464,0.1492115244356564,-0.021520148659322,0.1521815248218945,-0.023770148659322,-1,1,-1,1,-14,-13,-14,-13,-20,-14,-20,-14,18.739779949188232
1784751757.5296202,25.811207247803477,0.0,0.12,25.811207247803477,0.0,0,17.809058289701976,-2.641127628813561,17.809058289701976,-2.641127628813561,0.8600000143051147,-0.1800000071525573,0.6299999952316284,-0.0,16.94905827539686,-2.461127621661004,17.179058294470348,-2.641127628813561,5.932170396388901,-0.8613946675813513,6.012670403064622,-0.9243946700847464,0.3017530489142281,-0.043670297254271,0.3067930494721276,-0.0475402973186441,-1,1,-1,1,-14,-13,-14,-13,-20,-14,-20,-14,18.759883165359497
1784751757.5495243,25.811207247803477,0.0,0.12,25.811207247803477,0.0,0,17.809058289701976,-2.641127628813561,17.809058289701976,-2.641127628813561,0.8600000143051147,-0.1800000071525573,0.6299999952316284,-0.0,16.94905827539686,-2.461127621661004,17.179058294470348,-2.641127628813561,5.932170396388901,-0.8613946675813513,6.012670403064622,-0.9243946700847464,0.4542945733927999,-0.0658204458492201,0.4614045741223608,-0.0713104459779661,-1,1,-1,1,-14,-13,-14,-13,-20,-14,-20,-14,18.779787302017212
1784751757.5696056,25.811207247803477,0.0,0.12,25.811207247803477,0.0,0,17.809058289701976,-2.641127628813561,17.809058289701976,-2.641127628813561,0.8299999833106995,-0.3499999940395355,0.6700000166893005,-0.0,16.979058306391277,-2.2911276347740257,17.139058273012676,-2.641127628813561,5.942670407236947,-0.8018946721709089,5.998670395554436,-0.9243946700847464,0.6071060981503215,-0.0864405945621863,0.6156560985794749,-0.0950805946372882,-1,1,-1,1,-14,-13,-14,-13,-21,-14,-21,-14,18.7998685836792
1784751757.5894775,0.0,0.0,0.0,0.0,0.0,0,0.0,0.0,0.0,0.0,0.8299999833106995,-0.3499999940395355,0.6700000166893005,-0.0,-0.8299999833106995,0.3499999940395355,-0.6700000166893005,0.0,-0.2904999941587448,0.1224999979138374,-0.2345000058412551,0.0,0.0,0.0,0.0,0.0,-1,1,-1,1,0,0,0,0,0,0,0,0,18.819740533828735
1784751757.6095235,0.0,0.0,0.0,0.0,0.0,0,0.0,0.0,0.0,0.0,0.8299999833106995,-0.3499999940395355,0.6700000166893005,-0.0,-0.8299999833106995,0.3499999940395355,-0.6700000166893005,0.0,-0.2904999941587448,0.1224999979138374,-0.2345000058412551,0.0,0.0,0.0,0.0,0.0,-1,1,-1,1,0,0,0,0,0,0,0,0,18.839786529541016
1784751757.629496,0.0,0.0,0.0,0.0,0.0,0,0.0,0.0,0.0,0.0,0.8100000023841858,-0.2399999946355819,0.4699999988079071,-0.0,-0.8100000023841858,0.2399999946355819,-0.4699999988079071,0.0,-0.283500000834465,0.0839999981224536,-0.1644999995827674,0.0,0.0,0.0,0.0,0.0,-1,1,-1,1,0,0,0,0,0,0,0,0,18.859759092330933
1784751757.6496048,25.811207247803477,0.0,0.12,25.811207247803477,0.0,0,17.809058289701976,-2.641127628813561,17.809058289701976,-2.641127628813561,0.8100000023841858,-0.2399999946355819,0.4699999988079071,-0.0,16.99905828731779,-2.4011276341779797,17.33905829089407,-2.641127628813561,5.949670400561226,-0.8403946719622927,6.068670401812924,-0.9243946700847464,0.1529915245858601,-0.0216101487076018,0.1560515246180466,-0.023770148659322,-1,1,-1,1,-14,-13,-14,-13,-20,-14,-20,-14,18.879867792129517
1784751757.6695657,25.811207247803477,0.0,0.12,25.811207247803477,0.0,0,17.809058289701976,-2.641127628813561,17.809058289701976,-2.641127628813561,0.5600000023841858,-0.1700000017881393,0.3300000131130218,-0.0,17.24905828731779,-2.471127627025422,17.479058276588955,-2.641127628813561,6.037170400561227,-0.8648946694588976,6.117670396806134,-0.9243946700847464,0.3082330491717202,-0.0438502973508306,0.3133630491073472,-0.0475402973186441,-1,1,-1,1,-14,-13,-14,-13,-20,-14,-20,-14,18.899828672409058
1784751757.6895108,25.811207247803477,0.0,0.12,25.811207247803477,0.0,0,17.809058289701976,-2.641127628813561,17.809058289701976,-2.641127628813561,0.5600000023841858,-0.1700000017881393,0.3300000131130218,-0.0,17.24905828731779,-2.471127627025422,17.479058276588955,-2.641127628813561,6.037170400561227,-0.8648946694588976,6.117670396806134,-0.9243946700847464,0.4634745737575804,-0.0660904459940594,0.4706745735966479,-0.0713104459779661,-1,1,-1,1,-14,-13,-14,-13,-21,-14,-21,-14,18.919773817062378
1784751757.7096217,25.811207247803477,0.0,0.12,25.811207247803477,0.0,0,17.809058289701976,-2.641127628813561,17.809058289701976,-2.641127628813561,0.5600000023841858,-0.1700000017881393,0.3300000131130218,-0.0,17.24905828731779,-2.471127627025422,17.479058276588955,-2.641127628813561,6.037170400561227,-0.8648946694588976,6.117670396806134,-0.9243946700847464,0.6187160983434405,-0.0883305946372882,0.6279860980859485,-0.0950805946372882,-1,1,-1,1,-14,-13,-14,-13,-21,-14,-21,-14,18.939884662628174
1784751757.7295148,25.811207247803477,0.0,0.12,25.811207247803477,0.0,0,17.809058289701976,-2.641127628813561,17.809058289701976,-2.641127628813561,0.8500000238418579,-0.3499999940395355,0.6800000071525574,-0.2300000041723251,16.95905826586012,-2.2911276347740257,17.12905828254942,-2.411127624641236,5.9356703930510415,-0.8018946721709089,5.995170398892296,-0.8438946686244326,0.7713476227361816,-0.1089507433502544,0.7821476226288933,-0.1167807432590593,-1,1,-1,1,-14,-13,-14,-13,-21,-14,-21,-14,18.95977783203125
1784751757.749577,0.0,0.0,0.0,0.0,0.0,0,0.0,0.0,0.0,0.0,0.8500000238418579,-0.3499999940395355,0.6800000071525574,-0.2300000041723251,-0.8500000238418579,0.3499999940395355,-0.6800000071525574,0.2300000041723251,-0.2975000083446502,0.1224999979138374,-0.238000002503395,0.0805000014603137,0.0,0.0,0.0,0.0,-1,1,-1,1,0,0,0,0,0,0,0,0,18.97984004020691
1784751757.7696767,0.0,0.0,0.0,0.0,0.0,0,0.0,0.0,0.0,0.0,1.5,-0.2399999946355819,1.6100000143051147,-0.1599999964237213,-1.5,0.2399999946355819,-1.6100000143051147,0.1599999964237213,-0.5249999999999999,0.0839999981224536,-0.5635000050067901,0.0559999987483024,0.0,0.0,0.0,0.0,-1,1,-1,1,0,0,0,0,0,0,0,0,18.999939680099487
1784751757.7894988,25.811207247803477,0.0,0.12,25.811207247803477,0.0,0,17.809058289701976,-2.641127628813561,17.809058289701976,-2.641127628813561,1.5,-0.2399999946355819,1.6100000143051147,-0.1599999964237213,16.309058289701976,-2.4011276341779797,16.19905827539686,-2.48112763238984,5.708170401395692,-0.8403946719622927,5.669670396388901,-0.8683946713364439,0.1467815246073178,-0.0216101487076018,0.1457915244785717,-0.0223301486915085,-1,1,-1,1,-14,-13,-14,-13,-20,-14,-20,-14,19.01976180076599
1784751757.8096886,25.811207247803477,0.0,0.12,25.811207247803477,0.0,0,17.809058289701976,-2.641127628813561,17.809058289701976,-2.641127628813561,1.5,-0.2399999946355819,1.6100000143051147,-0.1599999964237213,16.309058289701976,-2.4011276341779797,16.19905827539686,-2.48112763238984,5.708170401395692,-0.8403946719622927,5.669670396388901,-0.8683946713364439,0.2935630492146356,-0.0432202974152036,0.2915830489571435,-0.0446602973830171,-1,1,-1,1,-14,-13,-14,-13,-20,-14,-20,-14,19.03995156288147
1784751757.8295102,25.811207247803477,0.0,0.12,25.811207247803477,0.0,0,17.809058289701976,-2.641127628813561,17.809058289701976,-2.641127628813561,1.2799999713897705,-0.1700000017881393,1.5800000429153442,-0.1099999994039535,16.529058318312206,-2.471127627025422,16.229058246786632,-2.531127629409608,5.785170411409272,-0.8648946694588976,5.680170386375321,-0.8858946702933627,0.4423245740794455,-0.0654604460584324,0.4376445731782232,-0.0674404460477035,-1,1,-1,1,-14,-13,-14,-13,-20,-14,-20,-14,19.059773206710815
1784751757.84958,25.811207247803477,0.0,0.12,25.811207247803477,0.0,0,17.809058289701976,-2.641127628813561,17.809058289701976,-2.641127628813561,1.2799999713897705,-0.1700000017881393,1.5800000429153442,-0.1099999994039535,16.529058318312206,-2.471127627025422,16.229058246786632,-2.531127629409608,5.785170411409272,-0.8648946694588976,5.680170386375321,-0.8858946702933627,0.5910860989442553,-0.0877005947016612,0.5837060973993029,-0.09022059471239,-1,1,-1,1,-14,-13,-14,-13,-20,-14,-20,-14,19.079843044281006
1784751757.8697145,25.811207247803477,0.0,0.12,25.811207247803477,0.0,0,17.809058289701976,-2.641127628813561,17.809058289701976,-2.641127628813561,1.7999999523162842,-0.1199999973177909,2.240000009536743,-0.3000000119209289,16.009058337385692,-2.5211276314957702,15.569058280165232,-2.3411276168926323,5.603170418084992,-0.8823946710235195,5.449170398057832,-0.8193946659124213,0.7351676239807265,-0.1103907433851231,0.72382762192079,-0.1112907432644237,-1,1,-1,1,-14,-13,-14,-13,-20,-14,-20,-14,19.099977493286133
1784751757.8899164,0.0,0.0,0.0,0.0,0.0,0,0.0,0.0,0.0,0.0,1.7999999523162842,-0.1199999973177909,2.240000009536743,-0.3000000119209289,-1.7999999523162842,0.1199999973177909,-2.240000009536743,0.3000000119209289,-0.6299999833106994,0.0419999990612268,-0.78400000333786,0.1050000041723251,0.0,0.0,0.0,0.0,-1,1,-1,1,0,0,0,0,0,0,0,0,19.120179414749146
1784751757.909526,0.0,0.0,0.0,0.0,0.0,0,0.0,0.0,0.0,0.0,1.7999999523162842,-0.1199999973177909,2.240000009536743,-0.3000000119209289,-1.7999999523162842,0.1199999973177909,-2.240000009536743,0.3000000119209289,-0.6299999833106994,0.0419999990612268,-0.78400000333786,0.1050000041723251,0.0,0.0,0.0,0.0,-1,1,-1,1,0,0,0,0,0,0,0,0,19.13978910446167
1784751757.929586,25.811207247803477,0.0,0.12,25.811207247803477,0.0,0,17.809058289701976,-2.641127628813561,17.809058289701976,-2.641127628813561,2.619999885559082,-0.0799999982118606,3.380000114440918,-0.4399999976158142,15.189058404142894,-2.561127630601701,14.429058175261058,-2.201127631197747,5.316170441450013,-0.8963946707105951,5.05017036134137,-0.7703946709192114,0.136701525637286,-0.0230501486754153,0.1298615235773495,-0.0198101486807797,-1,1,-1,1,-14,-13,-14,-13,-19,-14,-19,-14,19.159848928451538
1784751757.9495556,25.811207247803477,0.0,0.12,25.811207247803477,0.0,0,17.809058289701976,-2.641127628813561,17.809058289701976,-2.641127628813561,2.619999885559082,-0.0799999982118606,3.380000114440918,-0.4399999976158142,15.189058404142894,-2.561127630601701,14.429058175261058,-2.201127631197747,5.316170441450013,-0.8963946707105951,5.05017036134137,-0.7703946709192114,0.2734030512745721,-0.0461002973508306,0.259723047154699,-0.0396202973615594,-1,1,-1,1,-14,-13,-14,-13,-20,-14,-19,-14,19.179818630218506
1784751757.9696715,25.811207247803477,0.0,0.12,25.811207247803477,0.0,0,17.809058289701976,-2.641127628813561,17.809058289701976,-2.641127628813561,2.509999990463257,0.1700000017881393,3.039999961853028,-0.0799999982118606,15.29905829923872,-2.811127630601701,14.76905832784895,-2.561127630601701,5.354670404733551,-0.9838946707105952,5.169170414747132,-0.8963946707105951,0.4110945759677206,-0.0714004460262459,0.3926445721053396,-0.0626704460369747,-1,1,-1,1,-14,-13,-14,-13,-20,-14,-20,-14,19.199934482574463
1784751757.989541,25.811207247803477,0.0,0.12,25.811207247803477,0.0,0,17.809058289701976,-2.641127628813561,17.809058289701976,-2.641127628813561,2.509999990463257,0.1700000017881393,3.039999961853028,-0.0799999982118606,15.29905829923872,-2.811127630601701,14.76905832784895,-2.561127630601701,5.354670404733551,-0.9838946707105952,5.169170414747132,-0.8963946707105951,0.5487861006608691,-0.0967005947016612,0.5255660970559802,-0.08572059471239,-1,1,-1,1,-14,-13,-14,-13,-20,-14,-20,-14,19.219804048538208
1784751758.0095086,25.811207247803477,0.0,0.12,25.811207247803477,0.0,0,17.809058289701976,-2.641127628813561,17.809058289701976,-2.641127628813561,2.509999990463257,0.1700000017881393,3.039999961853028,-0.0799999982118606,15.29905829923872,-2.811127630601701,14.76905832784895,-2.561127630601701,5.354670404733551,-0.9838946707105952,5.169170414747132,-0.8963946707105951,0.6864776253540176,-0.1220007433770765,0.6584876220066208,-0.1087707433878053,-1,1,-1,1,-14,-13,-14,-13,-20,-14,-20,-14,19.239771604537964
1784751758.0294952,0.0,0.0,0.0,0.0,0.0,0,0.0,0.0,0.0,0.0,2.890000104904175,-0.3400000035762787,3.039999961853028,-0.5099999904632568,-2.890000104904175,0.3400000035762787,-3.039999961853028,0.5099999904632568,-1.011500036716461,0.1190000012516975,-1.0639999866485594,0.1784999966621399,0.0,0.0,0.0,0.0,-1,1,-1,1,0,0,0,0,0,0,0,0,19.259758234024048
1784751758.0495138,0.0,0.0,0.0,0.0,0.0,0,0.0,0.0,0.0,0.0,2.890000104904175,-0.3400000035762787,3.039999961853028,-0.5099999904632568,-2.890000104904175,0.3400000035762787,-3.039999961853028,0.5099999904632568,-1.011500036716461,0.1190000012516975,-1.0639999866485594,0.1784999966621399,0.0,0.0,0.0,0.0,-1,1,-1,1,0,0,0,0,0,0,0,0,19.27977681159973
1784751758.069733,0.0,0.0,0.0,0.0,0.0,0,0.0,0.0,0.0,0.0,3.1600000858306885,-0.2300000041723251,3.259999990463257,-0.3600000143051147,-3.1600000858306885,0.2300000041723251,-3.259999990463257,0.3600000143051147,-1.1060000300407409,0.0805000014603137,-1.1409999966621398,0.1260000050067901,0.0,0.0,0.0,0.0,-1,1,-1,1,0,0,0,0,0,0,0,0,19.29999589920044
1784751758.0895357,25.811207247803477,0.0,0.12,25.811207247803477,0.0,0,17.809058289701976,-2.641127628813561,17.809058289701976,-2.641127628813561,3.1600000858306885,-0.2300000041723251,3.259999990463257,-0.3600000143051147,14.649058203871288,-2.411127624641236,14.54905829923872,-2.2811276145084465,5.127170371354951,-0.8438946686244326,5.092170404733552,-0.7983946650779562,0.1318415238348416,-0.0217001486217711,0.1309415246931485,-0.020530148530576,-1,1,-1,1,-14,-13,-14,-13,-19,-14,-19,-14,19.319798707962036
1784751758.109533,25.811207247803477,0.0,0.12,25.811207247803477,0.0,0,17.809058289701976,-2.641127628813561,17.809058289701976,-2.641127628813561,3.1600000858306885,-0.2300000041723251,3.259999990463257,-0.3600000143051147,14.649058203871288,-2.411127624641236,14.54905829923872,-2.2811276145084465,5.127170371354951,-0.8438946686244326,5.092170404733552,-0.7983946650779562,0.2636830476696832,-0.0434002972435422,0.261883049386297,-0.041060297061152,-1,1,-1,1,-14,-13,-14,-13,-19,-14,-19,-14,19.33979606628418
1784751758.1295133,25.811207247803477,0.0,0.12,25.811207247803477,0.0,0,17.809058289701976,-2.641127628813561,17.809058289701976,-2.641127628813561,2.440000057220459,-0.1599999964237213,2.2799999713897705,-0.25,15.369058232481516,-2.48112763238984,15.529058318312206,-2.391127628813561,5.379170381368531,-0.8683946713364439,5.435170411409271,-0.8368946700847464,0.4020045717620168,-0.0657304459350508,0.4016445742511068,-0.0625804457204741,-1,1,-1,1,-14,-13,-14,-13,-20,-14,-20,-14,19.359776258468628
1784751758.1495297,25.811207247803477,0.0,0.12,25.811207247803477,0.0,0,17.809058289701976,-2.641127628813561,17.809058289701976,-2.641127628813561,2.440000057220459,-0.1599999964237213,2.2799999713897705,-0.25,15.369058232481516,-2.48112763238984,15.529058318312206,-2.391127628813561,5.379170381368531,-0.8683946713364439,5.435170411409271,-0.8368946700847464,0.5403260958543505,-0.0880605946265593,0.5414060991159166,-0.0841005943797961,-1,1,-1,1,-14,-13,-14,-13,-20,-14,-20,-14,19.3797926902771
1784751758.1697671,25.811207247803477,0.0,0.12,25.811207247803477,0.0,0,17.809058289701976,-2.641127628813561,17.809058289701976,-2.641127628813561,1.9299999475479128,-0.5699999928474426,2.2799999713897705,-0.6299999952316284,15.879058342154064,-2.0711276359661186,15.529058318312206,-2.011127633581933,5.557670419753922,-0.7248946725881414,5.435170411409271,-0.7038946717536765,0.6832376209337372,-0.1067007433502544,0.6811676239807265,-0.1022007430820335,-1,1,-1,1,-14,-13,-14,-13,-20,-14,-20,-14,19.4000301361084
1784751758.1894848,0.0,0.0,0.0,0.0,0.0,0,0.0,0.0,0.0,0.0,1.9299999475479128,-0.5699999928474426,2.2799999713897705,-0.6299999952316284,-1.9299999475479128,0.5699999928474426,-2.2799999713897705,0.6299999952316284,-0.6754999816417694,0.1994999974966049,-0.7979999899864196,0.2204999983310699,0.0,0.0,0.0,0.0,-1,1,-1,1,0,0,0,0,0,0,0,0,19.419747829437256
1784751758.2095077,0.0,0.0,0.0,0.0,0.0,0,0.0,0.0,0.0,0.0,1.9299999475479128,-0.5699999928474426,2.2799999713897705,-0.6299999952316284,-1.9299999475479128,0.5699999928474426,-2.2799999713897705,0.6299999952316284,-0.6754999816417694,0.1994999974966049,-0.7979999899864196,0.2204999983310699,0.0,0.0,0.0,0.0,-1,1,-1,1,0,0,0,0,0,0,0,0,19.439770698547363
1784751758.2294884,0.0,0.0,0.0,0.0,0.0,0,0.0,0.0,0.0,0.0,1.7999999523162842,-0.6200000047683716,2.049999952316284,-0.6700000166893005,-1.7999999523162842,0.6200000047683716,-2.049999952316284,0.6700000166893005,-0.6299999833106994,0.21700000166893,-0.7174999833106994,0.2345000058412551,0.0,0.0,0.0,0.0,-1,1,-1,1,0,0,0,0,0,0,0,0,19.45975136756897
1784751758.2495208,25.811207247803477,0.0,0.12,25.811207247803477,0.0,0,17.809058289701976,-2.641127628813561,17.809058289701976,-2.641127628813561,1.7999999523162842,-0.6200000047683716,2.049999952316284,-0.6700000166893005,16.009058337385692,-2.0211276240451896,15.759058337385692,-1.971127612124261,5.603170418084992,-0.7073946684158163,5.515670418084992,-0.6898946642434912,0.1440815250364712,-0.0181901486164067,0.1418315250364712,-0.0177401485091183,-1,1,-1,1,-14,-13,-14,-13,-20,-14,-20,-14,19.47978377342224
1784751758.2697792,25.811207247803477,0.0,0.12,25.811207247803477,0.0,0,17.809058289701976,-2.641127628813561,17.809058289701976,-2.641127628813561,1.2599999904632568,-0.209999993443489,1.4299999475479126,-0.4699999988079071,16.54905829923872,-2.431127635370072,16.379058342154064,-2.171127630005654,5.792170404733551,-0.8508946723795252,5.732670419753922,-0.7598946705019789,0.2930230497296197,-0.0400702973347373,0.2892430501158578,-0.0372802971791692,-1,1,-1,1,-14,-13,-14,-13,-20,-14,-20,-14,19.5000422000885
1784751758.2895155,25.811207247803477,0.0,0.12,25.811207247803477,0.0,0,17.809058289701976,-2.641127628813561,17.809058289701976,-2.641127628813561,1.2599999904632568,-0.209999993443489,1.4299999475479126,-0.4699999988079071,16.54905829923872,-2.431127635370072,16.379058342154064,-2.171127630005654,5.792170404733551,-0.8508946723795252,5.732670419753922,-0.7598946705019789,0.4419645744227681,-0.061950446053068,0.4366545751952444,-0.0568204458492201,-1,1,-1,1,-14,-13,-14,-13,-20,-14,-20,-14,19.51977849006653
1784751758.3095286,25.811207247803477,0.0,0.12,25.811207247803477,0.0,0,17.809058289701976,-2.641127628813561,17.809058289701976,-2.641127628813561,1.2599999904632568,-0.209999993443489,1.4299999475479126,-0.4699999988079071,16.54905829923872,-2.431127635370072,16.379058342154064,-2.171127630005654,5.792170404733551,-0.8508946723795252,5.732670419753922,-0.7598946705019789,0.5909060991159166,-0.0838305947713986,0.584066100274631,-0.076360594519271,-1,1,-1,1,-14,-13,-14,-13,-20,-14,-20,-14,19.539791584014893
1784751758.329504,25.811207247803477,0.0,0.12,25.811207247803477,0.0,0,17.809058289701976,-2.641127628813561,17.809058289701976,-2.641127628813561,1.1100000143051147,-0.3700000047683716,1.0,-0.3300000131130218,16.69905827539686,-2.2711276240451896,16.809058289701976,-2.31112761570054,5.844670396388901,-0.7948946684158164,5.883170401395692,-0.8088946654951887,0.7411976235944884,-0.1042707433878053,0.7353476248819488,-0.0971607430605758,-1,1,-1,1,-14,-13,-14,-13,-21,-14,-21,-14,19.55976700782776
1784751758.3495016,0.0,0.0,0.0,0.0,0.0,0,0.0,0.0,0.0,0.0,1.1100000143051147,-0.3700000047683716,1.0,-0.3300000131130218,-1.1100000143051147,0.3700000047683716,-1.0,0.3300000131130218,-0.3885000050067901,0.12950000166893,-0.35,0.1155000045895576,0.0,0.0,0.0,0.0,-1,1,-1,1,0,0,0,0,0,0,0,0,19.57976460456848
1784751758.3696158,0.0,0.0,0.0,0.0,0.0,0,0.0,0.0,0.0,0.0,1.2300000190734863,-0.4900000095367431,0.9300000071525574,-0.2300000041723251,-1.2300000190734863,0.4900000095367431,-0.9300000071525574,0.2300000041723251,-0.4305000066757202,0.17150000333786,-0.325500002503395,0.0805000014603137,0.0,0.0,0.0,0.0,-1,1,-1,1,0,0,0,0,0,0,0,0,19.599878787994385
1784751758.3895187,25.811207247803477,0.0,0.12,25.811207247803477,0.0,0,17.809058289701976,-2.641127628813561,17.809058289701976,-2.641127628813561,1.2300000190734863,-0.4900000095367431,0.9300000071525574,-0.2300000041723251,16.57905827062849,-2.151127619276818,16.87905828254942,-2.411127624641236,5.802670394719971,-0.7528946667468863,5.9076703988922965,-0.8438946686244326,0.1492115244356564,-0.0193601485734913,0.1519115245429448,-0.0217001486217711,-1,1,-1,1,-14,-13,-14,-13,-20,-14,-20,-14,19.619781732559204
1784751758.40951,25.811207247803477,0.0,0.12,25.811207247803477,0.0,0,17.809058289701976,-2.641127628813561,17.809058289701976,-2.641127628813561,1.2300000190734863,-0.4900000095367431,0.9300000071525574,-0.2300000041723251,16.57905827062849,-2.151127619276818,16.87905828254942,-2.411127624641236,5.802670394719971,-0.7528946667468863,5.9076703988922965,-0.8438946686244326,0.2984230488713128,-0.0387202971469827,0.3038230490858896,-0.0434002972435422,-1,1,-1,1,-14,-13,-14,-13,-20,-14,-20,-14,19.63977289199829
1784751758.4300275,25.811207247803477,0.0,0.12,25.811207247803477,0.0,0,17.809058289701976,-2.641127628813561,17.809058289701976,-2.641127628813561,0.6299999952316284,-0.1199999973177909,0.6499999761581421,-0.1599999964237213,17.179058294470348,-2.5211276314957702,17.159058313543834,-2.48112763238984,6.012670403064622,-0.8823946710235195,6.0056704097403415,-0.8683946713364439,0.4530345735215459,-0.0614104458304446,0.4582545739077841,-0.0657304459350508,-1,1,-1,1,-14,-13,-14,-13,-20,-14,-20,-14,19.660290479660034
1784751758.4496906,25.811207247803477,0.0,0.12,25.811207247803477,0.0,0,17.809058289701976,-2.641127628813561,17.809058289701976,-2.641127628813561,0.6299999952316284,-0.1199999973177909,0.6499999761581421,-0.1599999964237213,17.179058294470348,-2.5211276314957702,17.159058313543834,-2.48112763238984,6.012670403064622,-0.8823946710235195,6.0056704097403415,-0.8683946713364439,0.6076460981717791,-0.0841005945139066,0.6126860987296786,-0.0880605946265593,-1,1,-1,1,-14,-13,-14,-13,-21,-14,-21,-14,19.679953575134277
1784751758.470087,25.811207247803477,0.0,0.12,25.811207247803477,0.0,0,17.809058289701976,-2.641127628813561,17.809058289701976,-2.641127628813561,0.6700000166893005,-0.7599999904632568,0.6800000071525574,-0.3400000035762787,17.139058273012676,-1.8811276383503044,17.12905828254942,-2.3011276252372825,5.998670395554436,-0.6583946734226065,5.995170398892296,-0.8053946688330489,0.7618976226288932,-0.1010307432590593,0.7668476232726233,-0.1087707432536949,-1,1,-1,1,-14,-13,-14,-13,-21,-14,-21,-14,19.700350046157837
1784751758.489508,0.0,0.0,0.0,0.0,0.0,0,0.0,0.0,0.0,0.0,0.6700000166893005,-0.7599999904632568,0.6800000071525574,-0.3400000035762787,-0.6700000166893005,0.7599999904632568,-0.6800000071525574,0.3400000035762787,-0.2345000058412551,0.2659999966621398,-0.238000002503395,0.1190000012516975,0.0,0.0,0.0,0.0,-1,1,-1,1,0,0,0,0,0,0,0,0,19.719770908355713
1784751758.5094938,0.0,0.0,0.0,0.0,0.0,0,0.0,0.0,0.0,0.0,0.6700000166893005,-0.7599999904632568,0.6800000071525574,-0.3400000035762787,-0.6700000166893005,0.7599999904632568,-0.6800000071525574,0.3400000035762787,-0.2345000058412551,0.2659999966621398,-0.238000002503395,0.1190000012516975,0.0,0.0,0.0,0.0,-1,1,-1,1,0,0,0,0,0,0,0,0,19.73975682258606
1784751758.529518,25.811207247803477,0.0,0.12,25.811207247803477,0.0,0,17.809058289701976,-2.641127628813561,17.809058289701976,-2.641127628813561,1.3799999952316284,-0.7599999904632568,0.4799999892711639,-0.2399999946355819,16.429058294470348,-1.8811276383503044,17.329058300430813,-2.4011276341779797,5.7501704030646215,-0.6583946734226065,6.065170405150784,-0.8403946719622927,0.1478615246502331,-0.0169301487451527,0.1559615247038773,-0.0216101487076018,-1,1,-1,1,-14,-13,-14,-13,-20,-14,-20,-14,19.759780883789062
1784751758.549524,25.811207247803477,0.0,0.12,25.811207247803477,0.0,0,17.809058289701976,-2.641127628813561,17.809058289701976,-2.641127628813561,1.3799999952316284,-0.7599999904632568,0.4799999892711639,-0.2399999946355819,16.429058294470348,-1.8811276383503044,17.329058300430813,-2.4011276341779797,5.7501704030646215,-0.6583946734226065,6.065170405150784,-0.8403946719622927,0.2957230493004663,-0.0338602974903054,0.3119230494077546,-0.0432202974152036,-1,1,-1,1,-14,-13,-14,-13,-20,-14,-20,-14,19.779787063598633
1784751758.5696027,25.811207247803477,0.0,0.12,25.811207247803477,0.0,0,17.809058289701976,-2.641127628813561,17.809058289701976,-2.641127628813561,0.959999978542328,-0.5299999713897705,0.3300000131130218,-0.1700000017881393,16.84905831115965,-2.1111276574237907,17.479058276588955,-2.471127627025422,5.897170408905876,-0.7388946800983267,6.117670396806134,-0.8648946694588976,0.4473645741009031,-0.0528604464071195,0.4692345738970552,-0.0654604460584324,-1,1,-1,1,-14,-13,-14,-13,-20,-14,-21,-14,19.79986572265625
1784751758.5895348,25.811207247803477,0.0,0.12,25.811207247803477,0.0,0,17.809058289701976,-2.641127628813561,17.809058289701976,-2.641127628813561,0.959999978542328,-0.5299999713897705,0.3300000131130218,-0.1700000017881393,16.84905831115965,-2.1111276574237907,17.479058276588955,-2.471127627025422,5.897170408905876,-0.7388946800983267,6.117670396806134,-0.8648946694588976,0.5990060989013399,-0.0718605953239337,0.6265460983863559,-0.0877005947016612,-1,1,-1,1,-14,-13,-14,-13,-20,-14,-21,-14,19.81979775428772
1784751758.6095097,25.811207247803477,0.0,0.12,25.811207247803477,0.0,0,17.809058289701976,-2.641127628813561,17.809058289701976,-2.641127628813561,0.959999978542328,-0.5299999713897705,0.3300000131130218,-0.1700000017881393,16.84905831115965,-2.1111276574237907,17.479058276588955,-2.471127627025422,5.897170408905876,-0.7388946800983267,6.117670396806134,-0.8648946694588976,0.7506476237017767,-0.0908607442407478,0.7838576228756565,-0.10994074334489,-1,1,-1,1,-14,-13,-14,-13,-21,-14,-21,-14,19.839772701263428
1784751758.6295068,0.0,0.0,0.0,0.0,0.0,0,0.0,0.0,0.0,0.0,1.1299999952316284,-1.0499999523162842,0.4600000083446502,-0.3400000035762787,-1.1299999952316284,1.0499999523162842,-0.4600000083446502,0.3400000035762787,-0.3954999983310699,0.3674999833106994,-0.1610000029206275,0.1190000012516975,0.0,0.0,0.0,0.0,-1,1,-1,1,0,0,0,0,0,0,0,0,19.859769821166992
1784751758.6494894,0.0,0.0,0.0,0.0,0.0,0,0.0,0.0,0.0,0.0,1.1299999952316284,-1.0499999523162842,0.4600000083446502,-0.3400000035762787,-1.1299999952316284,1.0499999523162842,-0.4600000083446502,0.3400000035762787,-0.3954999983310699,0.3674999833106994,-0.1610000029206275,0.1190000012516975,0.0,0.0,0.0,0.0,-1,1,-1,1,0,0,0,0,0,0,0,0,19.87975239753723
1784751758.6695716,0.0,0.0,0.0,0.0,0.0,0,0.0,0.0,0.0,0.0,1.2400000095367432,-0.959999978542328,0.550000011920929,-0.2399999946355819,-1.2400000095367432,0.959999978542328,-0.550000011920929,0.2399999946355819,-0.4340000033378601,0.3359999924898147,-0.1925000041723251,0.0839999981224536,0.0,0.0,0.0,0.0,-1,1,-1,1,0,0,0,0,0,0,0,0,19.899834632873535
1784751758.6895115,25.811207247803477,0.0,0.12,25.811207247803477,0.0,0,17.809058289701976,-2.641127628813561,17.809058289701976,-2.641127628813561,1.2400000095367432,-0.959999978542328,0.550000011920929,-0.2399999946355819,16.569058280165233,-1.6811276502712331,17.259058277781048,-2.4011276341779797,5.799170398057831,-0.5883946775949316,6.040670397223367,-0.8403946719622927,0.1491215245214871,-0.0151301488524411,0.1553315245000294,-0.0216101487076018,-1,1,-1,1,-14,-13,-14,-13,-20,-14,-20,-14,19.919774532318115
1784751758.709501,25.811207247803477,0.0,0.12,25.811207247803477,0.0,0,17.809058289701976,-2.641127628813561,17.809058289701976,-2.641127628813561,1.2400000095367432,-0.959999978542328,0.550000011920929,-0.2399999946355819,16.569058280165233,-1.6811276502712331,17.259058277781048,-2.4011276341779797,5.799170398057831,-0.5883946775949316,6.040670397223367,-0.8403946719622927,0.2982430490429742,-0.0302602977048822,0.3106630490000588,-0.0432202974152036,-1,1,-1,1,-14,-13,-14,-13,-20,-14,-20,-14,19.93976402282715
1784751758.729648,25.811207247803477,0.0,0.12,25.811207247803477,0.0,0,17.809058289701976,-2.641127628813561,17.809058289701976,-2.641127628813561,0.8700000047683716,-0.6700000166893005,0.3799999952316284,-0.1700000017881393,16.939058284933605,-1.971127612124261,17.429058294470348,-2.471127627025422,5.928670399726761,-0.6898946642434912,6.100170403064621,-0.8648946694588976,0.4506945736073766,-0.0480004462140005,0.467524573650292,-0.0654604460584324,-1,1,-1,1,-14,-13,-14,-13,-20,-14,-21,-14,19.959911108016968
1784751758.7495182,25.811207247803477,0.0,0.12,25.811207247803477,0.0,0,17.809058289701976,-2.641127628813561,17.809058289701976,-2.641127628813561,0.8700000047683716,-0.6700000166893005,0.3799999952316284,-0.1700000017881393,16.939058284933605,-1.971127612124261,17.429058294470348,-2.471127627025422,5.928670399726761,-0.6898946642434912,6.100170403064621,-0.8648946694588976,0.6031460981717791,-0.0657405947231189,0.6243860983005252,-0.0877005947016612,-1,1,-1,1,-14,-13,-14,-13,-21,-14,-21,-14,19.97978115081787
1784751758.7695596,0.0,0.0,0.0,0.0,0.0,0,0.0,0.0,0.0,0.0,1.059999942779541,-0.699999988079071,0.7200000286102295,-0.3400000035762787,-1.059999942779541,0.699999988079071,-0.7200000286102295,0.3400000035762787,-0.3709999799728393,0.2449999958276748,-0.2520000100135803,0.1190000012516975,0.0,0.0,0.0,0.0,-1,1,-1,1,0,0,0,0,0,0,0,0,19.99982261657715
1784751758.789499,0.0,0.0,0.0,0.0,0.0,0,0.0,0.0,0.0,0.0,1.059999942779541,-0.699999988079071,0.7200000286102295,-0.3400000035762787,-1.059999942779541,0.699999988079071,-0.7200000286102295,0.3400000035762787,-0.3709999799728393,0.2449999958276748,-0.2520000100135803,0.1190000012516975,0.0,0.0,0.0,0.0,-1,1,-1,1,0,0,0,0,0,0,0,0,20.01976203918457
1784751758.8096142,0.0,0.0,0.0,0.0,0.0,0,0.0,0.0,0.0,0.0,1.059999942779541,-0.699999988079071,0.7200000286102295,-0.3400000035762787,-1.059999942779541,0.699999988079071,-0.7200000286102295,0.3400000035762787,-0.3709999799728393,0.2449999958276748,-0.2520000100135803,0.1190000012516975,0.0,0.0,0.0,0.0,-1,1,-1,1,0,0,0,0,0,0,0,0,20.03987717628479
1784751758.829484,0.0,0.0,0.0,0.0,0.0,0,0.0,0.0,0.0,0.0,1.2000000476837158,-0.7099999785423279,0.7300000190734863,-0.2399999946355819,-1.2000000476837158,0.7099999785423279,-0.7300000190734863,0.2399999946355819,-0.4200000166893005,0.2484999924898147,-0.2555000066757202,0.0839999981224536,0.0,0.0,0.0,0.0,-1,1,-1,1,0,0,0,0,0,0,0,0,20.059746980667114
1784751758.849519,25.811207247803477,0.0,0.12,25.811207247803477,0.0,0,17.809058289701976,-2.641127628813561,17.809058289701976,-2.641127628813561,1.2000000476837158,-0.7099999785423279,0.7300000190734863,-0.2399999946355819,16.60905824201826,-1.9311276502712331,17.07905827062849,-2.4011276341779797,5.813170384706391,-0.6758946775949316,5.977670394719971,-0.8403946719622927,0.1494815241781643,-0.0173801488524411,0.1537115244356564,-0.0216101487076018,-1,1,-1,1,-14,-13,-14,-13,-20,-14,-20,-14,20.079782009124756
1784751758.86968,25.811207247803477,0.0,0.12,25.811207247803477,0.0,0,17.809058289701976,-2.641127628813561,17.809058289701976,-2.641127628813561,0.8399999737739563,-0.5,0.5099999904632568,-0.1700000017881393,16.96905831592802,-2.141127628813561,17.29905829923872,-2.471127627025422,5.939170410574807,-0.7493946700847464,6.054670404733551,-0.8648946694588976,0.3022030490215165,-0.0366502975117631,0.3094030491288049,-0.0438502973508306,-1,1,-1,1,-14,-13,-14,-13,-20,-14,-20,-14,20.099942922592163
1784751758.8895302,25.811207247803477,0.0,0.12,25.811207247803477,0.0,0,17.809058289701976,-2.641127628813561,17.809058289701976,-2.641127628813561,0.8399999737739563,-0.5,0.5099999904632568,-0.1700000017881393,16.96905831592802,-2.141127628813561,17.29905829923872,-2.471127627025422,5.939170410574807,-0.7493946700847464,6.054670404733551,-0.8648946694588976,0.4549245738648687,-0.0559204461710852,0.4650945738219534,-0.0660904459940594,-1,1,-1,1,-14,-13,-14,-13,-20,-14,-21,-14,20.119793176651
1784751758.9096994,25.811207247803477,0.0,0.12,25.811207247803477,0.0,0,17.809058289701976,-2.641127628813561,17.809058289701976,-2.641127628813561,0.8399999737739563,-0.5,0.5099999904632568,-0.1700000017881393,16.96905831592802,-2.141127628813561,17.29905829923872,-2.471127627025422,5.939170410574807,-0.7493946700847464,6.054670404733551,-0.8648946694588976,0.607646098708221,-0.0751905948304072,0.6207860985151019,-0.0883305946372882,-1,1,-1,1,-14,-13,-14,-13,-21,-14,-21,-14,20.139962434768677
1784751758.9295352,25.811207247803477,0.0,0.12,25.811207247803477,0.0,0,17.809058289701976,-2.641127628813561,17.809058289701976,-2.641127628813561,1.2699999809265137,-0.5799999833106995,0.8100000023841858,-0.1199999973177909,16.539058308775463,-2.0611276455028618,16.99905828731779,-2.5211276314957702,5.788670408071412,-0.7213946759260016,5.949670400561226,-0.8823946710235195,0.7564976234872001,-0.093740743639933,0.7737776231009621,-0.1110207433207501,-1,1,-1,1,-14,-13,-14,-13,-21,-14,-21,-14,20.15979814529419
1784751758.949499,0.0,0.0,0.0,0.0,0.0,0,0.0,0.0,0.0,0.0,1.2699999809265137,-0.5799999833106995,0.8100000023841858,-0.1199999973177909,-1.2699999809265137,0.5799999833106995,-0.8100000023841858,0.1199999973177909,-0.4444999933242797,0.2029999941587448,-0.283500000834465,0.0419999990612268,0.0,0.0,0.0,0.0,-1,1,-1,1,0,0,0,0,0,0,0,0,20.17976188659668
1784751758.969617,0.0,0.0,0.0,0.0,0.0,0,0.0,0.0,0.0,0.0,2.9200000762939453,-1.309999942779541,1.7000000476837158,-0.0799999982118606,-2.9200000762939453,1.309999942779541,-1.7000000476837158,0.0799999982118606,-1.0220000267028808,0.4584999799728393,-0.5950000166893005,0.0279999993741512,0.0,0.0,0.0,0.0,-1,1,-1,1,0,0,0,0,0,0,0,0,20.19987988471985
1784751758.989513,0.0,0.0,0.0,0.0,0.0,0,0.0,0.0,0.0,0.0,2.9200000762939453,-1.309999942779541,1.7000000476837158,-0.0799999982118606,-2.9200000762939453,1.309999942779541,-1.7000000476837158,0.0799999982118606,-1.0220000267028808,0.4584999799728393,-0.5950000166893005,0.0279999993741512,0.0,0.0,0.0,0.0,-1,1,-1,1,0,0,0,0,0,0,0,0,20.219775915145874
1784751759.0095105,25.811207247803477,0.0,0.12,25.811207247803477,0.0,0,17.809058289701976,-2.641127628813561,17.809058289701976,-2.641127628813561,2.9200000762939453,-1.309999942779541,1.7000000476837158,-0.0799999982118606,14.889058213408031,-1.3311276860340202,16.10905824201826,-2.561127630601701,5.21117037469281,-0.465894690111907,5.638170384706391,-0.8963946707105951,0.1340015239206723,-0.0119801491743061,0.1449815241781643,-0.0230501486754153,-1,1,-1,1,-14,-13,-14,-13,-19,-13,-20,-14,20.239773511886597
1784751759.0296736,25.811207247803477,0.0,0.12,25.811207247803477,0.0,0,17.809058289701976,-2.641127628813561,17.809058289701976,-2.641127628813561,3.180000066757202,-1.3700000047683716,1.6399999856948853,-0.0599999986588954,14.629058222944774,-1.2711276240451896,16.16905830400709,-2.5811276301546657,5.120170378030671,-0.4448946684158163,5.659170406402482,-0.9033946705541328,0.2656630479271752,-0.0234202977907128,0.2905030489142282,-0.0462802973468073,-1,1,-1,1,-14,-13,-14,-13,-19,-13,-20,-14,20.259936571121216
1784751759.049681,25.811207247803477,0.0,0.12,25.811207247803477,0.0,0,17.809058289701976,-2.641127628813561,17.809058289701976,-2.641127628813561,3.180000066757202,-1.3700000047683716,1.6399999856948853,-0.0599999986588954,14.629058222944774,-1.2711276240451896,16.16905830400709,-2.5811276301546657,5.120170378030671,-0.4448946684158163,5.659170406402482,-0.9033946705541328,0.3973245719336782,-0.0348604464071196,0.436024573650292,-0.0695104460181992,-1,1,-1,1,-14,-13,-14,-13,-20,-13,-20,-14,20.27994394302368
1784751759.07,25.811207247803477,0.0,0.12,25.811207247803477,0.0,0,17.809058289701976,-2.641127628813561,17.809058289701976,-2.641127628813561,3.180000066757202,-1.3700000047683716,1.6399999856948853,-0.0599999986588954,14.629058222944774,-1.2711276240451896,16.16905830400709,-2.5811276301546657,5.120170378030671,-0.4448946684158163,5.659170406402482,-0.9033946705541328,0.5289860959401812,-0.0463005950235263,0.5815460983863558,-0.0927405946895912,-1,1,-1,1,-14,-13,-14,-13,-20,-13,-20,-14,20.300262928009033
1784751759.0895386,0.0,0.0,0.0,0.0,0.0,0,0.0,0.0,0.0,0.0,2.220000028610229,-1.1799999475479126,1.830000042915344,-0.0399999991059303,-2.220000028610229,1.1799999475479126,-1.830000042915344,0.0399999991059303,-0.7770000100135803,0.4129999816417694,-0.6405000150203705,0.0139999996870756,0.0,0.0,0.0,0.0,-1,1,-1,1,0,0,0,0,0,0,0,0,20.319801568984985
1784751759.1095145,0.0,0.0,0.0,0.0,0.0,0,0.0,0.0,0.0,0.0,2.220000028610229,-1.1799999475479126,1.830000042915344,-0.0399999991059303,-2.220000028610229,1.1799999475479126,-1.830000042915344,0.0399999991059303,-0.7770000100135803,0.4129999816417694,-0.6405000150203705,0.0139999996870756,0.0,0.0,0.0,0.0,-1,1,-1,1,0,0,0,0,0,0,0,0,20.33977746963501
1784751759.1294897,0.0,0.0,0.0,0.0,0.0,0,0.0,0.0,0.0,0.0,2.690000057220459,-1.059999942779541,1.9600000381469729,-0.4799999892711639,-2.690000057220459,1.059999942779541,-1.9600000381469729,0.4799999892711639,-0.9415000200271606,0.3709999799728393,-0.6860000133514403,0.1679999962449073,0.0,0.0,0.0,0.0,-1,1,-1,1,0,0,0,0,0,0,0,0,20.359752655029297
1784751759.149549,0.0,0.0,0.0,0.0,0.0,0,0.0,0.0,0.0,0.0,2.690000057220459,-1.059999942779541,1.9600000381469729,-0.4799999892711639,-2.690000057220459,1.059999942779541,-1.9600000381469729,0.4799999892711639,-0.9415000200271606,0.3709999799728393,-0.6860000133514403,0.1679999962449073,0.0,0.0,0.0,0.0,-1,1,-1,1,0,0,0,0,0,0,0,0,20.379812002182007
1784751759.1696768,25.811207247803477,0.0,0.12,25.811207247803477,0.0,0,17.809058289701976,-2.641127628813561,17.809058289701976,-2.641127628813561,2.109999895095825,-0.7400000095367432,1.600000023841858,-0.3400000035762787,15.699058394606151,-1.901127619276818,16.20905826586012,-2.3011276252372825,5.494670438112153,-0.6653946667468863,5.673170393051041,-0.8053946688330489,0.1412915255514553,-0.0171101485734913,0.145881524392741,-0.0207101486271355,-1,1,-1,1,-14,-13,-14,-13,-20,-14,-20,-14,20.39993977546692
1784751759.189531,25.811207247803477,0.0,0.12,25.811207247803477,0.0,0,17.809058289701976,-2.641127628813561,17.809058289701976,-2.641127628813561,2.109999895095825,-0.7400000095367432,1.600000023841858,-0.3400000035762787,15.699058394606151,-1.901127619276818,16.20905826586012,-2.3011276252372825,5.494670438112153,-0.6653946667468863,5.673170393051041,-0.8053946688330489,0.2825830511029107,-0.0342202971469827,0.2917630487854821,-0.041420297254271,-1,1,-1,1,-14,-13,-14,-13,-20,-14,-20,-14,20.4197940826416
1784751759.2095516,25.811207247803477,0.0,0.12,25.811207247803477,0.0,0,17.809058289701976,-2.641127628813561,17.809058289701976,-2.641127628813561,2.109999895095825,-0.7400000095367432,1.600000023841858,-0.3400000035762787,15.699058394606151,-1.901127619276818,16.20905826586012,-2.3011276252372825,5.494670438112153,-0.6653946667468863,5.673170393051041,-0.8053946688330489,0.423874576654366,-0.051330445720474,0.4376445731782232,-0.0621304458814066,-1,1,-1,1,-14,-13,-14,-13,-20,-14,-20,-14,20.439814567565918
1784751759.229516,25.811207247803477,0.0,0.12,25.811207247803477,0.0,0,17.809058289701976,-2.641127628813561,17.809058289701976,-2.641127628813561,1.9299999475479128,-0.5199999809265137,1.350000023841858,-0.2399999946355819,15.879058342154064,-2.121127647887048,16.45905826586012,-2.4011276341779797,5.557670419753922,-0.7423946767604666,5.760670393051041,-0.8403946719622927,0.5667861017337527,-0.0704205945514575,0.5857760975709643,-0.0837405945890084,-1,1,-1,1,-14,-13,-14,-13,-20,-14,-20,-14,20.459779024124146
1784751759.2495637,25.811207247803477,0.0,0.12,25.811207247803477,0.0,0,17.809058289701976,-2.641127628813561,17.809058289701976,-2.641127628813561,1.9299999475479128,-0.5199999809265137,1.350000023841858,-0.2399999946355819,15.879058342154064,-2.121127647887048,16.45905826586012,-2.4011276341779797,5.557670419753922,-0.7423946767604666,5.760670393051041,-0.8403946719622927,0.7096976268131392,-0.0895107433824409,0.7339076219637053,-0.1053507432966102,-1,1,-1,1,-14,-13,-14,-13,-20,-14,-20,-14,20.47982668876648
1784751759.2696865,0.0,0.0,0.0,0.0,0.0,0,0.0,0.0,0.0,0.0,2.7100000381469727,-1.0399999618530271,2.069999933242798,-0.1700000017881393,-2.7100000381469727,1.0399999618530271,-2.069999933242798,0.1700000017881393,-0.9485000133514404,0.3639999866485595,-0.7244999766349792,0.0595000006258487,0.0,0.0,0.0,0.0,-1,1,-1,1,0,0,0,0,0,0,0,0,20.49994945526123
1784751759.289498,0.0,0.0,0.0,0.0,0.0,0,0.0,0.0,0.0,0.0,2.7100000381469727,-1.0399999618530271,2.069999933242798,-0.1700000017881393,-2.7100000381469727,1.0399999618530271,-2.069999933242798,0.1700000017881393,-0.9485000133514404,0.3639999866485595,-0.7244999766349792,0.0595000006258487,0.0,0.0,0.0,0.0,-1,1,-1,1,0,0,0,0,0,0,0,0,20.519761085510254
1784751759.3095794,25.811207247803477,0.0,0.12,25.811207247803477,0.0,0,17.809058289701976,-2.641127628813561,17.809058289701976,-2.641127628813561,2.7100000381469727,-1.0399999618530271,2.069999933242798,-0.1700000017881393,15.099058251555004,-1.601127666960534,15.73905835645918,-2.471127627025422,5.284670388044251,-0.5603946834361868,5.508670424760712,-0.8648946694588976,0.135891524263995,-0.0144101490026448,0.1416515252081326,-0.0222401486432287,-1,1,-1,1,-14,-13,-14,-13,-19,-14,-20,-14,20.53984236717224
1784751759.329502,25.811207247803477,0.0,0.12,25.811207247803477,0.0,0,17.809058289701976,-2.641127628813561,17.809058289701976,-2.641127628813561,3.25,-0.7300000190734863,2.359999895095825,-0.1199999973177909,14.559058289701976,-1.911127609740075,15.449058394606151,-2.5211276314957702,5.095670401395691,-0.6688946634090261,5.407170438112153,-0.8823946710235195,0.2669230488713128,-0.0316102974903054,0.280693050759588,-0.0449302973266907,-1,1,-1,1,-14,-13,-14,-13,-19,-14,-20,-14,20.559765100479126
1784751759.3495204,25.811207247803477,0.0,0.12,25.811207247803477,0.0,0,17.809058289701976,-2.641127628813561,17.809058289701976,-2.641127628813561,3.25,-0.7300000190734863,2.359999895095825,-0.1199999973177909,14.559058289701976,-1.911127609740075,15.449058394606151,-2.5211276314957702,5.095670401395691,-0.6688946634090261,5.407170438112153,-0.8823946710235195,0.3979545734786306,-0.0488104459779661,0.4197345763110434,-0.0676204460101526,-1,1,-1,1,-14,-13,-14,-13,-19,-14,-20,-14,20.57978343963623
1784751759.3695743,25.811207247803477,0.0,0.12,25.811207247803477,0.0,0,17.809058289701976,-2.641127628813561,17.809058289701976,-2.641127628813561,2.5,-0.7400000095367432,2.3299999237060547,-0.3100000023841858,15.309058289701976,-1.901127619276818,15.479058365995922,-2.3311276264293754,5.358170401395691,-0.6653946667468863,5.417670428098572,-0.8158946692502813,0.5357360980859485,-0.0659205945514575,0.5590461016050067,-0.088600594648017,-1,1,-1,1,-14,-13,-14,-13,-20,-14,-20,-14,20.59983730316162
1784751759.3895235,25.811207247803477,0.0,0.12,25.811207247803477,0.0,0,17.809058289701976,-2.641127628813561,17.809058289701976,-2.641127628813561,2.5,-0.7400000095367432,2.3299999237060547,-0.3100000023841858,15.309058289701976,-1.901127619276818,15.479058365995922,-2.3311276264293754,5.358170401395691,-0.6653946667468863,5.417670428098572,-0.8158946692502813,0.6735176226932662,-0.0830307431249488,0.69835762689897,-0.1095807432858814,-1,1,-1,1,-14,-13,-14,-13,-20,-14,-20,-14,20.619786500930786
1784751759.4094992,0.0,0.0,0.0,0.0,0.0,0,0.0,0.0,0.0,0.0,2.5,-0.7400000095367432,2.3299999237060547,-0.3100000023841858,-2.5,0.7400000095367432,-2.3299999237060547,0.3100000023841858,-0.875,0.2590000033378601,-0.8154999732971191,0.108500000834465,0.0,0.0,0.0,0.0,-1,1,-1,1,0,0,0,0,0,0,0,0,20.63976216316223
1784751759.4294946,0.0,0.0,0.0,0.0,0.0,0,0.0,0.0,0.0,0.0,2.6600000858306885,-0.9700000286102296,2.0799999237060547,-0.2199999988079071,-2.6600000858306885,0.9700000286102296,-2.0799999237060547,0.2199999988079071,-0.931000030040741,0.3395000100135803,-0.7279999732971191,0.0769999995827674,0.0,0.0,0.0,0.0,-1,1,-1,1,0,0,0,0,0,0,0,0,20.659757614135742
1784751759.4494789,0.0,0.0,0.0,0.0,0.0,0,0.0,0.0,0.0,0.0,2.6600000858306885,-0.9700000286102296,2.0799999237060547,-0.2199999988079071,-2.6600000858306885,0.9700000286102296,-2.0799999237060547,0.2199999988079071,-0.931000030040741,0.3395000100135803,-0.7279999732971191,0.0769999995827674,0.0,0.0,0.0,0.0,-1,1,-1,1,0,0,0,0,0,0,0,0,20.679741859436035
1784751759.4700236,25.811207247803477,0.0,0.12,25.811207247803477,0.0,0,17.809058289701976,-2.641127628813561,17.809058289701976,-2.641127628813561,2.6600000858306885,-0.9700000286102296,2.0799999237060547,-0.2199999988079071,15.149058203871288,-1.6711276002033315,15.729058365995922,-2.421127630005654,5.302170371354951,-0.5848946600711661,5.505170428098572,-0.8473946705019789,0.1363415238348416,-0.0150401484018299,0.1415615252939633,-0.0217901486700508,-1,1,-1,1,-14,-13,-14,-13,-19,-14,-20,-14,20.700286626815796
1784751759.4895442,25.811207247803477,0.0,0.12,25.811207247803477,0.0,0,17.809058289701976,-2.641127628813561,17.809058289701976,-2.641127628813561,2.0899999141693115,-0.6800000071525574,1.6799999475479126,-0.1500000059604644,15.719058375532663,-1.961127621661004,16.129058342154064,-2.4911276228530967,5.501670431436432,-0.6863946675813513,5.645170419753922,-0.8718946679985838,0.2778130492146355,-0.032690296996779,0.2867230503733499,-0.0442102972757287,-1,1,-1,1,-14,-13,-14,-13,-20,-14,-20,-14,20.719807147979736
1784751759.509534,25.811207247803477,0.0,0.12,25.811207247803477,0.0,0,17.809058289701976,-2.641127628813561,17.809058289701976,-2.641127628813561,2.0899999141693115,-0.6800000071525574,1.6799999475479126,-0.1500000059604644,15.719058375532663,-1.961127621661004,16.129058342154064,-2.4911276228530967,5.501670431436432,-0.6863946675813513,5.645170419753922,-0.8718946679985838,0.4192845745944296,-0.050340445591728,0.4318845754527365,-0.0666304458814066,-1,1,-1,1,-14,-13,-14,-13,-20,-14,-20,-14,20.73979687690735
1784751759.5295117,25.811207247803477,0.0,0.12,25.811207247803477,0.0,0,17.809058289701976,-2.641127628813561,17.809058289701976,-2.641127628813561,1.690000057220459,-0.4699999988079071,1.409999966621399,-0.3300000131130218,16.119058232481517,-2.171127630005654,16.399058323080578,-2.31112761570054,5.641670381368531,-0.7598946705019789,5.739670413078202,-0.8088946654951887,0.5643560986867633,-0.0698805942617789,0.5794761003604617,-0.0874305944227114,-1,1,-1,1,-14,-13,-14,-13,-20,-14,-20,-14,20.759774684906006
1784751759.5495093,25.811207247803477,0.0,0.12,25.811207247803477,0.0,0,17.809058289701976,-2.641127628813561,17.809058289701976,-2.641127628813561,1.690000057220459,-0.4699999988079071,1.409999966621399,-0.3300000131130218,16.119058232481517,-2.171127630005654,16.399058323080578,-2.31112761570054,5.641670381368531,-0.7598946705019789,5.739670413078202,-0.8088946654951887,0.709427622779097,-0.0894207429318298,0.7270676252681869,-0.1082307429640163,-1,1,-1,1,-14,-13,-14,-13,-20,-14,-20,-14,20.77977228164673
1784751759.5695395,0.0,0.0,0.0,0.0,0.0,0,0.0,0.0,0.0,0.0,2.0899999141693115,-0.5600000023841858,1.8899999856948853,-0.2300000041723251,-2.0899999141693115,0.5600000023841858,-1.8899999856948853,0.2300000041723251,-0.731499969959259,0.196000000834465,-0.6614999949932098,0.0805000014603137,0.0,0.0,0.0,0.0,-1,1,-1,1,0,0,0,0,0,0,0,0,20.799802541732788
1784751759.589475,0.0,0.0,0.0,0.0,0.0,0,0.0,0.0,0.0,0.0,2.0899999141693115,-0.5600000023841858,1.8899999856948853,-0.2300000041723251,-2.0899999141693115,0.5600000023841858,-1.8899999856948853,0.2300000041723251,-0.731499969959259,0.196000000834465,-0.6614999949932098,0.0805000014603137,0.0,0.0,0.0,0.0,-1,1,-1,1,0,0,0,0,0,0,0,0,20.819737911224365
1784751759.6094763,0.0,0.0,0.0,0.0,0.0,0,0.0,0.0,0.0,0.0,2.0899999141693115,-0.5600000023841858,1.8899999856948853,-0.2300000041723251,-2.0899999141693115,0.5600000023841858,-1.8899999856948853,0.2300000041723251,-0.731499969959259,0.196000000834465,-0.6614999949932098,0.0805000014603137,0.0,0.0,0.0,0.0,-1,1,-1,1,0,0,0,0,0,0,0,0,20.839739322662354
1784751759.6295123,25.811207247803477,0.0,0.12,25.811207247803477,0.0,0,17.809058289701976,-2.641127628813561,17.809058289701976,-2.641127628813561,1.909999966621399,-0.1599999964237213,1.7799999713897705,0.0599999986588954,15.899058323080578,-2.48112763238984,16.029058318312206,-2.7011276274724567,5.564670413078201,-0.8683946713364439,5.610170411409272,-0.9453946696153598,0.1430915249077252,-0.0223301486915085,0.1442615248648098,-0.0243101486472521,-1,1,-1,1,-14,-13,-14,-13,-20,-14,-20,-14,20.85977530479431
1784751759.6494944,25.811207247803477,0.0,0.12,25.811207247803477,0.0,0,17.809058289701976,-2.641127628813561,17.809058289701976,-2.641127628813561,1.909999966621399,-0.1599999964237213,1.7799999713897705,0.0599999986588954,15.899058323080578,-2.48112763238984,16.029058318312206,-2.7011276274724567,5.564670413078201,-0.8683946713364439,5.610170411409272,-0.9453946696153598,0.2861830498154504,-0.0446602973830171,0.2885230497296197,-0.0486202972945042,-1,1,-1,1,-14,-13,-14,-13,-20,-14,-20,-14,20.879757404327393
1784751759.6720233,25.811207247803477,0.0,0.12,25.811207247803477,0.0,0,17.809058289701976,-2.641127628813561,17.809058289701976,-2.641127628813561,1.909999966621399,-0.1599999964237213,1.7799999713897705,0.0599999986588954,15.899058323080578,-2.48112763238984,16.029058318312206,-2.7011276274724567,5.564670413078201,-0.8683946713364439,5.610170411409272,-0.9453946696153598,0.4292745747231756,-0.0669904460745256,0.4327845745944296,-0.0729304459417563,-1,1,-1,1,-14,-13,-14,-13,-20,-14,-20,-14,20.902286291122437
1784751759.689517,25.811207247803477,0.0,0.12,25.811207247803477,0.0,0,17.809058289701976,-2.641127628813561,17.809058289701976,-2.641127628813561,1.5700000524520874,-0.1199999973177909,1.2400000095367432,0.0399999991059303,16.23905823724989,-2.5211276314957702,16.569058280165233,-2.681127627919492,5.683670383037461,-0.8823946710235195,5.799170398057831,-0.938394669771822,0.5754260988584246,-0.0896805947579876,0.5819060991159167,-0.0970605945930317,-1,1,-1,1,-14,-13,-14,-13,-20,-14,-20,-14,20.919780015945435
1784751759.7094924,0.0,0.0,0.0,0.0,0.0,0,0.0,0.0,0.0,0.0,1.5700000524520874,-0.1199999973177909,1.2400000095367432,0.0399999991059303,-1.5700000524520874,0.1199999973177909,-1.2400000095367432,-0.0399999991059303,-0.5495000183582306,0.0419999990612268,-0.4340000033378601,-0.0139999996870756,0.0,0.0,0.0,0.0,-1,1,-1,1,0,0,0,0,0,0,0,0,20.9397554397583
1784751759.7295485,0.0,0.0,0.0,0.0,0.0,0,0.0,0.0,0.0,0.0,1.7799999713897705,-0.3100000023841858,1.3200000524520874,-0.2000000029802322,-1.7799999713897705,0.3100000023841858,-1.3200000524520874,0.2000000029802322,-0.6229999899864196,0.108500000834465,-0.4620000183582305,0.0700000010430812,0.0,0.0,0.0,0.0,-1,1,-1,1,0,0,0,0,0,0,0,0,20.959811449050903
1784751759.7494843,0.0,0.0,0.0,0.0,0.0,0,0.0,0.0,0.0,0.0,1.7799999713897705,-0.3100000023841858,1.3200000524520874,-0.2000000029802322,-1.7799999713897705,0.3100000023841858,-1.3200000524520874,0.2000000029802322,-0.6229999899864196,0.108500000834465,-0.4620000183582305,0.0700000010430812,0.0,0.0,0.0,0.0,-1,1,-1,1,0,0,0,0,0,0,0,0,20.97974729537964
1784751759.7697966,25.811207247803477,0.0,0.12,25.811207247803477,0.0,0,17.809058289701976,-2.641127628813561,17.809058289701976,-2.641127628813561,1.4700000286102295,-0.209999993443489,0.9300000071525574,0.0900000035762786,16.339058261091747,-2.431127635370072,16.87905828254942,-2.73112763238984,5.718670391382111,-0.8508946723795252,5.9076703988922965,-0.955894671336444,0.1470515243498257,-0.0218801487183306,0.1519115245429448,-0.0245801486915085,-1,1,-1,1,-14,-13,-14,-13,-20,-14,-20,-14,21.000059604644775
1784751759.7895074,25.811207247803477,0.0,0.12,25.811207247803477,0.0,0,17.809058289701976,-2.641127628813561,17.809058289701976,-2.641127628813561,1.4700000286102295,-0.209999993443489,0.9300000071525574,0.0900000035762786,16.339058261091747,-2.431127635370072,16.87905828254942,-2.73112763238984,5.718670391382111,-0.8508946723795252,5.9076703988922965,-0.955894671336444,0.2941030486996515,-0.0437602974366613,0.3038230490858896,-0.0491602973830171,-1,1,-1,1,-14,-13,-14,-13,-20,-14,-20,-14,21.01977038383484
1784751759.80953,25.811207247803477,0.0,0.12,25.811207247803477,0.0,0,17.809058289701976,-2.641127628813561,17.809058289701976,-2.641127628813561,1.4700000286102295,-0.209999993443489,0.9300000071525574,0.0900000035762786,16.339058261091747,-2.431127635370072,16.87905828254942,-2.73112763238984,5.718670391382111,-0.8508946723795252,5.9076703988922965,-0.955894671336444,0.4411545730494772,-0.0656404461549919,0.4557345736288344,-0.0737404460745256,-1,1,-1,1,-14,-13,-14,-13,-20,-14,-20,-14,21.039793014526367
1784751759.8295126,25.811207247803477,0.0,0.12,25.811207247803477,0.0,0,17.809058289701976,-2.641127628813561,17.809058289701976,-2.641127628813561,1.25,-0.1500000059604644,1.100000023841858,-0.1599999964237213,16.559058289701976,-2.4911276228530967,16.70905826586012,-2.48112763238984,5.795670401395691,-0.8718946679985838,5.848170393051041,-0.8683946713364439,0.590186097656795,-0.0880605947606698,0.6061160980215755,-0.0960705947660342,-1,1,-1,1,-14,-13,-14,-13,-20,-14,-20,-14,21.059775590896606
1784751759.8495166,0.0,0.0,0.0,0.0,0.0,0,0.0,0.0,0.0,0.0,1.25,-0.1500000059604644,1.100000023841858,-0.1599999964237213,-1.25,0.1500000059604644,-1.100000023841858,0.1599999964237213,-0.4375,0.0525000020861625,-0.3850000083446502,0.0559999987483024,0.0,0.0,0.0,0.0,-1,1,-1,1,0,0,0,0,0,0,0,0,21.079779624938965
1784751759.8697293,0.0,0.0,0.0,0.0,0.0,0,0.0,0.0,0.0,0.0,2.009999990463257,-0.5600000023841858,1.4500000476837158,-0.1099999994039535,-2.009999990463257,0.5600000023841858,-1.4500000476837158,0.1099999994039535,-0.7034999966621398,0.196000000834465,-0.5075000166893006,0.0384999997913837,0.0,0.0,0.0,0.0,-1,1,-1,1,0,0,0,0,0,0,0,0,21.099992275238037
1784751759.8895044,0.0,0.0,0.0,0.0,0.0,0,0.0,0.0,0.0,0.0,2.009999990463257,-0.5600000023841858,1.4500000476837158,-0.1099999994039535,-2.009999990463257,0.5600000023841858,-1.4500000476837158,0.1099999994039535,-0.7034999966621398,0.196000000834465,-0.5075000166893006,0.0384999997913837,0.0,0.0,0.0,0.0,-1,1,-1,1,0,0,0,0,0,0,0,0,21.119767427444458
1784751759.909565,25.811207247803477,0.0,0.12,25.811207247803477,0.0,0,17.809058289701976,-2.641127628813561,17.809058289701976,-2.641127628813561,2.009999990463257,-0.5600000023841858,1.4500000476837158,-0.1099999994039535,15.79905829923872,-2.0811276264293754,16.35905824201826,-2.531127629409608,5.529670404733552,-0.7283946692502814,5.725670384706391,-0.8858946702933627,0.1421915246931484,-0.0187301486378643,0.1472315241781643,-0.0227801486646864,-1,1,-1,1,-14,-13,-14,-13,-20,-14,-20,-14,21.139827966690063
1784751759.9294934,25.811207247803477,0.0,0.12,25.811207247803477,0.0,0,17.809058289701976,-2.641127628813561,17.809058289701976,-2.641127628813561,1.409999966621399,-0.1599999964237213,1.4700000286102295,0.1500000059604644,16.399058323080578,-2.48112763238984,16.339058261091747,-2.7911276347740257,5.739670413078202,-0.8683946713364439,5.718670391382111,-0.976894672170909,0.2897830496008736,-0.0410602973293729,0.2942830485279901,-0.0479002973776526,-1,1,-1,1,-14,-13,-14,-13,-20,-14,-20,-14,21.159756422042847
1784751759.9496348,25.811207247803477,0.0,0.12,25.811207247803477,0.0,0,17.809058289701976,-2.641127628813561,17.809058289701976,-2.641127628813561,1.409999966621399,-0.1599999964237213,1.4700000286102295,0.1500000059604644,16.399058323080578,-2.48112763238984,16.339058261091747,-2.7911276347740257,5.739670413078202,-0.8683946713364439,5.718670391382111,-0.976894672170909,0.4373745745085988,-0.0633904460208815,0.4413345728778158,-0.0730204460906189,-1,1,-1,1,-14,-13,-14,-13,-20,-14,-20,-14,21.179897785186768
1784751759.9697857,25.811207247803477,0.0,0.12,25.811207247803477,0.0,0,17.809058289701976,-2.641127628813561,17.809058289701976,-2.641127628813561,1.409999966621399,-0.1599999964237213,1.4700000286102295,0.1500000059604644,16.399058323080578,-2.48112763238984,16.339058261091747,-2.7911276347740257,5.739670413078202,-0.8683946713364439,5.718670391382111,-0.976894672170909,0.584966099416324,-0.08572059471239,0.5883860972276416,-0.0981405948035851,-1,1,-1,1,-14,-13,-14,-13,-20,-14,-20,-14,21.200048685073853
1784751759.9897575,25.811207247803477,0.0,0.12,25.811207247803477,0.0,0,17.809058289701976,-2.641127628813561,17.809058289701976,-2.641127628813561,1.2100000381469729,-0.1199999973177909,1.25,0.1000000014901161,16.599058251555004,-2.5211276314957702,16.559058289701976,-2.7411276303036773,5.809670388044251,-0.8823946710235195,5.795670401395691,-0.959394670606287,0.7343576236803191,-0.108410743395852,0.7374176218349593,-0.1228107434763182,-1,1,-1,1,-14,-13,-14,-13,-21,-14,-21,-14,21.220020532608032
1784751760.0095007,0.0,0.0,0.0,0.0,0.0,0,0.0,0.0,0.0,0.0,1.2100000381469729,-0.1199999973177909,1.25,0.1000000014901161,-1.2100000381469729,0.1199999973177909,-1.25,-0.1000000014901161,-0.4235000133514404,0.0419999990612268,-0.4375,-0.0350000005215406,0.0,0.0,0.0,0.0,-1,1,-1,1,0,0,0,0,0,0,0,0,21.239763736724854
1784751760.0295038,0.0,0.0,0.0,0.0,0.0,0,0.0,0.0,0.0,0.0,1.0700000524520874,-0.0799999982118606,1.100000023841858,0.0700000002980232,-1.0700000524520874,0.0799999982118606,-1.100000023841858,-0.0700000002980232,-0.3745000183582305,0.0279999993741512,-0.3850000083446502,-0.0245000001043081,0.0,0.0,0.0,0.0,-1,1,-1,1,0,0,0,0,0,0,0,0,21.259766817092896
1784751760.0494964,0.0,0.0,0.0,0.0,0.0,0,0.0,0.0,0.0,0.0,1.0700000524520874,-0.0799999982118606,1.100000023841858,0.0700000002980232,-1.0700000524520874,0.0799999982118606,-1.100000023841858,-0.0700000002980232,-0.3745000183582305,0.0279999993741512,-0.3850000083446502,-0.0245000001043081,0.0,0.0,0.0,0.0,-1,1,-1,1,0,0,0,0,0,0,0,0,21.279759407043457
1784751760.069679,25.811207247803477,0.0,0.12,25.811207247803477,0.0,0,17.809058289701976,-2.641127628813561,17.809058289701976,-2.641127628813561,0.75,-0.0599999986588954,0.7699999809265137,0.050000000745058,17.059058289701976,-2.5811276301546657,17.039058308775463,-2.6911276295586197,5.970670401395691,-0.9033946705541328,5.963670408071412,-0.9418946703455168,0.1535315246073178,-0.0232301486713919,0.1533515247789791,-0.0242201486660275,-1,1,-1,1,-14,-13,-14,-13,-20,-14,-20,-14,21.299942016601562
1784751760.0895348,25.811207247803477,0.0,0.12,25.811207247803477,0.0,0,17.809058289701976,-2.641127628813561,17.809058289701976,-2.641127628813561,0.75,-0.0599999986588954,0.7699999809265137,0.050000000745058,17.059058289701976,-2.5811276301546657,17.039058308775463,-2.6911276295586197,5.970670401395691,-0.9033946705541328,5.963670408071412,-0.9418946703455168,0.3070630492146356,-0.0464602973427839,0.3067030495579583,-0.0484402973320551,-1,1,-1,1,-14,-13,-14,-13,-20,-14,-20,-14,21.31979775428772
1784751760.1095085,25.811207247803477,0.0,0.12,25.811207247803477,0.0,0,17.809058289701976,-2.641127628813561,17.809058289701976,-2.641127628813561,0.75,-0.0599999986588954,0.7699999809265137,0.050000000745058,17.059058289701976,-2.5811276301546657,17.039058308775463,-2.6911276295586197,5.970670401395691,-0.9033946705541328,5.963670408071412,-0.9418946703455168,0.4605945738219534,-0.0696904460141759,0.4600545743369375,-0.0726604459980827,-1,1,-1,1,-14,-13,-14,-13,-20,-14,-20,-14,21.339771509170532
1784751760.1295216,25.811207247803477,0.0,0.12,25.811207247803477,0.0,0,17.809058289701976,-2.641127628813561,17.809058289701976,-2.641127628813561,0.75,-0.0399999991059303,0.5400000214576721,0.0399999991059303,17.059058289701976,-2.601127629707631,17.269058268244304,-2.681127627919492,5.970670401395691,-0.9103946703976707,6.044170393885506,-0.938394669771822,0.6141260984292712,-0.0931005946815446,0.6154760987511363,-0.0967905946493581,-1,1,-1,1,-14,-13,-14,-13,-21,-14,-21,-14,21.359784603118896
1784751760.1495385,25.811207247803477,0.0,0.12,25.811207247803477,0.0,0,17.809058289701976,-2.641127628813561,17.809058289701976,-2.641127628813561,0.75,-0.0399999991059303,0.5400000214576721,0.0399999991059303,17.059058289701976,-2.601127629707631,17.269058268244304,-2.681127627919492,5.970670401395691,-0.9103946703976707,6.044170393885506,-0.938394669771822,0.767657623036589,-0.1165107433489133,0.770897623165335,-0.1209207433006335,-1,1,-1,1,-14,-13,-14,-13,-21,-14,-21,-14,21.379801511764526
1784751760.1699705,0.0,0.0,0.0,0.0,0.0,0,0.0,0.0,0.0,0.0,0.75,-0.0399999991059303,0.5400000214576721,0.0399999991059303,-0.75,0.0399999991059303,-0.5400000214576721,-0.0399999991059303,-0.2624999999999999,0.0139999996870756,-0.1890000075101852,-0.0139999996870756,0.0,0.0,0.0,0.0,-1,1,-1,1,0,0,0,0,0,0,0,0,21.400233507156372
1784751760.1895013,0.0,0.0,0.0,0.0,0.0,0,0.0,0.0,0.0,0.0,0.75,-0.0299999993294477,0.6100000143051147,0.0199999995529651,-0.75,0.0299999993294477,-0.6100000143051147,-0.0199999995529651,-0.2624999999999999,0.0104999997653067,-0.2135000050067901,-0.0069999998435378,0.0,0.0,0.0,0.0,-1,1,-1,1,0,0,0,0,0,0,0,0,21.419764280319214
1784751760.209509,0.0,0.0,0.0,0.0,0.0,0,0.0,0.0,0.0,0.0,0.75,-0.0299999993294477,0.6100000143051147,0.0199999995529651,-0.75,0.0299999993294477,-0.6100000143051147,-0.0199999995529651,-0.2624999999999999,0.0104999997653067,-0.2135000050067901,-0.0069999998435378,0.0,0.0,0.0,0.0,-1,1,-1,1,0,0,0,0,0,0,0,0,21.43977189064026
1784751760.2295094,25.811207247803477,0.0,0.12,25.811207247803477,0.0,0,17.809058289701976,-2.641127628813561,17.809058289701976,-2.641127628813561,0.5299999713897705,-0.0199999995529651,0.6499999761581421,0.0199999995529651,17.279058318312206,-2.621127629260596,17.159058313543834,-2.6611276283665264,6.047670411409272,-0.9173946702412086,6.0056704097403415,-0.931394669928284,0.1555115248648098,-0.0235901486633453,0.1544315248218945,-0.0239501486552987,-1,1,-1,1,-14,-13,-14,-13,-20,-14,-20,-14,21.45977234840393
1784751760.2495282,25.811207247803477,0.0,0.12,25.811207247803477,0.0,0,17.809058289701976,-2.641127628813561,17.809058289701976,-2.641127628813561,0.5299999713897705,-0.0199999995529651,0.6499999761581421,0.0199999995529651,17.279058318312206,-2.621127629260596,17.159058313543834,-2.6611276283665264,6.047670411409272,-0.9173946702412086,6.0056704097403415,-0.931394669928284,0.3110230497296197,-0.0471802973266907,0.308863049643789,-0.0479002973105974,-1,1,-1,1,-14,-13,-14,-13,-20,-14,-20,-14,21.479791164398193
1784751760.269667,25.811207247803477,0.0,0.12,25.811207247803477,0.0,0,17.809058289701976,-2.641127628813561,17.809058289701976,-2.641127628813561,0.3700000047683716,-0.0099999997764825,0.4600000083446502,0.0099999997764825,17.439058284933605,-2.631127629037078,17.349058281357326,-2.651127628590044,6.103670399726761,-0.9208946701629774,6.072170398475064,-0.9278946700065152,0.4679745742940221,-0.0708604459880244,0.4650045741760049,-0.0717604459679078,-1,1,-1,1,-14,-13,-14,-13,-21,-14,-21,-14,21.499929904937744
1784751760.2895312,25.811207247803477,0.0,0.12,25.811207247803477,0.0,0,17.809058289701976,-2.641127628813561,17.809058289701976,-2.641127628813561,0.3700000047683716,-0.0099999997764825,0.4600000083446502,0.0099999997764825,17.439058284933605,-2.631127629037078,17.349058281357326,-2.651127628590044,6.103670399726761,-0.9208946701629774,6.072170398475064,-0.9278946700065152,0.6249260988584245,-0.0945405946493581,0.6211460987082209,-0.0956205946252182,-1,1,-1,1,-14,-13,-14,-13,-21,-14,-21,-14,21.51979422569275
1784751760.309509,0.0,0.0,0.0,0.0,0.0,0,0.0,0.0,0.0,0.0,0.3700000047683716,-0.0099999997764825,0.4600000083446502,0.0099999997764825,-0.3700000047683716,0.0099999997764825,-0.4600000083446502,-0.0099999997764825,-0.12950000166893,0.0034999999217689,-0.1610000029206275,-0.0034999999217689,0.0,0.0,0.0,0.0,-1,1,-1,1,0,0,0,0,0,0,0,0,21.539772033691406
1784751760.3294897,0.0,0.0,0.0,0.0,0.0,0,0.0,0.0,0.0,0.0,0.4799999892711639,-0.0099999997764825,0.5400000214576721,0.0099999997764825,-0.4799999892711639,0.0099999997764825,-0.5400000214576721,-0.0099999997764825,-0.1679999962449073,0.0034999999217689,-0.1890000075101852,-0.0034999999217689,0.0,0.0,0.0,0.0,-1,1,-1,1,0,0,0,0,0,0,0,0,21.559752702713013
1784751760.3494947,0.0,0.0,0.0,0.0,0.0,0,0.0,0.0,0.0,0.0,0.4799999892711639,-0.0099999997764825,0.5400000214576721,0.0099999997764825,-0.4799999892711639,0.0099999997764825,-0.5400000214576721,-0.0099999997764825,-0.1679999962449073,0.0034999999217689,-0.1890000075101852,-0.0034999999217689,0.0,0.0,0.0,0.0,-1,1,-1,1,0,0,0,0,0,0,0,0,21.579757690429688
1784751760.3701212,0.0,0.0,0.0,0.0,0.0,0,0.0,0.0,0.0,0.0,0.4799999892711639,-0.0099999997764825,0.5400000214576721,0.0099999997764825,-0.4799999892711639,0.0099999997764825,-0.5400000214576721,-0.0099999997764825,-0.1679999962449073,0.0034999999217689,-0.1890000075101852,-0.0034999999217689,0.0,0.0,0.0,0.0,-1,1,-1,1,0,0,0,0,0,0,0,0,21.60038423538208
1784751760.389611,25.811207247803477,0.0,0.12,25.811207247803477,0.0,0,17.809058289701976,-2.641127628813561,17.809058289701976,-2.641127628813561,0.3400000035762787,-0.0099999997764825,0.3799999952316284,0.0099999997764825,17.469058286125698,-2.631127629037078,17.429058294470348,-2.651127628590044,6.114170400143994,-0.9208946701629774,6.100170403064621,-0.9278946700065152,0.1572215245751313,-0.0236801486613337,0.1568615246502331,-0.0238601486573103,-1,1,-1,1,-14,-13,-14,-13,-20,-14,-20,-14,21.619874000549316
1784751760.4097836,25.811207247803477,0.0,0.12,25.811207247803477,0.0,0,17.809058289701976,-2.641127628813561,17.809058289701976,-2.641127628813561,0.3400000035762787,-0.0099999997764825,0.3799999952316284,0.0099999997764825,17.469058286125698,-2.631127629037078,17.429058294470348,-2.651127628590044,6.114170400143994,-0.9208946701629774,6.100170403064621,-0.9278946700065152,0.3144430491502626,-0.0473602973226674,0.3137230493004663,-0.0477202973146207,-1,1,-1,1,-14,-13,-14,-13,-20,-14,-20,-14,21.6400465965271
1784751760.4295187,25.811207247803477,0.0,0.12,25.811207247803477,0.0,0,17.809058289701976,-2.641127628813561,17.809058289701976,-2.641127628813561,0.2399999946355819,-0.0,0.270000010728836,0.0,17.569058295066394,-2.641127628813561,17.53905827897314,-2.641127628813561,6.149170403273238,-0.9243946700847464,6.138670397640599,-0.9243946700847464,0.4725645738058601,-0.0711304459819894,0.4715745738112246,-0.0714904459739428,-1,1,-1,1,-14,-13,-14,-13,-21,-14,-21,-14,21.65978169441223
1784751760.4495163,25.811207247803477,0.0,0.12,25.811207247803477,0.0,0,17.809058289701976,-2.641127628813561,17.809058289701976,-2.641127628813561,0.2399999946355819,-0.0,0.270000010728836,0.0,17.569058295066394,-2.641127628813561,17.53905827897314,-2.641127628813561,6.149170403273238,-0.9243946700847464,6.138670397640599,-0.9243946700847464,0.6306860984614577,-0.0949005946413115,0.6294260983219828,-0.0952605946332648,-1,1,-1,1,-14,-13,-14,-13,-21,-14,-21,-14,21.679779291152954
1784751760.4696968,0.0,0.0,0.0,0.0,0.0,0,0.0,0.0,0.0,0.0,0.6200000047683716,-0.0,0.6399999856948853,0.0,-0.6200000047683716,0.0,-0.6399999856948853,0.0,-0.21700000166893,0.0,-0.2239999949932098,0.0,0.0,0.0,0.0,0.0,-1,1,-1,1,0,0,0,0,0,0,0,0,21.699959754943848
1784751760.4894917,0.0,0.0,0.0,0.0,0.0,0,0.0,0.0,0.0,0.0,0.6200000047683716,-0.0,0.6399999856948853,0.0,-0.6200000047683716,0.0,-0.6399999856948853,0.0,-0.21700000166893,0.0,-0.2239999949932098,0.0,0.0,0.0,0.0,0.0,-1,1,-1,1,0,0,0,0,0,0,0,0,21.719754695892334
1784751760.509498,0.0,0.0,0.0,0.0,0.0,0,0.0,0.0,0.0,0.0,0.6200000047683716,-0.0,0.6399999856948853,0.0,-0.6200000047683716,0.0,-0.6399999856948853,0.0,-0.21700000166893,0.0,-0.2239999949932098,0.0,0.0,0.0,0.0,0.0,-1,1,-1,1,0,0,0,0,0,0,0,0,21.739760875701904
1784751760.529565,25.811207247803477,0.0,0.12,25.811207247803477,0.0,0,17.809058289701976,-2.641127628813561,17.809058289701976,-2.641127628813561,0.8899999856948853,-0.2300000041723251,0.6700000166893005,0.0,16.91905830400709,-2.411127624641236,17.139058273012676,-2.641127628813561,5.921670406402481,-0.8438946686244326,5.998670395554436,-0.9243946700847464,0.1522715247360638,-0.0217001486217711,0.154251524457114,-0.023770148659322,-1,1,-1,1,-14,-13,-14,-13,-20,-14,-20,-14,21.759828090667725
1784751760.5503156,25.811207247803477,0.0,0.12,25.811207247803477,0.0,0,17.809058289701976,-2.641127628813561,17.809058289701976,-2.641127628813561,0.8899999856948853,-0.2300000041723251,0.6700000166893005,0.0,16.91905830400709,-2.411127624641236,17.139058273012676,-2.641127628813561,5.921670406402481,-0.8438946686244326,5.998670395554436,-0.9243946700847464,0.3045430494721277,-0.0434002972435422,0.3085030489142281,-0.0475402973186441,-1,1,-1,1,-14,-13,-14,-13,-20,-14,-20,-14,21.78057861328125
1784751760.5700347,25.811207247803477,0.0,0.12,25.811207247803477,0.0,0,17.809058289701976,-2.641127628813561,17.809058289701976,-2.641127628813561,0.6200000047683716,-0.1599999964237213,0.699999988079071,0.0,17.189058284933605,-2.48112763238984,17.109058301622905,-2.641127628813561,6.016170399726762,-0.8683946713364439,5.988170405568017,-0.9243946700847464,0.4592445740365301,-0.0657304459350508,0.4624845736288343,-0.0713104459779661,-1,1,-1,1,-14,-13,-14,-13,-20,-14,-20,-14,21.800297737121582
1784751760.5894706,25.811207247803477,0.0,0.12,25.811207247803477,0.0,0,17.809058289701976,-2.641127628813561,17.809058289701976,-2.641127628813561,0.6200000047683716,-0.1599999964237213,0.699999988079071,0.0,17.189058284933605,-2.48112763238984,17.109058301622905,-2.641127628813561,6.016170399726762,-0.8683946713364439,5.988170405568017,-0.9243946700847464,0.6139460986009326,-0.0880605946265593,0.6164660983434405,-0.0950805946372882,-1,1,-1,1,-14,-13,-14,-13,-21,-14,-21,-14,21.81973361968994
1784751760.6095142,25.811207247803477,0.0,0.12,25.811207247803477,0.0,0,17.809058289701976,-2.641127628813561,17.809058289701976,-2.641127628813561,0.6200000047683716,-0.1599999964237213,0.699999988079071,0.0,17.189058284933605,-2.48112763238984,17.109058301622905,-2.641127628813561,6.016170399726762,-0.8683946713364439,5.988170405568017,-0.9243946700847464,0.7686476231653351,-0.1103907433180679,0.7704476230580466,-0.1188507432966102,-1,1,-1,1,-14,-13,-14,-13,-21,-14,-21,-14,21.83977723121643
1784751760.6294851,0.0,0.0,0.0,0.0,0.0,0,0.0,0.0,0.0,0.0,1.5700000524520874,-0.1099999994039535,1.850000023841858,0.0,-1.5700000524520874,0.1099999994039535,-1.850000023841858,0.0,-0.5495000183582306,0.0384999997913837,-0.6475000083446503,0.0,0.0,0.0,0.0,0.0,-1,1,-1,1,0,0,0,0,0,0,0,0,21.859748125076294
1784751760.6495056,0.0,0.0,0.0,0.0,0.0,0,0.0,0.0,0.0,0.0,1.5700000524520874,-0.1099999994039535,1.850000023841858,0.0,-1.5700000524520874,0.1099999994039535,-1.850000023841858,0.0,-0.5495000183582306,0.0384999997913837,-0.6475000083446503,0.0,0.0,0.0,0.0,0.0,-1,1,-1,1,0,0,0,0,0,0,0,0,21.87976861000061
1784751760.6695611,0.0,0.0,0.0,0.0,0.0,0,0.0,0.0,0.0,0.0,2.680000066757202,-0.0799999982118606,2.650000095367432,0.0,-2.680000066757202,0.0799999982118606,-2.650000095367432,0.0,-0.9380000233650206,0.0279999993741512,-0.927500033378601,0.0,0.0,0.0,0.0,0.0,-1,1,-1,1,0,0,0,0,0,0,0,0,21.899824142456055
1784751760.6894977,25.811207247803477,0.0,0.12,25.811207247803477,0.0,0,17.809058289701976,-2.641127628813561,17.809058289701976,-2.641127628813561,2.680000066757202,-0.0799999982118606,2.650000095367432,0.0,15.129058222944774,-2.561127630601701,15.159058194334545,-2.641127628813561,5.295170378030671,-0.8963946707105951,5.305670368017091,-0.9243946700847464,0.1361615240065029,-0.0230501486754153,0.1364315237490109,-0.023770148659322,-1,1,-1,1,-14,-13,-14,-13,-19,-14,-19,-14,21.919760704040527
1784751760.7095115,25.811207247803477,0.0,0.12,25.811207247803477,0.0,0,17.809058289701976,-2.641127628813561,17.809058289701976,-2.641127628813561,2.680000066757202,-0.0799999982118606,2.650000095367432,0.0,15.129058222944774,-2.561127630601701,15.159058194334545,-2.641127628813561,5.295170378030671,-0.8963946707105951,5.305670368017091,-0.9243946700847464,0.2723230480130059,-0.0461002973508306,0.2728630474980218,-0.0475402973186441,-1,1,-1,1,-14,-13,-14,-13,-20,-14,-20,-14,21.93977451324463
1784751760.7295115,25.811207247803477,0.0,0.12,25.811207247803477,0.0,0,17.809058289701976,-2.641127628813561,17.809058289701976,-2.641127628813561,2.0999999046325684,-0.050000000745058,2.0799999237060547,0.0,15.709058385069408,-2.591127628068503,15.729058365995922,-2.641127628813561,5.498170434774292,-0.906894669823976,5.505170428098572,-0.9243946700847464,0.4137045734786306,-0.0694204460034471,0.4144245727919851,-0.0713104459779661,-1,1,-1,1,-14,-13,-14,-13,-20,-14,-20,-14,21.959774494171143
1784751760.749506,25.811207247803477,0.0,0.12,25.811207247803477,0.0,0,17.809058289701976,-2.641127628813561,17.809058289701976,-2.641127628813561,2.0999999046325684,-0.050000000745058,2.0799999237060547,0.0,15.709058385069408,-2.591127628068503,15.729058365995922,-2.641127628813561,5.498170434774292,-0.906894669823976,5.505170428098572,-0.9243946700847464,0.5550860989442553,-0.0927405946560636,0.5559860980859483,-0.0950805946372882,-1,1,-1,1,-14,-13,-14,-13,-20,-14,-20,-14,21.979768991470337
1784751760.7696106,25.811207247803477,0.0,0.12,25.811207247803477,0.0,0,17.809058289701976,-2.641127628813561,17.809058289701976,-2.641127628813561,1.9299999475479128,-0.4900000095367431,1.6799999475479126,-0.449999988079071,15.879058342154064,-2.151127619276818,16.129058342154064,-2.19112764073449,5.557670419753922,-0.7528946667468863,5.645170419753922,-0.7668946742570715,0.6979976240236418,-0.112100743229555,0.701147623165335,-0.1148007434038986,-1,1,-1,1,-14,-13,-14,-13,-20,-14,-20,-14,21.999873638153076
1784751760.7894964,0.0,0.0,0.0,0.0,0.0,0,0.0,0.0,0.0,0.0,1.9299999475479128,-0.4900000095367431,1.6799999475479126,-0.449999988079071,-1.9299999475479128,0.4900000095367431,-1.6799999475479126,0.449999988079071,-0.6754999816417694,0.17150000333786,-0.5879999816417694,0.1574999958276748,0.0,0.0,0.0,0.0,-1,1,-1,1,0,0,0,0,0,0,0,0,22.0197594165802
1784751760.8094878,0.0,0.0,0.0,0.0,0.0,0,0.0,0.0,0.0,0.0,1.9299999475479128,-0.4900000095367431,1.6799999475479126,-0.449999988079071,-1.9299999475479128,0.4900000095367431,-1.6799999475479126,0.449999988079071,-0.6754999816417694,0.17150000333786,-0.5879999816417694,0.1574999958276748,0.0,0.0,0.0,0.0,-1,1,-1,1,0,0,0,0,0,0,0,0,22.039750814437866
1784751760.829491,0.0,0.0,0.0,0.0,0.0,0,0.0,0.0,0.0,0.0,1.7999999523162842,-0.3400000035762787,1.6299999952316284,-0.3199999928474426,-1.7999999523162842,0.3400000035762787,-1.6299999952316284,0.3199999928474426,-0.6299999833106994,0.1190000012516975,-0.5704999983310699,0.1119999974966049,0.0,0.0,0.0,0.0,-1,1,-1,1,0,0,0,0,0,0,0,0,22.059753894805908
1784751760.8495307,25.811207247803477,0.0,0.12,25.811207247803477,0.0,0,17.809058289701976,-2.641127628813561,17.809058289701976,-2.641127628813561,1.7999999523162842,-0.3400000035762787,1.6299999952316284,-0.3199999928474426,16.009058337385692,-2.3011276252372825,16.179058294470348,-2.3211276359661186,5.603170418084992,-0.8053946688330489,5.662670403064621,-0.8123946725881415,0.1440815250364712,-0.0207101486271355,0.1456115246502331,-0.020890148723695,-1,1,-1,1,-14,-13,-14,-13,-20,-14,-20,-14,22.079793691635132
1784751760.8696022,25.811207247803477,0.0,0.12,25.811207247803477,0.0,0,17.809058289701976,-2.641127628813561,17.809058289701976,-2.641127628813561,1.2599999904632568,-0.2399999946355819,1.1399999856948853,-0.2199999988079071,16.54905829923872,-2.4011276341779797,16.66905830400709,-2.421127630005654,5.792170404733551,-0.8403946719622927,5.834170406402482,-0.8473946705019789,0.2930230497296197,-0.0423202973347373,0.295633049386297,-0.0426802973937459,-1,1,-1,1,-14,-13,-14,-13,-20,-14,-20,-14,22.099865198135376
1784751760.8895268,25.811207247803477,0.0,0.12,25.811207247803477,0.0,0,17.809058289701976,-2.641127628813561,17.809058289701976,-2.641127628813561,1.2599999904632568,-0.2399999946355819,1.1399999856948853,-0.2199999988079071,16.54905829923872,-2.4011276341779797,16.66905830400709,-2.421127630005654,5.792170404733551,-0.8403946719622927,5.834170406402482,-0.8473946705019789,0.4419645744227681,-0.0639304460423391,0.4456545741223608,-0.0644704460637968,-1,1,-1,1,-14,-13,-14,-13,-20,-14,-20,-14,22.119789838790894
1784751760.9096663,0.0,0.0,0.0,0.0,0.0,0,0.0,0.0,0.0,0.0,1.2599999904632568,-0.2399999946355819,1.1399999856948853,-0.2199999988079071,-1.2599999904632568,0.2399999946355819,-1.1399999856948853,0.2199999988079071,-0.4409999966621398,0.0839999981224536,-0.3989999949932098,0.0769999995827674,0.0,0.0,0.0,0.0,-1,1,-1,1,0,0,0,0,0,0,0,0,22.13992929458618
1784751760.9295151,0.0,0.0,0.0,0.0,0.0,0,0.0,0.0,0.0,0.0,1.1100000143051147,-0.3899999856948852,1.0299999713897705,-0.3799999952316284,-1.1100000143051147,0.3899999856948852,-1.0299999713897705,0.3799999952316284,-0.3885000050067901,0.1364999949932098,-0.3604999899864196,0.1329999983310699,0.0,0.0,0.0,0.0,-1,1,-1,1,0,0,0,0,0,0,0,0,22.159778118133545
1784751760.949479,0.0,0.0,0.0,0.0,0.0,0,0.0,0.0,0.0,0.0,1.1100000143051147,-0.3899999856948852,1.0299999713897705,-0.3799999952316284,-1.1100000143051147,0.3899999856948852,-1.0299999713897705,0.3799999952316284,-0.3885000050067901,0.1364999949932098,-0.3604999899864196,0.1329999983310699,0.0,0.0,0.0,0.0,-1,1,-1,1,0,0,0,0,0,0,0,0,22.179742097854614
1784751760.9696443,0.0,0.0,0.0,0.0,0.0,0,0.0,0.0,0.0,0.0,1.0,-0.2800000011920929,0.7200000286102295,-0.270000010728836,-1.0,0.2800000011920929,-0.7200000286102295,0.270000010728836,-0.35,0.0980000004172325,-0.2520000100135803,0.0945000037550926,0.0,0.0,0.0,0.0,-1,1,-1,1,0,0,0,0,0,0,0,0,22.199907302856445
1784751760.9894755,0.0,0.0,0.0,0.0,0.0,0,0.0,0.0,0.0,0.0,1.0,-0.2800000011920929,0.7200000286102295,-0.270000010728836,-1.0,0.2800000011920929,-0.7200000286102295,0.270000010728836,-0.35,0.0980000004172325,-0.2520000100135803,0.0945000037550926,0.0,0.0,0.0,0.0,-1,1,-1,1,0,0,0,0,0,0,0,0,22.219738483428955
1784751761.009521,25.811207247803477,0.0,0.12,25.811207247803477,0.0,0,17.809058289701976,-2.641127628813561,17.809058289701976,-2.641127628813561,1.0,-0.2800000011920929,0.7200000286102295,-0.270000010728836,16.809058289701976,-2.3611276276214683,17.089058261091747,-2.371127618084725,5.883170401395692,-0.8263946696675138,5.981170391382111,-0.8298946663296538,0.1512815246073178,-0.0212501486485932,0.1538015243498257,-0.0213401485627625,-1,1,-1,1,-14,-13,-14,-13,-20,-14,-20,-14,22.239784002304077
1784751761.029515,25.811207247803477,0.0,0.12,25.811207247803477,0.0,0,17.809058289701976,-2.641127628813561,17.809058289701976,-2.641127628813561,0.699999988079071,-0.1899999976158142,0.5,-0.1899999976158142,17.109058301622905,-2.451127631197747,17.309058289701976,-2.451127631197747,5.988170405568017,-0.8578946709192115,6.058170401395691,-0.8578946709192115,0.3052630493219239,-0.0433102973293729,0.3095830489571435,-0.0434002972435422,-1,1,-1,1,-14,-13,-14,-13,-20,-14,-20,-14,22.259778022766113
1784751761.04954,25.811207247803477,0.0,0.12,25.811207247803477,0.0,0,17.809058289701976,-2.641127628813561,17.809058289701976,-2.641127628813561,0.699999988079071,-0.1899999976158142,0.5,-0.1899999976158142,17.109058301622905,-2.451127631197747,17.309058289701976,-2.451127631197747,5.988170405568017,-0.8578946709192115,6.058170401395691,-0.8578946709192115,0.4592445740365301,-0.0653704460101526,0.4653645735644612,-0.0654604459243219,-1,1,-1,1,-14,-13,-14,-13,-20,-14,-21,-14,22.279803037643433
1784751761.069755,25.811207247803477,0.0,0.12,25.811207247803477,0.0,0,17.809058289701976,-2.641127628813561,17.809058289701976,-2.641127628813561,0.7200000286102295,-0.3600000143051147,0.5799999833106995,-0.1299999952316284,17.089058261091747,-2.2811276145084465,17.229058306391277,-2.511127633581933,5.981170391382111,-0.7983946650779562,6.030170407236946,-0.8788946717536764,0.6130460983863558,-0.0859005945407287,0.6204260983219827,-0.0880605946265593,-1,1,-1,1,-14,-13,-14,-13,-21,-14,-21,-14,22.300018072128296
1784751761.0895104,0.0,0.0,0.0,0.0,0.0,0,0.0,0.0,0.0,0.0,0.7200000286102295,-0.3600000143051147,0.5799999833106995,-0.1299999952316284,-0.7200000286102295,0.3600000143051147,-0.5799999833106995,0.1299999952316284,-0.2520000100135803,0.1260000050067901,-0.2029999941587448,0.0454999983310699,0.0,0.0,0.0,0.0,-1,1,-1,1,0,0,0,0,0,0,0,0,22.31977343559265
1784751761.1094933,0.0,0.0,0.0,0.0,0.0,0,0.0,0.0,0.0,0.0,0.7200000286102295,-0.3600000143051147,0.5799999833106995,-0.1299999952316284,-0.7200000286102295,0.3600000143051147,-0.5799999833106995,0.1299999952316284,-0.2520000100135803,0.1260000050067901,-0.2029999941587448,0.0454999983310699,0.0,0.0,0.0,0.0,-1,1,-1,1,0,0,0,0,0,0,0,0,22.33975625038147
1784751761.1294923,0.0,0.0,0.0,0.0,0.0,0,0.0,0.0,0.0,0.0,0.959999978542328,-0.4799999892711639,0.8600000143051147,-0.0900000035762786,-0.959999978542328,0.4799999892711639,-0.8600000143051147,0.0900000035762786,-0.3359999924898147,0.1679999962449073,-0.3010000050067901,0.0315000012516975,0.0,0.0,0.0,0.0,-1,1,-1,1,0,0,0,0,0,0,0,0,22.359755277633667
1784751761.1494882,0.0,0.0,0.0,0.0,0.0,0,0.0,0.0,0.0,0.0,0.959999978542328,-0.4799999892711639,0.8600000143051147,-0.0900000035762786,-0.959999978542328,0.4799999892711639,-0.8600000143051147,0.0900000035762786,-0.3359999924898147,0.1679999962449073,-0.3010000050067901,0.0315000012516975,0.0,0.0,0.0,0.0,-1,1,-1,1,0,0,0,0,0,0,0,0,22.379751205444336
1784751761.169557,25.811207247803477,0.0,0.12,25.811207247803477,0.0,0,17.809058289701976,-2.641127628813561,17.809058289701976,-2.641127628813561,0.6700000166893005,-0.3400000035762787,0.6000000238418579,-0.0599999986588954,17.139058273012676,-2.3011276252372825,17.20905826586012,-2.5811276301546657,5.998670395554436,-0.8053946688330489,6.023170393051041,-0.9033946705541328,0.154251524457114,-0.0207101486271355,0.154881524392741,-0.0232301486713919,-1,1,-1,1,-14,-13,-14,-13,-20,-14,-20,-14,22.39982008934021
1784751761.189526,25.811207247803477,0.0,0.12,25.811207247803477,0.0,0,17.809058289701976,-2.641127628813561,17.809058289701976,-2.641127628813561,0.6700000166893005,-0.3400000035762787,0.6000000238418579,-0.0599999986588954,17.139058273012676,-2.3011276252372825,17.20905826586012,-2.5811276301546657,5.998670395554436,-0.8053946688330489,6.023170393051041,-0.9033946705541328,0.3085030489142281,-0.041420297254271,0.3097630487854821,-0.0464602973427839,-1,1,-1,1,-14,-13,-14,-13,-20,-14,-20,-14,22.41978907585144
1784751761.2095785,25.811207247803477,0.0,0.12,25.811207247803477,0.0,0,17.809058289701976,-2.641127628813561,17.809058289701976,-2.641127628813561,0.6700000166893005,-0.3400000035762787,0.6000000238418579,-0.0599999986588954,17.139058273012676,-2.3011276252372825,17.20905826586012,-2.5811276301546657,5.998670395554436,-0.8053946688330489,6.023170393051041,-0.9033946705541328,0.4627545733713422,-0.0621304458814066,0.4646445731782231,-0.0696904460141759,-1,1,-1,1,-14,-13,-14,-13,-20,-14,-20,-14,22.439841508865356
1784751761.2294872,0.0,0.0,0.0,0.0,0.0,0,0.0,0.0,0.0,0.0,0.9200000166893004,-0.2399999946355819,0.4199999868869781,-0.0399999991059303,-0.9200000166893004,0.2399999946355819,-0.4199999868869781,0.0399999991059303,-0.3220000058412551,0.0839999981224536,-0.1469999954104423,0.0139999996870756,0.0,0.0,0.0,0.0,-1,1,-1,1,0,0,0,0,0,0,0,0,22.459750175476074
1784751761.2495074,0.0,0.0,0.0,0.0,0.0,0,0.0,0.0,0.0,0.0,0.9200000166893004,-0.2399999946355819,0.4199999868869781,-0.0399999991059303,-0.9200000166893004,0.2399999946355819,-0.4199999868869781,0.0399999991059303,-0.3220000058412551,0.0839999981224536,-0.1469999954104423,0.0139999996870756,0.0,0.0,0.0,0.0,-1,1,-1,1,0,0,0,0,0,0,0,0,22.47977042198181
1784751761.2697048,0.0,0.0,0.0,0.0,0.0,0,0.0,0.0,0.0,0.0,1.5499999523162842,-0.8399999737739563,0.9700000286102296,-0.2599999904632568,-1.5499999523162842,0.8399999737739563,-0.9700000286102296,0.2599999904632568,-0.5424999833106994,0.2939999908208847,-0.3395000100135803,0.0909999966621398,0.0,0.0,0.0,0.0,-1,1,-1,1,0,0,0,0,0,0,0,0,22.49996781349182
1784751761.2895143,0.0,0.0,0.0,0.0,0.0,0,0.0,0.0,0.0,0.0,1.5499999523162842,-0.8399999737739563,0.9700000286102296,-0.2599999904632568,-1.5499999523162842,0.8399999737739563,-0.9700000286102296,0.2599999904632568,-0.5424999833106994,0.2939999908208847,-0.3395000100135803,0.0909999966621398,0.0,0.0,0.0,0.0,-1,1,-1,1,0,0,0,0,0,0,0,0,22.519777297973633
1784751761.3095052,0.0,0.0,0.0,0.0,0.0,0,0.0,0.0,0.0,0.0,1.5499999523162842,-0.8399999737739563,0.9700000286102296,-0.2599999904632568,-1.5499999523162842,0.8399999737739563,-0.9700000286102296,0.2599999904632568,-0.5424999833106994,0.2939999908208847,-0.3395000100135803,0.0909999966621398,0.0,0.0,0.0,0.0,-1,1,-1,1,0,0,0,0,0,0,0,0,22.53976821899414
1784751761.3295135,25.811207247803477,0.0,0.12,25.811207247803477,0.0,0,17.809058289701976,-2.641127628813561,17.809058289701976,-2.641127628813561,1.090000033378601,-0.5899999737739563,0.6800000071525574,0.050000000745058,16.719058256323375,-2.051127655039605,17.12905828254942,-2.6911276295586197,5.851670389713181,-0.7178946792638616,5.995170398892296,-0.9418946703455168,0.1504715243069103,-0.0184601488953564,0.1541615245429448,-0.0242201486660275,-1,1,-1,1,-14,-13,-14,-13,-20,-14,-20,-14,22.559776544570923
1784751761.3495295,25.811207247803477,0.0,0.12,25.811207247803477,0.0,0,17.809058289701976,-2.641127628813561,17.809058289701976,-2.641127628813561,1.090000033378601,-0.5899999737739563,0.6800000071525574,0.050000000745058,16.719058256323375,-2.051127655039605,17.12905828254942,-2.6911276295586197,5.851670389713181,-0.7178946792638616,5.995170398892296,-0.9418946703455168,0.3009430486138207,-0.0369202977907128,0.3083230490858896,-0.0484402973320551,-1,1,-1,1,-14,-13,-14,-13,-20,-14,-20,-14,22.579792499542236
1784751761.369669,25.811207247803477,0.0,0.12,25.811207247803477,0.0,0,17.809058289701976,-2.641127628813561,17.809058289701976,-2.641127628813561,0.7599999904632568,-0.4099999964237213,0.4799999892711639,-0.1899999976158142,17.04905829923872,-2.23112763238984,17.329058300430813,-2.451127631197747,5.967170404733552,-0.780894671336444,6.065170405150784,-0.8578946709192115,0.4543845733069692,-0.0570004464822214,0.4642845737897669,-0.0705004460128348,-1,1,-1,1,-14,-13,-14,-13,-20,-14,-21,-14,22.599931955337524
1784751761.3894925,0.0,0.0,0.0,0.0,0.0,0,0.0,0.0,0.0,0.0,0.7599999904632568,-0.4099999964237213,0.4799999892711639,-0.1899999976158142,-0.7599999904632568,0.4099999964237213,-0.4799999892711639,0.1899999976158142,-0.2659999966621398,0.1434999987483024,-0.1679999962449073,0.0664999991655349,0.0,0.0,0.0,0.0,-1,1,-1,1,0,0,0,0,0,0,0,0,22.619755506515503
1784751761.40951,0.0,0.0,0.0,0.0,0.0,0,0.0,0.0,0.0,0.0,0.7599999904632568,-0.4099999964237213,0.4799999892711639,-0.1899999976158142,-0.7599999904632568,0.4099999964237213,-0.4799999892711639,0.1899999976158142,-0.2659999966621398,0.1434999987483024,-0.1679999962449073,0.0664999991655349,0.0,0.0,0.0,0.0,-1,1,-1,1,0,0,0,0,0,0,0,0,22.63977289199829
1784751761.429493,0.0,0.0,0.0,0.0,0.0,0,0.0,0.0,0.0,0.0,1.659999966621399,-0.5199999809265137,1.0099999904632568,-0.1400000005960464,-1.659999966621399,0.5199999809265137,-1.0099999904632568,0.1400000005960464,-0.5809999883174896,0.1819999933242797,-0.3534999966621399,0.0490000002086162,0.0,0.0,0.0,0.0,-1,1,-1,1,0,0,0,0,0,0,0,0,22.65975594520569
1784751761.44951,0.0,0.0,0.0,0.0,0.0,0,0.0,0.0,0.0,0.0,1.659999966621399,-0.5199999809265137,1.0099999904632568,-0.1400000005960464,-1.659999966621399,0.5199999809265137,-1.0099999904632568,0.1400000005960464,-0.5809999883174896,0.1819999933242797,-0.3534999966621399,0.0490000002086162,0.0,0.0,0.0,0.0,-1,1,-1,1,0,0,0,0,0,0,0,0,22.679773092269897
1784751761.4695847,0.0,0.0,0.0,0.0,0.0,0,0.0,0.0,0.0,0.0,1.159999966621399,-0.3600000143051147,0.7099999785423279,-0.1000000014901161,-1.159999966621399,0.3600000143051147,-0.7099999785423279,0.1000000014901161,-0.4059999883174896,0.1260000050067901,-0.2484999924898147,0.0350000005215406,0.0,0.0,0.0,0.0,-1,1,-1,1,0,0,0,0,0,0,0,0,22.69984769821167
1784751761.4899385,25.811207247803477,0.0,0.12,25.811207247803477,0.0,0,17.809058289701976,-2.641127628813561,17.809058289701976,-2.641127628813561,1.159999966621399,-0.3600000143051147,0.7099999785423279,-0.1000000014901161,16.649058323080578,-2.2811276145084465,17.09905831115965,-2.541127627323445,5.827170413078202,-0.7983946650779562,5.984670408905877,-0.8893946695632057,0.1498415249077252,-0.020530148530576,0.1538915248004368,-0.022870148645911,-1,1,-1,1,-14,-13,-14,-13,-20,-14,-20,-14,22.72020149230957
1784751761.5095265,25.811207247803477,0.0,0.12,25.811207247803477,0.0,0,17.809058289701976,-2.641127628813561,17.809058289701976,-2.641127628813561,1.159999966621399,-0.3600000143051147,0.7099999785423279,-0.1000000014901161,16.649058323080578,-2.2811276145084465,17.09905831115965,-2.541127627323445,5.827170413078202,-0.7983946650779562,5.984670408905877,-0.8893946695632057,0.2996830498154504,-0.041060297061152,0.3077830496008737,-0.045740297291822,-1,1,-1,1,-14,-13,-14,-13,-20,-14,-20,-14,22.739789485931396
1784751761.5295374,25.811207247803477,0.0,0.12,25.811207247803477,0.0,0,17.809058289701976,-2.641127628813561,17.809058289701976,-2.641127628813561,0.8199999928474426,-0.25,0.5,-0.0700000002980232,16.989058296854534,-2.391127628813561,17.309058289701976,-2.571127628515538,5.946170403899086,-0.8368946700847464,6.058170401395691,-0.8998946699804382,0.4525845744871412,-0.0625804457204741,0.4635645742081915,-0.0688804459484618,-1,1,-1,1,-14,-13,-14,-13,-20,-14,-21,-14,22.75980043411255
1784751761.5495255,0.0,0.0,0.0,0.0,0.0,0,0.0,0.0,0.0,0.0,0.8199999928474426,-0.25,0.5,-0.0700000002980232,-0.8199999928474426,0.25,-0.5,0.0700000002980232,-0.2869999974966049,0.0875,-0.175,0.0245000001043081,0.0,0.0,0.0,0.0,-1,1,-1,1,0,0,0,0,0,0,0,0,22.779788494110107
1784751761.570388,0.0,0.0,0.0,0.0,0.0,0,0.0,0.0,0.0,0.0,0.8199999928474426,-0.25,0.5,-0.0700000002980232,-0.8199999928474426,0.25,-0.5,0.0700000002980232,-0.2869999974966049,0.0875,-0.175,0.0245000001043081,0.0,0.0,0.0,0.0,-1,1,-1,1,0,0,0,0,0,0,0,0,22.80065107345581
1784751761.589501,0.0,0.0,0.0,0.0,0.0,0,0.0,0.0,0.0,0.0,1.0199999809265137,-0.8600000143051147,0.800000011920929,-0.050000000745058,-1.0199999809265137,0.8600000143051147,-0.800000011920929,0.050000000745058,-0.3569999933242798,0.3010000050067901,-0.2800000041723251,0.0175000002607703,0.0,0.0,0.0,0.0,-1,1,-1,1,0,0,0,0,0,0,0,0,22.819763898849487
1784751761.6094856,0.0,0.0,0.0,0.0,0.0,0,0.0,0.0,0.0,0.0,1.0199999809265137,-0.8600000143051147,0.800000011920929,-0.050000000745058,-1.0199999809265137,0.8600000143051147,-0.800000011920929,0.050000000745058,-0.3569999933242798,0.3010000050067901,-0.2800000041723251,0.0175000002607703,0.0,0.0,0.0,0.0,-1,1,-1,1,0,0,0,0,0,0,0,0,22.83974862098694
1784751761.6294775,0.0,0.0,0.0,0.0,0.0,0,0.0,0.0,0.0,0.0,0.9399999976158142,-0.6000000238418579,0.5600000023841858,-0.0299999993294477,-0.9399999976158142,0.6000000238418579,-0.5600000023841858,0.0299999993294477,-0.3289999991655349,0.2100000083446502,-0.196000000834465,0.0104999997653067,0.0,0.0,0.0,0.0,-1,1,-1,1,0,0,0,0,0,0,0,0,22.859740495681763
1784751761.6495073,25.811207247803477,0.0,0.12,25.811207247803477,0.0,0,17.809058289701976,-2.641127628813561,17.809058289701976,-2.641127628813561,0.9399999976158142,-0.6000000238418579,0.5600000023841858,-0.0299999993294477,16.869058292086162,-2.0411276049717038,17.24905828731779,-2.611127629484113,5.904170402230156,-0.7143946617400961,6.037170400561227,-0.9138946703194396,0.1518215246287754,-0.0183701484447453,0.1552415245858601,-0.023500148665357,-1,1,-1,1,-14,-13,-14,-13,-20,-14,-20,-14,22.879770278930664
1784751761.6694758,25.811207247803477,0.0,0.12,25.811207247803477,0.0,0,17.809058289701976,-2.641127628813561,17.809058289701976,-2.641127628813561,0.6600000262260437,-0.4199999868869781,0.3899999856948852,-0.0199999995529651,17.149058263475933,-2.221127641926583,17.41905830400709,-2.621127629260596,6.002170392216576,-0.777394674674304,6.096670406402482,-0.9173946702412086,0.3061630490000588,-0.0383602972220845,0.312013049321924,-0.0470902973287023,-1,1,-1,1,-14,-13,-14,-13,-20,-14,-20,-14,22.899738788604736
1784751761.689525,25.811207247803477,0.0,0.12,25.811207247803477,0.0,0,17.809058289701976,-2.641127628813561,17.809058289701976,-2.641127628813561,0.6600000262260437,-0.4199999868869781,0.3899999856948852,-0.0199999995529651,17.149058263475933,-2.221127641926583,17.41905830400709,-2.621127629260596,6.002170392216576,-0.777394674674304,6.096670406402482,-0.9173946702412086,0.4605045733713422,-0.0583504459994238,0.4687845740579878,-0.0706804459920477,-1,1,-1,1,-14,-13,-14,-13,-20,-14,-21,-14,22.919787883758545
1784751761.7094977,0.0,0.0,0.0,0.0,0.0,0,0.0,0.0,0.0,0.0,0.6600000262260437,-0.4199999868869781,0.3899999856948852,-0.0199999995529651,-0.6600000262260437,0.4199999868869781,-0.3899999856948852,0.0199999995529651,-0.2310000091791152,0.1469999954104423,-0.1364999949932098,0.0069999998435378,0.0,0.0,0.0,0.0,-1,1,-1,1,0,0,0,0,0,0,0,0,22.93976068496704
1784751761.7295136,0.0,0.0,0.0,0.0,0.0,0,0.0,0.0,0.0,0.0,0.6899999976158142,-0.2899999916553497,0.5,-0.2399999946355819,-0.6899999976158142,0.2899999916553497,-0.5,0.2399999946355819,-0.2414999991655349,0.1014999970793724,-0.175,0.0839999981224536,0.0,0.0,0.0,0.0,-1,1,-1,1,0,0,0,0,0,0,0,0,22.959776639938354
1784751761.749478,0.0,0.0,0.0,0.0,0.0,0,0.0,0.0,0.0,0.0,0.6899999976158142,-0.2899999916553497,0.5,-0.2399999946355819,-0.6899999976158142,0.2899999916553497,-0.5,0.2399999946355819,-0.2414999991655349,0.1014999970793724,-0.175,0.0839999981224536,0.0,0.0,0.0,0.0,-1,1,-1,1,0,0,0,0,0,0,0,0,22.979741096496582
1784751761.7699966,0.0,0.0,0.0,0.0,0.0,0,0.0,0.0,0.0,0.0,0.7099999785423279,-0.4300000071525574,0.5799999833106995,-0.1700000017881393,-0.7099999785423279,0.4300000071525574,-0.5799999833106995,0.1700000017881393,-0.2484999924898147,0.150500002503395,-0.2029999941587448,0.0595000006258487,0.0,0.0,0.0,0.0,-1,1,-1,1,0,0,0,0,0,0,0,0,23.00025963783264
1784751761.7894762,0.0,0.0,0.0,0.0,0.0,0,0.0,0.0,0.0,0.0,0.7099999785423279,-0.4300000071525574,0.5799999833106995,-0.1700000017881393,-0.7099999785423279,0.4300000071525574,-0.5799999833106995,0.1700000017881393,-0.2484999924898147,0.150500002503395,-0.2029999941587448,0.0595000006258487,0.0,0.0,0.0,0.0,-1,1,-1,1,0,0,0,0,0,0,0,0,23.019739151000977
1784751761.8095045,25.811207247803477,0.0,0.12,25.811207247803477,0.0,0,17.809058289701976,-2.641127628813561,17.809058289701976,-2.641127628813561,0.7099999785423279,-0.4300000071525574,0.5799999833106995,-0.1700000017881393,17.09905831115965,-2.211127621661004,17.229058306391277,-2.471127627025422,5.984670408905877,-0.7738946675813513,6.030170407236946,-0.8648946694588976,0.1538915248004368,-0.019900148594949,0.1550615247575215,-0.0222401486432287,-1,1,-1,1,-14,-13,-14,-13,-20,-14,-20,-14,23.039767503738403
1784751761.8295767,25.811207247803477,0.0,0.12,25.811207247803477,0.0,0,17.809058289701976,-2.641127628813561,17.809058289701976,-2.641127628813561,0.5,-0.3000000119209289,0.4000000059604645,-0.1199999973177909,17.309058289701976,-2.3411276168926323,17.409058283741512,-2.5211276314957702,6.058170401395691,-0.8193946659124213,6.093170399309529,-0.8823946710235195,0.3096730494077546,-0.0409702971469827,0.3117430493111951,-0.0449302973266907,-1,1,-1,1,-14,-13,-14,-13,-20,-14,-20,-14,23.059839725494385
1784751761.849501,25.811207247803477,0.0,0.12,25.811207247803477,0.0,0,17.809058289701976,-2.641127628813561,17.809058289701976,-2.641127628813561,0.5,-0.3000000119209289,0.4000000059604645,-0.1199999973177909,17.309058289701976,-2.3411276168926323,17.409058283741512,-2.5211276314957702,6.058170401395691,-0.8193946659124213,6.093170399309529,-0.8823946710235195,0.4654545740150724,-0.0620404456990164,0.4684245738648687,-0.0676204460101526,-1,1,-1,1,-14,-13,-14,-13,-21,-14,-21,-14,23.079763889312744
1784751761.8696392,0.0,0.0,0.0,0.0,0.0,0,0.0,0.0,0.0,0.0,0.5699999928474426,-0.209999993443489,0.7400000095367432,-0.3100000023841858,-0.5699999928474426,0.209999993443489,-0.7400000095367432,0.3100000023841858,-0.1994999974966049,0.0734999977052211,-0.2590000033378601,0.108500000834465,0.0,0.0,0.0,0.0,-1,1,-1,1,0,0,0,0,0,0,0,0,23.099902153015137
1784751761.8894668,0.0,0.0,0.0,0.0,0.0,0,0.0,0.0,0.0,0.0,0.5699999928474426,-0.209999993443489,0.7400000095367432,-0.3100000023841858,-0.5699999928474426,0.209999993443489,-0.7400000095367432,0.3100000023841858,-0.1994999974966049,0.0734999977052211,-0.2590000033378601,0.108500000834465,0.0,0.0,0.0,0.0,-1,1,-1,1,0,0,0,0,0,0,0,0,23.11972975730896
1784751761.9094975,0.0,0.0,0.0,0.0,0.0,0,0.0,0.0,0.0,0.0,0.5699999928474426,-0.209999993443489,0.7400000095367432,-0.3100000023841858,-0.5699999928474426,0.209999993443489,-0.7400000095367432,0.3100000023841858,-0.1994999974966049,0.0734999977052211,-0.2590000033378601,0.108500000834465,0.0,0.0,0.0,0.0,-1,1,-1,1,0,0,0,0,0,0,0,0,23.139760494232178
1784751761.9294891,0.0,0.0,0.0,0.0,0.0,0,0.0,0.0,0.0,0.0,0.4000000059604645,-0.3700000047683716,0.7400000095367432,-0.2199999988079071,-0.4000000059604645,0.3700000047683716,-0.7400000095367432,0.2199999988079071,-0.1400000020861625,0.12950000166893,-0.2590000033378601,0.0769999995827674,0.0,0.0,0.0,0.0,-1,1,-1,1,0,0,0,0,0,0,0,0,23.159752130508423
1784751761.9494925,0.0,0.0,0.0,0.0,0.0,0,0.0,0.0,0.0,0.0,0.4000000059604645,-0.3700000047683716,0.7400000095367432,-0.2199999988079071,-0.4000000059604645,0.3700000047683716,-0.7400000095367432,0.2199999988079071,-0.1400000020861625,0.12950000166893,-0.2590000033378601,0.0769999995827674,0.0,0.0,0.0,0.0,-1,1,-1,1,0,0,0,0,0,0,0,0,23.179755449295044
1784751761.969577,25.811207247803477,0.0,0.12,25.811207247803477,0.0,0,17.809058289701976,-2.641127628813561,17.809058289701976,-2.641127628813561,0.2800000011920929,-0.2599999904632568,0.5199999809265137,-0.1500000059604644,17.529058288509884,-2.3811276383503044,17.289058308775463,-2.4911276228530967,6.135170400978459,-0.8333946734226065,6.051170408071411,-0.8718946679985838,0.1577615245965889,-0.0214301487451527,0.1556015247789791,-0.0224201486056778,-1,1,-1,1,-14,-13,-14,-13,-20,-14,-20,-14,23.19984006881714
1784751761.989504,25.811207247803477,0.0,0.12,25.811207247803477,0.0,0,17.809058289701976,-2.641127628813561,17.809058289701976,-2.641127628813561,0.2800000011920929,-0.2599999904632568,0.5199999809265137,-0.1500000059604644,17.529058288509884,-2.3811276383503044,17.289058308775463,-2.4911276228530967,6.135170400978459,-0.8333946734226065,6.051170408071411,-0.8718946679985838,0.3155230491931779,-0.0428602974903054,0.3112030495579583,-0.0448402972113557,-1,1,-1,1,-14,-13,-14,-13,-20,-14,-20,-14,23.219767093658447
1784751762.0095165,25.811207247803477,0.0,0.12,25.811207247803477,0.0,0,17.809058289701976,-2.641127628813561,17.809058289701976,-2.641127628813561,0.2800000011920929,-0.2599999904632568,0.5199999809265137,-0.1500000059604644,17.529058288509884,-2.3811276383503044,17.289058308775463,-2.4911276228530967,6.135170400978459,-0.8333946734226065,6.051170408071411,-0.8718946679985838,0.4732845737897668,-0.0642904462354582,0.4668045743369375,-0.0672604458170336,-1,1,-1,1,-14,-13,-14,-13,-21,-14,-21,-14,23.239779472351074
1784751762.029552,0.0,0.0,0.0,0.0,0.0,0,0.0,0.0,0.0,0.0,0.4199999868869781,-0.1800000071525573,0.3600000143051147,-0.3300000131130218,-0.4199999868869781,0.1800000071525573,-0.3600000143051147,0.3300000131130218,-0.1469999954104423,0.063000002503395,-0.1260000050067901,0.1155000045895576,0.0,0.0,0.0,0.0,-1,1,-1,1,0,0,0,0,0,0,0,0,23.259814977645874
1784751762.0496464,0.0,0.0,0.0,0.0,0.0,0,0.0,0.0,0.0,0.0,0.4199999868869781,-0.1800000071525573,0.3600000143051147,-0.3300000131130218,-0.4199999868869781,0.1800000071525573,-0.3600000143051147,0.3300000131130218,-0.1469999954104423,0.063000002503395,-0.1260000050067901,0.1155000045895576,0.0,0.0,0.0,0.0,-1,1,-1,1,0,0,0,0,0,0,0,0,23.279909372329712
1784751762.069577,0.0,0.0,0.0,0.0,0.0,0,0.0,0.0,0.0,0.0,0.9800000190734864,-0.3499999940395355,0.7099999785423279,-0.4600000083446502,-0.9800000190734864,0.3499999940395355,-0.7099999785423279,0.4600000083446502,-0.3430000066757201,0.1224999979138374,-0.2484999924898147,0.1610000029206275,0.0,0.0,0.0,0.0,-1,1,-1,1,0,0,0,0,0,0,0,0,23.299839973449707
1784751762.089502,0.0,0.0,0.0,0.0,0.0,0,0.0,0.0,0.0,0.0,0.9800000190734864,-0.3499999940395355,0.7099999785423279,-0.4600000083446502,-0.9800000190734864,0.3499999940395355,-0.7099999785423279,0.4600000083446502,-0.3430000066757201,0.1224999979138374,-0.2484999924898147,0.1610000029206275,0.0,0.0,0.0,0.0,-1,1,-1,1,0,0,0,0,0,0,0,0,23.319765090942383
1784751762.1095138,0.0,0.0,0.0,0.0,0.0,0,0.0,0.0,0.0,0.0,0.9800000190734864,-0.3499999940395355,0.7099999785423279,-0.4600000083446502,-0.9800000190734864,0.3499999940395355,-0.7099999785423279,0.4600000083446502,-0.3430000066757201,0.1224999979138374,-0.2484999924898147,0.1610000029206275,0.0,0.0,0.0,0.0,-1,1,-1,1,0,0,0,0,0,0,0,0,23.339776754379272
1784751762.1295116,25.811207247803477,0.0,0.12,25.811207247803477,0.0,0,17.809058289701976,-2.641127628813561,17.809058289701976,-2.641127628813561,0.4600000083446502,-0.25,0.4900000095367431,-0.3199999928474426,17.349058281357326,-2.391127628813561,17.319058280165233,-2.3211276359661186,6.072170398475064,-0.8368946700847464,6.061670398057832,-0.8123946725881415,0.1561415245322159,-0.021520148659322,0.1558715245214871,-0.020890148723695,-1,1,-1,1,-14,-13,-14,-13,-20,-14,-20,-14,23.359774589538574
1784751762.1495104,25.811207247803477,0.0,0.12,25.811207247803477,0.0,0,17.809058289701976,-2.641127628813561,17.809058289701976,-2.641127628813561,0.4600000083446502,-0.25,0.4900000095367431,-0.3199999928474426,17.349058281357326,-2.391127628813561,17.319058280165233,-2.3211276359661186,6.072170398475064,-0.8368946700847464,6.061670398057832,-0.8123946725881415,0.3122830490644319,-0.0430402973186441,0.3117430490429742,-0.0417802974473901,-1,1,-1,1,-14,-13,-14,-13,-20,-14,-20,-14,23.379773378372192
1784751762.1696217,25.811207247803477,0.0,0.12,25.811207247803477,0.0,0,17.809058289701976,-2.641127628813561,17.809058289701976,-2.641127628813561,0.550000011920929,-0.4000000059604645,0.3499999940395355,-0.2300000041723251,17.259058277781048,-2.2411276228530967,17.45905829566244,-2.411127624641236,6.040670397223367,-0.7843946679985838,6.110670403481854,-0.8438946686244326,0.4676145735644613,-0.0632104459243219,0.4688745737039362,-0.0634804460691612,-1,1,-1,1,-14,-13,-14,-13,-21,-14,-21,-14,23.399884700775146
1784751762.1895092,0.0,0.0,0.0,0.0,0.0,0,0.0,0.0,0.0,0.0,0.550000011920929,-0.4000000059604645,0.3499999940395355,-0.2300000041723251,-0.550000011920929,0.4000000059604645,-0.3499999940395355,0.2300000041723251,-0.1925000041723251,0.1400000020861625,-0.1224999979138374,0.0805000014603137,0.0,0.0,0.0,0.0,-1,1,-1,1,0,0,0,0,0,0,0,0,23.419772148132324
1784751762.2094953,0.0,0.0,0.0,0.0,0.0,0,0.0,0.0,0.0,0.0,0.550000011920929,-0.4000000059604645,0.3499999940395355,-0.2300000041723251,-0.550000011920929,0.4000000059604645,-0.3499999940395355,0.2300000041723251,-0.1925000041723251,0.1400000020861625,-0.1224999979138374,0.0805000014603137,0.0,0.0,0.0,0.0,-1,1,-1,1,0,0,0,0,0,0,0,0,23.43975830078125
1784751762.2294717,0.0,0.0,0.0,0.0,0.0,0,0.0,0.0,0.0,0.0,1.2899999618530271,-0.7300000190734863,0.4699999988079071,-0.3799999952316284,-1.2899999618530271,0.7300000190734863,-0.4699999988079071,0.3799999952316284,-0.4514999866485595,0.2555000066757202,-0.1644999995827674,0.1329999983310699,0.0,0.0,0.0,0.0,-1,1,-1,1,0,0,0,0,0,0,0,0,23.459734678268433
1784751762.249497,0.0,0.0,0.0,0.0,0.0,0,0.0,0.0,0.0,0.0,1.2899999618530271,-0.7300000190734863,0.4699999988079071,-0.3799999952316284,-1.2899999618530271,0.7300000190734863,-0.4699999988079071,0.3799999952316284,-0.4514999866485595,0.2555000066757202,-0.1644999995827674,0.1329999983310699,0.0,0.0,0.0,0.0,-1,1,-1,1,0,0,0,0,0,0,0,0,23.47975993156433
1784751762.269616,0.0,0.0,0.0,0.0,0.0,0,0.0,0.0,0.0,0.0,0.8999999761581421,-0.7400000095367432,0.3300000131130218,-0.270000010728836,-0.8999999761581421,0.7400000095367432,-0.3300000131130218,0.270000010728836,-0.3149999916553497,0.2590000033378601,-0.1155000045895576,0.0945000037550926,0.0,0.0,0.0,0.0,-1,1,-1,1,0,0,0,0,0,0,0,0,23.499878883361816
1784751762.2896545,25.811207247803477,0.0,0.12,25.811207247803477,0.0,0,17.809058289701976,-2.641127628813561,17.809058289701976,-2.641127628813561,0.8999999761581421,-0.7400000095367432,0.3300000131130218,-0.270000010728836,16.909058313543834,-1.901127619276818,17.479058276588955,-2.371127618084725,5.918170409740342,-0.6653946667468863,6.117670396806134,-0.8298946663296538,0.1521815248218945,-0.0171101485734913,0.1573115244893006,-0.0213401485627625,-1,1,-1,1,-14,-13,-14,-13,-20,-14,-20,-14,23.519917488098145
1784751762.3095334,25.811207247803477,0.0,0.12,25.811207247803477,0.0,0,17.809058289701976,-2.641127628813561,17.809058289701976,-2.641127628813561,0.8999999761581421,-0.7400000095367432,0.3300000131130218,-0.270000010728836,16.909058313543834,-1.901127619276818,17.479058276588955,-2.371127618084725,5.918170409740342,-0.6653946667468863,6.117670396806134,-0.8298946663296538,0.304363049643789,-0.0342202971469827,0.3146230489786012,-0.042680297125525,-1,1,-1,1,-14,-13,-14,-13,-20,-14,-20,-14,23.539796352386475
1784751762.329534,25.811207247803477,0.0,0.12,25.811207247803477,0.0,0,17.809058289701976,-2.641127628813561,17.809058289701976,-2.641127628813561,0.6299999952316284,-0.5199999809265137,0.2300000041723251,-0.1899999976158142,17.179058294470348,-2.121127647887048,17.57905828552965,-2.451127631197747,6.012670403064622,-0.7423946767604666,6.152670399935378,-0.8578946709192115,0.4589745742940221,-0.0533104459779661,0.4728345735483681,-0.0647404458063047,-1,1,-1,1,-14,-13,-14,-13,-20,-14,-21,-14,23.559797048568726
1784751762.349518,0.0,0.0,0.0,0.0,0.0,0,0.0,0.0,0.0,0.0,0.6299999952316284,-0.5199999809265137,0.2300000041723251,-0.1899999976158142,-0.6299999952316284,0.5199999809265137,-0.2300000041723251,0.1899999976158142,-0.2204999983310699,0.1819999933242797,-0.0805000014603137,0.0664999991655349,0.0,0.0,0.0,0.0,-1,1,-1,1,0,0,0,0,0,0,0,0,23.57978105545044
1784751762.369901,0.0,0.0,0.0,0.0,0.0,0,0.0,0.0,0.0,0.0,0.6299999952316284,-0.5199999809265137,0.2300000041723251,-0.1899999976158142,-0.6299999952316284,0.5199999809265137,-0.2300000041723251,0.1899999976158142,-0.2204999983310699,0.1819999933242797,-0.0805000014603137,0.0664999991655349,0.0,0.0,0.0,0.0,-1,1,-1,1,0,0,0,0,0,0,0,0,23.60016393661499
1784751762.389488,0.0,0.0,0.0,0.0,0.0,0,0.0,0.0,0.0,0.0,1.1200000047683716,-0.8199999928474426,0.8399999737739563,-0.5799999833106995,-1.1200000047683716,0.8199999928474426,-0.8399999737739563,0.5799999833106995,-0.39200000166893,0.2869999974966049,-0.2939999908208847,0.2029999941587448,0.0,0.0,0.0,0.0,-1,1,-1,1,0,0,0,0,0,0,0,0,23.6197509765625
1784751762.4094844,0.0,0.0,0.0,0.0,0.0,0,0.0,0.0,0.0,0.0,1.1200000047683716,-0.8199999928474426,0.8399999737739563,-0.5799999833106995,-1.1200000047683716,0.8199999928474426,-0.8399999737739563,0.5799999833106995,-0.39200000166893,0.2869999974966049,-0.2939999908208847,0.2029999941587448,0.0,0.0,0.0,0.0,-1,1,-1,1,0,0,0,0,0,0,0,0,23.639747381210327
1784751762.4294922,0.0,0.0,0.0,0.0,0.0,0,0.0,0.0,0.0,0.0,0.7799999713897705,-0.800000011920929,0.5899999737739563,-0.4099999964237213,-0.7799999713897705,0.800000011920929,-0.5899999737739563,0.4099999964237213,-0.2729999899864196,0.2800000041723251,-0.2064999908208847,0.1434999987483024,0.0,0.0,0.0,0.0,-1,1,-1,1,0,0,0,0,0,0,0,0,23.65975522994995
1784751762.449503,25.811207247803477,0.0,0.12,25.811207247803477,0.0,0,17.809058289701976,-2.641127628813561,17.809058289701976,-2.641127628813561,0.7799999713897705,-0.800000011920929,0.5899999737739563,-0.4099999964237213,17.029058318312206,-1.8411276168926325,17.21905831592802,-2.23112763238984,5.960170411409272,-0.6443946659124212,6.026670410574806,-0.780894671336444,0.1532615248648098,-0.0165701485520336,0.1549715248433522,-0.0200801486915085,-1,1,-1,1,-14,-13,-14,-13,-20,-14,-20,-14,23.679765939712524
1784751762.4697027,25.811207247803477,0.0,0.12,25.811207247803477,0.0,0,17.809058289701976,-2.641127628813561,17.809058289701976,-2.641127628813561,0.550000011920929,-0.5600000023841858,0.4099999964237213,-0.2899999916553497,17.259058277781048,-2.0811276264293754,17.399058293278255,-2.3511276371582115,6.040670397223367,-0.7283946692502814,6.089670402647389,-0.822894673005374,0.3085930493648393,-0.035300297189898,0.3115630494828565,-0.0412402974259324,-1,1,-1,1,-14,-13,-14,-13,-20,-14,-20,-14,23.699965715408325
1784751762.4903316,25.811207247803477,0.0,0.12,25.811207247803477,0.0,0,17.809058289701976,-2.641127628813561,17.809058289701976,-2.641127628813561,0.550000011920929,-0.5600000023841858,0.4099999964237213,-0.2899999916553497,17.259058277781048,-2.0811276264293754,17.399058293278255,-2.3511276371582115,6.040670397223367,-0.7283946692502814,6.089670402647389,-0.822894673005374,0.4639245738648687,-0.0540304458277624,0.4681545741223608,-0.0624004461603563,-1,1,-1,1,-14,-13,-14,-13,-21,-14,-21,-14,23.72059464454651
1784751762.5094838,0.0,0.0,0.0,0.0,0.0,0,0.0,0.0,0.0,0.0,0.550000011920929,-0.5600000023841858,0.4099999964237213,-0.2899999916553497,-0.550000011920929,0.5600000023841858,-0.4099999964237213,0.2899999916553497,-0.1925000041723251,0.196000000834465,-0.1434999987483024,0.1014999970793724,0.0,0.0,0.0,0.0,-1,1,-1,1,0,0,0,0,0,0,0,0,23.739746809005737
1784751762.5294971,0.0,0.0,0.0,0.0,0.0,0,0.0,0.0,0.0,0.0,0.8399999737739563,-0.6200000047683716,0.5099999904632568,-0.4300000071525574,-0.8399999737739563,0.6200000047683716,-0.5099999904632568,0.4300000071525574,-0.2939999908208847,0.21700000166893,-0.1784999966621399,0.150500002503395,0.0,0.0,0.0,0.0,-1,1,-1,1,0,0,0,0,0,0,0,0,23.75976014137268
1784751762.5494847,0.0,0.0,0.0,0.0,0.0,0,0.0,0.0,0.0,0.0,0.8399999737739563,-0.6200000047683716,0.5099999904632568,-0.4300000071525574,-0.8399999737739563,0.6200000047683716,-0.5099999904632568,0.4300000071525574,-0.2939999908208847,0.21700000166893,-0.1784999966621399,0.150500002503395,0.0,0.0,0.0,0.0,-1,1,-1,1,0,0,0,0,0,0,0,0,23.77974772453308
1784751762.5695662,0.0,0.0,0.0,0.0,0.0,0,0.0,0.0,0.0,0.0,1.0399999618530271,-0.4300000071525574,0.5899999737739563,-0.0700000002980232,-1.0399999618530271,0.4300000071525574,-0.5899999737739563,0.0700000002980232,-0.3639999866485595,0.150500002503395,-0.2064999908208847,0.0245000001043081,0.0,0.0,0.0,0.0,-1,1,-1,1,0,0,0,0,0,0,0,0,23.799829244613647
1784751762.5895274,0.0,0.0,0.0,0.0,0.0,0,0.0,0.0,0.0,0.0,1.0399999618530271,-0.4300000071525574,0.5899999737739563,-0.0700000002980232,-1.0399999618530271,0.4300000071525574,-0.5899999737739563,0.0700000002980232,-0.3639999866485595,0.150500002503395,-0.2064999908208847,0.0245000001043081,0.0,0.0,0.0,0.0,-1,1,-1,1,0,0,0,0,0,0,0,0,23.819790363311768
1784751762.60952,25.811207247803477,0.0,0.12,25.811207247803477,0.0,0,17.809058289701976,-2.641127628813561,17.809058289701976,-2.641127628813561,1.0399999618530271,-0.4300000071525574,0.5899999737739563,-0.0700000002980232,16.76905832784895,-2.211127621661004,17.21905831592802,-2.571127628515538,5.869170414747132,-0.7738946675813513,6.026670410574806,-0.8998946699804382,0.1509215249506405,-0.019900148594949,0.1549715248433522,-0.0231401486566398,-1,1,-1,1,-14,-13,-14,-13,-20,-14,-20,-14,23.83978295326233
1784751762.6295128,25.811207247803477,0.0,0.12,25.811207247803477,0.0,0,17.809058289701976,-2.641127628813561,17.809058289701976,-2.641127628813561,0.7300000190734863,-0.3000000119209289,0.4099999964237213,-0.050000000745058,17.07905827062849,-2.3411276168926323,17.399058293278255,-2.591127628068503,5.977670394719971,-0.8193946659124213,6.089670402647389,-0.906894669823976,0.304633049386297,-0.0409702971469827,0.3115630494828565,-0.0464602973092563,-1,1,-1,1,-14,-13,-14,-13,-20,-14,-20,-14,23.85977578163147
1784751762.6495192,25.811207247803477,0.0,0.12,25.811207247803477,0.0,0,17.809058289701976,-2.641127628813561,17.809058289701976,-2.641127628813561,0.7300000190734863,-0.3000000119209289,0.4099999964237213,-0.050000000745058,17.07905827062849,-2.3411276168926323,17.399058293278255,-2.591127628068503,5.977670394719971,-0.8193946659124213,6.089670402647389,-0.906894669823976,0.4583445738219533,-0.0620404456990164,0.4681545741223608,-0.0697804459618729,-1,1,-1,1,-14,-13,-14,-13,-20,-14,-21,-14,23.87978219985962
1784751762.669559,0.0,0.0,0.0,0.0,0.0,0,0.0,0.0,0.0,0.0,0.7400000095367432,-0.209999993443489,0.7400000095367432,-0.4900000095367431,-0.7400000095367432,0.209999993443489,-0.7400000095367432,0.4900000095367431,-0.2590000033378601,0.0734999977052211,-0.2590000033378601,0.17150000333786,0.0,0.0,0.0,0.0,-1,1,-1,1,0,0,0,0,0,0,0,0,23.899821996688843
1784751762.6899238,0.0,0.0,0.0,0.0,0.0,0,0.0,0.0,0.0,0.0,0.7400000095367432,-0.209999993443489,0.7400000095367432,-0.4900000095367431,-0.7400000095367432,0.209999993443489,-0.7400000095367432,0.4900000095367431,-0.2590000033378601,0.0734999977052211,-0.2590000033378601,0.17150000333786,0.0,0.0,0.0,0.0,-1,1,-1,1,0,0,0,0,0,0,0,0,23.920186758041382
1784751762.7097142,0.0,0.0,0.0,0.0,0.0,0,0.0,0.0,0.0,0.0,0.7400000095367432,-0.209999993443489,0.7400000095367432,-0.4900000095367431,-0.7400000095367432,0.209999993443489,-0.7400000095367432,0.4900000095367431,-0.2590000033378601,0.0734999977052211,-0.2590000033378601,0.17150000333786,0.0,0.0,0.0,0.0,-1,1,-1,1,0,0,0,0,0,0,0,0,23.939977169036865
1784751762.7296586,0.0,0.0,0.0,0.0,0.0,0,0.0,0.0,0.0,0.0,1.190000057220459,-0.3700000047683716,0.9700000286102296,-0.3400000035762787,-1.190000057220459,0.3700000047683716,-0.9700000286102296,0.3400000035762787,-0.4165000200271606,0.12950000166893,-0.3395000100135803,0.1190000012516975,0.0,0.0,0.0,0.0,-1,1,-1,1,0,0,0,0,0,0,0,0,23.95992159843445
1784751762.749512,0.0,0.0,0.0,0.0,0.0,0,0.0,0.0,0.0,0.0,1.190000057220459,-0.3700000047683716,0.9700000286102296,-0.3400000035762787,-1.190000057220459,0.3700000047683716,-0.9700000286102296,0.3400000035762787,-0.4165000200271606,0.12950000166893,-0.3395000100135803,0.1190000012516975,0.0,0.0,0.0,0.0,-1,1,-1,1,0,0,0,0,0,0,0,0,23.979774951934814
1784751762.7696142,25.811207247803477,0.0,0.12,25.811207247803477,0.0,0,17.809058289701976,-2.641127628813561,17.809058289701976,-2.641127628813561,0.8399999737739563,-0.2599999904632568,0.6800000071525574,-0.2399999946355819,16.96905831592802,-2.3811276383503044,17.12905828254942,-2.4011276341779797,5.939170410574807,-0.8333946734226065,5.995170398892296,-0.8403946719622927,0.1527215248433522,-0.0214301487451527,0.1541615245429448,-0.0216101487076018,-1,1,-1,1,-14,-13,-14,-13,-20,-14,-20,-14,23.999877214431763
1784751762.789513,25.811207247803477,0.0,0.12,25.811207247803477,0.0,0,17.809058289701976,-2.641127628813561,17.809058289701976,-2.641127628813561,0.8399999737739563,-0.2599999904632568,0.6800000071525574,-0.2399999946355819,16.96905831592802,-2.3811276383503044,17.12905828254942,-2.4011276341779797,5.939170410574807,-0.8333946734226065,5.995170398892296,-0.8403946719622927,0.3054430496867044,-0.0428602974903054,0.3083230490858896,-0.0432202974152036,-1,1,-1,1,-14,-13,-14,-13,-20,-14,-20,-14,24.019776105880737
1784751762.8095248,25.811207247803477,0.0,0.12,25.811207247803477,0.0,0,17.809058289701976,-2.641127628813561,17.809058289701976,-2.641127628813561,0.8399999737739563,-0.2599999904632568,0.6800000071525574,-0.2399999946355819,16.96905831592802,-2.3811276383503044,17.12905828254942,-2.4011276341779797,5.939170410574807,-0.8333946734226065,5.995170398892296,-0.8403946719622927,0.4581645745300565,-0.0642904462354582,0.4624845736288344,-0.0648304461228054,-1,1,-1,1,-14,-13,-14,-13,-20,-14,-20,-14,24.039787769317627
1784751762.8294983,0.0,0.0,0.0,0.0,0.0,0,0.0,0.0,0.0,0.0,0.8100000023841858,-0.1800000071525573,0.699999988079071,-0.3899999856948852,-0.8100000023841858,0.1800000071525573,-0.699999988079071,0.3899999856948852,-0.283500000834465,0.063000002503395,-0.2449999958276748,0.1364999949932098,0.0,0.0,0.0,0.0,-1,1,-1,1,0,0,0,0,0,0,0,0,24.05976128578186
1784751762.849573,0.0,0.0,0.0,0.0,0.0,0,0.0,0.0,0.0,0.0,0.8100000023841858,-0.1800000071525573,0.699999988079071,-0.3899999856948852,-0.8100000023841858,0.1800000071525573,-0.699999988079071,0.3899999856948852,-0.283500000834465,0.063000002503395,-0.2449999958276748,0.1364999949932098,0.0,0.0,0.0,0.0,-1,1,-1,1,0,0,0,0,0,0,0,0,24.079835891723633
1784751762.8695352,0.0,0.0,0.0,0.0,0.0,0,0.0,0.0,0.0,0.0,1.0199999809265137,-0.3499999940395355,0.9399999976158142,-0.2800000011920929,-1.0199999809265137,0.3499999940395355,-0.9399999976158142,0.2800000011920929,-0.3569999933242798,0.1224999979138374,-0.3289999991655349,0.0980000004172325,0.0,0.0,0.0,0.0,-1,1,-1,1,0,0,0,0,0,0,0,0,24.09979820251465
1784751762.8904152,0.0,0.0,0.0,0.0,0.0,0,0.0,0.0,0.0,0.0,1.0199999809265137,-0.3499999940395355,0.9399999976158142,-0.2800000011920929,-1.0199999809265137,0.3499999940395355,-0.9399999976158142,0.2800000011920929,-0.3569999933242798,0.1224999979138374,-0.3289999991655349,0.0980000004172325,0.0,0.0,0.0,0.0,-1,1,-1,1,0,0,0,0,0,0,0,0,24.120678186416626
1784751762.9095056,0.0,0.0,0.0,0.0,0.0,0,0.0,0.0,0.0,0.0,1.0199999809265137,-0.3499999940395355,0.9399999976158142,-0.2800000011920929,-1.0199999809265137,0.3499999940395355,-0.9399999976158142,0.2800000011920929,-0.3569999933242798,0.1224999979138374,-0.3289999991655349,0.0980000004172325,0.0,0.0,0.0,0.0,-1,1,-1,1,0,0,0,0,0,0,0,0,24.139768600463867
1784751762.929604,25.811207247803477,0.0,0.12,25.811207247803477,0.0,0,17.809058289701976,-2.641127628813561,17.809058289701976,-2.641127628813561,0.7099999785423279,-0.25,0.6600000262260437,-0.1899999976158142,17.09905831115965,-2.391127628813561,17.149058263475933,-2.451127631197747,5.984670408905877,-0.8368946700847464,6.002170392216576,-0.8578946709192115,0.1538915248004368,-0.021520148659322,0.1543415243712834,-0.0220601486807797,-1,1,-1,1,-14,-13,-14,-13,-20,-14,-20,-14,24.15986704826355
1784751762.9495063,25.811207247803477,0.0,0.12,25.811207247803477,0.0,0,17.809058289701976,-2.641127628813561,17.809058289701976,-2.641127628813561,0.7099999785423279,-0.25,0.6600000262260437,-0.1899999976158142,17.09905831115965,-2.391127628813561,17.149058263475933,-2.451127631197747,5.984670408905877,-0.8368946700847464,6.002170392216576,-0.8578946709192115,0.3077830496008737,-0.0430402973186441,0.3086830487425668,-0.0441202973615594,-1,1,-1,1,-14,-13,-14,-13,-20,-14,-20,-14,24.179769277572632
1784751762.9697056,25.811207247803477,0.0,0.12,25.811207247803477,0.0,0,17.809058289701976,-2.641127628813561,17.809058289701976,-2.641127628813561,0.7300000190734863,-0.1700000017881393,0.4600000083446502,-0.1400000005960464,17.07905827062849,-2.471127627025422,17.349058281357326,-2.5011276282175148,5.977670394719971,-0.8648946694588976,6.072170398475064,-0.8753946698761301,0.4614945740365301,-0.0652804459618729,0.4648245732747827,-0.066630446015517,-1,1,-1,1,-14,-13,-14,-13,-20,-14,-21,-14,24.199968576431274
1784751762.98962,0.0,0.0,0.0,0.0,0.0,0,0.0,0.0,0.0,0.0,0.7300000190734863,-0.1700000017881393,0.4600000083446502,-0.1400000005960464,-0.7300000190734863,0.1700000017881393,-0.4600000083446502,0.1400000005960464,-0.2555000066757202,0.0595000006258487,-0.1610000029206275,0.0490000002086162,0.0,0.0,0.0,0.0,-1,1,-1,1,0,0,0,0,0,0,0,0,24.21988296508789
1784751763.0094843,0.0,0.0,0.0,0.0,0.0,0,0.0,0.0,0.0,0.0,0.7300000190734863,-0.1700000017881393,0.4600000083446502,-0.1400000005960464,-0.7300000190734863,0.1700000017881393,-0.4600000083446502,0.1400000005960464,-0.2555000066757202,0.0595000006258487,-0.1610000029206275,0.0490000002086162,0.0,0.0,0.0,0.0,-1,1,-1,1,0,0,0,0,0,0,0,0,24.239747285842896
1784751763.0295076,0.0,0.0,0.0,0.0,0.0,0,0.0,0.0,0.0,0.0,0.959999978542328,-0.3499999940395355,0.7799999713897705,-0.3199999928474426,-0.959999978542328,0.3499999940395355,-0.7799999713897705,0.3199999928474426,-0.3359999924898147,0.1224999979138374,-0.2729999899864196,0.1119999974966049,0.0,0.0,0.0,0.0,-1,1,-1,1,0,0,0,0,0,0,0,0,24.25977063179016
1784751763.0494852,0.0,0.0,0.0,0.0,0.0,0,0.0,0.0,0.0,0.0,0.959999978542328,-0.3499999940395355,0.7799999713897705,-0.3199999928474426,-0.959999978542328,0.3499999940395355,-0.7799999713897705,0.3199999928474426,-0.3359999924898147,0.1224999979138374,-0.2729999899864196,0.1119999974966049,0.0,0.0,0.0,0.0,-1,1,-1,1,0,0,0,0,0,0,0,0,24.27974820137024
1784751763.0697,0.0,0.0,0.0,0.0,0.0,0,0.0,0.0,0.0,0.0,0.6700000166893005,-0.2399999946355819,0.5400000214576721,-0.2199999988079071,-0.6700000166893005,0.2399999946355819,-0.5400000214576721,0.2199999988079071,-0.2345000058412551,0.0839999981224536,-0.1890000075101852,0.0769999995827674,0.0,0.0,0.0,0.0,-1,1,-1,1,0,0,0,0,0,0,0,0,24.299962997436523
1784751763.089512,25.811207247803477,0.0,0.12,25.811207247803477,0.0,0,17.809058289701976,-2.641127628813561,17.809058289701976,-2.641127628813561,0.6700000166893005,-0.2399999946355819,0.5400000214576721,-0.2199999988079071,17.139058273012676,-2.4011276341779797,17.269058268244304,-2.421127630005654,5.998670395554436,-0.8403946719622927,6.044170393885506,-0.8473946705019789,0.154251524457114,-0.0216101487076018,0.1554215244141987,-0.0217901486700508,-1,1,-1,1,-14,-13,-14,-13,-20,-14,-20,-14,24.319775104522705
1784751763.109516,25.811207247803477,0.0,0.12,25.811207247803477,0.0,0,17.809058289701976,-2.641127628813561,17.809058289701976,-2.641127628813561,0.6700000166893005,-0.2399999946355819,0.5400000214576721,-0.2199999988079071,17.139058273012676,-2.4011276341779797,17.269058268244304,-2.421127630005654,5.998670395554436,-0.8403946719622927,6.044170393885506,-0.8473946705019789,0.3085030489142281,-0.0432202974152036,0.3108430488283975,-0.0435802973401017,-1,1,-1,1,-14,-13,-14,-13,-20,-14,-20,-14,24.339778900146484
1784751763.129531,25.811207247803477,0.0,0.12,25.811207247803477,0.0,0,17.809058289701976,-2.641127628813561,17.809058289701976,-2.641127628813561,0.4699999988079071,-0.1700000017881393,0.3799999952316284,-0.1599999964237213,17.33905829089407,-2.471127627025422,17.429058294470348,-2.48112763238984,6.068670401812924,-0.8648946694588976,6.100170403064621,-0.8683946713364439,0.4645545735322748,-0.0654604460584324,0.4677045734786306,-0.0659104460316103,-1,1,-1,1,-14,-13,-14,-13,-21,-14,-21,-14,24.35979390144348
1784751763.1495724,0.0,0.0,0.0,0.0,0.0,0,0.0,0.0,0.0,0.0,0.4699999988079071,-0.1700000017881393,0.3799999952316284,-0.1599999964237213,-0.4699999988079071,0.1700000017881393,-0.3799999952316284,0.1599999964237213,-0.1644999995827674,0.0595000006258487,-0.1329999983310699,0.0559999987483024,0.0,0.0,0.0,0.0,-1,1,-1,1,0,0,0,0,0,0,0,0,24.37983536720276
1784751763.1695771,0.0,0.0,0.0,0.0,0.0,0,0.0,0.0,0.0,0.0,0.4699999988079071,-0.1700000017881393,0.3799999952316284,-0.1599999964237213,-0.4699999988079071,0.1700000017881393,-0.3799999952316284,0.1599999964237213,-0.1644999995827674,0.0595000006258487,-0.1329999983310699,0.0559999987483024,0.0,0.0,0.0,0.0,-1,1,-1,1,0,0,0,0,0,0,0,0,24.399840116500854
1784751763.1895037,0.0,0.0,0.0,0.0,0.0,0,0.0,0.0,0.0,0.0,0.5600000023841858,-0.3499999940395355,0.4900000095367431,-0.1099999994039535,-0.5600000023841858,0.3499999940395355,-0.4900000095367431,0.1099999994039535,-0.196000000834465,0.1224999979138374,-0.17150000333786,0.0384999997913837,0.0,0.0,0.0,0.0,-1,1,-1,1,0,0,0,0,0,0,0,0,24.419766664505005
1784751763.2095673,0.0,0.0,0.0,0.0,0.0,0,0.0,0.0,0.0,0.0,0.5600000023841858,-0.3499999940395355,0.4900000095367431,-0.1099999994039535,-0.5600000023841858,0.3499999940395355,-0.4900000095367431,0.1099999994039535,-0.196000000834465,0.1224999979138374,-0.17150000333786,0.0384999997913837,0.0,0.0,0.0,0.0,-1,1,-1,1,0,0,0,0,0,0,0,0,24.43983030319214
1784751763.229483,0.0,0.0,0.0,0.0,0.0,0,0.0,0.0,0.0,0.0,0.3899999856948852,-0.2399999946355819,0.5699999928474426,-0.0799999982118606,-0.3899999856948852,0.2399999946355819,-0.5699999928474426,0.0799999982118606,-0.1364999949932098,0.0839999981224536,-0.1994999974966049,0.0279999993741512,0.0,0.0,0.0,0.0,-1,1,-1,1,0,0,0,0,0,0,0,0,24.45974588394165
1784751763.249494,25.811207247803477,0.0,0.12,25.811207247803477,0.0,0,17.809058289701976,-2.641127628813561,17.809058289701976,-2.641127628813561,0.3899999856948852,-0.2399999946355819,0.5699999928474426,-0.0799999982118606,17.41905830400709,-2.4011276341779797,17.239058296854534,-2.561127630601701,6.096670406402482,-0.8403946719622927,6.033670403899087,-0.8963946707105951,0.1567715247360638,-0.0216101487076018,0.1551515246716908,-0.0230501486754153,-1,1,-1,1,-14,-13,-14,-13,-20,-14,-20,-14,24.479757070541382
1784751763.2697449,25.811207247803477,0.0,0.12,25.811207247803477,0.0,0,17.809058289701976,-2.641127628813561,17.809058289701976,-2.641127628813561,0.270000010728836,-0.1700000017881393,0.4000000059604645,-0.050000000745058,17.53905827897314,-2.471127627025422,17.409058283741512,-2.591127628068503,6.138670397640599,-0.8648946694588976,6.093170399309529,-0.906894669823976,0.3146230492468221,-0.0438502973508306,0.3118330492253644,-0.0463702973280318,-1,1,-1,1,-14,-13,-14,-13,-20,-14,-20,-14,24.50000786781311
1784751763.2895193,25.811207247803477,0.0,0.12,25.811207247803477,0.0,0,17.809058289701976,-2.641127628813561,17.809058289701976,-2.641127628813561,0.270000010728836,-0.1700000017881393,0.4000000059604645,-0.050000000745058,17.53905827897314,-2.471127627025422,17.409058283741512,-2.591127628068503,6.138670397640599,-0.8648946694588976,6.093170399309529,-0.906894669823976,0.4724745737575804,-0.0660904459940594,0.468514573779038,-0.0696904459806483,-1,1,-1,1,-14,-13,-14,-13,-21,-14,-21,-14,24.519782304763794
1784751763.310454,0.0,0.0,0.0,0.0,0.0,0,0.0,0.0,0.0,0.0,0.270000010728836,-0.1700000017881393,0.4000000059604645,-0.050000000745058,-0.270000010728836,0.1700000017881393,-0.4000000059604645,0.050000000745058,-0.0945000037550926,0.0595000006258487,-0.1400000020861625,0.0175000002607703,0.0,0.0,0.0,0.0,-1,1,-1,1,0,0,0,0,0,0,0,0,24.540716886520386
1784751763.329501,0.0,0.0,0.0,0.0,0.0,0,0.0,0.0,0.0,0.0,0.6399999856948853,-0.3499999940395355,0.7300000190734863,-0.2599999904632568,-0.6399999856948853,0.3499999940395355,-0.7300000190734863,0.2599999904632568,-0.2239999949932098,0.1224999979138374,-0.2555000066757202,0.0909999966621398,0.0,0.0,0.0,0.0,-1,1,-1,1,0,0,0,0,0,0,0,0,24.55976390838623
1784751763.349511,0.0,0.0,0.0,0.0,0.0,0,0.0,0.0,0.0,0.0,0.6399999856948853,-0.3499999940395355,0.7300000190734863,-0.2599999904632568,-0.6399999856948853,0.3499999940395355,-0.7300000190734863,0.2599999904632568,-0.2239999949932098,0.1224999979138374,-0.2555000066757202,0.0909999966621398,0.0,0.0,0.0,0.0,-1,1,-1,1,0,0,0,0,0,0,0,0,24.579773902893066
1784751763.3695548,0.0,0.0,0.0,0.0,0.0,0,0.0,0.0,0.0,0.0,0.6800000071525574,-0.0199999995529651,0.9700000286102296,-0.4099999964237213,-0.6800000071525574,0.0199999995529651,-0.9700000286102296,0.4099999964237213,-0.238000002503395,0.0069999998435378,-0.3395000100135803,0.1434999987483024,0.0,0.0,0.0,0.0,-1,1,-1,1,0,0,0,0,0,0,0,0,24.599817752838135
1784751763.3894734,0.0,0.0,0.0,0.0,0.0,0,0.0,0.0,0.0,0.0,0.6800000071525574,-0.0199999995529651,0.9700000286102296,-0.4099999964237213,-0.6800000071525574,0.0199999995529651,-0.9700000286102296,0.4099999964237213,-0.238000002503395,0.0069999998435378,-0.3395000100135803,0.1434999987483024,0.0,0.0,0.0,0.0,-1,1,-1,1,0,0,0,0,0,0,0,0,24.619736433029175
1784751763.4096289,25.811207247803477,0.0,0.12,25.811207247803477,0.0,0,17.809058289701976,-2.641127628813561,17.809058289701976,-2.641127628813561,0.6800000071525574,-0.0199999995529651,0.9700000286102296,-0.4099999964237213,17.12905828254942,-2.621127629260596,16.839058261091747,-2.23112763238984,5.995170398892296,-0.9173946702412086,5.893670391382111,-0.780894671336444,0.1541615245429448,-0.0235901486633453,0.1515515243498257,-0.0200801486915085,-1,1,-1,1,-14,-13,-14,-13,-20,-14,-20,-14,24.639891862869263
1784751763.4295068,25.811207247803477,0.0,0.12,25.811207247803477,0.0,0,17.809058289701976,-2.641127628813561,17.809058289701976,-2.641127628813561,0.4699999988079071,-0.0099999997764825,0.6800000071525574,-0.2899999916553497,17.33905829089407,-2.631127629037078,17.12905828254942,-2.3511276371582115,6.068670401812924,-0.9208946701629774,5.995170398892296,-0.822894673005374,0.3102130491609914,-0.047270297324679,0.3057130488927705,-0.0412402974259324,-1,1,-1,1,-14,-13,-14,-13,-20,-14,-20,-14,24.659769773483276
1784751763.4495318,25.811207247803477,0.0,0.12,25.811207247803477,0.0,0,17.809058289701976,-2.641127628813561,17.809058289701976,-2.641127628813561,0.4699999988079071,-0.0099999997764825,0.6800000071525574,-0.2899999916553497,17.33905829089407,-2.631127629037078,17.12905828254942,-2.3511276371582115,6.068670401812924,-0.9208946701629774,5.995170398892296,-0.822894673005374,0.466264573779038,-0.0709504459860127,0.4598745734357153,-0.0624004461603563,-1,1,-1,1,-14,-13,-14,-13,-21,-14,-20,-14,24.679794788360596
1784751763.469555,0.0,0.0,0.0,0.0,0.0,0,0.0,0.0,0.0,0.0,0.5600000023841858,-0.2300000041723251,0.9300000071525574,-0.2000000029802322,-0.5600000023841858,0.2300000041723251,-0.9300000071525574,0.2000000029802322,-0.196000000834465,0.0805000014603137,-0.325500002503395,0.0700000010430812,0.0,0.0,0.0,0.0,-1,1,-1,1,0,0,0,0,0,0,0,0,24.699817895889282
1784751763.4895318,0.0,0.0,0.0,0.0,0.0,0,0.0,0.0,0.0,0.0,0.5600000023841858,-0.2300000041723251,0.9300000071525574,-0.2000000029802322,-0.5600000023841858,0.2300000041723251,-0.9300000071525574,0.2000000029802322,-0.196000000834465,0.0805000014603137,-0.325500002503395,0.0700000010430812,0.0,0.0,0.0,0.0,-1,1,-1,1,0,0,0,0,0,0,0,0,24.719794750213623
1784751763.5095036,0.0,0.0,0.0,0.0,0.0,0,0.0,0.0,0.0,0.0,0.5600000023841858,-0.2300000041723251,0.9300000071525574,-0.2000000029802322,-0.5600000023841858,0.2300000041723251,-0.9300000071525574,0.2000000029802322,-0.196000000834465,0.0805000014603137,-0.325500002503395,0.0700000010430812,0.0,0.0,0.0,0.0,-1,1,-1,1,0,0,0,0,0,0,0,0,24.739766597747803
1784751763.5294702,0.0,0.0,0.0,0.0,0.0,0,0.0,0.0,0.0,0.0,0.6200000047683716,0.0599999986588954,0.8700000047683716,-0.1400000005960464,-0.6200000047683716,-0.0599999986588954,-0.8700000047683716,0.1400000005960464,-0.21700000166893,-0.0209999995306134,-0.30450000166893,0.0490000002086162,0.0,0.0,0.0,0.0,-1,1,-1,1,0,0,0,0,0,0,0,0,24.759733200073242
1784751763.5495136,0.0,0.0,0.0,0.0,0.0,0,0.0,0.0,0.0,0.0,0.6200000047683716,0.0599999986588954,0.8700000047683716,-0.1400000005960464,-0.6200000047683716,-0.0599999986588954,-0.8700000047683716,0.1400000005960464,-0.21700000166893,-0.0209999995306134,-0.30450000166893,0.0490000002086162,0.0,0.0,0.0,0.0,-1,1,-1,1,0,0,0,0,0,0,0,0,24.779776573181152
1784751763.5695877,25.811207247803477,0.0,0.12,25.811207247803477,0.0,0,17.809058289701976,-2.641127628813561,17.809058289701976,-2.641127628813561,0.4300000071525574,0.0399999991059303,0.6100000143051147,-0.1000000014901161,17.37905828254942,-2.681127627919492,17.19905827539686,-2.541127627323445,6.082670398892296,-0.938394669771822,6.019670396388901,-0.8893946695632057,0.1564115245429447,-0.0241301486512754,0.1547915244785717,-0.022870148645911,-1,1,-1,1,-14,-13,-14,-13,-20,-14,-20,-14,24.799850702285767
1784751763.589535,25.811207247803477,0.0,0.12,25.811207247803477,0.0,0,17.809058289701976,-2.641127628813561,17.809058289701976,-2.641127628813561,0.4300000071525574,0.0399999991059303,0.6100000143051147,-0.1000000014901161,17.37905828254942,-2.681127627919492,17.19905827539686,-2.541127627323445,6.082670398892296,-0.938394669771822,6.019670396388901,-0.8893946695632057,0.3128230490858895,-0.0482602973025508,0.3095830489571435,-0.045740297291822,-1,1,-1,1,-14,-13,-14,-13,-20,-14,-20,-14,24.8197979927063
1784751763.609512,25.811207247803477,0.0,0.12,25.811207247803477,0.0,0,17.809058289701976,-2.641127628813561,17.809058289701976,-2.641127628813561,0.4300000071525574,0.0399999991059303,0.6100000143051147,-0.1000000014901161,17.37905828254942,-2.681127627919492,17.19905827539686,-2.541127627323445,6.082670398892296,-0.938394669771822,6.019670396388901,-0.8893946695632057,0.4692345736288343,-0.0723904459538262,0.4643745734357153,-0.068610445937733,-1,1,-1,1,-14,-13,-14,-13,-21,-14,-20,-14,24.83977508544922
1784751763.6294885,0.0,0.0,0.0,0.0,0.0,0,0.0,0.0,0.0,0.0,0.5299999713897705,-0.2000000029802322,0.6600000262260437,-0.0700000002980232,-0.5299999713897705,0.2000000029802322,-0.6600000262260437,0.0700000002980232,-0.1854999899864196,0.0700000010430812,-0.2310000091791152,0.0245000001043081,0.0,0.0,0.0,0.0,-1,1,-1,1,0,0,0,0,0,0,0,0,24.8597514629364
1784751763.6494975,0.0,0.0,0.0,0.0,0.0,0,0.0,0.0,0.0,0.0,0.5299999713897705,-0.2000000029802322,0.6600000262260437,-0.0700000002980232,-0.5299999713897705,0.2000000029802322,-0.6600000262260437,0.0700000002980232,-0.1854999899864196,0.0700000010430812,-0.2310000091791152,0.0245000001043081,0.0,0.0,0.0,0.0,-1,1,-1,1,0,0,0,0,0,0,0,0,24.87976050376892
1784751763.6697662,0.0,0.0,0.0,0.0,0.0,0,0.0,0.0,0.0,0.0,0.8199999928474426,-0.3600000143051147,0.6800000071525574,-0.270000010728836,-0.8199999928474426,0.3600000143051147,-0.6800000071525574,0.270000010728836,-0.2869999974966049,0.1260000050067901,-0.238000002503395,0.0945000037550926,0.0,0.0,0.0,0.0,-1,1,-1,1,0,0,0,0,0,0,0,0,24.900029182434082
1784751763.6895263,0.0,0.0,0.0,0.0,0.0,0,0.0,0.0,0.0,0.0,0.8199999928474426,-0.3600000143051147,0.6800000071525574,-0.270000010728836,-0.8199999928474426,0.3600000143051147,-0.6800000071525574,0.270000010728836,-0.2869999974966049,0.1260000050067901,-0.238000002503395,0.0945000037550926,0.0,0.0,0.0,0.0,-1,1,-1,1,0,0,0,0,0,0,0,0,24.91978931427002
1784751763.7094886,0.0,0.0,0.0,0.0,0.0,0,0.0,0.0,0.0,0.0,0.8199999928474426,-0.3600000143051147,0.6800000071525574,-0.270000010728836,-0.8199999928474426,0.3600000143051147,-0.6800000071525574,0.270000010728836,-0.2869999974966049,0.1260000050067901,-0.238000002503395,0.0945000037550926,0.0,0.0,0.0,0.0,-1,1,-1,1,0,0,0,0,0,0,0,0,24.939751625061035
1784751763.729699,25.811207247803477,0.0,0.12,25.811207247803477,0.0,0,17.809058289701976,-2.641127628813561,17.809058289701976,-2.641127628813561,0.5799999833106995,-0.25,0.4799999892711639,-0.1899999976158142,17.229058306391277,-2.391127628813561,17.329058300430813,-2.451127631197747,6.030170407236946,-0.8368946700847464,6.065170405150784,-0.8578946709192115,0.1550615247575215,-0.021520148659322,0.1559615247038773,-0.0220601486807797,-1,1,-1,1,-14,-13,-14,-13,-20,-14,-20,-14,24.959961891174316
1784751763.749498,25.811207247803477,0.0,0.12,25.811207247803477,0.0,0,17.809058289701976,-2.641127628813561,17.809058289701976,-2.641127628813561,0.5799999833106995,-0.25,0.4799999892711639,-0.1899999976158142,17.229058306391277,-2.391127628813561,17.329058300430813,-2.451127631197747,6.030170407236946,-0.8368946700847464,6.065170405150784,-0.8578946709192115,0.310123049515043,-0.0430402973186441,0.3119230494077546,-0.0441202973615594,-1,1,-1,1,-14,-13,-14,-13,-20,-14,-20,-14,24.979760885238647
1784751763.769654,25.811207247803477,0.0,0.12,25.811207247803477,0.0,0,17.809058289701976,-2.641127628813561,17.809058289701976,-2.641127628813561,0.6299999952316284,-0.1800000071525573,0.5600000023841858,-0.1299999952316284,17.179058294470348,-2.461127621661004,17.24905828731779,-2.511127633581933,6.012670403064622,-0.8613946675813513,6.037170400561227,-0.8788946717536764,0.4647345741652761,-0.0651904459135931,0.4671645739936148,-0.0667204460637968,-1,1,-1,1,-14,-13,-14,-13,-20,-14,-21,-14,24.999917030334473
1784751763.789483,0.0,0.0,0.0,0.0,0.0,0,0.0,0.0,0.0,0.0,0.6299999952316284,-0.1800000071525573,0.5600000023841858,-0.1299999952316284,-0.6299999952316284,0.1800000071525573,-0.5600000023841858,0.1299999952316284,-0.2204999983310699,0.063000002503395,-0.196000000834465,0.0454999983310699,0.0,0.0,0.0,0.0,-1,1,-1,1,0,0,0,0,0,0,0,0,25.01974606513977
1784751763.8094697,0.0,0.0,0.0,0.0,0.0,0,0.0,0.0,0.0,0.0,0.6299999952316284,-0.1800000071525573,0.5600000023841858,-0.1299999952316284,-0.6299999952316284,0.1800000071525573,-0.5600000023841858,0.1299999952316284,-0.2204999983310699,0.063000002503395,-0.196000000834465,0.0454999983310699,0.0,0.0,0.0,0.0,-1,1,-1,1,0,0,0,0,0,0,0,0,25.039732694625854
1784751763.82952,0.0,0.0,0.0,0.0,0.0,0,0.0,0.0,0.0,0.0,1.350000023841858,-0.5799999833106995,1.0700000524520874,-0.0900000035762786,-1.350000023841858,0.5799999833106995,-1.0700000524520874,0.0900000035762786,-0.4725000083446502,0.2029999941587448,-0.3745000183582305,0.0315000012516975,0.0,0.0,0.0,0.0,-1,1,-1,1,0,0,0,0,0,0,0,0,25.05978298187256
1784751763.8495069,0.0,0.0,0.0,0.0,0.0,0,0.0,0.0,0.0,0.0,1.350000023841858,-0.5799999833106995,1.0700000524520874,-0.0900000035762786,-1.350000023841858,0.5799999833106995,-1.0700000524520874,0.0900000035762786,-0.4725000083446502,0.2029999941587448,-0.3745000183582305,0.0315000012516975,0.0,0.0,0.0,0.0,-1,1,-1,1,0,0,0,0,0,0,0,0,25.07976984977722
1784751763.8698392,0.0,0.0,0.0,0.0,0.0,0,0.0,0.0,0.0,0.0,1.1699999570846558,-0.4000000059604645,0.75,-0.0700000002980232,-1.1699999570846558,0.4000000059604645,-0.75,0.0700000002980232,-0.4094999849796294,0.1400000020861625,-0.2624999999999999,0.0245000001043081,0.0,0.0,0.0,0.0,-1,1,-1,1,0,0,0,0,0,0,0,0,25.100102186203003
1784751763.8894908,25.811207247803477,0.0,0.12,25.811207247803477,0.0,0,17.809058289701976,-2.641127628813561,17.809058289701976,-2.641127628813561,1.1699999570846558,-0.4000000059604645,0.75,-0.0700000002980232,16.63905833261732,-2.2411276228530967,17.059058289701976,-2.571127628515538,5.8236704164160615,-0.7843946679985838,5.970670401395691,-0.8998946699804382,0.1497515249935559,-0.0201701486056778,0.1535315246073178,-0.0231401486566398,-1,1,-1,1,-14,-13,-14,-13,-20,-14,-20,-14,25.11975383758545
1784751763.9103544,25.811207247803477,0.0,0.12,25.811207247803477,0.0,0,17.809058289701976,-2.641127628813561,17.809058289701976,-2.641127628813561,1.1699999570846558,-0.4000000059604645,0.75,-0.0700000002980232,16.63905833261732,-2.2411276228530967,17.059058289701976,-2.571127628515538,5.8236704164160615,-0.7843946679985838,5.970670401395691,-0.8998946699804382,0.2995030499871118,-0.0403402972113557,0.3070630492146356,-0.0462802973132796,-1,1,-1,1,-14,-13,-14,-13,-20,-14,-20,-14,25.14061737060547
1784751763.9295087,25.811207247803477,0.0,0.12,25.811207247803477,0.0,0,17.809058289701976,-2.641127628813561,17.809058289701976,-2.641127628813561,0.8199999928474426,-0.2800000011920929,0.5299999713897705,-0.050000000745058,16.989058296854534,-2.3611276276214683,17.279058318312206,-2.591127628068503,5.946170403899086,-0.8263946696675138,6.047670411409272,-0.906894669823976,0.4524045746588026,-0.0615904458599489,0.4625745740794454,-0.0696004459658962,-1,1,-1,1,-14,-13,-14,-13,-20,-14,-21,-14,25.15977168083191
1784751763.9494803,0.0,0.0,0.0,0.0,0.0,0,0.0,0.0,0.0,0.0,0.8199999928474426,-0.2800000011920929,0.5299999713897705,-0.050000000745058,-0.8199999928474426,0.2800000011920929,-0.5299999713897705,0.050000000745058,-0.2869999974966049,0.0980000004172325,-0.1854999899864196,0.0175000002607703,0.0,0.0,0.0,0.0,-1,1,-1,1,0,0,0,0,0,0,0,0,25.17974328994751
1784751763.9695585,0.0,0.0,0.0,0.0,0.0,0,0.0,0.0,0.0,0.0,1.7000000476837158,-0.8799999952316284,1.2699999809265137,-0.2599999904632568,-1.7000000476837158,0.8799999952316284,-1.2699999809265137,0.2599999904632568,-0.5950000166893005,0.3079999983310699,-0.4444999933242797,0.0909999966621398,0.0,0.0,0.0,0.0,-1,1,-1,1,0,0,0,0,0,0,0,0,25.19982147216797
1784751763.9895196,0.0,0.0,0.0,0.0,0.0,0,0.0,0.0,0.0,0.0,1.7000000476837158,-0.8799999952316284,1.2699999809265137,-0.2599999904632568,-1.7000000476837158,0.8799999952316284,-1.2699999809265137,0.2599999904632568,-0.5950000166893005,0.3079999983310699,-0.4444999933242797,0.0909999966621398,0.0,0.0,0.0,0.0,-1,1,-1,1,0,0,0,0,0,0,0,0,25.21978259086609
1784751764.009499,0.0,0.0,0.0,0.0,0.0,0,0.0,0.0,0.0,0.0,1.7000000476837158,-0.8799999952316284,1.2699999809265137,-0.2599999904632568,-1.7000000476837158,0.8799999952316284,-1.2699999809265137,0.2599999904632568,-0.5950000166893005,0.3079999983310699,-0.4444999933242797,0.0909999966621398,0.0,0.0,0.0,0.0,-1,1,-1,1,0,0,0,0,0,0,0,0,25.2397620677948
1784751764.0294526,0.0,0.0,0.0,0.0,0.0,0,0.0,0.0,0.0,0.0,1.649999976158142,-0.6100000143051147,1.1200000047683716,-0.1800000071525573,-1.649999976158142,0.6100000143051147,-1.1200000047683716,0.1800000071525573,-0.5774999916553497,0.2135000050067901,-0.39200000166893,0.063000002503395,0.0,0.0,0.0,0.0,-1,1,-1,1,0,0,0,0,0,0,0,0,25.25971555709839
1784751764.049505,25.811207247803477,0.0,0.12,25.811207247803477,0.0,0,17.809058289701976,-2.641127628813561,17.809058289701976,-2.641127628813561,1.649999976158142,-0.6100000143051147,1.1200000047683716,-0.1800000071525573,16.159058313543834,-2.0311276145084465,16.689058284933605,-2.461127621661004,5.655670409740342,-0.7108946650779562,5.841170399726761,-0.8613946675813513,0.1454315248218945,-0.018280148530576,0.1502015245644024,-0.022150148594949,-1,1,-1,1,-14,-13,-14,-13,-20,-14,-20,-14,25.279767990112305
1784751764.0697794,25.811207247803477,0.0,0.12,25.811207247803477,0.0,0,17.809058289701976,-2.641127628813561,17.809058289701976,-2.641127628813561,1.149999976158142,-0.4300000071525574,0.7799999713897705,-0.1299999952316284,16.659058313543834,-2.211127621661004,17.029058318312206,-2.511127633581933,5.830670409740342,-0.7738946675813513,5.960170411409272,-0.8788946717536764,0.295363049643789,-0.038180297125525,0.3034630494292123,-0.0447502972971864,-1,1,-1,1,-14,-13,-14,-13,-20,-14,-20,-14,25.300042390823364
1784751764.0896225,25.811207247803477,0.0,0.12,25.811207247803477,0.0,0,17.809058289701976,-2.641127628813561,17.809058289701976,-2.641127628813561,1.149999976158142,-0.4300000071525574,0.7799999713897705,-0.1299999952316284,16.659058313543834,-2.211127621661004,17.029058318312206,-2.511127633581933,5.830670409740342,-0.7738946675813513,5.960170411409272,-0.8788946717536764,0.4452945744656835,-0.058080445720474,0.4567245742940222,-0.0673504459994238,-1,1,-1,1,-14,-13,-14,-13,-20,-14,-20,-14,25.31988549232483
1784751764.1095805,0.0,0.0,0.0,0.0,0.0,0,0.0,0.0,0.0,0.0,1.149999976158142,-0.4300000071525574,0.7799999713897705,-0.1299999952316284,-1.149999976158142,0.4300000071525574,-0.7799999713897705,0.1299999952316284,-0.4024999916553497,0.150500002503395,-0.2729999899864196,0.0454999983310699,0.0,0.0,0.0,0.0,-1,1,-1,1,0,0,0,0,0,0,0,0,25.33984351158142
1784751764.12948,0.0,0.0,0.0,0.0,0.0,0,0.0,0.0,0.0,0.0,1.4900000095367432,-0.5299999713897705,1.0,-0.0900000035762786,-1.4900000095367432,0.5299999713897705,-1.0,0.0900000035762786,-0.5215000033378601,0.1854999899864196,-0.35,0.0315000012516975,0.0,0.0,0.0,0.0,-1,1,-1,1,0,0,0,0,0,0,0,0,25.359742879867554
1784751764.1496296,0.0,0.0,0.0,0.0,0.0,0,0.0,0.0,0.0,0.0,1.4900000095367432,-0.5299999713897705,1.0,-0.0900000035762786,-1.4900000095367432,0.5299999713897705,-1.0,0.0900000035762786,-0.5215000033378601,0.1854999899864196,-0.35,0.0315000012516975,0.0,0.0,0.0,0.0,-1,1,-1,1,0,0,0,0,0,0,0,0,25.379892587661743
1784751764.1695468,0.0,0.0,0.0,0.0,0.0,0,0.0,0.0,0.0,0.0,1.2699999809265137,-0.6000000238418579,0.699999988079071,-0.0599999986588954,-1.2699999809265137,0.6000000238418579,-0.699999988079071,0.0599999986588954,-0.4444999933242797,0.2100000083446502,-0.2449999958276748,0.0209999995306134,0.0,0.0,0.0,0.0,-1,1,-1,1,0,0,0,0,0,0,0,0,25.39980983734131
1784751764.1895154,0.0,0.0,0.0,0.0,0.0,0,0.0,0.0,0.0,0.0,1.2699999809265137,-0.6000000238418579,0.699999988079071,-0.0599999986588954,-1.2699999809265137,0.6000000238418579,-0.699999988079071,0.0599999986588954,-0.4444999933242797,0.2100000083446502,-0.2449999958276748,0.0209999995306134,0.0,0.0,0.0,0.0,-1,1,-1,1,0,0,0,0,0,0,0,0,25.41977834701538
1784751764.2094955,25.811207247803477,0.0,0.12,25.811207247803477,0.0,0,17.809058289701976,-2.641127628813561,17.809058289701976,-2.641127628813561,1.2699999809265137,-0.6000000238418579,0.699999988079071,-0.0599999986588954,16.539058308775463,-2.0411276049717038,17.109058301622905,-2.5811276301546657,5.788670408071412,-0.7143946617400961,5.988170405568017,-0.9033946705541328,0.1488515247789791,-0.0183701484447453,0.1539815247146061,-0.0232301486713919,-1,1,-1,1,-14,-13,-14,-13,-20,-14,-20,-14,25.43975853919983
1784751764.2295504,25.811207247803477,0.0,0.12,25.811207247803477,0.0,0,17.809058289701976,-2.641127628813561,17.809058289701976,-2.641127628813561,0.8899999856948853,-0.4199999868869781,0.4900000095367431,-0.0399999991059303,16.91905830400709,-2.221127641926583,17.319058280165233,-2.601127629707631,5.921670406402481,-0.777394674674304,6.061670398057832,-0.9103946703976707,0.301123049515043,-0.0383602972220845,0.3098530492360932,-0.0466402973387606,-1,1,-1,1,-14,-13,-14,-13,-20,-14,-20,-14,25.459813356399536
1784751764.2495246,25.811207247803477,0.0,0.12,25.811207247803477,0.0,0,17.809058289701976,-2.641127628813561,17.809058289701976,-2.641127628813561,0.8899999856948853,-0.4199999868869781,0.4900000095367431,-0.0399999991059303,16.91905830400709,-2.221127641926583,17.319058280165233,-2.601127629707631,5.921670406402481,-0.777394674674304,6.061670398057832,-0.9103946703976707,0.4533945742511068,-0.0583504459994238,0.4657245737575803,-0.0700504460061293,-1,1,-1,1,-14,-13,-14,-13,-20,-14,-21,-14,25.479787588119507
1784751764.2695544,0.0,0.0,0.0,0.0,0.0,0,0.0,0.0,0.0,0.0,1.0700000524520874,-0.7400000095367432,0.800000011920929,-0.2599999904632568,-1.0700000524520874,0.7400000095367432,-0.800000011920929,0.2599999904632568,-0.3745000183582305,0.2590000033378601,-0.2800000041723251,0.0909999966621398,0.0,0.0,0.0,0.0,-1,1,-1,1,0,0,0,0,0,0,0,0,25.499817371368408
1784751764.289511,0.0,0.0,0.0,0.0,0.0,0,0.0,0.0,0.0,0.0,1.0700000524520874,-0.7400000095367432,0.800000011920929,-0.2599999904632568,-1.0700000524520874,0.7400000095367432,-0.800000011920929,0.2599999904632568,-0.3745000183582305,0.2590000033378601,-0.2800000041723251,0.0909999966621398,0.0,0.0,0.0,0.0,-1,1,-1,1,0,0,0,0,0,0,0,0,25.519773960113525
1784751764.3095107,0.0,0.0,0.0,0.0,0.0,0,0.0,0.0,0.0,0.0,1.0700000524520874,-0.7400000095367432,0.800000011920929,-0.2599999904632568,-1.0700000524520874,0.7400000095367432,-0.800000011920929,0.2599999904632568,-0.3745000183582305,0.2590000033378601,-0.2800000041723251,0.0909999966621398,0.0,0.0,0.0,0.0,-1,1,-1,1,0,0,0,0,0,0,0,0,25.53977370262146
1784751764.329491,0.0,0.0,0.0,0.0,0.0,0,0.0,0.0,0.0,0.0,1.2000000476837158,-0.5199999809265137,1.0099999904632568,-0.1800000071525573,-1.2000000476837158,0.5199999809265137,-1.0099999904632568,0.1800000071525573,-0.4200000166893005,0.1819999933242797,-0.3534999966621399,0.063000002503395,0.0,0.0,0.0,0.0,-1,1,-1,1,0,0,0,0,0,0,0,0,25.559753894805908
1784751764.3495088,0.0,0.0,0.0,0.0,0.0,0,0.0,0.0,0.0,0.0,1.2000000476837158,-0.5199999809265137,1.0099999904632568,-0.1800000071525573,-1.2000000476837158,0.5199999809265137,-1.0099999904632568,0.1800000071525573,-0.4200000166893005,0.1819999933242797,-0.3534999966621399,0.063000002503395,0.0,0.0,0.0,0.0,-1,1,-1,1,0,0,0,0,0,0,0,0,25.579771757125854
1784751764.3697395,25.811207247803477,0.0,0.12,25.811207247803477,0.0,0,17.809058289701976,-2.641127628813561,17.809058289701976,-2.641127628813561,0.8399999737739563,-0.3600000143051147,0.4799999892711639,-0.1299999952316284,16.96905831592802,-2.2811276145084465,17.329058300430813,-2.511127633581933,5.939170410574807,-0.7983946650779562,6.065170405150784,-0.8788946717536764,0.1527215248433522,-0.020530148530576,0.1559615247038773,-0.0226001487022373,-1,1,-1,1,-14,-13,-14,-13,-20,-14,-20,-14,25.60000252723694
1784751764.3895347,25.811207247803477,0.0,0.12,25.811207247803477,0.0,0,17.809058289701976,-2.641127628813561,17.809058289701976,-2.641127628813561,0.8399999737739563,-0.3600000143051147,0.4799999892711639,-0.1299999952316284,16.96905831592802,-2.2811276145084465,17.329058300430813,-2.511127633581933,5.939170410574807,-0.7983946650779562,6.065170405150784,-0.8788946717536764,0.3054430496867044,-0.041060297061152,0.3119230494077546,-0.0452002974044747,-1,1,-1,1,-14,-13,-14,-13,-20,-14,-20,-14,25.619797706604004
1784751764.4095314,25.811207247803477,0.0,0.12,25.811207247803477,0.0,0,17.809058289701976,-2.641127628813561,17.809058289701976,-2.641127628813561,0.8399999737739563,-0.3600000143051147,0.4799999892711639,-0.1299999952316284,16.96905831592802,-2.2811276145084465,17.329058300430813,-2.511127633581933,5.939170410574807,-0.7983946650779562,6.065170405150784,-0.8788946717536764,0.4581645745300565,-0.061590445591728,0.467884574111632,-0.0678004461067122,-1,1,-1,1,-14,-13,-14,-13,-20,-14,-21,-14,25.63979434967041
1784751764.4294918,0.0,0.0,0.0,0.0,0.0,0,0.0,0.0,0.0,0.0,0.8199999928474426,-0.4799999892711639,0.5600000023841858,-0.0900000035762786,-0.8199999928474426,0.4799999892711639,-0.5600000023841858,0.0900000035762786,-0.2869999974966049,0.1679999962449073,-0.196000000834465,0.0315000012516975,0.0,0.0,0.0,0.0,-1,1,-1,1,0,0,0,0,0,0,0,0,25.659754753112793
1784751764.4496238,0.0,0.0,0.0,0.0,0.0,0,0.0,0.0,0.0,0.0,0.8199999928474426,-0.4799999892711639,0.5600000023841858,-0.0900000035762786,-0.8199999928474426,0.4799999892711639,-0.5600000023841858,0.0900000035762786,-0.2869999974966049,0.1679999962449073,-0.196000000834465,0.0315000012516975,0.0,0.0,0.0,0.0,-1,1,-1,1,0,0,0,0,0,0,0,0,25.67988681793213
1784751764.4697351,0.0,0.0,0.0,0.0,0.0,0,0.0,0.0,0.0,0.0,1.4800000190734863,-0.7900000214576721,0.8500000238418579,-0.2899999916553497,-1.4800000190734863,0.7900000214576721,-0.8500000238418579,0.2899999916553497,-0.5180000066757202,0.2765000075101852,-0.2975000083446502,0.1014999970793724,0.0,0.0,0.0,0.0,-1,1,-1,1,0,0,0,0,0,0,0,0,25.699998140335083
1784751764.4895062,0.0,0.0,0.0,0.0,0.0,0,0.0,0.0,0.0,0.0,1.4800000190734863,-0.7900000214576721,0.8500000238418579,-0.2899999916553497,-1.4800000190734863,0.7900000214576721,-0.8500000238418579,0.2899999916553497,-0.5180000066757202,0.2765000075101852,-0.2975000083446502,0.1014999970793724,0.0,0.0,0.0,0.0,-1,1,-1,1,0,0,0,0,0,0,0,0,25.71976923942566
1784751764.5100534,0.0,0.0,0.0,0.0,0.0,0,0.0,0.0,0.0,0.0,1.4800000190734863,-0.7900000214576721,0.8500000238418579,-0.2899999916553497,-1.4800000190734863,0.7900000214576721,-0.8500000238418579,0.2899999916553497,-0.5180000066757202,0.2765000075101852,-0.2975000083446502,0.1014999970793724,0.0,0.0,0.0,0.0,-1,1,-1,1,0,0,0,0,0,0,0,0,25.74031639099121
1784751764.5296457,25.811207247803477,0.0,0.12,25.811207247803477,0.0,0,17.809058289701976,-2.641127628813561,17.809058289701976,-2.641127628813561,1.0299999713897705,-0.550000011920929,0.5899999737739563,-0.2000000029802322,16.779058318312206,-2.0911276168926323,17.21905831592802,-2.441127625833329,5.872670411409271,-0.7318946659124212,6.026670410574806,-0.8543946690416651,0.1510115248648098,-0.0188201485520336,0.1549715248433522,-0.0219701486324999,-1,1,-1,1,-14,-13,-14,-13,-20,-14,-20,-14,25.75990867614746
1784751764.549538,25.811207247803477,0.0,0.12,25.811207247803477,0.0,0,17.809058289701976,-2.641127628813561,17.809058289701976,-2.641127628813561,1.0299999713897705,-0.550000011920929,0.5899999737739563,-0.2000000029802322,16.779058318312206,-2.0911276168926323,17.21905831592802,-2.441127625833329,5.872670411409271,-0.7318946659124212,6.026670410574806,-0.8543946690416651,0.3020230497296197,-0.0376402971040673,0.3099430496867044,-0.0439402972649999,-1,1,-1,1,-14,-13,-14,-13,-20,-14,-20,-14,25.77980089187622
1784751764.569793,25.811207247803477,0.0,0.12,25.811207247803477,0.0,0,17.809058289701976,-2.641127628813561,17.809058289701976,-2.641127628813561,0.7200000286102295,-0.3899999856948852,0.6399999856948853,-0.1400000005960464,17.089058261091747,-2.251127643118676,17.16905830400709,-2.5011276282175148,5.981170391382111,-0.7878946750915365,6.009170406402482,-0.8753946698761301,0.4558245740794455,-0.0579004458921354,0.4644645744227682,-0.0664504459189575,-1,1,-1,1,-14,-13,-14,-13,-20,-14,-20,-14,25.800055980682373
1784751764.5901728,0.0,0.0,0.0,0.0,0.0,0,0.0,0.0,0.0,0.0,0.7200000286102295,-0.3899999856948852,0.6399999856948853,-0.1400000005960464,-0.7200000286102295,0.3899999856948852,-0.6399999856948853,0.1400000005960464,-0.2520000100135803,0.1364999949932098,-0.2239999949932098,0.0490000002086162,0.0,0.0,0.0,0.0,-1,1,-1,1,0,0,0,0,0,0,0,0,25.820435762405396
1784751764.6103623,0.0,0.0,0.0,0.0,0.0,0,0.0,0.0,0.0,0.0,0.7200000286102295,-0.3899999856948852,0.6399999856948853,-0.1400000005960464,-0.7200000286102295,0.3899999856948852,-0.6399999856948853,0.1400000005960464,-0.2520000100135803,0.1364999949932098,-0.2239999949932098,0.0490000002086162,0.0,0.0,0.0,0.0,-1,1,-1,1,0,0,0,0,0,0,0,0,25.840625286102295
1784751764.62949,0.0,0.0,0.0,0.0,0.0,0,0.0,0.0,0.0,0.0,1.870000004768372,-0.7200000286102295,0.6800000071525574,-0.1000000014901161,-1.870000004768372,0.7200000286102295,-0.6800000071525574,0.1000000014901161,-0.65450000166893,0.2520000100135803,-0.238000002503395,0.0350000005215406,0.0,0.0,0.0,0.0,-1,1,-1,1,0,0,0,0,0,0,0,0,25.859752893447876
1784751764.6494825,0.0,0.0,0.0,0.0,0.0,0,0.0,0.0,0.0,0.0,1.870000004768372,-0.7200000286102295,0.6800000071525574,-0.1000000014901161,-1.870000004768372,0.7200000286102295,-0.6800000071525574,0.1000000014901161,-0.65450000166893,0.2520000100135803,-0.238000002503395,0.0350000005215406,0.0,0.0,0.0,0.0,-1,1,-1,1,0,0,0,0,0,0,0,0,25.879745483398438
1784751764.669626,0.0,0.0,0.0,0.0,0.0,0,0.0,0.0,0.0,0.0,1.5299999713897705,-0.5099999904632568,0.4699999988079071,-0.0700000002980232,-1.5299999713897705,0.5099999904632568,-0.4699999988079071,0.0700000002980232,-0.5354999899864197,0.1784999966621399,-0.1644999995827674,0.0245000001043081,0.0,0.0,0.0,0.0,-1,1,-1,1,0,0,0,0,0,0,0,0,25.89988899230957
1784751764.689524,25.811207247803477,0.0,0.12,25.811207247803477,0.0,0,17.809058289701976,-2.641127628813561,17.809058289701976,-2.641127628813561,1.5299999713897705,-0.5099999904632568,0.4699999988079071,-0.0700000002980232,16.279058318312206,-2.1311276383503044,17.33905829089407,-2.571127628515538,5.697670411409272,-0.7458946734226065,6.068670401812924,-0.8998946699804382,0.1465115248648098,-0.0191801487451527,0.1560515246180466,-0.0231401486566398,-1,1,-1,1,-14,-13,-14,-13,-20,-14,-20,-14,25.91978693008423
1784751764.7095077,25.811207247803477,0.0,0.12,25.811207247803477,0.0,0,17.809058289701976,-2.641127628813561,17.809058289701976,-2.641127628813561,1.5299999713897705,-0.5099999904632568,0.4699999988079071,-0.0700000002980232,16.279058318312206,-2.1311276383503044,17.33905829089407,-2.571127628515538,5.697670411409272,-0.7458946734226065,6.068670401812924,-0.8998946699804382,0.2930230497296197,-0.0383602974903054,0.3121030492360933,-0.0462802973132796,-1,1,-1,1,-14,-13,-14,-13,-20,-14,-20,-14,25.939770698547363
1784751764.729495,25.811207247803477,0.0,0.12,25.811207247803477,0.0,0,17.809058289701976,-2.641127628813561,17.809058289701976,-2.641127628813561,1.0700000524520874,-0.5799999833106995,0.3300000131130218,-0.050000000745058,16.73905823724989,-2.0611276455028618,17.479058276588955,-2.591127628068503,5.8586703830374605,-0.7213946759260016,6.117670396806134,-0.906894669823976,0.4436745738648687,-0.0569104462998312,0.4694145737253938,-0.0696004459658962,-1,1,-1,1,-14,-13,-14,-13,-20,-14,-21,-14,25.959758043289185
1784751764.7495203,0.0,0.0,0.0,0.0,0.0,0,0.0,0.0,0.0,0.0,1.0700000524520874,-0.5799999833106995,0.3300000131130218,-0.050000000745058,-1.0700000524520874,0.5799999833106995,-0.3300000131130218,0.050000000745058,-0.3745000183582305,0.2029999941587448,-0.1155000045895576,0.0175000002607703,0.0,0.0,0.0,0.0,-1,1,-1,1,0,0,0,0,0,0,0,0,25.979783296585083
1784751764.7695014,0.0,0.0,0.0,0.0,0.0,0,0.0,0.0,0.0,0.0,1.4299999475479126,-0.8600000143051147,0.9100000262260436,-0.0299999993294477,-1.4299999475479126,0.8600000143051147,-0.9100000262260436,0.0299999993294477,-0.5004999816417693,0.3010000050067901,-0.3185000091791152,0.0104999997653067,0.0,0.0,0.0,0.0,-1,1,-1,1,0,0,0,0,0,0,0,0,25.999764442443848
1784751764.7896097,0.0,0.0,0.0,0.0,0.0,0,0.0,0.0,0.0,0.0,1.4299999475479126,-0.8600000143051147,0.9100000262260436,-0.0299999993294477,-1.4299999475479126,0.8600000143051147,-0.9100000262260436,0.0299999993294477,-0.5004999816417693,0.3010000050067901,-0.3185000091791152,0.0104999997653067,0.0,0.0,0.0,0.0,-1,1,-1,1,0,0,0,0,0,0,0,0,26.019872665405273
1784751764.8095157,0.0,0.0,0.0,0.0,0.0,0,0.0,0.0,0.0,0.0,1.4299999475479126,-0.8600000143051147,0.9100000262260436,-0.0299999993294477,-1.4299999475479126,0.8600000143051147,-0.9100000262260436,0.0299999993294477,-0.5004999816417693,0.3010000050067901,-0.3185000091791152,0.0104999997653067,0.0,0.0,0.0,0.0,-1,1,-1,1,0,0,0,0,0,0,0,0,26.03977870941162
1784751764.829515,0.0,0.0,0.0,0.0,0.0,0,0.0,0.0,0.0,0.0,1.2300000190734863,-0.6000000238418579,0.6399999856948853,-0.0199999995529651,-1.2300000190734863,0.6000000238418579,-0.6399999856948853,0.0199999995529651,-0.4305000066757202,0.2100000083446502,-0.2239999949932098,0.0069999998435378,0.0,0.0,0.0,0.0,-1,1,-1,1,0,0,0,0,0,0,0,0,26.059777975082397
1784751764.8496196,25.811207247803477,0.0,0.12,25.811207247803477,0.0,0,17.809058289701976,-2.641127628813561,17.809058289701976,-2.641127628813561,1.2300000190734863,-0.6000000238418579,0.6399999856948853,-0.0199999995529651,16.57905827062849,-2.0411276049717038,17.16905830400709,-2.621127629260596,5.802670394719971,-0.7143946617400961,6.009170406402482,-0.9173946702412086,0.1492115244356564,-0.0183701484447453,0.1545215247360638,-0.0235901486633453,-1,1,-1,1,-14,-13,-14,-13,-20,-14,-20,-14,26.079882621765137
1784751764.8696263,25.811207247803477,0.0,0.12,25.811207247803477,0.0,0,17.809058289701976,-2.641127628813561,17.809058289701976,-2.641127628813561,0.8600000143051147,-0.4199999868869781,0.449999988079071,-0.0199999995529651,16.94905827539686,-2.221127641926583,17.359058301622905,-2.621127629260596,5.932170396388901,-0.777394674674304,6.075670405568016,-0.9173946702412086,0.3017530489142281,-0.0383602972220845,0.3107530494506699,-0.0471802973266907,-1,1,-1,1,-14,-13,-14,-13,-20,-14,-20,-14,26.099889278411865
1784751764.8901627,25.811207247803477,0.0,0.12,25.811207247803477,0.0,0,17.809058289701976,-2.641127628813561,17.809058289701976,-2.641127628813561,0.8600000143051147,-0.4199999868869781,0.449999988079071,-0.0199999995529651,16.94905827539686,-2.221127641926583,17.359058301622905,-2.621127629260596,5.932170396388901,-0.777394674674304,6.075670405568016,-0.9173946702412086,0.4542945733927999,-0.0583504459994238,0.4669845741652761,-0.0707704459900361,-1,1,-1,1,-14,-13,-14,-13,-20,-14,-21,-14,26.120425701141357
1784751764.9094863,0.0,0.0,0.0,0.0,0.0,0,0.0,0.0,0.0,0.0,0.8600000143051147,-0.4199999868869781,0.449999988079071,-0.0199999995529651,-0.8600000143051147,0.4199999868869781,-0.449999988079071,0.0199999995529651,-0.3010000050067901,0.1469999954104423,-0.1574999958276748,0.0069999998435378,0.0,0.0,0.0,0.0,-1,1,-1,1,0,0,0,0,0,0,0,0,26.13974928855896
1784751764.929469,0.0,0.0,0.0,0.0,0.0,0,0.0,0.0,0.0,0.0,0.8299999833106995,-0.5199999809265137,0.5400000214576721,-0.2399999946355819,-0.8299999833106995,0.5199999809265137,-0.5400000214576721,0.2399999946355819,-0.2904999941587448,0.1819999933242797,-0.1890000075101852,0.0839999981224536,0.0,0.0,0.0,0.0,-1,1,-1,1,0,0,0,0,0,0,0,0,26.15973210334778
1784751764.9494884,0.0,0.0,0.0,0.0,0.0,0,0.0,0.0,0.0,0.0,0.8299999833106995,-0.5199999809265137,0.5400000214576721,-0.2399999946355819,-0.8299999833106995,0.5199999809265137,-0.5400000214576721,0.2399999946355819,-0.2904999941587448,0.1819999933242797,-0.1890000075101852,0.0839999981224536,0.0,0.0,0.0,0.0,-1,1,-1,1,0,0,0,0,0,0,0,0,26.1797513961792
1784751764.9696689,0.0,0.0,0.0,0.0,0.0,0,0.0,0.0,0.0,0.0,1.0299999713897705,-0.5899999737739563,0.3799999952316284,-0.1700000017881393,-1.0299999713897705,0.5899999737739563,-0.3799999952316284,0.1700000017881393,-0.3604999899864196,0.2064999908208847,-0.1329999983310699,0.0595000006258487,0.0,0.0,0.0,0.0,-1,1,-1,1,0,0,0,0,0,0,0,0,26.199931859970093
1784751764.9898129,0.0,0.0,0.0,0.0,0.0,0,0.0,0.0,0.0,0.0,1.0299999713897705,-0.5899999737739563,0.3799999952316284,-0.1700000017881393,-1.0299999713897705,0.5899999737739563,-0.3799999952316284,0.1700000017881393,-0.3604999899864196,0.2064999908208847,-0.1329999983310699,0.0595000006258487,0.0,0.0,0.0,0.0,-1,1,-1,1,0,0,0,0,0,0,0,0,26.220075845718384
1784751765.0098295,0.0,0.0,0.0,0.0,0.0,0,0.0,0.0,0.0,0.0,1.0299999713897705,-0.5899999737739563,0.3799999952316284,-0.1700000017881393,-1.0299999713897705,0.5899999737739563,-0.3799999952316284,0.1700000017881393,-0.3604999899864196,0.2064999908208847,-0.1329999983310699,0.0595000006258487,0.0,0.0,0.0,0.0,-1,1,-1,1,0,0,0,0,0,0,0,0,26.240092515945435
1784751765.029535,25.811207247803477,0.0,0.12,25.811207247803477,0.0,0,17.809058289701976,-2.641127628813561,17.809058289701976,-2.641127628813561,0.7200000286102295,-0.4099999964237213,0.2599999904632568,-0.1199999973177909,17.089058261091747,-2.23112763238984,17.54905829923872,-2.5211276314957702,5.981170391382111,-0.780894671336444,6.142170404733552,-0.8823946710235195,0.1538015243498257,-0.0200801486915085,0.1579415246931484,-0.0226901486834619,-1,1,-1,1,-14,-13,-14,-13,-20,-14,-20,-14,26.259798049926758
1784751765.0495105,25.811207247803477,0.0,0.12,25.811207247803477,0.0,0,17.809058289701976,-2.641127628813561,17.809058289701976,-2.641127628813561,0.7200000286102295,-0.4099999964237213,0.2599999904632568,-0.1199999973177909,17.089058261091747,-2.23112763238984,17.54905829923872,-2.5211276314957702,5.981170391382111,-0.780894671336444,6.142170404733552,-0.8823946710235195,0.3076030486996515,-0.0401602973830171,0.3158830493862969,-0.0453802973669238,-1,1,-1,1,-14,-13,-14,-13,-20,-14,-20,-14,26.279773473739624
1784751765.0697176,25.811207247803477,0.0,0.12,25.811207247803477,0.0,0,17.809058289701976,-2.641127628813561,17.809058289701976,-2.641127628813561,0.5099999904632568,-0.2899999916553497,0.4099999964237213,-0.0799999982118606,17.29905829923872,-2.3511276371582115,17.399058293278255,-2.561127630601701,6.054670404733551,-0.822894673005374,6.089670402647389,-0.8963946707105951,0.4632945733928,-0.061320446117441,0.4724745740258013,-0.0684304460423391,-1,1,-1,1,-14,-13,-14,-13,-21,-14,-21,-14,26.299980640411377
1784751765.0894864,0.0,0.0,0.0,0.0,0.0,0,0.0,0.0,0.0,0.0,0.5099999904632568,-0.2899999916553497,0.4099999964237213,-0.0799999982118606,-0.5099999904632568,0.2899999916553497,-0.4099999964237213,0.0799999982118606,-0.1784999966621399,0.1014999970793724,-0.1434999987483024,0.0279999993741512,0.0,0.0,0.0,0.0,-1,1,-1,1,0,0,0,0,0,0,0,0,26.319749355316162
1784751765.1095085,0.0,0.0,0.0,0.0,0.0,0,0.0,0.0,0.0,0.0,0.5099999904632568,-0.2899999916553497,0.4099999964237213,-0.0799999982118606,-0.5099999904632568,0.2899999916553497,-0.4099999964237213,0.0799999982118606,-0.1784999966621399,0.1014999970793724,-0.1434999987483024,0.0279999993741512,0.0,0.0,0.0,0.0,-1,1,-1,1,0,0,0,0,0,0,0,0,26.339771509170532
1784751765.1295369,0.0,0.0,0.0,0.0,0.0,0,0.0,0.0,0.0,0.0,1.2599999904632568,-0.6600000262260437,0.5099999904632568,-0.0599999986588954,-1.2599999904632568,0.6600000262260437,-0.5099999904632568,0.0599999986588954,-0.4409999966621398,0.2310000091791152,-0.1784999966621399,0.0209999995306134,0.0,0.0,0.0,0.0,-1,1,-1,1,0,0,0,0,0,0,0,0,26.35979986190796
1784751765.1494825,0.0,0.0,0.0,0.0,0.0,0,0.0,0.0,0.0,0.0,1.2599999904632568,-0.6600000262260437,0.5099999904632568,-0.0599999986588954,-1.2599999904632568,0.6600000262260437,-0.5099999904632568,0.0599999986588954,-0.4409999966621398,0.2310000091791152,-0.1784999966621399,0.0209999995306134,0.0,0.0,0.0,0.0,-1,1,-1,1,0,0,0,0,0,0,0,0,26.379745483398438
1784751765.169553,0.0,0.0,0.0,0.0,0.0,0,0.0,0.0,0.0,0.0,1.1100000143051147,-0.2300000041723251,0.3600000143051147,-0.0399999991059303,-1.1100000143051147,0.2300000041723251,-0.3600000143051147,0.0399999991059303,-0.3885000050067901,0.0805000014603137,-0.1260000050067901,0.0139999996870756,0.0,0.0,0.0,0.0,-1,1,-1,1,0,0,0,0,0,0,0,0,26.399816036224365
1784751765.1895363,25.811207247803477,0.0,0.12,25.811207247803477,0.0,0,17.809058289701976,-2.641127628813561,17.809058289701976,-2.641127628813561,1.1100000143051147,-0.2300000041723251,0.3600000143051147,-0.0399999991059303,16.69905827539686,-2.411127624641236,17.44905827539686,-2.601127629707631,5.844670396388901,-0.8438946686244326,6.107170396388901,-0.9103946703976707,0.1502915244785717,-0.0217001486217711,0.1570415244785717,-0.0234101486673686,-1,1,-1,1,-14,-13,-14,-13,-20,-14,-20,-14,26.419799327850342
1784751765.209536,25.811207247803477,0.0,0.12,25.811207247803477,0.0,0,17.809058289701976,-2.641127628813561,17.809058289701976,-2.641127628813561,1.1100000143051147,-0.2300000041723251,0.3600000143051147,-0.0399999991059303,16.69905827539686,-2.411127624641236,17.44905827539686,-2.601127629707631,5.844670396388901,-0.8438946686244326,6.107170396388901,-0.9103946703976707,0.3005830489571435,-0.0434002972435422,0.3140830489571435,-0.0468202973347373,-1,1,-1,1,-14,-13,-14,-13,-20,-14,-20,-14,26.439799070358276
1784751765.2295103,25.811207247803477,0.0,0.12,25.811207247803477,0.0,0,17.809058289701976,-2.641127628813561,17.809058289701976,-2.641127628813561,0.7799999713897705,-0.1599999964237213,0.25,-0.0299999993294477,17.029058318312206,-2.48112763238984,17.559058289701976,-2.611127629484113,5.960170411409272,-0.8683946713364439,6.145670401395692,-0.9138946703194396,0.4538445738219533,-0.0657304459350508,0.4721145735644613,-0.0703204460000943,-1,1,-1,1,-14,-13,-14,-13,-20,-14,-21,-14,26.459773302078247
1784751765.2495508,0.0,0.0,0.0,0.0,0.0,0,0.0,0.0,0.0,0.0,0.7799999713897705,-0.1599999964237213,0.25,-0.0299999993294477,-0.7799999713897705,0.1599999964237213,-0.25,0.0299999993294477,-0.2729999899864196,0.0559999987483024,-0.0875,0.0104999997653067,0.0,0.0,0.0,0.0,-1,1,-1,1,0,0,0,0,0,0,0,0,26.479813814163208
1784751765.2701046,0.0,0.0,0.0,0.0,0.0,0,0.0,0.0,0.0,0.0,1.0,-0.5699999928474426,0.8600000143051147,-0.0199999995529651,-1.0,0.5699999928474426,-0.8600000143051147,0.0199999995529651,-0.35,0.1994999974966049,-0.3010000050067901,0.0069999998435378,0.0,0.0,0.0,0.0,-1,1,-1,1,0,0,0,0,0,0,0,0,26.500367641448975
1784751765.2895164,0.0,0.0,0.0,0.0,0.0,0,0.0,0.0,0.0,0.0,1.0,-0.5699999928474426,0.8600000143051147,-0.0199999995529651,-1.0,0.5699999928474426,-0.8600000143051147,0.0199999995529651,-0.35,0.1994999974966049,-0.3010000050067901,0.0069999998435378,0.0,0.0,0.0,0.0,-1,1,-1,1,0,0,0,0,0,0,0,0,26.519779443740845
1784751765.309486,0.0,0.0,0.0,0.0,0.0,0,0.0,0.0,0.0,0.0,1.0,-0.5699999928474426,0.8600000143051147,-0.0199999995529651,-1.0,0.5699999928474426,-0.8600000143051147,0.0199999995529651,-0.35,0.1994999974966049,-0.3010000050067901,0.0069999998435378,0.0,0.0,0.0,0.0,-1,1,-1,1,0,0,0,0,0,0,0,0,26.539748907089233
1784751765.3295133,0.0,0.0,0.0,0.0,0.0,0,0.0,0.0,0.0,0.0,0.699999988079071,-0.4000000059604645,0.6000000238418579,-0.0099999997764825,-0.699999988079071,0.4000000059604645,-0.6000000238418579,0.0099999997764825,-0.2449999958276748,0.1400000020861625,-0.2100000083446502,0.0034999999217689,0.0,0.0,0.0,0.0,-1,1,-1,1,0,0,0,0,0,0,0,0,26.559776306152344
1784751765.3494923,25.811207247803477,0.0,0.12,25.811207247803477,0.0,0,17.809058289701976,-2.641127628813561,17.809058289701976,-2.641127628813561,0.699999988079071,-0.4000000059604645,0.6000000238418579,-0.0099999997764825,17.109058301622905,-2.2411276228530967,17.20905826586012,-2.631127629037078,5.988170405568017,-0.7843946679985838,6.023170393051041,-0.9208946701629774,0.1539815247146061,-0.0201701486056778,0.154881524392741,-0.0236801486613337,-1,1,-1,1,-14,-13,-14,-13,-20,-14,-20,-14,26.579755306243896
1784751765.369755,25.811207247803477,0.0,0.12,25.811207247803477,0.0,0,17.809058289701976,-2.641127628813561,17.809058289701976,-2.641127628813561,0.4900000095367431,-0.2800000011920929,0.4199999868869781,-0.0099999997764825,17.319058280165233,-2.3611276276214683,17.389058302815,-2.631127629037078,6.061670398057832,-0.8263946696675138,6.086170405985249,-0.9208946701629774,0.3098530492360932,-0.041420297254271,0.311383049118076,-0.0473602973226674,-1,1,-1,1,-14,-13,-14,-13,-20,-14,-20,-14,26.60001802444458
1784751765.3895054,25.811207247803477,0.0,0.12,25.811207247803477,0.0,0,17.809058289701976,-2.641127628813561,17.809058289701976,-2.641127628813561,0.4900000095367431,-0.2800000011920929,0.4199999868869781,-0.0099999997764825,17.319058280165233,-2.3611276276214683,17.389058302815,-2.631127629037078,6.061670398057832,-0.8263946696675138,6.086170405985249,-0.9208946701629774,0.4657245737575803,-0.0626704459028643,0.467884573843411,-0.0710404459840011,-1,1,-1,1,-14,-13,-14,-13,-21,-14,-21,-14,26.619768381118774
1784751765.4095185,0.0,0.0,0.0,0.0,0.0,0,0.0,0.0,0.0,0.0,0.4900000095367431,-0.2800000011920929,0.4199999868869781,-0.0099999997764825,-0.4900000095367431,0.2800000011920929,-0.4199999868869781,0.0099999997764825,-0.17150000333786,0.0980000004172325,-0.1469999954104423,0.0034999999217689,0.0,0.0,0.0,0.0,-1,1,-1,1,0,0,0,0,0,0,0,0,26.63978147506714
1784751765.4294927,0.0,0.0,0.0,0.0,0.0,0,0.0,0.0,0.0,0.0,0.7900000214576721,-0.4199999868869781,0.5199999809265137,-0.0099999997764825,-0.7900000214576721,0.4199999868869781,-0.5199999809265137,0.0099999997764825,-0.2765000075101852,0.1469999954104423,-0.1819999933242797,0.0034999999217689,0.0,0.0,0.0,0.0,-1,1,-1,1,0,0,0,0,0,0,0,0,26.65975570678711
1784751765.449535,0.0,0.0,0.0,0.0,0.0,0,0.0,0.0,0.0,0.0,0.7900000214576721,-0.4199999868869781,0.5199999809265137,-0.0099999997764825,-0.7900000214576721,0.4199999868869781,-0.5199999809265137,0.0099999997764825,-0.2765000075101852,0.1469999954104423,-0.1819999933242797,0.0034999999217689,0.0,0.0,0.0,0.0,-1,1,-1,1,0,0,0,0,0,0,0,0,26.679797887802124
1784751765.469617,0.0,0.0,0.0,0.0,0.0,0,0.0,0.0,0.0,0.0,0.7799999713897705,-0.2899999916553497,0.5899999737739563,-0.0,-0.7799999713897705,0.2899999916553497,-0.5899999737739563,0.0,-0.2729999899864196,0.1014999970793724,-0.2064999908208847,0.0,0.0,0.0,0.0,0.0,-1,1,-1,1,0,0,0,0,0,0,0,0,26.69987988471985
1784751765.489498,0.0,0.0,0.0,0.0,0.0,0,0.0,0.0,0.0,0.0,0.7799999713897705,-0.2899999916553497,0.5899999737739563,-0.0,-0.7799999713897705,0.2899999916553497,-0.5899999737739563,0.0,-0.2729999899864196,0.1014999970793724,-0.2064999908208847,0.0,0.0,0.0,0.0,0.0,-1,1,-1,1,0,0,0,0,0,0,0,0,26.71976089477539
1784751765.509533,25.811207247803477,0.0,0.12,25.811207247803477,0.0,0,17.809058289701976,-2.641127628813561,17.809058289701976,-2.641127628813561,0.7799999713897705,-0.2899999916553497,0.5899999737739563,-0.0,17.029058318312206,-2.3511276371582115,17.21905831592802,-2.641127628813561,5.960170411409272,-0.822894673005374,6.026670410574806,-0.9243946700847464,0.1532615248648098,-0.0211601487344239,0.1549715248433522,-0.023770148659322,-1,1,-1,1,-14,-13,-14,-13,-20,-14,-20,-14,26.739795923233032
1784751765.529513,25.811207247803477,0.0,0.12,25.811207247803477,0.0,0,17.809058289701976,-2.641127628813561,17.809058289701976,-2.641127628813561,0.550000011920929,-0.209999993443489,0.1899999976158142,-0.0,17.259058277781048,-2.431127635370072,17.619058292086162,-2.641127628813561,6.040670397223367,-0.8508946723795252,6.166670402230157,-0.9243946700847464,0.3085930493648393,-0.0430402974527545,0.3135430494721276,-0.0475402973186441,-1,1,-1,1,-14,-13,-14,-13,-20,-14,-20,-14,26.7597758769989
1784751765.5495396,25.811207247803477,0.0,0.12,25.811207247803477,0.0,0,17.809058289701976,-2.641127628813561,17.809058289701976,-2.641127628813561,0.550000011920929,-0.209999993443489,0.1899999976158142,-0.0,17.259058277781048,-2.431127635370072,17.619058292086162,-2.641127628813561,6.040670397223367,-0.8508946723795252,6.166670402230157,-0.9243946700847464,0.4639245738648687,-0.0649204461710852,0.4721145741009031,-0.0713104459779661,-1,1,-1,1,-14,-13,-14,-13,-21,-14,-21,-14,26.779802560806274
1784751765.5696585,0.0,0.0,0.0,0.0,0.0,0,0.0,0.0,0.0,0.0,0.6100000143051147,-0.1400000005960464,0.5799999833106995,-0.0,-0.6100000143051147,0.1400000005960464,-0.5799999833106995,0.0,-0.2135000050067901,0.0490000002086162,-0.2029999941587448,0.0,0.0,0.0,0.0,0.0,-1,1,-1,1,0,0,0,0,0,0,0,0,26.79992151260376
1784751765.589638,0.0,0.0,0.0,0.0,0.0,0,0.0,0.0,0.0,0.0,0.6100000143051147,-0.1400000005960464,0.5799999833106995,-0.0,-0.6100000143051147,0.1400000005960464,-0.5799999833106995,0.0,-0.2135000050067901,0.0490000002086162,-0.2029999941587448,0.0,0.0,0.0,0.0,0.0,-1,1,-1,1,0,0,0,0,0,0,0,0,26.81990098953247
1784751765.609501,0.0,0.0,0.0,0.0,0.0,0,0.0,0.0,0.0,0.0,0.6100000143051147,-0.1400000005960464,0.5799999833106995,-0.0,-0.6100000143051147,0.1400000005960464,-0.5799999833106995,0.0,-0.2135000050067901,0.0490000002086162,-0.2029999941587448,0.0,0.0,0.0,0.0,0.0,-1,1,-1,1,0,0,0,0,0,0,0,0,26.839763879776
1784751765.629484,0.0,0.0,0.0,0.0,0.0,0,0.0,0.0,0.0,0.0,1.1100000143051147,-0.1000000014901161,0.4099999964237213,-0.0,-1.1100000143051147,0.1000000014901161,-0.4099999964237213,0.0,-0.3885000050067901,0.0350000005215406,-0.1434999987483024,0.0,0.0,0.0,0.0,0.0,-1,1,-1,1,0,0,0,0,0,0,0,0,26.8597469329834
1784751765.64951,0.0,0.0,0.0,0.0,0.0,0,0.0,0.0,0.0,0.0,1.1100000143051147,-0.1000000014901161,0.4099999964237213,-0.0,-1.1100000143051147,0.1000000014901161,-0.4099999964237213,0.0,-0.3885000050067901,0.0350000005215406,-0.1434999987483024,0.0,0.0,0.0,0.0,0.0,-1,1,-1,1,0,0,0,0,0,0,0,0,26.879772901535034
1784751765.670194,25.811207247803477,0.0,0.12,25.811207247803477,0.0,0,17.809058289701976,-2.641127628813561,17.809058289701976,-2.641127628813561,1.1100000143051147,-0.1000000014901161,0.4099999964237213,-0.0,16.69905827539686,-2.541127627323445,17.399058293278255,-2.641127628813561,5.844670396388901,-0.8893946695632057,6.089670402647389,-0.9243946700847464,0.1502915244785717,-0.022870148645911,0.1565915246395043,-0.023770148659322,-1,1,-1,1,-14,-13,-14,-13,-20,-14,-20,-14,26.90045690536499
1784751765.6895475,25.811207247803477,0.0,0.12,25.811207247803477,0.0,0,17.809058289701976,-2.641127628813561,17.809058289701976,-2.641127628813561,0.550000011920929,-0.0700000002980232,0.2899999916553497,0.2300000041723251,17.259058277781048,-2.571127628515538,17.519058298046627,-2.8711276329858864,6.040670397223367,-0.8998946699804382,6.131670404316319,-1.0048946715450602,0.3056230489786011,-0.0460102973025508,0.3142630493219239,-0.049610297356195,-1,1,-1,1,-14,-13,-14,-13,-20,-14,-20,-14,26.91981053352356
1784751765.709529,25.811207247803477,0.0,0.12,25.811207247803477,0.0,0,17.809058289701976,-2.641127628813561,17.809058289701976,-2.641127628813561,0.550000011920929,-0.0700000002980232,0.2899999916553497,0.2300000041723251,17.259058277781048,-2.571127628515538,17.519058298046627,-2.8711276329858864,6.040670397223367,-0.8998946699804382,6.131670404316319,-1.0048946715450602,0.4609545734786305,-0.0691504459591906,0.4719345740043436,-0.075450446053068,-1,1,-1,1,-14,-13,-14,-13,-21,-14,-21,-14,26.939791917800903
1784751765.7294936,0.0,0.0,0.0,0.0,0.0,0,0.0,0.0,0.0,0.0,0.6100000143051147,-0.2800000011920929,0.4300000071525574,-0.0700000002980232,-0.6100000143051147,0.2800000011920929,-0.4300000071525574,0.0700000002980232,-0.2135000050067901,0.0980000004172325,-0.150500002503395,0.0245000001043081,0.0,0.0,0.0,0.0,-1,1,-1,1,0,0,0,0,0,0,0,0,26.95975661277771
1784751765.7494996,0.0,0.0,0.0,0.0,0.0,0,0.0,0.0,0.0,0.0,0.6100000143051147,-0.2800000011920929,0.4300000071525574,-0.0700000002980232,-0.6100000143051147,0.2800000011920929,-0.4300000071525574,0.0700000002980232,-0.2135000050067901,0.0980000004172325,-0.150500002503395,0.0245000001043081,0.0,0.0,0.0,0.0,-1,1,-1,1,0,0,0,0,0,0,0,0,26.9797625541687
1784751765.76961,0.0,0.0,0.0,0.0,0.0,0,0.0,0.0,0.0,0.0,1.3300000429153442,-0.4199999868869781,0.5299999713897705,-0.050000000745058,-1.3300000429153442,0.4199999868869781,-0.5299999713897705,0.050000000745058,-0.4655000150203705,0.1469999954104423,-0.1854999899864196,0.0175000002607703,0.0,0.0,0.0,0.0,-1,1,-1,1,0,0,0,0,0,0,0,0,26.99987292289734
1784751765.789542,0.0,0.0,0.0,0.0,0.0,0,0.0,0.0,0.0,0.0,1.3300000429153442,-0.4199999868869781,0.5299999713897705,-0.050000000745058,-1.3300000429153442,0.4199999868869781,-0.5299999713897705,0.050000000745058,-0.4655000150203705,0.1469999954104423,-0.1854999899864196,0.0175000002607703,0.0,0.0,0.0,0.0,-1,1,-1,1,0,0,0,0,0,0,0,0,27.01980495452881
1784751765.809488,0.0,0.0,0.0,0.0,0.0,0,0.0,0.0,0.0,0.0,1.3300000429153442,-0.4199999868869781,0.5299999713897705,-0.050000000745058,-1.3300000429153442,0.4199999868869781,-0.5299999713897705,0.050000000745058,-0.4655000150203705,0.1469999954104423,-0.1854999899864196,0.0175000002607703,0.0,0.0,0.0,0.0,-1,1,-1,1,0,0,0,0,0,0,0,0,27.039751052856445
1784751765.8295376,25.811207247803477,0.0,0.12,25.811207247803477,0.0,0,17.809058289701976,-2.641127628813561,17.809058289701976,-2.641127628813561,0.9300000071525574,-0.2899999916553497,0.3700000047683716,-0.0299999993294477,16.87905828254942,-2.3511276371582115,17.439058284933605,-2.611127629484113,5.9076703988922965,-0.822894673005374,6.103670399726761,-0.9138946703194396,0.1519115245429448,-0.0211601487344239,0.1569515245644024,-0.023500148665357,-1,1,-1,1,-14,-13,-14,-13,-20,-14,-20,-14,27.059800624847412
1784751765.8495195,25.811207247803477,0.0,0.12,25.811207247803477,0.0,0,17.809058289701976,-2.641127628813561,17.809058289701976,-2.641127628813561,0.9300000071525574,-0.2899999916553497,0.3700000047683716,-0.0299999993294477,16.87905828254942,-2.3511276371582115,17.439058284933605,-2.611127629484113,5.9076703988922965,-0.822894673005374,6.103670399726761,-0.9138946703194396,0.3038230490858896,-0.0423202974688478,0.3139030491288049,-0.047000297330714,-1,1,-1,1,-14,-13,-14,-13,-20,-14,-20,-14,27.079782485961914
1784751765.8695607,25.811207247803477,0.0,0.12,25.811207247803477,0.0,0,17.809058289701976,-2.641127628813561,17.809058289701976,-2.641127628813561,0.6499999761581421,-0.4300000071525574,0.2599999904632568,-0.0199999995529651,17.159058313543834,-2.211127621661004,17.54905829923872,-2.621127629260596,6.0056704097403415,-0.7738946675813513,6.142170404733552,-0.9173946702412086,0.4582545739077841,-0.0622204460637968,0.4718445738219534,-0.0705904459940594,-1,1,-1,1,-14,-13,-14,-13,-20,-14,-21,-14,27.099823713302612
1784751765.889493,0.0,0.0,0.0,0.0,0.0,0,0.0,0.0,0.0,0.0,0.6499999761581421,-0.4300000071525574,0.2599999904632568,-0.0199999995529651,-0.6499999761581421,0.4300000071525574,-0.2599999904632568,0.0199999995529651,-0.2274999916553497,0.150500002503395,-0.0909999966621398,0.0069999998435378,0.0,0.0,0.0,0.0,-1,1,-1,1,0,0,0,0,0,0,0,0,27.11975598335266
1784751765.909499,0.0,0.0,0.0,0.0,0.0,0,0.0,0.0,0.0,0.0,0.6499999761581421,-0.4300000071525574,0.2599999904632568,-0.0199999995529651,-0.6499999761581421,0.4300000071525574,-0.2599999904632568,0.0199999995529651,-0.2274999916553497,0.150500002503395,-0.0909999966621398,0.0069999998435378,0.0,0.0,0.0,0.0,-1,1,-1,1,0,0,0,0,0,0,0,0,27.139761924743652
1784751765.929495,0.0,0.0,0.0,0.0,0.0,0,0.0,0.0,0.0,0.0,1.1399999856948853,-0.5299999713897705,0.8600000143051147,-0.0199999995529651,-1.1399999856948853,0.5299999713897705,-0.8600000143051147,0.0199999995529651,-0.3989999949932098,0.1854999899864196,-0.3010000050067901,0.0069999998435378,0.0,0.0,0.0,0.0,-1,1,-1,1,0,0,0,0,0,0,0,0,27.1597580909729
1784751765.9494822,0.0,0.0,0.0,0.0,0.0,0,0.0,0.0,0.0,0.0,1.1399999856948853,-0.5299999713897705,0.8600000143051147,-0.0199999995529651,-1.1399999856948853,0.5299999713897705,-0.8600000143051147,0.0199999995529651,-0.3989999949932098,0.1854999899864196,-0.3010000050067901,0.0069999998435378,0.0,0.0,0.0,0.0,-1,1,-1,1,0,0,0,0,0,0,0,0,27.179745197296143
1784751765.9695518,0.0,0.0,0.0,0.0,0.0,0,0.0,0.0,0.0,0.0,0.800000011920929,-0.3700000047683716,0.6000000238418579,-0.0099999997764825,-0.800000011920929,0.3700000047683716,-0.6000000238418579,0.0099999997764825,-0.2800000041723251,0.12950000166893,-0.2100000083446502,0.0034999999217689,0.0,0.0,0.0,0.0,-1,1,-1,1,0,0,0,0,0,0,0,0,27.199814796447754
1784751765.9896233,25.811207247803477,0.0,0.12,25.811207247803477,0.0,0,17.809058289701976,-2.641127628813561,17.809058289701976,-2.641127628813561,0.800000011920929,-0.3700000047683716,0.6000000238418579,-0.0099999997764825,17.009058277781048,-2.2711276240451896,17.20905826586012,-2.631127629037078,5.953170397223366,-0.7948946684158164,6.023170393051041,-0.9208946701629774,0.1530815245000294,-0.0204401486164067,0.154881524392741,-0.0236801486613337,-1,1,-1,1,-14,-13,-14,-13,-20,-14,-20,-14,27.219886302947998
1784751766.0096292,25.811207247803477,0.0,0.12,25.811207247803477,0.0,0,17.809058289701976,-2.641127628813561,17.809058289701976,-2.641127628813561,0.800000011920929,-0.3700000047683716,0.6000000238418579,-0.0099999997764825,17.009058277781048,-2.2711276240451896,17.20905826586012,-2.631127629037078,5.953170397223366,-0.7948946684158164,6.023170393051041,-0.9208946701629774,0.3061630490000588,-0.0408802972328134,0.3097630487854821,-0.0473602973226674,-1,1,-1,1,-14,-13,-14,-13,-20,-14,-20,-14,27.23989224433899
1784751766.0295162,25.811207247803477,0.0,0.12,25.811207247803477,0.0,0,17.809058289701976,-2.641127628813561,17.809058289701976,-2.641127628813561,0.5600000023841858,-0.2599999904632568,0.4199999868869781,-0.0099999997764825,17.24905828731779,-2.3811276383503044,17.389058302815,-2.631127629037078,6.037170400561227,-0.8333946734226065,6.086170405985249,-0.9208946701629774,0.461404573585919,-0.0623104459779661,0.466264573510817,-0.0710404459840011,-1,1,-1,1,-14,-13,-14,-13,-20,-14,-21,-14,27.25977921485901
1784751766.0496082,0.0,0.0,0.0,0.0,0.0,0,0.0,0.0,0.0,0.0,0.5600000023841858,-0.2599999904632568,0.4199999868869781,-0.0099999997764825,-0.5600000023841858,0.2599999904632568,-0.4199999868869781,0.0099999997764825,-0.196000000834465,0.0909999966621398,-0.1469999954104423,0.0034999999217689,0.0,0.0,0.0,0.0,-1,1,-1,1,0,0,0,0,0,0,0,0,27.279871225357056
1784751766.069502,0.0,0.0,0.0,0.0,0.0,0,0.0,0.0,0.0,0.0,1.2999999523162842,-0.4099999964237213,0.9700000286102296,-0.0099999997764825,-1.2999999523162842,0.4099999964237213,-0.9700000286102296,0.0099999997764825,-0.4549999833106994,0.1434999987483024,-0.3395000100135803,0.0034999999217689,0.0,0.0,0.0,0.0,-1,1,-1,1,0,0,0,0,0,0,0,0,27.29976511001587
1784751766.0894914,0.0,0.0,0.0,0.0,0.0,0,0.0,0.0,0.0,0.0,1.2999999523162842,-0.4099999964237213,0.9700000286102296,-0.0099999997764825,-1.2999999523162842,0.4099999964237213,-0.9700000286102296,0.0099999997764825,-0.4549999833106994,0.1434999987483024,-0.3395000100135803,0.0034999999217689,0.0,0.0,0.0,0.0,-1,1,-1,1,0,0,0,0,0,0,0,0,27.319754362106323
1784751766.1094897,0.0,0.0,0.0,0.0,0.0,0,0.0,0.0,0.0,0.0,1.2999999523162842,-0.4099999964237213,0.9700000286102296,-0.0099999997764825,-1.2999999523162842,0.4099999964237213,-0.9700000286102296,0.0099999997764825,-0.4549999833106994,0.1434999987483024,-0.3395000100135803,0.0034999999217689,0.0,0.0,0.0,0.0,-1,1,-1,1,0,0,0,0,0,0,0,0,27.339752674102783
1784751766.1294963,0.0,0.0,0.0,0.0,0.0,0,0.0,0.0,0.0,0.0,0.9100000262260436,-0.5099999904632568,0.9100000262260436,-0.0,-0.9100000262260436,0.5099999904632568,-0.9100000262260436,0.0,-0.3185000091791152,0.1784999966621399,-0.3185000091791152,0.0,0.0,0.0,0.0,0.0,-1,1,-1,1,0,0,0,0,0,0,0,0,27.35975933074951
1784751766.1495044,25.811207247803477,0.0,0.12,25.811207247803477,0.0,0,17.809058289701976,-2.641127628813561,17.809058289701976,-2.641127628813561,0.9100000262260436,-0.5099999904632568,0.9100000262260436,-0.0,16.899058263475933,-2.1311276383503044,16.899058263475933,-2.641127628813561,5.914670392216576,-0.7458946734226065,5.914670392216576,-0.9243946700847464,0.1520915243712834,-0.0191801487451527,0.1520915243712834,-0.023770148659322,-1,1,-1,1,-14,-13,-14,-13,-20,-14,-20,-14,27.379767417907715
1784751766.1695645,25.811207247803477,0.0,0.12,25.811207247803477,0.0,0,17.809058289701976,-2.641127628813561,17.809058289701976,-2.641127628813561,0.4099999964237213,-0.3600000143051147,0.6399999856948853,-0.0,17.399058293278255,-2.2811276145084465,17.16905830400709,-2.641127628813561,6.089670402647389,-0.7983946650779562,6.009170406402482,-0.9243946700847464,0.3086830490107877,-0.0397102972757287,0.3066130491073472,-0.0475402973186441,-1,1,-1,1,-14,-13,-14,-13,-20,-14,-20,-14,27.399827480316162
1784751766.1895382,25.811207247803477,0.0,0.12,25.811207247803477,0.0,0,17.809058289701976,-2.641127628813561,17.809058289701976,-2.641127628813561,0.4099999964237213,-0.3600000143051147,0.6399999856948853,-0.0,17.399058293278255,-2.2811276145084465,17.16905830400709,-2.641127628813561,6.089670402647389,-0.7983946650779562,6.009170406402482,-0.9243946700847464,0.465274573650292,-0.0602404458063047,0.461134573843411,-0.0713104459779661,-1,1,-1,1,-14,-13,-14,-13,-21,-14,-20,-14,27.419801235198975
1784751766.209486,0.0,0.0,0.0,0.0,0.0,0,0.0,0.0,0.0,0.0,0.4099999964237213,-0.3600000143051147,0.6399999856948853,-0.0,-0.4099999964237213,0.3600000143051147,-0.6399999856948853,0.0,-0.1434999987483024,0.1260000050067901,-0.2239999949932098,0.0,0.0,0.0,0.0,0.0,-1,1,-1,1,0,0,0,0,0,0,0,0,27.439749002456665
1784751766.229494,0.0,0.0,0.0,0.0,0.0,0,0.0,0.0,0.0,0.0,1.4199999570846558,-0.4799999892711639,0.8999999761581421,-0.0,-1.4199999570846558,0.4799999892711639,-0.8999999761581421,0.0,-0.4969999849796295,0.1679999962449073,-0.3149999916553497,0.0,0.0,0.0,0.0,0.0,-1,1,-1,1,0,0,0,0,0,0,0,0,27.459757089614868
1784751766.2495835,0.0,0.0,0.0,0.0,0.0,0,0.0,0.0,0.0,0.0,1.4199999570846558,-0.4799999892711639,0.8999999761581421,-0.0,-1.4199999570846558,0.4799999892711639,-0.8999999761581421,0.0,-0.4969999849796295,0.1679999962449073,-0.3149999916553497,0.0,0.0,0.0,0.0,0.0,-1,1,-1,1,0,0,0,0,0,0,0,0,27.479846477508545
1784751766.2699246,0.0,0.0,0.0,0.0,0.0,0,0.0,0.0,0.0,0.0,1.2200000286102295,-0.3300000131130218,0.8500000238418579,-0.0,-1.2200000286102295,0.3300000131130218,-0.8500000238418579,0.0,-0.4270000100135803,0.1155000045895576,-0.2975000083446502,0.0,0.0,0.0,0.0,0.0,-1,1,-1,1,0,0,0,0,0,0,0,0,27.500187635421753
1784751766.2896986,0.0,0.0,0.0,0.0,0.0,0,0.0,0.0,0.0,0.0,1.2200000286102295,-0.3300000131130218,0.8500000238418579,-0.0,-1.2200000286102295,0.3300000131130218,-0.8500000238418579,0.0,-0.4270000100135803,0.1155000045895576,-0.2975000083446502,0.0,0.0,0.0,0.0,0.0,-1,1,-1,1,0,0,0,0,0,0,0,0,27.51996159553528
1784751766.30953,25.811207247803477,0.0,0.12,25.811207247803477,0.0,0,17.809058289701976,-2.641127628813561,17.809058289701976,-2.641127628813561,1.2200000286102295,-0.3300000131130218,0.8500000238418579,-0.0,16.589058261091747,-2.31112761570054,16.95905826586012,-2.641127628813561,5.806170391382111,-0.8088946654951887,5.9356703930510415,-0.9243946700847464,0.1493015243498257,-0.0208001485413048,0.152631524392741,-0.023770148659322,-1,1,-1,1,-14,-13,-14,-13,-20,-14,-20,-14,27.539793014526367
1784751766.3295405,25.811207247803477,0.0,0.12,25.811207247803477,0.0,0,17.809058289701976,-2.641127628813561,17.809058289701976,-2.641127628813561,0.8500000238418579,-0.2300000041723251,0.6000000238418579,-0.0,16.95905826586012,-2.411127624641236,17.20905826586012,-2.641127628813561,5.9356703930510415,-0.8438946686244326,6.023170393051041,-0.9243946700847464,0.3019330487425667,-0.0425002971630759,0.3075130487854821,-0.0475402973186441,-1,1,-1,1,-14,-13,-14,-13,-20,-14,-20,-14,27.55980348587036
1784751766.3495448,25.811207247803477,0.0,0.12,25.811207247803477,0.0,0,17.809058289701976,-2.641127628813561,17.809058289701976,-2.641127628813561,0.8500000238418579,-0.2300000041723251,0.6000000238418579,-0.0,16.95905826586012,-2.411127624641236,17.20905826586012,-2.641127628813561,5.9356703930510415,-0.8438946686244326,6.023170393051041,-0.9243946700847464,0.4545645731353078,-0.0642004457848471,0.4623945731782232,-0.0713104459779661,-1,1,-1,1,-14,-13,-14,-13,-20,-14,-20,-14,27.5798077583313
1784751766.3696527,0.0,0.0,0.0,0.0,0.0,0,0.0,0.0,0.0,0.0,0.8199999928474426,-0.1599999964237213,0.8700000047683716,-0.0,-0.8199999928474426,0.1599999964237213,-0.8700000047683716,0.0,-0.2869999974966049,0.0559999987483024,-0.30450000166893,0.0,0.0,0.0,0.0,0.0,-1,1,-1,1,0,0,0,0,0,0,0,0,27.599915742874146
1784751766.3895848,0.0,0.0,0.0,0.0,0.0,0,0.0,0.0,0.0,0.0,0.8199999928474426,-0.1599999964237213,0.8700000047683716,-0.0,-0.8199999928474426,0.1599999964237213,-0.8700000047683716,0.0,-0.2869999974966049,0.0559999987483024,-0.30450000166893,0.0,0.0,0.0,0.0,0.0,-1,1,-1,1,0,0,0,0,0,0,0,0,27.619847774505615
1784751766.409517,0.0,0.0,0.0,0.0,0.0,0,0.0,0.0,0.0,0.0,0.8199999928474426,-0.1599999964237213,0.8700000047683716,-0.0,-0.8199999928474426,0.1599999964237213,-0.8700000047683716,0.0,-0.2869999974966049,0.0559999987483024,-0.30450000166893,0.0,0.0,0.0,0.0,0.0,-1,1,-1,1,0,0,0,0,0,0,0,0,27.639780044555664
1784751766.4294896,0.0,0.0,0.0,0.0,0.0,0,0.0,0.0,0.0,0.0,0.800000011920929,-0.1099999994039535,1.059999942779541,-0.0,-0.800000011920929,0.1099999994039535,-1.059999942779541,0.0,-0.2800000041723251,0.0384999997913837,-0.3709999799728393,0.0,0.0,0.0,0.0,0.0,-1,1,-1,1,0,0,0,0,0,0,0,0,27.65975260734558
1784751766.449501,0.0,0.0,0.0,0.0,0.0,0,0.0,0.0,0.0,0.0,0.800000011920929,-0.1099999994039535,1.059999942779541,-0.0,-0.800000011920929,0.1099999994039535,-1.059999942779541,0.0,-0.2800000041723251,0.0384999997913837,-0.3709999799728393,0.0,0.0,0.0,0.0,0.0,-1,1,-1,1,0,0,0,0,0,0,0,0,27.67976403236389
1784751766.4696317,25.811207247803477,0.0,0.12,25.811207247803477,0.0,0,17.809058289701976,-2.641127628813561,17.809058289701976,-2.641127628813561,0.5600000023841858,-0.0799999982118606,0.5199999809265137,-0.0,17.24905828731779,-2.561127630601701,17.289058308775463,-2.641127628813561,6.037170400561227,-0.8963946707105951,6.051170408071411,-0.9243946700847464,0.1552415245858601,-0.0230501486754153,0.1556015247789791,-0.023770148659322,-1,1,-1,1,-14,-13,-14,-13,-20,-14,-20,-14,27.699894666671753
1784751766.4895194,25.811207247803477,0.0,0.12,25.811207247803477,0.0,0,17.809058289701976,-2.641127628813561,17.809058289701976,-2.641127628813561,0.5600000023841858,-0.0799999982118606,0.5199999809265137,-0.0,17.24905828731779,-2.561127630601701,17.289058308775463,-2.641127628813561,6.037170400561227,-0.8963946707105951,6.051170408071411,-0.9243946700847464,0.3104830491717202,-0.0461002973508306,0.3112030495579583,-0.0475402973186441,-1,1,-1,1,-14,-13,-14,-13,-20,-14,-20,-14,27.71978235244751
1784751766.5095296,25.811207247803477,0.0,0.12,25.811207247803477,0.0,0,17.809058289701976,-2.641127628813561,17.809058289701976,-2.641127628813561,0.5600000023841858,-0.0799999982118606,0.5199999809265137,-0.0,17.24905828731779,-2.561127630601701,17.289058308775463,-2.641127628813561,6.037170400561227,-0.8963946707105951,6.051170408071411,-0.9243946700847464,0.4657245737575803,-0.0691504460262459,0.4668045743369375,-0.0713104459779661,-1,1,-1,1,-14,-13,-14,-13,-21,-14,-21,-14,27.739792585372925
1784751766.5299375,25.811207247803477,0.0,0.12,25.811207247803477,0.0,0,17.809058289701976,-2.641127628813561,17.809058289701976,-2.641127628813561,0.6200000047683716,-0.0599999986588954,0.5899999737739563,-0.0,17.189058284933605,-2.5811276301546657,17.21905831592802,-2.641127628813561,6.016170399726762,-0.9033946705541328,6.026670410574806,-0.9243946700847464,0.6204260983219828,-0.0923805946976379,0.6217760991802898,-0.0950805946372882,-1,1,-1,1,-14,-13,-14,-13,-21,-14,-21,-14,27.76020050048828
1784751766.549519,0.0,0.0,0.0,0.0,0.0,0,0.0,0.0,0.0,0.0,0.6200000047683716,-0.0599999986588954,0.5899999737739563,-0.0,-0.6200000047683716,0.0599999986588954,-0.5899999737739563,0.0,-0.21700000166893,0.0209999995306134,-0.2064999908208847,0.0,0.0,0.0,0.0,0.0,-1,1,-1,1,0,0,0,0,0,0,0,0,27.77978205680847
1784751766.5695643,0.0,0.0,0.0,0.0,0.0,0,0.0,0.0,0.0,0.0,1.340000033378601,-0.0399999991059303,1.3200000524520874,-0.0,-1.340000033378601,0.0399999991059303,-1.3200000524520874,0.0,-0.4690000116825103,0.0139999996870756,-0.4620000183582305,0.0,0.0,0.0,0.0,0.0,-1,1,-1,1,0,0,0,0,0,0,0,0,27.799827337265015
1784751766.5894887,0.0,0.0,0.0,0.0,0.0,0,0.0,0.0,0.0,0.0,1.340000033378601,-0.0399999991059303,1.3200000524520874,-0.0,-1.340000033378601,0.0399999991059303,-1.3200000524520874,0.0,-0.4690000116825103,0.0139999996870756,-0.4620000183582305,0.0,0.0,0.0,0.0,0.0,-1,1,-1,1,0,0,0,0,0,0,0,0,27.819751739501953
1784751766.609489,0.0,0.0,0.0,0.0,0.0,0,0.0,0.0,0.0,0.0,1.340000033378601,-0.0399999991059303,1.3200000524520874,-0.0,-1.340000033378601,0.0399999991059303,-1.3200000524520874,0.0,-0.4690000116825103,0.0139999996870756,-0.4620000183582305,0.0,0.0,0.0,0.0,0.0,-1,1,-1,1,0,0,0,0,0,0,0,0,27.839751958847046
1784751766.6295266,25.811207247803477,0.0,0.12,25.811207247803477,0.0,0,17.809058289701976,-2.641127628813561,17.809058289701976,-2.641127628813561,1.159999966621399,-0.0299999993294477,0.9200000166893004,-0.0,16.649058323080578,-2.611127629484113,16.889058273012676,-2.641127628813561,5.827170413078202,-0.9138946703194396,5.911170395554437,-0.9243946700847464,0.1498415249077252,-0.023500148665357,0.1520015244571141,-0.023770148659322,-1,1,-1,1,-14,-13,-14,-13,-20,-14,-20,-14,27.859789609909058
1784751766.6495144,25.811207247803477,0.0,0.12,25.811207247803477,0.0,0,17.809058289701976,-2.641127628813561,17.809058289701976,-2.641127628813561,1.159999966621399,-0.0299999993294477,0.9200000166893004,-0.0,16.649058323080578,-2.611127629484113,16.889058273012676,-2.641127628813561,5.827170413078202,-0.9138946703194396,5.911170395554437,-0.9243946700847464,0.2996830498154504,-0.047000297330714,0.3040030489142282,-0.0475402973186441,-1,1,-1,1,-14,-13,-14,-13,-20,-14,-20,-14,27.879777431488037
1784751766.6696675,25.811207247803477,0.0,0.12,25.811207247803477,0.0,0,17.809058289701976,-2.641127628813561,17.809058289701976,-2.641127628813561,1.0399999618530271,-0.0199999995529651,0.6499999761581421,-0.0,16.76905832784895,-2.621127629260596,17.159058313543834,-2.641127628813561,5.869170414747132,-0.9173946702412086,6.0056704097403415,-0.9243946700847464,0.4506045747660909,-0.0705904459940594,0.4584345737361227,-0.0713104459779661,-1,1,-1,1,-14,-13,-14,-13,-20,-14,-20,-14,27.899930477142334
1784751766.6895032,0.0,0.0,0.0,0.0,0.0,0,0.0,0.0,0.0,0.0,1.0399999618530271,-0.0199999995529651,0.6499999761581421,-0.0,-1.0399999618530271,0.0199999995529651,-0.6499999761581421,0.0,-0.3639999866485595,0.0069999998435378,-0.2274999916553497,0.0,0.0,0.0,0.0,0.0,-1,1,-1,1,0,0,0,0,0,0,0,0,27.919766187667847
1784751766.7095015,0.0,0.0,0.0,0.0,0.0,0,0.0,0.0,0.0,0.0,1.0399999618530271,-0.0199999995529651,0.6499999761581421,-0.0,-1.0399999618530271,0.0199999995529651,-0.6499999761581421,0.0,-0.3639999866485595,0.0069999998435378,-0.2274999916553497,0.0,0.0,0.0,0.0,0.0,-1,1,-1,1,0,0,0,0,0,0,0,0,27.939764499664307
1784751766.7294838,0.0,0.0,0.0,0.0,0.0,0,0.0,0.0,0.0,0.0,1.6299999952316284,-0.0099999997764825,1.3600000143051147,-0.0,-1.6299999952316284,0.0099999997764825,-1.3600000143051147,0.0,-0.5704999983310699,0.0034999999217689,-0.4760000050067901,0.0,0.0,0.0,0.0,0.0,-1,1,-1,1,0,0,0,0,0,0,0,0,27.959746837615967
1784751766.7495005,0.0,0.0,0.0,0.0,0.0,0,0.0,0.0,0.0,0.0,1.6299999952316284,-0.0099999997764825,1.3600000143051147,-0.0,-1.6299999952316284,0.0099999997764825,-1.3600000143051147,0.0,-0.5704999983310699,0.0034999999217689,-0.4760000050067901,0.0,0.0,0.0,0.0,0.0,-1,1,-1,1,0,0,0,0,0,0,0,0,27.979763507843018
1784751766.7696283,0.0,0.0,0.0,0.0,0.0,0,0.0,0.0,0.0,0.0,1.1399999856948853,-0.0099999997764825,0.949999988079071,-0.0,-1.1399999856948853,0.0099999997764825,-0.949999988079071,0.0,-0.3989999949932098,0.0034999999217689,-0.3324999958276748,0.0,0.0,0.0,0.0,0.0,-1,1,-1,1,0,0,0,0,0,0,0,0,27.99989128112793
1784751766.7895188,25.811207247803477,0.0,0.12,25.811207247803477,0.0,0,17.809058289701976,-2.641127628813561,17.809058289701976,-2.641127628813561,1.1399999856948853,-0.0099999997764825,0.949999988079071,-0.0,16.66905830400709,-2.631127629037078,16.859058301622905,-2.641127628813561,5.834170406402482,-0.9208946701629774,5.900670405568016,-0.9243946700847464,0.1500215247360638,-0.0236801486613337,0.1517315247146061,-0.023770148659322,-1,1,-1,1,-14,-13,-14,-13,-20,-14,-20,-14,28.019781827926636
1784751766.809525,25.811207247803477,0.0,0.12,25.811207247803477,0.0,0,17.809058289701976,-2.641127628813561,17.809058289701976,-2.641127628813561,1.1399999856948853,-0.0099999997764825,0.949999988079071,-0.0,16.66905830400709,-2.631127629037078,16.859058301622905,-2.641127628813561,5.834170406402482,-0.9208946701629774,5.900670405568016,-0.9243946700847464,0.3000430494721277,-0.0473602973226674,0.3034630494292123,-0.0475402973186441,-1,1,-1,1,-14,-13,-14,-13,-20,-14,-20,-14,28.039788007736206
1784751766.8295093,25.811207247803477,0.0,0.12,25.811207247803477,0.0,0,17.809058289701976,-2.641127628813561,17.809058289701976,-2.641127628813561,0.800000011920929,-0.0099999997764825,0.6700000166893005,-0.0,17.009058277781048,-2.631127629037078,17.139058273012676,-2.641127628813561,5.953170397223366,-0.9208946701629774,5.998670395554436,-0.9243946700847464,0.4531245739721571,-0.0710404459840011,0.4577145738863264,-0.0713104459779661,-1,1,-1,1,-14,-13,-14,-13,-20,-14,-20,-14,28.0597722530365
1784751766.8494935,0.0,0.0,0.0,0.0,0.0,0,0.0,0.0,0.0,0.0,0.800000011920929,-0.0099999997764825,0.6700000166893005,-0.0,-0.800000011920929,0.0099999997764825,-0.6700000166893005,0.0,-0.2800000041723251,0.0034999999217689,-0.2345000058412551,0.0,0.0,0.0,0.0,0.0,-1,1,-1,1,0,0,0,0,0,0,0,0,28.079756498336792
1784751766.869536,0.0,0.0,0.0,0.0,0.0,0,0.0,0.0,0.0,0.0,1.0099999904632568,-0.0,1.1399999856948853,-0.0,-1.0099999904632568,0.0,-1.1399999856948853,0.0,-0.3534999966621399,0.0,-0.3989999949932098,0.0,0.0,0.0,0.0,0.0,-1,1,-1,1,0,0,0,0,0,0,0,0,28.099798917770386
1784751766.8895109,0.0,0.0,0.0,0.0,0.0,0,0.0,0.0,0.0,0.0,1.0099999904632568,-0.0,1.1399999856948853,-0.0,-1.0099999904632568,0.0,-1.1399999856948853,0.0,-0.3534999966621399,0.0,-0.3989999949932098,0.0,0.0,0.0,0.0,0.0,-1,1,-1,1,0,0,0,0,0,0,0,0,28.119773864746094
1784751766.9095,0.0,0.0,0.0,0.0,0.0,0,0.0,0.0,0.0,0.0,1.0099999904632568,-0.0,1.1399999856948853,-0.0,-1.0099999904632568,0.0,-1.1399999856948853,0.0,-0.3534999966621399,0.0,-0.3989999949932098,0.0,0.0,0.0,0.0,0.0,-1,1,-1,1,0,0,0,0,0,0,0,0,28.13976287841797
1784751766.929484,0.0,0.0,0.0,0.0,0.0,0,0.0,0.0,0.0,0.0,0.9399999976158142,0.2199999988079071,0.800000011920929,-0.0,-0.9399999976158142,-0.2199999988079071,-0.800000011920929,0.0,-0.3289999991655349,-0.0769999995827674,-0.2800000041723251,0.0,0.0,0.0,0.0,0.0,-1,1,-1,1,0,0,0,0,0,0,0,0,28.159746885299683
1784751766.949517,25.811207247803477,0.0,0.12,25.811207247803477,0.0,0,17.809058289701976,-2.641127628813561,17.809058289701976,-2.641127628813561,0.9399999976158142,0.2199999988079071,0.800000011920929,-0.0,16.869058292086162,-2.8611276276214683,17.009058277781048,-2.641127628813561,5.904170402230156,-1.0013946696675138,5.953170397223366,-0.9243946700847464,0.1518215246287754,-0.0257501486485932,0.1530815245000294,-0.023770148659322,-1,1,-1,1,-14,-13,-14,-13,-20,-14,-20,-14,28.17978000640869
1784751766.9695623,25.811207247803477,0.0,0.12,25.811207247803477,0.0,0,17.809058289701976,-2.641127628813561,17.809058289701976,-2.641127628813561,0.6600000262260437,0.1599999964237213,0.5600000023841858,-0.0,17.149058263475933,-2.8011276252372825,17.24905828731779,-2.641127628813561,6.002170392216576,-0.9803946688330488,6.037170400561227,-0.9243946700847464,0.3061630490000588,-0.0509602972757287,0.3083230490858896,-0.0475402973186441,-1,1,-1,1,-14,-13,-14,-13,-20,-14,-20,-14,28.199825286865234
1784751766.9895115,25.811207247803477,0.0,0.12,25.811207247803477,0.0,0,17.809058289701976,-2.641127628813561,17.809058289701976,-2.641127628813561,0.6600000262260437,0.1599999964237213,0.5600000023841858,-0.0,17.149058263475933,-2.8011276252372825,17.24905828731779,-2.641127628813561,6.002170392216576,-0.9803946688330488,6.037170400561227,-0.9243946700847464,0.4605045733713422,-0.0761704459028643,0.4635645736717497,-0.0713104459779661,-1,1,-1,1,-14,-13,-14,-13,-20,-14,-21,-14,28.2197744846344
1784751767.0094829,0.0,0.0,0.0,0.0,0.0,0,0.0,0.0,0.0,0.0,0.6600000262260437,0.1599999964237213,0.5600000023841858,-0.0,-0.6600000262260437,-0.1599999964237213,-0.5600000023841858,0.0,-0.2310000091791152,-0.0559999987483024,-0.196000000834465,0.0,0.0,0.0,0.0,0.0,-1,1,-1,1,0,0,0,0,0,0,0,0,28.23974585533142
1784751767.029528,0.0,0.0,0.0,0.0,0.0,0,0.0,0.0,0.0,0.0,0.6800000071525574,-0.1199999973177909,1.0700000524520874,-0.0,-0.6800000071525574,0.1199999973177909,-1.0700000524520874,0.0,-0.238000002503395,0.0419999990612268,-0.3745000183582305,0.0,0.0,0.0,0.0,0.0,-1,1,-1,1,0,0,0,0,0,0,0,0,28.259790897369385
1784751767.0494978,0.0,0.0,0.0,0.0,0.0,0,0.0,0.0,0.0,0.0,0.6800000071525574,-0.1199999973177909,1.0700000524520874,-0.0,-0.6800000071525574,0.1199999973177909,-1.0700000524520874,0.0,-0.238000002503395,0.0419999990612268,-0.3745000183582305,0.0,0.0,0.0,0.0,0.0,-1,1,-1,1,0,0,0,0,0,0,0,0,28.27976083755493
1784751767.0696857,0.0,0.0,0.0,0.0,0.0,0,0.0,0.0,0.0,0.0,0.7099999785423279,0.1400000005960464,0.9800000190734864,-0.0,-0.7099999785423279,-0.1400000005960464,-0.9800000190734864,0.0,-0.2484999924898147,-0.0490000002086162,-0.3430000066757201,0.0,0.0,0.0,0.0,0.0,-1,1,-1,1,0,0,0,0,0,0,0,0,28.299948692321777
1784751767.0894818,0.0,0.0,0.0,0.0,0.0,0,0.0,0.0,0.0,0.0,0.7099999785423279,0.1400000005960464,0.9800000190734864,-0.0,-0.7099999785423279,-0.1400000005960464,-0.9800000190734864,0.0,-0.2484999924898147,-0.0490000002086162,-0.3430000066757201,0.0,0.0,0.0,0.0,0.0,-1,1,-1,1,0,0,0,0,0,0,0,0,28.31974482536316
1784751767.1095088,25.811207247803477,0.0,0.12,25.811207247803477,0.0,0,17.809058289701976,-2.641127628813561,17.809058289701976,-2.641127628813561,0.7099999785423279,0.1400000005960464,0.9800000190734864,-0.0,17.09905831115965,-2.781127629409608,16.82905827062849,-2.641127628813561,5.984670408905877,-0.9733946702933626,5.890170394719971,-0.9243946700847464,0.1538915248004368,-0.0250301486646864,0.1514615244356564,-0.023770148659322,-1,1,-1,1,-14,-13,-14,-13,-20,-14,-20,-14,28.33977174758911
1784751767.129507,25.811207247803477,0.0,0.12,25.811207247803477,0.0,0,17.809058289701976,-2.641127628813561,17.809058289701976,-2.641127628813561,0.4900000095367431,0.1000000014901161,0.6800000071525574,-0.0,17.319058280165233,-2.7411276303036773,17.12905828254942,-2.641127628813561,6.061670398057832,-0.959394670606287,5.995170398892296,-0.9243946700847464,0.309763049321924,-0.0497002973374195,0.3056230489786012,-0.0475402973186441,-1,1,-1,1,-14,-13,-14,-13,-20,-14,-20,-14,28.35977005958557
1784751767.1495037,25.811207247803477,0.0,0.12,25.811207247803477,0.0,0,17.809058289701976,-2.641127628813561,17.809058289701976,-2.641127628813561,0.4900000095367431,0.1000000014901161,0.6800000071525574,-0.0,17.319058280165233,-2.7411276303036773,17.12905828254942,-2.641127628813561,6.061670398057832,-0.959394670606287,5.995170398892296,-0.9243946700847464,0.4656345738434111,-0.0743704460101526,0.459784573521546,-0.0713104459779661,-1,1,-1,1,-14,-13,-14,-13,-21,-14,-20,-14,28.379766702651978
1784751767.169546,0.0,0.0,0.0,0.0,0.0,0,0.0,0.0,0.0,0.0,0.800000011920929,0.0700000002980232,0.7099999785423279,-0.0,-0.800000011920929,-0.0700000002980232,-0.7099999785423279,0.0,-0.2800000041723251,-0.0245000001043081,-0.2484999924898147,0.0,0.0,0.0,0.0,0.0,-1,1,-1,1,0,0,0,0,0,0,0,0,28.399808883666992
1784751767.1894832,0.0,0.0,0.0,0.0,0.0,0,0.0,0.0,0.0,0.0,0.800000011920929,0.0700000002980232,0.7099999785423279,-0.0,-0.800000011920929,-0.0700000002980232,-0.7099999785423279,0.0,-0.2800000041723251,-0.0245000001043081,-0.2484999924898147,0.0,0.0,0.0,0.0,0.0,-1,1,-1,1,0,0,0,0,0,0,0,0,28.419746160507202
1784751767.2094853,0.0,0.0,0.0,0.0,0.0,0,0.0,0.0,0.0,0.0,0.800000011920929,0.0700000002980232,0.7099999785423279,-0.0,-0.800000011920929,-0.0700000002980232,-0.7099999785423279,0.0,-0.2800000041723251,-0.0245000001043081,-0.2484999924898147,0.0,0.0,0.0,0.0,0.0,-1,1,-1,1,0,0,0,0,0,0,0,0,28.439748287200928
1784751767.2294884,0.0,0.0,0.0,0.0,0.0,0,0.0,0.0,0.0,0.0,0.7900000214576721,0.050000000745058,0.7200000286102295,-0.0,-0.7900000214576721,-0.050000000745058,-0.7200000286102295,0.0,-0.2765000075101852,-0.0175000002607703,-0.2520000100135803,0.0,0.0,0.0,0.0,0.0,-1,1,-1,1,0,0,0,0,0,0,0,0,28.45975136756897
1784751767.2494867,0.0,0.0,0.0,0.0,0.0,0,0.0,0.0,0.0,0.0,0.7900000214576721,0.050000000745058,0.7200000286102295,-0.0,-0.7900000214576721,-0.050000000745058,-0.7200000286102295,0.0,-0.2765000075101852,-0.0175000002607703,-0.2520000100135803,0.0,0.0,0.0,0.0,0.0,-1,1,-1,1,0,0,0,0,0,0,0,0,28.47974967956543
1784751767.2695818,25.811207247803477,0.0,0.12,25.811207247803477,0.0,0,17.809058289701976,-2.641127628813561,17.809058289701976,-2.641127628813561,0.550000011920929,0.0299999993294477,0.5,-0.0,17.259058277781048,-2.671127628143009,17.309058289701976,-2.641127628813561,6.040670397223367,-0.9348946698500532,6.058170401395691,-0.9243946700847464,0.1553315245000294,-0.024040148653287,0.1557815246073177,-0.023770148659322,-1,1,-1,1,-14,-13,-14,-13,-20,-14,-20,-14,28.499844789505005
1784751767.2895112,25.811207247803477,0.0,0.12,25.811207247803477,0.0,0,17.809058289701976,-2.641127628813561,17.809058289701976,-2.641127628813561,0.550000011920929,0.0299999993294477,0.5,-0.0,17.259058277781048,-2.671127628143009,17.309058289701976,-2.641127628813561,6.040670397223367,-0.9348946698500532,6.058170401395691,-0.9243946700847464,0.3106630490000588,-0.0480802973065741,0.3115630492146355,-0.0475402973186441,-1,1,-1,1,-14,-13,-14,-13,-20,-14,-20,-14,28.519774198532104
1784751767.309502,25.811207247803477,0.0,0.12,25.811207247803477,0.0,0,17.809058289701976,-2.641127628813561,17.809058289701976,-2.641127628813561,0.550000011920929,0.0299999993294477,0.5,-0.0,17.259058277781048,-2.671127628143009,17.309058289701976,-2.641127628813561,6.040670397223367,-0.9348946698500532,6.058170401395691,-0.9243946700847464,0.4659945735000883,-0.0721204459598612,0.4673445738219534,-0.0713104459779661,-1,1,-1,1,-14,-13,-14,-13,-21,-14,-21,-14,28.539764881134033
1784751767.329492,0.0,0.0,0.0,0.0,0.0,0,0.0,0.0,0.0,0.0,0.6100000143051147,0.0199999995529651,0.5799999833106995,-0.0,-0.6100000143051147,-0.0199999995529651,-0.5799999833106995,0.0,-0.2135000050067901,-0.0069999998435378,-0.2029999941587448,0.0,0.0,0.0,0.0,0.0,-1,1,-1,1,0,0,0,0,0,0,0,0,28.559755086898804
1784751767.3495045,0.0,0.0,0.0,0.0,0.0,0,0.0,0.0,0.0,0.0,0.6100000143051147,0.0199999995529651,0.5799999833106995,-0.0,-0.6100000143051147,-0.0199999995529651,-0.5799999833106995,0.0,-0.2135000050067901,-0.0069999998435378,-0.2029999941587448,0.0,0.0,0.0,0.0,0.0,-1,1,-1,1,0,0,0,0,0,0,0,0,28.57976746559143
1784751767.3697498,0.0,0.0,0.0,0.0,0.0,0,0.0,0.0,0.0,0.0,0.6100000143051147,0.0199999995529651,0.5799999833106995,-0.0,-0.6100000143051147,-0.0199999995529651,-0.5799999833106995,0.0,-0.2135000050067901,-0.0069999998435378,-0.2029999941587448,0.0,0.0,0.0,0.0,0.0,-1,1,-1,1,0,0,0,0,0,0,0,0,28.60001277923584
1784751767.3895178,0.0,0.0,0.0,0.0,0.0,0,0.0,0.0,0.0,0.0,0.8799999952316284,-0.209999993443489,0.6299999952316284,-0.0,-0.8799999952316284,0.209999993443489,-0.6299999952316284,0.0,-0.3079999983310699,0.0734999977052211,-0.2204999983310699,0.0,0.0,0.0,0.0,0.0,-1,1,-1,1,0,0,0,0,0,0,0,0,28.619780778884888
1784751767.4094849,0.0,0.0,0.0,0.0,0.0,0,0.0,0.0,0.0,0.0,0.8799999952316284,-0.209999993443489,0.6299999952316284,-0.0,-0.8799999952316284,0.209999993443489,-0.6299999952316284,0.0,-0.3079999983310699,0.0734999977052211,-0.2204999983310699,0.0,0.0,0.0,0.0,0.0,-1,1,-1,1,0,0,0,0,0,0,0,0,28.639747858047485
1784751767.4295125,25.811207247803477,0.0,0.12,25.811207247803477,0.0,0,17.809058289701976,-2.641127628813561,17.809058289701976,-2.641127628813561,0.6200000047683716,-0.1500000059604644,0.4399999976158142,-0.0,17.189058284933605,-2.4911276228530967,17.369058292086162,-2.641127628813561,6.016170399726762,-0.8718946679985838,6.079170402230156,-0.9243946700847464,0.1547015245644024,-0.0224201486056778,0.1563215246287754,-0.023770148659322,-1,1,-1,1,-14,-13,-14,-13,-20,-14,-20,-14,28.659775495529175
1784751767.449531,25.811207247803477,0.0,0.12,25.811207247803477,0.0,0,17.809058289701976,-2.641127628813561,17.809058289701976,-2.641127628813561,0.6200000047683716,-0.1500000059604644,0.4399999976158142,-0.0,17.189058284933605,-2.4911276228530967,17.369058292086162,-2.641127628813561,6.016170399726762,-0.8718946679985838,6.079170402230156,-0.9243946700847464,0.3094030491288049,-0.0448402972113557,0.3126430492575509,-0.0475402973186441,-1,1,-1,1,-14,-13,-14,-13,-20,-14,-20,-14,28.67979407310486
1784751767.4697092,25.811207247803477,0.0,0.12,25.811207247803477,0.0,0,17.809058289701976,-2.641127628813561,17.809058289701976,-2.641127628813561,0.6600000262260437,-0.1000000014901161,0.3100000023841858,-0.0,17.149058263475933,-2.541127627323445,17.49905828731779,-2.641127628813561,6.002170392216576,-0.8893946695632057,6.124670400561226,-0.9243946700847464,0.4637445735000883,-0.0677104458572667,0.470134573843411,-0.0713104459779661,-1,1,-1,1,-14,-13,-14,-13,-20,-14,-21,-14,28.69997215270996
1784751767.4895146,0.0,0.0,0.0,0.0,0.0,0,0.0,0.0,0.0,0.0,0.6600000262260437,-0.1000000014901161,0.3100000023841858,-0.0,-0.6600000262260437,0.1000000014901161,-0.3100000023841858,0.0,-0.2310000091791152,0.0350000005215406,-0.108500000834465,0.0,0.0,0.0,0.0,0.0,-1,1,-1,1,0,0,0,0,0,0,0,0,28.719777584075928
1784751767.5094855,0.0,0.0,0.0,0.0,0.0,0,0.0,0.0,0.0,0.0,0.6600000262260437,-0.1000000014901161,0.3100000023841858,-0.0,-0.6600000262260437,0.1000000014901161,-0.3100000023841858,0.0,-0.2310000091791152,0.0350000005215406,-0.108500000834465,0.0,0.0,0.0,0.0,0.0,-1,1,-1,1,0,0,0,0,0,0,0,0,28.73974847793579
1784751767.5294902,0.0,0.0,0.0,0.0,0.0,0,0.0,0.0,0.0,0.0,1.1399999856948853,-0.3000000119209289,0.6700000166893005,-0.0,-1.1399999856948853,0.3000000119209289,-0.6700000166893005,0.0,-0.3989999949932098,0.1050000041723251,-0.2345000058412551,0.0,0.0,0.0,0.0,0.0,-1,1,-1,1,0,0,0,0,0,0,0,0,28.759753227233887
1784751767.5495045,0.0,0.0,0.0,0.0,0.0,0,0.0,0.0,0.0,0.0,1.1399999856948853,-0.3000000119209289,0.6700000166893005,-0.0,-1.1399999856948853,0.3000000119209289,-0.6700000166893005,0.0,-0.3989999949932098,0.1050000041723251,-0.2345000058412551,0.0,0.0,0.0,0.0,0.0,-1,1,-1,1,0,0,0,0,0,0,0,0,28.779767513275146
1784751767.5696278,0.0,0.0,0.0,0.0,0.0,0,0.0,0.0,0.0,0.0,0.800000011920929,0.0199999995529651,0.4699999988079071,-0.0,-0.800000011920929,-0.0199999995529651,-0.4699999988079071,0.0,-0.2800000041723251,-0.0069999998435378,-0.1644999995827674,0.0,0.0,0.0,0.0,0.0,-1,1,-1,1,0,0,0,0,0,0,0,0,28.799890756607056
1784751767.5895357,25.811207247803477,0.0,0.12,25.811207247803477,0.0,0,17.809058289701976,-2.641127628813561,17.809058289701976,-2.641127628813561,0.800000011920929,0.0199999995529651,0.4699999988079071,-0.0,17.009058277781048,-2.6611276283665264,17.33905829089407,-2.641127628813561,5.953170397223366,-0.931394669928284,6.068670401812924,-0.9243946700847464,0.1530815245000294,-0.0239501486552987,0.1560515246180466,-0.023770148659322,-1,1,-1,1,-14,-13,-14,-13,-20,-14,-20,-14,28.819798707962036
1784751767.6095328,25.811207247803477,0.0,0.12,25.811207247803477,0.0,0,17.809058289701976,-2.641127628813561,17.809058289701976,-2.641127628813561,0.800000011920929,0.0199999995529651,0.4699999988079071,-0.0,17.009058277781048,-2.6611276283665264,17.33905829089407,-2.641127628813561,5.953170397223366,-0.931394669928284,6.068670401812924,-0.9243946700847464,0.3061630490000588,-0.0479002973105974,0.3121030492360933,-0.0475402973186441,-1,1,-1,1,-14,-13,-14,-13,-20,-14,-20,-14,28.8397958278656
1784751767.6294966,0.0,0.0,0.0,0.0,0.0,0,0.0,0.0,0.0,0.0,0.5600000023841858,0.0099999997764825,0.3300000131130218,-0.0,-0.5600000023841858,-0.0099999997764825,-0.3300000131130218,0.0,-0.196000000834465,-0.0034999999217689,-0.1155000045895576,0.0,0.0,0.0,0.0,0.0,-1,1,-1,1,0,0,0,0,0,0,0,0,28.85975956916809
1784751767.6495092,0.0,0.0,0.0,0.0,0.0,0,0.0,0.0,0.0,0.0,0.5600000023841858,0.0099999997764825,0.3300000131130218,-0.0,-0.5600000023841858,-0.0099999997764825,-0.3300000131130218,0.0,-0.196000000834465,-0.0034999999217689,-0.1155000045895576,0.0,0.0,0.0,0.0,0.0,-1,1,-1,1,0,0,0,0,0,0,0,0,28.879772186279297
1784751767.6697714,0.0,0.0,0.0,0.0,0.0,0,0.0,0.0,0.0,0.0,0.8399999737739563,-0.2199999988079071,0.6800000071525574,-0.0,-0.8399999737739563,0.2199999988079071,-0.6800000071525574,0.0,-0.2939999908208847,0.0769999995827674,-0.238000002503395,0.0,0.0,0.0,0.0,0.0,-1,1,-1,1,0,0,0,0,0,0,0,0,28.900034427642822
1784751767.6894855,0.0,0.0,0.0,0.0,0.0,0,0.0,0.0,0.0,0.0,0.8399999737739563,-0.2199999988079071,0.6800000071525574,-0.0,-0.8399999737739563,0.2199999988079071,-0.6800000071525574,0.0,-0.2939999908208847,0.0769999995827674,-0.238000002503395,0.0,0.0,0.0,0.0,0.0,-1,1,-1,1,0,0,0,0,0,0,0,0,28.919748544692993
1784751767.709513,0.0,0.0,0.0,0.0,0.0,0,0.0,0.0,0.0,0.0,0.8399999737739563,-0.2199999988079071,0.6800000071525574,-0.0,-0.8399999737739563,0.2199999988079071,-0.6800000071525574,0.0,-0.2939999908208847,0.0769999995827674,-0.238000002503395,0.0,0.0,0.0,0.0,0.0,-1,1,-1,1,0,0,0,0,0,0,0,0,28.939775943756104
1784751767.7294931,0.0,0.0,0.0,0.0,0.0,0,0.0,0.0,0.0,0.0,0.5899999737739563,0.0700000002980232,0.4799999892711639,-0.0,-0.5899999737739563,-0.0700000002980232,-0.4799999892711639,0.0,-0.2064999908208847,-0.0245000001043081,-0.1679999962449073,0.0,0.0,0.0,0.0,0.0,-1,1,-1,1,0,0,0,0,0,0,0,0,28.95975613594055
1784751767.7495337,25.811207247803477,0.0,0.12,25.811207247803477,0.0,0,17.809058289701976,-2.641127628813561,17.809058289701976,-2.641127628813561,0.5899999737739563,0.0700000002980232,0.4799999892711639,-0.0,17.21905831592802,-2.7111276291115844,17.329058300430813,-2.641127628813561,6.026670410574806,-0.9488946701890544,6.065170405150784,-0.9243946700847464,0.1549715248433522,-0.0244001486620042,0.1559615247038773,-0.023770148659322,-1,1,-1,1,-14,-13,-14,-13,-20,-14,-20,-14,28.979796648025513
1784751767.7697988,25.811207247803477,0.0,0.12,25.811207247803477,0.0,0,17.809058289701976,-2.641127628813561,17.809058289701976,-2.641127628813561,0.5899999737739563,0.0700000002980232,0.4799999892711639,-0.0,17.21905831592802,-2.7111276291115844,17.329058300430813,-2.641127628813561,6.026670410574806,-0.9488946701890544,6.065170405150784,-0.9243946700847464,0.3099430496867044,-0.0488002973240085,0.3119230494077546,-0.0475402973186441,-1,1,-1,1,-14,-13,-14,-13,-20,-14,-20,-14,29.000061750411987
1784751767.7895176,0.0,0.0,0.0,0.0,0.0,0,0.0,0.0,0.0,0.0,0.4099999964237213,0.050000000745058,0.3300000131130218,-0.0,-0.4099999964237213,-0.050000000745058,-0.3300000131130218,0.0,-0.1434999987483024,-0.0175000002607703,-0.1155000045895576,0.0,0.0,0.0,0.0,0.0,-1,1,-1,1,0,0,0,0,0,0,0,0,29.01978063583374
1784751767.8095117,0.0,0.0,0.0,0.0,0.0,0,0.0,0.0,0.0,0.0,0.4099999964237213,0.050000000745058,0.3300000131130218,-0.0,-0.4099999964237213,-0.050000000745058,-0.3300000131130218,0.0,-0.1434999987483024,-0.0175000002607703,-0.1155000045895576,0.0,0.0,0.0,0.0,0.0,-1,1,-1,1,0,0,0,0,0,0,0,0,29.039774656295776
1784751767.8295033,0.0,0.0,0.0,0.0,0.0,0,0.0,0.0,0.0,0.0,0.7400000095367432,-0.1899999976158142,0.6899999976158142,-0.0,-0.7400000095367432,0.1899999976158142,-0.6899999976158142,0.0,-0.2590000033378601,0.0664999991655349,-0.2414999991655349,0.0,0.0,0.0,0.0,0.0,-1,1,-1,1,0,0,0,0,0,0,0,0,29.05976629257202
1784751767.8495102,0.0,0.0,0.0,0.0,0.0,0,0.0,0.0,0.0,0.0,0.7400000095367432,-0.1899999976158142,0.6899999976158142,-0.0,-0.7400000095367432,0.1899999976158142,-0.6899999976158142,0.0,-0.2590000033378601,0.0664999991655349,-0.2414999991655349,0.0,0.0,0.0,0.0,0.0,-1,1,-1,1,0,0,0,0,0,0,0,0,29.07977318763733
1784751767.869674,0.0,0.0,0.0,0.0,0.0,0,0.0,0.0,0.0,0.0,0.5199999809265137,0.0900000035762786,0.4799999892711639,-0.0,-0.5199999809265137,-0.0900000035762786,-0.4799999892711639,0.0,-0.1819999933242797,-0.0315000012516975,-0.1679999962449073,0.0,0.0,0.0,0.0,0.0,-1,1,-1,1,0,0,0,0,0,0,0,0,29.099936962127686
1784751767.8894925,0.0,0.0,0.0,0.0,0.0,0,0.0,0.0,0.0,0.0,0.5199999809265137,0.0900000035762786,0.4799999892711639,-0.0,-0.5199999809265137,-0.0900000035762786,-0.4799999892711639,0.0,-0.1819999933242797,-0.0315000012516975,-0.1679999962449073,0.0,0.0,0.0,0.0,0.0,-1,1,-1,1,0,0,0,0,0,0,0,0,29.119755506515503
1784751767.9095173,25.811207247803477,0.0,0.12,25.811207247803477,0.0,0,17.809058289701976,-2.641127628813561,17.809058289701976,-2.641127628813561,0.5199999809265137,0.0900000035762786,0.4799999892711639,-0.0,17.289058308775463,-2.73112763238984,17.329058300430813,-2.641127628813561,6.051170408071411,-0.955894671336444,6.065170405150784,-0.9243946700847464,0.1556015247789791,-0.0245801486915085,0.1559615247038773,-0.023770148659322,-1,1,-1,1,-14,-13,-14,-13,-20,-14,-20,-14,29.139780282974243
1784751767.929517,25.811207247803477,0.0,0.12,25.811207247803477,0.0,0,17.809058289701976,-2.641127628813561,17.809058289701976,-2.641127628813561,0.3600000143051147,0.0700000002980232,0.3400000035762787,-0.0,17.44905827539686,-2.7111276291115844,17.469058286125698,-2.641127628813561,6.107170396388901,-0.9488946701890544,6.114170400143994,-0.9243946700847464,0.3126430492575509,-0.0489802973535128,0.3131830492790086,-0.0475402973186441,-1,1,-1,1,-14,-13,-14,-13,-20,-14,-20,-14,29.159780025482178
1784751767.9495096,0.0,0.0,0.0,0.0,0.0,0,0.0,0.0,0.0,0.0,0.3600000143051147,0.0700000002980232,0.3400000035762787,-0.0,-0.3600000143051147,-0.0700000002980232,-0.3400000035762787,0.0,-0.1260000050067901,-0.0245000001043081,-0.1190000012516975,0.0,0.0,0.0,0.0,0.0,-1,1,-1,1,0,0,0,0,0,0,0,0,29.17977261543274
1784751767.9695578,0.0,0.0,0.0,0.0,0.0,0,0.0,0.0,0.0,0.0,0.4799999892711639,-0.1800000071525573,0.4600000083446502,-0.0,-0.4799999892711639,0.1800000071525573,-0.4600000083446502,0.0,-0.1679999962449073,0.063000002503395,-0.1610000029206275,0.0,0.0,0.0,0.0,0.0,-1,1,-1,1,0,0,0,0,0,0,0,0,29.19982075691223
1784751767.9895165,0.0,0.0,0.0,0.0,0.0,0,0.0,0.0,0.0,0.0,0.4799999892711639,-0.1800000071525573,0.4600000083446502,-0.0,-0.4799999892711639,0.1800000071525573,-0.4600000083446502,0.0,-0.1679999962449073,0.063000002503395,-0.1610000029206275,0.0,0.0,0.0,0.0,0.0,-1,1,-1,1,0,0,0,0,0,0,0,0,29.21977949142456
1784751768.009498,0.0,0.0,0.0,0.0,0.0,0,0.0,0.0,0.0,0.0,0.4799999892711639,-0.1800000071525573,0.4600000083446502,-0.0,-0.4799999892711639,0.1800000071525573,-0.4600000083446502,0.0,-0.1679999962449073,0.063000002503395,-0.1610000029206275,0.0,0.0,0.0,0.0,0.0,-1,1,-1,1,0,0,0,0,0,0,0,0,29.239760875701904
1784751768.029493,0.0,0.0,0.0,0.0,0.0,0,0.0,0.0,0.0,0.0,0.5600000023841858,0.1000000014901161,0.3199999928474426,-0.0,-0.5600000023841858,-0.1000000014901161,-0.3199999928474426,0.0,-0.196000000834465,-0.0350000005215406,-0.1119999974966049,0.0,0.0,0.0,0.0,0.0,-1,1,-1,1,0,0,0,0,0,0,0,0,29.259756088256836
1784751768.0494947,0.0,0.0,0.0,0.0,0.0,0,0.0,0.0,0.0,0.0,0.5600000023841858,0.1000000014901161,0.3199999928474426,-0.0,-0.5600000023841858,-0.1000000014901161,-0.3199999928474426,0.0,-0.196000000834465,-0.0350000005215406,-0.1119999974966049,0.0,0.0,0.0,0.0,0.0,-1,1,-1,1,0,0,0,0,0,0,0,0,29.279757738113403
1784751768.0695808,25.811207247803477,0.0,0.12,25.811207247803477,0.0,0,17.809058289701976,-2.641127628813561,17.809058289701976,-2.641127628813561,0.3899999856948852,0.0700000002980232,0.2300000041723251,-0.0,17.41905830400709,-2.7111276291115844,17.57905828552965,-2.641127628813561,6.096670406402482,-0.9488946701890544,6.152670399935378,-0.9243946700847464,0.1567715247360638,-0.0244001486620042,0.1582115245697668,-0.023770148659322,-1,1,-1,1,-14,-13,-14,-13,-20,-14,-20,-14,29.299843788146973
1784751768.0895174,25.811207247803477,0.0,0.12,25.811207247803477,0.0,0,17.809058289701976,-2.641127628813561,17.809058289701976,-2.641127628813561,0.3899999856948852,0.0700000002980232,0.2300000041723251,-0.0,17.41905830400709,-2.7111276291115844,17.57905828552965,-2.641127628813561,6.096670406402482,-0.9488946701890544,6.152670399935378,-0.9243946700847464,0.3135430494721276,-0.0488002973240085,0.3164230491395337,-0.0475402973186441,-1,1,-1,1,-14,-13,-14,-13,-20,-14,-20,-14,29.319780349731445
1784751768.1094856,0.0,0.0,0.0,0.0,0.0,0,0.0,0.0,0.0,0.0,0.3899999856948852,0.0700000002980232,0.2300000041723251,-0.0,-0.3899999856948852,-0.0700000002980232,-0.2300000041723251,0.0,-0.1364999949932098,-0.0245000001043081,-0.0805000014603137,0.0,0.0,0.0,0.0,0.0,-1,1,-1,1,0,0,0,0,0,0,0,0,29.33974862098694
1784751768.129521,0.0,0.0,0.0,0.0,0.0,0,0.0,0.0,0.0,0.0,0.2800000011920929,-0.1800000071525573,0.3799999952316284,-0.0,-0.2800000011920929,0.1800000071525573,-0.3799999952316284,0.0,-0.0980000004172325,0.063000002503395,-0.1329999983310699,0.0,0.0,0.0,0.0,0.0,-1,1,-1,1,0,0,0,0,0,0,0,0,29.35978388786316
1784751768.1494987,0.0,0.0,0.0,0.0,0.0,0,0.0,0.0,0.0,0.0,0.2800000011920929,-0.1800000071525573,0.3799999952316284,-0.0,-0.2800000011920929,0.1800000071525573,-0.3799999952316284,0.0,-0.0980000004172325,0.063000002503395,-0.1329999983310699,0.0,0.0,0.0,0.0,0.0,-1,1,-1,1,0,0,0,0,0,0,0,0,29.379761695861816
1784751768.169678,0.0,0.0,0.0,0.0,0.0,0,0.0,0.0,0.0,0.0,0.4199999868869781,0.1000000014901161,0.5,-0.0,-0.4199999868869781,-0.1000000014901161,-0.5,0.0,-0.1469999954104423,-0.0350000005215406,-0.175,0.0,0.0,0.0,0.0,0.0,-1,1,-1,1,0,0,0,0,0,0,0,0,29.399940967559814
1784751768.1895049,0.0,0.0,0.0,0.0,0.0,0,0.0,0.0,0.0,0.0,0.4199999868869781,0.1000000014901161,0.5,-0.0,-0.4199999868869781,-0.1000000014901161,-0.5,0.0,-0.1469999954104423,-0.0350000005215406,-0.175,0.0,0.0,0.0,0.0,0.0,-1,1,-1,1,0,0,0,0,0,0,0,0,29.4197678565979
1784751768.2095015,0.0,0.0,0.0,0.0,0.0,0,0.0,0.0,0.0,0.0,0.4199999868869781,0.1000000014901161,0.5,-0.0,-0.4199999868869781,-0.1000000014901161,-0.5,0.0,-0.1469999954104423,-0.0350000005215406,-0.175,0.0,0.0,0.0,0.0,0.0,-1,1,-1,1,0,0,0,0,0,0,0,0,29.439764499664307
1784751768.229526,25.811207247803477,0.0,0.12,25.811207247803477,0.0,0,17.809058289701976,-2.641127628813561,17.809058289701976,-2.641127628813561,0.2899999916553497,0.0700000002980232,0.3499999940395355,-0.0,17.519058298046627,-2.7111276291115844,17.45905829566244,-2.641127628813561,6.131670404316319,-0.9488946701890544,6.110670403481854,-0.9243946700847464,0.1576715246824196,-0.0244001486620042,0.1571315246609619,-0.023770148659322,-1,1,-1,1,-14,-13,-14,-13,-20,-14,-20,-14,29.459789037704468
1784751768.2495098,25.811207247803477,0.0,0.12,25.811207247803477,0.0,0,17.809058289701976,-2.641127628813561,17.809058289701976,-2.641127628813561,0.2899999916553497,0.0700000002980232,0.3499999940395355,-0.0,17.519058298046627,-2.7111276291115844,17.45905829566244,-2.641127628813561,6.131670404316319,-0.9488946701890544,6.110670403481854,-0.9243946700847464,0.3153430493648392,-0.0488002973240085,0.3142630493219239,-0.0475402973186441,-1,1,-1,1,-14,-13,-14,-13,-20,-14,-20,-14,29.479772806167603
1784751768.2695603,0.0,0.0,0.0,0.0,0.0,0,0.0,0.0,0.0,0.0,0.4300000071525574,0.050000000745058,0.2399999946355819,-0.0,-0.4300000071525574,-0.050000000745058,-0.2399999946355819,0.0,-0.150500002503395,-0.0175000002607703,-0.0839999981224536,0.0,0.0,0.0,0.0,0.0,-1,1,-1,1,0,0,0,0,0,0,0,0,29.499823331832886
1784751768.289481,0.0,0.0,0.0,0.0,0.0,0,0.0,0.0,0.0,0.0,0.4300000071525574,0.050000000745058,0.2399999946355819,-0.0,-0.4300000071525574,-0.050000000745058,-0.2399999946355819,0.0,-0.150500002503395,-0.0175000002607703,-0.0839999981224536,0.0,0.0,0.0,0.0,0.0,-1,1,-1,1,0,0,0,0,0,0,0,0,29.51974391937256
1784751768.309489,0.0,0.0,0.0,0.0,0.0,0,0.0,0.0,0.0,0.0,0.4300000071525574,0.050000000745058,0.2399999946355819,-0.0,-0.4300000071525574,-0.050000000745058,-0.2399999946355819,0.0,-0.150500002503395,-0.0175000002607703,-0.0839999981224536,0.0,0.0,0.0,0.0,0.0,-1,1,-1,1,0,0,0,0,0,0,0,0,29.53975200653076
1784751768.3294966,0.0,0.0,0.0,0.0,0.0,0,0.0,0.0,0.0,0.0,0.5299999713897705,0.0399999991059303,0.4000000059604645,-0.0,-0.5299999713897705,-0.0399999991059303,-0.4000000059604645,0.0,-0.1854999899864196,-0.0139999996870756,-0.1400000020861625,0.0,0.0,0.0,0.0,0.0,-1,1,-1,1,0,0,0,0,0,0,0,0,29.559759616851807
1784751768.349484,0.0,0.0,0.0,0.0,0.0,0,0.0,0.0,0.0,0.0,0.5299999713897705,0.0399999991059303,0.4000000059604645,-0.0,-0.5299999713897705,-0.0399999991059303,-0.4000000059604645,0.0,-0.1854999899864196,-0.0139999996870756,-0.1400000020861625,0.0,0.0,0.0,0.0,0.0,-1,1,-1,1,0,0,0,0,0,0,0,0,29.579746961593628
1784751768.3695548,0.0,0.0,0.0,0.0,0.0,0,0.0,0.0,0.0,0.0,0.3700000047683716,0.0199999995529651,0.2800000011920929,-0.0,-0.3700000047683716,-0.0199999995529651,-0.2800000011920929,0.0,-0.12950000166893,-0.0069999998435378,-0.0980000004172325,0.0,0.0,0.0,0.0,0.0,-1,1,-1,1,0,0,0,0,0,0,0,0,29.599817752838135
1784751768.3895187,25.811207247803477,0.0,0.12,25.811207247803477,0.0,0,17.809058289701976,-2.641127628813561,17.809058289701976,-2.641127628813561,0.3700000047683716,0.0199999995529651,0.2800000011920929,-0.0,17.439058284933605,-2.6611276283665264,17.529058288509884,-2.641127628813561,6.103670399726761,-0.931394669928284,6.135170400978459,-0.9243946700847464,0.1569515245644024,-0.0239501486552987,0.1577615245965889,-0.023770148659322,-1,1,-1,1,-14,-13,-14,-13,-20,-14,-20,-14,29.619781732559204
1784751768.409505,25.811207247803477,0.0,0.12,25.811207247803477,0.0,0,17.809058289701976,-2.641127628813561,17.809058289701976,-2.641127628813561,0.3700000047683716,0.0199999995529651,0.2800000011920929,-0.0,17.439058284933605,-2.6611276283665264,17.529058288509884,-2.641127628813561,6.103670399726761,-0.931394669928284,6.135170400978459,-0.9243946700847464,0.3139030491288049,-0.0479002973105974,0.3155230491931779,-0.0475402973186441,-1,1,-1,1,-14,-13,-14,-13,-20,-14,-20,-14,29.63976788520813
1784751768.4295204,0.0,0.0,0.0,0.0,0.0,0,0.0,0.0,0.0,0.0,0.2599999904632568,0.0199999995529651,0.1899999976158142,-0.0,-0.2599999904632568,-0.0199999995529651,-0.1899999976158142,0.0,-0.0909999966621398,-0.0069999998435378,-0.0664999991655349,0.0,0.0,0.0,0.0,0.0,-1,1,-1,1,0,0,0,0,0,0,0,0,29.659783363342285
1784751768.449495,0.0,0.0,0.0,0.0,0.0,0,0.0,0.0,0.0,0.0,0.2599999904632568,0.0199999995529651,0.1899999976158142,-0.0,-0.2599999904632568,-0.0199999995529651,-0.1899999976158142,0.0,-0.0909999966621398,-0.0069999998435378,-0.0664999991655349,0.0,0.0,0.0,0.0,0.0,-1,1,-1,1,0,0,0,0,0,0,0,0,29.679758071899414
1784751768.4696476,0.0,0.0,0.0,0.0,0.0,0,0.0,0.0,0.0,0.0,0.2599999904632568,0.0199999995529651,0.1899999976158142,-0.0,-0.2599999904632568,-0.0199999995529651,-0.1899999976158142,0.0,-0.0909999966621398,-0.0069999998435378,-0.0664999991655349,0.0,0.0,0.0,0.0,0.0,-1,1,-1,1,0,0,0,0,0,0,0,0,29.699910640716553
1784751768.4894323,0.0,0.0,0.0,0.0,0.0,0,0.0,0.0,0.0,0.0,0.4099999964237213,0.0099999997764825,0.5899999737739563,-0.0,-0.4099999964237213,-0.0099999997764825,-0.5899999737739563,0.0,-0.1434999987483024,-0.0034999999217689,-0.2064999908208847,0.0,0.0,0.0,0.0,0.0,-1,1,-1,1,0,0,0,0,0,0,0,0,29.719695329666138
1784751768.5094545,0.0,0.0,0.0,0.0,0.0,0,0.0,0.0,0.0,0.0,0.4099999964237213,0.0099999997764825,0.5899999737739563,-0.0,-0.4099999964237213,-0.0099999997764825,-0.5899999737739563,0.0,-0.1434999987483024,-0.0034999999217689,-0.2064999908208847,0.0,0.0,0.0,0.0,0.0,-1,1,-1,1,0,0,0,0,0,0,0,0,29.739717483520508
1784751768.529493,0.0,0.0,0.0,0.0,0.0,0,0.0,0.0,0.0,0.0,0.2899999916553497,0.0099999997764825,0.4099999964237213,-0.0,-0.2899999916553497,-0.0099999997764825,-0.4099999964237213,0.0,-0.1014999970793724,-0.0034999999217689,-0.1434999987483024,0.0,0.0,0.0,0.0,0.0,-1,1,-1,1,0,0,0,0,0,0,0,0,29.759756088256836
1784751768.5495136,25.811207247803477,0.0,0.12,25.811207247803477,0.0,0,17.809058289701976,-2.641127628813561,17.809058289701976,-2.641127628813561,0.2899999916553497,0.0099999997764825,0.4099999964237213,-0.0,17.519058298046627,-2.651127628590044,17.399058293278255,-2.641127628813561,6.131670404316319,-0.9278946700065152,6.089670402647389,-0.9243946700847464,0.1576715246824196,-0.0238601486573103,0.1565915246395043,-0.023770148659322,-1,1,-1,1,-14,-13,-14,-13,-20,-14,-20,-14,29.779776573181152
1784751768.5695715,25.811207247803477,0.0,0.12,25.811207247803477,0.0,0,17.809058289701976,-2.641127628813561,17.809058289701976,-2.641127628813561,0.2000000029802322,0.0099999997764825,0.2899999916553497,-0.0,17.609058286721744,-2.651127628590044,17.519058298046627,-2.641127628813561,6.16317040035261,-0.9278946700065152,6.131670404316319,-0.9243946700847464,0.3161530492629153,-0.0477202973146207,0.3142630493219239,-0.0475402973186441,-1,1,-1,1,-14,-13,-14,-13,-20,-14,-20,-14,29.799834489822388
1784751768.5894957,0.0,0.0,0.0,0.0,0.0,0,0.0,0.0,0.0,0.0,0.2000000029802322,0.0099999997764825,0.2899999916553497,-0.0,-0.2000000029802322,-0.0099999997764825,-0.2899999916553497,0.0,-0.0700000010430812,-0.0034999999217689,-0.1014999970793724,0.0,0.0,0.0,0.0,0.0,-1,1,-1,1,0,0,0,0,0,0,0,0,29.819758653640747
1784751768.6095102,0.0,0.0,0.0,0.0,0.0,0,0.0,0.0,0.0,0.0,0.2000000029802322,0.0099999997764825,0.2899999916553497,-0.0,-0.2000000029802322,-0.0099999997764825,-0.2899999916553497,0.0,-0.0700000010430812,-0.0034999999217689,-0.1014999970793724,0.0,0.0,0.0,0.0,0.0,-1,1,-1,1,0,0,0,0,0,0,0,0,29.839773178100586
1784751768.629484,0.0,0.0,0.0,0.0,0.0,0,0.0,0.0,0.0,0.0,0.5899999737739563,0.0,0.6499999761581421,-0.0,-0.5899999737739563,0.0,-0.6499999761581421,0.0,-0.2064999908208847,0.0,-0.2274999916553497,0.0,0.0,0.0,0.0,0.0,-1,1,-1,1,0,0,0,0,0,0,0,0,29.8597469329834
1784751768.6494973,0.0,0.0,0.0,0.0,0.0,0,0.0,0.0,0.0,0.0,0.5899999737739563,0.0,0.6499999761581421,-0.0,-0.5899999737739563,0.0,-0.6499999761581421,0.0,-0.2064999908208847,0.0,-0.2274999916553497,0.0,0.0,0.0,0.0,0.0,-1,1,-1,1,0,0,0,0,0,0,0,0,29.879760265350342
1784751768.669644,0.0,0.0,0.0,0.0,0.0,0,0.0,0.0,0.0,0.0,0.4099999964237213,0.0,0.4600000083446502,-0.0,-0.4099999964237213,0.0,-0.4600000083446502,0.0,-0.1434999987483024,0.0,-0.1610000029206275,0.0,0.0,0.0,0.0,0.0,-1,1,-1,1,0,0,0,0,0,0,0,0,29.899907112121582
1784751768.6895134,0.0,0.0,0.0,0.0,0.0,0,0.0,0.0,0.0,0.0,0.4099999964237213,0.0,0.4600000083446502,-0.0,-0.4099999964237213,0.0,-0.4600000083446502,0.0,-0.1434999987483024,0.0,-0.1610000029206275,0.0,0.0,0.0,0.0,0.0,-1,1,-1,1,0,0,0,0,0,0,0,0,29.919776439666748
1784751768.7095337,25.811207247803477,0.0,0.12,25.811207247803477,0.0,0,17.809058289701976,-2.641127628813561,17.809058289701976,-2.641127628813561,0.4099999964237213,0.0,0.4600000083446502,-0.0,17.399058293278255,-2.641127628813561,17.349058281357326,-2.641127628813561,6.089670402647389,-0.9243946700847464,6.072170398475064,-0.9243946700847464,0.1565915246395043,-0.023770148659322,0.1561415245322159,-0.023770148659322,-1,1,-1,1,-14,-13,-14,-13,-20,-14,-20,-14,29.939796686172485
1784751768.7295132,25.811207247803477,0.0,0.12,25.811207247803477,0.0,0,17.809058289701976,-2.641127628813561,17.809058289701976,-2.641127628813561,0.2899999916553497,0.0,0.3199999928474426,-0.0,17.519058298046627,-2.641127628813561,17.489058296854534,-2.641127628813561,6.131670404316319,-0.9243946700847464,6.121170403899087,-0.9243946700847464,0.3142630493219239,-0.0475402973186441,0.3135430492039067,-0.0475402973186441,-1,1,-1,1,-14,-13,-14,-13,-20,-14,-20,-14,29.959776163101196
1784751768.7495055,0.0,0.0,0.0,0.0,0.0,0,0.0,0.0,0.0,0.0,0.2899999916553497,0.0,0.3199999928474426,-0.0,-0.2899999916553497,0.0,-0.3199999928474426,0.0,-0.1014999970793724,0.0,-0.1119999974966049,0.0,0.0,0.0,0.0,0.0,-1,1,-1,1,0,0,0,0,0,0,0,0,29.97976851463318
1784751768.7696512,0.0,0.0,0.0,0.0,0.0,0,0.0,0.0,0.0,0.0,0.6600000262260437,0.0,0.6800000071525574,-0.0,-0.6600000262260437,0.0,-0.6800000071525574,0.0,-0.2310000091791152,0.0,-0.238000002503395,0.0,0.0,0.0,0.0,0.0,-1,1,-1,1,0,0,0,0,0,0,0,0,29.999914169311523
1784751768.7895162,0.0,0.0,0.0,0.0,0.0,0,0.0,0.0,0.0,0.0,0.6600000262260437,0.0,0.6800000071525574,-0.0,-0.6600000262260437,0.0,-0.6800000071525574,0.0,-0.2310000091791152,0.0,-0.238000002503395,0.0,0.0,0.0,0.0,0.0,-1,1,-1,1,0,0,0,0,0,0,0,0,30.019779205322266
1784751768.8095102,0.0,0.0,0.0,0.0,0.0,0,0.0,0.0,0.0,0.0,0.6600000262260437,0.0,0.6800000071525574,-0.0,-0.6600000262260437,0.0,-0.6800000071525574,0.0,-0.2310000091791152,0.0,-0.238000002503395,0.0,0.0,0.0,0.0,0.0,-1,1,-1,1,0,0,0,0,0,0,0,0,30.0397732257843
1784751768.829491,0.0,0.0,0.0,0.0,0.0,0,0.0,0.0,0.0,0.0,0.4600000083446502,0.0,0.4699999988079071,-0.0,-0.4600000083446502,0.0,-0.4699999988079071,0.0,-0.1610000029206275,0.0,-0.1644999995827674,0.0,0.0,0.0,0.0,0.0,-1,1,-1,1,0,0,0,0,0,0,0,0,30.059753894805908
1784751768.849511,0.0,0.0,0.0,0.0,0.0,0,0.0,0.0,0.0,0.0,0.4600000083446502,0.0,0.4699999988079071,-0.0,-0.4600000083446502,0.0,-0.4699999988079071,0.0,-0.1610000029206275,0.0,-0.1644999995827674,0.0,0.0,0.0,0.0,0.0,-1,1,-1,1,0,0,0,0,0,0,0,0,30.079773902893066
1784751768.8696914,25.811207247803477,0.0,0.12,25.811207247803477,0.0,0,17.809058289701976,-2.641127628813561,17.809058289701976,-2.641127628813561,0.3199999928474426,0.0,0.3300000131130218,-0.0,17.489058296854534,-2.641127628813561,17.479058276588955,-2.641127628813561,6.121170403899087,-0.9243946700847464,6.117670396806134,-0.9243946700847464,0.1574015246716908,-0.023770148659322,0.1573115244893006,-0.023770148659322,-1,1,-1,1,-14,-13,-14,-13,-20,-14,-20,-14,30.09995436668396
1784751768.8895414,25.811207247803477,0.0,0.12,25.811207247803477,0.0,0,17.809058289701976,-2.641127628813561,17.809058289701976,-2.641127628813561,0.3199999928474426,0.0,0.3300000131130218,-0.0,17.489058296854534,-2.641127628813561,17.479058276588955,-2.641127628813561,6.121170403899087,-0.9243946700847464,6.117670396806134,-0.9243946700847464,0.3148030493433816,-0.0475402973186441,0.3146230489786012,-0.0475402973186441,-1,1,-1,1,-14,-13,-14,-13,-20,-14,-20,-14,30.11980438232422
1784751768.9095132,0.0,0.0,0.0,0.0,0.0,0,0.0,0.0,0.0,0.0,0.3199999928474426,0.0,0.3300000131130218,-0.0,-0.3199999928474426,0.0,-0.3300000131130218,0.0,-0.1119999974966049,0.0,-0.1155000045895576,0.0,0.0,0.0,0.0,0.0,-1,1,-1,1,0,0,0,0,0,0,0,0,30.1397762298584
1784751768.9294927,0.0,0.0,0.0,0.0,0.0,0,0.0,0.0,0.0,0.0,0.449999988079071,0.0,0.4600000083446502,-0.0,-0.449999988079071,0.0,-0.4600000083446502,0.0,-0.1574999958276748,0.0,-0.1610000029206275,0.0,0.0,0.0,0.0,0.0,-1,1,-1,1,0,0,0,0,0,0,0,0,30.15975570678711
1784751768.9495058,0.0,0.0,0.0,0.0,0.0,0,0.0,0.0,0.0,0.0,0.449999988079071,0.0,0.4600000083446502,-0.0,-0.449999988079071,0.0,-0.4600000083446502,0.0,-0.1574999958276748,0.0,-0.1610000029206275,0.0,0.0,0.0,0.0,0.0,-1,1,-1,1,0,0,0,0,0,0,0,0,30.179768800735474
1784751768.969652,0.0,0.0,0.0,0.0,0.0,0,0.0,0.0,0.0,0.0,0.5400000214576721,0.0,0.550000011920929,-0.0,-0.5400000214576721,0.0,-0.550000011920929,0.0,-0.1890000075101852,0.0,-0.1925000041723251,0.0,0.0,0.0,0.0,0.0,-1,1,-1,1,0,0,0,0,0,0,0,0,30.199914932250977
1784751768.9895148,0.0,0.0,0.0,0.0,0.0,0,0.0,0.0,0.0,0.0,0.5400000214576721,0.0,0.550000011920929,-0.0,-0.5400000214576721,0.0,-0.550000011920929,0.0,-0.1890000075101852,0.0,-0.1925000041723251,0.0,0.0,0.0,0.0,0.0,-1,1,-1,1,0,0,0,0,0,0,0,0,30.219777822494507
1784751769.009509,0.0,0.0,0.0,0.0,0.0,0,0.0,0.0,0.0,0.0,0.5400000214576721,0.0,0.550000011920929,-0.0,-0.5400000214576721,0.0,-0.550000011920929,0.0,-0.1890000075101852,0.0,-0.1925000041723251,0.0,0.0,0.0,0.0,0.0,-1,1,-1,1,0,0,0,0,0,0,0,0,30.239772081375122
1784751769.0295217,25.811207247803477,0.0,0.12,25.811207247803477,0.0,0,17.809058289701976,-2.641127628813561,17.809058289701976,-2.641127628813561,0.3799999952316284,0.0,0.3799999952316284,-0.0,17.429058294470348,-2.641127628813561,17.429058294470348,-2.641127628813561,6.100170403064621,-0.9243946700847464,6.100170403064621,-0.9243946700847464,0.1568615246502331,-0.023770148659322,0.1568615246502331,-0.023770148659322,-1,1,-1,1,-14,-13,-14,-13,-20,-14,-20,-14,30.259784698486328
1784751769.0495312,25.811207247803477,0.0,0.12,25.811207247803477,0.0,0,17.809058289701976,-2.641127628813561,17.809058289701976,-2.641127628813561,0.3799999952316284,0.0,0.3799999952316284,-0.0,17.429058294470348,-2.641127628813561,17.429058294470348,-2.641127628813561,6.100170403064621,-0.9243946700847464,6.100170403064621,-0.9243946700847464,0.3137230493004663,-0.0475402973186441,0.3137230493004663,-0.0475402973186441,-1,1,-1,1,-14,-13,-14,-13,-20,-14,-20,-14,30.279794216156006
1784751769.06962,0.0,0.0,0.0,0.0,0.0,0,0.0,0.0,0.0,0.0,0.270000010728836,0.0,0.270000010728836,-0.0,-0.270000010728836,0.0,-0.270000010728836,0.0,-0.0945000037550926,0.0,-0.0945000037550926,0.0,0.0,0.0,0.0,0.0,-1,1,-1,1,0,0,0,0,0,0,0,0,30.299882888793945
1784751769.0895138,0.0,0.0,0.0,0.0,0.0,0,0.0,0.0,0.0,0.0,0.270000010728836,0.0,0.270000010728836,-0.0,-0.270000010728836,0.0,-0.270000010728836,0.0,-0.0945000037550926,0.0,-0.0945000037550926,0.0,0.0,0.0,0.0,0.0,-1,1,-1,1,0,0,0,0,0,0,0,0,30.31977677345276
1784751769.1094956,0.0,0.0,0.0,0.0,0.0,0,0.0,0.0,0.0,0.0,0.270000010728836,0.0,0.270000010728836,-0.0,-0.270000010728836,0.0,-0.270000010728836,0.0,-0.0945000037550926,0.0,-0.0945000037550926,0.0,0.0,0.0,0.0,0.0,-1,1,-1,1,0,0,0,0,0,0,0,0,30.33975863456726
1784751769.1294897,0.0,0.0,0.0,0.0,0.0,0,0.0,0.0,0.0,0.0,0.6399999856948853,0.0,0.4099999964237213,-0.0,-0.6399999856948853,0.0,-0.4099999964237213,0.0,-0.2239999949932098,0.0,-0.1434999987483024,0.0,0.0,0.0,0.0,0.0,-1,1,-1,1,0,0,0,0,0,0,0,0,30.359752655029297
1784751769.1495,0.0,0.0,0.0,0.0,0.0,0,0.0,0.0,0.0,0.0,0.6399999856948853,0.0,0.4099999964237213,-0.0,-0.6399999856948853,0.0,-0.4099999964237213,0.0,-0.2239999949932098,0.0,-0.1434999987483024,0.0,0.0,0.0,0.0,0.0,-1,1,-1,1,0,0,0,0,0,0,0,0,30.379762887954712
1784751769.1696348,0.0,0.0,0.0,0.0,0.0,0,0.0,0.0,0.0,0.0,0.2199999988079071,0.0,0.2899999916553497,-0.0,-0.2199999988079071,0.0,-0.2899999916553497,0.0,-0.0769999995827674,0.0,-0.1014999970793724,0.0,0.0,0.0,0.0,0.0,-1,1,-1,1,0,0,0,0,0,0,0,0,30.399897813796997
1784751769.189522,25.811207247803477,0.0,0.12,25.811207247803477,0.0,0,17.809058289701976,-2.641127628813561,17.809058289701976,-2.641127628813561,0.2199999988079071,0.0,0.2899999916553497,-0.0,17.58905829089407,-2.641127628813561,17.519058298046627,-2.641127628813561,6.156170401812924,-0.9243946700847464,6.131670404316319,-0.9243946700847464,0.1583015246180466,-0.023770148659322,0.1576715246824196,-0.023770148659322,-1,1,-1,1,-14,-13,-14,-13,-20,-14,-20,-14,30.419785022735596
1784751769.209528,25.811207247803477,0.0,0.12,25.811207247803477,0.0,0,17.809058289701976,-2.641127628813561,17.809058289701976,-2.641127628813561,0.2199999988079071,0.0,0.2899999916553497,-0.0,17.58905829089407,-2.641127628813561,17.519058298046627,-2.641127628813561,6.156170401812924,-0.9243946700847464,6.131670404316319,-0.9243946700847464,0.3166030492360932,-0.0475402973186441,0.3153430493648392,-0.0475402973186441,-1,1,-1,1,-14,-13,-14,-13,-20,-14,-20,-14,30.439790964126587
1784751769.229496,0.0,0.0,0.0,0.0,0.0,0,0.0,0.0,0.0,0.0,0.3799999952316284,0.0,0.2000000029802322,-0.0,-0.3799999952316284,0.0,-0.2000000029802322,0.0,-0.1329999983310699,0.0,-0.0700000010430812,0.0,0.0,0.0,0.0,0.0,-1,1,-1,1,0,0,0,0,0,0,0,0,30.4597589969635
1784751769.2495124,0.0,0.0,0.0,0.0,0.0,0,0.0,0.0,0.0,0.0,0.3799999952316284,0.0,0.2000000029802322,-0.0,-0.3799999952316284,0.0,-0.2000000029802322,0.0,-0.1329999983310699,0.0,-0.0700000010430812,0.0,0.0,0.0,0.0,0.0,-1,1,-1,1,0,0,0,0,0,0,0,0,30.479775428771973
1784751769.2696671,0.0,0.0,0.0,0.0,0.0,0,0.0,0.0,0.0,0.0,0.7200000286102295,-0.2300000041723251,0.5899999737739563,-0.0,-0.7200000286102295,0.2300000041723251,-0.5899999737739563,0.0,-0.2520000100135803,0.0805000014603137,-0.2064999908208847,0.0,0.0,0.0,0.0,0.0,-1,1,-1,1,0,0,0,0,0,0,0,0,30.499930143356323
1784751769.2895055,0.0,0.0,0.0,0.0,0.0,0,0.0,0.0,0.0,0.0,0.7200000286102295,-0.2300000041723251,0.5899999737739563,-0.0,-0.7200000286102295,0.2300000041723251,-0.5899999737739563,0.0,-0.2520000100135803,0.0805000014603137,-0.2064999908208847,0.0,0.0,0.0,0.0,0.0,-1,1,-1,1,0,0,0,0,0,0,0,0,30.519768476486206
1784751769.3095138,0.0,0.0,0.0,0.0,0.0,0,0.0,0.0,0.0,0.0,0.7200000286102295,-0.2300000041723251,0.5899999737739563,-0.0,-0.7200000286102295,0.2300000041723251,-0.5899999737739563,0.0,-0.2520000100135803,0.0805000014603137,-0.2064999908208847,0.0,0.0,0.0,0.0,0.0,-1,1,-1,1,0,0,0,0,0,0,0,0,30.53977680206299
1784751769.3294947,0.0,0.0,0.0,0.0,0.0,0,0.0,0.0,0.0,0.0,0.5,-0.1599999964237213,0.1899999976158142,-0.0,-0.5,0.1599999964237213,-0.1899999976158142,0.0,-0.175,0.0559999987483024,-0.0664999991655349,0.0,0.0,0.0,0.0,0.0,-1,1,-1,1,0,0,0,0,0,0,0,0,30.559757709503174
1784751769.3495088,25.811207247803477,0.0,0.12,25.811207247803477,0.0,0,17.809058289701976,-2.641127628813561,17.809058289701976,-2.641127628813561,0.5,-0.1599999964237213,0.1899999976158142,-0.0,17.309058289701976,-2.48112763238984,17.619058292086162,-2.641127628813561,6.058170401395691,-0.8683946713364439,6.166670402230157,-0.9243946700847464,0.1557815246073177,-0.0223301486915085,0.1585715246287754,-0.023770148659322,-1,1,-1,1,-14,-13,-14,-13,-20,-14,-20,-14,30.579771757125854
1784751769.3695722,25.811207247803477,0.0,0.12,25.811207247803477,0.0,0,17.809058289701976,-2.641127628813561,17.809058289701976,-2.641127628813561,0.3499999940395355,-0.1099999994039535,0.1299999952316284,-0.0,17.45905829566244,-2.531127629409608,17.679058294470348,-2.641127628813561,6.110670403481854,-0.8858946702933627,6.1876704030646215,-0.9243946700847464,0.3129130492682798,-0.045110297356195,0.3176830492790086,-0.0475402973186441,-1,1,-1,1,-14,-13,-14,-13,-20,-14,-21,-14,30.59983515739441
1784751769.3894787,0.0,0.0,0.0,0.0,0.0,0,0.0,0.0,0.0,0.0,0.3499999940395355,-0.1099999994039535,0.1299999952316284,-0.0,-0.3499999940395355,0.1099999994039535,-0.1299999952316284,0.0,-0.1224999979138374,0.0384999997913837,-0.0454999983310699,0.0,0.0,0.0,0.0,0.0,-1,1,-1,1,0,0,0,0,0,0,0,0,30.619741678237915
1784751769.4097133,0.0,0.0,0.0,0.0,0.0,0,0.0,0.0,0.0,0.0,0.3499999940395355,-0.1099999994039535,0.1299999952316284,-0.0,-0.3499999940395355,0.1099999994039535,-0.1299999952316284,0.0,-0.1224999979138374,0.0384999997913837,-0.0454999983310699,0.0,0.0,0.0,0.0,0.0,-1,1,-1,1,0,0,0,0,0,0,0,0,30.639976263046265
1784751769.4294748,0.0,0.0,0.0,0.0,0.0,0,0.0,0.0,0.0,0.0,0.699999988079071,-0.0799999982118606,0.7699999809265137,-0.0,-0.699999988079071,0.0799999982118606,-0.7699999809265137,0.0,-0.2449999958276748,0.0279999993741512,-0.2694999933242797,0.0,0.0,0.0,0.0,0.0,-1,1,-1,1,0,0,0,0,0,0,0,0,30.659737825393677
1784751769.4495726,0.0,0.0,0.0,0.0,0.0,0,0.0,0.0,0.0,0.0,0.699999988079071,-0.0799999982118606,0.7699999809265137,-0.0,-0.699999988079071,0.0799999982118606,-0.7699999809265137,0.0,-0.2449999958276748,0.0279999993741512,-0.2694999933242797,0.0,0.0,0.0,0.0,0.0,-1,1,-1,1,0,0,0,0,0,0,0,0,30.679835557937622
1784751769.4696202,0.0,0.0,0.0,0.0,0.0,0,0.0,0.0,0.0,0.0,0.4900000095367431,-0.050000000745058,0.5400000214576721,-0.0,-0.4900000095367431,0.050000000745058,-0.5400000214576721,0.0,-0.17150000333786,0.0175000002607703,-0.1890000075101852,0.0,0.0,0.0,0.0,0.0,-1,1,-1,1,0,0,0,0,0,0,0,0,30.699883222579956
1784751769.4895484,0.0,0.0,0.0,0.0,0.0,0,0.0,0.0,0.0,0.0,0.4900000095367431,-0.050000000745058,0.5400000214576721,-0.0,-0.4900000095367431,0.050000000745058,-0.5400000214576721,0.0,-0.17150000333786,0.0175000002607703,-0.1890000075101852,0.0,0.0,0.0,0.0,0.0,-1,1,-1,1,0,0,0,0,0,0,0,0,30.71981143951416
1784751769.5097218,0.0,0.0,0.0,0.0,0.0,0,0.0,0.0,0.0,0.0,0.4900000095367431,-0.050000000745058,0.5400000214576721,-0.0,-0.4900000095367431,0.050000000745058,-0.5400000214576721,0.0,-0.17150000333786,0.0175000002607703,-0.1890000075101852,0.0,0.0,0.0,0.0,0.0,-1,1,-1,1,0,0,0,0,0,0,0,0,30.73998475074768
1784751769.5300298,25.811207247803477,0.0,0.12,25.811207247803477,0.0,0,17.809058289701976,-2.641127628813561,17.809058289701976,-2.641127628813561,0.3400000035762787,-0.0399999991059303,0.3799999952316284,-0.0,17.469058286125698,-2.601127629707631,17.429058294470348,-2.641127628813561,6.114170400143994,-0.9103946703976707,6.100170403064621,-0.9243946700847464,0.1572215245751313,-0.0234101486673686,0.1568615246502331,-0.023770148659322,-1,1,-1,1,-14,-13,-14,-13,-20,-14,-20,-14,30.760292768478394
1784751769.5497034,25.811207247803477,0.0,0.12,25.811207247803477,0.0,0,17.809058289701976,-2.641127628813561,17.809058289701976,-2.641127628813561,0.3400000035762787,-0.0399999991059303,0.3799999952316284,-0.0,17.469058286125698,-2.601127629707631,17.429058294470348,-2.641127628813561,6.114170400143994,-0.9103946703976707,6.100170403064621,-0.9243946700847464,0.3144430491502626,-0.0468202973347373,0.3137230493004663,-0.0475402973186441,-1,1,-1,1,-14,-13,-14,-13,-20,-14,-20,-14,30.779966354370117
1784751769.5697,0.0,0.0,0.0,0.0,0.0,0,0.0,0.0,0.0,0.0,0.4699999988079071,-0.25,0.4900000095367431,-0.0,-0.4699999988079071,0.25,-0.4900000095367431,0.0,-0.1644999995827674,0.0875,-0.17150000333786,0.0,0.0,0.0,0.0,0.0,-1,1,-1,1,0,0,0,0,0,0,0,0,30.799962997436523
1784751769.589497,0.0,0.0,0.0,0.0,0.0,0,0.0,0.0,0.0,0.0,0.4699999988079071,-0.25,0.4900000095367431,-0.0,-0.4699999988079071,0.25,-0.4900000095367431,0.0,-0.1644999995827674,0.0875,-0.17150000333786,0.0,0.0,0.0,0.0,0.0,-1,1,-1,1,0,0,0,0,0,0,0,0,30.81976008415222
1784751769.6094787,0.0,0.0,0.0,0.0,0.0,0,0.0,0.0,0.0,0.0,0.4699999988079071,-0.25,0.4900000095367431,-0.0,-0.4699999988079071,0.25,-0.4900000095367431,0.0,-0.1644999995827674,0.0875,-0.17150000333786,0.0,0.0,0.0,0.0,0.0,-1,1,-1,1,0,0,0,0,0,0,0,0,30.839741706848145
1784751769.6295407,0.0,0.0,0.0,0.0,0.0,0,0.0,0.0,0.0,0.0,0.7799999713897705,0.050000000745058,0.800000011920929,-0.0,-0.7799999713897705,-0.050000000745058,-0.800000011920929,0.0,-0.2729999899864196,-0.0175000002607703,-0.2800000041723251,0.0,0.0,0.0,0.0,0.0,-1,1,-1,1,0,0,0,0,0,0,0,0,30.859803676605225
1784751769.6494992,0.0,0.0,0.0,0.0,0.0,0,0.0,0.0,0.0,0.0,0.7799999713897705,0.050000000745058,0.800000011920929,-0.0,-0.7799999713897705,-0.050000000745058,-0.800000011920929,0.0,-0.2729999899864196,-0.0175000002607703,-0.2800000041723251,0.0,0.0,0.0,0.0,0.0,-1,1,-1,1,0,0,0,0,0,0,0,0,30.879762172698975
1784751769.6698267,0.0,0.0,0.0,0.0,0.0,0,0.0,0.0,0.0,0.0,0.7799999713897705,0.050000000745058,0.800000011920929,-0.0,-0.7799999713897705,-0.050000000745058,-0.800000011920929,0.0,-0.2729999899864196,-0.0175000002607703,-0.2800000041723251,0.0,0.0,0.0,0.0,0.0,-1,1,-1,1,0,0,0,0,0,0,0,0,30.900089740753174
1784751769.6898592,25.811207247803477,0.0,0.12,25.811207247803477,0.0,0,17.809058289701976,-2.641127628813561,17.809058289701976,-2.641127628813561,0.550000011920929,0.0299999993294477,0.5600000023841858,-0.0,17.259058277781048,-2.671127628143009,17.24905828731779,-2.641127628813561,6.040670397223367,-0.9348946698500532,6.037170400561227,-0.9243946700847464,0.1553315245000294,-0.024040148653287,0.1552415245858601,-0.023770148659322,-1,1,-1,1,-14,-13,-14,-13,-20,-14,-20,-14,30.920122146606445
1784751769.709514,25.811207247803477,0.0,0.12,25.811207247803477,0.0,0,17.809058289701976,-2.641127628813561,17.809058289701976,-2.641127628813561,0.550000011920929,0.0299999993294477,0.5600000023841858,-0.0,17.259058277781048,-2.671127628143009,17.24905828731779,-2.641127628813561,6.040670397223367,-0.9348946698500532,6.037170400561227,-0.9243946700847464,0.3106630490000588,-0.0480802973065741,0.3104830491717202,-0.0475402973186441,-1,1,-1,1,-14,-13,-14,-13,-20,-14,-20,-14,30.93977689743042
1784751769.7295372,0.0,0.0,0.0,0.0,0.0,0,0.0,0.0,0.0,0.0,0.3799999952316284,0.0199999995529651,0.3899999856948852,-0.0,-0.3799999952316284,-0.0199999995529651,-0.3899999856948852,0.0,-0.1329999983310699,-0.0069999998435378,-0.1364999949932098,0.0,0.0,0.0,0.0,0.0,-1,1,-1,1,0,0,0,0,0,0,0,0,30.959800243377686
1784751769.7496152,0.0,0.0,0.0,0.0,0.0,0,0.0,0.0,0.0,0.0,0.3799999952316284,0.0199999995529651,0.3899999856948852,-0.0,-0.3799999952316284,-0.0199999995529651,-0.3899999856948852,0.0,-0.1329999983310699,-0.0069999998435378,-0.1364999949932098,0.0,0.0,0.0,0.0,0.0,-1,1,-1,1,0,0,0,0,0,0,0,0,30.979878187179565
1784751769.7697833,0.0,0.0,0.0,0.0,0.0,0,0.0,0.0,0.0,0.0,0.949999988079071,-0.4399999976158142,1.1799999475479126,-0.0,-0.949999988079071,0.4399999976158142,-1.1799999475479126,0.0,-0.3324999958276748,0.1539999991655349,-0.4129999816417694,0.0,0.0,0.0,0.0,0.0,-1,1,-1,1,0,0,0,0,0,0,0,0,31.000046253204346
1784751769.7896476,0.0,0.0,0.0,0.0,0.0,0,0.0,0.0,0.0,0.0,0.949999988079071,-0.4399999976158142,1.1799999475479126,-0.0,-0.949999988079071,0.4399999976158142,-1.1799999475479126,0.0,-0.3324999958276748,0.1539999991655349,-0.4129999816417694,0.0,0.0,0.0,0.0,0.0,-1,1,-1,1,0,0,0,0,0,0,0,0,31.01991057395935
1784751769.809548,0.0,0.0,0.0,0.0,0.0,0,0.0,0.0,0.0,0.0,0.949999988079071,-0.4399999976158142,1.1799999475479126,-0.0,-0.949999988079071,0.4399999976158142,-1.1799999475479126,0.0,-0.3324999958276748,0.1539999991655349,-0.4129999816417694,0.0,0.0,0.0,0.0,0.0,-1,1,-1,1,0,0,0,0,0,0,0,0,31.0398108959198
1784751769.8296263,0.0,0.0,0.0,0.0,0.0,0,0.0,0.0,0.0,0.0,0.6600000262260437,-0.0799999982118606,0.8299999833106995,-0.0,-0.6600000262260437,0.0799999982118606,-0.8299999833106995,0.0,-0.2310000091791152,0.0279999993741512,-0.2904999941587448,0.0,0.0,0.0,0.0,0.0,-1,1,-1,1,0,0,0,0,0,0,0,0,31.059889316558838
1784751769.849515,25.811207247803477,0.0,0.12,25.811207247803477,0.0,0,17.809058289701976,-2.641127628813561,17.809058289701976,-2.641127628813561,0.6600000262260437,-0.0799999982118606,0.8299999833106995,-0.0,17.149058263475933,-2.561127630601701,16.979058306391277,-2.641127628813561,6.002170392216576,-0.8963946707105951,5.942670407236947,-0.9243946700847464,0.1543415243712834,-0.0230501486754153,0.1528115247575215,-0.023770148659322,-1,1,-1,1,-14,-13,-14,-13,-20,-14,-20,-14,31.07977795600891
1784751769.8699677,25.811207247803477,0.0,0.12,25.811207247803477,0.0,0,17.809058289701976,-2.641127628813561,17.809058289701976,-2.641127628813561,0.6600000262260437,-0.0799999982118606,0.8299999833106995,-0.0,17.149058263475933,-2.561127630601701,16.979058306391277,-2.641127628813561,6.002170392216576,-0.8963946707105951,5.942670407236947,-0.9243946700847464,0.3086830487425668,-0.0461002973508306,0.305623049515043,-0.0475402973186441,-1,1,-1,1,-14,-13,-14,-13,-20,-14,-20,-14,31.10023069381714
1784751769.889626,0.0,0.0,0.0,0.0,0.0,0,0.0,0.0,0.0,0.0,0.4600000083446502,-0.0599999986588954,0.5799999833106995,-0.0,-0.4600000083446502,0.0599999986588954,-0.5799999833106995,0.0,-0.1610000029206275,0.0209999995306134,-0.2029999941587448,0.0,0.0,0.0,0.0,0.0,-1,1,-1,1,0,0,0,0,0,0,0,0,31.1198890209198
1784751769.9097898,0.0,0.0,0.0,0.0,0.0,0,0.0,0.0,0.0,0.0,0.4600000083446502,-0.0599999986588954,0.5799999833106995,-0.0,-0.4600000083446502,0.0599999986588954,-0.5799999833106995,0.0,-0.1610000029206275,0.0209999995306134,-0.2029999941587448,0.0,0.0,0.0,0.0,0.0,-1,1,-1,1,0,0,0,0,0,0,0,0,31.140052795410156
1784751769.9296277,0.0,0.0,0.0,0.0,0.0,0,0.0,0.0,0.0,0.0,1.0,-0.2599999904632568,1.0800000429153442,-0.2300000041723251,-1.0,0.2599999904632568,-1.0800000429153442,0.2300000041723251,-0.35,0.0909999966621398,-0.3780000150203704,0.0805000014603137,0.0,0.0,0.0,0.0,-1,1,-1,1,0,0,0,0,0,0,0,0,31.15989065170288
1784751769.9495118,0.0,0.0,0.0,0.0,0.0,0,0.0,0.0,0.0,0.0,1.0,-0.2599999904632568,1.0800000429153442,-0.2300000041723251,-1.0,0.2599999904632568,-1.0800000429153442,0.2300000041723251,-0.35,0.0909999966621398,-0.3780000150203704,0.0805000014603137,0.0,0.0,0.0,0.0,-1,1,-1,1,0,0,0,0,0,0,0,0,31.17977476119995
1784751769.969735,0.0,0.0,0.0,0.0,0.0,0,0.0,0.0,0.0,0.0,1.159999966621399,0.0399999991059303,1.2100000381469729,0.0700000002980232,-1.159999966621399,-0.0399999991059303,-1.2100000381469729,-0.0700000002980232,-0.4059999883174896,-0.0139999996870756,-0.4235000133514404,-0.0245000001043081,0.0,0.0,0.0,0.0,-1,1,-1,1,0,0,0,0,0,0,0,0,31.199997901916504
1784751769.9895742,0.0,0.0,0.0,0.0,0.0,0,0.0,0.0,0.0,0.0,1.159999966621399,0.0399999991059303,1.2100000381469729,0.0700000002980232,-1.159999966621399,-0.0399999991059303,-1.2100000381469729,-0.0700000002980232,-0.4059999883174896,-0.0139999996870756,-0.4235000133514404,-0.0245000001043081,0.0,0.0,0.0,0.0,-1,1,-1,1,0,0,0,0,0,0,0,0,31.219837188720703
1784751770.0095155,25.811207247803477,0.0,0.12,25.811207247803477,0.0,0,17.809058289701976,-2.641127628813561,17.809058289701976,-2.641127628813561,1.159999966621399,0.0399999991059303,1.2100000381469729,0.0700000002980232,16.649058323080578,-2.681127627919492,16.599058251555004,-2.7111276291115844,5.827170413078202,-0.938394669771822,5.809670388044251,-0.9488946701890544,0.1498415249077252,-0.0241301486512754,0.149391524263995,-0.0244001486620042,-1,1,-1,1,-14,-13,-14,-13,-20,-14,-20,-14,31.239778518676758
1784751770.0295198,25.811207247803477,0.0,0.12,25.811207247803477,0.0,0,17.809058289701976,-2.641127628813561,17.809058289701976,-2.641127628813561,0.5799999833106995,0.0299999993294477,0.8500000238418579,0.050000000745058,17.229058306391277,-2.671127628143009,16.95905826586012,-2.6911276295586197,6.030170407236946,-0.9348946698500532,5.9356703930510415,-0.9418946703455168,0.3049030496652467,-0.0481702973045625,0.3020230486567361,-0.0486202973280318,-1,1,-1,1,-14,-13,-14,-13,-20,-14,-20,-14,31.259782791137695
1784751770.0499172,25.811207247803477,0.0,0.12,25.811207247803477,0.0,0,17.809058289701976,-2.641127628813561,17.809058289701976,-2.641127628813561,0.5799999833106995,0.0299999993294477,0.8500000238418579,0.050000000745058,17.229058306391277,-2.671127628143009,16.95905826586012,-2.6911276295586197,6.030170407236946,-0.9348946698500532,5.9356703930510415,-0.9418946703455168,0.4599645744227682,-0.0722104459578496,0.4546545730494772,-0.0728404459940594,-1,1,-1,1,-14,-13,-14,-13,-20,-14,-20,-14,31.28018021583557
1784751770.069787,0.0,0.0,0.0,0.0,0.0,0,0.0,0.0,0.0,0.0,1.090000033378601,-0.209999993443489,1.0499999523162842,-0.1899999976158142,-1.090000033378601,0.209999993443489,-1.0499999523162842,0.1899999976158142,-0.3815000116825103,0.0734999977052211,-0.3674999833106994,0.0664999991655349,0.0,0.0,0.0,0.0,-1,1,-1,1,0,0,0,0,0,0,0,0,31.300050020217896
1784751770.0895772,0.0,0.0,0.0,0.0,0.0,0,0.0,0.0,0.0,0.0,1.090000033378601,-0.209999993443489,1.0499999523162842,-0.1899999976158142,-1.090000033378601,0.209999993443489,-1.0499999523162842,0.1899999976158142,-0.3815000116825103,0.0734999977052211,-0.3674999833106994,0.0664999991655349,0.0,0.0,0.0,0.0,-1,1,-1,1,0,0,0,0,0,0,0,0,31.3198401927948
1784751770.1096346,0.0,0.0,0.0,0.0,0.0,0,0.0,0.0,0.0,0.0,1.090000033378601,-0.209999993443489,1.0499999523162842,-0.1899999976158142,-1.090000033378601,0.209999993443489,-1.0499999523162842,0.1899999976158142,-0.3815000116825103,0.0734999977052211,-0.3674999833106994,0.0664999991655349,0.0,0.0,0.0,0.0,-1,1,-1,1,0,0,0,0,0,0,0,0,31.339897632598877
1784751770.1295216,0.0,0.0,0.0,0.0,0.0,0,0.0,0.0,0.0,0.0,1.2100000381469729,-0.1400000005960464,0.959999978542328,-0.1400000005960464,-1.2100000381469729,0.1400000005960464,-0.959999978542328,0.1400000005960464,-0.4235000133514404,0.0490000002086162,-0.3359999924898147,0.0490000002086162,0.0,0.0,0.0,0.0,-1,1,-1,1,0,0,0,0,0,0,0,0,31.359784603118896
1784751770.1495073,0.0,0.0,0.0,0.0,0.0,0,0.0,0.0,0.0,0.0,1.2100000381469729,-0.1400000005960464,0.959999978542328,-0.1400000005960464,-1.2100000381469729,0.1400000005960464,-0.959999978542328,0.1400000005960464,-0.4235000133514404,0.0490000002086162,-0.3359999924898147,0.0490000002086162,0.0,0.0,0.0,0.0,-1,1,-1,1,0,0,0,0,0,0,0,0,31.379770278930664
1784751770.1696434,25.811207247803477,0.0,0.12,25.811207247803477,0.0,0,17.809058289701976,-2.641127628813561,17.809058289701976,-2.641127628813561,0.8500000238418579,-0.1000000014901161,0.6700000166893005,-0.0900000035762786,16.95905826586012,-2.541127627323445,17.139058273012676,-2.5511276252372825,5.9356703930510415,-0.8893946695632057,5.998670395554436,-0.8928946688330488,0.152631524392741,-0.022870148645911,0.154251524457114,-0.0229601486271355,-1,1,-1,1,-14,-13,-14,-13,-20,-14,-20,-14,31.399906396865845
1784751770.189998,25.811207247803477,0.0,0.12,25.811207247803477,0.0,0,17.809058289701976,-2.641127628813561,17.809058289701976,-2.641127628813561,0.8500000238418579,-0.1000000014901161,0.6700000166893005,-0.0900000035762786,16.95905826586012,-2.541127627323445,17.139058273012676,-2.5511276252372825,5.9356703930510415,-0.8893946695632057,5.998670395554436,-0.8928946688330488,0.3052630487854821,-0.045740297291822,0.3085030489142281,-0.045920297254271,-1,1,-1,1,-14,-13,-14,-13,-20,-14,-20,-14,31.420260906219482
1784751770.2101014,0.0,0.0,0.0,0.0,0.0,0,0.0,0.0,0.0,0.0,0.8500000238418579,-0.1000000014901161,0.6700000166893005,-0.0900000035762786,-0.8500000238418579,0.1000000014901161,-0.6700000166893005,0.0900000035762786,-0.2975000083446502,0.0350000005215406,-0.2345000058412551,0.0315000012516975,0.0,0.0,0.0,0.0,-1,1,-1,1,0,0,0,0,0,0,0,0,31.440364360809326
1784751770.2296505,0.0,0.0,0.0,0.0,0.0,0,0.0,0.0,0.0,0.0,0.8199999928474426,-0.0700000002980232,0.699999988079071,-0.2899999916553497,-0.8199999928474426,0.0700000002980232,-0.699999988079071,0.2899999916553497,-0.2869999974966049,0.0245000001043081,-0.2449999958276748,0.1014999970793724,0.0,0.0,0.0,0.0,-1,1,-1,1,0,0,0,0,0,0,0,0,31.45991349220276
1784751770.2494876,0.0,0.0,0.0,0.0,0.0,0,0.0,0.0,0.0,0.0,0.8199999928474426,-0.0700000002980232,0.699999988079071,-0.2899999916553497,-0.8199999928474426,0.0700000002980232,-0.699999988079071,0.2899999916553497,-0.2869999974966049,0.0245000001043081,-0.2449999958276748,0.1014999970793724,0.0,0.0,0.0,0.0,-1,1,-1,1,0,0,0,0,0,0,0,0,31.479750633239746
1784751770.2695568,0.0,0.0,0.0,0.0,0.0,0,0.0,0.0,0.0,0.0,0.800000011920929,-0.050000000745058,0.9399999976158142,-0.2000000029802322,-0.800000011920929,0.050000000745058,-0.9399999976158142,0.2000000029802322,-0.2800000041723251,0.0175000002607703,-0.3289999991655349,0.0700000010430812,0.0,0.0,0.0,0.0,-1,1,-1,1,0,0,0,0,0,0,0,0,31.4998197555542
1784751770.2899165,0.0,0.0,0.0,0.0,0.0,0,0.0,0.0,0.0,0.0,0.800000011920929,-0.050000000745058,0.9399999976158142,-0.2000000029802322,-0.800000011920929,0.050000000745058,-0.9399999976158142,0.2000000029802322,-0.2800000041723251,0.0175000002607703,-0.3289999991655349,0.0700000010430812,0.0,0.0,0.0,0.0,-1,1,-1,1,0,0,0,0,0,0,0,0,31.520179510116577
1784751770.3095412,0.0,0.0,0.0,0.0,0.0,0,0.0,0.0,0.0,0.0,0.800000011920929,-0.050000000745058,0.9399999976158142,-0.2000000029802322,-0.800000011920929,0.050000000745058,-0.9399999976158142,0.2000000029802322,-0.2800000041723251,0.0175000002607703,-0.3289999991655349,0.0700000010430812,0.0,0.0,0.0,0.0,-1,1,-1,1,0,0,0,0,0,0,0,0,31.539804220199585
1784751770.329707,0.0,0.0,0.0,0.0,0.0,0,0.0,0.0,0.0,0.0,0.5600000023841858,-0.0299999993294477,0.6600000262260437,-0.1400000005960464,-0.5600000023841858,0.0299999993294477,-0.6600000262260437,0.1400000005960464,-0.196000000834465,0.0104999997653067,-0.2310000091791152,0.0490000002086162,0.0,0.0,0.0,0.0,-1,1,-1,1,0,0,0,0,0,0,0,0,31.559969902038574
1784751770.3494997,25.811207247803477,0.0,0.12,25.811207247803477,0.0,0,17.809058289701976,-2.641127628813561,17.809058289701976,-2.641127628813561,0.5600000023841858,-0.0299999993294477,0.6600000262260437,-0.1400000005960464,17.24905828731779,-2.611127629484113,17.149058263475933,-2.5011276282175148,6.037170400561227,-0.9138946703194396,6.002170392216576,-0.8753946698761301,0.1552415245858601,-0.023500148665357,0.1543415243712834,-0.0225101486539576,-1,1,-1,1,-14,-13,-14,-13,-20,-14,-20,-14,31.57976269721985
1784751770.36969,25.811207247803477,0.0,0.12,25.811207247803477,0.0,0,17.809058289701976,-2.641127628813561,17.809058289701976,-2.641127628813561,0.3899999856948852,-0.0199999995529651,0.4600000083446502,-0.1000000014901161,17.41905830400709,-2.621127629260596,17.349058281357326,-2.541127627323445,6.096670406402482,-0.9173946702412086,6.072170398475064,-0.8893946695632057,0.312013049321924,-0.0470902973287023,0.3104830489034993,-0.0453802972998686,-1,1,-1,1,-14,-13,-14,-13,-20,-14,-20,-14,31.599952936172485
1784751770.3895082,0.0,0.0,0.0,0.0,0.0,0,0.0,0.0,0.0,0.0,0.3899999856948852,-0.0199999995529651,0.4600000083446502,-0.1000000014901161,-0.3899999856948852,0.0199999995529651,-0.4600000083446502,0.1000000014901161,-0.1364999949932098,0.0069999998435378,-0.1610000029206275,0.0350000005215406,0.0,0.0,0.0,0.0,-1,1,-1,1,0,0,0,0,0,0,0,0,31.619771242141724
1784751770.409513,0.0,0.0,0.0,0.0,0.0,0,0.0,0.0,0.0,0.0,0.3899999856948852,-0.0199999995529651,0.4600000083446502,-0.1000000014901161,-0.3899999856948852,0.0199999995529651,-0.4600000083446502,0.1000000014901161,-0.1364999949932098,0.0069999998435378,-0.1610000029206275,0.0350000005215406,0.0,0.0,0.0,0.0,-1,1,-1,1,0,0,0,0,0,0,0,0,31.63977599143982
1784751770.429484,0.0,0.0,0.0,0.0,0.0,0,0.0,0.0,0.0,0.0,0.7300000190734863,-0.2399999946355819,0.7799999713897705,-0.0700000002980232,-0.7300000190734863,0.2399999946355819,-0.7799999713897705,0.0700000002980232,-0.2555000066757202,0.0839999981224536,-0.2729999899864196,0.0245000001043081,0.0,0.0,0.0,0.0,-1,1,-1,1,0,0,0,0,0,0,0,0,31.659746885299683
1784751770.4495754,0.0,0.0,0.0,0.0,0.0,0,0.0,0.0,0.0,0.0,0.7300000190734863,-0.2399999946355819,0.7799999713897705,-0.0700000002980232,-0.7300000190734863,0.2399999946355819,-0.7799999713897705,0.0700000002980232,-0.2555000066757202,0.0839999981224536,-0.2729999899864196,0.0245000001043081,0.0,0.0,0.0,0.0,-1,1,-1,1,0,0,0,0,0,0,0,0,31.67983841896057
1784751770.4696238,0.0,0.0,0.0,0.0,0.0,0,0.0,0.0,0.0,0.0,0.5099999904632568,-0.1700000017881393,0.3199999928474426,-0.050000000745058,-0.5099999904632568,0.1700000017881393,-0.3199999928474426,0.050000000745058,-0.1784999966621399,0.0595000006258487,-0.1119999974966049,0.0175000002607703,0.0,0.0,0.0,0.0,-1,1,-1,1,0,0,0,0,0,0,0,0,31.699886798858643
1784751770.4895043,0.0,0.0,0.0,0.0,0.0,0,0.0,0.0,0.0,0.0,0.5099999904632568,-0.1700000017881393,0.3199999928474426,-0.050000000745058,-0.5099999904632568,0.1700000017881393,-0.3199999928474426,0.050000000745058,-0.1784999966621399,0.0595000006258487,-0.1119999974966049,0.0175000002607703,0.0,0.0,0.0,0.0,-1,1,-1,1,0,0,0,0,0,0,0,0,31.719767332077026
1784751770.509863,0.0,0.0,0.0,0.0,0.0,0,0.0,0.0,0.0,0.0,0.5099999904632568,-0.1700000017881393,0.3199999928474426,-0.050000000745058,-0.5099999904632568,0.1700000017881393,-0.3199999928474426,0.050000000745058,-0.1784999966621399,0.0595000006258487,-0.1119999974966049,0.0175000002607703,0.0,0.0,0.0,0.0,-1,1,-1,1,0,0,0,0,0,0,0,0,31.74012589454651
1784751770.5296087,25.811207247803477,0.0,0.12,25.811207247803477,0.0,0,17.809058289701976,-2.641127628813561,17.809058289701976,-2.641127628813561,0.3600000143051147,-0.1199999973177909,0.2199999988079071,-0.0299999993294477,17.44905827539686,-2.5211276314957702,17.58905829089407,-2.611127629484113,6.107170396388901,-0.8823946710235195,6.156170401812924,-0.9138946703194396,0.1570415244785717,-0.0226901486834619,0.1583015246180466,-0.023500148665357,-1,1,-1,1,-14,-13,-14,-13,-20,-14,-20,-14,31.7598717212677
1784751770.5496287,25.811207247803477,0.0,0.12,25.811207247803477,0.0,0,17.809058289701976,-2.641127628813561,17.809058289701976,-2.641127628813561,0.3600000143051147,-0.1199999973177909,0.2199999988079071,-0.0299999993294477,17.44905827539686,-2.5211276314957702,17.58905829089407,-2.611127629484113,6.107170396388901,-0.8823946710235195,6.156170401812924,-0.9138946703194396,0.3140830489571435,-0.0453802973669238,0.3166030492360932,-0.047000297330714,-1,1,-1,1,-14,-13,-14,-13,-20,-14,-20,-14,31.77989172935486
1784751770.5696306,0.0,0.0,0.0,0.0,0.0,0,0.0,0.0,0.0,0.0,0.3600000143051147,-0.1199999973177909,0.2199999988079071,-0.0299999993294477,-0.3600000143051147,0.1199999973177909,-0.2199999988079071,0.0299999993294477,-0.1260000050067901,0.0419999990612268,-0.0769999995827674,0.0104999997653067,0.0,0.0,0.0,0.0,-1,1,-1,1,0,0,0,0,0,0,0,0,31.799893617630005
1784751770.5895555,0.0,0.0,0.0,0.0,0.0,0,0.0,0.0,0.0,0.0,0.4799999892711639,-0.0799999982118606,0.3799999952316284,-0.25,-0.4799999892711639,0.0799999982118606,-0.3799999952316284,0.25,-0.1679999962449073,0.0279999993741512,-0.1329999983310699,0.0875,0.0,0.0,0.0,0.0,-1,1,-1,1,0,0,0,0,0,0,0,0,31.8198184967041
1784751770.610679,0.0,0.0,0.0,0.0,0.0,0,0.0,0.0,0.0,0.0,0.4799999892711639,-0.0799999982118606,0.3799999952316284,-0.25,-0.4799999892711639,0.0799999982118606,-0.3799999952316284,0.25,-0.1679999962449073,0.0279999993741512,-0.1329999983310699,0.0875,0.0,0.0,0.0,0.0,-1,1,-1,1,0,0,0,0,0,0,0,0,31.840941905975342
1784751770.6295054,0.0,0.0,0.0,0.0,0.0,0,0.0,0.0,0.0,0.0,0.7900000214576721,-0.0599999986588954,0.7200000286102295,-0.1800000071525573,-0.7900000214576721,0.0599999986588954,-0.7200000286102295,0.1800000071525573,-0.2765000075101852,0.0209999995306134,-0.2520000100135803,0.063000002503395,0.0,0.0,0.0,0.0,-1,1,-1,1,0,0,0,0,0,0,0,0,31.859768390655518
1784751770.6496396,0.0,0.0,0.0,0.0,0.0,0,0.0,0.0,0.0,0.0,0.7900000214576721,-0.0599999986588954,0.7200000286102295,-0.1800000071525573,-0.7900000214576721,0.0599999986588954,-0.7200000286102295,0.1800000071525573,-0.2765000075101852,0.0209999995306134,-0.2520000100135803,0.063000002503395,0.0,0.0,0.0,0.0,-1,1,-1,1,0,0,0,0,0,0,0,0,31.879902601242065
1784751770.6701586,0.0,0.0,0.0,0.0,0.0,0,0.0,0.0,0.0,0.0,0.550000011920929,-0.0399999991059303,0.5,-0.1199999973177909,-0.550000011920929,0.0399999991059303,-0.5,0.1199999973177909,-0.1925000041723251,0.0139999996870756,-0.175,0.0419999990612268,0.0,0.0,0.0,0.0,-1,1,-1,1,0,0,0,0,0,0,0,0,31.900421619415283
1784751770.689561,25.811207247803477,0.0,0.12,25.811207247803477,0.0,0,17.809058289701976,-2.641127628813561,17.809058289701976,-2.641127628813561,0.550000011920929,-0.0399999991059303,0.5,-0.1199999973177909,17.259058277781048,-2.601127629707631,17.309058289701976,-2.5211276314957702,6.040670397223367,-0.9103946703976707,6.058170401395691,-0.8823946710235195,0.1553315245000294,-0.0234101486673686,0.1557815246073177,-0.0226901486834619,-1,1,-1,1,-14,-13,-14,-13,-20,-14,-20,-14,31.91982388496399
1784751770.709798,25.811207247803477,0.0,0.12,25.811207247803477,0.0,0,17.809058289701976,-2.641127628813561,17.809058289701976,-2.641127628813561,0.550000011920929,-0.0399999991059303,0.5,-0.1199999973177909,17.259058277781048,-2.601127629707631,17.309058289701976,-2.5211276314957702,6.040670397223367,-0.9103946703976707,6.058170401395691,-0.8823946710235195,0.3106630490000588,-0.0468202973347373,0.3115630492146355,-0.0453802973669238,-1,1,-1,1,-14,-13,-14,-13,-20,-14,-20,-14,31.94006109237671
1784751770.7296076,0.0,0.0,0.0,0.0,0.0,0,0.0,0.0,0.0,0.0,0.3899999856948852,-0.0299999993294477,0.5799999833106995,-0.0900000035762786,-0.3899999856948852,0.0299999993294477,-0.5799999833106995,0.0900000035762786,-0.1364999949932098,0.0104999997653067,-0.2029999941587448,0.0315000012516975,0.0,0.0,0.0,0.0,-1,1,-1,1,0,0,0,0,0,0,0,0,31.95987057685852
1784751770.7498524,0.0,0.0,0.0,0.0,0.0,0,0.0,0.0,0.0,0.0,0.3899999856948852,-0.0299999993294477,0.5799999833106995,-0.0900000035762786,-0.3899999856948852,0.0299999993294477,-0.5799999833106995,0.0900000035762786,-0.1364999949932098,0.0104999997653067,-0.2029999941587448,0.0315000012516975,0.0,0.0,0.0,0.0,-1,1,-1,1,0,0,0,0,0,0,0,0,31.98011541366577
1784751770.7694938,0.0,0.0,0.0,0.0,0.0,0,0.0,0.0,0.0,0.0,0.270000010728836,-0.25,0.4099999964237213,-0.0599999986588954,-0.270000010728836,0.25,-0.4099999964237213,0.0599999986588954,-0.0945000037550926,0.0875,-0.1434999987483024,0.0209999995306134,0.0,0.0,0.0,0.0,-1,1,-1,1,0,0,0,0,0,0,0,0,31.999756813049316
1784751770.7896929,0.0,0.0,0.0,0.0,0.0,0,0.0,0.0,0.0,0.0,0.270000010728836,-0.25,0.4099999964237213,-0.0599999986588954,-0.270000010728836,0.25,-0.4099999964237213,0.0599999986588954,-0.0945000037550926,0.0875,-0.1434999987483024,0.0209999995306134,0.0,0.0,0.0,0.0,-1,1,-1,1,0,0,0,0,0,0,0,0,32.01995587348938
1784751770.8095071,0.0,0.0,0.0,0.0,0.0,0,0.0,0.0,0.0,0.0,0.270000010728836,-0.25,0.4099999964237213,-0.0599999986588954,-0.270000010728836,0.25,-0.4099999964237213,0.0599999986588954,-0.0945000037550926,0.0875,-0.1434999987483024,0.0209999995306134,0.0,0.0,0.0,0.0,-1,1,-1,1,0,0,0,0,0,0,0,0,32.03977012634277
1784751770.8295248,25.811207247803477,0.0,0.12,25.811207247803477,0.0,0,17.809058289701976,-2.641127628813561,17.809058289701976,-2.641127628813561,0.1899999976158142,-0.1700000017881393,0.2800000011920929,-0.0399999991059303,17.619058292086162,-2.471127627025422,17.529058288509884,-2.601127629707631,6.166670402230157,-0.8648946694588976,6.135170400978459,-0.9103946703976707,0.1585715246287754,-0.0222401486432287,0.1577615245965889,-0.0234101486673686,-1,1,-1,1,-14,-13,-14,-13,-20,-14,-20,-14,32.05978775024414
1784751770.8495378,25.811207247803477,0.0,0.12,25.811207247803477,0.0,0,17.809058289701976,-2.641127628813561,17.809058289701976,-2.641127628813561,0.1899999976158142,-0.1700000017881393,0.2800000011920929,-0.0399999991059303,17.619058292086162,-2.471127627025422,17.529058288509884,-2.601127629707631,6.166670402230157,-0.8648946694588976,6.135170400978459,-0.9103946703976707,0.3171430492575509,-0.0444802972864575,0.3155230491931779,-0.0468202973347373,-1,1,-1,1,-14,-13,-14,-13,-20,-14,-20,-14,32.079800844192505
1784751770.869723,0.0,0.0,0.0,0.0,0.0,0,0.0,0.0,0.0,0.0,0.1299999952316284,-0.1199999973177909,0.4300000071525574,-0.0299999993294477,-0.1299999952316284,0.1199999973177909,-0.4300000071525574,0.0299999993294477,-0.0454999983310699,0.0419999990612268,-0.150500002503395,0.0104999997653067,0.0,0.0,0.0,0.0,-1,1,-1,1,0,0,0,0,0,0,0,0,32.09998607635498
1784751770.8895216,0.0,0.0,0.0,0.0,0.0,0,0.0,0.0,0.0,0.0,0.1299999952316284,-0.1199999973177909,0.4300000071525574,-0.0299999993294477,-0.1299999952316284,0.1199999973177909,-0.4300000071525574,0.0299999993294477,-0.0454999983310699,0.0419999990612268,-0.150500002503395,0.0104999997653067,0.0,0.0,0.0,0.0,-1,1,-1,1,0,0,0,0,0,0,0,0,32.11978459358215
1784751770.909526,0.0,0.0,0.0,0.0,0.0,0,0.0,0.0,0.0,0.0,0.1299999952316284,-0.1199999973177909,0.4300000071525574,-0.0299999993294477,-0.1299999952316284,0.1199999973177909,-0.4300000071525574,0.0299999993294477,-0.0454999983310699,0.0419999990612268,-0.150500002503395,0.0104999997653067,0.0,0.0,0.0,0.0,-1,1,-1,1,0,0,0,0,0,0,0,0,32.13978910446167
1784751770.9295,0.0,0.0,0.0,0.0,0.0,0,0.0,0.0,0.0,0.0,0.550000011920929,-0.0799999982118606,0.5199999809265137,-0.25,-0.550000011920929,0.0799999982118606,-0.5199999809265137,0.25,-0.1925000041723251,0.0279999993741512,-0.1819999933242797,0.0875,0.0,0.0,0.0,0.0,-1,1,-1,1,0,0,0,0,0,0,0,0,32.15976309776306
1784751770.9494946,0.0,0.0,0.0,0.0,0.0,0,0.0,0.0,0.0,0.0,0.550000011920929,-0.0799999982118606,0.5199999809265137,-0.25,-0.550000011920929,0.0799999982118606,-0.5199999809265137,0.25,-0.1925000041723251,0.0279999993741512,-0.1819999933242797,0.0875,0.0,0.0,0.0,0.0,-1,1,-1,1,0,0,0,0,0,0,0,0,32.179757595062256
1784751770.9698207,0.0,0.0,0.0,0.0,0.0,0,0.0,0.0,0.0,0.0,0.3799999952316284,-0.0599999986588954,0.3700000047683716,-0.1700000017881393,-0.3799999952316284,0.0599999986588954,-0.3700000047683716,0.1700000017881393,-0.1329999983310699,0.0209999995306134,-0.12950000166893,0.0595000006258487,0.0,0.0,0.0,0.0,-1,1,-1,1,0,0,0,0,0,0,0,0,32.20008373260498
1784751770.9895277,25.811207247803477,0.0,0.12,25.811207247803477,0.0,0,17.809058289701976,-2.641127628813561,17.809058289701976,-2.641127628813561,0.3799999952316284,-0.0599999986588954,0.3700000047683716,-0.1700000017881393,17.429058294470348,-2.5811276301546657,17.439058284933605,-2.471127627025422,6.100170403064621,-0.9033946705541328,6.103670399726761,-0.8648946694588976,0.1568615246502331,-0.0232301486713919,0.1569515245644024,-0.0222401486432287,-1,1,-1,1,-14,-13,-14,-13,-20,-14,-20,-14,32.21979069709778
1784751771.0095315,25.811207247803477,0.0,0.12,25.811207247803477,0.0,0,17.809058289701976,-2.641127628813561,17.809058289701976,-2.641127628813561,0.3799999952316284,-0.0599999986588954,0.3700000047683716,-0.1700000017881393,17.429058294470348,-2.5811276301546657,17.439058284933605,-2.471127627025422,6.100170403064621,-0.9033946705541328,6.103670399726761,-0.8648946694588976,0.3137230493004663,-0.0464602973427839,0.3139030491288049,-0.0444802972864575,-1,1,-1,1,-14,-13,-14,-13,-20,-14,-20,-14,32.23979449272156
1784751771.0294957,0.0,0.0,0.0,0.0,0.0,0,0.0,0.0,0.0,0.0,0.270000010728836,-0.0399999991059303,0.2599999904632568,-0.1199999973177909,-0.270000010728836,0.0399999991059303,-0.2599999904632568,0.1199999973177909,-0.0945000037550926,0.0139999996870756,-0.0909999966621398,0.0419999990612268,0.0,0.0,0.0,0.0,-1,1,-1,1,0,0,0,0,0,0,0,0,32.259758710861206
1784751771.0495062,0.0,0.0,0.0,0.0,0.0,0,0.0,0.0,0.0,0.0,0.270000010728836,-0.0399999991059303,0.2599999904632568,-0.1199999973177909,-0.270000010728836,0.0399999991059303,-0.2599999904632568,0.1199999973177909,-0.0945000037550926,0.0139999996870756,-0.0909999966621398,0.0419999990612268,0.0,0.0,0.0,0.0,-1,1,-1,1,0,0,0,0,0,0,0,0,32.2797691822052
1784751771.0697014,0.0,0.0,0.0,0.0,0.0,0,0.0,0.0,0.0,0.0,0.6399999856948853,-0.0299999993294477,0.6299999952316284,-0.0799999982118606,-0.6399999856948853,0.0299999993294477,-0.6299999952316284,0.0799999982118606,-0.2239999949932098,0.0104999997653067,-0.2204999983310699,0.0279999993741512,0.0,0.0,0.0,0.0,-1,1,-1,1,0,0,0,0,0,0,0,0,32.299964427948
1784751771.089501,0.0,0.0,0.0,0.0,0.0,0,0.0,0.0,0.0,0.0,0.6399999856948853,-0.0299999993294477,0.6299999952316284,-0.0799999982118606,-0.6399999856948853,0.0299999993294477,-0.6299999952316284,0.0799999982118606,-0.2239999949932098,0.0104999997653067,-0.2204999983310699,0.0279999993741512,0.0,0.0,0.0,0.0,-1,1,-1,1,0,0,0,0,0,0,0,0,32.31976389884949
1784751771.1094935,0.0,0.0,0.0,0.0,0.0,0,0.0,0.0,0.0,0.0,0.6399999856948853,-0.0299999993294477,0.6299999952316284,-0.0799999982118606,-0.6399999856948853,0.0299999993294477,-0.6299999952316284,0.0799999982118606,-0.2239999949932098,0.0104999997653067,-0.2204999983310699,0.0279999993741512,0.0,0.0,0.0,0.0,-1,1,-1,1,0,0,0,0,0,0,0,0,32.33975648880005
1784751771.1294854,0.0,0.0,0.0,0.0,0.0,0,0.0,0.0,0.0,0.0,0.2199999988079071,-0.0199999995529651,0.4399999976158142,-0.0599999986588954,-0.2199999988079071,0.0199999995529651,-0.4399999976158142,0.0599999986588954,-0.0769999995827674,0.0069999998435378,-0.1539999991655349,0.0209999995306134,0.0,0.0,0.0,0.0,-1,1,-1,1,0,0,0,0,0,0,0,0,32.35974836349487
1784751771.1495173,25.811207247803477,0.0,0.12,25.811207247803477,0.0,0,17.809058289701976,-2.641127628813561,17.809058289701976,-2.641127628813561,0.2199999988079071,-0.0199999995529651,0.4399999976158142,-0.0599999986588954,17.58905829089407,-2.621127629260596,17.369058292086162,-2.5811276301546657,6.156170401812924,-0.9173946702412086,6.079170402230156,-0.9033946705541328,0.1583015246180466,-0.0235901486633453,0.1563215246287754,-0.0232301486713919,-1,1,-1,1,-14,-13,-14,-13,-20,-14,-20,-14,32.379780292510986
1784751771.1695805,25.811207247803477,0.0,0.12,25.811207247803477,0.0,0,17.809058289701976,-2.641127628813561,17.809058289701976,-2.641127628813561,0.1599999964237213,-0.0099999997764825,0.3100000023841858,-0.0399999991059303,17.649058293278255,-2.631127629037078,17.49905828731779,-2.601127629707631,6.177170402647389,-0.9208946701629774,6.124670400561226,-0.9103946703976707,0.3171430492575509,-0.047270297324679,0.3138130492146356,-0.0466402973387606,-1,1,-1,1,-14,-13,-14,-13,-20,-14,-20,-14,32.39984345436096
1784751771.1894932,0.0,0.0,0.0,0.0,0.0,0,0.0,0.0,0.0,0.0,0.1599999964237213,-0.0099999997764825,0.3100000023841858,-0.0399999991059303,-0.1599999964237213,0.0099999997764825,-0.3100000023841858,0.0399999991059303,-0.0559999987483024,0.0034999999217689,-0.108500000834465,0.0139999996870756,0.0,0.0,0.0,0.0,-1,1,-1,1,0,0,0,0,0,0,0,0,32.419756174087524
1784751771.209502,0.0,0.0,0.0,0.0,0.0,0,0.0,0.0,0.0,0.0,0.1599999964237213,-0.0099999997764825,0.3100000023841858,-0.0399999991059303,-0.1599999964237213,0.0099999997764825,-0.3100000023841858,0.0399999991059303,-0.0559999987483024,0.0034999999217689,-0.108500000834465,0.0139999996870756,0.0,0.0,0.0,0.0,-1,1,-1,1,0,0,0,0,0,0,0,0,32.439764976501465
1784751771.229483,0.0,0.0,0.0,0.0,0.0,0,0.0,0.0,0.0,0.0,1.0099999904632568,-0.0099999997764825,0.6700000166893005,-0.0299999993294477,-1.0099999904632568,0.0099999997764825,-0.6700000166893005,0.0299999993294477,-0.3534999966621399,0.0034999999217689,-0.2345000058412551,0.0104999997653067,0.0,0.0,0.0,0.0,-1,1,-1,1,0,0,0,0,0,0,0,0,32.45974588394165
1784751771.249488,0.0,0.0,0.0,0.0,0.0,0,0.0,0.0,0.0,0.0,1.0099999904632568,-0.0099999997764825,0.6700000166893005,-0.0299999993294477,-1.0099999904632568,0.0099999997764825,-0.6700000166893005,0.0299999993294477,-0.3534999966621399,0.0034999999217689,-0.2345000058412551,0.0104999997653067,0.0,0.0,0.0,0.0,-1,1,-1,1,0,0,0,0,0,0,0,0,32.479751110076904
1784751771.269543,0.0,0.0,0.0,0.0,0.0,0,0.0,0.0,0.0,0.0,0.7099999785423279,-0.0099999997764825,0.4699999988079071,-0.0199999995529651,-0.7099999785423279,0.0099999997764825,-0.4699999988079071,0.0199999995529651,-0.2484999924898147,0.0034999999217689,-0.1644999995827674,0.0069999998435378,0.0,0.0,0.0,0.0,-1,1,-1,1,0,0,0,0,0,0,0,0,32.49980592727661
1784751771.2894776,0.0,0.0,0.0,0.0,0.0,0,0.0,0.0,0.0,0.0,0.7099999785423279,-0.0099999997764825,0.4699999988079071,-0.0199999995529651,-0.7099999785423279,0.0099999997764825,-0.4699999988079071,0.0199999995529651,-0.2484999924898147,0.0034999999217689,-0.1644999995827674,0.0069999998435378,0.0,0.0,0.0,0.0,-1,1,-1,1,0,0,0,0,0,0,0,0,32.51974058151245
1784751771.3095012,25.811207247803477,0.0,0.12,25.811207247803477,0.0,0,17.809058289701976,-2.641127628813561,17.809058289701976,-2.641127628813561,0.7099999785423279,-0.0099999997764825,0.4699999988079071,-0.0199999995529651,17.09905831115965,-2.631127629037078,17.33905829089407,-2.621127629260596,5.984670408905877,-0.9208946701629774,6.068670401812924,-0.9173946702412086,0.1538915248004368,-0.0236801486613337,0.1560515246180466,-0.0235901486633453,-1,1,-1,1,-14,-13,-14,-13,-20,-14,-20,-14,32.539764165878296
1784751771.329516,25.811207247803477,0.0,0.12,25.811207247803477,0.0,0,17.809058289701976,-2.641127628813561,17.809058289701976,-2.641127628813561,0.5,-0.0,0.3300000131130218,-0.0099999997764825,17.309058289701976,-2.641127628813561,17.479058276588955,-2.631127629037078,6.058170401395691,-0.9243946700847464,6.117670396806134,-0.9208946701629774,0.3096730494077546,-0.0474502973206557,0.3133630491073472,-0.047270297324679,-1,1,-1,1,-14,-13,-14,-13,-20,-14,-20,-14,32.559778928756714
1784751771.3494873,0.0,0.0,0.0,0.0,0.0,0,0.0,0.0,0.0,0.0,0.5,-0.0,0.3300000131130218,-0.0099999997764825,-0.5,0.0,-0.3300000131130218,0.0099999997764825,-0.175,0.0,-0.1155000045895576,0.0034999999217689,0.0,0.0,0.0,0.0,-1,1,-1,1,0,0,0,0,0,0,0,0,32.579750299453735
1784751771.3695598,0.0,0.0,0.0,0.0,0.0,0,0.0,0.0,0.0,0.0,0.800000011920929,-0.2300000041723251,0.4600000083446502,-0.0099999997764825,-0.800000011920929,0.2300000041723251,-0.4600000083446502,0.0099999997764825,-0.2800000041723251,0.0805000014603137,-0.1610000029206275,0.0034999999217689,0.0,0.0,0.0,0.0,-1,1,-1,1,0,0,0,0,0,0,0,0,32.599822759628296
1784751771.3894815,0.0,0.0,0.0,0.0,0.0,0,0.0,0.0,0.0,0.0,0.800000011920929,-0.2300000041723251,0.4600000083446502,-0.0099999997764825,-0.800000011920929,0.2300000041723251,-0.4600000083446502,0.0099999997764825,-0.2800000041723251,0.0805000014603137,-0.1610000029206275,0.0034999999217689,0.0,0.0,0.0,0.0,-1,1,-1,1,0,0,0,0,0,0,0,0,32.619744539260864
1784751771.4094832,0.0,0.0,0.0,0.0,0.0,0,0.0,0.0,0.0,0.0,0.800000011920929,-0.2300000041723251,0.4600000083446502,-0.0099999997764825,-0.800000011920929,0.2300000041723251,-0.4600000083446502,0.0099999997764825,-0.2800000041723251,0.0805000014603137,-0.1610000029206275,0.0034999999217689,0.0,0.0,0.0,0.0,-1,1,-1,1,0,0,0,0,0,0,0,0,32.63974618911743
1784751771.429487,0.0,0.0,0.0,0.0,0.0,0,0.0,0.0,0.0,0.0,0.5600000023841858,-0.1599999964237213,0.3199999928474426,-0.0099999997764825,-0.5600000023841858,0.1599999964237213,-0.3199999928474426,0.0099999997764825,-0.196000000834465,0.0559999987483024,-0.1119999974966049,0.0034999999217689,0.0,0.0,0.0,0.0,-1,1,-1,1,0,0,0,0,0,0,0,0,32.65974998474121
1784751771.4494846,0.0,0.0,0.0,0.0,0.0,0,0.0,0.0,0.0,0.0,0.5600000023841858,-0.1599999964237213,0.3199999928474426,-0.0099999997764825,-0.5600000023841858,0.1599999964237213,-0.3199999928474426,0.0099999997764825,-0.196000000834465,0.0559999987483024,-0.1119999974966049,0.0034999999217689,0.0,0.0,0.0,0.0,-1,1,-1,1,0,0,0,0,0,0,0,0,32.679747581481934
1784751771.4695897,25.811207247803477,0.0,0.12,25.811207247803477,0.0,0,17.809058289701976,-2.641127628813561,17.809058289701976,-2.641127628813561,0.3899999856948852,-0.1099999994039535,0.2199999988079071,-0.0,17.41905830400709,-2.531127629409608,17.58905829089407,-2.641127628813561,6.096670406402482,-0.8858946702933627,6.156170401812924,-0.9243946700847464,0.1567715247360638,-0.0227801486646864,0.1583015246180466,-0.023770148659322,-1,1,-1,1,-14,-13,-14,-13,-20,-14,-20,-14,32.69985270500183
1784751771.4895473,25.811207247803477,0.0,0.12,25.811207247803477,0.0,0,17.809058289701976,-2.641127628813561,17.809058289701976,-2.641127628813561,0.3899999856948852,-0.1099999994039535,0.2199999988079071,-0.0,17.41905830400709,-2.531127629409608,17.58905829089407,-2.641127628813561,6.096670406402482,-0.8858946702933627,6.156170401812924,-0.9243946700847464,0.3135430494721276,-0.0455602973293729,0.3166030492360932,-0.0475402973186441,-1,1,-1,1,-14,-13,-14,-13,-20,-14,-20,-14,32.719810247421265
1784751771.5095072,0.0,0.0,0.0,0.0,0.0,0,0.0,0.0,0.0,0.0,0.3899999856948852,-0.1099999994039535,0.2199999988079071,-0.0,-0.3899999856948852,0.1099999994039535,-0.2199999988079071,0.0,-0.1364999949932098,0.0384999997913837,-0.0769999995827674,0.0,0.0,0.0,0.0,0.0,-1,1,-1,1,0,0,0,0,0,0,0,0,32.73977017402649
1784751771.529495,0.0,0.0,0.0,0.0,0.0,0,0.0,0.0,0.0,0.0,0.5,-0.0799999982118606,0.3799999952316284,-0.0,-0.5,0.0799999982118606,-0.3799999952316284,0.0,-0.175,0.0279999993741512,-0.1329999983310699,0.0,0.0,0.0,0.0,0.0,-1,1,-1,1,0,0,0,0,0,0,0,0,32.75975799560547
1784751771.5494957,0.0,0.0,0.0,0.0,0.0,0,0.0,0.0,0.0,0.0,0.5,-0.0799999982118606,0.3799999952316284,-0.0,-0.5,0.0799999982118606,-0.3799999952316284,0.0,-0.175,0.0279999993741512,-0.1329999983310699,0.0,0.0,0.0,0.0,0.0,-1,1,-1,1,0,0,0,0,0,0,0,0,32.77975869178772
1784751771.5695567,0.0,0.0,0.0,0.0,0.0,0,0.0,0.0,0.0,0.0,0.5799999833106995,-0.2800000011920929,0.4900000095367431,-0.0,-0.5799999833106995,0.2800000011920929,-0.4900000095367431,0.0,-0.2029999941587448,0.0980000004172325,-0.17150000333786,0.0,0.0,0.0,0.0,0.0,-1,1,-1,1,0,0,0,0,0,0,0,0,32.79981970787048
1784751771.5894957,0.0,0.0,0.0,0.0,0.0,0,0.0,0.0,0.0,0.0,0.5799999833106995,-0.2800000011920929,0.4900000095367431,-0.0,-0.5799999833106995,0.2800000011920929,-0.4900000095367431,0.0,-0.2029999941587448,0.0980000004172325,-0.17150000333786,0.0,0.0,0.0,0.0,0.0,-1,1,-1,1,0,0,0,0,0,0,0,0,32.81975865364075
1784751771.6094964,0.0,0.0,0.0,0.0,0.0,0,0.0,0.0,0.0,0.0,0.5799999833106995,-0.2800000011920929,0.4900000095367431,-0.0,-0.5799999833106995,0.2800000011920929,-0.4900000095367431,0.0,-0.2029999941587448,0.0980000004172325,-0.17150000333786,0.0,0.0,0.0,0.0,0.0,-1,1,-1,1,0,0,0,0,0,0,0,0,32.839759349823
1784751771.6295123,25.811207247803477,0.0,0.12,25.811207247803477,0.0,0,17.809058289701976,-2.641127628813561,17.809058289701976,-2.641127628813561,0.1800000071525573,-0.2000000029802322,0.3499999940395355,-0.0,17.62905828254942,-2.441127625833329,17.45905829566244,-2.641127628813561,6.170170398892297,-0.8543946690416651,6.110670403481854,-0.9243946700847464,0.1586615245429447,-0.0219701486324999,0.1571315246609619,-0.023770148659322,-1,1,-1,1,-14,-13,-14,-13,-20,-14,-20,-14,32.85977530479431
1784751771.6495352,25.811207247803477,0.0,0.12,25.811207247803477,0.0,0,17.809058289701976,-2.641127628813561,17.809058289701976,-2.641127628813561,0.1800000071525573,-0.2000000029802322,0.3499999940395355,-0.0,17.62905828254942,-2.441127625833329,17.45905829566244,-2.641127628813561,6.170170398892297,-0.8543946690416651,6.110670403481854,-0.9243946700847464,0.3173230490858895,-0.0439402972649999,0.3142630493219239,-0.0475402973186441,-1,1,-1,1,-14,-13,-14,-13,-20,-14,-20,-14,32.87979817390442
1784751771.6696565,0.0,0.0,0.0,0.0,0.0,0,0.0,0.0,0.0,0.0,0.3499999940395355,-0.1400000005960464,0.2399999946355819,-0.0,-0.3499999940395355,0.1400000005960464,-0.2399999946355819,0.0,-0.1224999979138374,0.0490000002086162,-0.0839999981224536,0.0,0.0,0.0,0.0,0.0,-1,1,-1,1,0,0,0,0,0,0,0,0,32.899919509887695
1784751771.68949,0.0,0.0,0.0,0.0,0.0,0,0.0,0.0,0.0,0.0,0.3499999940395355,-0.1400000005960464,0.2399999946355819,-0.0,-0.3499999940395355,0.1400000005960464,-0.2399999946355819,0.0,-0.1224999979138374,0.0490000002086162,-0.0839999981224536,0.0,0.0,0.0,0.0,0.0,-1,1,-1,1,0,0,0,0,0,0,0,0,32.919753074645996
1784751771.7095098,0.0,0.0,0.0,0.0,0.0,0,0.0,0.0,0.0,0.0,0.3499999940395355,-0.1400000005960464,0.2399999946355819,-0.0,-0.3499999940395355,0.1400000005960464,-0.2399999946355819,0.0,-0.1224999979138374,0.0490000002086162,-0.0839999981224536,0.0,0.0,0.0,0.0,0.0,-1,1,-1,1,0,0,0,0,0,0,0,0,32.939772844314575
1784751771.7294888,0.0,0.0,0.0,0.0,0.0,0,0.0,0.0,0.0,0.0,0.9200000166893004,-0.3199999928474426,0.1700000017881393,-0.0,-0.9200000166893004,0.3199999928474426,-0.1700000017881393,0.0,-0.3220000058412551,0.1119999974966049,-0.0595000006258487,0.0,0.0,0.0,0.0,0.0,-1,1,-1,1,0,0,0,0,0,0,0,0,32.95975184440613
1784751771.7495074,0.0,0.0,0.0,0.0,0.0,0,0.0,0.0,0.0,0.0,0.9200000166893004,-0.3199999928474426,0.1700000017881393,-0.0,-0.9200000166893004,0.3199999928474426,-0.1700000017881393,0.0,-0.3220000058412551,0.1119999974966049,-0.0595000006258487,0.0,0.0,0.0,0.0,0.0,-1,1,-1,1,0,0,0,0,0,0,0,0,32.97977042198181
1784751771.7697115,0.0,0.0,0.0,0.0,0.0,0,0.0,0.0,0.0,0.0,0.6499999761581421,-0.2300000041723251,0.1199999973177909,-0.0,-0.6499999761581421,0.2300000041723251,-0.1199999973177909,0.0,-0.2274999916553497,0.0805000014603137,-0.0419999990612268,0.0,0.0,0.0,0.0,0.0,-1,1,-1,1,0,0,0,0,0,0,0,0,32.999974489212036
1784751771.7895477,25.811207247803477,0.0,0.12,25.811207247803477,0.0,0,17.809058289701976,-2.641127628813561,17.809058289701976,-2.641127628813561,0.6499999761581421,-0.2300000041723251,0.1199999973177909,-0.0,17.159058313543834,-2.411127624641236,17.689058292384185,-2.641127628813561,6.0056704097403415,-0.8438946686244326,6.191170402334465,-0.9243946700847464,0.1544315248218945,-0.0217001486217711,0.1592015246314576,-0.023770148659322,-1,1,-1,1,-14,-13,-14,-13,-20,-14,-20,-14,33.01981067657471
1784751771.8095367,25.811207247803477,0.0,0.12,25.811207247803477,0.0,0,17.809058289701976,-2.641127628813561,17.809058289701976,-2.641127628813561,0.6499999761581421,-0.2300000041723251,0.1199999973177909,-0.0,17.159058313543834,-2.411127624641236,17.689058292384185,-2.641127628813561,6.0056704097403415,-0.8438946686244326,6.191170402334465,-0.9243946700847464,0.308863049643789,-0.0434002972435422,0.3184030492629153,-0.0475402973186441,-1,1,-1,1,-14,-13,-14,-13,-20,-14,-21,-14,33.03979969024658
1784751771.829495,0.0,0.0,0.0,0.0,0.0,0,0.0,0.0,0.0,0.0,0.449999988079071,-0.1599999964237213,0.0799999982118606,-0.0,-0.449999988079071,0.1599999964237213,-0.0799999982118606,0.0,-0.1574999958276748,0.0559999987483024,-0.0279999993741512,0.0,0.0,0.0,0.0,0.0,-1,1,-1,1,0,0,0,0,0,0,0,0,33.05975794792175
1784751771.8495157,0.0,0.0,0.0,0.0,0.0,0,0.0,0.0,0.0,0.0,0.449999988079071,-0.1599999964237213,0.0799999982118606,-0.0,-0.449999988079071,0.1599999964237213,-0.0799999982118606,0.0,-0.1574999958276748,0.0559999987483024,-0.0279999993741512,0.0,0.0,0.0,0.0,0.0,-1,1,-1,1,0,0,0,0,0,0,0,0,33.07977867126465
1784751771.8696706,0.0,0.0,0.0,0.0,0.0,0,0.0,0.0,0.0,0.0,0.5400000214576721,-0.1099999994039535,0.7400000095367432,-0.0,-0.5400000214576721,0.1099999994039535,-0.7400000095367432,0.0,-0.1890000075101852,0.0384999997913837,-0.2590000033378601,0.0,0.0,0.0,0.0,0.0,-1,1,-1,1,0,0,0,0,0,0,0,0,33.09993362426758
1784751771.8895168,0.0,0.0,0.0,0.0,0.0,0,0.0,0.0,0.0,0.0,0.5400000214576721,-0.1099999994039535,0.7400000095367432,-0.0,-0.5400000214576721,0.1099999994039535,-0.7400000095367432,0.0,-0.1890000075101852,0.0384999997913837,-0.2590000033378601,0.0,0.0,0.0,0.0,0.0,-1,1,-1,1,0,0,0,0,0,0,0,0,33.11977982521057
1784751771.9095263,0.0,0.0,0.0,0.0,0.0,0,0.0,0.0,0.0,0.0,0.5400000214576721,-0.1099999994039535,0.7400000095367432,-0.0,-0.5400000214576721,0.1099999994039535,-0.7400000095367432,0.0,-0.1890000075101852,0.0384999997913837,-0.2590000033378601,0.0,0.0,0.0,0.0,0.0,-1,1,-1,1,0,0,0,0,0,0,0,0,33.13978934288025
1784751771.9294868,0.0,0.0,0.0,0.0,0.0,0,0.0,0.0,0.0,0.0,0.3799999952316284,-0.0799999982118606,0.5199999809265137,-0.0,-0.3799999952316284,0.0799999982118606,-0.5199999809265137,0.0,-0.1329999983310699,0.0279999993741512,-0.1819999933242797,0.0,0.0,0.0,0.0,0.0,-1,1,-1,1,0,0,0,0,0,0,0,0,33.15974974632263
1784751771.9495237,25.811207247803477,0.0,0.12,25.811207247803477,0.0,0,17.809058289701976,-2.641127628813561,17.809058289701976,-2.641127628813561,0.3799999952316284,-0.0799999982118606,0.5199999809265137,-0.0,17.429058294470348,-2.561127630601701,17.289058308775463,-2.641127628813561,6.100170403064621,-0.8963946707105951,6.051170408071411,-0.9243946700847464,0.1568615246502331,-0.0230501486754153,0.1556015247789791,-0.023770148659322,-1,1,-1,1,-14,-13,-14,-13,-20,-14,-20,-14,33.179786682128906
1784751771.969808,25.811207247803477,0.0,0.12,25.811207247803477,0.0,0,17.809058289701976,-2.641127628813561,17.809058289701976,-2.641127628813561,0.270000010728836,-0.050000000745058,0.3600000143051147,-0.0,17.53905827897314,-2.591127628068503,17.44905827539686,-2.641127628813561,6.138670397640599,-0.906894669823976,6.107170396388901,-0.9243946700847464,0.3147130491609914,-0.0463702973280318,0.3126430492575509,-0.0475402973186441,-1,1,-1,1,-14,-13,-14,-13,-20,-14,-20,-14,33.20007109642029
1784751771.989518,0.0,0.0,0.0,0.0,0.0,0,0.0,0.0,0.0,0.0,0.270000010728836,-0.050000000745058,0.3600000143051147,-0.0,-0.270000010728836,0.050000000745058,-0.3600000143051147,0.0,-0.0945000037550926,0.0175000002607703,-0.1260000050067901,0.0,0.0,0.0,0.0,0.0,-1,1,-1,1,0,0,0,0,0,0,0,0,33.219780921936035
1784751772.0095117,0.0,0.0,0.0,0.0,0.0,0,0.0,0.0,0.0,0.0,0.270000010728836,-0.050000000745058,0.3600000143051147,-0.0,-0.270000010728836,0.050000000745058,-0.3600000143051147,0.0,-0.0945000037550926,0.0175000002607703,-0.1260000050067901,0.0,0.0,0.0,0.0,0.0,-1,1,-1,1,0,0,0,0,0,0,0,0,33.23977470397949
1784751772.0294964,0.0,0.0,0.0,0.0,0.0,0,0.0,0.0,0.0,0.0,0.6399999856948853,-0.0399999991059303,0.4799999892711639,-0.0,-0.6399999856948853,0.0399999991059303,-0.4799999892711639,0.0,-0.2239999949932098,0.0139999996870756,-0.1679999962449073,0.0,0.0,0.0,0.0,0.0,-1,1,-1,1,0,0,0,0,0,0,0,0,33.25975942611694
1784751772.0495603,0.0,0.0,0.0,0.0,0.0,0,0.0,0.0,0.0,0.0,0.6399999856948853,-0.0399999991059303,0.4799999892711639,-0.0,-0.6399999856948853,0.0399999991059303,-0.4799999892711639,0.0,-0.2239999949932098,0.0139999996870756,-0.1679999962449073,0.0,0.0,0.0,0.0,0.0,-1,1,-1,1,0,0,0,0,0,0,0,0,33.279823303222656
1784751772.0696952,0.0,0.0,0.0,0.0,0.0,0,0.0,0.0,0.0,0.0,0.449999988079071,-0.0299999993294477,0.3400000035762787,-0.0,-0.449999988079071,0.0299999993294477,-0.3400000035762787,0.0,-0.1574999958276748,0.0104999997653067,-0.1190000012516975,0.0,0.0,0.0,0.0,0.0,-1,1,-1,1,0,0,0,0,0,0,0,0,33.29995822906494
1784751772.0895102,0.0,0.0,0.0,0.0,0.0,0,0.0,0.0,0.0,0.0,0.449999988079071,-0.0299999993294477,0.3400000035762787,-0.0,-0.449999988079071,0.0299999993294477,-0.3400000035762787,0.0,-0.1574999958276748,0.0104999997653067,-0.1190000012516975,0.0,0.0,0.0,0.0,0.0,-1,1,-1,1,0,0,0,0,0,0,0,0,33.31977319717407
1784751772.1095324,25.811207247803477,0.0,0.12,25.811207247803477,0.0,0,17.809058289701976,-2.641127628813561,17.809058289701976,-2.641127628813561,0.449999988079071,-0.0299999993294477,0.3400000035762787,-0.0,17.359058301622905,-2.611127629484113,17.469058286125698,-2.641127628813561,6.075670405568016,-0.9138946703194396,6.114170400143994,-0.9243946700847464,0.1562315247146061,-0.023500148665357,0.1572215245751313,-0.023770148659322,-1,1,-1,1,-14,-13,-14,-13,-20,-14,-20,-14,33.33979535102844
1784751772.1295223,25.811207247803477,0.0,0.12,25.811207247803477,0.0,0,17.809058289701976,-2.641127628813561,17.809058289701976,-2.641127628813561,0.3100000023841858,-0.0199999995529651,0.2300000041723251,-0.0,17.49905828731779,-2.621127629260596,17.57905828552965,-2.641127628813561,6.124670400561226,-0.9173946702412086,6.152670399935378,-0.9243946700847464,0.3137230493004663,-0.0470902973287023,0.3154330491448981,-0.0475402973186441,-1,1,-1,1,-14,-13,-14,-13,-20,-14,-20,-14,33.359785318374634
1784751772.1494987,0.0,0.0,0.0,0.0,0.0,0,0.0,0.0,0.0,0.0,0.3100000023841858,-0.0199999995529651,0.2300000041723251,-0.0,-0.3100000023841858,0.0199999995529651,-0.2300000041723251,0.0,-0.108500000834465,0.0069999998435378,-0.0805000014603137,0.0,0.0,0.0,0.0,0.0,-1,1,-1,1,0,0,0,0,0,0,0,0,33.379761695861816
1784751772.1695564,0.0,0.0,0.0,0.0,0.0,0,0.0,0.0,0.0,0.0,0.449999988079071,-0.2399999946355819,0.3899999856948852,-0.0,-0.449999988079071,0.2399999946355819,-0.3899999856948852,0.0,-0.1574999958276748,0.0839999981224536,-0.1364999949932098,0.0,0.0,0.0,0.0,0.0,-1,1,-1,1,0,0,0,0,0,0,0,0,33.39981937408447
1784751772.189499,0.0,0.0,0.0,0.0,0.0,0,0.0,0.0,0.0,0.0,0.449999988079071,-0.2399999946355819,0.3899999856948852,-0.0,-0.449999988079071,0.2399999946355819,-0.3899999856948852,0.0,-0.1574999958276748,0.0839999981224536,-0.1364999949932098,0.0,0.0,0.0,0.0,0.0,-1,1,-1,1,0,0,0,0,0,0,0,0,33.41976189613342
1784751772.2094986,0.0,0.0,0.0,0.0,0.0,0,0.0,0.0,0.0,0.0,0.449999988079071,-0.2399999946355819,0.3899999856948852,-0.0,-0.449999988079071,0.2399999946355819,-0.3899999856948852,0.0,-0.1574999958276748,0.0839999981224536,-0.1364999949932098,0.0,0.0,0.0,0.0,0.0,-1,1,-1,1,0,0,0,0,0,0,0,0,33.43976163864136
1784751772.2294972,0.0,0.0,0.0,0.0,0.0,0,0.0,0.0,0.0,0.0,0.3100000023841858,-0.1700000017881393,0.270000010728836,-0.0,-0.3100000023841858,0.1700000017881393,-0.270000010728836,0.0,-0.108500000834465,0.0595000006258487,-0.0945000037550926,0.0,0.0,0.0,0.0,0.0,-1,1,-1,1,0,0,0,0,0,0,0,0,33.4597601890564
1784751772.2494962,0.0,0.0,0.0,0.0,0.0,0,0.0,0.0,0.0,0.0,0.3100000023841858,-0.1700000017881393,0.270000010728836,-0.0,-0.3100000023841858,0.1700000017881393,-0.270000010728836,0.0,-0.108500000834465,0.0595000006258487,-0.0945000037550926,0.0,0.0,0.0,0.0,0.0,-1,1,-1,1,0,0,0,0,0,0,0,0,33.479759216308594
1784751772.2696133,25.811207247803477,0.0,0.12,25.811207247803477,0.0,0,17.809058289701976,-2.641127628813561,17.809058289701976,-2.641127628813561,0.2199999988079071,-0.1199999973177909,0.1899999976158142,-0.0,17.58905829089407,-2.5211276314957702,17.619058292086162,-2.641127628813561,6.156170401812924,-0.8823946710235195,6.166670402230157,-0.9243946700847464,0.1583015246180466,-0.0226901486834619,0.1585715246287754,-0.023770148659322,-1,1,-1,1,-14,-13,-14,-13,-20,-14,-20,-14,33.499876260757446
1784751772.2895184,25.811207247803477,0.0,0.12,25.811207247803477,0.0,0,17.809058289701976,-2.641127628813561,17.809058289701976,-2.641127628813561,0.2199999988079071,-0.1199999973177909,0.1899999976158142,-0.0,17.58905829089407,-2.5211276314957702,17.619058292086162,-2.641127628813561,6.156170401812924,-0.8823946710235195,6.166670402230157,-0.9243946700847464,0.3166030492360932,-0.0453802973669238,0.3171430492575509,-0.0475402973186441,-1,1,-1,1,-14,-13,-14,-13,-20,-14,-20,-14,33.51978135108948
1784751772.3094964,0.0,0.0,0.0,0.0,0.0,0,0.0,0.0,0.0,0.0,0.2199999988079071,-0.1199999973177909,0.1899999976158142,-0.0,-0.2199999988079071,0.1199999973177909,-0.1899999976158142,0.0,-0.0769999995827674,0.0419999990612268,-0.0664999991655349,0.0,0.0,0.0,0.0,0.0,-1,1,-1,1,0,0,0,0,0,0,0,0,33.539759397506714
1784751772.329494,0.0,0.0,0.0,0.0,0.0,0,0.0,0.0,0.0,0.0,0.3799999952316284,-0.0799999982118606,0.3600000143051147,-0.0,-0.3799999952316284,0.0799999982118606,-0.3600000143051147,0.0,-0.1329999983310699,0.0279999993741512,-0.1260000050067901,0.0,0.0,0.0,0.0,0.0,-1,1,-1,1,0,0,0,0,0,0,0,0,33.55975699424744
1784751772.3494916,0.0,0.0,0.0,0.0,0.0,0,0.0,0.0,0.0,0.0,0.3799999952316284,-0.0799999982118606,0.3600000143051147,-0.0,-0.3799999952316284,0.0799999982118606,-0.3600000143051147,0.0,-0.1329999983310699,0.0279999993741512,-0.1260000050067901,0.0,0.0,0.0,0.0,0.0,-1,1,-1,1,0,0,0,0,0,0,0,0,33.57975459098816
1784751772.3695655,0.0,0.0,0.0,0.0,0.0,0,0.0,0.0,0.0,0.0,0.4900000095367431,-0.0599999986588954,0.25,-0.0,-0.4900000095367431,0.0599999986588954,-0.25,0.0,-0.17150000333786,0.0209999995306134,-0.0875,0.0,0.0,0.0,0.0,0.0,-1,1,-1,1,0,0,0,0,0,0,0,0,33.599828481674194
1784751772.3894804,0.0,0.0,0.0,0.0,0.0,0,0.0,0.0,0.0,0.0,0.4900000095367431,-0.0599999986588954,0.25,-0.0,-0.4900000095367431,0.0599999986588954,-0.25,0.0,-0.17150000333786,0.0209999995306134,-0.0875,0.0,0.0,0.0,0.0,0.0,-1,1,-1,1,0,0,0,0,0,0,0,0,33.61974334716797
1784751772.4095592,0.0,0.0,0.0,0.0,0.0,0,0.0,0.0,0.0,0.0,0.4900000095367431,-0.0599999986588954,0.25,-0.0,-0.4900000095367431,0.0599999986588954,-0.25,0.0,-0.17150000333786,0.0209999995306134,-0.0875,0.0,0.0,0.0,0.0,0.0,-1,1,-1,1,0,0,0,0,0,0,0,0,33.639822244644165
1784751772.4294834,25.811207247803477,0.0,0.12,25.811207247803477,0.0,0,17.809058289701976,-2.641127628813561,17.809058289701976,-2.641127628813561,0.3400000035762787,-0.0399999991059303,0.1800000071525573,-0.0,17.469058286125698,-2.601127629707631,17.62905828254942,-2.641127628813561,6.114170400143994,-0.9103946703976707,6.170170398892297,-0.9243946700847464,0.1572215245751313,-0.0234101486673686,0.1586615245429447,-0.023770148659322,-1,1,-1,1,-14,-13,-14,-13,-20,-14,-20,-14,33.659746408462524
1784751772.4495108,25.811207247803477,0.0,0.12,25.811207247803477,0.0,0,17.809058289701976,-2.641127628813561,17.809058289701976,-2.641127628813561,0.3400000035762787,-0.0399999991059303,0.1800000071525573,-0.0,17.469058286125698,-2.601127629707631,17.62905828254942,-2.641127628813561,6.114170400143994,-0.9103946703976707,6.170170398892297,-0.9243946700847464,0.3144430491502626,-0.0468202973347373,0.3173230490858895,-0.0475402973186441,-1,1,-1,1,-14,-13,-14,-13,-20,-14,-20,-14,33.679773807525635
1784751772.469542,0.0,0.0,0.0,0.0,0.0,0,0.0,0.0,0.0,0.0,0.4699999988079071,-0.0299999993294477,0.3499999940395355,-0.0,-0.4699999988079071,0.0299999993294477,-0.3499999940395355,0.0,-0.1644999995827674,0.0104999997653067,-0.1224999979138374,0.0,0.0,0.0,0.0,0.0,-1,1,-1,1,0,0,0,0,0,0,0,0,33.69980502128601
1784751772.489485,0.0,0.0,0.0,0.0,0.0,0,0.0,0.0,0.0,0.0,0.4699999988079071,-0.0299999993294477,0.3499999940395355,-0.0,-0.4699999988079071,0.0299999993294477,-0.3499999940395355,0.0,-0.1644999995827674,0.0104999997653067,-0.1224999979138374,0.0,0.0,0.0,0.0,0.0,-1,1,-1,1,0,0,0,0,0,0,0,0,33.71974802017212
1784751772.5094872,0.0,0.0,0.0,0.0,0.0,0,0.0,0.0,0.0,0.0,0.4699999988079071,-0.0299999993294477,0.3499999940395355,-0.0,-0.4699999988079071,0.0299999993294477,-0.3499999940395355,0.0,-0.1644999995827674,0.0104999997653067,-0.1224999979138374,0.0,0.0,0.0,0.0,0.0,-1,1,-1,1,0,0,0,0,0,0,0,0,33.739750146865845
1784751772.529475,0.0,0.0,0.0,0.0,0.0,0,0.0,0.0,0.0,0.0,0.550000011920929,-0.25,0.4699999988079071,-0.0,-0.550000011920929,0.25,-0.4699999988079071,0.0,-0.1925000041723251,0.0875,-0.1644999995827674,0.0,0.0,0.0,0.0,0.0,-1,1,-1,1,0,0,0,0,0,0,0,0,33.759737968444824
1784751772.5494802,0.0,0.0,0.0,0.0,0.0,0,0.0,0.0,0.0,0.0,0.550000011920929,-0.25,0.4699999988079071,-0.0,-0.550000011920929,0.25,-0.4699999988079071,0.0,-0.1925000041723251,0.0875,-0.1644999995827674,0.0,0.0,0.0,0.0,0.0,-1,1,-1,1,0,0,0,0,0,0,0,0,33.77974319458008
1784751772.5695553,0.0,0.0,0.0,0.0,0.0,0,0.0,0.0,0.0,0.0,0.3899999856948852,-0.1700000017881393,0.3300000131130218,-0.0,-0.3899999856948852,0.1700000017881393,-0.3300000131130218,0.0,-0.1364999949932098,0.0595000006258487,-0.1155000045895576,0.0,0.0,0.0,0.0,0.0,-1,1,-1,1,0,0,0,0,0,0,0,0,33.79981827735901
1784751772.589507,25.811207247803477,0.0,0.12,25.811207247803477,0.0,0,17.809058289701976,-2.641127628813561,17.809058289701976,-2.641127628813561,0.3899999856948852,-0.1700000017881393,0.3300000131130218,-0.0,17.41905830400709,-2.471127627025422,17.479058276588955,-2.641127628813561,6.096670406402482,-0.8648946694588976,6.117670396806134,-0.9243946700847464,0.1567715247360638,-0.0222401486432287,0.1573115244893006,-0.023770148659322,-1,1,-1,1,-14,-13,-14,-13,-20,-14,-20,-14,33.819770097732544
1784751772.6095316,25.811207247803477,0.0,0.12,25.811207247803477,0.0,0,17.809058289701976,-2.641127628813561,17.809058289701976,-2.641127628813561,0.3899999856948852,-0.1700000017881393,0.3300000131130218,-0.0,17.41905830400709,-2.471127627025422,17.479058276588955,-2.641127628813561,6.096670406402482,-0.8648946694588976,6.117670396806134,-0.9243946700847464,0.3135430494721276,-0.0444802972864575,0.3146230489786012,-0.0475402973186441,-1,1,-1,1,-14,-13,-14,-13,-20,-14,-20,-14,33.839794635772705
1784751772.6294951,0.0,0.0,0.0,0.0,0.0,0,0.0,0.0,0.0,0.0,0.270000010728836,-0.1199999973177909,0.2300000041723251,-0.0,-0.270000010728836,0.1199999973177909,-0.2300000041723251,0.0,-0.0945000037550926,0.0419999990612268,-0.0805000014603137,0.0,0.0,0.0,0.0,0.0,-1,1,-1,1,0,0,0,0,0,0,0,0,33.859758138656616
1784751772.6494942,0.0,0.0,0.0,0.0,0.0,0,0.0,0.0,0.0,0.0,0.270000010728836,-0.1199999973177909,0.2300000041723251,-0.0,-0.270000010728836,0.1199999973177909,-0.2300000041723251,0.0,-0.0945000037550926,0.0419999990612268,-0.0805000014603137,0.0,0.0,0.0,0.0,0.0,-1,1,-1,1,0,0,0,0,0,0,0,0,33.87975716590881
1784751772.6699753,0.0,0.0,0.0,0.0,0.0,0,0.0,0.0,0.0,0.0,0.4199999868869781,-0.0799999982118606,0.3899999856948852,-0.0,-0.4199999868869781,0.0799999982118606,-0.3899999856948852,0.0,-0.1469999954104423,0.0279999993741512,-0.1364999949932098,0.0,0.0,0.0,0.0,0.0,-1,1,-1,1,0,0,0,0,0,0,0,0,33.900238275527954
1784751772.6894834,0.0,0.0,0.0,0.0,0.0,0,0.0,0.0,0.0,0.0,0.4199999868869781,-0.0799999982118606,0.3899999856948852,-0.0,-0.4199999868869781,0.0799999982118606,-0.3899999856948852,0.0,-0.1469999954104423,0.0279999993741512,-0.1364999949932098,0.0,0.0,0.0,0.0,0.0,-1,1,-1,1,0,0,0,0,0,0,0,0,33.91974639892578
1784751772.71015,0.0,0.0,0.0,0.0,0.0,0,0.0,0.0,0.0,0.0,0.4199999868869781,-0.0799999982118606,0.3899999856948852,-0.0,-0.4199999868869781,0.0799999982118606,-0.3899999856948852,0.0,-0.1469999954104423,0.0279999993741512,-0.1364999949932098,0.0,0.0,0.0,0.0,0.0,-1,1,-1,1,0,0,0,0,0,0,0,0,33.94041299819946
1784751772.7295036,0.0,0.0,0.0,0.0,0.0,0,0.0,0.0,0.0,0.0,0.2899999916553497,-0.0599999986588954,0.270000010728836,-0.0,-0.2899999916553497,0.0599999986588954,-0.270000010728836,0.0,-0.1014999970793724,0.0209999995306134,-0.0945000037550926,0.0,0.0,0.0,0.0,0.0,-1,1,-1,1,0,0,0,0,0,0,0,0,33.95976662635803
1784751772.7495272,25.811207247803477,0.0,0.12,25.811207247803477,0.0,0,17.809058289701976,-2.641127628813561,17.809058289701976,-2.641127628813561,0.2899999916553497,-0.0599999986588954,0.270000010728836,-0.0,17.519058298046627,-2.5811276301546657,17.53905827897314,-2.641127628813561,6.131670404316319,-0.9033946705541328,6.138670397640599,-0.9243946700847464,0.1576715246824196,-0.0232301486713919,0.1578515245107583,-0.023770148659322,-1,1,-1,1,-14,-13,-14,-13,-20,-14,-20,-14,33.97979021072388
1784751772.7697947,25.811207247803477,0.0,0.12,25.811207247803477,0.0,0,17.809058289701976,-2.641127628813561,17.809058289701976,-2.641127628813561,0.2000000029802322,-0.0399999991059303,0.1899999976158142,-0.0,17.609058286721744,-2.601127629707631,17.619058292086162,-2.641127628813561,6.16317040035261,-0.9103946703976707,6.166670402230157,-0.9243946700847464,0.3161530492629153,-0.0466402973387606,0.3164230491395338,-0.0475402973186441,-1,1,-1,1,-14,-13,-14,-13,-20,-14,-20,-14,34.00005769729614
1784751772.7895224,0.0,0.0,0.0,0.0,0.0,0,0.0,0.0,0.0,0.0,0.2000000029802322,-0.0399999991059303,0.1899999976158142,-0.0,-0.2000000029802322,0.0399999991059303,-0.1899999976158142,0.0,-0.0700000010430812,0.0139999996870756,-0.0664999991655349,0.0,0.0,0.0,0.0,0.0,-1,1,-1,1,0,0,0,0,0,0,0,0,34.01978540420532
1784751772.809511,0.0,0.0,0.0,0.0,0.0,0,0.0,0.0,0.0,0.0,0.2000000029802322,-0.0399999991059303,0.1899999976158142,-0.0,-0.2000000029802322,0.0399999991059303,-0.1899999976158142,0.0,-0.0700000010430812,0.0139999996870756,-0.0664999991655349,0.0,0.0,0.0,0.0,0.0,-1,1,-1,1,0,0,0,0,0,0,0,0,34.03977394104004
1784751772.8294933,0.0,0.0,0.0,0.0,0.0,0,0.0,0.0,0.0,0.0,0.3700000047683716,-0.0299999993294477,0.1299999952316284,-0.0,-0.3700000047683716,0.0299999993294477,-0.1299999952316284,0.0,-0.12950000166893,0.0104999997653067,-0.0454999983310699,0.0,0.0,0.0,0.0,0.0,-1,1,-1,1,0,0,0,0,0,0,0,0,34.0597562789917
1784751772.8495216,0.0,0.0,0.0,0.0,0.0,0,0.0,0.0,0.0,0.0,0.3700000047683716,-0.0299999993294477,0.1299999952316284,-0.0,-0.3700000047683716,0.0299999993294477,-0.1299999952316284,0.0,-0.12950000166893,0.0104999997653067,-0.0454999983310699,0.0,0.0,0.0,0.0,0.0,-1,1,-1,1,0,0,0,0,0,0,0,0,34.079784631729126
1784751772.86957,0.0,0.0,0.0,0.0,0.0,0,0.0,0.0,0.0,0.0,0.2599999904632568,-0.0199999995529651,0.0900000035762786,-0.0,-0.2599999904632568,0.0199999995529651,-0.0900000035762786,0.0,-0.0909999966621398,0.0069999998435378,-0.0315000012516975,0.0,0.0,0.0,0.0,0.0,-1,1,-1,1,0,0,0,0,0,0,0,0,34.0998330116272
1784751772.8895166,0.0,0.0,0.0,0.0,0.0,0,0.0,0.0,0.0,0.0,0.2599999904632568,-0.0199999995529651,0.0900000035762786,-0.0,-0.2599999904632568,0.0199999995529651,-0.0900000035762786,0.0,-0.0909999966621398,0.0069999998435378,-0.0315000012516975,0.0,0.0,0.0,0.0,0.0,-1,1,-1,1,0,0,0,0,0,0,0,0,34.11977958679199
1784751772.9096537,25.811207247803477,0.0,0.12,25.811207247803477,0.0,0,17.809058289701976,-2.641127628813561,17.809058289701976,-2.641127628813561,0.2599999904632568,-0.0199999995529651,0.0900000035762786,-0.0,17.54905829923872,-2.621127629260596,17.719058286125698,-2.641127628813561,6.142170404733552,-0.9173946702412086,6.2016704001439935,-0.9243946700847464,0.1579415246931484,-0.0235901486633453,0.1594715245751312,-0.023770148659322,-1,1,-1,1,-14,-13,-14,-13,-20,-14,-20,-14,34.13991665840149
1784751772.929634,25.811207247803477,0.0,0.12,25.811207247803477,0.0,0,17.809058289701976,-2.641127628813561,17.809058289701976,-2.641127628813561,0.1800000071525573,-0.0099999997764825,0.0700000002980232,-0.0,17.62905828254942,-2.631127629037078,17.739058289403953,-2.641127628813561,6.170170398892297,-0.9208946701629774,6.208670401291383,-0.9243946700847464,0.3166030492360933,-0.047270297324679,0.3191230491797668,-0.0475402973186441,-1,1,-1,1,-14,-13,-14,-13,-20,-14,-21,-14,34.15989708900452
1784751772.9494915,0.0,0.0,0.0,0.0,0.0,0,0.0,0.0,0.0,0.0,0.1800000071525573,-0.0099999997764825,0.0700000002980232,-0.0,-0.1800000071525573,0.0099999997764825,-0.0700000002980232,0.0,-0.063000002503395,0.0034999999217689,-0.0245000001043081,0.0,0.0,0.0,0.0,0.0,-1,1,-1,1,0,0,0,0,0,0,0,0,34.17975449562073
1784751772.9697118,0.0,0.0,0.0,0.0,0.0,0,0.0,0.0,0.0,0.0,0.3499999940395355,-0.0099999997764825,0.5,-0.0,-0.3499999940395355,0.0099999997764825,-0.5,0.0,-0.1224999979138374,0.0034999999217689,-0.175,0.0,0.0,0.0,0.0,0.0,-1,1,-1,1,0,0,0,0,0,0,0,0,34.19997477531433
1784751772.9894884,0.0,0.0,0.0,0.0,0.0,0,0.0,0.0,0.0,0.0,0.3499999940395355,-0.0099999997764825,0.5,-0.0,-0.3499999940395355,0.0099999997764825,-0.5,0.0,-0.1224999979138374,0.0034999999217689,-0.175,0.0,0.0,0.0,0.0,0.0,-1,1,-1,1,0,0,0,0,0,0,0,0,34.21975135803223
1784751773.0096433,0.0,0.0,0.0,0.0,0.0,0,0.0,0.0,0.0,0.0,0.3499999940395355,-0.0099999997764825,0.5,-0.0,-0.3499999940395355,0.0099999997764825,-0.5,0.0,-0.1224999979138374,0.0034999999217689,-0.175,0.0,0.0,0.0,0.0,0.0,-1,1,-1,1,0,0,0,0,0,0,0,0,34.239906311035156
1784751773.0294783,0.0,0.0,0.0,0.0,0.0,0,0.0,0.0,0.0,0.0,0.25,-0.0099999997764825,0.3499999940395355,-0.0,-0.25,0.0099999997764825,-0.3499999940395355,0.0,-0.0875,0.0034999999217689,-0.1224999979138374,0.0,0.0,0.0,0.0,0.0,-1,1,-1,1,0,0,0,0,0,0,0,0,34.25974130630493
1784751773.049477,0.0,0.0,0.0,0.0,0.0,0,0.0,0.0,0.0,0.0,0.25,-0.0099999997764825,0.3499999940395355,-0.0,-0.25,0.0099999997764825,-0.3499999940395355,0.0,-0.0875,0.0034999999217689,-0.1224999979138374,0.0,0.0,0.0,0.0,0.0,-1,1,-1,1,0,0,0,0,0,0,0,0,34.27974009513855
1784751773.0696034,25.811207247803477,0.0,0.12,25.811207247803477,0.0,0,17.809058289701976,-2.641127628813561,17.809058289701976,-2.641127628813561,0.1700000017881393,-0.0,0.2399999946355819,-0.0,17.639058287913837,-2.641127628813561,17.569058295066394,-2.641127628813561,6.173670400769843,-0.9243946700847464,6.149170403273238,-0.9243946700847464,0.1587515245912245,-0.023770148659322,0.1581215246555975,-0.023770148659322,-1,1,-1,1,-14,-13,-14,-13,-20,-14,-20,-14,34.29986643791199
1784751773.0895016,25.811207247803477,0.0,0.12,25.811207247803477,0.0,0,17.809058289701976,-2.641127628813561,17.809058289701976,-2.641127628813561,0.1700000017881393,-0.0,0.2399999946355819,-0.0,17.639058287913837,-2.641127628813561,17.569058295066394,-2.641127628813561,6.173670400769843,-0.9243946700847464,6.149170403273238,-0.9243946700847464,0.3175030491824491,-0.0475402973186441,0.3162430493111951,-0.0475402973186441,-1,1,-1,1,-14,-13,-14,-13,-20,-14,-20,-14,34.319764614105225
1784751773.109709,0.0,0.0,0.0,0.0,0.0,0,0.0,0.0,0.0,0.0,0.1700000017881393,-0.0,0.2399999946355819,-0.0,-0.1700000017881393,0.0,-0.2399999946355819,0.0,-0.0595000006258487,0.0,-0.0839999981224536,0.0,0.0,0.0,0.0,0.0,-1,1,-1,1,0,0,0,0,0,0,0,0,34.33997201919556
1784751773.1294818,0.0,0.0,0.0,0.0,0.0,0,0.0,0.0,0.0,0.0,0.3499999940395355,-0.0,0.4000000059604645,-0.0,-0.3499999940395355,0.0,-0.4000000059604645,0.0,-0.1224999979138374,0.0,-0.1400000020861625,0.0,0.0,0.0,0.0,0.0,-1,1,-1,1,0,0,0,0,0,0,0,0,34.35974478721619
1784751773.1496727,0.0,0.0,0.0,0.0,0.0,0,0.0,0.0,0.0,0.0,0.3499999940395355,-0.0,0.4000000059604645,-0.0,-0.3499999940395355,0.0,-0.4000000059604645,0.0,-0.1224999979138374,0.0,-0.1400000020861625,0.0,0.0,0.0,0.0,0.0,-1,1,-1,1,0,0,0,0,0,0,0,0,34.37993574142456
1784751773.1697097,0.0,0.0,0.0,0.0,0.0,0,0.0,0.0,0.0,0.0,0.2399999946355819,-0.0,0.2800000011920929,-0.0,-0.2399999946355819,0.0,-0.2800000011920929,0.0,-0.0839999981224536,0.0,-0.0980000004172325,0.0,0.0,0.0,0.0,0.0,-1,1,-1,1,0,0,0,0,0,0,0,0,34.399972677230835
1784751773.1894991,0.0,0.0,0.0,0.0,0.0,0,0.0,0.0,0.0,0.0,0.2399999946355819,-0.0,0.2800000011920929,-0.0,-0.2399999946355819,0.0,-0.2800000011920929,0.0,-0.0839999981224536,0.0,-0.0980000004172325,0.0,0.0,0.0,0.0,0.0,-1,1,-1,1,0,0,0,0,0,0,0,0,34.419762134552
1784751773.209502,0.0,0.0,0.0,0.0,0.0,0,0.0,0.0,0.0,0.0,0.2399999946355819,-0.0,0.2800000011920929,-0.0,-0.2399999946355819,0.0,-0.2800000011920929,0.0,-0.0839999981224536,0.0,-0.0980000004172325,0.0,0.0,0.0,0.0,0.0,-1,1,-1,1,0,0,0,0,0,0,0,0,34.439764976501465
1784751773.229784,0.0,0.0,0.0,0.0,0.0,0,0.0,0.0,0.0,0.0,-0.0599999986588954,-0.0,0.1899999976158142,-0.0,0.0599999986588954,0.0,-0.1899999976158142,0.0,0.0209999995306134,0.0,-0.0664999991655349,0.0,0.0,0.0,0.0,0.0,-1,1,-1,1,0,0,0,0,0,0,0,0,34.460047006607056
1784751773.249684,25.811207247803477,0.0,0.12,25.811207247803477,0.0,0,17.809058289701976,-2.641127628813561,17.809058289701976,-2.641127628813561,-0.0599999986588954,-0.0,0.1899999976158142,-0.0,17.869058288360872,-2.641127628813561,17.619058292086162,-2.641127628813561,6.254170400926305,-0.9243946700847464,6.166670402230157,-0.9243946700847464,0.1608215245952478,-0.023770148659322,0.1585715246287754,-0.023770148659322,-1,1,-1,1,-14,-13,-14,-13,-20,-14,-20,-14,34.479947090148926
1784751773.26975,25.811207247803477,0.0,0.12,25.811207247803477,0.0,0,17.809058289701976,-2.641127628813561,17.809058289701976,-2.641127628813561,0.1899999976158142,-0.0,0.1400000005960464,-0.0,17.619058292086162,-2.641127628813561,17.66905828910593,-2.641127628813561,6.166670402230157,-0.9243946700847464,6.184170401187076,-0.9243946700847464,0.3193930492240233,-0.0475402973186441,0.3175930492307288,-0.0475402973186441,-1,1,-1,1,-14,-13,-14,-13,-20,-14,-21,-14,34.50001311302185
1784751773.2895055,0.0,0.0,0.0,0.0,0.0,0,0.0,0.0,0.0,0.0,0.1899999976158142,-0.0,0.1400000005960464,-0.0,-0.1899999976158142,0.0,-0.1400000005960464,0.0,-0.0664999991655349,0.0,-0.0490000002086162,0.0,0.0,0.0,0.0,0.0,-1,1,-1,1,0,0,0,0,0,0,0,0,34.519768476486206
1784751773.3095033,0.0,0.0,0.0,0.0,0.0,0,0.0,0.0,0.0,0.0,0.1899999976158142,-0.0,0.1400000005960464,-0.0,-0.1899999976158142,0.0,-0.1400000005960464,0.0,-0.0664999991655349,0.0,-0.0490000002086162,0.0,0.0,0.0,0.0,0.0,-1,1,-1,1,0,0,0,0,0,0,0,0,34.53976631164551
1784751773.3294723,0.0,0.0,0.0,0.0,0.0,0,0.0,0.0,0.0,0.0,0.3600000143051147,-0.0,0.3199999928474426,-0.2300000041723251,-0.3600000143051147,0.0,-0.3199999928474426,0.2300000041723251,-0.1260000050067901,0.0,-0.1119999974966049,0.0805000014603137,0.0,0.0,0.0,0.0,-1,1,-1,1,0,0,0,0,0,0,0,0,34.55973529815674
1784751773.3496668,0.0,0.0,0.0,0.0,0.0,0,0.0,0.0,0.0,0.0,0.3600000143051147,-0.0,0.3199999928474426,-0.2300000041723251,-0.3600000143051147,0.0,-0.3199999928474426,0.2300000041723251,-0.1260000050067901,0.0,-0.1119999974966049,0.0805000014603137,0.0,0.0,0.0,0.0,-1,1,-1,1,0,0,0,0,0,0,0,0,34.5799298286438
1784751773.3697002,0.0,0.0,0.0,0.0,0.0,0,0.0,0.0,0.0,0.0,0.25,-0.0,0.2300000041723251,-0.1599999964237213,-0.25,0.0,-0.2300000041723251,0.1599999964237213,-0.0875,0.0,-0.0805000014603137,0.0559999987483024,0.0,0.0,0.0,0.0,-1,1,-1,1,0,0,0,0,0,0,0,0,34.59996318817139
1784751773.3895164,0.0,0.0,0.0,0.0,0.0,0,0.0,0.0,0.0,0.0,0.25,-0.0,0.2300000041723251,-0.1599999964237213,-0.25,0.0,-0.2300000041723251,0.1599999964237213,-0.0875,0.0,-0.0805000014603137,0.0559999987483024,0.0,0.0,0.0,0.0,-1,1,-1,1,0,0,0,0,0,0,0,0,34.61977934837341
1784751773.409519,25.811207247803477,0.0,0.12,25.811207247803477,0.0,0,17.809058289701976,-2.641127628813561,17.809058289701976,-2.641127628813561,0.25,-0.0,0.2300000041723251,-0.1599999964237213,17.559058289701976,-2.641127628813561,17.57905828552965,-2.48112763238984,6.145670401395692,-0.9243946700847464,6.152670399935378,-0.8683946713364439,0.1580315246073177,-0.023770148659322,0.1582115245697668,-0.0223301486915085,-1,1,-1,1,-14,-13,-14,-13,-20,-14,-20,-14,34.6397819519043
1784751773.4295163,25.811207247803477,0.0,0.12,25.811207247803477,0.0,0,17.809058289701976,-2.641127628813561,17.809058289701976,-2.641127628813561,0.1800000071525573,-0.0,0.1599999964237213,-0.1099999994039535,17.62905828254942,-2.641127628813561,17.649058293278255,-2.531127629409608,6.170170398892297,-0.9243946700847464,6.177170402647389,-0.8858946702933627,0.3166930491502625,-0.0475402973186441,0.3170530492092711,-0.045110297356195,-1,1,-1,1,-14,-13,-14,-13,-20,-14,-20,-14,34.65977931022644
1784751773.4494982,0.0,0.0,0.0,0.0,0.0,0,0.0,0.0,0.0,0.0,0.1800000071525573,-0.0,0.1599999964237213,-0.1099999994039535,-0.1800000071525573,0.0,-0.1599999964237213,0.1099999994039535,-0.063000002503395,0.0,-0.0559999987483024,0.0384999997913837,0.0,0.0,0.0,0.0,-1,1,-1,1,0,0,0,0,0,0,0,0,34.67976117134094
1784751773.469603,0.0,0.0,0.0,0.0,0.0,0,0.0,0.0,0.0,0.0,0.3499999940395355,-0.0,0.5600000023841858,-0.0799999982118606,-0.3499999940395355,0.0,-0.5600000023841858,0.0799999982118606,-0.1224999979138374,0.0,-0.196000000834465,0.0279999993741512,0.0,0.0,0.0,0.0,-1,1,-1,1,0,0,0,0,0,0,0,0,34.69986605644226
1784751773.489493,0.0,0.0,0.0,0.0,0.0,0,0.0,0.0,0.0,0.0,0.3499999940395355,-0.0,0.5600000023841858,-0.0799999982118606,-0.3499999940395355,0.0,-0.5600000023841858,0.0799999982118606,-0.1224999979138374,0.0,-0.196000000834465,0.0279999993741512,0.0,0.0,0.0,0.0,-1,1,-1,1,0,0,0,0,0,0,0,0,34.71975588798523
1784751773.509488,0.0,0.0,0.0,0.0,0.0,0,0.0,0.0,0.0,0.0,0.3499999940395355,-0.0,0.5600000023841858,-0.0799999982118606,-0.3499999940395355,0.0,-0.5600000023841858,0.0799999982118606,-0.1224999979138374,0.0,-0.196000000834465,0.0279999993741512,0.0,0.0,0.0,0.0,-1,1,-1,1,0,0,0,0,0,0,0,0,34.73975110054016
1784751773.5295024,0.0,0.0,0.0,0.0,0.0,0,0.0,0.0,0.0,0.0,0.2399999946355819,-0.0,0.3899999856948852,-0.050000000745058,-0.2399999946355819,0.0,-0.3899999856948852,0.050000000745058,-0.0839999981224536,0.0,-0.1364999949932098,0.0175000002607703,0.0,0.0,0.0,0.0,-1,1,-1,1,0,0,0,0,0,0,0,0,34.75976538658142
1784751773.5494857,0.0,0.0,0.0,0.0,0.0,0,0.0,0.0,0.0,0.0,0.2399999946355819,-0.0,0.3899999856948852,-0.050000000745058,-0.2399999946355819,0.0,-0.3899999856948852,0.050000000745058,-0.0839999981224536,0.0,-0.1364999949932098,0.0175000002607703,0.0,0.0,0.0,0.0,-1,1,-1,1,0,0,0,0,0,0,0,0,34.7797486782074
1784751773.5696502,25.811207247803477,0.0,0.12,25.811207247803477,0.0,0,17.809058289701976,-2.641127628813561,17.809058289701976,-2.641127628813561,0.1700000017881393,-0.0,0.2800000011920929,-0.0399999991059303,17.639058287913837,-2.641127628813561,17.529058288509884,-2.601127629707631,6.173670400769843,-0.9243946700847464,6.135170400978459,-0.9103946703976707,0.1587515245912245,-0.023770148659322,0.1577615245965889,-0.0234101486673686,-1,1,-1,1,-14,-13,-14,-13,-20,-14,-20,-14,34.79991316795349
1784751773.5895193,25.811207247803477,0.0,0.12,25.811207247803477,0.0,0,17.809058289701976,-2.641127628813561,17.809058289701976,-2.641127628813561,0.1700000017881393,-0.0,0.2800000011920929,-0.0399999991059303,17.639058287913837,-2.641127628813561,17.529058288509884,-2.601127629707631,6.173670400769843,-0.9243946700847464,6.135170400978459,-0.9103946703976707,0.3175030491824491,-0.0475402973186441,0.3155230491931779,-0.0468202973347373,-1,1,-1,1,-14,-13,-14,-13,-20,-14,-20,-14,34.81978225708008
1784751773.6094892,0.0,0.0,0.0,0.0,0.0,0,0.0,0.0,0.0,0.0,0.1700000017881393,-0.0,0.2800000011920929,-0.0399999991059303,-0.1700000017881393,0.0,-0.2800000011920929,0.0399999991059303,-0.0595000006258487,0.0,-0.0980000004172325,0.0139999996870756,0.0,0.0,0.0,0.0,-1,1,-1,1,0,0,0,0,0,0,0,0,34.839752197265625
1784751773.6295257,0.0,0.0,0.0,0.0,0.0,0,0.0,0.0,0.0,0.0,0.3499999940395355,-0.0,0.4199999868869781,-0.25,-0.3499999940395355,0.0,-0.4199999868869781,0.25,-0.1224999979138374,0.0,-0.1469999954104423,0.0875,0.0,0.0,0.0,0.0,-1,1,-1,1,0,0,0,0,0,0,0,0,34.85978865623474
1784751773.6494792,0.0,0.0,0.0,0.0,0.0,0,0.0,0.0,0.0,0.0,0.3499999940395355,-0.0,0.4199999868869781,-0.25,-0.3499999940395355,0.0,-0.4199999868869781,0.25,-0.1224999979138374,0.0,-0.1469999954104423,0.0875,0.0,0.0,0.0,0.0,-1,1,-1,1,0,0,0,0,0,0,0,0,34.87974214553833
1784751773.6698184,0.0,0.0,0.0,0.0,0.0,0,0.0,0.0,0.0,0.0,0.3499999940395355,-0.0,0.4199999868869781,-0.25,-0.3499999940395355,0.0,-0.4199999868869781,0.25,-0.1224999979138374,0.0,-0.1469999954104423,0.0875,0.0,0.0,0.0,0.0,-1,1,-1,1,0,0,0,0,0,0,0,0,34.900081396102905
1784751773.6895328,0.0,0.0,0.0,0.0,0.0,0,0.0,0.0,0.0,0.0,0.2399999946355819,-0.0,0.75,-0.1800000071525573,-0.2399999946355819,0.0,-0.75,0.1800000071525573,-0.0839999981224536,0.0,-0.2624999999999999,0.063000002503395,0.0,0.0,0.0,0.0,-1,1,-1,1,0,0,0,0,0,0,0,0,34.919795751571655
1784751773.7094796,0.0,0.0,0.0,0.0,0.0,0,0.0,0.0,0.0,0.0,0.2399999946355819,-0.0,0.75,-0.1800000071525573,-0.2399999946355819,0.0,-0.75,0.1800000071525573,-0.0839999981224536,0.0,-0.2624999999999999,0.063000002503395,0.0,0.0,0.0,0.0,-1,1,-1,1,0,0,0,0,0,0,0,0,34.93974256515503
1784751773.729514,25.811207247803477,0.0,0.12,25.811207247803477,0.0,0,17.809058289701976,-2.641127628813561,17.809058289701976,-2.641127628813561,0.1700000017881393,-0.0,0.3000000119209289,-0.1199999973177909,17.639058287913837,-2.641127628813561,17.509058277781048,-2.5211276314957702,6.173670400769843,-0.9243946700847464,6.128170397223366,-0.8823946710235195,0.1587515245912245,-0.023770148659322,0.1575815245000294,-0.0226901486834619,-1,1,-1,1,-14,-13,-14,-13,-20,-14,-20,-14,34.959776878356934
1784751773.7495618,25.811207247803477,0.0,0.12,25.811207247803477,0.0,0,17.809058289701976,-2.641127628813561,17.809058289701976,-2.641127628813561,0.1700000017881393,-0.0,0.3000000119209289,-0.1199999973177909,17.639058287913837,-2.641127628813561,17.509058277781048,-2.5211276314957702,6.173670400769843,-0.9243946700847464,6.128170397223366,-0.8823946710235195,0.3175030491824491,-0.0475402973186441,0.3151630490000588,-0.0453802973669238,-1,1,-1,1,-14,-13,-14,-13,-20,-14,-20,-14,34.97982478141785
1784751773.7695606,0.0,0.0,0.0,0.0,0.0,0,0.0,0.0,0.0,0.0,0.3499999940395355,-0.0,0.4300000071525574,-0.0900000035762786,-0.3499999940395355,0.0,-0.4300000071525574,0.0900000035762786,-0.1224999979138374,0.0,-0.150500002503395,0.0315000012516975,0.0,0.0,0.0,0.0,-1,1,-1,1,0,0,0,0,0,0,0,0,34.999823570251465
1784751773.7894833,0.0,0.0,0.0,0.0,0.0,0,0.0,0.0,0.0,0.0,0.3499999940395355,-0.0,0.4300000071525574,-0.0900000035762786,-0.3499999940395355,0.0,-0.4300000071525574,0.0900000035762786,-0.1224999979138374,0.0,-0.150500002503395,0.0315000012516975,0.0,0.0,0.0,0.0,-1,1,-1,1,0,0,0,0,0,0,0,0,35.01974630355835
1784751773.8095114,0.0,0.0,0.0,0.0,0.0,0,0.0,0.0,0.0,0.0,0.3499999940395355,-0.0,0.4300000071525574,-0.0900000035762786,-0.3499999940395355,0.0,-0.4300000071525574,0.0900000035762786,-0.1224999979138374,0.0,-0.150500002503395,0.0315000012516975,0.0,0.0,0.0,0.0,-1,1,-1,1,0,0,0,0,0,0,0,0,35.0397744178772
1784751773.8294835,0.0,0.0,0.0,0.0,0.0,0,0.0,0.0,0.0,0.0,0.6899999976158142,-0.0,0.5299999713897705,-0.0599999986588954,-0.6899999976158142,0.0,-0.5299999713897705,0.0599999986588954,-0.2414999991655349,0.0,-0.1854999899864196,0.0209999995306134,0.0,0.0,0.0,0.0,-1,1,-1,1,0,0,0,0,0,0,0,0,35.059746503829956
1784751773.8498957,0.0,0.0,0.0,0.0,0.0,0,0.0,0.0,0.0,0.0,0.6899999976158142,-0.0,0.5299999713897705,-0.0599999986588954,-0.6899999976158142,0.0,-0.5299999713897705,0.0599999986588954,-0.2414999991655349,0.0,-0.1854999899864196,0.0209999995306134,0.0,0.0,0.0,0.0,-1,1,-1,1,0,0,0,0,0,0,0,0,35.080158710479736
1784751773.8696325,0.0,0.0,0.0,0.0,0.0,0,0.0,0.0,0.0,0.0,0.4900000095367431,-0.0,0.3700000047683716,-0.0399999991059303,-0.4900000095367431,0.0,-0.3700000047683716,0.0399999991059303,-0.17150000333786,0.0,-0.12950000166893,0.0139999996870756,0.0,0.0,0.0,0.0,-1,1,-1,1,0,0,0,0,0,0,0,0,35.09989547729492
1784751773.8899376,25.811207247803477,0.0,0.12,25.811207247803477,0.0,0,17.809058289701976,-2.641127628813561,17.809058289701976,-2.641127628813561,0.4900000095367431,-0.0,0.3700000047683716,-0.0399999991059303,17.319058280165233,-2.641127628813561,17.439058284933605,-2.601127629707631,6.061670398057832,-0.9243946700847464,6.103670399726761,-0.9103946703976707,0.1558715245214871,-0.023770148659322,0.1569515245644024,-0.0234101486673686,-1,1,-1,1,-14,-13,-14,-13,-20,-14,-20,-14,35.120200634002686
1784751773.9096563,25.811207247803477,0.0,0.12,25.811207247803477,0.0,0,17.809058289701976,-2.641127628813561,17.809058289701976,-2.641127628813561,0.4900000095367431,-0.0,0.3700000047683716,-0.0399999991059303,17.319058280165233,-2.641127628813561,17.439058284933605,-2.601127629707631,6.061670398057832,-0.9243946700847464,6.103670399726761,-0.9103946703976707,0.3117430490429742,-0.0475402973186441,0.3139030491288049,-0.0468202973347373,-1,1,-1,1,-14,-13,-14,-13,-20,-14,-20,-14,35.13991928100586
1784751773.9294925,0.0,0.0,0.0,0.0,0.0,0,0.0,0.0,0.0,0.0,0.3400000035762787,-0.0,0.2599999904632568,-0.0299999993294477,-0.3400000035762787,0.0,-0.2599999904632568,0.0299999993294477,-0.1190000012516975,0.0,-0.0909999966621398,0.0104999997653067,0.0,0.0,0.0,0.0,-1,1,-1,1,0,0,0,0,0,0,0,0,35.15975546836853
1784751773.9494965,0.0,0.0,0.0,0.0,0.0,0,0.0,0.0,0.0,0.0,0.3400000035762787,-0.0,0.2599999904632568,-0.0299999993294477,-0.3400000035762787,0.0,-0.2599999904632568,0.0299999993294477,-0.1190000012516975,0.0,-0.0909999966621398,0.0104999997653067,0.0,0.0,0.0,0.0,-1,1,-1,1,0,0,0,0,0,0,0,0,35.17975950241089
1784751773.9695733,0.0,0.0,0.0,0.0,0.0,0,0.0,0.0,0.0,0.0,0.2399999946355819,-0.0,0.4099999964237213,-0.0199999995529651,-0.2399999946355819,0.0,-0.4099999964237213,0.0199999995529651,-0.0839999981224536,0.0,-0.1434999987483024,0.0069999998435378,0.0,0.0,0.0,0.0,-1,1,-1,1,0,0,0,0,0,0,0,0,35.19983625411987
1784751773.9896812,0.0,0.0,0.0,0.0,0.0,0,0.0,0.0,0.0,0.0,0.2399999946355819,-0.0,0.4099999964237213,-0.0199999995529651,-0.2399999946355819,0.0,-0.4099999964237213,0.0199999995529651,-0.0839999981224536,0.0,-0.1434999987483024,0.0069999998435378,0.0,0.0,0.0,0.0,-1,1,-1,1,0,0,0,0,0,0,0,0,35.21994423866272
1784751774.0095098,0.0,0.0,0.0,0.0,0.0,0,0.0,0.0,0.0,0.0,0.2399999946355819,-0.0,0.4099999964237213,-0.0199999995529651,-0.2399999946355819,0.0,-0.4099999964237213,0.0199999995529651,-0.0839999981224536,0.0,-0.1434999987483024,0.0069999998435378,0.0,0.0,0.0,0.0,-1,1,-1,1,0,0,0,0,0,0,0,0,35.23977279663086
1784751774.0294704,0.0,0.0,0.0,0.0,0.0,0,0.0,0.0,0.0,0.0,0.1700000017881393,-0.0,0.2899999916553497,-0.0099999997764825,-0.1700000017881393,0.0,-0.2899999916553497,0.0099999997764825,-0.0595000006258487,0.0,-0.1014999970793724,0.0034999999217689,0.0,0.0,0.0,0.0,-1,1,-1,1,0,0,0,0,0,0,0,0,35.25973343849182
1784751774.0495372,25.811207247803477,0.0,0.12,25.811207247803477,0.0,0,17.809058289701976,-2.641127628813561,17.809058289701976,-2.641127628813561,0.1700000017881393,-0.0,0.2899999916553497,-0.0099999997764825,17.639058287913837,-2.641127628813561,17.519058298046627,-2.631127629037078,6.173670400769843,-0.9243946700847464,6.131670404316319,-0.9208946701629774,0.1587515245912245,-0.023770148659322,0.1576715246824196,-0.0236801486613337,-1,1,-1,1,-14,-13,-14,-13,-20,-14,-20,-14,35.27980017662048
1784751774.0697637,25.811207247803477,0.0,0.12,25.811207247803477,0.0,0,17.809058289701976,-2.641127628813561,17.809058289701976,-2.641127628813561,0.1199999973177909,-0.0,0.2000000029802322,-0.0099999997764825,17.689058292384185,-2.641127628813561,17.609058286721744,-2.631127629037078,6.191170402334465,-0.9243946700847464,6.16317040035261,-0.9208946701629774,0.3179530492226822,-0.0475402973186441,0.3161530492629153,-0.0473602973226674,-1,1,-1,1,-14,-13,-14,-13,-21,-14,-20,-14,35.300026655197144
1784751774.0895133,0.0,0.0,0.0,0.0,0.0,0,0.0,0.0,0.0,0.0,0.1199999973177909,-0.0,0.2000000029802322,-0.0099999997764825,-0.1199999973177909,0.0,-0.2000000029802322,0.0099999997764825,-0.0419999990612268,0.0,-0.0700000010430812,0.0034999999217689,0.0,0.0,0.0,0.0,-1,1,-1,1,0,0,0,0,0,0,0,0,35.3197762966156
1784751774.1095078,0.0,0.0,0.0,0.0,0.0,0,0.0,0.0,0.0,0.0,0.1199999973177909,-0.0,0.2000000029802322,-0.0099999997764825,-0.1199999973177909,0.0,-0.2000000029802322,0.0099999997764825,-0.0419999990612268,0.0,-0.0700000010430812,0.0034999999217689,0.0,0.0,0.0,0.0,-1,1,-1,1,0,0,0,0,0,0,0,0,35.339770793914795
1784751774.129494,0.0,0.0,0.0,0.0,0.0,0,0.0,0.0,0.0,0.0,0.5299999713897705,-0.0,0.3700000047683716,-0.2300000041723251,-0.5299999713897705,0.0,-0.3700000047683716,0.2300000041723251,-0.1854999899864196,0.0,-0.12950000166893,0.0805000014603137,0.0,0.0,0.0,0.0,-1,1,-1,1,0,0,0,0,0,0,0,0,35.35975694656372
1784751774.1495097,0.0,0.0,0.0,0.0,0.0,0,0.0,0.0,0.0,0.0,0.5299999713897705,-0.0,0.3700000047683716,-0.2300000041723251,-0.5299999713897705,0.0,-0.3700000047683716,0.2300000041723251,-0.1854999899864196,0.0,-0.12950000166893,0.0805000014603137,0.0,0.0,0.0,0.0,-1,1,-1,1,0,0,0,0,0,0,0,0,35.379772663116455
1784751774.1696465,0.0,0.0,0.0,0.0,0.0,0,0.0,0.0,0.0,0.0,0.3700000047683716,-0.0,0.2599999904632568,-0.1599999964237213,-0.3700000047683716,0.0,-0.2599999904632568,0.1599999964237213,-0.12950000166893,0.0,-0.0909999966621398,0.0559999987483024,0.0,0.0,0.0,0.0,-1,1,-1,1,0,0,0,0,0,0,0,0,35.39990949630737
1784751774.189549,0.0,0.0,0.0,0.0,0.0,0,0.0,0.0,0.0,0.0,0.3700000047683716,-0.0,0.2599999904632568,-0.1599999964237213,-0.3700000047683716,0.0,-0.2599999904632568,0.1599999964237213,-0.12950000166893,0.0,-0.0909999966621398,0.0559999987483024,0.0,0.0,0.0,0.0,-1,1,-1,1,0,0,0,0,0,0,0,0,35.419811964035034
1784751774.2095034,25.811207247803477,0.0,0.12,25.811207247803477,0.0,0,17.809058289701976,-2.641127628813561,17.809058289701976,-2.641127628813561,0.3700000047683716,-0.0,0.2599999904632568,-0.1599999964237213,17.439058284933605,-2.641127628813561,17.54905829923872,-2.48112763238984,6.103670399726761,-0.9243946700847464,6.142170404733552,-0.8683946713364439,0.1569515245644024,-0.023770148659322,0.1579415246931484,-0.0223301486915085,-1,1,-1,1,-14,-13,-14,-13,-20,-14,-20,-14,35.43976640701294
1784751774.2296245,25.811207247803477,0.0,0.12,25.811207247803477,0.0,0,17.809058289701976,-2.641127628813561,17.809058289701976,-2.641127628813561,0.2599999904632568,-0.0,0.1800000071525573,-0.1099999994039535,17.54905829923872,-2.641127628813561,17.62905828254942,-2.531127629409608,6.142170404733552,-0.9243946700847464,6.170170398892297,-0.8858946702933627,0.3148930492575509,-0.0475402973186441,0.3166030492360933,-0.045110297356195,-1,1,-1,1,-14,-13,-14,-13,-20,-14,-20,-14,35.45988750457764
1784751774.2494955,0.0,0.0,0.0,0.0,0.0,0,0.0,0.0,0.0,0.0,0.2599999904632568,-0.0,0.1800000071525573,-0.1099999994039535,-0.2599999904632568,0.0,-0.1800000071525573,0.1099999994039535,-0.0909999966621398,0.0,-0.063000002503395,0.0384999997913837,0.0,0.0,0.0,0.0,-1,1,-1,1,0,0,0,0,0,0,0,0,35.479758501052856
1784751774.2713175,0.0,0.0,0.0,0.0,0.0,0,0.0,0.0,0.0,0.0,0.2599999904632568,-0.0,0.1800000071525573,-0.1099999994039535,-0.2599999904632568,0.0,-0.1800000071525573,0.1099999994039535,-0.0909999966621398,0.0,-0.063000002503395,0.0384999997913837,0.0,0.0,0.0,0.0,-1,1,-1,1,0,0,0,0,0,0,0,0,35.501580476760864
1784751774.289508,0.0,0.0,0.0,0.0,0.0,0,0.0,0.0,0.0,0.0,0.6399999856948853,-0.2300000041723251,0.3499999940395355,-0.0799999982118606,-0.6399999856948853,0.2300000041723251,-0.3499999940395355,0.0799999982118606,-0.2239999949932098,0.0805000014603137,-0.1224999979138374,0.0279999993741512,0.0,0.0,0.0,0.0,-1,1,-1,1,0,0,0,0,0,0,0,0,35.519771099090576
1784751774.3094692,0.0,0.0,0.0,0.0,0.0,0,0.0,0.0,0.0,0.0,0.6399999856948853,-0.2300000041723251,0.3499999940395355,-0.0799999982118606,-0.6399999856948853,0.2300000041723251,-0.3499999940395355,0.0799999982118606,-0.2239999949932098,0.0805000014603137,-0.1224999979138374,0.0279999993741512,0.0,0.0,0.0,0.0,-1,1,-1,1,0,0,0,0,0,0,0,0,35.539732217788696
1784751774.3295205,0.0,0.0,0.0,0.0,0.0,0,0.0,0.0,0.0,0.0,0.449999988079071,-0.1599999964237213,0.25,-0.0599999986588954,-0.449999988079071,0.1599999964237213,-0.25,0.0599999986588954,-0.1574999958276748,0.0559999987483024,-0.0875,0.0209999995306134,0.0,0.0,0.0,0.0,-1,1,-1,1,0,0,0,0,0,0,0,0,35.55978345870972
1784751774.3496206,0.0,0.0,0.0,0.0,0.0,0,0.0,0.0,0.0,0.0,0.449999988079071,-0.1599999964237213,0.25,-0.0599999986588954,-0.449999988079071,0.1599999964237213,-0.25,0.0599999986588954,-0.1574999958276748,0.0559999987483024,-0.0875,0.0209999995306134,0.0,0.0,0.0,0.0,-1,1,-1,1,0,0,0,0,0,0,0,0,35.57988357543945
1784751774.370411,0.0,0.0,0.0,0.0,0.0,0,0.0,0.0,0.0,0.0,0.3100000023841858,-0.1099999994039535,0.1700000017881393,-0.0399999991059303,-0.3100000023841858,0.1099999994039535,-0.1700000017881393,0.0399999991059303,-0.108500000834465,0.0384999997913837,-0.0595000006258487,0.0139999996870756,0.0,0.0,0.0,0.0,-1,1,-1,1,0,0,0,0,0,0,0,0,35.60067391395569
1784751774.3895223,25.811207247803477,0.0,0.12,25.811207247803477,0.0,0,17.809058289701976,-2.641127628813561,17.809058289701976,-2.641127628813561,0.3100000023841858,-0.1099999994039535,0.1700000017881393,-0.0399999991059303,17.49905828731779,-2.531127629409608,17.639058287913837,-2.601127629707631,6.124670400561226,-0.8858946702933627,6.173670400769843,-0.9103946703976707,0.1574915245858601,-0.0227801486646864,0.1587515245912245,-0.0234101486673686,-1,1,-1,1,-14,-13,-14,-13,-20,-14,-20,-14,35.61978530883789
1784751774.4095347,0.0,0.0,0.0,0.0,0.0,0,0.0,0.0,0.0,0.0,0.3100000023841858,-0.1099999994039535,0.1700000017881393,-0.0399999991059303,-0.3100000023841858,0.1099999994039535,-0.1700000017881393,0.0399999991059303,-0.108500000834465,0.0384999997913837,-0.0595000006258487,0.0139999996870756,0.0,0.0,0.0,0.0,-1,1,-1,1,0,0,0,0,0,0,0,0,35.63979768753052
1784751774.429477,0.0,0.0,0.0,0.0,0.0,0,0.0,0.0,0.0,0.0,0.2199999988079071,-0.0799999982118606,0.3499999940395355,-0.0299999993294477,-0.2199999988079071,0.0799999982118606,-0.3499999940395355,0.0299999993294477,-0.0769999995827674,0.0279999993741512,-0.1224999979138374,0.0104999997653067,0.0,0.0,0.0,0.0,-1,1,-1,1,0,0,0,0,0,0,0,0,35.65973997116089
1784751774.449545,0.0,0.0,0.0,0.0,0.0,0,0.0,0.0,0.0,0.0,0.2199999988079071,-0.0799999982118606,0.3499999940395355,-0.0299999993294477,-0.2199999988079071,0.0799999982118606,-0.3499999940395355,0.0299999993294477,-0.0769999995827674,0.0279999993741512,-0.1224999979138374,0.0104999997653067,0.0,0.0,0.0,0.0,-1,1,-1,1,0,0,0,0,0,0,0,0,35.679807901382446
1784751774.4700613,0.0,0.0,0.0,0.0,0.0,0,0.0,0.0,0.0,0.0,0.2199999988079071,-0.0799999982118606,0.3499999940395355,-0.0299999993294477,-0.2199999988079071,0.0799999982118606,-0.3499999940395355,0.0299999993294477,-0.0769999995827674,0.0279999993741512,-0.1224999979138374,0.0104999997653067,0.0,0.0,0.0,0.0,-1,1,-1,1,0,0,0,0,0,0,0,0,35.700324296951294
1784751774.4895597,0.0,0.0,0.0,0.0,0.0,0,0.0,0.0,0.0,0.0,0.1500000059604644,-0.050000000745058,0.4699999988079071,-0.0199999995529651,-0.1500000059604644,0.050000000745058,-0.4699999988079071,0.0199999995529651,-0.0525000020861625,0.0175000002607703,-0.1644999995827674,0.0069999998435378,0.0,0.0,0.0,0.0,-1,1,-1,1,0,0,0,0,0,0,0,0,35.71982264518738
1784751774.5094912,0.0,0.0,0.0,0.0,0.0,0,0.0,0.0,0.0,0.0,0.1500000059604644,-0.050000000745058,0.4699999988079071,-0.0199999995529651,-0.1500000059604644,0.050000000745058,-0.4699999988079071,0.0199999995529651,-0.0525000020861625,0.0175000002607703,-0.1644999995827674,0.0069999998435378,0.0,0.0,0.0,0.0,-1,1,-1,1,0,0,0,0,0,0,0,0,35.73975419998169
1784751774.5295208,0.0,0.0,0.0,0.0,0.0,0,0.0,0.0,0.0,0.0,0.1099999994039535,-0.0399999991059303,0.3300000131130218,-0.0099999997764825,-0.1099999994039535,0.0399999991059303,-0.3300000131130218,0.0099999997764825,-0.0384999997913837,0.0139999996870756,-0.1155000045895576,0.0034999999217689,0.0,0.0,0.0,0.0,-1,1,-1,1,0,0,0,0,0,0,0,0,35.75978374481201
1784751774.5498948,25.811207247803477,0.0,0.12,25.811207247803477,0.0,0,17.809058289701976,-2.641127628813561,17.809058289701976,-2.641127628813561,0.1099999994039535,-0.0399999991059303,0.3300000131130218,-0.0099999997764825,17.699058290298023,-2.601127629707631,17.479058276588955,-2.631127629037078,6.194670401604308,-0.9103946703976707,6.117670396806134,-0.9208946701629774,0.1592915246126822,-0.0234101486673686,0.1573115244893006,-0.0236801486613337,-1,1,-1,1,-14,-13,-14,-13,-20,-14,-20,-14,35.780157804489136
1784751774.5695715,25.811207247803477,0.0,0.12,25.811207247803477,0.0,0,17.809058289701976,-2.641127628813561,17.809058289701976,-2.641127628813561,0.0700000002980232,-0.0299999993294477,0.2300000041723251,-0.0099999997764825,17.739058289403953,-2.611127629484113,17.57905828552965,-2.631127629037078,6.208670401291383,-0.9138946703194396,6.152670399935378,-0.9208946701629774,0.3189430492173177,-0.0469102973327257,0.3155230490590675,-0.0473602973226674,-1,1,-1,1,-14,-13,-14,-13,-21,-14,-20,-14,35.79983448982239
1784751774.5894775,0.0,0.0,0.0,0.0,0.0,0,0.0,0.0,0.0,0.0,0.0700000002980232,-0.0299999993294477,0.2300000041723251,-0.0099999997764825,-0.0700000002980232,0.0299999993294477,-0.2300000041723251,0.0099999997764825,-0.0245000001043081,0.0104999997653067,-0.0805000014603137,0.0034999999217689,0.0,0.0,0.0,0.0,-1,1,-1,1,0,0,0,0,0,0,0,0,35.819740533828735
1784751774.6094923,0.0,0.0,0.0,0.0,0.0,0,0.0,0.0,0.0,0.0,0.0700000002980232,-0.0299999993294477,0.2300000041723251,-0.0099999997764825,-0.0700000002980232,0.0299999993294477,-0.2300000041723251,0.0099999997764825,-0.0245000001043081,0.0104999997653067,-0.0805000014603137,0.0034999999217689,0.0,0.0,0.0,0.0,-1,1,-1,1,0,0,0,0,0,0,0,0,35.83975529670715
1784751774.6299202,0.0,0.0,0.0,0.0,0.0,0,0.0,0.0,0.0,0.0,0.5099999904632568,-0.0199999995529651,0.1599999964237213,-0.0099999997764825,-0.5099999904632568,0.0199999995529651,-0.1599999964237213,0.0099999997764825,-0.1784999966621399,0.0069999998435378,-0.0559999987483024,0.0034999999217689,0.0,0.0,0.0,0.0,-1,1,-1,1,0,0,0,0,0,0,0,0,35.860183238983154
1784751774.649604,0.0,0.0,0.0,0.0,0.0,0,0.0,0.0,0.0,0.0,0.5099999904632568,-0.0199999995529651,0.1599999964237213,-0.0099999997764825,-0.5099999904632568,0.0199999995529651,-0.1599999964237213,0.0099999997764825,-0.1784999966621399,0.0069999998435378,-0.0559999987483024,0.0034999999217689,0.0,0.0,0.0,0.0,-1,1,-1,1,0,0,0,0,0,0,0,0,35.87986707687378
1784751774.6695724,0.0,0.0,0.0,0.0,0.0,0,0.0,0.0,0.0,0.0,0.3499999940395355,-0.0099999997764825,0.1099999994039535,-0.0,-0.3499999940395355,0.0099999997764825,-0.1099999994039535,0.0,-0.1224999979138374,0.0034999999217689,-0.0384999997913837,0.0,0.0,0.0,0.0,0.0,-1,1,-1,1,0,0,0,0,0,0,0,0,35.89983534812927
1784751774.6896122,0.0,0.0,0.0,0.0,0.0,0,0.0,0.0,0.0,0.0,0.3499999940395355,-0.0099999997764825,0.1099999994039535,-0.0,-0.3499999940395355,0.0099999997764825,-0.1099999994039535,0.0,-0.1224999979138374,0.0034999999217689,-0.0384999997913837,0.0,0.0,0.0,0.0,0.0,-1,1,-1,1,0,0,0,0,0,0,0,0,35.919875144958496
1784751774.7094655,0.0,0.0,0.0,0.0,0.0,0,0.0,0.0,0.0,0.0,0.3499999940395355,-0.0099999997764825,0.1099999994039535,-0.0,-0.3499999940395355,0.0099999997764825,-0.1099999994039535,0.0,-0.1224999979138374,0.0034999999217689,-0.0384999997913837,0.0,0.0,0.0,0.0,0.0,-1,1,-1,1,0,0,0,0,0,0,0,0,35.93972849845886
1784751774.7294855,25.811207247803477,0.0,0.12,25.811207247803477,0.0,0,17.809058289701976,-2.641127628813561,17.809058289701976,-2.641127628813561,0.25,-0.0099999997764825,0.0799999982118606,-0.0,17.559058289701976,-2.631127629037078,17.729058291490116,-2.641127628813561,6.145670401395692,-0.9208946701629774,6.20517040202154,-0.9243946700847464,0.1580315246073177,-0.0236801486613337,0.159561524623411,-0.023770148659322,-1,1,-1,1,-14,-13,-14,-13,-20,-14,-20,-14,35.95974850654602
1784751774.7495165,25.811207247803477,0.0,0.12,25.811207247803477,0.0,0,17.809058289701976,-2.641127628813561,17.809058289701976,-2.641127628813561,0.25,-0.0099999997764825,0.0799999982118606,-0.0,17.559058289701976,-2.631127629037078,17.729058291490116,-2.641127628813561,6.145670401395692,-0.9208946701629774,6.20517040202154,-0.9243946700847464,0.3160630492146355,-0.0473602973226674,0.3191230492468221,-0.0475402973186441,-1,1,-1,1,-14,-13,-14,-13,-20,-14,-21,-14,35.97977948188782
1784751774.769564,0.0,0.0,0.0,0.0,0.0,0,0.0,0.0,0.0,0.0,0.1700000017881393,-0.2300000041723251,0.2800000011920929,-0.0,-0.1700000017881393,0.2300000041723251,-0.2800000011920929,0.0,-0.0595000006258487,0.0805000014603137,-0.0980000004172325,0.0,0.0,0.0,0.0,0.0,-1,1,-1,1,0,0,0,0,0,0,0,0,35.99982690811157
1784751774.789509,0.0,0.0,0.0,0.0,0.0,0,0.0,0.0,0.0,0.0,0.1700000017881393,-0.2300000041723251,0.2800000011920929,-0.0,-0.1700000017881393,0.2300000041723251,-0.2800000011920929,0.0,-0.0595000006258487,0.0805000014603137,-0.0980000004172325,0.0,0.0,0.0,0.0,0.0,-1,1,-1,1,0,0,0,0,0,0,0,0,36.01977205276489
1784751774.8094635,0.0,0.0,0.0,0.0,0.0,0,0.0,0.0,0.0,0.0,0.1700000017881393,-0.2300000041723251,0.2800000011920929,-0.0,-0.1700000017881393,0.2300000041723251,-0.2800000011920929,0.0,-0.0595000006258487,0.0805000014603137,-0.0980000004172325,0.0,0.0,0.0,0.0,0.0,-1,1,-1,1,0,0,0,0,0,0,0,0,36.0397264957428
1784751774.8294878,0.0,0.0,0.0,0.0,0.0,0,0.0,0.0,0.0,0.0,0.5699999928474426,-0.1599999964237213,0.4199999868869781,-0.2300000041723251,-0.5699999928474426,0.1599999964237213,-0.4199999868869781,0.2300000041723251,-0.1994999974966049,0.0559999987483024,-0.1469999954104423,0.0805000014603137,0.0,0.0,0.0,0.0,-1,1,-1,1,0,0,0,0,0,0,0,0,36.05975079536438
1784751774.8495104,0.0,0.0,0.0,0.0,0.0,0,0.0,0.0,0.0,0.0,0.5699999928474426,-0.1599999964237213,0.4199999868869781,-0.2300000041723251,-0.5699999928474426,0.1599999964237213,-0.4199999868869781,0.2300000041723251,-0.1994999974966049,0.0559999987483024,-0.1469999954104423,0.0805000014603137,0.0,0.0,0.0,0.0,-1,1,-1,1,0,0,0,0,0,0,0,0,36.07977342605591
1784751774.869553,0.0,0.0,0.0,0.0,0.0,0,0.0,0.0,0.0,0.0,0.4000000059604645,-0.1099999994039535,0.3000000119209289,-0.1599999964237213,-0.4000000059604645,0.1099999994039535,-0.3000000119209289,0.1599999964237213,-0.1400000020861625,0.0384999997913837,-0.1050000041723251,0.0559999987483024,0.0,0.0,0.0,0.0,-1,1,-1,1,0,0,0,0,0,0,0,0,36.09981608390808
1784751774.8894858,0.0,0.0,0.0,0.0,0.0,0,0.0,0.0,0.0,0.0,0.4000000059604645,-0.1099999994039535,0.3000000119209289,-0.1599999964237213,-0.4000000059604645,0.1099999994039535,-0.3000000119209289,0.1599999964237213,-0.1400000020861625,0.0384999997913837,-0.1050000041723251,0.0559999987483024,0.0,0.0,0.0,0.0,-1,1,-1,1,0,0,0,0,0,0,0,0,36.11974883079529
1784751774.9095263,25.811207247803477,0.0,0.12,25.811207247803477,0.0,0,17.809058289701976,-2.641127628813561,17.809058289701976,-2.641127628813561,0.4000000059604645,-0.1099999994039535,0.3000000119209289,-0.1599999964237213,17.409058283741512,-2.531127629409608,17.509058277781048,-2.48112763238984,6.093170399309529,-0.8858946702933627,6.128170397223366,-0.8683946713364439,0.1566815245536736,-0.0227801486646864,0.1575815245000294,-0.0223301486915085,-1,1,-1,1,-14,-13,-14,-13,-20,-14,-20,-14,36.13978934288025
1784751774.9295058,25.811207247803477,0.0,0.12,25.811207247803477,0.0,0,17.809058289701976,-2.641127628813561,17.809058289701976,-2.641127628813561,0.2800000011920929,-0.0799999982118606,0.209999993443489,-0.1099999994039535,17.529058288509884,-2.561127630601701,17.599058296258487,-2.531127629409608,6.135170400978459,-0.8963946707105951,6.159670403690471,-0.8858946702933627,0.3144430491502625,-0.0458302973401017,0.3159730491663558,-0.045110297356195,-1,1,-1,1,-14,-13,-14,-13,-20,-14,-20,-14,36.15976881980896
1784751774.9495018,0.0,0.0,0.0,0.0,0.0,0,0.0,0.0,0.0,0.0,0.2800000011920929,-0.0799999982118606,0.209999993443489,-0.1099999994039535,-0.2800000011920929,0.0799999982118606,-0.209999993443489,0.1099999994039535,-0.0980000004172325,0.0279999993741512,-0.0734999977052211,0.0384999997913837,0.0,0.0,0.0,0.0,-1,1,-1,1,0,0,0,0,0,0,0,0,36.17976474761963
1784751774.9696212,0.0,0.0,0.0,0.0,0.0,0,0.0,0.0,0.0,0.0,0.4199999868869781,-0.2800000011920929,0.6000000238418579,-0.0799999982118606,-0.4199999868869781,0.2800000011920929,-0.6000000238418579,0.0799999982118606,-0.1469999954104423,0.0980000004172325,-0.2100000083446502,0.0279999993741512,0.0,0.0,0.0,0.0,-1,1,-1,1,0,0,0,0,0,0,0,0,36.19988417625427
1784751774.989509,0.0,0.0,0.0,0.0,0.0,0,0.0,0.0,0.0,0.0,0.4199999868869781,-0.2800000011920929,0.6000000238418579,-0.0799999982118606,-0.4199999868869781,0.2800000011920929,-0.6000000238418579,0.0799999982118606,-0.1469999954104423,0.0980000004172325,-0.2100000083446502,0.0279999993741512,0.0,0.0,0.0,0.0,-1,1,-1,1,0,0,0,0,0,0,0,0,36.21977210044861
1784751775.0095065,0.0,0.0,0.0,0.0,0.0,0,0.0,0.0,0.0,0.0,0.4199999868869781,-0.2800000011920929,0.6000000238418579,-0.0799999982118606,-0.4199999868869781,0.2800000011920929,-0.6000000238418579,0.0799999982118606,-0.1469999954104423,0.0980000004172325,-0.2100000083446502,0.0279999993741512,0.0,0.0,0.0,0.0,-1,1,-1,1,0,0,0,0,0,0,0,0,36.23976945877075
1784751775.029483,0.0,0.0,0.0,0.0,0.0,0,0.0,0.0,0.0,0.0,0.5199999809265137,0.0299999993294477,0.6499999761581421,-0.050000000745058,-0.5199999809265137,-0.0299999993294477,-0.6499999761581421,0.050000000745058,-0.1819999933242797,-0.0104999997653067,-0.2274999916553497,0.0175000002607703,0.0,0.0,0.0,0.0,-1,1,-1,1,0,0,0,0,0,0,0,0,36.259746074676514
1784751775.0494847,0.0,0.0,0.0,0.0,0.0,0,0.0,0.0,0.0,0.0,0.5199999809265137,0.0299999993294477,0.6499999761581421,-0.050000000745058,-0.5199999809265137,-0.0299999993294477,-0.6499999761581421,0.050000000745058,-0.1819999933242797,-0.0104999997653067,-0.2274999916553497,0.0175000002607703,0.0,0.0,0.0,0.0,-1,1,-1,1,0,0,0,0,0,0,0,0,36.27974772453308
1784751775.0695674,0.0,0.0,0.0,0.0,0.0,0,0.0,0.0,0.0,0.0,0.3700000047683716,0.0199999995529651,0.449999988079071,-0.0399999991059303,-0.3700000047683716,-0.0199999995529651,-0.449999988079071,0.0399999991059303,-0.12950000166893,-0.0069999998435378,-0.1574999958276748,0.0139999996870756,0.0,0.0,0.0,0.0,-1,1,-1,1,0,0,0,0,0,0,0,0,36.29983043670654
1784751775.0895314,25.811207247803477,0.0,0.12,25.811207247803477,0.0,0,17.809058289701976,-2.641127628813561,17.809058289701976,-2.641127628813561,0.3700000047683716,0.0199999995529651,0.449999988079071,-0.0399999991059303,17.439058284933605,-2.6611276283665264,17.359058301622905,-2.601127629707631,6.103670399726761,-0.931394669928284,6.075670405568016,-0.9103946703976707,0.1569515245644024,-0.0239501486552987,0.1562315247146061,-0.0234101486673686,-1,1,-1,1,-14,-13,-14,-13,-20,-14,-20,-14,36.31979441642761
1784751775.109519,25.811207247803477,0.0,0.12,25.811207247803477,0.0,0,17.809058289701976,-2.641127628813561,17.809058289701976,-2.641127628813561,0.3700000047683716,0.0199999995529651,0.449999988079071,-0.0399999991059303,17.439058284933605,-2.6611276283665264,17.359058301622905,-2.601127629707631,6.103670399726761,-0.931394669928284,6.075670405568016,-0.9103946703976707,0.3139030491288049,-0.0479002973105974,0.3124630494292123,-0.0468202973347373,-1,1,-1,1,-14,-13,-14,-13,-20,-14,-20,-14,36.33978199958801
1784751775.1294978,0.0,0.0,0.0,0.0,0.0,0,0.0,0.0,0.0,0.0,0.2599999904632568,0.0099999997764825,0.3199999928474426,-0.0299999993294477,-0.2599999904632568,-0.0099999997764825,-0.3199999928474426,0.0299999993294477,-0.0909999966621398,-0.0034999999217689,-0.1119999974966049,0.0104999997653067,0.0,0.0,0.0,0.0,-1,1,-1,1,0,0,0,0,0,0,0,0,36.359760761260986
1784751775.1495025,0.0,0.0,0.0,0.0,0.0,0,0.0,0.0,0.0,0.0,0.2599999904632568,0.0099999997764825,0.3199999928474426,-0.0299999993294477,-0.2599999904632568,-0.0099999997764825,-0.3199999928474426,0.0299999993294477,-0.0909999966621398,-0.0034999999217689,-0.1119999974966049,0.0104999997653067,0.0,0.0,0.0,0.0,-1,1,-1,1,0,0,0,0,0,0,0,0,36.37976551055908
1784751775.1696138,0.0,0.0,0.0,0.0,0.0,0,0.0,0.0,0.0,0.0,0.6299999952316284,-0.2199999988079071,0.449999988079071,-0.0199999995529651,-0.6299999952316284,0.2199999988079071,-0.449999988079071,0.0199999995529651,-0.2204999983310699,0.0769999995827674,-0.1574999958276748,0.0069999998435378,0.0,0.0,0.0,0.0,-1,1,-1,1,0,0,0,0,0,0,0,0,36.399876832962036
1784751775.189504,0.0,0.0,0.0,0.0,0.0,0,0.0,0.0,0.0,0.0,0.6299999952316284,-0.2199999988079071,0.449999988079071,-0.0199999995529651,-0.6299999952316284,0.2199999988079071,-0.449999988079071,0.0199999995529651,-0.2204999983310699,0.0769999995827674,-0.1574999958276748,0.0069999998435378,0.0,0.0,0.0,0.0,-1,1,-1,1,0,0,0,0,0,0,0,0,36.419766902923584
1784751775.2095,0.0,0.0,0.0,0.0,0.0,0,0.0,0.0,0.0,0.0,0.6299999952316284,-0.2199999988079071,0.449999988079071,-0.0199999995529651,-0.6299999952316284,0.2199999988079071,-0.449999988079071,0.0199999995529651,-0.2204999983310699,0.0769999995827674,-0.1574999958276748,0.0069999998435378,0.0,0.0,0.0,0.0,-1,1,-1,1,0,0,0,0,0,0,0,0,36.43976306915283
1784751775.2294846,0.0,0.0,0.0,0.0,0.0,0,0.0,0.0,0.0,0.0,0.4399999976158142,0.0700000002980232,0.3100000023841858,-0.0099999997764825,-0.4399999976158142,-0.0700000002980232,-0.3100000023841858,0.0099999997764825,-0.1539999991655349,-0.0245000001043081,-0.108500000834465,0.0034999999217689,0.0,0.0,0.0,0.0,-1,1,-1,1,0,0,0,0,0,0,0,0,36.459747552871704
1784751775.249503,0.0,0.0,0.0,0.0,0.0,0,0.0,0.0,0.0,0.0,0.4399999976158142,0.0700000002980232,0.3100000023841858,-0.0099999997764825,-0.4399999976158142,-0.0700000002980232,-0.3100000023841858,0.0099999997764825,-0.1539999991655349,-0.0245000001043081,-0.108500000834465,0.0034999999217689,0.0,0.0,0.0,0.0,-1,1,-1,1,0,0,0,0,0,0,0,0,36.47976589202881
1784751775.269667,25.811207247803477,0.0,0.12,25.811207247803477,0.0,0,17.809058289701976,-2.641127628813561,17.809058289701976,-2.641127628813561,0.3100000023841858,0.050000000745058,0.2199999988079071,-0.0099999997764825,17.49905828731779,-2.6911276295586197,17.58905829089407,-2.631127629037078,6.124670400561226,-0.9418946703455168,6.156170401812924,-0.9208946701629774,0.1574915245858601,-0.0242201486660275,0.1583015246180466,-0.0236801486613337,-1,1,-1,1,-14,-13,-14,-13,-20,-14,-20,-14,36.499929904937744
1784751775.289528,25.811207247803477,0.0,0.12,25.811207247803477,0.0,0,17.809058289701976,-2.641127628813561,17.809058289701976,-2.641127628813561,0.3100000023841858,0.050000000745058,0.2199999988079071,-0.0099999997764825,17.49905828731779,-2.6911276295586197,17.58905829089407,-2.631127629037078,6.124670400561226,-0.9418946703455168,6.156170401812924,-0.9208946701629774,0.3149830491717202,-0.0484402973320551,0.3166030492360932,-0.0473602973226674,-1,1,-1,1,-14,-13,-14,-13,-20,-14,-20,-14,36.51979088783264
1784751775.309508,0.0,0.0,0.0,0.0,0.0,0,0.0,0.0,0.0,0.0,0.3100000023841858,0.050000000745058,0.2199999988079071,-0.0099999997764825,-0.3100000023841858,-0.050000000745058,-0.2199999988079071,0.0099999997764825,-0.108500000834465,-0.0175000002607703,-0.0769999995827674,0.0034999999217689,0.0,0.0,0.0,0.0,-1,1,-1,1,0,0,0,0,0,0,0,0,36.53977108001709
1784751775.3294866,0.0,0.0,0.0,0.0,0.0,0,0.0,0.0,0.0,0.0,0.2199999988079071,-0.1899999976158142,0.1500000059604644,-0.0099999997764825,-0.2199999988079071,0.1899999976158142,-0.1500000059604644,0.0099999997764825,-0.0769999995827674,0.0664999991655349,-0.0525000020861625,0.0034999999217689,0.0,0.0,0.0,0.0,-1,1,-1,1,0,0,0,0,0,0,0,0,36.559749603271484
1784751775.349521,0.0,0.0,0.0,0.0,0.0,0,0.0,0.0,0.0,0.0,0.2199999988079071,-0.1899999976158142,0.1500000059604644,-0.0099999997764825,-0.2199999988079071,0.1899999976158142,-0.1500000059604644,0.0099999997764825,-0.0769999995827674,0.0664999991655349,-0.0525000020861625,0.0034999999217689,0.0,0.0,0.0,0.0,-1,1,-1,1,0,0,0,0,0,0,0,0,36.57978391647339
1784751775.369549,0.0,0.0,0.0,0.0,0.0,0,0.0,0.0,0.0,0.0,0.1500000059604644,-0.3600000143051147,0.3300000131130218,-0.2300000041723251,-0.1500000059604644,0.3600000143051147,-0.3300000131130218,0.2300000041723251,-0.0525000020861625,0.1260000050067901,-0.1155000045895576,0.0805000014603137,0.0,0.0,0.0,0.0,-1,1,-1,1,0,0,0,0,0,0,0,0,36.599812030792236
1784751775.389496,0.0,0.0,0.0,0.0,0.0,0,0.0,0.0,0.0,0.0,0.1500000059604644,-0.3600000143051147,0.3300000131130218,-0.2300000041723251,-0.1500000059604644,0.3600000143051147,-0.3300000131130218,0.2300000041723251,-0.0525000020861625,0.1260000050067901,-0.1155000045895576,0.0805000014603137,0.0,0.0,0.0,0.0,-1,1,-1,1,0,0,0,0,0,0,0,0,36.61975908279419
1784751775.4094868,0.0,0.0,0.0,0.0,0.0,0,0.0,0.0,0.0,0.0,0.1500000059604644,-0.3600000143051147,0.3300000131130218,-0.2300000041723251,-0.1500000059604644,0.3600000143051147,-0.3300000131130218,0.2300000041723251,-0.0525000020861625,0.1260000050067901,-0.1155000045895576,0.0805000014603137,0.0,0.0,0.0,0.0,-1,1,-1,1,0,0,0,0,0,0,0,0,36.63974976539612
1784751775.4294858,0.0,0.0,0.0,0.0,0.0,0,0.0,0.0,0.0,0.0,0.1099999994039535,-0.25,0.2300000041723251,-0.1599999964237213,-0.1099999994039535,0.25,-0.2300000041723251,0.1599999964237213,-0.0384999997913837,0.0875,-0.0805000014603137,0.0559999987483024,0.0,0.0,0.0,0.0,-1,1,-1,1,0,0,0,0,0,0,0,0,36.659748792648315
1784751775.449543,25.811207247803477,0.0,0.12,25.811207247803477,0.0,0,17.809058289701976,-2.641127628813561,17.809058289701976,-2.641127628813561,0.1099999994039535,-0.25,0.2300000041723251,-0.1599999964237213,17.699058290298023,-2.391127628813561,17.57905828552965,-2.48112763238984,6.194670401604308,-0.8368946700847464,6.152670399935378,-0.8683946713364439,0.1592915246126822,-0.021520148659322,0.1582115245697668,-0.0223301486915085,-1,1,-1,1,-14,-13,-14,-13,-20,-14,-20,-14,36.67980599403381
1784751775.4696088,25.811207247803477,0.0,0.12,25.811207247803477,0.0,0,17.809058289701976,-2.641127628813561,17.809058289701976,-2.641127628813561,0.0700000002980232,-0.1800000071525573,0.1599999964237213,-0.1099999994039535,17.739058289403953,-2.461127621661004,17.649058293278255,-2.531127629409608,6.208670401291383,-0.8613946675813513,6.177170402647389,-0.8858946702933627,0.3189430492173177,-0.043670297254271,0.3170530492092711,-0.045110297356195,-1,1,-1,1,-14,-13,-14,-13,-21,-14,-20,-14,36.69987177848816
1784751775.489503,0.0,0.0,0.0,0.0,0.0,0,0.0,0.0,0.0,0.0,0.0700000002980232,-0.1800000071525573,0.1599999964237213,-0.1099999994039535,-0.0700000002980232,0.1800000071525573,-0.1599999964237213,0.1099999994039535,-0.0245000001043081,0.063000002503395,-0.0559999987483024,0.0384999997913837,0.0,0.0,0.0,0.0,-1,1,-1,1,0,0,0,0,0,0,0,0,36.71976590156555
1784751775.5094814,0.0,0.0,0.0,0.0,0.0,0,0.0,0.0,0.0,0.0,0.0700000002980232,-0.1800000071525573,0.1599999964237213,-0.1099999994039535,-0.0700000002980232,0.1800000071525573,-0.1599999964237213,0.1099999994039535,-0.0245000001043081,0.063000002503395,-0.0559999987483024,0.0384999997913837,0.0,0.0,0.0,0.0,-1,1,-1,1,0,0,0,0,0,0,0,0,36.739744424819946
1784751775.52949,0.0,0.0,0.0,0.0,0.0,0,0.0,0.0,0.0,0.0,0.7300000190734863,-0.1199999973177909,0.3400000035762787,-0.0799999982118606,-0.7300000190734863,0.1199999973177909,-0.3400000035762787,0.0799999982118606,-0.2555000066757202,0.0419999990612268,-0.1190000012516975,0.0279999993741512,0.0,0.0,0.0,0.0,-1,1,-1,1,0,0,0,0,0,0,0,0,36.75975298881531
1784751775.5495083,0.0,0.0,0.0,0.0,0.0,0,0.0,0.0,0.0,0.0,0.7300000190734863,-0.1199999973177909,0.3400000035762787,-0.0799999982118606,-0.7300000190734863,0.1199999973177909,-0.3400000035762787,0.0799999982118606,-0.2555000066757202,0.0419999990612268,-0.1190000012516975,0.0279999993741512,0.0,0.0,0.0,0.0,-1,1,-1,1,0,0,0,0,0,0,0,0,36.77977132797241
1784751775.5695713,0.0,0.0,0.0,0.0,0.0,0,0.0,0.0,0.0,0.0,0.2899999916553497,-0.0900000035762786,0.0099999997764825,-0.0599999986588954,-0.2899999916553497,0.0900000035762786,-0.0099999997764825,0.0599999986588954,-0.1014999970793724,0.0315000012516975,-0.0034999999217689,0.0209999995306134,0.0,0.0,0.0,0.0,-1,1,-1,1,0,0,0,0,0,0,0,0,36.79983425140381
1784751775.589475,0.0,0.0,0.0,0.0,0.0,0,0.0,0.0,0.0,0.0,0.2899999916553497,-0.0900000035762786,0.0099999997764825,-0.0599999986588954,-0.2899999916553497,0.0900000035762786,-0.0099999997764825,0.0599999986588954,-0.1014999970793724,0.0315000012516975,-0.0034999999217689,0.0209999995306134,0.0,0.0,0.0,0.0,-1,1,-1,1,0,0,0,0,0,0,0,0,36.819737911224365
1784751775.60947,0.0,0.0,0.0,0.0,0.0,0,0.0,0.0,0.0,0.0,0.2899999916553497,-0.0900000035762786,0.0099999997764825,-0.0599999986588954,-0.2899999916553497,0.0900000035762786,-0.0099999997764825,0.0599999986588954,-0.1014999970793724,0.0315000012516975,-0.0034999999217689,0.0209999995306134,0.0,0.0,0.0,0.0,-1,1,-1,1,0,0,0,0,0,0,0,0,36.83973288536072
1784751775.6295445,25.811207247803477,0.0,0.12,25.811207247803477,0.0,0,17.809058289701976,-2.641127628813561,17.809058289701976,-2.641127628813561,0.2000000029802322,-0.0599999986588954,0.0099999997764825,-0.0399999991059303,17.609058286721744,-2.5811276301546657,17.799058289925494,-2.601127629707631,6.16317040035261,-0.9033946705541328,6.229670401473922,-0.9103946703976707,0.1584815245804957,-0.0232301486713919,0.1601915246093294,-0.0234101486673686,-1,1,-1,1,-14,-13,-14,-13,-20,-14,-20,-14,36.85980749130249
1784751775.6495123,25.811207247803477,0.0,0.12,25.811207247803477,0.0,0,17.809058289701976,-2.641127628813561,17.809058289701976,-2.641127628813561,0.2000000029802322,-0.0599999986588954,0.0099999997764825,-0.0399999991059303,17.609058286721744,-2.5811276301546657,17.799058289925494,-2.601127629707631,6.16317040035261,-0.9033946705541328,6.229670401473922,-0.9103946703976707,0.3169630491609914,-0.0464602973427839,0.3203830492186589,-0.0468202973347373,-1,1,-1,1,-14,-13,-14,-13,-20,-14,-21,-14,36.879775285720825
1784751775.669546,0.0,0.0,0.0,0.0,0.0,0,0.0,0.0,0.0,0.0,0.3700000047683716,-0.0399999991059303,0.2300000041723251,-0.0299999993294477,-0.3700000047683716,0.0399999991059303,-0.2300000041723251,0.0299999993294477,-0.12950000166893,0.0139999996870756,-0.0805000014603137,0.0104999997653067,0.0,0.0,0.0,0.0,-1,1,-1,1,0,0,0,0,0,0,0,0,36.89980888366699
1784751775.6894956,0.0,0.0,0.0,0.0,0.0,0,0.0,0.0,0.0,0.0,0.3700000047683716,-0.0399999991059303,0.2300000041723251,-0.0299999993294477,-0.3700000047683716,0.0399999991059303,-0.2300000041723251,0.0299999993294477,-0.12950000166893,0.0139999996870756,-0.0805000014603137,0.0104999997653067,0.0,0.0,0.0,0.0,-1,1,-1,1,0,0,0,0,0,0,0,0,36.919758558273315
1784751775.70949,0.0,0.0,0.0,0.0,0.0,0,0.0,0.0,0.0,0.0,0.3700000047683716,-0.0399999991059303,0.2300000041723251,-0.0299999993294477,-0.3700000047683716,0.0399999991059303,-0.2300000041723251,0.0299999993294477,-0.12950000166893,0.0139999996870756,-0.0805000014603137,0.0104999997653067,0.0,0.0,0.0,0.0,-1,1,-1,1,0,0,0,0,0,0,0,0,36.93975305557251
1784751775.7295623,0.0,0.0,0.0,0.0,0.0,0,0.0,0.0,0.0,0.0,0.2599999904632568,-0.2599999904632568,0.1599999964237213,-0.25,-0.2599999904632568,0.2599999904632568,-0.1599999964237213,0.25,-0.0909999966621398,0.0909999966621398,-0.0559999987483024,0.0875,0.0,0.0,0.0,0.0,-1,1,-1,1,0,0,0,0,0,0,0,0,36.95982527732849
1784751775.7494886,0.0,0.0,0.0,0.0,0.0,0,0.0,0.0,0.0,0.0,0.2599999904632568,-0.2599999904632568,0.1599999964237213,-0.25,-0.2599999904632568,0.2599999904632568,-0.1599999964237213,0.25,-0.0909999966621398,0.0909999966621398,-0.0559999987483024,0.0875,0.0,0.0,0.0,0.0,-1,1,-1,1,0,0,0,0,0,0,0,0,36.97975158691406
1784751775.769729,0.0,0.0,0.0,0.0,0.0,0,0.0,0.0,0.0,0.0,0.1800000071525573,-0.1800000071525573,0.1099999994039535,-0.1700000017881393,-0.1800000071525573,0.1800000071525573,-0.1099999994039535,0.1700000017881393,-0.063000002503395,0.063000002503395,-0.0384999997913837,0.0595000006258487,0.0,0.0,0.0,0.0,-1,1,-1,1,0,0,0,0,0,0,0,0,36.99999189376831
1784751775.7894948,0.0,0.0,0.0,0.0,0.0,0,0.0,0.0,0.0,0.0,0.1800000071525573,-0.1800000071525573,0.1099999994039535,-0.1700000017881393,-0.1800000071525573,0.1800000071525573,-0.1099999994039535,0.1700000017881393,-0.063000002503395,0.063000002503395,-0.0384999997913837,0.0595000006258487,0.0,0.0,0.0,0.0,-1,1,-1,1,0,0,0,0,0,0,0,0,37.01975774765015
1784751775.809521,25.811207247803477,0.0,0.12,25.811207247803477,0.0,0,17.809058289701976,-2.641127628813561,17.809058289701976,-2.641127628813561,0.1800000071525573,-0.1800000071525573,0.1099999994039535,-0.1700000017881393,17.62905828254942,-2.461127621661004,17.699058290298023,-2.471127627025422,6.170170398892297,-0.8613946675813513,6.194670401604308,-0.8648946694588976,0.1586615245429447,-0.022150148594949,0.1592915246126822,-0.0222401486432287,-1,1,-1,1,-14,-13,-14,-13,-20,-14,-20,-14,37.03978395462036
1784751775.8295138,25.811207247803477,0.0,0.12,25.811207247803477,0.0,0,17.809058289701976,-2.641127628813561,17.809058289701976,-2.641127628813561,0.1299999952316284,-0.1299999952316284,0.0799999982118606,-0.1199999973177909,17.679058294470348,-2.511127633581933,17.729058291490116,-2.5211276314957702,6.1876704030646215,-0.8788946717536764,6.20517040202154,-0.8823946710235195,0.3177730491931779,-0.0447502972971864,0.3188530492360932,-0.0449302973266907,-1,1,-1,1,-14,-13,-14,-13,-21,-14,-21,-14,37.0597767829895
1784751775.8495443,0.0,0.0,0.0,0.0,0.0,0,0.0,0.0,0.0,0.0,0.1299999952316284,-0.1299999952316284,0.0799999982118606,-0.1199999973177909,-0.1299999952316284,0.1299999952316284,-0.0799999982118606,0.1199999973177909,-0.0454999983310699,0.0454999983310699,-0.0279999993741512,0.0419999990612268,0.0,0.0,0.0,0.0,-1,1,-1,1,0,0,0,0,0,0,0,0,37.07980728149414
1784751775.8696637,0.0,0.0,0.0,0.0,0.0,0,0.0,0.0,0.0,0.0,0.3100000023841858,-0.3100000023841858,0.2800000011920929,-0.0799999982118606,-0.3100000023841858,0.3100000023841858,-0.2800000011920929,0.0799999982118606,-0.108500000834465,0.108500000834465,-0.0980000004172325,0.0279999993741512,0.0,0.0,0.0,0.0,-1,1,-1,1,0,0,0,0,0,0,0,0,37.099926710128784
1784751775.8895128,0.0,0.0,0.0,0.0,0.0,0,0.0,0.0,0.0,0.0,0.3100000023841858,-0.3100000023841858,0.2800000011920929,-0.0799999982118606,-0.3100000023841858,0.3100000023841858,-0.2800000011920929,0.0799999982118606,-0.108500000834465,0.108500000834465,-0.0980000004172325,0.0279999993741512,0.0,0.0,0.0,0.0,-1,1,-1,1,0,0,0,0,0,0,0,0,37.11977577209473
1784751775.9094846,0.0,0.0,0.0,0.0,0.0,0,0.0,0.0,0.0,0.0,0.3100000023841858,-0.3100000023841858,0.2800000011920929,-0.0799999982118606,-0.3100000023841858,0.3100000023841858,-0.2800000011920929,0.0799999982118606,-0.108500000834465,0.108500000834465,-0.0980000004172325,0.0279999993741512,0.0,0.0,0.0,0.0,-1,1,-1,1,0,0,0,0,0,0,0,0,37.139747619628906
1784751775.9294896,0.0,0.0,0.0,0.0,0.0,0,0.0,0.0,0.0,0.0,-0.0099999997764825,-0.2199999988079071,0.2000000029802322,-0.0599999986588954,0.0099999997764825,0.2199999988079071,-0.2000000029802322,0.0599999986588954,0.0034999999217689,0.0769999995827674,-0.0700000010430812,0.0209999995306134,0.0,0.0,0.0,0.0,-1,1,-1,1,0,0,0,0,0,0,0,0,37.15975260734558
1784751775.9495404,0.0,0.0,0.0,0.0,0.0,0,0.0,0.0,0.0,0.0,-0.0099999997764825,-0.2199999988079071,0.2000000029802322,-0.0599999986588954,0.0099999997764825,0.2199999988079071,-0.2000000029802322,0.0599999986588954,0.0034999999217689,0.0769999995827674,-0.0700000010430812,0.0209999995306134,0.0,0.0,0.0,0.0,-1,1,-1,1,0,0,0,0,0,0,0,0,37.17980337142944
1784751775.969713,0.0,0.0,0.0,0.0,0.0,0,0.0,0.0,0.0,0.0,-0.0099999997764825,-0.2199999988079071,0.2000000029802322,-0.0599999986588954,0.0099999997764825,0.2199999988079071,-0.2000000029802322,0.0599999986588954,0.0034999999217689,0.0769999995827674,-0.0700000010430812,0.0209999995306134,0.0,0.0,0.0,0.0,-1,1,-1,1,0,0,0,0,0,0,0,0,37.19997596740723
1784751775.9895337,25.811207247803477,0.0,0.12,25.811207247803477,0.0,0,17.809058289701976,-2.641127628813561,17.809058289701976,-2.641127628813561,-0.0,-0.1500000059604644,-0.0900000035762786,-0.0399999991059303,17.809058289701976,-2.4911276228530967,17.899058293278255,-2.601127629707631,6.233170401395691,-0.8718946679985838,6.264670402647389,-0.9103946703976707,0.1602815246073178,-0.0224201486056778,0.1610915246395043,-0.0234101486673686,-1,1,-1,1,-14,-13,-14,-13,-20,-14,-20,-14,37.219796657562256
1784751776.0095303,25.811207247803477,0.0,0.12,25.811207247803477,0.0,0,17.809058289701976,-2.641127628813561,17.809058289701976,-2.641127628813561,-0.0,-0.1500000059604644,-0.0900000035762786,-0.0399999991059303,17.809058289701976,-2.4911276228530967,17.899058293278255,-2.601127629707631,6.233170401395691,-0.8718946679985838,6.264670402647389,-0.9103946703976707,0.3205630492146356,-0.0448402972113557,0.3221830492790086,-0.0468202973347373,-1,1,-1,1,-14,-13,-14,-13,-21,-14,-21,-14,37.23979330062866
1784751776.0294907,0.0,0.0,0.0,0.0,0.0,0,0.0,0.0,0.0,0.0,-0.0,-0.1099999994039535,0.1599999964237213,-0.0299999993294477,0.0,0.1099999994039535,-0.1599999964237213,0.0299999993294477,0.0,0.0384999997913837,-0.0559999987483024,0.0104999997653067,0.0,0.0,0.0,0.0,-1,1,-1,1,0,0,0,0,0,0,0,0,37.259753704071045
1784751776.0495117,0.0,0.0,0.0,0.0,0.0,0,0.0,0.0,0.0,0.0,-0.0,-0.1099999994039535,0.1599999964237213,-0.0299999993294477,0.0,0.1099999994039535,-0.1599999964237213,0.0299999993294477,0.0,0.0384999997913837,-0.0559999987483024,0.0104999997653067,0.0,0.0,0.0,0.0,-1,1,-1,1,0,0,0,0,0,0,0,0,37.27977466583252
1784751776.069656,0.0,0.0,0.0,0.0,0.0,0,0.0,0.0,0.0,0.0,0.2199999988079071,-0.0799999982118606,0.1199999973177909,-0.0199999995529651,-0.2199999988079071,0.0799999982118606,-0.1199999973177909,0.0199999995529651,-0.0769999995827674,0.0279999993741512,-0.0419999990612268,0.0069999998435378,0.0,0.0,0.0,0.0,-1,1,-1,1,0,0,0,0,0,0,0,0,37.29991888999939
1784751776.0895147,0.0,0.0,0.0,0.0,0.0,0,0.0,0.0,0.0,0.0,0.2199999988079071,-0.0799999982118606,0.1199999973177909,-0.0199999995529651,-0.2199999988079071,0.0799999982118606,-0.1199999973177909,0.0199999995529651,-0.0769999995827674,0.0279999993741512,-0.0419999990612268,0.0069999998435378,0.0,0.0,0.0,0.0,-1,1,-1,1,0,0,0,0,0,0,0,0,37.319777727127075
1784751776.1095097,0.0,0.0,0.0,0.0,0.0,0,0.0,0.0,0.0,0.0,0.2199999988079071,-0.0799999982118606,0.1199999973177909,-0.0199999995529651,-0.2199999988079071,0.0799999982118606,-0.1199999973177909,0.0199999995529651,-0.0769999995827674,0.0279999993741512,-0.0419999990612268,0.0069999998435378,0.0,0.0,0.0,0.0,-1,1,-1,1,0,0,0,0,0,0,0,0,37.33977270126343
1784751776.1294923,0.0,0.0,0.0,0.0,0.0,0,0.0,0.0,0.0,0.0,0.1599999964237213,-0.050000000745058,0.0799999982118606,-0.0099999997764825,-0.1599999964237213,0.050000000745058,-0.0799999982118606,0.0099999997764825,-0.0559999987483024,0.0175000002607703,-0.0279999993741512,0.0034999999217689,0.0,0.0,0.0,0.0,-1,1,-1,1,0,0,0,0,0,0,0,0,37.35975527763367
1784751776.1495132,0.0,0.0,0.0,0.0,0.0,0,0.0,0.0,0.0,0.0,0.1599999964237213,-0.050000000745058,0.0799999982118606,-0.0099999997764825,-0.1599999964237213,0.050000000745058,-0.0799999982118606,0.0099999997764825,-0.0559999987483024,0.0175000002607703,-0.0279999993741512,0.0034999999217689,0.0,0.0,0.0,0.0,-1,1,-1,1,0,0,0,0,0,0,0,0,37.37977623939514
1784751776.169681,25.811207247803477,0.0,0.12,25.811207247803477,0.0,0,17.809058289701976,-2.641127628813561,17.809058289701976,-2.641127628813561,0.1099999994039535,-0.0399999991059303,0.0599999986588954,-0.0099999997764825,17.699058290298023,-2.601127629707631,17.74905829104308,-2.631127629037078,6.194670401604308,-0.9103946703976707,6.212170401865078,-0.9208946701629774,0.1592915246126822,-0.0234101486673686,0.1597415246193877,-0.0236801486613337,-1,1,-1,1,-14,-13,-14,-13,-20,-14,-20,-14,37.39994406700134
1784751776.1895342,25.811207247803477,0.0,0.12,25.811207247803477,0.0,0,17.809058289701976,-2.641127628813561,17.809058289701976,-2.641127628813561,0.1099999994039535,-0.0399999991059303,0.0599999986588954,-0.0099999997764825,17.699058290298023,-2.601127629707631,17.74905829104308,-2.631127629037078,6.194670401604308,-0.9103946703976707,6.212170401865078,-0.9208946701629774,0.3185830492253644,-0.0468202973347373,0.3194830492387754,-0.0473602973226674,-1,1,-1,1,-14,-13,-14,-13,-21,-14,-21,-14,37.41979718208313
1784751776.2095134,0.0,0.0,0.0,0.0,0.0,0,0.0,0.0,0.0,0.0,0.1099999994039535,-0.0399999991059303,0.0599999986588954,-0.0099999997764825,-0.1099999994039535,0.0399999991059303,-0.0599999986588954,0.0099999997764825,-0.0384999997913837,0.0139999996870756,-0.0209999995306134,0.0034999999217689,0.0,0.0,0.0,0.0,-1,1,-1,1,0,0,0,0,0,0,0,0,37.43977642059326
1784751776.229493,0.0,0.0,0.0,0.0,0.0,0,0.0,0.0,0.0,0.0,0.0799999982118606,-0.0299999993294477,0.0399999991059303,-0.2300000041723251,-0.0799999982118606,0.0299999993294477,-0.0399999991059303,0.2300000041723251,-0.0279999993741512,0.0104999997653067,-0.0139999996870756,0.0805000014603137,0.0,0.0,0.0,0.0,-1,1,-1,1,0,0,0,0,0,0,0,0,37.45975589752197
1784751776.249506,0.0,0.0,0.0,0.0,0.0,0,0.0,0.0,0.0,0.0,0.0799999982118606,-0.0299999993294477,0.0399999991059303,-0.2300000041723251,-0.0799999982118606,0.0299999993294477,-0.0399999991059303,0.2300000041723251,-0.0279999993741512,0.0104999997653067,-0.0139999996870756,0.0805000014603137,0.0,0.0,0.0,0.0,-1,1,-1,1,0,0,0,0,0,0,0,0,37.47976899147034
1784751776.2695582,0.0,0.0,0.0,0.0,0.0,0,0.0,0.0,0.0,0.0,0.2800000011920929,-0.0199999995529651,0.0299999993294477,-0.1599999964237213,-0.2800000011920929,0.0199999995529651,-0.0299999993294477,0.1599999964237213,-0.0980000004172325,0.0069999998435378,-0.0104999997653067,0.0559999987483024,0.0,0.0,0.0,0.0,-1,1,-1,1,0,0,0,0,0,0,0,0,37.499821186065674
1784751776.289512,0.0,0.0,0.0,0.0,0.0,0,0.0,0.0,0.0,0.0,0.2800000011920929,-0.0199999995529651,0.0299999993294477,-0.1599999964237213,-0.2800000011920929,0.0199999995529651,-0.0299999993294477,0.1599999964237213,-0.0980000004172325,0.0069999998435378,-0.0104999997653067,0.0559999987483024,0.0,0.0,0.0,0.0,-1,1,-1,1,0,0,0,0,0,0,0,0,37.51977491378784
1784751776.3094933,0.0,0.0,0.0,0.0,0.0,0,0.0,0.0,0.0,0.0,0.2800000011920929,-0.0199999995529651,0.0299999993294477,-0.1599999964237213,-0.2800000011920929,0.0199999995529651,-0.0299999993294477,0.1599999964237213,-0.0980000004172325,0.0069999998435378,-0.0104999997653067,0.0559999987483024,0.0,0.0,0.0,0.0,-1,1,-1,1,0,0,0,0,0,0,0,0,37.539756298065186
1784751776.3294911,0.0,0.0,0.0,0.0,0.0,0,0.0,0.0,0.0,0.0,0.2000000029802322,-0.0099999997764825,0.0199999995529651,-0.1099999994039535,-0.2000000029802322,0.0099999997764825,-0.0199999995529651,0.1099999994039535,-0.0700000010430812,0.0034999999217689,-0.0069999998435378,0.0384999997913837,0.0,0.0,0.0,0.0,-1,1,-1,1,0,0,0,0,0,0,0,0,37.55975413322449
1784751776.349526,25.811207247803477,0.0,0.12,25.811207247803477,0.0,0,17.809058289701976,-2.641127628813561,17.809058289701976,-2.641127628813561,0.2000000029802322,-0.0099999997764825,0.0199999995529651,-0.1099999994039535,17.609058286721744,-2.631127629037078,17.78905829014901,-2.531127629409608,6.16317040035261,-0.9208946701629774,6.226170401552154,-0.8858946702933627,0.1584815245804957,-0.0236801486613337,0.1601015246113411,-0.0227801486646864,-1,1,-1,1,-14,-13,-14,-13,-20,-14,-20,-14,37.57978892326355
1784751776.3696022,25.811207247803477,0.0,0.12,25.811207247803477,0.0,0,17.809058289701976,-2.641127628813561,17.809058289701976,-2.641127628813561,0.1400000005960464,-0.0099999997764825,0.0099999997764825,-0.0799999982118606,17.66905828910593,-2.631127629037078,17.799058289925494,-2.561127630601701,6.184170401187076,-0.9208946701629774,6.229670401473922,-0.8963946707105951,0.3175030491824491,-0.0473602973226674,0.3202930492206706,-0.0458302973401017,-1,1,-1,1,-14,-13,-14,-13,-21,-14,-21,-14,37.599865198135376
1784751776.3894932,0.0,0.0,0.0,0.0,0.0,0,0.0,0.0,0.0,0.0,0.1400000005960464,-0.0099999997764825,0.0099999997764825,-0.0799999982118606,-0.1400000005960464,0.0099999997764825,-0.0099999997764825,0.0799999982118606,-0.0490000002086162,0.0034999999217689,-0.0034999999217689,0.0279999993741512,0.0,0.0,0.0,0.0,-1,1,-1,1,0,0,0,0,0,0,0,0,37.61975622177124
1784751776.409499,0.0,0.0,0.0,0.0,0.0,0,0.0,0.0,0.0,0.0,0.1400000005960464,-0.0099999997764825,0.0099999997764825,-0.0799999982118606,-0.1400000005960464,0.0099999997764825,-0.0099999997764825,0.0799999982118606,-0.0490000002086162,0.0034999999217689,-0.0034999999217689,0.0279999993741512,0.0,0.0,0.0,0.0,-1,1,-1,1,0,0,0,0,0,0,0,0,37.63976192474365
1784751776.4294925,0.0,0.0,0.0,0.0,0.0,0,0.0,0.0,0.0,0.0,0.1000000014901161,-0.0099999997764825,0.2399999946355819,-0.0599999986588954,-0.1000000014901161,0.0099999997764825,-0.2399999946355819,0.0599999986588954,-0.0350000005215406,0.0034999999217689,-0.0839999981224536,0.0209999995306134,0.0,0.0,0.0,0.0,-1,1,-1,1,0,0,0,0,0,0,0,0,37.65975546836853
1784751776.4495254,0.0,0.0,0.0,0.0,0.0,0,0.0,0.0,0.0,0.0,0.1000000014901161,-0.0099999997764825,0.2399999946355819,-0.0599999986588954,-0.1000000014901161,0.0099999997764825,-0.2399999946355819,0.0599999986588954,-0.0350000005215406,0.0034999999217689,-0.0839999981224536,0.0209999995306134,0.0,0.0,0.0,0.0,-1,1,-1,1,0,0,0,0,0,0,0,0,37.67978835105896
1784751776.4695833,0.0,0.0,0.0,0.0,0.0,0,0.0,0.0,0.0,0.0,0.0700000002980232,-0.0,0.1700000017881393,-0.0399999991059303,-0.0700000002980232,0.0,-0.1700000017881393,0.0399999991059303,-0.0245000001043081,0.0,-0.0595000006258487,0.0139999996870756,0.0,0.0,0.0,0.0,-1,1,-1,1,0,0,0,0,0,0,0,0,37.699846267700195
1784751776.4895155,0.0,0.0,0.0,0.0,0.0,0,0.0,0.0,0.0,0.0,0.0700000002980232,-0.0,0.1700000017881393,-0.0399999991059303,-0.0700000002980232,0.0,-0.1700000017881393,0.0399999991059303,-0.0245000001043081,0.0,-0.0595000006258487,0.0139999996870756,0.0,0.0,0.0,0.0,-1,1,-1,1,0,0,0,0,0,0,0,0,37.719778537750244
1784751776.5094905,0.0,0.0,0.0,0.0,0.0,0,0.0,0.0,0.0,0.0,0.0700000002980232,-0.0,0.1700000017881393,-0.0399999991059303,-0.0700000002980232,0.0,-0.1700000017881393,0.0399999991059303,-0.0245000001043081,0.0,-0.0595000006258487,0.0139999996870756,0.0,0.0,0.0,0.0,-1,1,-1,1,0,0,0,0,0,0,0,0,37.73975348472595
1784751776.529515,25.811207247803477,0.0,0.12,25.811207247803477,0.0,0,17.809058289701976,-2.641127628813561,17.809058289701976,-2.641127628813561,0.050000000745058,-0.0,0.1199999973177909,-0.0299999993294477,17.75905828895692,-2.641127628813561,17.689058292384185,-2.611127629484113,6.215670401134921,-0.9243946700847464,6.191170402334465,-0.9138946703194396,0.1598315246006122,-0.023770148659322,0.1592015246314576,-0.023500148665357,-1,1,-1,1,-14,-13,-14,-13,-20,-14,-20,-14,37.75977802276611
1784751776.5495071,25.811207247803477,0.0,0.12,25.811207247803477,0.0,0,17.809058289701976,-2.641127628813561,17.809058289701976,-2.641127628813561,0.050000000745058,-0.0,0.1199999973177909,-0.0299999993294477,17.75905828895692,-2.641127628813561,17.689058292384185,-2.611127629484113,6.215670401134921,-0.9243946700847464,6.191170402334465,-0.9138946703194396,0.3196630492012245,-0.0475402973186441,0.3184030492629153,-0.047000297330714,-1,1,-1,1,-14,-13,-14,-13,-21,-14,-21,-14,37.77977013587952
1784751776.5695455,0.0,0.0,0.0,0.0,0.0,0,0.0,0.0,0.0,0.0,0.2599999904632568,-0.0,0.3100000023841858,-0.0199999995529651,-0.2599999904632568,0.0,-0.3100000023841858,0.0199999995529651,-0.0909999966621398,0.0,-0.108500000834465,0.0069999998435378,0.0,0.0,0.0,0.0,-1,1,-1,1,0,0,0,0,0,0,0,0,37.799808502197266
1784751776.5894916,0.0,0.0,0.0,0.0,0.0,0,0.0,0.0,0.0,0.0,0.2599999904632568,-0.0,0.3100000023841858,-0.0199999995529651,-0.2599999904632568,0.0,-0.3100000023841858,0.0199999995529651,-0.0909999966621398,0.0,-0.108500000834465,0.0069999998435378,0.0,0.0,0.0,0.0,-1,1,-1,1,0,0,0,0,0,0,0,0,37.8197546005249
1784751776.6094873,0.0,0.0,0.0,0.0,0.0,0,0.0,0.0,0.0,0.0,0.2599999904632568,-0.0,0.3100000023841858,-0.0199999995529651,-0.2599999904632568,0.0,-0.3100000023841858,0.0199999995529651,-0.0909999966621398,0.0,-0.108500000834465,0.0069999998435378,0.0,0.0,0.0,0.0,-1,1,-1,1,0,0,0,0,0,0,0,0,37.83975028991699
1784751776.629494,0.0,0.0,0.0,0.0,0.0,0,0.0,0.0,0.0,0.0,0.1800000071525573,-0.2300000041723251,0.2199999988079071,-0.0099999997764825,-0.1800000071525573,0.2300000041723251,-0.2199999988079071,0.0099999997764825,-0.063000002503395,0.0805000014603137,-0.0769999995827674,0.0034999999217689,0.0,0.0,0.0,0.0,-1,1,-1,1,0,0,0,0,0,0,0,0,37.85975694656372
1784751776.6495245,0.0,0.0,0.0,0.0,0.0,0,0.0,0.0,0.0,0.0,0.1800000071525573,-0.2300000041723251,0.2199999988079071,-0.0099999997764825,-0.1800000071525573,0.2300000041723251,-0.2199999988079071,0.0099999997764825,-0.063000002503395,0.0805000014603137,-0.0769999995827674,0.0034999999217689,0.0,0.0,0.0,0.0,-1,1,-1,1,0,0,0,0,0,0,0,0,37.87978744506836
1784751776.6695294,0.0,0.0,0.0,0.0,0.0,0,0.0,0.0,0.0,0.0,0.1299999952316284,-0.1599999964237213,0.1500000059604644,-0.0099999997764825,-0.1299999952316284,0.1599999964237213,-0.1500000059604644,0.0099999997764825,-0.0454999983310699,0.0559999987483024,-0.0525000020861625,0.0034999999217689,0.0,0.0,0.0,0.0,-1,1,-1,1,0,0,0,0,0,0,0,0,37.899792432785034
1784751776.6894886,0.0,0.0,0.0,0.0,0.0,0,0.0,0.0,0.0,0.0,0.1299999952316284,-0.1599999964237213,0.1500000059604644,-0.0099999997764825,-0.1299999952316284,0.1599999964237213,-0.1500000059604644,0.0099999997764825,-0.0454999983310699,0.0559999987483024,-0.0525000020861625,0.0034999999217689,0.0,0.0,0.0,0.0,-1,1,-1,1,0,0,0,0,0,0,0,0,37.91975164413452
1784751776.7095108,25.811207247803477,0.0,0.12,25.811207247803477,0.0,0,17.809058289701976,-2.641127628813561,17.809058289701976,-2.641127628813561,0.1299999952316284,-0.1599999964237213,0.1500000059604644,-0.0099999997764825,17.679058294470348,-2.48112763238984,17.659058283741512,-2.631127629037078,6.1876704030646215,-0.8683946713364439,6.180670399309529,-0.9208946701629774,0.1591115246502331,-0.0223301486915085,0.1589315245536736,-0.0236801486613337,-1,1,-1,1,-14,-13,-14,-13,-20,-14,-20,-14,37.93977379798889
1784751776.7295153,25.811207247803477,0.0,0.12,25.811207247803477,0.0,0,17.809058289701976,-2.641127628813561,17.809058289701976,-2.641127628813561,0.0900000035762786,-0.1099999994039535,0.1099999994039535,-0.0099999997764825,17.719058286125698,-2.531127629409608,17.699058290298023,-2.631127629037078,6.2016704001439935,-0.8858946702933627,6.194670401604308,-0.9208946701629774,0.3185830492253644,-0.045110297356195,0.3182230491663558,-0.0473602973226674,-1,1,-1,1,-14,-13,-14,-13,-21,-14,-21,-14,37.95977830886841
1784751776.7494867,0.0,0.0,0.0,0.0,0.0,0,0.0,0.0,0.0,0.0,0.0900000035762786,-0.1099999994039535,0.1099999994039535,-0.0099999997764825,-0.0900000035762786,0.1099999994039535,-0.1099999994039535,0.0099999997764825,-0.0315000012516975,0.0384999997913837,-0.0384999997913837,0.0034999999217689,0.0,0.0,0.0,0.0,-1,1,-1,1,0,0,0,0,0,0,0,0,37.97974967956543
1784751776.769527,0.0,0.0,0.0,0.0,0.0,0,0.0,0.0,0.0,0.0,0.5199999809265137,-0.3000000119209289,0.3000000119209289,-0.0,-0.5199999809265137,0.3000000119209289,-0.3000000119209289,0.0,-0.1819999933242797,0.1050000041723251,-0.1050000041723251,0.0,0.0,0.0,0.0,0.0,-1,1,-1,1,0,0,0,0,0,0,0,0,37.99978995323181
1784751776.7895246,0.0,0.0,0.0,0.0,0.0,0,0.0,0.0,0.0,0.0,0.5199999809265137,-0.3000000119209289,0.3000000119209289,-0.0,-0.5199999809265137,0.3000000119209289,-0.3000000119209289,0.0,-0.1819999933242797,0.1050000041723251,-0.1050000041723251,0.0,0.0,0.0,0.0,0.0,-1,1,-1,1,0,0,0,0,0,0,0,0,38.019787549972534
1784751776.809489,0.0,0.0,0.0,0.0,0.0,0,0.0,0.0,0.0,0.0,0.5199999809265137,-0.3000000119209289,0.3000000119209289,-0.0,-0.5199999809265137,0.3000000119209289,-0.3000000119209289,0.0,-0.1819999933242797,0.1050000041723251,-0.1050000041723251,0.0,0.0,0.0,0.0,0.0,-1,1,-1,1,0,0,0,0,0,0,0,0,38.03975200653076
1784751776.829491,0.0,0.0,0.0,0.0,0.0,0,0.0,0.0,0.0,0.0,0.3600000143051147,-0.209999993443489,0.209999993443489,-0.0,-0.3600000143051147,0.209999993443489,-0.209999993443489,0.0,-0.1260000050067901,0.0734999977052211,-0.0734999977052211,0.0,0.0,0.0,0.0,0.0,-1,1,-1,1,0,0,0,0,0,0,0,0,38.05975389480591
1784751776.8495076,0.0,0.0,0.0,0.0,0.0,0,0.0,0.0,0.0,0.0,0.3600000143051147,-0.209999993443489,0.209999993443489,-0.0,-0.3600000143051147,0.209999993443489,-0.209999993443489,0.0,-0.1260000050067901,0.0734999977052211,-0.0734999977052211,0.0,0.0,0.0,0.0,0.0,-1,1,-1,1,0,0,0,0,0,0,0,0,38.07977056503296
1784751776.869636,0.0,0.0,0.0,0.0,0.0,0,0.0,0.0,0.0,0.0,0.25,-0.1500000059604644,0.1500000059604644,-0.0,-0.25,0.1500000059604644,-0.1500000059604644,0.0,-0.0875,0.0525000020861625,-0.0525000020861625,0.0,0.0,0.0,0.0,0.0,-1,1,-1,1,0,0,0,0,0,0,0,0,38.09989905357361
1784751776.8895388,25.811207247803477,0.0,0.12,25.811207247803477,0.0,0,17.809058289701976,-2.641127628813561,17.809058289701976,-2.641127628813561,0.25,-0.1500000059604644,0.1500000059604644,-0.0,17.559058289701976,-2.4911276228530967,17.659058283741512,-2.641127628813561,6.145670401395692,-0.8718946679985838,6.180670399309529,-0.9243946700847464,0.1580315246073177,-0.0224201486056778,0.1589315245536736,-0.023770148659322,-1,1,-1,1,-14,-13,-14,-13,-20,-14,-20,-14,38.11980175971985
1784751776.9095054,25.811207247803477,0.0,0.12,25.811207247803477,0.0,0,17.809058289701976,-2.641127628813561,17.809058289701976,-2.641127628813561,0.25,-0.1500000059604644,0.1500000059604644,-0.0,17.559058289701976,-2.4911276228530967,17.659058283741512,-2.641127628813561,6.145670401395692,-0.8718946679985838,6.180670399309529,-0.9243946700847464,0.3160630492146355,-0.0448402972113557,0.3178630491073472,-0.0475402973186441,-1,1,-1,1,-14,-13,-14,-13,-20,-14,-20,-14,38.13976836204529
1784751776.9294946,0.0,0.0,0.0,0.0,0.0,0,0.0,0.0,0.0,0.0,0.1800000071525573,-0.1000000014901161,0.1000000014901161,-0.0,-0.1800000071525573,0.1000000014901161,-0.1000000014901161,0.0,-0.063000002503395,0.0350000005215406,-0.0350000005215406,0.0,0.0,0.0,0.0,0.0,-1,1,-1,1,0,0,0,0,0,0,0,0,38.15975761413574
1784751776.9494994,0.0,0.0,0.0,0.0,0.0,0,0.0,0.0,0.0,0.0,0.1800000071525573,-0.1000000014901161,0.1000000014901161,-0.0,-0.1800000071525573,0.1000000014901161,-0.1000000014901161,0.0,-0.063000002503395,0.0350000005215406,-0.0350000005215406,0.0,0.0,0.0,0.0,0.0,-1,1,-1,1,0,0,0,0,0,0,0,0,38.17976236343384
1784751776.96968,0.0,0.0,0.0,0.0,0.0,0,0.0,0.0,0.0,0.0,0.3499999940395355,-0.3000000119209289,0.3000000119209289,-0.0,-0.3499999940395355,0.3000000119209289,-0.3000000119209289,0.0,-0.1224999979138374,0.1050000041723251,-0.1050000041723251,0.0,0.0,0.0,0.0,0.0,-1,1,-1,1,0,0,0,0,0,0,0,0,38.19994306564331
1784751776.9894946,0.0,0.0,0.0,0.0,0.0,0,0.0,0.0,0.0,0.0,0.3499999940395355,-0.3000000119209289,0.3000000119209289,-0.0,-0.3499999940395355,0.3000000119209289,-0.3000000119209289,0.0,-0.1224999979138374,0.1050000041723251,-0.1050000041723251,0.0,0.0,0.0,0.0,0.0,-1,1,-1,1,0,0,0,0,0,0,0,0,38.21975755691528
1784751777.009509,0.0,0.0,0.0,0.0,0.0,0,0.0,0.0,0.0,0.0,0.3499999940395355,-0.3000000119209289,0.3000000119209289,-0.0,-0.3499999940395355,0.3000000119209289,-0.3000000119209289,0.0,-0.1224999979138374,0.1050000041723251,-0.1050000041723251,0.0,0.0,0.0,0.0,0.0,-1,1,-1,1,0,0,0,0,0,0,0,0,38.23977208137512
1784751777.029508,0.0,0.0,0.0,0.0,0.0,0,0.0,0.0,0.0,0.0,0.25,-0.209999993443489,-0.0199999995529651,-0.0,-0.25,0.209999993443489,0.0199999995529651,0.0,-0.0875,0.0734999977052211,0.0069999998435378,0.0,0.0,0.0,0.0,0.0,-1,1,-1,1,0,0,0,0,0,0,0,0,38.25977110862732
1784751777.0494983,0.0,0.0,0.0,0.0,0.0,0,0.0,0.0,0.0,0.0,0.25,-0.209999993443489,-0.0199999995529651,-0.0,-0.25,0.209999993443489,0.0199999995529651,0.0,-0.0875,0.0734999977052211,0.0069999998435378,0.0,0.0,0.0,0.0,0.0,-1,1,-1,1,0,0,0,0,0,0,0,0,38.27976131439209
1784751777.0697088,25.811207247803477,0.0,0.12,25.811207247803477,0.0,0,17.809058289701976,-2.641127628813561,17.809058289701976,-2.641127628813561,0.25,-0.209999993443489,-0.0199999995529651,-0.0,17.559058289701976,-2.431127635370072,17.82905828925494,-2.641127628813561,6.145670401395692,-0.8508946723795252,6.240170401239229,-0.9243946700847464,0.1580315246073177,-0.0218801487183306,0.1604615246032945,-0.023770148659322,-1,1,-1,1,-14,-13,-14,-13,-20,-14,-20,-14,38.29997181892395
1784751777.0895495,25.811207247803477,0.0,0.12,25.811207247803477,0.0,0,17.809058289701976,-2.641127628813561,17.809058289701976,-2.641127628813561,0.1700000017881393,-0.1500000059604644,-0.0099999997764825,-0.0,17.639058287913837,-2.4911276228530967,17.81905828947846,-2.641127628813561,6.173670400769843,-0.8718946679985838,6.23667040131746,-0.9243946700847464,0.3167830491985423,-0.0443002973240085,0.3208330492086006,-0.0475402973186441,-1,1,-1,1,-14,-13,-14,-13,-20,-14,-21,-14,38.319812536239624
1784751777.109514,0.0,0.0,0.0,0.0,0.0,0,0.0,0.0,0.0,0.0,0.1700000017881393,-0.1500000059604644,-0.0099999997764825,-0.0,-0.1700000017881393,0.1500000059604644,0.0099999997764825,0.0,-0.0595000006258487,0.0525000020861625,0.0034999999217689,0.0,0.0,0.0,0.0,0.0,-1,1,-1,1,0,0,0,0,0,0,0,0,38.33977699279785
1784751777.1294966,0.0,0.0,0.0,0.0,0.0,0,0.0,0.0,0.0,0.0,0.3499999940395355,-0.3300000131130218,0.2199999988079071,-0.2300000041723251,-0.3499999940395355,0.3300000131130218,-0.2199999988079071,0.2300000041723251,-0.1224999979138374,0.1155000045895576,-0.0769999995827674,0.0805000014603137,0.0,0.0,0.0,0.0,-1,1,-1,1,0,0,0,0,0,0,0,0,38.35975956916809
1784751777.1495469,0.0,0.0,0.0,0.0,0.0,0,0.0,0.0,0.0,0.0,0.3499999940395355,-0.3300000131130218,0.2199999988079071,-0.2300000041723251,-0.3499999940395355,0.3300000131130218,-0.2199999988079071,0.2300000041723251,-0.1224999979138374,0.1155000045895576,-0.0769999995827674,0.0805000014603137,0.0,0.0,0.0,0.0,-1,1,-1,1,0,0,0,0,0,0,0,0,38.379809856414795
1784751777.1696737,0.0,0.0,0.0,0.0,0.0,0,0.0,0.0,0.0,0.0,0.4699999988079071,-0.4600000083446502,0.1500000059604644,0.0700000002980232,-0.4699999988079071,0.4600000083446502,-0.1500000059604644,-0.0700000002980232,-0.1644999995827674,0.1610000029206275,-0.0525000020861625,-0.0245000001043081,0.0,0.0,0.0,0.0,-1,1,-1,1,0,0,0,0,0,0,0,0,38.39993667602539
1784751777.1895373,0.0,0.0,0.0,0.0,0.0,0,0.0,0.0,0.0,0.0,0.4699999988079071,-0.4600000083446502,0.1500000059604644,0.0700000002980232,-0.4699999988079071,0.4600000083446502,-0.1500000059604644,-0.0700000002980232,-0.1644999995827674,0.1610000029206275,-0.0525000020861625,-0.0245000001043081,0.0,0.0,0.0,0.0,-1,1,-1,1,0,0,0,0,0,0,0,0,38.41980028152466
1784751777.2095244,0.0,0.0,0.0,0.0,0.0,0,0.0,0.0,0.0,0.0,0.4699999988079071,-0.4600000083446502,0.1500000059604644,0.0700000002980232,-0.4699999988079071,0.4600000083446502,-0.1500000059604644,-0.0700000002980232,-0.1644999995827674,0.1610000029206275,-0.0525000020861625,-0.0245000001043081,0.0,0.0,0.0,0.0,-1,1,-1,1,0,0,0,0,0,0,0,0,38.4397873878479
1784751777.2295,0.0,0.0,0.0,0.0,0.0,0,0.0,0.0,0.0,0.0,0.3300000131130218,-0.3199999928474426,0.1099999994039535,0.050000000745058,-0.3300000131130218,0.3199999928474426,-0.1099999994039535,-0.050000000745058,-0.1155000045895576,0.1119999974966049,-0.0384999997913837,-0.0175000002607703,0.0,0.0,0.0,0.0,-1,1,-1,1,0,0,0,0,0,0,0,0,38.459763050079346
1784751777.2495718,25.811207247803477,0.0,0.12,25.811207247803477,0.0,0,17.809058289701976,-2.641127628813561,17.809058289701976,-2.641127628813561,0.3300000131130218,-0.3199999928474426,0.1099999994039535,0.050000000745058,17.479058276588955,-2.3211276359661186,17.699058290298023,-2.6911276295586197,6.117670396806134,-0.8123946725881415,6.194670401604308,-0.9418946703455168,0.1573115244893006,-0.020890148723695,0.1592915246126822,-0.0242201486660275,-1,1,-1,1,-14,-13,-14,-13,-20,-14,-20,-14,38.47983479499817
1784751777.26958,25.811207247803477,0.0,0.12,25.811207247803477,0.0,0,17.809058289701976,-2.641127628813561,17.809058289701976,-2.641127628813561,0.2300000041723251,-0.2199999988079071,0.0700000002980232,0.0299999993294477,17.57905828552965,-2.421127630005654,17.739058289403953,-2.671127628143009,6.152670399935378,-0.8473946705019789,6.208670401291383,-0.9348946698500532,0.3155230490590675,-0.0426802973937459,0.3189430492173177,-0.0482602973193146,-1,1,-1,1,-14,-13,-14,-13,-20,-14,-21,-14,38.49984288215637
1784751777.2895114,0.0,0.0,0.0,0.0,0.0,0,0.0,0.0,0.0,0.0,0.2300000041723251,-0.2199999988079071,0.0700000002980232,0.0299999993294477,-0.2300000041723251,0.2199999988079071,-0.0700000002980232,-0.0299999993294477,-0.0805000014603137,0.0769999995827674,-0.0245000001043081,-0.0104999997653067,0.0,0.0,0.0,0.0,-1,1,-1,1,0,0,0,0,0,0,0,0,38.519774436950684
1784751777.3094954,0.0,0.0,0.0,0.0,0.0,0,0.0,0.0,0.0,0.0,0.2300000041723251,-0.2199999988079071,0.0700000002980232,0.0299999993294477,-0.2300000041723251,0.2199999988079071,-0.0700000002980232,-0.0299999993294477,-0.0805000014603137,0.0769999995827674,-0.0245000001043081,-0.0104999997653067,0.0,0.0,0.0,0.0,-1,1,-1,1,0,0,0,0,0,0,0,0,38.5397584438324
1784751777.3295,0.0,0.0,0.0,0.0,0.0,0,0.0,0.0,0.0,0.0,0.3899999856948852,-0.3799999952316284,0.2800000011920929,-0.4300000071525574,-0.3899999856948852,0.3799999952316284,-0.2800000011920929,0.4300000071525574,-0.1364999949932098,0.1329999983310699,-0.0980000004172325,0.150500002503395,0.0,0.0,0.0,0.0,-1,1,-1,1,0,0,0,0,0,0,0,0,38.559762954711914
1784751777.349507,0.0,0.0,0.0,0.0,0.0,0,0.0,0.0,0.0,0.0,0.3899999856948852,-0.3799999952316284,0.2800000011920929,-0.4300000071525574,-0.3899999856948852,0.3799999952316284,-0.2800000011920929,0.4300000071525574,-0.1364999949932098,0.1329999983310699,-0.0980000004172325,0.150500002503395,0.0,0.0,0.0,0.0,-1,1,-1,1,0,0,0,0,0,0,0,0,38.5797700881958
1784751777.3696988,0.0,0.0,0.0,0.0,0.0,0,0.0,0.0,0.0,0.0,0.5,-0.270000010728836,0.2000000029802322,-0.3000000119209289,-0.5,0.270000010728836,-0.2000000029802322,0.3000000119209289,-0.175,0.0945000037550926,-0.0700000010430812,0.1050000041723251,0.0,0.0,0.0,0.0,-1,1,-1,1,0,0,0,0,0,0,0,0,38.59996175765991
1784751777.389516,0.0,0.0,0.0,0.0,0.0,0,0.0,0.0,0.0,0.0,0.5,-0.270000010728836,0.2000000029802322,-0.3000000119209289,-0.5,0.270000010728836,-0.2000000029802322,0.3000000119209289,-0.175,0.0945000037550926,-0.0700000010430812,0.1050000041723251,0.0,0.0,0.0,0.0,-1,1,-1,1,0,0,0,0,0,0,0,0,38.619779109954834
1784751777.4095056,0.0,0.0,0.0,0.0,0.0,0,0.0,0.0,0.0,0.0,0.5,-0.270000010728836,0.2000000029802322,-0.3000000119209289,-0.5,0.270000010728836,-0.2000000029802322,0.3000000119209289,-0.175,0.0945000037550926,-0.0700000010430812,0.1050000041723251,0.0,0.0,0.0,0.0,-1,1,-1,1,0,0,0,0,0,0,0,0,38.63976860046387
1784751777.4295146,25.811207247803477,0.0,0.12,25.811207247803477,0.0,0,17.809058289701976,-2.641127628813561,17.809058289701976,-2.641127628813561,0.3499999940395355,-0.1899999976158142,0.1400000005960464,-0.209999993443489,17.45905829566244,-2.451127631197747,17.66905828910593,-2.431127635370072,6.110670403481854,-0.8578946709192115,6.184170401187076,-0.8508946723795252,0.1571315246609619,-0.0220601486807797,0.1590215246019533,-0.0218801487183306,-1,1,-1,1,-14,-13,-14,-13,-20,-14,-20,-14,38.65977764129639
1784751777.4495142,25.811207247803477,0.0,0.12,25.811207247803477,0.0,0,17.809058289701976,-2.641127628813561,17.809058289701976,-2.641127628813561,0.3499999940395355,-0.1899999976158142,0.1400000005960464,-0.209999993443489,17.45905829566244,-2.451127631197747,17.66905828910593,-2.431127635370072,6.110670403481854,-0.8578946709192115,6.184170401187076,-0.8508946723795252,0.3142630493219239,-0.0441202973615594,0.3180430492039067,-0.0437602974366613,-1,1,-1,1,-14,-13,-14,-13,-20,-14,-21,-14,38.67977714538574
1784751777.469553,0.0,0.0,0.0,0.0,0.0,0,0.0,0.0,0.0,0.0,0.4699999988079071,-0.3600000143051147,0.3199999928474426,-0.1500000059604644,-0.4699999988079071,0.3600000143051147,-0.3199999928474426,0.1500000059604644,-0.1644999995827674,0.1260000050067901,-0.1119999974966049,0.0525000020861625,0.0,0.0,0.0,0.0,-1,1,-1,1,0,0,0,0,0,0,0,0,38.69981598854065
1784751777.489503,0.0,0.0,0.0,0.0,0.0,0,0.0,0.0,0.0,0.0,0.4699999988079071,-0.3600000143051147,0.3199999928474426,-0.1500000059604644,-0.4699999988079071,0.3600000143051147,-0.3199999928474426,0.1500000059604644,-0.1644999995827674,0.1260000050067901,-0.1119999974966049,0.0525000020861625,0.0,0.0,0.0,0.0,-1,1,-1,1,0,0,0,0,0,0,0,0,38.71976590156555
1784751777.5094986,0.0,0.0,0.0,0.0,0.0,0,0.0,0.0,0.0,0.0,0.4699999988079071,-0.3600000143051147,0.3199999928474426,-0.1500000059604644,-0.4699999988079071,0.3600000143051147,-0.3199999928474426,0.1500000059604644,-0.1644999995827674,0.1260000050067901,-0.1119999974966049,0.0525000020861625,0.0,0.0,0.0,0.0,-1,1,-1,1,0,0,0,0,0,0,0,0,38.73976159095764
1784751777.5294948,0.0,0.0,0.0,0.0,0.0,0,0.0,0.0,0.0,0.0,1.0099999904632568,-0.699999988079071,0.449999988079071,-0.1000000014901161,-1.0099999904632568,0.699999988079071,-0.449999988079071,0.1000000014901161,-0.3534999966621399,0.2449999958276748,-0.1574999958276748,0.0350000005215406,0.0,0.0,0.0,0.0,-1,1,-1,1,0,0,0,0,0,0,0,0,38.75975775718689
1784751777.5494957,0.0,0.0,0.0,0.0,0.0,0,0.0,0.0,0.0,0.0,1.0099999904632568,-0.699999988079071,0.449999988079071,-0.1000000014901161,-1.0099999904632568,0.699999988079071,-0.449999988079071,0.1000000014901161,-0.3534999966621399,0.2449999958276748,-0.1574999958276748,0.0350000005215406,0.0,0.0,0.0,0.0,-1,1,-1,1,0,0,0,0,0,0,0,0,38.77975869178772
1784751777.5695555,0.0,0.0,0.0,0.0,0.0,0,0.0,0.0,0.0,0.0,0.7099999785423279,-0.4900000095367431,0.3199999928474426,-0.0700000002980232,-0.7099999785423279,0.4900000095367431,-0.3199999928474426,0.0700000002980232,-0.2484999924898147,0.17150000333786,-0.1119999974966049,0.0245000001043081,0.0,0.0,0.0,0.0,-1,1,-1,1,0,0,0,0,0,0,0,0,38.79981851577759
1784751777.589495,0.0,0.0,0.0,0.0,0.0,0,0.0,0.0,0.0,0.0,0.7099999785423279,-0.4900000095367431,0.3199999928474426,-0.0700000002980232,-0.7099999785423279,0.4900000095367431,-0.3199999928474426,0.0700000002980232,-0.2484999924898147,0.17150000333786,-0.1119999974966049,0.0245000001043081,0.0,0.0,0.0,0.0,-1,1,-1,1,0,0,0,0,0,0,0,0,38.81975793838501
1784751777.6095128,25.811207247803477,0.0,0.12,25.811207247803477,0.0,0,17.809058289701976,-2.641127628813561,17.809058289701976,-2.641127628813561,0.7099999785423279,-0.4900000095367431,0.3199999928474426,-0.0700000002980232,17.09905831115965,-2.151127619276818,17.489058296854534,-2.571127628515538,5.984670408905877,-0.7528946667468863,6.121170403899087,-0.8998946699804382,0.1538915248004368,-0.0193601485734913,0.1574015246716908,-0.0231401486566398,-1,1,-1,1,-14,-13,-14,-13,-20,-14,-20,-14,38.839775800704956
1784751777.6295202,25.811207247803477,0.0,0.12,25.811207247803477,0.0,0,17.809058289701976,-2.641127628813561,17.809058289701976,-2.641127628813561,0.4900000095367431,-0.3400000035762787,0.2199999988079071,-0.050000000745058,17.319058280165233,-2.3011276252372825,17.58905829089407,-2.591127628068503,6.061670398057832,-0.8053946688330489,6.156170401812924,-0.906894669823976,0.309763049321924,-0.0400702972006269,0.3157030492897374,-0.0464602973092563,-1,1,-1,1,-14,-13,-14,-13,-20,-14,-20,-14,38.85978317260742
1784751777.6494827,0.0,0.0,0.0,0.0,0.0,0,0.0,0.0,0.0,0.0,0.4900000095367431,-0.3400000035762787,0.2199999988079071,-0.050000000745058,-0.4900000095367431,0.3400000035762787,-0.2199999988079071,0.050000000745058,-0.17150000333786,0.1190000012516975,-0.0769999995827674,0.0175000002607703,0.0,0.0,0.0,0.0,-1,1,-1,1,0,0,0,0,0,0,0,0,38.87974572181702
1784751777.6695404,0.0,0.0,0.0,0.0,0.0,0,0.0,0.0,0.0,0.0,0.5699999928474426,-0.4699999988079071,0.3799999952316284,-0.0399999991059303,-0.5699999928474426,0.4699999988079071,-0.3799999952316284,0.0399999991059303,-0.1994999974966049,0.1644999995827674,-0.1329999983310699,0.0139999996870756,0.0,0.0,0.0,0.0,-1,1,-1,1,0,0,0,0,0,0,0,0,38.89980340003967
1784751777.689478,0.0,0.0,0.0,0.0,0.0,0,0.0,0.0,0.0,0.0,0.5699999928474426,-0.4699999988079071,0.3799999952316284,-0.0399999991059303,-0.5699999928474426,0.4699999988079071,-0.3799999952316284,0.0399999991059303,-0.1994999974966049,0.1644999995827674,-0.1329999983310699,0.0139999996870756,0.0,0.0,0.0,0.0,-1,1,-1,1,0,0,0,0,0,0,0,0,38.91974091529846
1784751777.7094889,0.0,0.0,0.0,0.0,0.0,0,0.0,0.0,0.0,0.0,0.5699999928474426,-0.4699999988079071,0.3799999952316284,-0.0399999991059303,-0.5699999928474426,0.4699999988079071,-0.3799999952316284,0.0399999991059303,-0.1994999974966049,0.1644999995827674,-0.1329999983310699,0.0139999996870756,0.0,0.0,0.0,0.0,-1,1,-1,1,0,0,0,0,0,0,0,0,38.939751863479614
1784751777.7294946,0.0,0.0,0.0,0.0,0.0,0,0.0,0.0,0.0,0.0,0.4000000059604645,-0.3300000131130218,0.4900000095367431,-0.0199999995529651,-0.4000000059604645,0.3300000131130218,-0.4900000095367431,0.0199999995529651,-0.1400000020861625,0.1155000045895576,-0.17150000333786,0.0069999998435378,0.0,0.0,0.0,0.0,-1,1,-1,1,0,0,0,0,0,0,0,0,38.959757566452026
1784751777.7494886,0.0,0.0,0.0,0.0,0.0,0,0.0,0.0,0.0,0.0,0.4000000059604645,-0.3300000131130218,0.4900000095367431,-0.0199999995529651,-0.4000000059604645,0.3300000131130218,-0.4900000095367431,0.0199999995529651,-0.1400000020861625,0.1155000045895576,-0.17150000333786,0.0069999998435378,0.0,0.0,0.0,0.0,-1,1,-1,1,0,0,0,0,0,0,0,0,38.97975158691406
1784751777.7695427,0.0,0.0,0.0,0.0,0.0,0,0.0,0.0,0.0,0.0,0.2800000011920929,-0.2300000041723251,0.3499999940395355,-0.0199999995529651,-0.2800000011920929,0.2300000041723251,-0.3499999940395355,0.0199999995529651,-0.0980000004172325,0.0805000014603137,-0.1224999979138374,0.0069999998435378,0.0,0.0,0.0,0.0,-1,1,-1,1,0,0,0,0,0,0,0,0,38.99980568885803
1784751777.7894914,25.811207247803477,0.0,0.12,25.811207247803477,0.0,0,17.809058289701976,-2.641127628813561,17.809058289701976,-2.641127628813561,0.2800000011920929,-0.2300000041723251,0.3499999940395355,-0.0199999995529651,17.529058288509884,-2.411127624641236,17.45905829566244,-2.621127629260596,6.135170400978459,-0.8438946686244326,6.110670403481854,-0.9173946702412086,0.1577615245965889,-0.0217001486217711,0.1571315246609619,-0.0235901486633453,-1,1,-1,1,-14,-13,-14,-13,-20,-14,-20,-14,39.01975440979004
1784751777.8095045,25.811207247803477,0.0,0.12,25.811207247803477,0.0,0,17.809058289701976,-2.641127628813561,17.809058289701976,-2.641127628813561,0.2800000011920929,-0.2300000041723251,0.3499999940395355,-0.0199999995529651,17.529058288509884,-2.411127624641236,17.45905829566244,-2.621127629260596,6.135170400978459,-0.8438946686244326,6.110670403481854,-0.9173946702412086,0.3155230491931779,-0.0434002972435422,0.3142630493219239,-0.0471802973266907,-1,1,-1,1,-14,-13,-14,-13,-20,-14,-20,-14,39.0397675037384
1784751777.8295374,0.0,0.0,0.0,0.0,0.0,0,0.0,0.0,0.0,0.0,0.2000000029802322,-0.1599999964237213,0.2399999946355819,-0.0099999997764825,-0.2000000029802322,0.1599999964237213,-0.2399999946355819,0.0099999997764825,-0.0700000010430812,0.0559999987483024,-0.0839999981224536,0.0034999999217689,0.0,0.0,0.0,0.0,-1,1,-1,1,0,0,0,0,0,0,0,0,39.05980038642883
1784751777.8494866,0.0,0.0,0.0,0.0,0.0,0,0.0,0.0,0.0,0.0,0.2000000029802322,-0.1599999964237213,0.2399999946355819,-0.0099999997764825,-0.2000000029802322,0.1599999964237213,-0.2399999946355819,0.0099999997764825,-0.0700000010430812,0.0559999987483024,-0.0839999981224536,0.0034999999217689,0.0,0.0,0.0,0.0,-1,1,-1,1,0,0,0,0,0,0,0,0,39.079749584198
1784751777.8695412,0.0,0.0,0.0,0.0,0.0,0,0.0,0.0,0.0,0.0,0.5899999737739563,-0.3400000035762787,0.1700000017881393,-0.2300000041723251,-0.5899999737739563,0.3400000035762787,-0.1700000017881393,0.2300000041723251,-0.2064999908208847,0.1190000012516975,-0.0595000006258487,0.0805000014603137,0.0,0.0,0.0,0.0,-1,1,-1,1,0,0,0,0,0,0,0,0,39.099804162979126
1784751777.889492,0.0,0.0,0.0,0.0,0.0,0,0.0,0.0,0.0,0.0,0.5899999737739563,-0.3400000035762787,0.1700000017881393,-0.2300000041723251,-0.5899999737739563,0.3400000035762787,-0.1700000017881393,0.2300000041723251,-0.2064999908208847,0.1190000012516975,-0.0595000006258487,0.0805000014603137,0.0,0.0,0.0,0.0,-1,1,-1,1,0,0,0,0,0,0,0,0,39.119755029678345
1784751777.9094942,0.0,0.0,0.0,0.0,0.0,0,0.0,0.0,0.0,0.0,0.5899999737739563,-0.3400000035762787,0.1700000017881393,-0.2300000041723251,-0.5899999737739563,0.3400000035762787,-0.1700000017881393,0.2300000041723251,-0.2064999908208847,0.1190000012516975,-0.0595000006258487,0.0805000014603137,0.0,0.0,0.0,0.0,-1,1,-1,1,0,0,0,0,0,0,0,0,39.13975715637207
1784751777.9294958,0.0,0.0,0.0,0.0,0.0,0,0.0,0.0,0.0,0.0,0.4099999964237213,-0.2399999946355819,0.1199999973177909,-0.1599999964237213,-0.4099999964237213,0.2399999946355819,-0.1199999973177909,0.1599999964237213,-0.1434999987483024,0.0839999981224536,-0.0419999990612268,0.0559999987483024,0.0,0.0,0.0,0.0,-1,1,-1,1,0,0,0,0,0,0,0,0,39.15975880622864
1784751777.9494967,0.0,0.0,0.0,0.0,0.0,0,0.0,0.0,0.0,0.0,0.4099999964237213,-0.2399999946355819,0.1199999973177909,-0.1599999964237213,-0.4099999964237213,0.2399999946355819,-0.1199999973177909,0.1599999964237213,-0.1434999987483024,0.0839999981224536,-0.0419999990612268,0.0559999987483024,0.0,0.0,0.0,0.0,-1,1,-1,1,0,0,0,0,0,0,0,0,39.17975974082947
1784751777.9696844,25.811207247803477,0.0,0.12,25.811207247803477,0.0,0,17.809058289701976,-2.641127628813561,17.809058289701976,-2.641127628813561,0.2899999916553497,-0.1700000017881393,0.0799999982118606,-0.1199999973177909,17.519058298046627,-2.471127627025422,17.729058291490116,-2.5211276314957702,6.131670404316319,-0.8648946694588976,6.20517040202154,-0.8823946710235195,0.1576715246824196,-0.0222401486432287,0.159561524623411,-0.0226901486834619,-1,1,-1,1,-14,-13,-14,-13,-20,-14,-20,-14,39.199947357177734
1784751777.9895377,25.811207247803477,0.0,0.12,25.811207247803477,0.0,0,17.809058289701976,-2.641127628813561,17.809058289701976,-2.641127628813561,0.2899999916553497,-0.1700000017881393,0.0799999982118606,-0.1199999973177909,17.519058298046627,-2.471127627025422,17.729058291490116,-2.5211276314957702,6.131670404316319,-0.8648946694588976,6.20517040202154,-0.8823946710235195,0.3153430493648392,-0.0444802972864575,0.3191230492468221,-0.0453802973669238,-1,1,-1,1,-14,-13,-14,-13,-20,-14,-21,-14,39.2198007106781
1784751778.0095055,0.0,0.0,0.0,0.0,0.0,0,0.0,0.0,0.0,0.0,0.2899999916553497,-0.1700000017881393,0.0799999982118606,-0.1199999973177909,-0.2899999916553497,0.1700000017881393,-0.0799999982118606,0.1199999973177909,-0.1014999970793724,0.0595000006258487,-0.0279999993741512,0.0419999990612268,0.0,0.0,0.0,0.0,-1,1,-1,1,0,0,0,0,0,0,0,0,39.239768505096436
1784751778.0295088,0.0,0.0,0.0,0.0,0.0,0,0.0,0.0,0.0,0.0,0.4300000071525574,-0.1199999973177909,0.2800000011920929,-0.0799999982118606,-0.4300000071525574,0.1199999973177909,-0.2800000011920929,0.0799999982118606,-0.150500002503395,0.0419999990612268,-0.0980000004172325,0.0279999993741512,0.0,0.0,0.0,0.0,-1,1,-1,1,0,0,0,0,0,0,0,0,39.25977182388306
1784751778.0494952,0.0,0.0,0.0,0.0,0.0,0,0.0,0.0,0.0,0.0,0.4300000071525574,-0.1199999973177909,0.2800000011920929,-0.0799999982118606,-0.4300000071525574,0.1199999973177909,-0.2800000011920929,0.0799999982118606,-0.150500002503395,0.0419999990612268,-0.0980000004172325,0.0279999993741512,0.0,0.0,0.0,0.0,-1,1,-1,1,0,0,0,0,0,0,0,0,39.27975821495056
1784751778.0696447,0.0,0.0,0.0,0.0,0.0,0,0.0,0.0,0.0,0.0,0.5299999713897705,-0.0799999982118606,0.4300000071525574,-0.0599999986588954,-0.5299999713897705,0.0799999982118606,-0.4300000071525574,0.0599999986588954,-0.1854999899864196,0.0279999993741512,-0.150500002503395,0.0209999995306134,0.0,0.0,0.0,0.0,-1,1,-1,1,0,0,0,0,0,0,0,0,39.29990768432617
1784751778.0894885,0.0,0.0,0.0,0.0,0.0,0,0.0,0.0,0.0,0.0,0.5299999713897705,-0.0799999982118606,0.4300000071525574,-0.0599999986588954,-0.5299999713897705,0.0799999982118606,-0.4300000071525574,0.0599999986588954,-0.1854999899864196,0.0279999993741512,-0.150500002503395,0.0209999995306134,0.0,0.0,0.0,0.0,-1,1,-1,1,0,0,0,0,0,0,0,0,39.319751501083374
1784751778.1095097,0.0,0.0,0.0,0.0,0.0,0,0.0,0.0,0.0,0.0,0.5299999713897705,-0.0799999982118606,0.4300000071525574,-0.0599999986588954,-0.5299999713897705,0.0799999982118606,-0.4300000071525574,0.0599999986588954,-0.1854999899864196,0.0279999993741512,-0.150500002503395,0.0209999995306134,0.0,0.0,0.0,0.0,-1,1,-1,1,0,0,0,0,0,0,0,0,39.33977270126343
1784751778.1294937,0.0,0.0,0.0,0.0,0.0,0,0.0,0.0,0.0,0.0,0.3700000047683716,-0.0599999986588954,0.3000000119209289,-0.0399999991059303,-0.3700000047683716,0.0599999986588954,-0.3000000119209289,0.0399999991059303,-0.12950000166893,0.0209999995306134,-0.1050000041723251,0.0139999996870756,0.0,0.0,0.0,0.0,-1,1,-1,1,0,0,0,0,0,0,0,0,39.35975670814514
1784751778.1495235,25.811207247803477,0.0,0.12,25.811207247803477,0.0,0,17.809058289701976,-2.641127628813561,17.809058289701976,-2.641127628813561,0.3700000047683716,-0.0599999986588954,0.3000000119209289,-0.0399999991059303,17.439058284933605,-2.5811276301546657,17.509058277781048,-2.601127629707631,6.103670399726761,-0.9033946705541328,6.128170397223366,-0.9103946703976707,0.1569515245644024,-0.0232301486713919,0.1575815245000294,-0.0234101486673686,-1,1,-1,1,-14,-13,-14,-13,-20,-14,-20,-14,39.37978649139404
1784751778.1695745,25.811207247803477,0.0,0.12,25.811207247803477,0.0,0,17.809058289701976,-2.641127628813561,17.809058289701976,-2.641127628813561,0.2599999904632568,-0.0399999991059303,0.209999993443489,-0.0299999993294477,17.54905829923872,-2.601127629707631,17.599058296258487,-2.611127629484113,6.142170404733552,-0.9103946703976707,6.159670403690471,-0.9138946703194396,0.3148930492575509,-0.0466402973387606,0.3159730491663558,-0.0469102973327257,-1,1,-1,1,-14,-13,-14,-13,-20,-14,-20,-14,39.399837493896484
1784751778.1896727,0.0,0.0,0.0,0.0,0.0,0,0.0,0.0,0.0,0.0,0.2599999904632568,-0.0399999991059303,0.209999993443489,-0.0299999993294477,-0.2599999904632568,0.0399999991059303,-0.209999993443489,0.0299999993294477,-0.0909999966621398,0.0139999996870756,-0.0734999977052211,0.0104999997653067,0.0,0.0,0.0,0.0,-1,1,-1,1,0,0,0,0,0,0,0,0,39.41993570327759
1784751778.209978,0.0,0.0,0.0,0.0,0.0,0,0.0,0.0,0.0,0.0,0.2599999904632568,-0.0399999991059303,0.209999993443489,-0.0299999993294477,-0.2599999904632568,0.0399999991059303,-0.209999993443489,0.0299999993294477,-0.0909999966621398,0.0139999996870756,-0.0734999977052211,0.0104999997653067,0.0,0.0,0.0,0.0,-1,1,-1,1,0,0,0,0,0,0,0,0,39.44024109840393
1784751778.2296312,0.0,0.0,0.0,0.0,0.0,0,0.0,0.0,0.0,0.0,0.4099999964237213,-0.0299999993294477,0.3700000047683716,-0.0199999995529651,-0.4099999964237213,0.0299999993294477,-0.3700000047683716,0.0199999995529651,-0.1434999987483024,0.0104999997653067,-0.12950000166893,0.0069999998435378,0.0,0.0,0.0,0.0,-1,1,-1,1,0,0,0,0,0,0,0,0,39.45989418029785
1784751778.2495122,0.0,0.0,0.0,0.0,0.0,0,0.0,0.0,0.0,0.0,0.4099999964237213,-0.0299999993294477,0.3700000047683716,-0.0199999995529651,-0.4099999964237213,0.0299999993294477,-0.3700000047683716,0.0199999995529651,-0.1434999987483024,0.0104999997653067,-0.12950000166893,0.0069999998435378,0.0,0.0,0.0,0.0,-1,1,-1,1,0,0,0,0,0,0,0,0,39.479775190353394
1784751778.2697527,0.0,0.0,0.0,0.0,0.0,0,0.0,0.0,0.0,0.0,0.2800000011920929,-0.0199999995529651,0.0299999993294477,-0.0099999997764825,-0.2800000011920929,0.0199999995529651,-0.0299999993294477,0.0099999997764825,-0.0980000004172325,0.0069999998435378,-0.0104999997653067,0.0034999999217689,0.0,0.0,0.0,0.0,-1,1,-1,1,0,0,0,0,0,0,0,0,39.50001573562622
1784751778.289525,0.0,0.0,0.0,0.0,0.0,0,0.0,0.0,0.0,0.0,0.2800000011920929,-0.0199999995529651,0.0299999993294477,-0.0099999997764825,-0.2800000011920929,0.0199999995529651,-0.0299999993294477,0.0099999997764825,-0.0980000004172325,0.0069999998435378,-0.0104999997653067,0.0034999999217689,0.0,0.0,0.0,0.0,-1,1,-1,1,0,0,0,0,0,0,0,0,39.51978802680969
1784751778.3099318,0.0,0.0,0.0,0.0,0.0,0,0.0,0.0,0.0,0.0,0.2800000011920929,-0.0199999995529651,0.0299999993294477,-0.0099999997764825,-0.2800000011920929,0.0199999995529651,-0.0299999993294477,0.0099999997764825,-0.0980000004172325,0.0069999998435378,-0.0104999997653067,0.0034999999217689,0.0,0.0,0.0,0.0,-1,1,-1,1,0,0,0,0,0,0,0,0,39.54019474983215
1784751778.329663,0.0,0.0,0.0,0.0,0.0,0,0.0,0.0,0.0,0.0,0.2000000029802322,-0.0099999997764825,0.0199999995529651,-0.0099999997764825,-0.2000000029802322,0.0099999997764825,-0.0199999995529651,0.0099999997764825,-0.0700000010430812,0.0034999999217689,-0.0069999998435378,0.0034999999217689,0.0,0.0,0.0,0.0,-1,1,-1,1,0,0,0,0,0,0,0,0,39.55992603302002
1784751778.3497176,25.811207247803477,0.0,0.12,25.811207247803477,0.0,0,17.809058289701976,-2.641127628813561,17.809058289701976,-2.641127628813561,0.2000000029802322,-0.0099999997764825,0.0199999995529651,-0.0099999997764825,17.609058286721744,-2.631127629037078,17.78905829014901,-2.631127629037078,6.16317040035261,-0.9208946701629774,6.226170401552154,-0.9208946701629774,0.1584815245804957,-0.0236801486613337,0.1601015246113411,-0.0236801486613337,-1,1,-1,1,-14,-13,-14,-13,-20,-14,-20,-14,39.57998061180115
1784751778.3704834,0.0,0.0,0.0,0.0,0.0,0,0.0,0.0,0.0,0.0,0.2000000029802322,-0.0099999997764825,0.0199999995529651,-0.0099999997764825,-0.2000000029802322,0.0099999997764825,-0.0199999995529651,0.0099999997764825,-0.0700000010430812,0.0034999999217689,-0.0069999998435378,0.0034999999217689,0.0,0.0,0.0,0.0,-1,1,-1,1,0,0,0,0,0,0,0,0,39.600746393203735
1784751778.3895156,0.0,0.0,0.0,0.0,0.0,0,0.0,0.0,0.0,0.0,0.1400000005960464,-0.0099999997764825,0.0199999995529651,-0.0099999997764825,-0.1400000005960464,0.0099999997764825,-0.0199999995529651,0.0099999997764825,-0.0490000002086162,0.0034999999217689,-0.0069999998435378,0.0034999999217689,0.0,0.0,0.0,0.0,-1,1,-1,1,0,0,0,0,0,0,0,0,39.619778633117676
1784751778.409736,0.0,0.0,0.0,0.0,0.0,0,0.0,0.0,0.0,0.0,0.1400000005960464,-0.0099999997764825,0.0199999995529651,-0.0099999997764825,-0.1400000005960464,0.0099999997764825,-0.0199999995529651,0.0099999997764825,-0.0490000002086162,0.0034999999217689,-0.0069999998435378,0.0034999999217689,0.0,0.0,0.0,0.0,-1,1,-1,1,0,0,0,0,0,0,0,0,39.63999891281128
1784751778.4295058,0.0,0.0,0.0,0.0,0.0,0,0.0,0.0,0.0,0.0,0.3199999928474426,-0.2300000041723251,0.4600000083446502,-0.0,-0.3199999928474426,0.2300000041723251,-0.4600000083446502,0.0,-0.1119999974966049,0.0805000014603137,-0.1610000029206275,0.0,0.0,0.0,0.0,0.0,-1,1,-1,1,0,0,0,0,0,0,0,0,39.65976881980896
1784751778.449551,0.0,0.0,0.0,0.0,0.0,0,0.0,0.0,0.0,0.0,0.3199999928474426,-0.2300000041723251,0.4600000083446502,-0.0,-0.3199999928474426,0.2300000041723251,-0.4600000083446502,0.0,-0.1119999974966049,0.0805000014603137,-0.1610000029206275,0.0,0.0,0.0,0.0,0.0,-1,1,-1,1,0,0,0,0,0,0,0,0,39.6798141002655
1784751778.469745,0.0,0.0,0.0,0.0,0.0,0,0.0,0.0,0.0,0.0,0.2300000041723251,-0.1599999964237213,0.3300000131130218,-0.0,-0.2300000041723251,0.1599999964237213,-0.3300000131130218,0.0,-0.0805000014603137,0.0559999987483024,-0.1155000045895576,0.0,0.0,0.0,0.0,0.0,-1,1,-1,1,0,0,0,0,0,0,0,0,39.700007915496826
1784751778.4894814,0.0,0.0,0.0,0.0,0.0,0,0.0,0.0,0.0,0.0,0.2300000041723251,-0.1599999964237213,0.3300000131130218,-0.0,-0.2300000041723251,0.1599999964237213,-0.3300000131130218,0.0,-0.0805000014603137,0.0559999987483024,-0.1155000045895576,0.0,0.0,0.0,0.0,0.0,-1,1,-1,1,0,0,0,0,0,0,0,0,39.71974444389343
1784751778.5096457,0.0,0.0,0.0,0.0,0.0,0,0.0,0.0,0.0,0.0,0.2300000041723251,-0.1599999964237213,0.3300000131130218,-0.0,-0.2300000041723251,0.1599999964237213,-0.3300000131130218,0.0,-0.0805000014603137,0.0559999987483024,-0.1155000045895576,0.0,0.0,0.0,0.0,0.0,-1,1,-1,1,0,0,0,0,0,0,0,0,39.73990869522095
1784751778.5295427,25.811207247803477,0.0,0.12,25.811207247803477,0.0,0,17.809058289701976,-2.641127628813561,17.809058289701976,-2.641127628813561,0.1599999964237213,-0.1099999994039535,0.2300000041723251,-0.0,17.649058293278255,-2.531127629409608,17.57905828552965,-2.641127628813561,6.177170402647389,-0.8858946702933627,6.152670399935378,-0.9243946700847464,0.1588415246395043,-0.0227801486646864,0.1582115245697668,-0.023770148659322,-1,1,-1,1,-14,-13,-14,-13,-20,-14,-20,-14,39.75980567932129
1784751778.549497,25.811207247803477,0.0,0.12,25.811207247803477,0.0,0,17.809058289701976,-2.641127628813561,17.809058289701976,-2.641127628813561,0.1599999964237213,-0.1099999994039535,0.2300000041723251,-0.0,17.649058293278255,-2.531127629409608,17.57905828552965,-2.641127628813561,6.177170402647389,-0.8858946702933627,6.152670399935378,-0.9243946700847464,0.3176830492790086,-0.0455602973293729,0.3164230491395337,-0.0475402973186441,-1,1,-1,1,-14,-13,-14,-13,-20,-14,-20,-14,39.779759883880615
1784751778.56989,0.0,0.0,0.0,0.0,0.0,0,0.0,0.0,0.0,0.0,0.1099999994039535,-0.0799999982118606,0.1599999964237213,-0.0,-0.1099999994039535,0.0799999982118606,-0.1599999964237213,0.0,-0.0384999997913837,0.0279999993741512,-0.0559999987483024,0.0,0.0,0.0,0.0,0.0,-1,1,-1,1,0,0,0,0,0,0,0,0,39.80015301704407
1784751778.5895796,0.0,0.0,0.0,0.0,0.0,0,0.0,0.0,0.0,0.0,0.1099999994039535,-0.0799999982118606,0.1599999964237213,-0.0,-0.1099999994039535,0.0799999982118606,-0.1599999964237213,0.0,-0.0384999997913837,0.0279999993741512,-0.0559999987483024,0.0,0.0,0.0,0.0,0.0,-1,1,-1,1,0,0,0,0,0,0,0,0,39.81984257698059
1784751778.6095078,0.0,0.0,0.0,0.0,0.0,0,0.0,0.0,0.0,0.0,0.1099999994039535,-0.0799999982118606,0.1599999964237213,-0.0,-0.1099999994039535,0.0799999982118606,-0.1599999964237213,0.0,-0.0384999997913837,0.0279999993741512,-0.0559999987483024,0.0,0.0,0.0,0.0,0.0,-1,1,-1,1,0,0,0,0,0,0,0,0,39.839770793914795
1784751778.6297026,0.0,0.0,0.0,0.0,0.0,0,0.0,0.0,0.0,0.0,0.3000000119209289,-0.2800000011920929,0.5600000023841858,-0.2300000041723251,-0.3000000119209289,0.2800000011920929,-0.5600000023841858,0.2300000041723251,-0.1050000041723251,0.0980000004172325,-0.196000000834465,0.0805000014603137,0.0,0.0,0.0,0.0,-1,1,-1,1,0,0,0,0,0,0,0,0,39.859965562820435
1784751778.6495254,0.0,0.0,0.0,0.0,0.0,0,0.0,0.0,0.0,0.0,0.3000000119209289,-0.2800000011920929,0.5600000023841858,-0.2300000041723251,-0.3000000119209289,0.2800000011920929,-0.5600000023841858,0.2300000041723251,-0.1050000041723251,0.0980000004172325,-0.196000000834465,0.0805000014603137,0.0,0.0,0.0,0.0,-1,1,-1,1,0,0,0,0,0,0,0,0,39.879788398742676
1784751778.6695616,0.0,0.0,0.0,0.0,0.0,0,0.0,0.0,0.0,0.0,0.209999993443489,-0.2000000029802322,0.4000000059604645,-0.1599999964237213,-0.209999993443489,0.2000000029802322,-0.4000000059604645,0.1599999964237213,-0.0734999977052211,0.0700000010430812,-0.1400000020861625,0.0559999987483024,0.0,0.0,0.0,0.0,-1,1,-1,1,0,0,0,0,0,0,0,0,39.89982461929321
1784751778.6897533,0.0,0.0,0.0,0.0,0.0,0,0.0,0.0,0.0,0.0,0.209999993443489,-0.2000000029802322,0.4000000059604645,-0.1599999964237213,-0.209999993443489,0.2000000029802322,-0.4000000059604645,0.1599999964237213,-0.0734999977052211,0.0700000010430812,-0.1400000020861625,0.0559999987483024,0.0,0.0,0.0,0.0,-1,1,-1,1,0,0,0,0,0,0,0,0,39.920016288757324
1784751778.7099135,0.0,0.0,0.0,0.0,0.0,0,0.0,0.0,0.0,0.0,0.209999993443489,-0.2000000029802322,0.4000000059604645,-0.1599999964237213,-0.209999993443489,0.2000000029802322,-0.4000000059604645,0.1599999964237213,-0.0734999977052211,0.0700000010430812,-0.1400000020861625,0.0559999987483024,0.0,0.0,0.0,0.0,-1,1,-1,1,0,0,0,0,0,0,0,0,39.940176486968994
1784751778.729503,0.0,0.0,0.0,0.0,0.0,0,0.0,0.0,0.0,0.0,0.1500000059604644,-0.1400000005960464,0.2800000011920929,-0.1099999994039535,-0.1500000059604644,0.1400000005960464,-0.2800000011920929,0.1099999994039535,-0.0525000020861625,0.0490000002086162,-0.0980000004172325,0.0384999997913837,0.0,0.0,0.0,0.0,-1,1,-1,1,0,0,0,0,0,0,0,0,39.959765911102295
1784751778.749622,0.0,0.0,0.0,0.0,0.0,0,0.0,0.0,0.0,0.0,0.1500000059604644,-0.1400000005960464,0.2800000011920929,-0.1099999994039535,-0.1500000059604644,0.1400000005960464,-0.2800000011920929,0.1099999994039535,-0.0525000020861625,0.0490000002086162,-0.0980000004172325,0.0384999997913837,0.0,0.0,0.0,0.0,-1,1,-1,1,0,0,0,0,0,0,0,0,39.97988510131836
1784751778.7701228,0.0,0.0,0.0,0.0,0.0,0,0.0,0.0,0.0,0.0,0.1000000014901161,-0.1000000014901161,0.1899999976158142,-0.0799999982118606,-0.1000000014901161,0.1000000014901161,-0.1899999976158142,0.0799999982118606,-0.0350000005215406,0.0350000005215406,-0.0664999991655349,0.0279999993741512,0.0,0.0,0.0,0.0,-1,1,-1,1,0,0,0,0,0,0,0,0,40.000385761260986
1784751778.7895062,0.0,0.0,0.0,0.0,0.0,0,0.0,0.0,0.0,0.0,0.1000000014901161,-0.1000000014901161,0.1899999976158142,-0.0799999982118606,-0.1000000014901161,0.1000000014901161,-0.1899999976158142,0.0799999982118606,-0.0350000005215406,0.0350000005215406,-0.0664999991655349,0.0279999993741512,0.0,0.0,0.0,0.0,-1,1,-1,1,0,0,0,0,0,0,0,0,40.01976919174194
1784751778.8095596,0.0,0.0,0.0,0.0,0.0,0,0.0,0.0,0.0,0.0,0.1000000014901161,-0.1000000014901161,0.1899999976158142,-0.0799999982118606,-0.1000000014901161,0.1000000014901161,-0.1899999976158142,0.0799999982118606,-0.0350000005215406,0.0350000005215406,-0.0664999991655349,0.0279999993741512,0.0,0.0,0.0,0.0,-1,1,-1,1,0,0,0,0,0,0,0,0,40.039822578430176
1784751778.8294697,0.0,0.0,0.0,0.0,0.0,0,0.0,0.0,0.0,0.0,0.0700000002980232,-0.0700000002980232,0.1400000005960464,-0.050000000745058,-0.0700000002980232,0.0700000002980232,-0.1400000005960464,0.050000000745058,-0.0245000001043081,0.0245000001043081,-0.0490000002086162,0.0175000002607703,0.0,0.0,0.0,0.0,-1,1,-1,1,0,0,0,0,0,0,0,0,40.05973267555237
1784751778.8496552,0.0,0.0,0.0,0.0,0.0,0,0.0,0.0,0.0,0.0,0.0700000002980232,-0.0700000002980232,0.1400000005960464,-0.050000000745058,-0.0700000002980232,0.0700000002980232,-0.1400000005960464,0.050000000745058,-0.0245000001043081,0.0245000001043081,-0.0490000002086162,0.0175000002607703,0.0,0.0,0.0,0.0,-1,1,-1,1,0,0,0,0,0,0,0,0,40.07991814613342
1784751778.86969,0.0,0.0,0.0,0.0,0.0,0,0.0,0.0,0.0,0.0,0.050000000745058,-0.050000000745058,0.0900000035762786,-0.0399999991059303,-0.050000000745058,0.050000000745058,-0.0900000035762786,0.0399999991059303,-0.0175000002607703,0.0175000002607703,-0.0315000012516975,0.0139999996870756,0.0,0.0,0.0,0.0,-1,1,-1,1,0,0,0,0,0,0,0,0,40.099952936172485
1784751778.8895872,0.0,0.0,0.0,0.0,0.0,0,0.0,0.0,0.0,0.0,0.050000000745058,-0.050000000745058,0.0900000035762786,-0.0399999991059303,-0.050000000745058,0.050000000745058,-0.0900000035762786,0.0399999991059303,-0.0175000002607703,0.0175000002607703,-0.0315000012516975,0.0139999996870756,0.0,0.0,0.0,0.0,-1,1,-1,1,0,0,0,0,0,0,0,0,40.119850158691406
1784751778.9095058,0.0,0.0,0.0,0.0,0.0,0,0.0,0.0,0.0,0.0,0.050000000745058,-0.050000000745058,0.0900000035762786,-0.0399999991059303,-0.050000000745058,0.050000000745058,-0.0900000035762786,0.0399999991059303,-0.0175000002607703,0.0175000002607703,-0.0315000012516975,0.0139999996870756,0.0,0.0,0.0,0.0,-1,1,-1,1,0,0,0,0,0,0,0,0,40.139768838882446
1784751778.929505,0.0,0.0,0.0,0.0,0.0,0,0.0,0.0,0.0,0.0,0.0399999991059303,-0.0299999993294477,0.0700000002980232,-0.0299999993294477,-0.0399999991059303,0.0299999993294477,-0.0700000002980232,0.0299999993294477,-0.0139999996870756,0.0104999997653067,-0.0245000001043081,0.0104999997653067,0.0,0.0,0.0,0.0,-1,1,-1,1,0,0,0,0,0,0,0,0,40.15976810455322
1784751778.9497688,0.0,0.0,0.0,0.0,0.0,0,0.0,0.0,0.0,0.0,0.0399999991059303,-0.0299999993294477,0.0700000002980232,-0.0299999993294477,-0.0399999991059303,0.0299999993294477,-0.0700000002980232,0.0299999993294477,-0.0139999996870756,0.0104999997653067,-0.0245000001043081,0.0104999997653067,0.0,0.0,0.0,0.0,-1,1,-1,1,0,0,0,0,0,0,0,0,40.18003177642822
1784751778.969753,0.0,0.0,0.0,0.0,0.0,0,0.0,0.0,0.0,0.0,0.0299999993294477,-0.0199999995529651,0.050000000745058,-0.0199999995529651,-0.0299999993294477,0.0199999995529651,-0.050000000745058,0.0199999995529651,-0.0104999997653067,0.0069999998435378,-0.0175000002607703,0.0069999998435378,0.0,0.0,0.0,0.0,-1,1,-1,1,0,0,0,0,0,0,0,0,40.200016021728516
1784751778.9897003,0.0,0.0,0.0,0.0,0.0,0,0.0,0.0,0.0,0.0,0.0299999993294477,-0.0199999995529651,0.050000000745058,-0.0199999995529651,-0.0299999993294477,0.0199999995529651,-0.050000000745058,0.0199999995529651,-0.0104999997653067,0.0069999998435378,-0.0175000002607703,0.0069999998435378,0.0,0.0,0.0,0.0,-1,1,-1,1,0,0,0,0,0,0,0,0,40.21996331214905
1784751779.0106132,0.0,0.0,0.0,0.0,0.0,0,0.0,0.0,0.0,0.0,0.0299999993294477,-0.0199999995529651,0.050000000745058,-0.0199999995529651,-0.0299999993294477,0.0199999995529651,-0.050000000745058,0.0199999995529651,-0.0104999997653067,0.0069999998435378,-0.0175000002607703,0.0069999998435378,0.0,0.0,0.0,0.0,-1,1,-1,1,0,0,0,0,0,0,0,0,40.24087619781494
1784751779.0295024,0.0,0.0,0.0,0.0,0.0,0,0.0,0.0,0.0,0.0,0.0199999995529651,-0.0199999995529651,0.0299999993294477,-0.0099999997764825,-0.0199999995529651,0.0199999995529651,-0.0299999993294477,0.0099999997764825,-0.0069999998435378,0.0069999998435378,-0.0104999997653067,0.0034999999217689,0.0,0.0,0.0,0.0,-1,1,-1,1,0,0,0,0,0,0,0,0,40.25976538658142
1784751779.050105,0.0,0.0,0.0,0.0,0.0,0,0.0,0.0,0.0,0.0,0.0199999995529651,-0.0199999995529651,0.0299999993294477,-0.0099999997764825,-0.0199999995529651,0.0199999995529651,-0.0299999993294477,0.0099999997764825,-0.0069999998435378,0.0069999998435378,-0.0104999997653067,0.0034999999217689,0.0,0.0,0.0,0.0,-1,1,-1,1,0,0,0,0,0,0,0,0,40.2803680896759
1784751779.070149,0.0,0.0,0.0,0.0,0.0,0,0.0,0.0,0.0,0.0,0.0199999995529651,-0.0199999995529651,0.0299999993294477,-0.0099999997764825,-0.0199999995529651,0.0199999995529651,-0.0299999993294477,0.0099999997764825,-0.0069999998435378,0.0069999998435378,-0.0104999997653067,0.0034999999217689,0.0,0.0,0.0,0.0,-1,1,-1,1,0,0,0,0,0,0,0,0,40.30041193962097
1784751779.0895348,0.0,0.0,0.0,0.0,0.0,0,0.0,0.0,0.0,0.0,0.0099999997764825,-0.0099999997764825,0.0199999995529651,-0.0099999997764825,-0.0099999997764825,0.0099999997764825,-0.0199999995529651,0.0099999997764825,-0.0034999999217689,0.0034999999217689,-0.0069999998435378,0.0034999999217689,0.0,0.0,0.0,0.0,-1,1,-1,1,0,0,0,0,0,0,0,0,40.31979775428772
1784751779.109587,0.0,0.0,0.0,0.0,0.0,0,0.0,0.0,0.0,0.0,0.0099999997764825,-0.0099999997764825,0.0199999995529651,-0.0099999997764825,-0.0099999997764825,0.0099999997764825,-0.0199999995529651,0.0099999997764825,-0.0034999999217689,0.0034999999217689,-0.0069999998435378,0.0034999999217689,0.0,0.0,0.0,0.0,-1,1,-1,1,0,0,0,0,0,0,0,0,40.33984994888306
1784751779.129503,0.0,0.0,0.0,0.0,0.0,0,0.0,0.0,0.0,0.0,0.0099999997764825,-0.0099999997764825,0.0199999995529651,-0.0099999997764825,-0.0099999997764825,0.0099999997764825,-0.0199999995529651,0.0099999997764825,-0.0034999999217689,0.0034999999217689,-0.0069999998435378,0.0034999999217689,0.0,0.0,0.0,0.0,-1,1,-1,1,0,0,0,0,0,0,0,0,40.35976600646973
1784751779.1497636,0.0,0.0,0.0,0.0,0.0,0,0.0,0.0,0.0,0.0,0.0099999997764825,-0.0099999997764825,0.0199999995529651,-0.0099999997764825,-0.0099999997764825,0.0099999997764825,-0.0199999995529651,0.0099999997764825,-0.0034999999217689,0.0034999999217689,-0.0069999998435378,0.0034999999217689,0.0,0.0,0.0,0.0,-1,1,-1,1,0,0,0,0,0,0,0,0,40.3800265789032
1784751779.16953,0.0,0.0,0.0,0.0,0.0,0,0.0,0.0,0.0,0.0,0.0099999997764825,-0.0099999997764825,0.0099999997764825,-0.0,-0.0099999997764825,0.0099999997764825,-0.0099999997764825,0.0,-0.0034999999217689,0.0034999999217689,-0.0034999999217689,0.0,0.0,0.0,0.0,0.0,-1,1,-1,1,0,0,0,0,0,0,0,0,40.39979290962219
1784751779.189941,0.0,0.0,0.0,0.0,0.0,0,0.0,0.0,0.0,0.0,0.0099999997764825,-0.0099999997764825,0.0099999997764825,-0.0,-0.0099999997764825,0.0099999997764825,-0.0099999997764825,0.0,-0.0034999999217689,0.0034999999217689,-0.0034999999217689,0.0,0.0,0.0,0.0,0.0,-1,1,-1,1,0,0,0,0,0,0,0,0,40.42020392417908
1784751779.2095308,0.0,0.0,0.0,0.0,0.0,0,0.0,0.0,0.0,0.0,0.0099999997764825,-0.0099999997764825,0.0099999997764825,-0.0,-0.0099999997764825,0.0099999997764825,-0.0099999997764825,0.0,-0.0034999999217689,0.0034999999217689,-0.0034999999217689,0.0,0.0,0.0,0.0,0.0,-1,1,-1,1,0,0,0,0,0,0,0,0,40.439793825149536
1784751779.229517,0.0,0.0,0.0,0.0,0.0,0,0.0,0.0,0.0,0.0,0.0,-0.0,0.0099999997764825,-0.0,0.0,0.0,-0.0099999997764825,0.0,0.0,0.0,-0.0034999999217689,0.0,0.0,0.0,0.0,0.0,-1,1,-1,1,0,0,0,0,0,0,0,0,40.45977997779846
1784751779.2495365,0.0,0.0,0.0,0.0,0.0,0,0.0,0.0,0.0,0.0,0.0,-0.0,0.0099999997764825,-0.0,0.0,0.0,-0.0099999997764825,0.0,0.0,0.0,-0.0034999999217689,0.0,0.0,0.0,0.0,0.0,-1,1,-1,1,0,0,0,0,0,0,0,0,40.47979950904846
1784751779.270063,0.0,0.0,0.0,0.0,0.0,0,0.0,0.0,0.0,0.0,0.0,-0.0,0.0099999997764825,-0.0,0.0,0.0,-0.0099999997764825,0.0,0.0,0.0,-0.0034999999217689,0.0,0.0,0.0,0.0,0.0,-1,1,-1,1,0,0,0,0,0,0,0,0,40.50032591819763
1784751779.2894878,0.0,0.0,0.0,0.0,0.0,0,0.0,0.0,0.0,0.0,0.0,-0.0,0.0099999997764825,-0.0,0.0,0.0,-0.0099999997764825,0.0,0.0,0.0,-0.0034999999217689,0.0,0.0,0.0,0.0,0.0,-1,1,-1,1,0,0,0,0,0,0,0,0,40.51975083351135
1784751779.309733,0.0,0.0,0.0,0.0,0.0,0,0.0,0.0,0.0,0.0,0.0,-0.0,0.0099999997764825,-0.0,0.0,0.0,-0.0099999997764825,0.0,0.0,0.0,-0.0034999999217689,0.0,0.0,0.0,0.0,0.0,-1,1,-1,1,0,0,0,0,0,0,0,0,40.53999590873718
1784751779.3297,0.0,0.0,0.0,0.0,0.0,0,0.0,0.0,0.0,0.0,0.0,-0.0,0.0,-0.0,0.0,0.0,0.0,0.0,0.0,0.0,0.0,0.0,0.0,0.0,0.0,0.0,-1,1,-1,1,0,0,0,0,0,0,0,0,40.55996298789978
1784751779.3496196,0.0,0.0,0.0,0.0,0.0,0,0.0,0.0,0.0,0.0,0.0,-0.0,0.0,-0.0,0.0,0.0,0.0,0.0,0.0,0.0,0.0,0.0,0.0,0.0,0.0,0.0,-1,1,-1,1,0,0,0,0,0,0,0,0,40.57988262176514
1784751779.3698764,0.0,0.0,0.0,0.0,0.0,0,0.0,0.0,0.0,0.0,0.0,-0.0,0.0,-0.0,0.0,0.0,0.0,0.0,0.0,0.0,0.0,0.0,0.0,0.0,0.0,0.0,-1,1,-1,1,0,0,0,0,0,0,0,0,40.60013937950134
1784751779.3896189,0.0,0.0,0.0,0.0,0.0,0,0.0,0.0,0.0,0.0,0.0,-0.0,0.0,-0.0,0.0,0.0,0.0,0.0,0.0,0.0,0.0,0.0,0.0,0.0,0.0,0.0,-1,1,-1,1,0,0,0,0,0,0,0,0,40.61988186836243
1784751779.4096828,0.0,0.0,0.0,0.0,0.0,0,0.0,0.0,0.0,0.0,0.0,-0.0,0.0,-0.0,0.0,0.0,0.0,0.0,0.0,0.0,0.0,0.0,0.0,0.0,0.0,0.0,-1,1,-1,1,0,0,0,0,0,0,0,0,40.63994574546814
1784751779.4296837,0.0,0.0,0.0,0.0,0.0,0,0.0,0.0,0.0,0.0,0.0,-0.0,0.0,-0.0,0.0,0.0,0.0,0.0,0.0,0.0,0.0,0.0,0.0,0.0,0.0,0.0,-1,1,-1,1,0,0,0,0,0,0,0,0,40.65994668006897
1784751779.4495227,0.0,0.0,0.0,0.0,0.0,0,0.0,0.0,0.0,0.0,0.0,-0.0,0.0,-0.0,0.0,0.0,0.0,0.0,0.0,0.0,0.0,0.0,0.0,0.0,0.0,0.0,-1,1,-1,1,0,0,0,0,0,0,0,0,40.67978572845459
1784751779.469692,0.0,0.0,0.0,0.0,0.0,0,0.0,0.0,0.0,0.0,0.0,-0.0,0.0,-0.0,0.0,0.0,0.0,0.0,0.0,0.0,0.0,0.0,0.0,0.0,0.0,0.0,-1,1,-1,1,0,0,0,0,0,0,0,0,40.699954986572266
1784751779.4899836,0.0,0.0,0.0,0.0,0.0,0,0.0,0.0,0.0,0.0,0.0,-0.0,0.0,-0.0,0.0,0.0,0.0,0.0,0.0,0.0,0.0,0.0,0.0,0.0,0.0,0.0,-1,1,-1,1,0,0,0,0,0,0,0,0,40.72024655342102
1784751779.5094988,0.0,0.0,0.0,0.0,0.0,0,0.0,0.0,0.0,0.0,0.0,-0.0,0.0,-0.0,0.0,0.0,0.0,0.0,0.0,0.0,0.0,0.0,0.0,0.0,0.0,0.0,-1,1,-1,1,0,0,0,0,0,0,0,0,40.73976182937622
1784751779.5297508,0.0,0.0,0.0,0.0,0.0,0,0.0,0.0,0.0,0.0,0.0,-0.0,0.0,-0.0,0.0,0.0,0.0,0.0,0.0,0.0,0.0,0.0,0.0,0.0,0.0,0.0,-1,1,-1,1,0,0,0,0,0,0,0,0,40.760013818740845
1784751779.549544,0.0,0.0,0.0,0.0,0.0,0,0.0,0.0,0.0,0.0,0.0,-0.0,0.0,-0.0,0.0,0.0,0.0,0.0,0.0,0.0,0.0,0.0,0.0,0.0,0.0,0.0,-1,1,-1,1,0,0,0,0,0,0,0,0,40.77980709075928
1784751779.5700405,0.0,0.0,0.0,0.0,0.0,0,0.0,0.0,0.0,0.0,0.0,-0.0,0.0,-0.0,0.0,0.0,0.0,0.0,0.0,0.0,0.0,0.0,0.0,0.0,0.0,0.0,-1,1,-1,1,0,0,0,0,0,0,0,0,40.80030345916748
1784751779.5895166,0.0,0.0,0.0,0.0,0.0,0,0.0,0.0,0.0,0.0,0.0,-0.0,0.0,-0.0,0.0,0.0,0.0,0.0,0.0,0.0,0.0,0.0,0.0,0.0,0.0,0.0,-1,1,-1,1,0,0,0,0,0,0,0,0,40.81977963447571
1784751779.609471,0.0,0.0,0.0,0.0,0.0,0,0.0,0.0,0.0,0.0,0.0,-0.0,0.0,-0.0,0.0,0.0,0.0,0.0,0.0,0.0,0.0,0.0,0.0,0.0,0.0,0.0,-1,1,-1,1,0,0,0,0,0,0,0,0,40.83973407745361
1784751779.6295383,0.0,0.0,0.0,0.0,0.0,0,0.0,0.0,0.0,0.0,0.0,-0.0,0.0,-0.0,0.0,0.0,0.0,0.0,0.0,0.0,0.0,0.0,0.0,0.0,0.0,0.0,-1,1,-1,1,0,0,0,0,0,0,0,0,40.859801292419434
1784751779.64971,0.0,0.0,0.0,0.0,0.0,0,0.0,0.0,0.0,0.0,0.0,-0.0,0.0,-0.0,0.0,0.0,0.0,0.0,0.0,0.0,0.0,0.0,0.0,0.0,0.0,0.0,-1,1,-1,1,0,0,0,0,0,0,0,0,40.8799729347229
1784751779.670934,0.0,0.0,0.0,0.0,0.0,0,0.0,0.0,0.0,0.0,0.0,-0.0,0.0,-0.0,0.0,0.0,0.0,0.0,0.0,0.0,0.0,0.0,0.0,0.0,0.0,0.0,-1,1,-1,1,0,0,0,0,0,0,0,0,40.90119695663452
1784751779.6894872,0.0,0.0,0.0,0.0,0.0,0,0.0,0.0,0.0,0.0,0.0,-0.0,0.0,-0.0,0.0,0.0,0.0,0.0,0.0,0.0,0.0,0.0,0.0,0.0,0.0,0.0,-1,1,-1,1,0,0,0,0,0,0,0,0,40.91975021362305
1784751779.7098954,0.0,0.0,0.0,0.0,0.0,0,0.0,0.0,0.0,0.0,0.0,-0.0,0.0,-0.0,0.0,0.0,0.0,0.0,0.0,0.0,0.0,0.0,0.0,0.0,0.0,0.0,-1,1,-1,1,0,0,0,0,0,0,0,0,40.94015836715698
1784751779.7296813,0.0,0.0,0.0,0.0,0.0,0,0.0,0.0,0.0,0.0,0.0,-0.0,0.0,-0.0,0.0,0.0,0.0,0.0,0.0,0.0,0.0,0.0,0.0,0.0,0.0,0.0,-1,1,-1,1,0,0,0,0,0,0,0,0,40.95994424819946
1784751779.74952,0.0,0.0,0.0,0.0,0.0,0,0.0,0.0,0.0,0.0,0.0,-0.0,0.0,-0.0,0.0,0.0,0.0,0.0,0.0,0.0,0.0,0.0,0.0,0.0,0.0,0.0,-1,1,-1,1,0,0,0,0,0,0,0,0,40.979783058166504
1784751779.7695856,0.0,0.0,0.0,0.0,0.0,0,0.0,0.0,0.0,0.0,0.0,-0.0,0.0,-0.0,0.0,0.0,0.0,0.0,0.0,0.0,0.0,0.0,0.0,0.0,0.0,0.0,-1,1,-1,1,0,0,0,0,0,0,0,0,40.99984860420227
1784751779.7897036,0.0,0.0,0.0,0.0,0.0,0,0.0,0.0,0.0,0.0,0.0,-0.0,0.0,-0.0,0.0,0.0,0.0,0.0,0.0,0.0,0.0,0.0,0.0,0.0,0.0,0.0,-1,1,-1,1,0,0,0,0,0,0,0,0,41.01996660232544
1784751779.8097253,0.0,0.0,0.0,0.0,0.0,0,0.0,0.0,0.0,0.0,0.0,-0.0,0.0,-0.0,0.0,0.0,0.0,0.0,0.0,0.0,0.0,0.0,0.0,0.0,0.0,0.0,-1,1,-1,1,0,0,0,0,0,0,0,0,41.03998827934265
1784751779.8298292,0.0,0.0,0.0,0.0,0.0,0,0.0,0.0,0.0,0.0,0.0,-0.0,0.0,-0.0,0.0,0.0,0.0,0.0,0.0,0.0,0.0,0.0,0.0,0.0,0.0,0.0,-1,1,-1,1,0,0,0,0,0,0,0,0,41.06009221076965
1784751779.8496876,0.0,0.0,0.0,0.0,0.0,0,0.0,0.0,0.0,0.0,0.0,-0.0,0.0,-0.0,0.0,0.0,0.0,0.0,0.0,0.0,0.0,0.0,0.0,0.0,0.0,0.0,-1,1,-1,1,0,0,0,0,0,0,0,0,41.07995057106018
1784751779.8697798,0.0,0.0,0.0,0.0,0.0,0,0.0,0.0,0.0,0.0,0.0,-0.0,0.0,-0.0,0.0,0.0,0.0,0.0,0.0,0.0,0.0,0.0,0.0,0.0,0.0,0.0,-1,1,-1,1,0,0,0,0,0,0,0,0,41.10004281997681
1784751779.889773,0.0,0.0,0.0,0.0,0.0,0,0.0,0.0,0.0,0.0,0.0,-0.0,0.0,-0.0,0.0,0.0,0.0,0.0,0.0,0.0,0.0,0.0,0.0,0.0,0.0,0.0,-1,1,-1,1,0,0,0,0,0,0,0,0,41.120035886764526
1784751779.9097435,0.0,0.0,0.0,0.0,0.0,0,0.0,0.0,0.0,0.0,0.0,-0.0,0.0,-0.0,0.0,0.0,0.0,0.0,0.0,0.0,0.0,0.0,0.0,0.0,0.0,0.0,-1,1,-1,1,0,0,0,0,0,0,0,0,41.14000654220581
1784751779.9299028,0.0,0.0,0.0,0.0,0.0,0,0.0,0.0,0.0,0.0,0.0,-0.0,0.0,-0.0,0.0,0.0,0.0,0.0,0.0,0.0,0.0,0.0,0.0,0.0,0.0,0.0,-1,1,-1,1,0,0,0,0,0,0,0,0,41.160165786743164
1784751779.949779,0.0,0.0,0.0,0.0,0.0,0,0.0,0.0,0.0,0.0,0.0,-0.0,0.0,-0.0,0.0,0.0,0.0,0.0,0.0,0.0,0.0,0.0,0.0,0.0,0.0,0.0,-1,1,-1,1,0,0,0,0,0,0,0,0,41.180042028427124
1784751779.9701486,0.0,0.0,0.0,0.0,0.0,0,0.0,0.0,0.0,0.0,0.0,-0.0,0.0,-0.0,0.0,0.0,0.0,0.0,0.0,0.0,0.0,0.0,0.0,0.0,0.0,0.0,-1,1,-1,1,0,0,0,0,0,0,0,0,41.200411558151245
1784751779.989734,0.0,0.0,0.0,0.0,0.0,0,0.0,0.0,0.0,0.0,0.0,-0.0,0.0,-0.0,0.0,0.0,0.0,0.0,0.0,0.0,0.0,0.0,0.0,0.0,0.0,0.0,-1,1,-1,1,0,0,0,0,0,0,0,0,41.2199969291687
1784751780.0098877,0.0,0.0,0.0,0.0,0.0,0,0.0,0.0,0.0,0.0,0.0,-0.0,0.0,-0.0,0.0,0.0,0.0,0.0,0.0,0.0,0.0,0.0,0.0,0.0,0.0,0.0,-1,1,-1,1,0,0,0,0,0,0,0,0,41.240150690078735
1784751780.0296571,0.0,0.0,0.0,0.0,0.0,0,0.0,0.0,0.0,0.0,0.0,-0.0,0.0,-0.0,0.0,0.0,0.0,0.0,0.0,0.0,0.0,0.0,0.0,0.0,0.0,0.0,-1,1,-1,1,0,0,0,0,0,0,0,0,41.25992012023926
1784751780.0497212,0.0,0.0,0.0,0.0,0.0,0,0.0,0.0,0.0,0.0,0.0,-0.0,0.0,-0.0,0.0,0.0,0.0,0.0,0.0,0.0,0.0,0.0,0.0,0.0,0.0,0.0,-1,1,-1,1,0,0,0,0,0,0,0,0,41.27998423576355
