t,vx_mm_s,vy_mm_s,wz_rad_s,velocity_mm_s,direction_deg,is_rotation_only,rpm_ref_M1,rpm_ref_M2,rpm_ref_M3,rpm_ref_M4,rpm_meas_M1,rpm_meas_M2,rpm_meas_M3,rpm_meas_M4,err_M1,err_M2,err_M3,err_M4,p_M1,p_M2,p_M3,p_M4,i_M1,i_M2,i_M3,i_M4,motor_sign_M1,motor_sign_M2,motor_sign_M3,motor_sign_M4,duty_ol_base_M1,duty_ol_base_M2,duty_ol_base_M3,duty_ol_base_M4,duty_pi_M1,duty_pi_M2,duty_pi_M3,duty_pi_M4
1783308093.385634,0.0,0.0,0.0,0.0,0.0,0,0.0,0.0,0.0,0.0,0.0,-0.0,0.0,-0.0,0.0,0.0,0.0,0.0,0.0,0.0,0.0,0.0,0.0,0.0,0.0,0.0,-1,1,-1,1,0,0,0,0,0,0,0,0
1783308093.405595,0.0,0.0,0.0,0.0,0.0,0,0.0,0.0,0.0,0.0,0.0,-0.0,0.0,-0.0,0.0,0.0,0.0,0.0,0.0,0.0,0.0,0.0,0.0,0.0,0.0,0.0,-1,1,-1,1,0,0,0,0,0,0,0,0
1783308093.4255672,0.0,0.0,0.0,0.0,0.0,0,0.0,0.0,0.0,0.0,0.0,-0.0,0.0,-0.0,0.0,0.0,0.0,0.0,0.0,0.0,0.0,0.0,0.0,0.0,0.0,0.0,-1,1,-1,1,0,0,0,0,0,0,0,0
1783308093.4455774,0.0,0.0,0.0,0.0,0.0,0,0.0,0.0,0.0,0.0,0.0,-0.0,0.0,-0.0,0.0,0.0,0.0,0.0,0.0,0.0,0.0,0.0,0.0,0.0,0.0,0.0,-1,1,-1,1,0,0,0,0,0,0,0,0
1783308093.4656084,0.0,0.0,0.0,0.0,0.0,0,0.0,0.0,0.0,0.0,0.0,-0.0,0.0,-0.0,0.0,0.0,0.0,0.0,0.0,0.0,0.0,0.0,0.0,0.0,0.0,0.0,-1,1,-1,1,0,0,0,0,0,0,0,0
1783308093.4856756,0.0,0.0,0.0,0.0,0.0,0,0.0,0.0,0.0,0.0,0.0,-0.0,0.0,-0.0,0.0,0.0,0.0,0.0,0.0,0.0,0.0,0.0,0.0,0.0,0.0,0.0,-1,1,-1,1,0,0,0,0,0,0,0,0
1783308093.5055778,0.0,0.0,0.0,0.0,0.0,0,0.0,0.0,0.0,0.0,0.0,-0.0,0.0,-0.0,0.0,0.0,0.0,0.0,0.0,0.0,0.0,0.0,0.0,0.0,0.0,0.0,-1,1,-1,1,0,0,0,0,0,0,0,0
1783308093.5255764,0.0,0.0,0.0,0.0,0.0,0,0.0,0.0,0.0,0.0,0.0,-0.0,0.0,-0.0,0.0,0.0,0.0,0.0,0.0,0.0,0.0,0.0,0.0,0.0,0.0,0.0,-1,1,-1,1,0,0,0,0,0,0,0,0
1783308093.5455842,0.0,0.0,0.0,0.0,0.0,0,0.0,0.0,0.0,0.0,0.0,-0.0,0.0,-0.0,0.0,0.0,0.0,0.0,0.0,0.0,0.0,0.0,0.0,0.0,0.0,0.0,-1,1,-1,1,0,0,0,0,0,0,0,0
1783308093.5656695,0.0,0.0,0.0,0.0,0.0,0,0.0,0.0,0.0,0.0,0.0,-0.0,0.0,-0.0,0.0,0.0,0.0,0.0,0.0,0.0,0.0,0.0,0.0,0.0,0.0,0.0,-1,1,-1,1,0,0,0,0,0,0,0,0
1783308093.585639,0.0,0.0,0.0,0.0,0.0,0,0.0,0.0,0.0,0.0,0.0,-0.0,0.0,-0.0,0.0,0.0,0.0,0.0,0.0,0.0,0.0,0.0,0.0,0.0,0.0,0.0,-1,1,-1,1,0,0,0,0,0,0,0,0
1783308093.6055908,0.0,0.0,0.0,0.0,0.0,0,0.0,0.0,0.0,0.0,0.0,-0.0,0.0,-0.0,0.0,0.0,0.0,0.0,0.0,0.0,0.0,0.0,0.0,0.0,0.0,0.0,-1,1,-1,1,0,0,0,0,0,0,0,0
1783308093.625665,0.0,0.0,0.0,0.0,0.0,0,0.0,0.0,0.0,0.0,0.0,-0.0,0.0,-0.0,0.0,0.0,0.0,0.0,0.0,0.0,0.0,0.0,0.0,0.0,0.0,0.0,-1,1,-1,1,0,0,0,0,0,0,0,0
1783308093.6455793,0.0,0.0,0.0,0.0,0.0,0,0.0,0.0,0.0,0.0,0.0,-0.0,0.0,-0.0,0.0,0.0,0.0,0.0,0.0,0.0,0.0,0.0,0.0,0.0,0.0,0.0,-1,1,-1,1,0,0,0,0,0,0,0,0
1783308093.6656077,0.0,0.0,0.0,0.0,0.0,0,0.0,0.0,0.0,0.0,0.0,-0.0,0.0,-0.0,0.0,0.0,0.0,0.0,0.0,0.0,0.0,0.0,0.0,0.0,0.0,0.0,-1,1,-1,1,0,0,0,0,0,0,0,0
1783308093.685672,0.0,0.0,0.0,0.0,0.0,0,0.0,0.0,0.0,0.0,0.0,-0.0,0.0,-0.0,0.0,0.0,0.0,0.0,0.0,0.0,0.0,0.0,0.0,0.0,0.0,0.0,-1,1,-1,1,0,0,0,0,0,0,0,0
1783308093.705629,0.0,0.0,0.0,0.0,0.0,0,0.0,0.0,0.0,0.0,0.0,-0.0,0.0,-0.0,0.0,0.0,0.0,0.0,0.0,0.0,0.0,0.0,0.0,0.0,0.0,0.0,-1,1,-1,1,0,0,0,0,0,0,0,0
1783308093.7255728,0.0,0.0,0.0,0.0,0.0,0,0.0,0.0,0.0,0.0,0.0,-0.0,0.0,-0.0,0.0,0.0,0.0,0.0,0.0,0.0,0.0,0.0,0.0,0.0,0.0,0.0,-1,1,-1,1,0,0,0,0,0,0,0,0
1783308093.745591,0.0,0.0,0.0,0.0,0.0,0,0.0,0.0,0.0,0.0,0.0,-0.0,0.0,-0.0,0.0,0.0,0.0,0.0,0.0,0.0,0.0,0.0,0.0,0.0,0.0,0.0,-1,1,-1,1,0,0,0,0,0,0,0,0
1783308093.765627,0.0,0.0,0.0,0.0,0.0,0,0.0,0.0,0.0,0.0,0.0,-0.0,0.0,-0.0,0.0,0.0,0.0,0.0,0.0,0.0,0.0,0.0,0.0,0.0,0.0,0.0,-1,1,-1,1,0,0,0,0,0,0,0,0
1783308093.785643,0.0,0.0,0.0,0.0,0.0,0,0.0,0.0,0.0,0.0,0.0,-0.0,0.0,-0.0,0.0,0.0,0.0,0.0,0.0,0.0,0.0,0.0,0.0,0.0,0.0,0.0,-1,1,-1,1,0,0,0,0,0,0,0,0
1783308093.805575,0.0,0.0,0.0,0.0,0.0,0,0.0,0.0,0.0,0.0,0.0,-0.0,0.0,-0.0,0.0,0.0,0.0,0.0,0.0,0.0,0.0,0.0,0.0,0.0,0.0,0.0,-1,1,-1,1,0,0,0,0,0,0,0,0
1783308093.8255806,0.0,0.0,0.0,0.0,0.0,0,0.0,0.0,0.0,0.0,0.0,-0.0,0.0,-0.0,0.0,0.0,0.0,0.0,0.0,0.0,0.0,0.0,0.0,0.0,0.0,0.0,-1,1,-1,1,0,0,0,0,0,0,0,0
1783308093.845574,0.0,0.0,0.0,0.0,0.0,0,0.0,0.0,0.0,0.0,0.0,-0.0,0.0,-0.0,0.0,0.0,0.0,0.0,0.0,0.0,0.0,0.0,0.0,0.0,0.0,0.0,-1,1,-1,1,0,0,0,0,0,0,0,0
1783308093.8655725,0.0,0.0,0.0,0.0,0.0,0,0.0,0.0,0.0,0.0,0.0,-0.0,0.0,-0.0,0.0,0.0,0.0,0.0,0.0,0.0,0.0,0.0,0.0,0.0,0.0,0.0,-1,1,-1,1,0,0,0,0,0,0,0,0
1783308093.885713,0.0,0.0,0.0,0.0,0.0,0,0.0,0.0,0.0,0.0,0.0,-0.0,0.0,-0.0,0.0,0.0,0.0,0.0,0.0,0.0,0.0,0.0,0.0,0.0,0.0,0.0,-1,1,-1,1,0,0,0,0,0,0,0,0
1783308093.9056656,0.0,0.0,0.0,0.0,0.0,0,0.0,0.0,0.0,0.0,0.0,-0.0,0.0,-0.0,0.0,0.0,0.0,0.0,0.0,0.0,0.0,0.0,0.0,0.0,0.0,0.0,-1,1,-1,1,0,0,0,0,0,0,0,0
1783308093.9255714,0.0,0.0,0.0,0.0,0.0,0,0.0,0.0,0.0,0.0,0.0,-0.0,0.0,-0.0,0.0,0.0,0.0,0.0,0.0,0.0,0.0,0.0,0.0,0.0,0.0,0.0,-1,1,-1,1,0,0,0,0,0,0,0,0
1783308093.9456763,0.0,0.0,0.0,0.0,0.0,0,0.0,0.0,0.0,0.0,0.0,-0.0,0.0,-0.0,0.0,0.0,0.0,0.0,0.0,0.0,0.0,0.0,0.0,0.0,0.0,0.0,-1,1,-1,1,0,0,0,0,0,0,0,0
1783308093.9655814,0.0,0.0,0.0,0.0,0.0,0,0.0,0.0,0.0,0.0,0.0,-0.0,0.0,-0.0,0.0,0.0,0.0,0.0,0.0,0.0,0.0,0.0,0.0,0.0,0.0,0.0,-1,1,-1,1,0,0,0,0,0,0,0,0
1783308093.985689,0.0,0.0,0.0,0.0,0.0,0,0.0,0.0,0.0,0.0,0.0,-0.0,0.0,-0.0,0.0,0.0,0.0,0.0,0.0,0.0,0.0,0.0,0.0,0.0,0.0,0.0,-1,1,-1,1,0,0,0,0,0,0,0,0
1783308094.0055852,0.0,0.0,0.0,0.0,0.0,0,0.0,0.0,0.0,0.0,0.0,-0.0,0.0,-0.0,0.0,0.0,0.0,0.0,0.0,0.0,0.0,0.0,0.0,0.0,0.0,0.0,-1,1,-1,1,0,0,0,0,0,0,0,0
1783308094.025672,0.0,0.0,0.0,0.0,0.0,0,0.0,0.0,0.0,0.0,0.0,-0.0,0.0,-0.0,0.0,0.0,0.0,0.0,0.0,0.0,0.0,0.0,0.0,0.0,0.0,0.0,-1,1,-1,1,0,0,0,0,0,0,0,0
1783308094.0455863,0.0,0.0,0.0,0.0,0.0,0,0.0,0.0,0.0,0.0,0.0,-0.0,0.0,-0.0,0.0,0.0,0.0,0.0,0.0,0.0,0.0,0.0,0.0,0.0,0.0,0.0,-1,1,-1,1,0,0,0,0,0,0,0,0
1783308094.0655887,0.0,0.0,0.0,0.0,0.0,0,0.0,0.0,0.0,0.0,0.0,-0.0,0.0,-0.0,0.0,0.0,0.0,0.0,0.0,0.0,0.0,0.0,0.0,0.0,0.0,0.0,-1,1,-1,1,0,0,0,0,0,0,0,0
1783308094.0856426,0.0,0.0,0.0,0.0,0.0,0,0.0,0.0,0.0,0.0,0.0,-0.0,0.0,-0.0,0.0,0.0,0.0,0.0,0.0,0.0,0.0,0.0,0.0,0.0,0.0,0.0,-1,1,-1,1,0,0,0,0,0,0,0,0
1783308094.1057644,0.0,0.0,0.0,0.0,0.0,0,0.0,0.0,0.0,0.0,0.0,-0.0,0.0,-0.0,0.0,0.0,0.0,0.0,0.0,0.0,0.0,0.0,0.0,0.0,0.0,0.0,-1,1,-1,1,0,0,0,0,0,0,0,0
1783308094.1255903,0.0,0.0,0.0,0.0,0.0,0,0.0,0.0,0.0,0.0,0.0,-0.0,0.0,-0.0,0.0,0.0,0.0,0.0,0.0,0.0,0.0,0.0,0.0,0.0,0.0,0.0,-1,1,-1,1,0,0,0,0,0,0,0,0
1783308094.1455986,0.0,0.0,0.0,0.0,0.0,0,0.0,0.0,0.0,0.0,0.0,-0.0,0.0,-0.0,0.0,0.0,0.0,0.0,0.0,0.0,0.0,0.0,0.0,0.0,0.0,0.0,-1,1,-1,1,0,0,0,0,0,0,0,0
1783308094.1656048,35.0,0.0,0.0,35.0,0.0,0,10.283857861322469,10.283857861322469,10.283857861322469,10.283857861322469,0.0,-0.0,0.0,-0.0,10.283857861322469,10.283857861322469,10.283857861322469,10.283857861322469,3.5993502514628637,3.5993502514628637,3.5993502514628637,3.5993502514628637,0.09255472075190221,0.09255472075190221,0.09255472075190221,0.09255472075190221,-1,1,-1,1,-13,13,-13,13,-17,17,-17,17
1783308094.1857388,35.0,0.0,0.0,35.0,0.0,0,10.283857861322469,10.283857861322469,10.283857861322469,10.283857861322469,0.0,-0.0,0.0,-0.0,10.283857861322469,10.283857861322469,10.283857861322469,10.283857861322469,3.5993502514628637,3.5993502514628637,3.5993502514628637,3.5993502514628637,0.18510944150380443,0.18510944150380443,0.18510944150380443,0.18510944150380443,-1,1,-1,1,-13,13,-13,13,-17,17,-17,17
1783308094.2056336,35.0,0.0,0.0,35.0,0.0,0,10.283857861322469,10.283857861322469,10.283857861322469,10.283857861322469,0.0,-0.0,0.0,-0.0,10.283857861322469,10.283857861322469,10.283857861322469,10.283857861322469,3.5993502514628637,3.5993502514628637,3.5993502514628637,3.5993502514628637,0.27766416225570667,0.27766416225570667,0.27766416225570667,0.27766416225570667,-1,1,-1,1,-13,13,-13,13,-17,17,-17,17
1783308094.2256024,35.0,0.0,0.0,35.0,0.0,0,10.283857861322469,10.283857861322469,10.283857861322469,10.283857861322469,0.0,-0.0,0.0,-0.0,10.283857861322469,10.283857861322469,10.283857861322469,10.283857861322469,3.5993502514628637,3.5993502514628637,3.5993502514628637,3.5993502514628637,0.37021888300760886,0.37021888300760886,0.37021888300760886,0.37021888300760886,-1,1,-1,1,-13,13,-13,13,-17,17,-17,17
1783308094.2456272,35.0,0.0,0.0,35.0,0.0,0,10.283857861322469,10.283857861322469,10.283857861322469,10.283857861322469,0.44999998807907104,0.6800000071525574,0.44999998807907104,0.44999998807907104,9.833857873243398,9.603857854169911,9.833857873243398,9.833857873243398,3.441850255635189,3.361350248959469,3.441850255635189,3.441850255635189,0.45872360386679945,0.4566536036951381,0.45872360386679945,0.45872360386679945,-1,1,-1,1,-13,13,-13,13,-17,17,-17,17
1783308094.265587,35.0,0.0,0.0,35.0,0.0,0,10.283857861322469,10.283857861322469,10.283857861322469,10.283857861322469,0.44999998807907104,0.6800000071525574,0.44999998807907104,0.44999998807907104,9.833857873243398,9.603857854169911,9.833857873243398,9.833857873243398,3.441850255635189,3.361350248959469,3.441850255635189,3.441850255635189,0.54722832472599,0.5430883243826673,0.54722832472599,0.54722832472599,-1,1,-1,1,-13,13,-13,13,-17,17,-17,17
1783308094.2856693,35.0,0.0,0.0,35.0,0.0,0,10.283857861322469,10.283857861322469,10.283857861322469,10.283857861322469,1.4500000476837158,1.3799999952316284,1.6799999475479126,1.2200000286102295,8.833857813638753,8.90385786609084,8.603857913774556,9.06385783271224,3.0918502347735632,3.116350253131794,3.0113502698210945,3.1723502414492835,0.6267330450487388,0.6232230451774848,0.624663045949961,0.6288030452204002,-1,1,-1,1,-13,13,-13,13,-17,17,-17,17
1783308094.3055959,35.0,0.0,0.0,35.0,0.0,0,10.283857861322469,10.283857861322469,10.283857861322469,10.283857861322469,1.4500000476837158,1.3799999952316284,1.6799999475479126,1.2200000286102295,8.833857813638753,8.90385786609084,8.603857913774556,9.06385783271224,3.0918502347735632,3.116350253131794,3.0113502698210945,3.1723502414492835,0.7062377653714876,0.7033577659723024,0.702097767173932,0.7103777657148104,-1,1,-1,1,-13,13,-13,13,-17,17,-17,17
1783308094.3256743,35.0,0.0,0.0,35.0,0.0,0,10.283857861322469,10.283857861322469,10.283857861322469,10.283857861322469,1.4500000476837158,1.3799999952316284,1.6799999475479126,1.2200000286102295,8.833857813638753,8.90385786609084,8.603857913774556,9.06385783271224,3.0918502347735632,3.116350253131794,3.0113502698210945,3.1723502414492835,0.7857424856942364,0.7834924867671199,0.779532488397903,0.7919524862092205,-1,1,-1,1,-13,13,-13,13,-17,17,-17,17
1783308094.345596,35.0,0.0,0.0,35.0,0.0,0,10.283857861322469,10.283857861322469,10.283857861322469,10.283857861322469,2.369999885559082,2.3299999237060547,2.5299999713897705,2.440000057220459,7.913857975763387,7.953857937616414,7.753857889932698,7.84385780410201,2.769850291517185,2.783850278165745,2.7138502614764444,2.7453502314357032,0.8569672074761069,0.8550772082056677,0.8493172094072973,0.8625472064461386,-1,1,-1,1,-13,13,-13,13,-17,17,-17,17
1783308094.3656373,35.0,0.0,0.0,35.0,0.0,0,10.283857861322469,10.283857861322469,10.283857861322469,10.283857861322469,2.369999885559082,2.3299999237060547,2.5299999713897705,2.440000057220459,7.913857975763387,7.953857937616414,7.753857889932698,7.84385780410201,2.769850291517185,2.783850278165745,2.7138502614764444,2.7453502314357032,0.9281919292579773,0.9266619296442155,0.9191019304166915,0.9331419266830567,-1,1,-1,1,-13,13,-13,13,-17,17,-17,17
1783308094.3856626,35.0,0.0,0.0,35.0,0.0,0,10.283857861322469,10.283857861322469,10.283857861322469,10.283857861322469,3.25,3.2100000381469727,3.130000114440918,3.2899999618530273,7.033857861322469,7.073857823175496,7.153857746881551,6.993857899469441,2.461850251462864,2.4758502381114234,2.5038502114085426,2.447850264814304,0.9914966500098795,0.990326650052795,0.9834866501386255,0.9960866477782817,-1,1,-1,1,-13,13,-13,13,-16,16,-16,16
1783308094.4056137,35.0,0.0,0.0,35.0,0.0,0,10.283857861322469,10.283857861322469,10.283857861322469,10.283857861322469,3.25,3.2100000381469727,3.130000114440918,3.2899999618530273,7.033857861322469,7.073857823175496,7.153857746881551,6.993857899469441,2.461850251462864,2.4758502381114234,2.5038502114085426,2.447850264814304,1.0548013707617818,1.0539913704613744,1.0478713698605595,1.0590313688735067,-1,1,-1,1,-13,13,-13,13,-17,17,-17,17
1783308094.4255836,35.0,0.0,0.0,35.0,0.0,0,10.283857861322469,10.283857861322469,10.283857861322469,10.283857861322469,3.25,3.2100000381469727,3.130000114440918,3.2899999618530273,7.033857861322469,7.073857823175496,7.153857746881551,6.993857899469441,2.461850251462864,2.4758502381114234,2.5038502114085426,2.447850264814304,1.118106091513684,1.1176560908699538,1.1122560895824936,1.1219760899687317,-1,1,-1,1,-13,13,-13,13,-17,17,-17,17
1783308094.4455888,35.0,0.0,0.0,35.0,0.0,0,10.283857861322469,10.283857861322469,10.283857861322469,10.283857861322469,4.079999923706055,4.059999942779541,4.0,4.119999885559082,6.203857937616414,6.223857918542928,6.283857861322469,6.163857975763387,2.1713502781657446,2.1783502714900247,2.199350251462864,2.157350291517185,1.1739408129522317,1.1736708121368402,1.1688108103343957,1.1774508117506022,-1,1,-1,1,-13,13,-13,13,-16,16,-16,16
1783308094.4655814,35.0,0.0,0.0,35.0,0.0,0,10.283857861322469,10.283857861322469,10.283857861322469,10.283857861322469,4.079999923706055,4.059999942779541,4.0,4.119999885559082,6.203857937616414,6.223857918542928,6.283857861322469,6.163857975763387,2.1713502781657446,2.1783502714900247,2.199350251462864,2.157350291517185,1.2297755343907795,1.2296855334037267,1.2253655310862979,1.2329255335324727,-1,1,-1,1,-13,13,-13,13,-16,16,-16,16
1783308094.4857104,35.0,0.0,0.0,35.0,0.0,0,10.283857861322469,10.283857861322469,10.283857861322469,10.283857861322469,4.900000095367432,4.199999809265137,4.610000133514404,4.46999979019165,5.383857765955037,6.083858052057332,5.673857727808064,5.813858071130818,1.8843502180842628,2.129350318220066,1.9858502047328224,2.0348503248957863,1.2782302542843749,1.2844402558722428,1.2764302506365706,1.28525025617265,-1,1,-1,1,-13,13,-13,13,-16,16,-16,16
1783308094.505589,35.0,0.0,0.0,35.0,0.0,0,10.283857861322469,10.283857861322469,10.283857861322469,10.283857861322469,4.900000095367432,4.199999809265137,4.610000133514404,4.46999979019165,5.383857765955037,6.083858052057332,5.673857727808064,5.813858071130818,1.8843502180842628,2.129350318220066,1.9858502047328224,2.0348503248957863,1.3266849741779703,1.3391949783407588,1.327494970186843,1.3375749788128273,-1,1,-1,1,-13,13,-13,13,-16,16,-16,16
1783308094.525598,35.0,0.0,0.0,35.0,0.0,0,10.283857861322469,10.283857861322469,10.283857861322469,10.283857861322469,4.900000095367432,4.199999809265137,4.610000133514404,4.46999979019165,5.383857765955037,6.083858052057332,5.673857727808064,5.813858071130818,1.8843502180842628,2.129350318220066,1.9858502047328224,2.0348503248957863,1.3751396940715657,1.393949700809275,1.3785596897371155,1.3898997014530046,-1,1,-1,1,-13,13,-13,13,-16,17,-16,16
1783308094.5457103,35.0,0.0,0.0,35.0,0.0,0,10.283857861322469,10.283857861322469,10.283857861322469,10.283857861322469,5.46999979019165,4.75,5.489999771118164,4.940000057220459,4.813858071130818,5.533857861322469,4.793858090204305,5.34385780410201,1.6848503248957862,1.9368502514628638,1.6778503315715065,1.8703502314357032,1.418464416711743,1.443754421561177,1.4217044125489542,1.4379944216899228,-1,1,-1,1,-13,13,-13,13,-16,16,-16,16
1783308094.565601,35.0,0.0,0.0,35.0,0.0,0,10.283857861322469,10.283857861322469,10.283857861322469,10.283857861322469,5.46999979019165,4.75,5.489999771118164,4.940000057220459,4.813858071130818,5.533857861322469,4.793858090204305,5.34385780410201,1.6848503248957862,1.9368502514628638,1.6778503315715065,1.8703502314357032,1.4617891393519205,1.4935591423130792,1.4648491353607929,1.486089141926841,-1,1,-1,1,-13,13,-13,13,-16,16,-16,16
1783308094.5856397,35.0,0.0,0.0,35.0,0.0,0,10.283857861322469,10.283857861322469,10.283857861322469,10.283857861322469,6.320000171661377,5.590000152587891,6.110000133514404,5.71999979019165,3.9638576896610918,4.693857708734578,4.173857727808064,4.563858071130818,1.387350191381382,1.6428501980571022,1.4608502047328225,1.5973503248957863,1.4974638585588702,1.5358038616916905,1.5024138549110655,1.5271638645670182,-1,1,-1,1,-13,13,-13,13,-16,16,-16,16
1783308094.6056771,35.0,0.0,0.0,35.0,0.0,0,10.283857861322469,10.283857861322469,10.283857861322469,10.283857861322469,6.320000171661377,5.590000152587891,6.110000133514404,5.71999979019165,3.9638576896610918,4.693857708734578,4.173857727808064,4.563858071130818,1.387350191381382,1.6428501980571022,1.4608502047328225,1.5973503248957863,1.53313857776582,1.5780485810703018,1.5399785744613381,1.5682385872071956,-1,1,-1,1,-13,13,-13,13,-16,16,-16,16
1783308094.6255946,35.0,0.0,0.0,35.0,0.0,0,10.283857861322469,10.283857861322469,10.283857861322469,10.283857861322469,6.320000171661377,5.590000152587891,6.110000133514404,5.71999979019165,3.9638576896610918,4.693857708734578,4.173857727808064,4.563858071130818,1.387350191381382,1.6428501980571022,1.4608502047328225,1.5973503248957863,1.5688132969727697,1.620293300448913,1.5775432940116108,1.6093133098473729,-1,1,-1,1,-13,13,-13,13,-16,16,-16,16
1783308094.6456797,35.0,0.0,0.0,35.0,0.0,0,10.283857861322469,10.283857861322469,10.283857861322469,10.283857861322469,7.139999866485596,6.400000095367432,6.989999771118164,6.5,3.143857994836873,3.883857765955037,3.2938580902043046,3.7838578613224687,1.1003502981929054,1.359350218084263,1.1528503315715066,1.324350251462864,1.5971080189263016,1.6552480203425084,1.6071880168234496,1.643368030599275,-1,1,-1,1,-13,13,-13,13,-16,16,-16,16
1783308094.665596,35.0,0.0,0.0,35.0,0.0,0,10.283857861322469,10.283857861322469,10.283857861322469,10.283857861322469,7.139999866485596,6.400000095367432,6.989999771118164,6.5,3.143857994836873,3.883857765955037,3.2938580902043046,3.7838578613224687,1.1003502981929054,1.359350218084263,1.1528503315715066,1.324350251462864,1.6254027408798335,1.6902027402361037,1.6368327396352884,1.6774227513511772,-1,1,-1,1,-13,13,-13,13,-16,16,-16,16
1783308094.6857207,35.0,0.0,0.0,35.0,0.0,0,10.283857861322469,10.283857861322469,10.283857861322469,10.283857861322469,7.710000038146973,7.199999809265137,7.610000133514404,7.260000228881836,2.573857823175496,3.083858052057332,2.6738577278080644,3.0238576324406328,0.9008502381114235,1.079350318220066,0.9358502047328224,1.0583501713542214,1.648567461288413,1.7179574627046197,1.660897459185561,1.704637470043143,-1,1,-1,1,-13,13,-13,13,-16,16,-16,16
1783308094.7056015,35.0,0.0,0.0,35.0,0.0,0,10.283857861322469,10.283857861322469,10.283857861322469,10.283857861322469,7.710000038146973,7.199999809265137,7.610000133514404,7.260000228881836,2.573857823175496,3.083858052057332,2.6738577278080644,3.0238576324406328,0.9008502381114235,1.079350318220066,0.9358502047328224,1.0583501713542214,1.6717321816969923,1.7457121851731356,1.6849621787358335,1.7318521887351088,-1,1,-1,1,-13,13,-13,13,-16,16,-16,16
1783308094.7255964,35.0,0.0,0.0,35.0,0.0,0,10.283857861322469,10.283857861322469,10.283857861322469,10.283857861322469,7.710000038146973,7.199999809265137,7.610000133514404,7.260000228881836,2.573857823175496,3.083858052057332,2.6738577278080644,3.0238576324406328,0.9008502381114235,1.079350318220066,0.9358502047328224,1.0583501713542214,1.6948969021055718,1.7734669076416516,1.709026898286106,1.7590669074270746,-1,1,-1,1,-13,13,-13,13,-16,16,-16,16
1783308094.7456684,35.0,0.0,0.0,35.0,0.0,0,10.283857861322469,10.283857861322469,10.283857861322469,10.283857861322469,8.34000015258789,7.760000228881836,8.050000190734863,7.800000190734863,1.943857708734578,2.5238576324406328,2.2338576705876054,2.4838576705876054,0.6803501980571023,0.8833501713542214,0.7818501847056618,0.8693501847056618,1.712391621484183,1.7961816263336172,1.7291316173213946,1.781421626462363,-1,1,-1,1,-13,13,-13,13,-15,16,-16,16
1783308094.7655928,35.0,0.0,0.0,35.0,0.0,0,10.283857861322469,10.283857861322469,10.283857861322469,10.283857861322469,8.34000015258789,7.760000228881836,8.050000190734863,7.800000190734863,1.943857708734578,2.5238576324406328,2.2338576705876054,2.4838576705876054,0.6803501980571023,0.8833501713542214,0.7818501847056618,0.8693501847056618,1.7298863408627942,1.8188963450255828,1.7492363363566832,1.8037763454976514,-1,1,-1,1,-13,13,-13,13,-15,16,-16,16
1783308094.785648,35.0,0.0,0.0,35.0,0.0,0,10.283857861322469,10.283857861322469,10.283857861322469,10.283857861322469,9.010000228881836,7.920000076293945,8.800000190734863,7.949999809265137,1.2738576324406328,2.3638577850285234,1.4838576705876054,2.333858052057332,0.44585017135422145,0.8273502247599831,0.5193501847056619,0.8168503182200662,1.7413510595547599,1.8401710650908396,1.7625910553919717,1.8247810679661673,-1,1,-1,1,-13,13,-13,13,-15,16,-15,16
1783308094.8056614,35.0,0.0,0.0,35.0,0.0,0,10.283857861322469,10.283857861322469,10.283857861322469,10.283857861322469,9.010000228881836,7.920000076293945,8.800000190734863,7.949999809265137,1.2738576324406328,2.3638577850285234,1.4838576705876054,2.333858052057332,0.44585017135422145,0.8273502247599831,0.5193501847056619,0.8168503182200662,1.7528157782467255,1.8614457851560964,1.7759457744272602,1.8457857904346833,-1,1,-1,1,-13,13,-13,13,-15,16,-15,16
1783308094.8257272,35.0,0.0,0.0,35.0,0.0,0,10.283857861322469,10.283857861322469,10.283857861322469,10.283857861322469,9.010000228881836,7.920000076293945,8.800000190734863,7.949999809265137,1.2738576324406328,2.3638577850285234,1.4838576705876054,2.333858052057332,0.44585017135422145,0.8273502247599831,0.5193501847056619,0.8168503182200662,1.7642804969386912,1.8827205052213531,1.7893004934625487,1.8667905129031992,-1,1,-1,1,-13,13,-13,13,-15,16,-15,16
1783308094.8456137,35.0,0.0,0.0,35.0,0.0,0,10.283857861322469,10.283857861322469,10.283857861322469,10.283857861322469,9.479999542236328,8.710000038146973,9.329999923706055,8.739999771118164,0.8038583190861406,1.573857823175496,0.953857937616414,1.5438580902043046,0.2813504116801492,0.5508502381114235,0.33385027816574486,0.5403503315715066,1.7715152218104664,1.8968852256299327,1.7978852149010964,1.8806852357150379,-1,1,-1,1,-13,13,-13,13,-15,15,-15,15
1783308094.8656735,35.0,0.0,0.0,35.0,0.0,0,10.283857861322469,10.283857861322469,10.283857861322469,10.283857861322469,9.479999542236328,8.710000038146973,9.329999923706055,8.739999771118164,0.8038583190861406,1.573857823175496,0.953857937616414,1.5438580902043046,0.2813504116801492,0.5508502381114235,0.33385027816574486,0.5403503315715066,1.7787499466822416,1.9110499460385122,1.8064699363396441,1.8945799585268766,-1,1,-1,1,-13,13,-13,13,-15,15,-15,15
1783308094.8856537,35.0,0.0,0.0,35.0,0.0,0,10.283857861322469,10.283857861322469,10.283857861322469,10.283857861322469,9.800000190734863,9.720000267028809,9.699999809265137,9.739999771118164,0.4838576705876054,0.5638575942936601,0.583858052057332,0.5438580902043046,0.16935018470566188,0.19735015800278102,0.2043503182200662,0.1903503315715066,1.78310466571753,1.9161246643871552,1.8117246588081601,1.8994746813387153,-1,1,-1,1,-13,13,-13,13,-15,15,-15,15
1783308094.9056585,35.0,0.0,0.0,35.0,0.0,0,10.283857861322469,10.283857861322469,10.283857861322469,10.283857861322469,9.800000190734863,9.720000267028809,9.699999809265137,9.739999771118164,0.4838576705876054,0.5638575942936601,0.583858052057332,0.5438580902043046,0.16935018470566188,0.19735015800278102,0.2043503182200662,0.1903503315715066,1.7874593847528184,1.9211993827357983,1.8169793812766761,1.9043694041505541,-1,1,-1,1,-13,13,-13,13,-15,15,-15,15
1783308094.9256506,35.0,0.0,0.0,35.0,0.0,0,10.283857861322469,10.283857861322469,10.283857861322469,10.283857861322469,9.800000190734863,9.720000267028809,9.699999809265137,9.739999771118164,0.4838576705876054,0.5638575942936601,0.583858052057332,0.5438580902043046,0.16935018470566188,0.19735015800278102,0.2043503182200662,0.1903503315715066,1.7918141037881068,1.9262741010844413,1.8222341037451921,1.909264126962393,-1,1,-1,1,-13,13,-13,13,-15,15,-15,15
1783308094.9456367,35.0,0.0,0.0,35.0,0.0,0,10.283857861322469,10.283857861322469,10.283857861322469,10.283857861322469,10.489999771118164,9.979999542236328,10.640000343322754,9.760000228881836,-0.20614190979569536,0.3038583190861406,-0.3561424820002852,0.5238576324406328,-0.07214966842849337,0.10635041168014919,-0.12464986870009981,0.18335017135422146,1.7899588265999455,1.9290088259562166,1.8190288214071895,1.9139788456543585,-1,1,-1,1,-13,13,-13,13,-15,15,-15,15
1783308094.9656596,35.0,0.0,0.0,35.0,0.0,0,10.283857861322469,10.283857861322469,10.283857861322469,10.283857861322469,10.489999771118164,9.979999542236328,10.640000343322754,9.760000228881836,-0.20614190979569536,0.3038583190861406,-0.3561424820002852,0.5238576324406328,-0.07214966842849337,0.10635041168014919,-0.12464986870009981,0.18335017135422146,1.7881035494117843,1.9317435508279919,1.8158235390691868,1.918693564346324,-1,1,-1,1,-13,13,-13,13,-15,15,-15,15
1783308094.985662,35.0,0.0,0.0,35.0,0.0,0,10.283857861322469,10.283857861322469,10.283857861322469,10.283857861322469,10.960000038146973,10.149999618530273,11.069999694824219,10.0,-0.676142176824504,0.13385824279219527,-0.78614183350175,0.2838578613224687,-0.23664976188857637,0.046850384977268344,-0.2751496417256125,0.09935025146286404,1.7820182698203637,1.9329482750131217,1.808748262567671,1.9212482850982264,-1,1,-1,1,-13,13,-13,13,-15,15,-15,15
1783308095.0056415,35.0,0.0,0.0,35.0,0.0,0,10.283857861322469,10.283857861322469,10.283857861322469,10.283857861322469,10.960000038146973,10.149999618530273,11.069999694824219,10.0,-0.676142176824504,0.13385824279219527,-0.78614183350175,0.2838578613224687,-0.23664976188857637,0.046850384977268344,-0.2751496417256125,0.09935025146286404,1.7759329902289431,1.9341529991982516,1.8016729860661551,1.9238030058501288,-1,1,-1,1,-13,13,-13,13,-15,15,-15,15
1783308095.0256016,35.0,0.0,0.0,35.0,0.0,0,10.283857861322469,10.283857861322469,10.283857861322469,10.283857861322469,10.960000038146973,10.149999618530273,11.069999694824219,10.0,-0.676142176824504,0.13385824279219527,-0.78614183350175,0.2838578613224687,-0.23664976188857637,0.046850384977268344,-0.2751496417256125,0.09935025146286404,1.7698477106375226,1.9353577233833814,1.7945977095646393,1.926357726602031,-1,1,-1,1,-13,13,-13,13,-15,15,-15,15
1783308095.0456734,35.0,0.0,0.0,35.0,0.0,0,10.283857861322469,10.283857861322469,10.283857861322469,10.283857861322469,11.069999694824219,10.729999542236328,10.920000076293945,10.619999885559082,-0.78614183350175,-0.4461416809138594,-0.6361422149714766,-0.3361420242366133,-0.2751496417256125,-0.1561495883198508,-0.2226497752400168,-0.11764970848281465,1.7627724341360067,1.9313424482551567,1.788872429629896,1.9233324483839016,-1,1,-1,1,-13,13,-13,13,-14,15,-15,15
1783308095.0656114,35.0,0.0,0.0,35.0,0.0,0,10.283857861322469,10.283857861322469,10.283857861322469,10.283857861322469,11.069999694824219,10.729999542236328,10.920000076293945,10.619999885559082,-0.78614183350175,-0.4461416809138594,-0.6361422149714766,-0.3361420242366133,-0.2751496417256125,-0.1561495883198508,-0.2226497752400168,-0.11764970848281465,1.7556971576344909,1.927327173126932,1.7831471496951525,1.9203071701657721,-1,1,-1,1,-13,13,-13,13,-14,15,-15,15
1783308095.085671,35.0,0.0,0.0,35.0,0.0,0,10.283857861322469,10.283857861322469,10.283857861322469,10.283857861322469,11.149999618530273,11.130000114440918,11.039999961853027,11.0600004196167,-0.8661417572078047,-0.8461422531184493,-0.7561421005305586,-0.7761425582942305,-0.30314961502273163,-0.29614978859145724,-0.2646497351856955,-0.2716498954029807,1.7479018818196206,1.919711892848866,1.7763418707903775,1.913321887141124,-1,1,-1,1,-13,13,-13,13,-14,15,-15,15
1783308095.1055942,35.0,0.0,0.0,35.0,0.0,0,10.283857861322469,10.283857861322469,10.283857861322469,10.283857861322469,11.149999618530273,11.130000114440918,11.039999961853027,11.0600004196167,-0.8661417572078047,-0.8461422531184493,-0.7561421005305586,-0.7761425582942305,-0.30314961502273163,-0.29614978859145724,-0.2646497351856955,-0.2716498954029807,1.7401066060047503,1.9120966125707999,1.7695365918856025,1.9063366041164758,-1,1,-1,1,-13,13,-13,13,-14,15,-15,15
1783308095.1256135,35.0,0.0,0.0,35.0,0.0,0,10.283857861322469,10.283857861322469,10.283857861322469,10.283857861322469,11.149999618530273,11.130000114440918,11.039999961853027,11.0600004196167,-0.8661417572078047,-0.8461422531184493,-0.7561421005305586,-0.7761425582942305,-0.30314961502273163,-0.29614978859145724,-0.2646497351856955,-0.2716498954029807,1.73231133018988,1.9044813322927339,1.7627313129808275,1.8993513210918276,-1,1,-1,1,-13,13,-13,13,-14,15,-14,15
1783308095.145609,35.0,0.0,0.0,35.0,0.0,0,10.283857861322469,10.283857861322469,10.283857861322469,10.283857861322469,11.420000076293945,11.420000076293945,11.579999923706055,11.140000343322754,-1.1361422149714766,-1.1361422149714766,-1.296142062383586,-0.8561424820002852,-0.39764977524001677,-0.39764977524001677,-0.45364972183425506,-0.2996498687000998,1.7220860502551367,1.8942560523579905,1.7510660344193751,1.891646038753825,-1,1,-1,1,-13,13,-13,13,-14,14,-14,15
1783308095.1656077,35.0,0.0,0.0,35.0,0.0,0,10.283857861322469,10.283857861322469,10.283857861322469,10.283857861322469,11.420000076293945,11.420000076293945,11.579999923706055,11.140000343322754,-1.1361422149714766,-1.1361422149714766,-1.296142062383586,-0.8561424820002852,-0.39764977524001677,-0.39764977524001677,-0.45364972183425506,-0.2996498687000998,1.7118607703203934,1.8840307724232472,1.7394007558579228,1.8839407564158224,-1,1,-1,1,-13,13,-13,13,-14,14,-14,15
1783308095.185693,35.0,0.0,0.0,35.0,0.0,0,10.283857861322469,10.283857861322469,10.283857861322469,10.283857861322469,11.619999885559082,11.84000015258789,11.5,11.649999618530273,-1.3361420242366133,-1.556142291265422,-1.2161421386775313,-1.3661417572078047,-0.4676497084828146,-0.5446498019428976,-0.42564974853713594,-0.4781496150227316,1.6998354921022638,1.8700254918018584,1.728455476609825,1.8716454806009521,-1,1,-1,1,-13,13,-13,13,-14,14,-14,14
1783308095.205642,35.0,0.0,0.0,35.0,0.0,0,10.283857861322469,10.283857861322469,10.283857861322469,10.283857861322469,11.619999885559082,11.84000015258789,11.5,11.649999618530273,-1.3361420242366133,-1.556142291265422,-1.2161421386775313,-1.3661417572078047,-0.4676497084828146,-0.5446498019428976,-0.42564974853713594,-0.4781496150227316,1.6878102138841342,1.8560202111804696,1.7175101973617273,1.859350204786082,-1,1,-1,1,-13,13,-13,13,-14,14,-14,14
1783308095.2256136,35.0,0.0,0.0,35.0,0.0,0,10.283857861322469,10.283857861322469,10.283857861322469,10.283857861322469,11.619999885559082,11.84000015258789,11.5,11.649999618530273,-1.3361420242366133,-1.556142291265422,-1.2161421386775313,-1.3661417572078047,-0.4676497084828146,-0.5446498019428976,-0.42564974853713594,-0.4781496150227316,1.6757849356660046,1.8420149305590807,1.7065649181136295,1.8470549289712117,-1,1,-1,1,-13,13,-13,13,-14,14,-14,14
1783308095.2456524,35.0,0.0,0.0,35.0,0.0,0,10.283857861322469,10.283857861322469,10.283857861322469,10.283857861322469,11.979999542236328,12.140000343322754,11.670000076293945,12.229999542236328,-1.6961416809138594,-1.8561424820002852,-1.3861422149714766,-1.9461416809138594,-0.5936495883198507,-0.6496498687000998,-0.4851497752400168,-0.6811495883198507,1.6605196605377799,1.8253096482210782,1.6940896381788861,1.829539653842987,-1,1,-1,1,-13,13,-13,13,-14,14,-14,14
1783308095.2656028,35.0,0.0,0.0,35.0,0.0,0,10.283857861322469,10.283857861322469,10.283857861322469,10.283857861322469,11.979999542236328,12.140000343322754,11.670000076293945,12.229999542236328,-1.6961416809138594,-1.8561424820002852,-1.3861422149714766,-1.9461416809138594,-0.5936495883198507,-0.6496498687000998,-0.4851497752400168,-0.6811495883198507,1.6452543854095552,1.8086043658830757,1.6816143582441427,1.812024378714762,-1,1,-1,1,-13,13,-13,13,-14,14,-14,14
1783308095.2857206,35.0,0.0,0.0,35.0,0.0,0,10.283857861322469,10.283857861322469,10.283857861322469,10.283857861322469,12.010000228881836,12.350000381469727,12.25,12.40999984741211,-1.7261423675593672,-2.066142520147258,-1.9661421386775313,-2.1261419860896407,-0.6041498286457785,-0.7231498820515402,-0.688149748537136,-0.7441496951313742,1.6297191041015209,1.7900090832017503,1.663919078996045,1.7928891008399552,-1,1,-1,1,-13,13,-13,13,-14,14,-14,14
1783308095.3056452,35.0,0.0,0.0,35.0,0.0,0,10.283857861322469,10.283857861322469,10.283857861322469,10.283857861322469,12.010000228881836,12.350000381469727,12.25,12.40999984741211,-1.7261423675593672,-2.066142520147258,-1.9661421386775313,-2.1261419860896407,-0.6041498286457785,-0.7231498820515402,-0.688149748537136,-0.7441496951313742,1.6141838227934866,1.771413800520425,1.6462237997479472,1.7737538229651484,-1,1,-1,1,-13,13,-13,13,-14,14,-14,14
1783308095.3256066,35.0,0.0,0.0,35.0,0.0,0,10.283857861322469,10.283857861322469,10.283857861322469,10.283857861322469,12.010000228881836,12.350000381469727,12.25,12.40999984741211,-1.7261423675593672,-2.066142520147258,-1.9661421386775313,-2.1261419860896407,-0.6041498286457785,-0.7231498820515402,-0.688149748537136,-0.7441496951313742,1.5986485414854523,1.7528185178390996,1.6285285204998494,1.7546185450903415,-1,1,-1,1,-13,13,-13,13,-14,14,-14,14
1783308095.3456755,35.0,0.0,0.0,35.0,0.0,0,10.283857861322469,10.283857861322469,10.283857861322469,10.283857861322469,12.479999542236328,12.9399995803833,12.420000076293945,12.760000228881836,-2.1961416809138594,-2.656141719060832,-2.1361422149714766,-2.4761423675593672,-0.7686495883198508,-0.9296496016712912,-0.7476497752400167,-0.8666498286457784,1.5788832663572276,1.7289132423675522,1.6093032405651062,1.7323332637823072,-1,1,-1,1,-13,13,-13,13,-14,14,-14,14
1783308095.365598,35.0,0.0,0.0,35.0,0.0,0,10.283857861322469,10.283857861322469,10.283857861322469,10.283857861322469,12.479999542236328,12.9399995803833,12.420000076293945,12.760000228881836,-2.1961416809138594,-2.656141719060832,-2.1361422149714766,-2.4761423675593672,-0.7686495883198508,-0.9296496016712912,-0.7476497752400167,-0.8666498286457784,1.559117991229003,1.7050079668960048,1.590077960630363,1.710047982474273,-1,1,-1,1,-13,13,-13,13,-14,14,-14,14
1783308095.3857124,35.0,0.0,0.0,35.0,0.0,0,10.283857861322469,10.283857861322469,10.283857861322469,10.283857861322469,12.359999656677246,12.90999984741211,12.319999694824219,12.779999732971191,-2.0761417953547774,-2.6261419860896407,-2.03614183350175,-2.4961418716487227,-0.726649628374172,-0.9191496951313741,-0.7126496417256125,-0.873649655077053,1.54043271507081,1.681372689021198,1.5717526841288472,1.6875827056294344,-1,1,-1,1,-13,13,-13,13,-14,14,-14,14
1783308095.405598,35.0,0.0,0.0,35.0,0.0,0,10.283857861322469,10.283857861322469,10.283857861322469,10.283857861322469,12.359999656677246,12.90999984741211,12.319999694824219,12.779999732971191,-2.0761417953547774,-2.6261419860896407,-2.03614183350175,-2.4961418716487227,-0.726649628374172,-0.9191496951313741,-0.7126496417256125,-0.873649655077053,1.5217474389126169,1.6577374111463912,1.5534274076273313,1.6651174287845958,-1,1,-1,1,-13,13,-13,13,-14,14,-14,14
1783308095.4256115,35.0,0.0,0.0,35.0,0.0,0,10.283857861322469,10.283857861322469,10.283857861322469,10.283857861322469,12.359999656677246,12.90999984741211,12.319999694824219,12.779999732971191,-2.0761417953547774,-2.6261419860896407,-2.03614183350175,-2.4961418716487227,-0.726649628374172,-0.9191496951313741,-0.7126496417256125,-0.873649655077053,1.5030621627544238,1.6341021332715844,1.5351021311258155,1.6426521519397572,-1,1,-1,1,-13,13,-13,13,-14,14,-14,14
1783308095.4455862,35.0,0.0,0.0,35.0,0.0,0,10.283857861322469,10.283857861322469,10.283857861322469,10.283857861322469,12.5,12.65999984741211,12.920000076293945,12.569999694824219,-2.2161421386775313,-2.3761419860896407,-2.6361422149714766,-2.28614183350175,-0.7756497485371359,-0.8316496951313742,-0.9226497752400168,-0.8001496417256124,1.483116883506326,1.6127168553967777,1.5113768511910721,1.6220768754382415,-1,1,-1,1,-13,13,-13,13,-14,14,-14,14
1783308095.4655926,35.0,0.0,0.0,35.0,0.0,0,10.283857861322469,10.283857861322469,10.283857861322469,10.283857861322469,12.5,12.65999984741211,12.920000076293945,12.569999694824219,-2.2161421386775313,-2.3761419860896407,-2.6361422149714766,-2.28614183350175,-0.7756497485371359,-0.8316496951313742,-0.9226497752400168,-0.8001496417256124,1.4631716042582281,1.591331577521971,1.4876515712563287,1.6015015989367258,-1,1,-1,1,-13,13,-13,13,-14,14,-14,14
1783308095.4857068,35.0,0.0,0.0,35.0,0.0,0,10.283857861322469,10.283857861322469,10.283857861322469,10.283857861322469,12.600000381469727,13.15999984741211,12.899999618530273,12.649999618530273,-2.316142520147258,-2.8761419860896407,-2.6161417572078047,-2.3661417572078047,-0.8106498820515402,-1.0066496951313741,-0.9156496150227316,-0.8281496150227317,1.4423263215769029,1.565446299647164,1.4641062954414585,1.5802063231218555,-1,1,-1,1,-13,13,-13,13,-14,14,-14,14
1783308095.5056105,35.0,0.0,0.0,35.0,0.0,0,10.283857861322469,10.283857861322469,10.283857861322469,10.283857861322469,12.600000381469727,13.15999984741211,12.899999618530273,12.649999618530273,-2.316142520147258,-2.8761419860896407,-2.6161417572078047,-2.3661417572078047,-0.8106498820515402,-1.0066496951313741,-0.9156496150227316,-0.8281496150227317,1.4214810388955776,1.5395610217723572,1.4405610196265883,1.5589110473069852,-1,1,-1,1,-13,13,-13,13,-14,14,-14,14
1783308095.5256062,35.0,0.0,0.0,35.0,0.0,0,10.283857861322469,10.283857861322469,10.283857861322469,10.283857861322469,12.600000381469727,13.15999984741211,12.899999618530273,12.649999618530273,-2.316142520147258,-2.8761419860896407,-2.6161417572078047,-2.3661417572078047,-0.8106498820515402,-1.0066496951313741,-0.9156496150227316,-0.8281496150227317,1.4006357562142524,1.5136757438975503,1.4170157438117181,1.5376157714921148,-1,1,-1,1,-13,13,-13,13,-14,14,-14,14
1783308095.5456028,35.0,0.0,0.0,35.0,0.0,0,10.283857861322469,10.283857861322469,10.283857861322469,10.283857861322469,12.899999618530273,12.84000015258789,13.100000381469727,12.699999809265137,-2.6161417572078047,-2.556142291265422,-2.816142520147258,-2.416141947942668,-0.9156496150227316,-0.8946498019428976,-0.9856498820515401,-0.8456496817799337,1.3770904803993822,1.4906704632761616,1.3916704611303927,1.515870493960631,-1,1,-1,1,-13,13,-13,13,-13,14,-13,14
1783308095.565656,35.0,0.0,0.0,35.0,0.0,0,10.283857861322469,10.283857861322469,10.283857861322469,10.283857861322469,12.899999618530273,12.84000015258789,13.100000381469727,12.699999809265137,-2.6161417572078047,-2.556142291265422,-2.816142520147258,-2.416141947942668,-0.9156496150227316,-0.8946498019428976,-0.9856498820515401,-0.8456496817799337,1.353545204584512,1.4676651826547729,1.3663251784490673,1.494125216429147,-1,1,-1,1,-13,13,-13,13,-13,14,-13,14
1783308095.5857096,35.0,0.0,0.0,35.0,0.0,0,10.283857861322469,10.283857861322469,10.283857861322469,10.283857861322469,12.880000114440918,12.829999923706055,13.25,12.739999771118164,-2.5961422531184493,-2.546142062383586,-2.9661421386775313,-2.4561419097956954,-0.9086497885914572,-0.891149721834255,-1.0381497485371358,-0.8596496684284933,1.330179924306446,1.4447499040933205,1.3396298992009696,1.4720199392409856,-1,1,-1,1,-13,13,-13,13,-13,14,-13,14
1783308095.605602,35.0,0.0,0.0,35.0,0.0,0,10.283857861322469,10.283857861322469,10.283857861322469,10.283857861322469,12.880000114440918,12.829999923706055,13.25,12.739999771118164,-2.5961422531184493,-2.546142062383586,-2.9661421386775313,-2.4561419097956954,-0.9086497885914572,-0.891149721834255,-1.0381497485371358,-0.8596496684284933,1.30681464402838,1.4218346255318681,1.312934619952872,1.4499146620528243,-1,1,-1,1,-13,13,-13,13,-13,14,-13,14
1783308095.6255946,35.0,0.0,0.0,35.0,0.0,0,10.283857861322469,10.283857861322469,10.283857861322469,10.283857861322469,12.880000114440918,12.829999923706055,13.25,12.739999771118164,-2.5961422531184493,-2.546142062383586,-2.9661421386775313,-2.4561419097956954,-0.9086497885914572,-0.891149721834255,-1.0381497485371358,-0.8596496684284933,1.2834493637503142,1.3989193469704158,1.2862393407047743,1.427809384864663,-1,1,-1,1,-13,13,-13,13,-13,14,-13,14
1783308095.645594,35.0,0.0,0.0,35.0,0.0,0,10.283857861322469,10.283857861322469,10.283857861322469,10.283857861322469,12.859999656677246,12.829999923706055,12.899999618530273,12.989999771118164,-2.5761417953547774,-2.546142062383586,-2.6161417572078047,-2.7061419097956954,-0.9016496283741721,-0.891149721834255,-0.9156496150227316,-0.9471496684284934,1.2602640875921212,1.3760040684089634,1.262694064889904,1.4034541076765017,-1,1,-1,1,-13,13,-13,13,-13,13,-13,13
1783308095.6656015,35.0,0.0,0.0,35.0,0.0,0,10.283857861322469,10.283857861322469,10.283857861322469,10.283857861322469,12.859999656677246,12.829999923706055,12.899999618530273,12.989999771118164,-2.5761417953547774,-2.546142062383586,-2.6161417572078047,-2.7061419097956954,-0.9016496283741721,-0.891149721834255,-0.9156496150227316,-0.9471496684284934,1.2370788114339282,1.353088789847511,1.239148789075034,1.3790988304883405,-1,1,-1,1,-13,13,-13,13,-13,13,-13,13
1783308095.6856709,35.0,0.0,0.0,35.0,0.0,0,10.283857861322469,10.283857861322469,10.283857861322469,10.283857861322469,12.850000381469727,13.0600004196167,12.649999618530273,12.9399995803833,-2.566142520147258,-2.7761425582942305,-2.3661417572078047,-2.656141719060832,-0.8981498820515402,-0.9716498954029806,-0.8281496150227317,-0.9296496016712912,1.2139835287526028,1.328103506822863,1.2178535132601636,1.355193555016793,-1,1,-1,1,-13,13,-13,13,-13,13,-13,13
1783308095.7056456,35.0,0.0,0.0,35.0,0.0,0,10.283857861322469,10.283857861322469,10.283857861322469,10.283857861322469,12.850000381469727,13.0600004196167,12.649999618530273,12.9399995803833,-2.566142520147258,-2.7761425582942305,-2.3661417572078047,-2.656141719060832,-0.8981498820515402,-0.9716498954029806,-0.8281496150227317,-0.9296496016712912,1.1908882460712775,1.303118223798215,1.1965582374452932,1.3312882795452456,-1,1,-1,1,-13,13,-13,13,-13,13,-13,13
1783308095.725614,35.0,0.0,0.0,35.0,0.0,0,10.283857861322469,10.283857861322469,10.283857861322469,10.283857861322469,12.850000381469727,13.0600004196167,12.649999618530273,12.9399995803833,-2.566142520147258,-2.7761425582942305,-2.3661417572078047,-2.656141719060832,-0.8981498820515402,-0.9716498954029806,-0.8281496150227317,-0.9296496016712912,1.1677929633899522,1.278132940773567,1.1752629616304229,1.3073830040736982,-1,1,-1,1,-13,13,-13,13,-13,13,-13,13
1783308095.745594,35.0,0.0,0.0,35.0,0.0,0,10.283857861322469,10.283857861322469,10.283857861322469,10.283857861322469,13.069999694824219,12.760000228881836,13.15999984741211,12.680000305175781,-2.78614183350175,-2.4761423675593672,-2.8761419860896407,-2.3961424438533125,-0.9751496417256125,-0.8666498286457784,-1.0066496951313741,-0.8386498553486593,1.1427176868884366,1.2558476594655328,1.149377683755616,1.2858177220790183,-1,1,-1,1,-13,13,-13,13,-13,13,-13,13
1783308095.7656484,35.0,0.0,0.0,35.0,0.0,0,10.283857861322469,10.283857861322469,10.283857861322469,10.283857861322469,13.069999694824219,12.760000228881836,13.15999984741211,12.680000305175781,-2.78614183350175,-2.4761423675593672,-2.8761419860896407,-2.3961424438533125,-0.9751496417256125,-0.8666498286457784,-1.0066496951313741,-0.8386498553486593,1.117642410386921,1.2335623781574985,1.1234924058808091,1.2642524400843385,-1,1,-1,1,-13,13,-13,13,-13,13,-13,13
1783308095.7856734,35.0,0.0,0.0,35.0,0.0,0,10.283857861322469,10.283857861322469,10.283857861322469,10.283857861322469,12.770000457763672,12.779999732971191,13.0600004196167,12.5,-2.486142596441203,-2.4961418716487227,-2.7761425582942305,-2.2161421386775313,-0.8701499087544211,-0.873649655077053,-0.9716498954029806,-0.7756497485371359,1.09526712701895,1.21109710131266,1.0985071228561611,1.2443071608362406,-1,1,-1,1,-13,13,-13,13,-13,13,-13,13
1783308095.8055954,35.0,0.0,0.0,35.0,0.0,0,10.283857861322469,10.283857861322469,10.283857861322469,10.283857861322469,12.770000457763672,12.779999732971191,13.0600004196167,12.5,-2.486142596441203,-2.4961418716487227,-2.7761425582942305,-2.2161421386775313,-0.8701499087544211,-0.873649655077053,-0.9716498954029806,-0.7756497485371359,1.0728918436509791,1.1886318244678213,1.0735218398315132,1.2243618815881427,-1,1,-1,1,-13,13,-13,13,-13,13,-13,13
1783308095.825647,35.0,0.0,0.0,35.0,0.0,0,10.283857861322469,10.283857861322469,10.283857861322469,10.283857861322469,12.770000457763672,12.779999732971191,13.0600004196167,12.5,-2.486142596441203,-2.4961418716487227,-2.7761425582942305,-2.2161421386775313,-0.8701499087544211,-0.873649655077053,-0.9716498954029806,-0.7756497485371359,1.0505165602830082,1.1661665476229828,1.0485365568068652,1.2044166023400449,-1,1,-1,1,-13,13,-13,13,-13,13,-13,13
1783308095.8455935,35.0,0.0,0.0,35.0,0.0,0,10.283857861322469,10.283857861322469,10.283857861322469,10.283857861322469,12.789999961853027,12.34000015258789,12.989999771118164,12.369999885559082,-2.5061421005305586,-2.056142291265422,-2.7061419097956954,-2.0861420242366133,-0.8771497351856955,-0.7196498019428976,-0.9471496684284934,-0.7301497084828146,1.0279612813782333,1.147661267001594,1.024181279618704,1.1856413241219155,-1,1,-1,1,-13,13,-13,13,-13,13,-13,13
1783308095.8655908,35.0,0.0,0.0,35.0,0.0,0,10.283857861322469,10.283857861322469,10.283857861322469,10.283857861322469,12.789999961853027,12.34000015258789,12.989999771118164,12.369999885559082,-2.5061421005305586,-2.056142291265422,-2.7061419097956954,-2.0861420242366133,-0.8771497351856955,-0.7196498019428976,-0.9471496684284934,-0.7301497084828146,1.0054060024734583,1.1291559863802052,0.9998260024305428,1.1668660459037858,-1,1,-1,1,-13,13,-13,13,-13,13,-13,13
1783308095.8856652,35.0,0.0,0.0,35.0,0.0,0,10.283857861322469,10.283857861322469,10.283857861322469,10.283857861322469,12.579999923706055,12.260000228881836,13.170000076293945,11.829999923706055,-2.296142062383586,-1.9761423675593672,-2.8861422149714766,-1.546142062383586,-0.8036497218342551,-0.6916498286457785,-1.0101497752400168,-0.541149721834255,0.9847407239120061,1.1113707050721708,0.9738507224957995,1.1529507673423336,-1,1,-1,1,-13,13,-13,13,-13,13,-13,14
1783308095.9055974,35.0,0.0,0.0,35.0,0.0,0,10.283857861322469,10.283857861322469,10.283857861322469,10.283857861322469,12.579999923706055,12.260000228881836,13.170000076293945,11.829999923706055,-2.296142062383586,-1.9761423675593672,-2.8861422149714766,-1.546142062383586,-0.8036497218342551,-0.6916498286457785,-1.0101497752400168,-0.541149721834255,0.9640754453505538,1.0935854237641365,0.9478754425610563,1.1390354887808813,-1,1,-1,1,-13,13,-13,13,-13,13,-13,14
1783308095.9255908,35.0,0.0,0.0,35.0,0.0,0,10.283857861322469,10.283857861322469,10.283857861322469,10.283857861322469,12.579999923706055,12.260000228881836,13.170000076293945,11.829999923706055,-2.296142062383586,-1.9761423675593672,-2.8861422149714766,-1.546142062383586,-0.8036497218342551,-0.6916498286457785,-1.0101497752400168,-0.541149721834255,0.9434101667891015,1.0758001424561021,0.921900162626313,1.125120210219429,-1,1,-1,1,-13,13,-13,13,-13,13,-13,14
1783308095.9456658,35.0,0.0,0.0,35.0,0.0,0,10.283857861322469,10.283857861322469,10.283857861322469,10.283857861322469,12.430000305175781,12.210000038146973,12.609999656677246,12.130000114440918,-2.1461424438533125,-1.926142176824504,-2.3261417953547774,-1.8461422531184493,-0.7511498553486593,-0.6741497618885763,-0.814149628374172,-0.6461497885914572,0.9240948847944217,1.0584648628646816,0.90096488646812,1.108504929941363,-1,1,-1,1,-13,13,-13,13,-13,13,-13,13
1783308095.965592,35.0,0.0,0.0,35.0,0.0,0,10.283857861322469,10.283857861322469,10.283857861322469,10.283857861322469,12.430000305175781,12.210000038146973,12.609999656677246,12.130000114440918,-2.1461424438533125,-1.926142176824504,-2.3261417953547774,-1.8461422531184493,-0.7511498553486593,-0.6741497618885763,-0.814149628374172,-0.6461497885914572,0.9047796027997419,1.041129583273261,0.880029610309927,1.0918896496632968,-1,1,-1,1,-13,13,-13,13,-13,13,-13,13
1783308095.9856668,35.0,0.0,0.0,35.0,0.0,0,10.283857861322469,10.283857861322469,10.283857861322469,10.283857861322469,12.319999694824219,11.720000267028809,12.229999542236328,11.65999984741211,-2.03614183350175,-1.4361424057063399,-1.9461416809138594,-1.3761419860896407,-0.7126496417256125,-0.502649841997219,-0.6811495883198507,-0.4816496951313742,0.8864543262982262,1.028204301621904,0.8625143351817023,1.07950437178849,-1,1,-1,1,-13,13,-13,13,-13,14,-13,14
1783308096.0055926,35.0,0.0,0.0,35.0,0.0,0,10.283857861322469,10.283857861322469,10.283857861322469,10.283857861322469,12.319999694824219,11.720000267028809,12.229999542236328,11.65999984741211,-2.03614183350175,-1.4361424057063399,-1.9461416809138594,-1.3761419860896407,-0.7126496417256125,-0.502649841997219,-0.6811495883198507,-0.4816496951313742,0.8681290497967105,1.015279019970547,0.8449990600534776,1.0671190939136832,-1,1,-1,1,-13,13,-13,13,-13,14,-13,14
1783308096.0255857,35.0,0.0,0.0,35.0,0.0,0,10.283857861322469,10.283857861322469,10.283857861322469,10.283857861322469,12.319999694824219,11.720000267028809,12.229999542236328,11.65999984741211,-2.03614183350175,-1.4361424057063399,-1.9461416809138594,-1.3761419860896407,-0.7126496417256125,-0.502649841997219,-0.6811495883198507,-0.4816496951313742,0.8498037732951947,1.00235373831919,0.8274837849252529,1.0547338160388764,-1,1,-1,1,-13,13,-13,13,-13,13,-13,14
1783308096.045606,35.0,0.0,0.0,35.0,0.0,0,10.283857861322469,10.283857861322469,10.283857861322469,10.283857861322469,12.699999809265137,11.600000381469727,12.40999984741211,11.329999923706055,-2.416141947942668,-1.3161425201472579,-2.1261419860896407,-1.046142062383586,-0.8456496817799337,-0.4606498820515402,-0.7441496951313742,-0.3661497218342551,0.8280584957637107,0.9905084556378647,0.8083485070504461,1.045318537477424,-1,1,-1,1,-13,13,-13,13,-13,14,-13,14
1783308096.0655997,35.0,0.0,0.0,35.0,0.0,0,10.283857861322469,10.283857861322469,10.283857861322469,10.283857861322469,12.699999809265137,11.600000381469727,12.40999984741211,11.329999923706055,-2.416141947942668,-1.3161425201472579,-2.1261419860896407,-1.046142062383586,-0.8456496817799337,-0.4606498820515402,-0.7441496951313742,-0.3661497218342551,0.8063132182322267,0.9786631729565394,0.7892132291756394,1.0359032589159718,-1,1,-1,1,-13,13,-13,13,-13,14,-13,14
1783308096.0856938,35.0,0.0,0.0,35.0,0.0,0,10.283857861322469,10.283857861322469,10.283857861322469,10.283857861322469,12.0600004196167,11.510000228881836,12.079999923706055,11.5600004196167,-1.7761425582942305,-1.2261423675593672,-1.796142062383586,-1.2761425582942305,-0.6216498954029807,-0.4291498286457785,-0.628649721834255,-0.44664989540298067,0.7903279352075786,0.967627891648505,0.7730479506141872,1.0244179758913237,-1,1,-1,1,-13,13,-13,13,-13,14,-13,14
1783308096.1056,35.0,0.0,0.0,35.0,0.0,0,10.283857861322469,10.283857861322469,10.283857861322469,10.283857861322469,12.0600004196167,11.510000228881836,12.079999923706055,11.5600004196167,-1.7761425582942305,-1.2261423675593672,-1.796142062383586,-1.2761425582942305,-0.6216498954029807,-0.4291498286457785,-0.628649721834255,-0.44664989540298067,0.7743426521829305,0.9565926103404707,0.756882672052735,1.0129326928666755,-1,1,-1,1,-13,13,-13,13,-13,14,-13,14
1783308096.125594,35.0,0.0,0.0,35.0,0.0,0,10.283857861322469,10.283857861322469,10.283857861322469,10.283857861322469,12.0600004196167,11.510000228881836,12.079999923706055,11.5600004196167,-1.7761425582942305,-1.2261423675593672,-1.796142062383586,-1.2761425582942305,-0.6216498954029807,-0.4291498286457785,-0.628649721834255,-0.44664989540298067,0.7583573691582824,0.9455573290324364,0.7407173934912827,1.0014474098420274,-1,1,-1,1,-13,13,-13,13,-13,14,-13,14
1783308096.145614,35.0,0.0,0.0,35.0,0.0,0,10.283857861322469,10.283857861322469,10.283857861322469,10.283857861322469,11.84000015258789,11.680000305175781,11.850000381469727,11.710000038146973,-1.556142291265422,-1.3961424438533125,-1.5661425201472579,-1.426142176824504,-0.5446498019428976,-0.48864985534865935,-0.5481498820515402,-0.49914976188857635,0.7443520885368936,0.9329920470377566,0.7266221108099574,0.9886121302506069,-1,1,-1,1,-13,13,-13,13,-13,13,-13,13
1783308096.1655967,35.0,0.0,0.0,35.0,0.0,0,10.283857861322469,10.283857861322469,10.283857861322469,10.283857861322469,11.84000015258789,11.680000305175781,11.850000381469727,11.710000038146973,-1.556142291265422,-1.3961424438533125,-1.5661425201472579,-1.426142176824504,-0.5446498019428976,-0.48864985534865935,-0.5481498820515402,-0.49914976188857635,0.7303468079155048,0.9204267650430769,0.7125268281286321,0.9757768506591864,-1,1,-1,1,-13,13,-13,13,-13,13,-13,13
1783308096.1857212,35.0,0.0,0.0,35.0,0.0,0,10.283857861322469,10.283857861322469,10.283857861322469,10.283857861322469,11.90999984741211,11.569999694824219,11.920000076293945,11.369999885559082,-1.6261419860896407,-1.28614183350175,-1.6361422149714766,-1.0861420242366133,-0.5691496951313741,-0.4501496417256125,-0.5726497752400168,-0.38014970848281465,0.715711530040698,0.9088514885415611,0.6978015481938888,0.9660015724410569,-1,1,-1,1,-13,13,-13,13,-13,13,-13,14
1783308096.2056007,35.0,0.0,0.0,35.0,0.0,0,10.283857861322469,10.283857861322469,10.283857861322469,10.283857861322469,11.90999984741211,11.569999694824219,11.920000076293945,11.369999885559082,-1.6261419860896407,-1.28614183350175,-1.6361422149714766,-1.0861420242366133,-0.5691496951313741,-0.4501496417256125,-0.5726497752400168,-0.38014970848281465,0.7010762521658912,0.8972762120400453,0.6830762682591456,0.9562262942229274,-1,1,-1,1,-13,13,-13,13,-13,13,-13,14
1783308096.225614,35.0,0.0,0.0,35.0,0.0,0,10.283857861322469,10.283857861322469,10.283857861322469,10.283857861322469,11.90999984741211,11.569999694824219,11.920000076293945,11.369999885559082,-1.6261419860896407,-1.28614183350175,-1.6361422149714766,-1.0861420242366133,-0.5691496951313741,-0.4501496417256125,-0.5726497752400168,-0.38014970848281465,0.6864409742910844,0.8857009355385295,0.6683509883244023,0.9464510160047979,-1,1,-1,1,-13,13,-13,13,-13,13,-13,14
1783308096.2456033,35.0,0.0,0.0,35.0,0.0,0,10.283857861322469,10.283857861322469,10.283857861322469,10.283857861322469,11.729999542236328,12.180000305175781,11.739999771118164,11.579999923706055,-1.4461416809138594,-1.8961424438533125,-1.4561419097956954,-1.296142062383586,-0.5061495883198508,-0.6636498553486594,-0.5096496684284934,-0.45364972183425506,0.6734256991628597,0.8686356535438496,0.6552457111362411,0.9347857374433456,-1,1,-1,1,-13,13,-13,13,-13,13,-13,13
1783308096.2656388,35.0,0.0,0.0,35.0,0.0,0,10.283857861322469,10.283857861322469,10.283857861322469,10.283857861322469,11.729999542236328,12.180000305175781,11.739999771118164,11.579999923706055,-1.4461416809138594,-1.8961424438533125,-1.4561419097956954,-1.296142062383586,-0.5061495883198508,-0.6636498553486594,-0.5096496684284934,-0.45364972183425506,0.6604104240346349,0.8515703715491698,0.6421404339480798,0.9231204588818933,-1,1,-1,1,-13,13,-13,13,-13,13,-13,13
1783308096.2857015,35.0,0.0,0.0,35.0,0.0,0,10.283857861322469,10.283857861322469,10.283857861322469,10.283857861322469,12.0600004196167,11.920000076293945,12.069999694824219,11.5,-1.7761425582942305,-1.6361422149714766,-1.78614183350175,-1.2161421386775313,-0.6216498954029807,-0.5726497752400168,-0.6251496417256125,-0.42564974853713594,0.6444251410099868,0.8368450916144266,0.6260651574465641,0.9121751796337956,-1,1,-1,1,-13,13,-13,13,-13,13,-13,13
1783308096.3055954,35.0,0.0,0.0,35.0,0.0,0,10.283857861322469,10.283857861322469,10.283857861322469,10.283857861322469,12.0600004196167,11.920000076293945,12.069999694824219,11.5,-1.7761425582942305,-1.6361422149714766,-1.78614183350175,-1.2161421386775313,-0.6216498954029807,-0.5726497752400168,-0.6251496417256125,-0.42564974853713594,0.6284398579853387,0.8221198116796833,0.6099898809450484,0.9012299003856978,-1,1,-1,1,-13,13,-13,13,-13,13,-13,13
1783308096.3255932,35.0,0.0,0.0,35.0,0.0,0,10.283857861322469,10.283857861322469,10.283857861322469,10.283857861322469,12.0600004196167,11.920000076293945,12.069999694824219,11.5,-1.7761425582942305,-1.6361422149714766,-1.78614183350175,-1.2161421386775313,-0.6216498954029807,-0.5726497752400168,-0.6251496417256125,-0.42564974853713594,0.6124545749606907,0.80739453174494,0.5939146044435326,0.8902846211376001,-1,1,-1,1,-13,13,-13,13,-13,13,-13,13
1783308096.345603,35.0,0.0,0.0,35.0,0.0,0,10.283857861322469,10.283857861322469,10.283857861322469,10.283857861322469,12.069999694824219,11.970000267028809,12.069999694824219,11.670000076293945,-1.78614183350175,-1.6861424057063399,-1.78614183350175,-1.3861422149714766,-0.6251496417256125,-0.5901498419972189,-0.6251496417256125,-0.4851497752400168,0.5963792984591749,0.792219250093583,0.5778393279420169,0.8778093412028568,-1,1,-1,1,-13,13,-13,13,-13,13,-13,13
1783308096.3656003,35.0,0.0,0.0,35.0,0.0,0,10.283857861322469,10.283857861322469,10.283857861322469,10.283857861322469,12.069999694824219,11.970000267028809,12.069999694824219,11.670000076293945,-1.78614183350175,-1.6861424057063399,-1.78614183350175,-1.3861422149714766,-0.6251496417256125,-0.5901498419972189,-0.6251496417256125,-0.4851497752400168,0.5803040219576592,0.7770439684422259,0.5617640514405011,0.8653340612681135,-1,1,-1,1,-13,13,-13,13,-13,13,-13,13
1783308096.385658,35.0,0.0,0.0,35.0,0.0,0,10.283857861322469,10.283857861322469,10.283857861322469,10.283857861322469,12.069999694824219,12.0,12.069999694824219,11.789999961853027,-1.78614183350175,-1.7161421386775313,-1.78614183350175,-1.5061421005305586,-0.6251496417256125,-0.6006497485371359,-0.6251496417256125,-0.5271497351856955,0.5642287454561434,0.7615986891941281,0.5456887749389854,0.8517787823633385,-1,1,-1,1,-13,13,-13,13,-13,13,-13,13
1783308096.4055996,35.0,0.0,0.0,35.0,0.0,0,10.283857861322469,10.283857861322469,10.283857861322469,10.283857861322469,12.069999694824219,12.0,12.069999694824219,11.789999961853027,-1.78614183350175,-1.7161421386775313,-1.78614183350175,-1.5061421005305586,-0.6251496417256125,-0.6006497485371359,-0.6251496417256125,-0.5271497351856955,0.5481534689546277,0.7461534099460303,0.5296134984374696,0.8382235034585634,-1,1,-1,1,-13,13,-13,13,-13,13,-13,13
1783308096.4255946,35.0,0.0,0.0,35.0,0.0,0,10.283857861322469,10.283857861322469,10.283857861322469,10.283857861322469,12.069999694824219,12.0,12.069999694824219,11.789999961853027,-1.78614183350175,-1.7161421386775313,-1.78614183350175,-1.5061421005305586,-0.6251496417256125,-0.6006497485371359,-0.6251496417256125,-0.5271497351856955,0.5320781924531119,0.7307081306979325,0.5135382219359539,0.8246682245537884,-1,1,-1,1,-13,13,-13,13,-13,13,-13,13
1783308096.4456081,35.0,0.0,0.0,35.0,0.0,0,10.283857861322469,10.283857861322469,10.283857861322469,10.283857861322469,11.619999885559082,12.25,11.619999885559082,11.880000114440918,-1.3361420242366133,-1.9661421386775313,-1.3361420242366133,-1.5961422531184493,-0.4676497084828146,-0.688149748537136,-0.4676497084828146,-0.5586497885914572,0.5200529142349825,0.7130128514498347,0.5015129437178244,0.8103029442757224,-1,1,-1,1,-13,13,-13,13,-13,13,-13,13
1783308096.4656453,35.0,0.0,0.0,35.0,0.0,0,10.283857861322469,10.283857861322469,10.283857861322469,10.283857861322469,11.619999885559082,12.25,11.619999885559082,11.880000114440918,-1.3361420242366133,-1.9661421386775313,-1.3361420242366133,-1.5961422531184493,-0.4676497084828146,-0.688149748537136,-0.4676497084828146,-0.5586497885914572,0.508027636016853,0.695317572201737,0.48948766549969486,0.7959376639976563,-1,1,-1,1,-13,13,-13,13,-13,13,-13,13
1783308096.485666,35.0,0.0,0.0,35.0,0.0,0,10.283857861322469,10.283857861322469,10.283857861322469,10.283857861322469,11.760000228881836,12.420000076293945,11.979999542236328,11.710000038146973,-1.4761423675593672,-2.1361422149714766,-1.6961416809138594,-1.426142176824504,-0.5166498286457785,-0.7476497752400167,-0.5936495883198507,-0.49914976188857635,0.49474235470881867,0.6760922922669936,0.4742223903714701,0.7831023844062358,-1,1,-1,1,-13,13,-13,13,-13,13,-13,13
1783308096.5056765,35.0,0.0,0.0,35.0,0.0,0,10.283857861322469,10.283857861322469,10.283857861322469,10.283857861322469,11.760000228881836,12.420000076293945,11.979999542236328,11.710000038146973,-1.4761423675593672,-2.1361422149714766,-1.6961416809138594,-1.426142176824504,-0.5166498286457785,-0.7476497752400167,-0.5936495883198507,-0.49914976188857635,0.48145707340078436,0.6568670123322503,0.4589571152432454,0.7702671048148153,-1,1,-1,1,-13,13,-13,13,-13,13,-13,13
1783308096.5255766,35.0,0.0,0.0,35.0,0.0,0,10.283857861322469,10.283857861322469,10.283857861322469,10.283857861322469,11.760000228881836,12.420000076293945,11.979999542236328,11.710000038146973,-1.4761423675593672,-2.1361422149714766,-1.6961416809138594,-1.426142176824504,-0.5166498286457785,-0.7476497752400167,-0.5936495883198507,-0.49914976188857635,0.46817179209275006,0.637641732397507,0.44369184011502066,0.7574318252233948,-1,1,-1,1,-13,13,-13,13,-13,13,-13,13
1783308096.545578,35.0,0.0,0.0,35.0,0.0,0,10.283857861322469,10.283857861322469,10.283857861322469,10.283857861322469,11.619999885559082,12.550000190734863,12.239999771118164,11.819999694824219,-1.3361420242366133,-2.2661423294123946,-1.9561419097956954,-1.53614183350175,-0.4676497084828146,-0.793149815294338,-0.6846496684284933,-0.5376496417256125,0.4561465138746205,0.6172464514327954,0.4260865629268594,0.743606548721879,-1,1,-1,1,-13,13,-13,13,-13,13,-13,13
1783308096.5655847,35.0,0.0,0.0,35.0,0.0,0,10.283857861322469,10.283857861322469,10.283857861322469,10.283857861322469,11.619999885559082,12.550000190734863,12.239999771118164,11.819999694824219,-1.3361420242366133,-2.2661423294123946,-1.9561419097956954,-1.53614183350175,-0.4676497084828146,-0.793149815294338,-0.6846496684284933,-0.5376496417256125,0.444121235656491,0.5968511704680839,0.4084812857386982,0.7297812722203633,-1,1,-1,1,-13,13,-13,13,-13,13,-13,13
1783308096.5856917,35.0,0.0,0.0,35.0,0.0,0,10.283857861322469,10.283857861322469,10.283857861322469,10.283857861322469,11.760000228881836,12.630000114440918,11.960000038146973,11.899999618530273,-1.4761423675593672,-2.3461422531184493,-1.676142176824504,-1.6161417572078047,-0.5166498286457785,-0.8211497885914572,-0.5866497618885763,-0.5656496150227316,0.4308359543484567,0.5757358901900178,0.39339600614727765,0.7152359964054931,-1,1,-1,1,-13,13,-13,13,-13,13,-13,13
1783308096.6056879,35.0,0.0,0.0,35.0,0.0,0,10.283857861322469,10.283857861322469,10.283857861322469,10.283857861322469,11.760000228881836,12.630000114440918,11.960000038146973,11.899999618530273,-1.4761423675593672,-2.3461422531184493,-1.676142176824504,-1.6161417572078047,-0.5166498286457785,-0.8211497885914572,-0.5866497618885763,-0.5656496150227316,0.41755067304042237,0.5546206099119517,0.3783107265558571,0.7006907205906229,-1,1,-1,1,-13,13,-13,13,-13,13,-13,13
1783308096.6255934,35.0,0.0,0.0,35.0,0.0,0,10.283857861322469,10.283857861322469,10.283857861322469,10.283857861322469,11.760000228881836,12.630000114440918,11.960000038146973,11.899999618530273,-1.4761423675593672,-2.3461422531184493,-1.676142176824504,-1.6161417572078047,-0.5166498286457785,-0.8211497885914572,-0.5866497618885763,-0.5656496150227316,0.40426539173238807,0.5335053296338856,0.3632254469644366,0.6861454447757527,-1,1,-1,1,-13,13,-13,13,-13,13,-13,13
1783308096.6457222,35.0,0.0,0.0,35.0,0.0,0,10.283857861322469,10.283857861322469,10.283857861322469,10.283857861322469,11.850000381469727,12.239999771118164,12.0,11.720000267028809,-1.5661425201472579,-1.9561419097956954,-1.7161421386775313,-1.4361424057063399,-0.5481498820515402,-0.6846496684284933,-0.6006497485371359,-0.502649841997219,0.39017010905106275,0.5159000524457243,0.3477801677163388,0.6732201631243956,-1,1,-1,1,-13,13,-13,13,-13,13,-13,13
1783308096.6655374,35.0,0.0,0.0,35.0,0.0,0,10.283857861322469,10.283857861322469,10.283857861322469,10.283857861322469,11.850000381469727,12.239999771118164,12.0,11.720000267028809,-1.5661425201472579,-1.9561419097956954,-1.7161421386775313,-1.4361424057063399,-0.5481498820515402,-0.6846496684284933,-0.6006497485371359,-0.502649841997219,0.37607482636973744,0.4982947752575631,0.332334888468241,0.6602948814730385,-1,1,-1,1,-13,13,-13,13,-13,13,-13,13
1783308096.6857235,35.0,0.0,0.0,35.0,0.0,0,10.283857861322469,10.283857861322469,10.283857861322469,10.283857861322469,11.920000076293945,12.420000076293945,12.020000457763672,12.0600004196167,-1.6361422149714766,-2.1361422149714766,-1.7361425964412032,-1.7761425582942305,-0.5726497752400168,-0.7476497752400167,-0.607649908754421,-0.6216498954029807,0.3613495464349942,0.47906949532281984,0.3167096051002702,0.6443095984483904,-1,1,-1,1,-13,13,-13,13,-13,13,-13,13
1783308096.7056317,35.0,0.0,0.0,35.0,0.0,0,10.283857861322469,10.283857861322469,10.283857861322469,10.283857861322469,11.920000076293945,12.420000076293945,12.020000457763672,12.0600004196167,-1.6361422149714766,-2.1361422149714766,-1.7361425964412032,-1.7761425582942305,-0.5726497752400168,-0.7476497752400167,-0.607649908754421,-0.6216498954029807,0.3466242665002509,0.45984421538807657,0.3010843217322994,0.6283243154237423,-1,1,-1,1,-13,13,-13,13,-13,13,-13,13
1783308096.7255874,35.0,0.0,0.0,35.0,0.0,0,10.283857861322469,10.283857861322469,10.283857861322469,10.283857861322469,11.920000076293945,12.420000076293945,12.020000457763672,12.0600004196167,-1.6361422149714766,-2.1361422149714766,-1.7361425964412032,-1.7761425582942305,-0.5726497752400168,-0.7476497752400167,-0.607649908754421,-0.6216498954029807,0.33189898656550765,0.4406189354533333,0.28545903836432857,0.6123390323990943,-1,1,-1,1,-13,13,-13,13,-13,13,-13,13
1783308096.7456036,35.0,0.0,0.0,35.0,0.0,0,10.283857861322469,10.283857861322469,10.283857861322469,10.283857861322469,11.739999771118164,12.09000015258789,11.579999923706055,11.84000015258789,-1.4561419097956954,-1.806142291265422,-1.296142062383586,-1.556142291265422,-0.5096496684284934,-0.6321498019428976,-0.45364972183425506,-0.5446498019428976,0.3187937093773464,0.4243636548319445,0.2737937598028763,0.5983337517777054,-1,1,-1,1,-13,13,-13,13,-13,13,-13,13
1783308096.7656095,35.0,0.0,0.0,35.0,0.0,0,10.283857861322469,10.283857861322469,10.283857861322469,10.283857861322469,11.739999771118164,12.09000015258789,11.579999923706055,11.84000015258789,-1.4561419097956954,-1.806142291265422,-1.296142062383586,-1.556142291265422,-0.5096496684284934,-0.6321498019428976,-0.45364972183425506,-0.5446498019428976,0.3056884321891852,0.4081083742105557,0.262128481241424,0.5843284711563166,-1,1,-1,1,-13,13,-13,13,-13,13,-13,13
1783308096.7857246,35.0,0.0,0.0,35.0,0.0,0,10.283857861322469,10.283857861322469,10.283857861322469,10.283857861322469,11.84000015258789,11.859999656677246,11.5,11.90999984741211,-1.556142291265422,-1.5761417953547774,-1.2161421386775313,-1.6261419860896407,-0.5446498019428976,-0.5516496283741721,-0.42564974853713594,-0.5691496951313741,0.2916831515677964,0.3939230980523627,0.2511832019933262,0.5696931932815098,-1,1,-1,1,-13,13,-13,13,-13,13,-13,13
1783308096.805636,35.0,0.0,0.0,35.0,0.0,0,10.283857861322469,10.283857861322469,10.283857861322469,10.283857861322469,11.84000015258789,11.859999656677246,11.5,11.90999984741211,-1.556142291265422,-1.5761417953547774,-1.2161421386775313,-1.6261419860896407,-0.5446498019428976,-0.5516496283741721,-0.42564974853713594,-0.5691496951313741,0.2776778709464076,0.3797378218941697,0.24023792274522843,0.555057915406703,-1,1,-1,1,-13,13,-13,13,-13,13,-13,13
1783308096.8255932,35.0,0.0,0.0,35.0,0.0,0,10.283857861322469,10.283857861322469,10.283857861322469,10.283857861322469,11.84000015258789,11.859999656677246,11.5,11.90999984741211,-1.556142291265422,-1.5761417953547774,-1.2161421386775313,-1.6261419860896407,-0.5446498019428976,-0.5516496283741721,-0.42564974853713594,-0.5691496951313741,0.26367259032501883,0.36555254573597673,0.22929264349713063,0.5404226375318962,-1,1,-1,1,-13,13,-13,13,-13,13,-13,13
1783308096.8455741,35.0,0.0,0.0,35.0,0.0,0,10.283857861322469,10.283857861322469,10.283857861322469,10.283857861322469,12.140000343322754,11.699999809265137,11.899999618530273,11.729999542236328,-1.8561424820002852,-1.416141947942668,-1.6161417572078047,-1.4461416809138594,-0.6496498687000998,-0.4956496817799338,-0.5656496150227316,-0.5061495883198508,0.24696730798701627,0.3528072682044927,0.21474736768226038,0.5274073624036715,-1,1,-1,1,-13,13,-13,13,-13,13,-13,13
1783308096.8655918,35.0,0.0,0.0,35.0,0.0,0,10.283857861322469,10.283857861322469,10.283857861322469,10.283857861322469,12.140000343322754,11.699999809265137,11.899999618530273,11.729999542236328,-1.8561424820002852,-1.416141947942668,-1.6161417572078047,-1.4461416809138594,-0.6496498687000998,-0.4956496817799338,-0.5656496150227316,-0.5061495883198508,0.2302620256490137,0.3400619906730087,0.20020209186739013,0.5143920872754467,-1,1,-1,1,-13,13,-13,13,-13,13,-13,13
1783308096.8857224,35.0,0.0,0.0,35.0,0.0,0,10.283857861322469,10.283857861322469,10.283857861322469,10.283857861322469,12.119999885559082,11.8100004196167,11.729999542236328,11.829999923706055,-1.8361420242366133,-1.5261425582942305,-1.4461416809138594,-1.546142062383586,-0.6426497084828147,-0.5341498954029806,-0.5061495883198508,-0.541149721834255,0.2137367474308842,0.3263267076483606,0.1871868167391654,0.5004768087139945,-1,1,-1,1,-13,13,-13,13,-13,13,-13,13
1783308096.9056025,35.0,0.0,0.0,35.0,0.0,0,10.283857861322469,10.283857861322469,10.283857861322469,10.283857861322469,12.119999885559082,11.8100004196167,11.729999542236328,11.829999923706055,-1.8361420242366133,-1.5261425582942305,-1.4461416809138594,-1.546142062383586,-0.6426497084828147,-0.5341498954029806,-0.5061495883198508,-0.541149721834255,0.19721146921275468,0.3125914246237125,0.17417154161094067,0.4865615301525422,-1,1,-1,1,-13,13,-13,13,-13,13,-13,13
1783308096.9256647,35.0,0.0,0.0,35.0,0.0,0,10.283857861322469,10.283857861322469,10.283857861322469,10.283857861322469,12.119999885559082,11.8100004196167,11.729999542236328,11.829999923706055,-1.8361420242366133,-1.5261425582942305,-1.4461416809138594,-1.546142062383586,-0.6426497084828147,-0.5341498954029806,-0.5061495883198508,-0.541149721834255,0.18068619099462516,0.2988561415990644,0.16115626648271594,0.47264625159108997,-1,1,-1,1,-13,13,-13,13,-13,13,-13,13
1783308096.9456005,35.0,0.0,0.0,35.0,0.0,0,10.283857861322469,10.283857861322469,10.283857861322469,10.283857861322469,12.109999656677246,11.65999984741211,11.829999923706055,11.90999984741211,-1.8261417953547774,-1.3761419860896407,-1.546142062383586,-1.6261419860896407,-0.639149628374172,-0.4816496951313742,-0.541149721834255,-0.5691496951313741,0.16425091483643217,0.2864708637242576,0.14724098792126367,0.4580109737162832,-1,1,-1,1,-13,13,-13,13,-13,13,-13,13
1783308096.9656653,35.0,0.0,0.0,35.0,0.0,0,10.283857861322469,10.283857861322469,10.283857861322469,10.283857861322469,12.109999656677246,11.65999984741211,11.829999923706055,11.90999984741211,-1.8261417953547774,-1.3761419860896407,-1.546142062383586,-1.6261419860896407,-0.639149628374172,-0.4816496951313742,-0.541149721834255,-0.5691496951313741,0.14781563867823916,0.27408558584945086,0.1333257093598114,0.4433756958414764,-1,1,-1,1,-13,13,-13,13,-13,13,-13,13
1783308096.9856741,35.0,0.0,0.0,35.0,0.0,0,10.283857861322469,10.283857861322469,10.283857861322469,10.283857861322469,12.100000381469727,11.789999961853027,11.90999984741211,11.729999542236328,-1.8161425201472579,-1.5061421005305586,-1.6261419860896407,-1.4461416809138594,-0.6356498820515402,-0.5271497351856955,-0.5691496951313741,-0.5061495883198508,0.13147035599691384,0.2605303069446758,0.11869043148500462,0.43036042071325165,-1,1,-1,1,-13,13,-13,13,-12,13,-13,13
1783308097.0056007,35.0,0.0,0.0,35.0,0.0,0,10.283857861322469,10.283857861322469,10.283857861322469,10.283857861322469,12.100000381469727,11.789999961853027,11.90999984741211,11.729999542236328,-1.8161425201472579,-1.5061421005305586,-1.6261419860896407,-1.4461416809138594,-0.6356498820515402,-0.5271497351856955,-0.5691496951313741,-0.5061495883198508,0.11512507331558852,0.2469750280399008,0.10405515361019785,0.4173451455850269,-1,1,-1,1,-13,13,-13,13,-12,13,-13,13
1783308097.0256865,35.0,0.0,0.0,35.0,0.0,0,10.283857861322469,10.283857861322469,10.283857861322469,10.283857861322469,12.100000381469727,11.789999961853027,11.90999984741211,11.729999542236328,-1.8161425201472579,-1.5061421005305586,-1.6261419860896407,-1.4461416809138594,-0.6356498820515402,-0.5271497351856955,-0.5691496951313741,-0.5061495883198508,0.0987797906342632,0.23341974913512575,0.08941987573539108,0.40432987045680213,-1,1,-1,1,-13,13,-13,13,-12,13,-13,13
1783308097.0456119,35.0,0.0,0.0,35.0,0.0,0,10.283857861322469,10.283857861322469,10.283857861322469,10.283857861322469,12.09000015258789,11.869999885559082,11.960000038146973,12.0600004196167,-1.806142291265422,-1.5861420242366133,-1.676142176824504,-1.7761425582942305,-0.6321498019428976,-0.5551497084828146,-0.5866497618885763,-0.6216498954029807,0.0825245100128744,0.21914447091699624,0.07433459614397055,0.38834458743215405,-1,1,-1,1,-13,13,-13,13,-12,13,-12,13
1783308097.065695,35.0,0.0,0.0,35.0,0.0,0,10.283857861322469,10.283857861322469,10.283857861322469,10.283857861322469,12.09000015258789,11.869999885559082,11.960000038146973,12.0600004196167,-1.806142291265422,-1.5861420242366133,-1.676142176824504,-1.7761425582942305,-0.6321498019428976,-0.5551497084828146,-0.5866497618885763,-0.6216498954029807,0.0662692293914856,0.20486919269886672,0.05924931655255001,0.372359304407506,-1,1,-1,1,-13,13,-13,13,-12,13,-12,13
1783308097.085667,35.0,0.0,0.0,35.0,0.0,0,10.283857861322469,10.283857861322469,10.283857861322469,10.283857861322469,11.859999656677246,11.930000305175781,11.539999961853027,11.84000015258789,-1.5761417953547774,-1.6461424438533125,-1.2561421005305586,-1.556142291265422,-0.5516496283741721,-0.5761498553486594,-0.4396497351856955,-0.5446498019428976,0.05208395323329261,0.1900539107041869,0.04794403764777498,0.3583540237861172,-1,1,-1,1,-13,13,-13,13,-13,13,-13,13
1783308097.1056077,35.0,0.0,0.0,35.0,0.0,0,10.283857861322469,10.283857861322469,10.283857861322469,10.283857861322469,11.859999656677246,11.930000305175781,11.539999961853027,11.84000015258789,-1.5761417953547774,-1.6461424438533125,-1.2561421005305586,-1.556142291265422,-0.5516496283741721,-0.5761498553486594,-0.4396497351856955,-0.5446498019428976,0.03789867707509961,0.17523862870950707,0.036638758742999954,0.3443487431647284,-1,1,-1,1,-13,13,-13,13,-12,13,-13,13
1783308097.1255977,35.0,0.0,0.0,35.0,0.0,0,10.283857861322469,10.283857861322469,10.283857861322469,10.283857861322469,11.859999656677246,11.930000305175781,11.539999961853027,11.84000015258789,-1.5761417953547774,-1.6461424438533125,-1.2561421005305586,-1.556142291265422,-0.5516496283741721,-0.5761498553486594,-0.4396497351856955,-0.5446498019428976,0.023713400916906616,0.16042334671482725,0.025333479838224926,0.3303434625433396,-1,1,-1,1,-13,13,-13,13,-12,13,-13,13
1783308097.1457014,35.0,0.0,0.0,35.0,0.0,0,10.283857861322469,10.283857861322469,10.283857861322469,10.283857861322469,11.920000076293945,11.75,11.930000305175781,11.680000305175781,-1.6361422149714766,-1.4661421386775313,-1.6461424438533125,-1.3961424438533125,-0.5726497752400168,-0.5131497485371359,-0.5761498553486594,-0.48864985534865935,0.008988120982163325,0.14722806746672945,0.010518197843545112,0.3177781805486598,-1,1,-1,1,-13,13,-13,13,-12,13,-12,13
1783308097.1657002,35.0,0.0,0.0,35.0,0.0,0,10.283857861322469,10.283857861322469,10.283857861322469,10.283857861322469,11.920000076293945,11.75,11.930000305175781,11.680000305175781,-1.6361422149714766,-1.4661421386775313,-1.6461424438533125,-1.3961424438533125,-0.5726497752400168,-0.5131497485371359,-0.5761498553486594,-0.48864985534865935,-0.0057371589525799654,0.13403278821863168,-0.004297084151134702,0.30521289855398,-1,1,-1,1,-13,13,-13,13,-12,13,-12,13
1783308097.1856844,35.0,0.0,0.0,35.0,0.0,0,10.283857861322469,10.283857861322469,10.283857861322469,10.283857861322469,11.739999771118164,11.850000381469727,11.520000457763672,11.569999694824219,-1.4561419097956954,-1.5661425201472579,-1.2361425964412032,-1.28614183350175,-0.5096496684284934,-0.5481498820515402,-0.4326499087544211,-0.4501496417256125,-0.018842436140741225,0.11993750553730637,-0.01542236751910553,0.29363762205246424,-1,1,-1,1,-13,13,-13,13,-12,13,-13,13
1783308097.2057052,35.0,0.0,0.0,35.0,0.0,0,10.283857861322469,10.283857861322469,10.283857861322469,10.283857861322469,11.739999771118164,11.850000381469727,11.520000457763672,11.569999694824219,-1.4561419097956954,-1.5661425201472579,-1.2361425964412032,-1.28614183350175,-0.5096496684284934,-0.5481498820515402,-0.4326499087544211,-0.4501496417256125,-0.031947713328902484,0.10584222285598105,-0.02654765088707636,0.2820623455509485,-1,1,-1,1,-13,13,-13,13,-12,13,-13,13
1783308097.225601,35.0,0.0,0.0,35.0,0.0,0,10.283857861322469,10.283857861322469,10.283857861322469,10.283857861322469,11.739999771118164,11.850000381469727,11.520000457763672,11.569999694824219,-1.4561419097956954,-1.5661425201472579,-1.2361425964412032,-1.28614183350175,-0.5096496684284934,-0.5481498820515402,-0.4326499087544211,-0.4501496417256125,-0.04505299051706374,0.09174694017465573,-0.03767293425504719,0.27048706904943276,-1,1,-1,1,-13,13,-13,13,-12,13,-13,13
1783308097.2457232,35.0,0.0,0.0,35.0,0.0,0,10.283857861322469,10.283857861322469,10.283857861322469,10.283857861322469,11.619999885559082,11.920000076293945,11.229999542236328,12.399999618530273,-1.3361420242366133,-1.6361422149714766,-0.9461416809138594,-2.1161417572078047,-0.4676497084828146,-0.5726497752400168,-0.33114958831985075,-0.7406496150227316,-0.05707826873519326,0.07702166023991244,-0.04618820938327192,0.2514417932345625,-1,1,-1,1,-13,13,-13,13,-12,13,-13,13
1783308097.2655997,35.0,0.0,0.0,35.0,0.0,0,10.283857861322469,10.283857861322469,10.283857861322469,10.283857861322469,11.619999885559082,11.920000076293945,11.229999542236328,12.399999618530273,-1.3361420242366133,-1.6361422149714766,-0.9461416809138594,-2.1161417572078047,-0.4676497084828146,-0.5726497752400168,-0.33114958831985075,-0.7406496150227316,-0.06910354695332278,0.06229638030516915,-0.05470348451149666,0.23239651741969225,-1,1,-1,1,-13,13,-13,13,-12,12,-13,12
1783308097.2856588,35.0,0.0,0.0,35.0,0.0,0,10.283857861322469,10.283857861322469,10.283857861322469,10.283857861322469,11.529999732971191,11.960000038146973,11.260000228881836,12.079999923706055,-1.2461418716487227,-1.676142176824504,-0.9761423675593672,-1.796142062383586,-0.43614965507705294,-0.5866497618885763,-0.34164982864577853,-0.628649721834255,-0.08031882379816128,0.047211100713748615,-0.06348876581953097,0.21623123885823997,-1,1,-1,1,-13,13,-13,13,-12,12,-13,13
1783308097.3057158,35.0,0.0,0.0,35.0,0.0,0,10.283857861322469,10.283857861322469,10.283857861322469,10.283857861322469,11.529999732971191,11.960000038146973,11.260000228881836,12.079999923706055,-1.2461418716487227,-1.676142176824504,-0.9761423675593672,-1.796142062383586,-0.43614965507705294,-0.5866497618885763,-0.34164982864577853,-0.628649721834255,-0.09153410064299979,0.03212582112232808,-0.07227404712756527,0.2000659602967877,-1,1,-1,1,-13,13,-13,13,-12,12,-13,13
1783308097.3256357,35.0,0.0,0.0,35.0,0.0,0,10.283857861322469,10.283857861322469,10.283857861322469,10.283857861322469,11.529999732971191,11.960000038146973,11.260000228881836,12.079999923706055,-1.2461418716487227,-1.676142176824504,-0.9761423675593672,-1.796142062383586,-0.43614965507705294,-0.5866497618885763,-0.34164982864577853,-0.628649721834255,-0.10274937748783829,0.01704054153090754,-0.08105932843559957,0.18390068173533541,-1,1,-1,1,-13,13,-13,13,-12,12,-13,13
1783308097.3456044,35.0,0.0,0.0,35.0,0.0,0,10.283857861322469,10.283857861322469,10.283857861322469,10.283857861322469,11.6899995803833,12.0,11.729999542236328,12.300000190734863,-1.406141719060832,-1.7161421386775313,-1.4461416809138594,-2.0161423294123946,-0.4921496016712912,-0.6006497485371359,-0.5061495883198508,-0.705649815294338,-0.11540465295938578,0.0015952622828097566,-0.0940746035638243,0.16575540077062387,-1,1,-1,1,-13,13,-13,13,-12,12,-12,12
1783308097.3656251,35.0,0.0,0.0,35.0,0.0,0,10.283857861322469,10.283857861322469,10.283857861322469,10.283857861322469,11.6899995803833,12.0,11.729999542236328,12.300000190734863,-1.406141719060832,-1.7161421386775313,-1.4461416809138594,-2.0161423294123946,-0.4921496016712912,-0.6006497485371359,-0.5061495883198508,-0.705649815294338,-0.12805992843093328,-0.013850016965288026,-0.10708987869204903,0.14761011980591232,-1,1,-1,1,-13,13,-13,13,-12,12,-12,12
1783308097.3856733,35.0,0.0,0.0,35.0,0.0,0,10.283857861322469,10.283857861322469,10.283857861322469,10.283857861322469,11.579999923706055,11.569999694824219,11.609999656677246,11.779999732971191,-1.296142062383586,-1.28614183350175,-1.3261417953547774,-1.4961418716487227,-0.45364972183425506,-0.4501496417256125,-0.46414962837417206,-0.523649655077053,-0.13972520699238555,-0.025425293466803778,-0.11902515485024202,0.13414484296107382,-1,1,-1,1,-13,13,-13,13,-12,13,-12,13
1783308097.4056613,35.0,0.0,0.0,35.0,0.0,0,10.283857861322469,10.283857861322469,10.283857861322469,10.283857861322469,11.579999923706055,11.569999694824219,11.609999656677246,11.779999732971191,-1.296142062383586,-1.28614183350175,-1.3261417953547774,-1.4961418716487227,-0.45364972183425506,-0.4501496417256125,-0.46414962837417206,-0.523649655077053,-0.15139048555383783,-0.037000569968319526,-0.13096043100843502,0.12067956611623532,-1,1,-1,1,-13,13,-13,13,-12,13,-12,13
1783308097.4256015,35.0,0.0,0.0,35.0,0.0,0,10.283857861322469,10.283857861322469,10.283857861322469,10.283857861322469,11.579999923706055,11.569999694824219,11.609999656677246,11.779999732971191,-1.296142062383586,-1.28614183350175,-1.3261417953547774,-1.4961418716487227,-0.45364972183425506,-0.4501496417256125,-0.46414962837417206,-0.523649655077053,-0.1630557641152901,-0.048575846469835274,-0.14289570716662803,0.10721428927139681,-1,1,-1,1,-13,13,-13,13,-12,13,-12,13
1783308097.4456806,35.0,0.0,0.0,35.0,0.0,0,10.283857861322469,10.283857861322469,10.283857861322469,10.283857861322469,11.729999542236328,11.720000267028809,11.75,11.640000343322754,-1.4461416809138594,-1.4361424057063399,-1.4661421386775313,-1.3561424820002852,-0.5061495883198508,-0.502649841997219,-0.5131497485371359,-0.4746498687000998,-0.17607103924351483,-0.061501128121192336,-0.1560909864147258,0.09500900693339424,-1,1,-1,1,-13,13,-13,13,-12,12,-12,13
1783308097.4656,35.0,0.0,0.0,35.0,0.0,0,10.283857861322469,10.283857861322469,10.283857861322469,10.283857861322469,11.729999542236328,11.720000267028809,11.75,11.640000343322754,-1.4461416809138594,-1.4361424057063399,-1.4661421386775313,-1.3561424820002852,-0.5061495883198508,-0.502649841997219,-0.5131497485371359,-0.4746498687000998,-0.18908631437173956,-0.0744264097725494,-0.16928626566282357,0.08280372459539168,-1,1,-1,1,-13,13,-13,13,-12,12,-12,13
1783308097.4856868,35.0,0.0,0.0,35.0,0.0,0,10.283857861322469,10.283857861322469,10.283857861322469,10.283857861322469,12.0600004196167,11.829999923706055,12.300000190734863,11.550000190734863,-1.7761425582942305,-1.546142062383586,-2.0161423294123946,-1.2661423294123946,-0.6216498954029807,-0.541149721834255,-0.705649815294338,-0.44314981529433806,-0.20507159739638764,-0.08834168833400168,-0.1874315466275351,0.07140844363068012,-1,1,-1,1,-13,13,-13,13,-12,12,-12,13
1783308097.505605,35.0,0.0,0.0,35.0,0.0,0,10.283857861322469,10.283857861322469,10.283857861322469,10.283857861322469,12.0600004196167,11.829999923706055,12.300000190734863,11.550000190734863,-1.7761425582942305,-1.546142062383586,-2.0161423294123946,-1.2661423294123946,-0.6216498954029807,-0.541149721834255,-0.705649815294338,-0.44314981529433806,-0.22105688042103572,-0.10225696689545395,-0.20557682759224666,0.06001316266596857,-1,1,-1,1,-13,13,-13,13,-12,12,-12,13
1783308097.5256069,35.0,0.0,0.0,35.0,0.0,0,10.283857861322469,10.283857861322469,10.283857861322469,10.283857861322469,12.0600004196167,11.829999923706055,12.300000190734863,11.550000190734863,-1.7761425582942305,-1.546142062383586,-2.0161423294123946,-1.2661423294123946,-0.6216498954029807,-0.541149721834255,-0.705649815294338,-0.44314981529433806,-0.2370421634456838,-0.11617224545690623,-0.2237221085569582,0.04861788170125701,-1,1,-1,1,-13,13,-13,13,-12,12,-12,13
1783308097.5455918,35.0,0.0,0.0,35.0,0.0,0,10.283857861322469,10.283857861322469,10.283857861322469,10.283857861322469,11.609999656677246,12.130000114440918,11.779999732971191,11.710000038146973,-1.3261417953547774,-1.8461422531184493,-1.4961418716487227,-1.426142176824504,-0.46414962837417206,-0.6461497885914572,-0.523649655077053,-0.49914976188857635,-0.2489774396038768,-0.13278752573497227,-0.2371873854017967,0.03578260210983648,-1,1,-1,1,-13,13,-13,13,-12,12,-12,13
1783308097.5656047,35.0,0.0,0.0,35.0,0.0,0,10.283857861322469,10.283857861322469,10.283857861322469,10.283857861322469,11.609999656677246,12.130000114440918,11.779999732971191,11.710000038146973,-1.3261417953547774,-1.8461422531184493,-1.4961418716487227,-1.426142176824504,-0.46414962837417206,-0.6461497885914572,-0.523649655077053,-0.49914976188857635,-0.2609127157620698,-0.14940280601303832,-0.25065266224663524,0.02294732251841594,-1,1,-1,1,-13,13,-13,13,-12,12,-12,13
1783308097.585733,35.0,0.0,0.0,35.0,0.0,0,10.283857861322469,10.283857861322469,10.283857861322469,10.283857861322469,11.520000457763672,12.109999656677246,11.869999885559082,11.59000015258789,-1.2361425964412032,-1.8261417953547774,-1.5861420242366133,-1.306142291265422,-0.4326499087544211,-0.639149628374172,-0.5551497084828146,-0.4571498019428976,-0.2720379991300406,-0.1658380821712313,-0.26492794046476476,0.011192041897027143,-1,1,-1,1,-13,13,-13,13,-12,12,-12,13
1783308097.6055908,35.0,0.0,0.0,35.0,0.0,0,10.283857861322469,10.283857861322469,10.283857861322469,10.283857861322469,11.520000457763672,12.109999656677246,11.869999885559082,11.59000015258789,-1.2361425964412032,-1.8261417953547774,-1.5861420242366133,-1.306142291265422,-0.4326499087544211,-0.639149628374172,-0.5551497084828146,-0.4571498019428976,-0.2831632824980114,-0.18227335832942432,-0.27920321868289427,-0.0005632387243616546,-1,1,-1,1,-13,13,-13,13,-12,12,-12,13
1783308097.6256404,35.0,0.0,0.0,35.0,0.0,0,10.283857861322469,10.283857861322469,10.283857861322469,10.283857861322469,11.520000457763672,12.109999656677246,11.869999885559082,11.59000015258789,-1.2361425964412032,-1.8261417953547774,-1.5861420242366133,-1.306142291265422,-0.4326499087544211,-0.639149628374172,-0.5551497084828146,-0.4571498019428976,-0.29428856586598223,-0.19870863448761733,-0.2934784969010238,-0.012318519345750453,-1,1,-1,1,-13,13,-13,13,-12,12,-12,13
1783308097.6455834,35.0,0.0,0.0,35.0,0.0,0,10.283857861322469,10.283857861322469,10.283857861322469,10.283857861322469,11.6899995803833,11.869999885559082,11.930000305175781,11.279999732971191,-1.406141719060832,-1.5861420242366133,-1.6461424438533125,-0.9961418716487227,-0.4921496016712912,-0.5551497084828146,-0.5761498553486594,-0.3486496550770529,-0.3069438413375297,-0.21298391270574685,-0.3082937788957036,-0.021283796190588955,-1,1,-1,1,-13,13,-13,13,-12,12,-12,13
1783308097.6655934,35.0,0.0,0.0,35.0,0.0,0,10.283857861322469,10.283857861322469,10.283857861322469,10.283857861322469,11.6899995803833,11.869999885559082,11.930000305175781,11.279999732971191,-1.406141719060832,-1.5861420242366133,-1.6461424438533125,-0.9961418716487227,-0.4921496016712912,-0.5551497084828146,-0.5761498553486594,-0.3486496550770529,-0.3195991168090772,-0.22725919092387636,-0.3231090608903834,-0.03024907303542746,-1,1,-1,1,-13,13,-13,13,-12,12,-12,13
1783308097.685674,35.0,0.0,0.0,35.0,0.0,0,10.283857861322469,10.283857861322469,10.283857861322469,10.283857861322469,11.8100004196167,11.710000038146973,11.970000267028809,11.289999961853027,-1.5261425582942305,-1.426142176824504,-1.6861424057063399,-1.0061421005305586,-0.5341498954029806,-0.49914976188857635,-0.5901498419972189,-0.3521497351856955,-0.33333439983372526,-0.2400944705152969,-0.33828434254174045,-0.03930435194020249,-1,1,-1,1,-13,13,-13,13,-12,12,-12,13
1783308097.7056358,35.0,0.0,0.0,35.0,0.0,0,10.283857861322469,10.283857861322469,10.283857861322469,10.283857861322469,11.8100004196167,11.710000038146973,11.970000267028809,11.289999961853027,-1.5261425582942305,-1.426142176824504,-1.6861424057063399,-1.0061421005305586,-0.5341498954029806,-0.49914976188857635,-0.5901498419972189,-0.3521497351856955,-0.34706968285837336,-0.2529297501067174,-0.3534596241930975,-0.04835963084497752,-1,1,-1,1,-13,13,-13,13,-12,12,-12,13
1783308097.7256274,35.0,0.0,0.0,35.0,0.0,0,10.283857861322469,10.283857861322469,10.283857861322469,10.283857861322469,11.8100004196167,11.710000038146973,11.970000267028809,11.289999961853027,-1.5261425582942305,-1.426142176824504,-1.6861424057063399,-1.0061421005305586,-0.5341498954029806,-0.49914976188857635,-0.5901498419972189,-0.3521497351856955,-0.36080496588302147,-0.265765029698138,-0.3686349058444546,-0.05741490974975255,-1,1,-1,1,-13,13,-13,13,-12,12,-12,13
1783308097.7455885,35.0,0.0,0.0,35.0,0.0,0,10.283857861322469,10.283857861322469,10.283857861322469,10.283857861322469,11.890000343322754,11.369999885559082,11.779999732971191,11.079999923706055,-1.6061424820002852,-1.0861420242366133,-1.4961418716487227,-0.796142062383586,-0.5621498687000998,-0.38014970848281465,-0.523649655077053,-0.27864972183425507,-0.37526024822102405,-0.2755403079162675,-0.3821001826892931,-0.06458018831120482,-1,1,-1,1,-13,13,-13,13,-12,12,-12,13
1783308097.7656572,35.0,0.0,0.0,35.0,0.0,0,10.283857861322469,10.283857861322469,10.283857861322469,10.283857861322469,11.890000343322754,11.369999885559082,11.779999732971191,11.079999923706055,-1.6061424820002852,-1.0861420242366133,-1.4961418716487227,-0.796142062383586,-0.5621498687000998,-0.38014970848281465,-0.523649655077053,-0.27864972183425507,-0.38971553055902663,-0.285315586134397,-0.3955654595341316,-0.0717454668726571,-1,1,-1,1,-13,13,-13,13,-12,12,-12,13
1783308097.7856593,35.0,0.0,0.0,35.0,0.0,0,10.283857861322469,10.283857861322469,10.283857861322469,10.283857861322469,11.9399995803833,11.130000114440918,11.869999885559082,10.920000076293945,-1.656141719060832,-0.8461422531184493,-1.5861420242366133,-0.6361422149714766,-0.5796496016712912,-0.29614978859145724,-0.5551497084828146,-0.2226497752400168,-0.40462080603057415,-0.292930866412463,-0.4098407377522611,-0.07747074680740038,-1,1,-1,1,-13,13,-13,13,-12,12,-12,13
1783308097.8056014,35.0,0.0,0.0,35.0,0.0,0,10.283857861322469,10.283857861322469,10.283857861322469,10.283857861322469,11.9399995803833,11.130000114440918,11.869999885559082,10.920000076293945,-1.656141719060832,-0.8461422531184493,-1.5861420242366133,-0.6361422149714766,-0.5796496016712912,-0.29614978859145724,-0.5551497084828146,-0.2226497752400168,-0.4195260815021217,-0.30054614669052904,-0.4241160159703906,-0.08319602674214366,-1,1,-1,1,-13,13,-13,13,-12,12,-12,13
1783308097.8256602,35.0,0.0,0.0,35.0,0.0,0,10.283857861322469,10.283857861322469,10.283857861322469,10.283857861322469,11.9399995803833,11.130000114440918,11.869999885559082,10.920000076293945,-1.656141719060832,-0.8461422531184493,-1.5861420242366133,-0.6361422149714766,-0.5796496016712912,-0.29614978859145724,-0.5551497084828146,-0.2226497752400168,-0.4344313569736692,-0.30816142696859505,-0.43839129418852013,-0.08892130667688694,-1,1,-1,1,-13,13,-13,13,-12,12,-12,13
1783308097.8456523,35.0,0.0,0.0,35.0,0.0,0,10.283857861322469,10.283857861322469,10.283857861322469,10.283857861322469,11.300000190734863,10.960000038146973,11.25,10.819999694824219,-1.0161423294123946,-0.676142176824504,-0.9661421386775313,-0.53614183350175,-0.3556498152943381,-0.23664976188857637,-0.3381497485371359,-0.1876496417256125,-0.44357663793838076,-0.3142467065600156,-0.4470865734366179,-0.09374658317840269,-1,1,-1,1,-13,13,-13,13,-12,12,-12,13
1783308097.86559,35.0,0.0,0.0,35.0,0.0,0,10.283857861322469,10.283857861322469,10.283857861322469,10.283857861322469,11.300000190734863,10.960000038146973,11.25,10.819999694824219,-1.0161423294123946,-0.676142176824504,-0.9661421386775313,-0.53614183350175,-0.3556498152943381,-0.23664976188857637,-0.3381497485371359,-0.1876496417256125,-0.4527219189030923,-0.3203319861514361,-0.45578185268471566,-0.09857185967991844,-1,1,-1,1,-13,13,-13,13,-12,12,-12,13
1783308097.8856819,35.0,0.0,0.0,35.0,0.0,0,10.283857861322469,10.283857861322469,10.283857861322469,10.283857861322469,10.859999656677246,11.069999694824219,10.59000015258789,10.510000228881836,-0.5761417953547774,-0.78614183350175,-0.3061422912654219,-0.22614236755936723,-0.20164962837417208,-0.2751496417256125,-0.10714980194289767,-0.07914982864577852,-0.4579071950612853,-0.32740726265295184,-0.45853713330610446,-0.10060714098795275,-1,1,-1,1,-13,13,-13,13,-12,12,-12,13
1783308097.9056637,35.0,0.0,0.0,35.0,0.0,0,10.283857861322469,10.283857861322469,10.283857861322469,10.283857861322469,10.859999656677246,11.069999694824219,10.59000015258789,10.510000228881836,-0.5761417953547774,-0.78614183350175,-0.3061422912654219,-0.22614236755936723,-0.20164962837417208,-0.2751496417256125,-0.10714980194289767,-0.07914982864577852,-0.4630924712194783,-0.3344825391544676,-0.46129241392749326,-0.10264242229598705,-1,1,-1,1,-13,13,-13,13,-12,12,-12,13
1783308097.9256003,35.0,0.0,0.0,35.0,0.0,0,10.283857861322469,10.283857861322469,10.283857861322469,10.283857861322469,10.859999656677246,11.069999694824219,10.59000015258789,10.510000228881836,-0.5761417953547774,-0.78614183350175,-0.3061422912654219,-0.22614236755936723,-0.20164962837417208,-0.2751496417256125,-0.10714980194289767,-0.07914982864577852,-0.46827774737767125,-0.3415578156559833,-0.46404769454888206,-0.10467770360402136,-1,1,-1,1,-13,13,-13,13,-12,12,-12,13
1783308097.945674,35.0,0.0,0.0,35.0,0.0,0,10.283857861322469,10.283857861322469,10.283857861322469,10.283857861322469,10.770000457763672,10.920000076293945,10.8100004196167,10.529999732971191,-0.48614259644120317,-0.6361422149714766,-0.5261425582942305,-0.2461418716487227,-0.1701499087544211,-0.2226497752400168,-0.18414989540298066,-0.08614965507705294,-0.4726530307456421,-0.3472830955907266,-0.46878297757353016,-0.10689298044885986,-1,1,-1,1,-13,13,-13,13,-12,12,-12,13
1783308097.9656286,35.0,0.0,0.0,35.0,0.0,0,10.283857861322469,10.283857861322469,10.283857861322469,10.283857861322469,10.770000457763672,10.920000076293945,10.8100004196167,10.529999732971191,-0.48614259644120317,-0.6361422149714766,-0.5261425582942305,-0.2461418716487227,-0.1701499087544211,-0.2226497752400168,-0.18414989540298066,-0.08614965507705294,-0.4770283141136129,-0.35300837552546993,-0.47351826059817825,-0.10910825729369837,-1,1,-1,1,-13,13,-13,13,-12,12,-12,13
1783308097.9856794,35.0,0.0,0.0,35.0,0.0,0,10.283857861322469,10.283857861322469,10.283857861322469,10.283857861322469,10.479999542236328,10.8100004196167,10.960000038146973,10.3100004196167,-0.19614168091385942,-0.5261425582942305,-0.676142176824504,-0.02614255829423051,-0.0686495883198508,-0.18414989540298066,-0.23664976188857637,-0.009149895402980678,-0.4787935892418376,-0.357743658550118,-0.4796035401895988,-0.10934354031834645,-1,1,-1,1,-13,13,-13,13,-12,12,-12,13
1783308098.0056403,35.0,0.0,0.0,35.0,0.0,0,10.283857861322469,10.283857861322469,10.283857861322469,10.283857861322469,10.479999542236328,10.8100004196167,10.960000038146973,10.3100004196167,-0.19614168091385942,-0.5261425582942305,-0.676142176824504,-0.02614255829423051,-0.0686495883198508,-0.18414989540298066,-0.23664976188857637,-0.009149895402980678,-0.48055886437006234,-0.3624789415747661,-0.4856888197810193,-0.10957882334299453,-1,1,-1,1,-13,13,-13,13,-12,12,-12,13
1783308098.025643,35.0,0.0,0.0,35.0,0.0,0,10.283857861322469,10.283857861322469,10.283857861322469,10.283857861322469,10.479999542236328,10.8100004196167,10.960000038146973,10.3100004196167,-0.19614168091385942,-0.5261425582942305,-0.676142176824504,-0.02614255829423051,-0.0686495883198508,-0.18414989540298066,-0.23664976188857637,-0.009149895402980678,-0.48232413949828706,-0.3672142245994142,-0.4917740993724398,-0.1098141063676426,-1,1,-1,1,-13,13,-13,13,-12,12,-12,13
1783308098.0456069,35.0,0.0,0.0,35.0,0.0,0,10.283857861322469,10.283857861322469,10.283857861322469,10.283857861322469,10.510000228881836,10.739999771118164,10.619999885559082,10.15999984741211,-0.22614236755936723,-0.45614190979569536,-0.3361420242366133,0.12385801391035933,-0.07914982864577852,-0.15964966842849337,-0.11764970848281465,0.04335030486862576,-0.4843594208063214,-0.3713195017875755,-0.49479937759056936,-0.10869938424244938,-1,1,-1,1,-13,13,-13,13,-12,12,-12,13
1783308098.0655963,35.0,0.0,0.0,35.0,0.0,0,10.283857861322469,10.283857861322469,10.283857861322469,10.283857861322469,10.510000228881836,10.739999771118164,10.619999885559082,10.15999984741211,-0.22614236755936723,-0.45614190979569536,-0.3361420242366133,0.12385801391035933,-0.07914982864577852,-0.15964966842849337,-0.11764970848281465,0.04335030486862576,-0.4863947021143557,-0.3754247789757368,-0.4978246558086989,-0.10758466211725615,-1,1,-1,1,-13,13,-13,13,-12,12,-12,13
1783308098.0856755,35.0,0.0,0.0,35.0,0.0,0,10.283857861322469,10.283857861322469,10.283857861322469,10.283857861322469,10.520000457763672,10.460000038146973,10.380000114440918,10.0600004196167,-0.23614259644120317,-0.17614217682450395,-0.09614225311844926,0.2238574417057695,-0.0826499087544211,-0.061649761888576377,-0.03364978859145724,0.07835010459701931,-0.48851998548232656,-0.3770100585671573,-0.49868993608676493,-0.10556994514190422,-1,1,-1,1,-13,13,-13,13,-12,13,-12,13
1783308098.1056044,35.0,0.0,0.0,35.0,0.0,0,10.283857861322469,10.283857861322469,10.283857861322469,10.283857861322469,10.520000457763672,10.460000038146973,10.380000114440918,10.0600004196167,-0.23614259644120317,-0.17614217682450395,-0.09614225311844926,0.2238574417057695,-0.0826499087544211,-0.061649761888576377,-0.03364978859145724,0.07835010459701931,-0.4906452688502974,-0.3785953381585778,-0.49955521636483097,-0.1035552281665523,-1,1,-1,1,-13,13,-13,13,-12,13,-12,13
1783308098.1256797,35.0,0.0,0.0,35.0,0.0,0,10.283857861322469,10.283857861322469,10.283857861322469,10.283857861322469,10.520000457763672,10.460000038146973,10.380000114440918,10.0600004196167,-0.23614259644120317,-0.17614217682450395,-0.09614225311844926,0.2238574417057695,-0.0826499087544211,-0.061649761888576377,-0.03364978859145724,0.07835010459701931,-0.49277055221826827,-0.38018061774999834,-0.500420496642897,-0.10154051119120037,-1,1,-1,1,-13,13,-13,13,-12,13,-12,13
1783308098.1456122,35.0,0.0,0.0,35.0,0.0,0,10.283857861322469,10.283857861322469,10.283857861322469,10.283857861322469,10.539999961853027,10.489999771118164,10.430000305175781,10.210000038146973,-0.25614210053055864,-0.20614190979569536,-0.14614244385331254,0.07385782317549605,-0.08964973518569552,-0.07214966842849337,-0.05114985534865939,0.025850238111423618,-0.4950758311230433,-0.3820358949381596,-0.5017357786375768,-0.1008757907826209,-1,1,-1,1,-13,13,-13,13,-12,13,-12,13
1783308098.1656082,35.0,0.0,0.0,35.0,0.0,0,10.283857861322469,10.283857861322469,10.283857861322469,10.283857861322469,10.539999961853027,10.489999771118164,10.430000305175781,10.210000038146973,-0.25614210053055864,-0.20614190979569536,-0.14614244385331254,0.07385782317549605,-0.08964973518569552,-0.07214966842849337,-0.05114985534865939,0.025850238111423618,-0.4973811100278184,-0.38389117212632085,-0.5030510606322566,-0.10021107037404144,-1,1,-1,1,-13,13,-13,13,-12,13,-12,13
1783308098.1857588,35.0,0.0,0.0,35.0,0.0,0,10.283857861322469,10.283857861322469,10.283857861322469,10.283857861322469,10.550000190734863,10.510000228881836,10.470000267028809,10.319999694824219,-0.2661423294123946,-0.22614236755936723,-0.1861424057063399,-0.03614183350175004,-0.09314981529433809,-0.07914982864577852,-0.06514984199721896,-0.012649641725612514,-0.4997763909925299,-0.38592645343435517,-0.5047263422836137,-0.10053634687555718,-1,1,-1,1,-13,13,-13,13,-12,13,-12,13
1783308098.2056248,35.0,0.0,0.0,35.0,0.0,0,10.283857861322469,10.283857861322469,10.283857861322469,10.283857861322469,10.550000190734863,10.510000228881836,10.470000267028809,10.319999694824219,-0.2661423294123946,-0.22614236755936723,-0.1861424057063399,-0.03614183350175004,-0.09314981529433809,-0.07914982864577852,-0.06514984199721896,-0.012649641725612514,-0.5021716719572414,-0.3879617347423895,-0.5064016239349708,-0.10086162337707293,-1,1,-1,1,-13,13,-13,13,-12,13,-12,13
1783308098.2256136,35.0,0.0,0.0,35.0,0.0,0,10.283857861322469,10.283857861322469,10.283857861322469,10.283857861322469,10.550000190734863,10.510000228881836,10.470000267028809,10.319999694824219,-0.2661423294123946,-0.22614236755936723,-0.1861424057063399,-0.03614183350175004,-0.09314981529433809,-0.07914982864577852,-0.06514984199721896,-0.012649641725612514,-0.504566952921953,-0.3899970160504238,-0.5080769055863279,-0.10118689987858867,-1,1,-1,1,-13,13,-13,13,-12,13,-12,13
1783308098.2456048,35.0,0.0,0.0,35.0,0.0,0,10.283857861322469,10.283857861322469,10.283857861322469,10.283857861322469,10.329999923706055,10.300000190734863,10.050000190734863,10.170000076293945,-0.04614206238358598,-0.016142329412394574,0.23385767058760543,0.1138577850285234,-0.01614972183425509,-0.005649815294338101,0.0818501847056619,0.039850224759983184,-0.5049822314834053,-0.39014229701513536,-0.5059721865510395,-0.10016217981333196,-1,1,-1,1,-13,13,-13,13,-12,13,-13,13
1783308098.2655976,35.0,0.0,0.0,35.0,0.0,0,10.283857861322469,10.283857861322469,10.283857861322469,10.283857861322469,10.329999923706055,10.300000190734863,10.050000190734863,10.170000076293945,-0.04614206238358598,-0.016142329412394574,0.23385767058760543,0.1138577850285234,-0.01614972183425509,-0.005649815294338101,0.0818501847056619,0.039850224759983184,-0.5053975100448576,-0.3902875779798469,-0.5038674675157511,-0.09913745974807525,-1,1,-1,1,-13,13,-13,13,-12,13,-13,13
1783308098.2856815,35.0,0.0,0.0,35.0,0.0,0,10.283857861322469,10.283857861322469,10.283857861322469,10.283857861322469,10.619999885559082,10.380000114440918,10.430000305175781,10.510000228881836,-0.3361420242366133,-0.09614225311844926,-0.14614244385331254,-0.22614236755936723,-0.11764970848281465,-0.03364978859145724,-0.05114985534865939,-0.07914982864577852,-0.508422788262987,-0.39115285825791296,-0.5051827495104309,-0.10117274105610956,-1,1,-1,1,-13,13,-13,13,-12,13,-12,13
1783308098.305607,35.0,0.0,0.0,35.0,0.0,0,10.283857861322469,10.283857861322469,10.283857861322469,10.283857861322469,10.619999885559082,10.380000114440918,10.430000305175781,10.510000228881836,-0.3361420242366133,-0.09614225311844926,-0.14614244385331254,-0.22614236755936723,-0.11764970848281465,-0.03364978859145724,-0.05114985534865939,-0.07914982864577852,-0.5114480664811165,-0.392018138535979,-0.5064980315051106,-0.10320802236414386,-1,1,-1,1,-13,13,-13,13,-12,13,-12,13
1783308098.3256593,35.0,0.0,0.0,35.0,0.0,0,10.283857861322469,10.283857861322469,10.283857861322469,10.283857861322469,10.619999885559082,10.380000114440918,10.430000305175781,10.510000228881836,-0.3361420242366133,-0.09614225311844926,-0.14614244385331254,-0.22614236755936723,-0.11764970848281465,-0.03364978859145724,-0.05114985534865939,-0.07914982864577852,-0.514473344699246,-0.39288341881404504,-0.5078133134997904,-0.10524330367217817,-1,1,-1,1,-13,13,-13,13,-12,13,-12,13
1783308098.3455875,0.0,0.0,0.0,0.0,0.0,0,0.0,0.0,0.0,0.0,11.0600004196167,10.890000343322754,11.149999618530273,10.75,-11.0600004196167,-10.890000343322754,-11.149999618530273,-10.75,-3.8710001468658444,-3.8115001201629637,-3.9024998664855954,-3.7624999999999997,0.0,0.0,0.0,0.0,-1,1,-1,1,0,0,0,0,0,0,0,0
1783308098.3655908,0.0,0.0,0.0,0.0,0.0,0,0.0,0.0,0.0,0.0,11.0600004196167,10.890000343322754,11.149999618530273,10.75,-11.0600004196167,-10.890000343322754,-11.149999618530273,-10.75,-3.8710001468658444,-3.8115001201629637,-3.9024998664855954,-3.7624999999999997,0.0,0.0,0.0,0.0,-1,1,-1,1,0,0,0,0,0,0,0,0
1783308098.3856635,0.0,0.0,0.0,0.0,0.0,0,0.0,0.0,0.0,0.0,11.359999656677246,10.789999961853027,11.199999809265137,10.699999809265137,-11.359999656677246,-10.789999961853027,-11.199999809265137,-10.699999809265137,-3.975999879837036,-3.776499986648559,-3.9199999332427975,-3.7449999332427977,0.0,0.0,0.0,0.0,-1,1,-1,1,0,0,0,0,0,0,0,0
1783308098.4055865,0.0,0.0,0.0,0.0,0.0,0,0.0,0.0,0.0,0.0,11.359999656677246,10.789999961853027,11.199999809265137,10.699999809265137,-11.359999656677246,-10.789999961853027,-11.199999809265137,-10.699999809265137,-3.975999879837036,-3.776499986648559,-3.9199999332427975,-3.7449999332427977,0.0,0.0,0.0,0.0,-1,1,-1,1,0,0,0,0,0,0,0,0
1783308098.4255714,0.0,0.0,0.0,0.0,0.0,0,0.0,0.0,0.0,0.0,11.359999656677246,10.789999961853027,11.199999809265137,10.699999809265137,-11.359999656677246,-10.789999961853027,-11.199999809265137,-10.699999809265137,-3.975999879837036,-3.776499986648559,-3.9199999332427975,-3.7449999332427977,0.0,0.0,0.0,0.0,-1,1,-1,1,0,0,0,0,0,0,0,0
1783308098.4455795,0.0,0.0,0.0,0.0,0.0,0,0.0,0.0,0.0,0.0,10.220000267028809,9.819999694824219,9.880000114440918,9.979999542236328,-10.220000267028809,-9.819999694824219,-9.880000114440918,-9.979999542236328,-3.5770000934600827,-3.436999893188476,-3.458000040054321,-3.4929998397827147,0.0,0.0,0.0,0.0,-1,1,-1,1,0,0,0,0,0,0,0,0
1783308098.4655774,0.0,0.0,0.0,0.0,0.0,0,0.0,0.0,0.0,0.0,10.220000267028809,9.819999694824219,9.880000114440918,9.979999542236328,-10.220000267028809,-9.819999694824219,-9.880000114440918,-9.979999542236328,-3.5770000934600827,-3.436999893188476,-3.458000040054321,-3.4929998397827147,0.0,0.0,0.0,0.0,-1,1,-1,1,0,0,0,0,0,0,0,0
1783308098.4856634,0.0,0.0,0.0,0.0,0.0,0,0.0,0.0,0.0,0.0,8.0600004196167,8.010000228881836,8.050000190734863,8.119999885559082,-8.0600004196167,-8.010000228881836,-8.050000190734863,-8.119999885559082,-2.8210001468658445,-2.8035000801086425,-2.817500066757202,-2.8419999599456784,0.0,0.0,0.0,0.0,-1,1,-1,1,0,0,0,0,0,0,0,0
1783308098.5056133,0.0,0.0,0.0,0.0,0.0,0,0.0,0.0,0.0,0.0,8.0600004196167,8.010000228881836,8.050000190734863,8.119999885559082,-8.0600004196167,-8.010000228881836,-8.050000190734863,-8.119999885559082,-2.8210001468658445,-2.8035000801086425,-2.817500066757202,-2.8419999599456784,0.0,0.0,0.0,0.0,-1,1,-1,1,0,0,0,0,0,0,0,0
1783308098.5255759,0.0,0.0,0.0,0.0,0.0,0,0.0,0.0,0.0,0.0,8.0600004196167,8.010000228881836,8.050000190734863,8.119999885559082,-8.0600004196167,-8.010000228881836,-8.050000190734863,-8.119999885559082,-2.8210001468658445,-2.8035000801086425,-2.817500066757202,-2.8419999599456784,0.0,0.0,0.0,0.0,-1,1,-1,1,0,0,0,0,0,0,0,0
1783308098.54564,0.0,0.0,0.0,0.0,0.0,0,0.0,0.0,0.0,0.0,6.550000190734863,6.059999942779541,6.309999942779541,6.139999866485596,-6.550000190734863,-6.059999942779541,-6.309999942779541,-6.139999866485596,-2.292500066757202,-2.120999979972839,-2.208499979972839,-2.1489999532699584,0.0,0.0,0.0,0.0,-1,1,-1,1,0,0,0,0,0,0,0,0
1783308098.5655916,0.0,0.0,0.0,0.0,0.0,0,0.0,0.0,0.0,0.0,6.550000190734863,6.059999942779541,6.309999942779541,6.139999866485596,-6.550000190734863,-6.059999942779541,-6.309999942779541,-6.139999866485596,-2.292500066757202,-2.120999979972839,-2.208499979972839,-2.1489999532699584,0.0,0.0,0.0,0.0,-1,1,-1,1,0,0,0,0,0,0,0,0
1783308098.585631,0.0,0.0,0.0,0.0,0.0,0,0.0,0.0,0.0,0.0,4.579999923706055,4.239999771118164,4.639999866485596,4.289999961853027,-4.579999923706055,-4.239999771118164,-4.639999866485596,-4.289999961853027,-1.602999973297119,-1.4839999198913574,-1.6239999532699585,-1.5014999866485594,0.0,0.0,0.0,0.0,-1,1,-1,1,0,0,0,0,0,0,0,0
1783308098.6056285,0.0,0.0,0.0,0.0,0.0,0,0.0,0.0,0.0,0.0,4.579999923706055,4.239999771118164,4.639999866485596,4.289999961853027,-4.579999923706055,-4.239999771118164,-4.639999866485596,-4.289999961853027,-1.602999973297119,-1.4839999198913574,-1.6239999532699585,-1.5014999866485594,0.0,0.0,0.0,0.0,-1,1,-1,1,0,0,0,0,0,0,0,0
1783308098.6255758,0.0,0.0,0.0,0.0,0.0,0,0.0,0.0,0.0,0.0,4.579999923706055,4.239999771118164,4.639999866485596,4.289999961853027,-4.579999923706055,-4.239999771118164,-4.639999866485596,-4.289999961853027,-1.602999973297119,-1.4839999198913574,-1.6239999532699585,-1.5014999866485594,0.0,0.0,0.0,0.0,-1,1,-1,1,0,0,0,0,0,0,0,0
1783308098.645677,0.0,0.0,0.0,0.0,0.0,0,0.0,0.0,0.0,0.0,3.2100000381469727,2.9700000286102295,3.25,3.009999990463257,-3.2100000381469727,-2.9700000286102295,-3.25,-3.009999990463257,-1.1235000133514403,-1.0395000100135803,-1.1375,-1.05349999666214,0.0,0.0,0.0,0.0,-1,1,-1,1,0,0,0,0,0,0,0,0
1783308098.6655746,0.0,0.0,0.0,0.0,0.0,0,0.0,0.0,0.0,0.0,3.2100000381469727,2.9700000286102295,3.25,3.009999990463257,-3.2100000381469727,-2.9700000286102295,-3.25,-3.009999990463257,-1.1235000133514403,-1.0395000100135803,-1.1375,-1.05349999666214,0.0,0.0,0.0,0.0,-1,1,-1,1,0,0,0,0,0,0,0,0
1783308098.685675,0.0,0.0,0.0,0.0,0.0,0,0.0,0.0,0.0,0.0,2.25,2.0799999237060547,2.2799999713897705,2.0999999046325684,-2.25,-2.0799999237060547,-2.2799999713897705,-2.0999999046325684,-0.7875,-0.7279999732971191,-0.7979999899864196,-0.7349999666213989,0.0,0.0,0.0,0.0,-1,1,-1,1,0,0,0,0,0,0,0,0
1783308098.7056267,0.0,0.0,0.0,0.0,0.0,0,0.0,0.0,0.0,0.0,2.25,2.0799999237060547,2.2799999713897705,2.0999999046325684,-2.25,-2.0799999237060547,-2.2799999713897705,-2.0999999046325684,-0.7875,-0.7279999732971191,-0.7979999899864196,-0.7349999666213989,0.0,0.0,0.0,0.0,-1,1,-1,1,0,0,0,0,0,0,0,0
1783308098.7255692,0.0,0.0,0.0,0.0,0.0,0,0.0,0.0,0.0,0.0,2.25,2.0799999237060547,2.2799999713897705,2.0999999046325684,-2.25,-2.0799999237060547,-2.2799999713897705,-2.0999999046325684,-0.7875,-0.7279999732971191,-0.7979999899864196,-0.7349999666213989,0.0,0.0,0.0,0.0,-1,1,-1,1,0,0,0,0,0,0,0,0
1783308098.7455869,0.0,0.0,0.0,0.0,0.0,0,0.0,0.0,0.0,0.0,1.5700000524520874,1.4500000476837158,1.590000033378601,1.4700000286102295,-1.5700000524520874,-1.4500000476837158,-1.590000033378601,-1.4700000286102295,-0.5495000183582306,-0.5075000166893006,-0.5565000116825103,-0.5145000100135803,0.0,0.0,0.0,0.0,-1,1,-1,1,0,0,0,0,0,0,0,0
1783308098.7655718,0.0,0.0,0.0,0.0,0.0,0,0.0,0.0,0.0,0.0,1.5700000524520874,1.4500000476837158,1.590000033378601,1.4700000286102295,-1.5700000524520874,-1.4500000476837158,-1.590000033378601,-1.4700000286102295,-0.5495000183582306,-0.5075000166893006,-0.5565000116825103,-0.5145000100135803,0.0,0.0,0.0,0.0,-1,1,-1,1,0,0,0,0,0,0,0,0
1783308098.7856455,0.0,0.0,0.0,0.0,0.0,0,0.0,0.0,0.0,0.0,1.100000023841858,1.0199999809265137,1.1200000047683716,1.0299999713897705,-1.100000023841858,-1.0199999809265137,-1.1200000047683716,-1.0299999713897705,-0.38500000834465026,-0.3569999933242798,-0.39200000166893,-0.36049998998641963,0.0,0.0,0.0,0.0,-1,1,-1,1,0,0,0,0,0,0,0,0
1783308098.8055687,0.0,0.0,0.0,0.0,0.0,0,0.0,0.0,0.0,0.0,1.100000023841858,1.0199999809265137,1.1200000047683716,1.0299999713897705,-1.100000023841858,-1.0199999809265137,-1.1200000047683716,-1.0299999713897705,-0.38500000834465026,-0.3569999933242798,-0.39200000166893,-0.36049998998641963,0.0,0.0,0.0,0.0,-1,1,-1,1,0,0,0,0,0,0,0,0
1783308098.8255723,0.0,0.0,0.0,0.0,0.0,0,0.0,0.0,0.0,0.0,1.100000023841858,1.0199999809265137,1.1200000047683716,1.0299999713897705,-1.100000023841858,-1.0199999809265137,-1.1200000047683716,-1.0299999713897705,-0.38500000834465026,-0.3569999933242798,-0.39200000166893,-0.36049998998641963,0.0,0.0,0.0,0.0,-1,1,-1,1,0,0,0,0,0,0,0,0
1783308098.8455977,0.0,0.0,0.12,0.0,0.0,1,10.225092959257768,-10.225092959257768,10.225092959257768,-10.225092959257768,0.7699999809265137,0.7099999785423279,0.7799999713897705,0.7200000286102295,9.455092978331255,-10.935092937800096,9.445092987867998,-10.945092987867998,3.309282542415939,-3.8272825282300333,3.3057825457537993,-3.830782545753799,0.0850958368049813,-0.09841583644020087,0.08500583689081198,-0.09850583689081198,-1,1,-1,1,-18,-18,-18,-18,-21,-22,-21,-22
1783308098.8656454,0.0,0.0,0.12,0.0,0.0,1,10.225092959257768,-10.225092959257768,10.225092959257768,-10.225092959257768,0.7699999809265137,0.7099999785423279,0.7799999713897705,0.7200000286102295,9.455092978331255,-10.935092937800096,9.445092987867998,-10.945092987867998,3.309282542415939,-3.8272825282300333,3.3057825457537993,-3.830782545753799,0.1701916736099626,-0.19683167288040174,0.17001167378162396,-0.19701167378162396,-1,1,-1,1,-18,-18,-18,-18,-21,-22,-21,-22
1783308098.8856735,0.0,0.0,0.12,0.0,0.0,1,10.225092959257768,-10.225092959257768,10.225092959257768,-10.225092959257768,0.5400000214576721,0.5,0.550000011920929,0.5099999904632568,9.685092937800096,-10.725092959257768,9.67509294733684,-10.735092949721025,3.3897825282300333,-3.7537825357402186,3.3862825315678937,-3.7572825324023587,0.2573575100501635,-0.29335750951372164,0.25708751030765553,-0.2936275103291132,-1,1,-1,1,-18,-18,-18,-18,-22,-22,-22,-22
1783308098.9056659,0.0,0.0,0.12,0.0,0.0,1,10.225092959257768,-10.225092959257768,10.225092959257768,-10.225092959257768,0.5400000214576721,0.5,0.550000011920929,0.5099999904632568,9.685092937800096,-10.725092959257768,9.67509294733684,-10.735092949721025,3.3897825282300333,-3.7537825357402186,3.3862825315678937,-3.7572825324023587,0.34452334649036437,-0.38988334614704157,0.3441633468336871,-0.39024334687660245,-1,1,-1,1,-18,-18,-18,-18,-22,-22,-22,-22
1783308098.9256535,0.0,0.0,0.12,0.0,0.0,1,10.225092959257768,-10.225092959257768,10.225092959257768,-10.225092959257768,0.5400000214576721,0.5,0.550000011920929,0.5099999904632568,9.685092937800096,-10.725092959257768,9.67509294733684,-10.735092949721025,3.3897825282300333,-3.7537825357402186,3.3862825315678937,-3.7572825324023587,0.43168918293056524,-0.4864091827803615,0.43123918335971867,-0.4868591834240917,-1,1,-1,1,-18,-18,-18,-18,-22,-22,-22,-22
1783308098.9455826,0.0,0.0,0.12,0.0,0.0,1,10.225092959257768,-10.225092959257768,10.225092959257768,-10.225092959257768,1.9600000381469727,-0.10000000149011612,1.9700000286102295,-0.550000011920929,8.265092921110796,-10.125092957767652,8.255092930647539,-9.67509294733684,2.8927825223887784,-3.543782535218678,2.8892825257266384,-3.3862825315678937,0.5060750192205624,-0.5775350194002704,0.5055350197355465,-0.5739350199501232,-1,1,-1,1,-18,-18,-18,-18,-21,-22,-21,-22
1783308098.965651,0.0,0.0,0.12,0.0,0.0,1,10.225092959257768,-10.225092959257768,10.225092959257768,-10.225092959257768,1.9600000381469727,-0.10000000149011612,1.9700000286102295,-0.550000011920929,8.265092921110796,-10.125092957767652,8.255092930647539,-9.67509294733684,2.8927825223887784,-3.543782535218678,2.8892825257266384,-3.3862825315678937,0.5804608555105596,-0.6686608560201793,0.5798308561113743,-0.6610108564761548,-1,1,-1,1,-18,-18,-18,-18,-21,-22,-21,-22
1783308098.9856594,0.0,0.0,0.12,0.0,0.0,1,10.225092959257768,-10.225092959257768,10.225092959257768,-10.225092959257768,3.640000104904175,-1.8799999952316284,4.320000171661377,-2.200000047683716,6.585092854353594,-8.34509296402614,5.9050927875963914,-8.025092911574053,2.3047824990237578,-2.9207825374091487,2.0667824756587367,-2.808782519050918,0.6397266911997419,-0.7437666926964146,0.6329766911997419,-0.7332366926803212,-1,1,-1,1,-18,-18,-18,-18,-21,-22,-21,-22
1783308099.0056913,0.0,0.0,0.12,0.0,0.0,1,10.225092959257768,-10.225092959257768,10.225092959257768,-10.225092959257768,3.640000104904175,-1.8799999952316284,4.320000171661377,-2.200000047683716,6.585092854353594,-8.34509296402614,5.9050927875963914,-8.025092911574053,2.3047824990237578,-2.9207825374091487,2.0667824756587367,-2.808782519050918,0.6989925268889242,-0.8188725293726499,0.6861225262881094,-0.8054625288844877,-1,1,-1,1,-18,-18,-18,-18,-21,-22,-21,-22
1783308099.025638,0.0,0.0,0.12,0.0,0.0,1,10.225092959257768,-10.225092959257768,10.225092959257768,-10.225092959257768,3.640000104904175,-1.8799999952316284,4.320000171661377,-2.200000047683716,6.585092854353594,-8.34509296402614,5.9050927875963914,-8.025092911574053,2.3047824990237578,-2.9207825374091487,2.0667824756587367,-2.808782519050918,0.7582583625781065,-0.8939783660488851,0.739268361376477,-0.8776883650886541,-1,1,-1,1,-18,-18,-18,-18,-21,-22,-21,-22
1783308099.045597,0.0,0.0,0.12,0.0,0.0,1,10.225092959257768,-10.225092959257768,10.225092959257768,-10.225092959257768,5.489999771118164,-3.809999942779541,5.510000228881836,-4.260000228881836,4.735093188139604,-6.415093016478227,4.7150927303759325,-5.9650927303759325,1.6572826158488614,-2.2452825557673792,1.6502824556315763,-2.0877824556315763,0.800874201271363,-0.9517142031971892,0.7817041959498604,-0.9313741996620375,-1,1,-1,1,-18,-18,-18,-18,-20,-21,-20,-21
1783308099.0656123,0.0,0.0,0.12,0.0,0.0,1,10.225092959257768,-10.225092959257768,10.225092959257768,-10.225092959257768,5.489999771118164,-3.809999942779541,5.510000228881836,-4.260000228881836,4.735093188139604,-6.415093016478227,4.7150927303759325,-5.9650927303759325,1.6572826158488614,-2.2452825557673792,1.6502824556315763,-2.0877824556315763,0.8434900399646195,-1.0094500403454933,0.8241400305232438,-0.9850600342354209,-1,1,-1,1,-18,-18,-18,-18,-21,-21,-20,-21
1783308099.0857449,0.0,0.0,0.12,0.0,0.0,1,10.225092959257768,-10.225092959257768,10.225092959257768,-10.225092959257768,7.239999771118164,-6.96999979019165,6.579999923706055,-6.369999885559082,2.9850931881396043,-3.255093169066118,3.6450930355517137,-3.8550930736986864,1.0447826158488616,-1.1392826091731412,1.2757825624430996,-1.3492825757945401,0.8703558786578759,-1.0387458788670885,0.8569458678432093,-1.019755871898709,-1,1,-1,1,-18,-18,-18,-18,-20,-20,-20,-20
1783308099.1056087,0.0,0.0,0.12,0.0,0.0,1,10.225092959257768,-10.225092959257768,10.225092959257768,-10.225092959257768,7.239999771118164,-6.96999979019165,6.579999923706055,-6.369999885559082,2.9850931881396043,-3.255093169066118,3.6450930355517137,-3.8550930736986864,1.0447826158488616,-1.1392826091731412,1.2757825624430996,-1.3492825757945401,0.8972217173511323,-1.0680417173886836,0.8897517051631747,-1.0544517095619972,-1,1,-1,1,-18,-18,-18,-18,-20,-20,-20,-20
1783308099.1255977,0.0,0.0,0.12,0.0,0.0,1,10.225092959257768,-10.225092959257768,10.225092959257768,-10.225092959257768,7.239999771118164,-6.96999979019165,6.579999923706055,-6.369999885559082,2.9850931881396043,-3.255093169066118,3.6450930355517137,-3.8550930736986864,1.0447826158488616,-1.1392826091731412,1.2757825624430996,-1.3492825757945401,0.9240875560443887,-1.0973375559102787,0.9225575424831401,-1.0891475472252854,-1,1,-1,1,-18,-18,-18,-18,-20,-20,-20,-20
1783308099.1456091,0.0,0.0,0.12,0.0,0.0,1,10.225092959257768,-10.225092959257768,10.225092959257768,-10.225092959257768,9.369999885559082,-9.40999984741211,8.0,-8.3100004196167,0.8550930736986864,-0.815093111845659,2.2250929592577684,-1.9150925396410692,0.2992825757945402,-0.28528258914598065,0.7787825357402189,-0.6702823888743742,0.9317833937076769,-1.1046733939168896,0.9425833791164601,-1.106383380082055,-1,1,-1,1,-18,-18,-18,-18,-19,-19,-20,-20
1783308099.1657104,0.0,0.0,0.12,0.0,0.0,1,10.225092959257768,-10.225092959257768,10.225092959257768,-10.225092959257768,9.369999885559082,-9.40999984741211,8.0,-8.3100004196167,0.8550930736986864,-0.815093111845659,2.2250929592577684,-1.9150925396410692,0.2992825757945402,-0.28528258914598065,0.7787825357402189,-0.6702823888743742,0.9394792313709651,-1.1120092319235004,0.96260921574978,-1.1236192129388247,-1,1,-1,1,-18,-18,-18,-18,-19,-19,-20,-20
1783308099.1857085,0.0,0.0,0.12,0.0,0.0,1,10.225092959257768,-10.225092959257768,10.225092959257768,-10.225092959257768,10.40999984741211,-11.109999656677246,9.220000267028809,-9.4399995803833,-0.18490688815434098,0.8849066974194777,1.0050926922289598,-0.7850933788744676,-0.06471741085401934,0.30971734409681717,0.3517824422801359,-0.27478268260606364,0.9378150693775761,-1.1040450716467252,0.9716550499798406,-1.130685053348695,-1,1,-1,1,-18,-18,-18,-18,-19,-19,-19,-19
1783308099.2056108,0.0,0.0,0.12,0.0,0.0,1,10.225092959257768,-10.225092959257768,10.225092959257768,-10.225092959257768,10.40999984741211,-11.109999656677246,9.220000267028809,-9.4399995803833,-0.18490688815434098,0.8849066974194777,1.0050926922289598,-0.7850933788744676,-0.06471741085401934,0.30971734409681717,0.3517824422801359,-0.27478268260606364,0.936150907384187,-1.09608091136995,0.9807008842099013,-1.1377508937585652,-1,1,-1,1,-18,-18,-18,-18,-19,-19,-19,-19
1783308099.2256856,0.0,0.0,0.12,0.0,0.0,1,10.225092959257768,-10.225092959257768,10.225092959257768,-10.225092959257768,10.40999984741211,-11.109999656677246,9.220000267028809,-9.4399995803833,-0.18490688815434098,0.8849066974194777,1.0050926922289598,-0.7850933788744676,-0.06471741085401934,0.30971734409681717,0.3517824422801359,-0.27478268260606364,0.934486745390798,-1.0881167510931746,0.989746718439962,-1.1448167341684354,-1,1,-1,1,-18,-18,-18,-18,-19,-19,-19,-19
1783308099.2456117,0.0,0.0,0.12,0.0,0.0,1,10.225092959257768,-10.225092959257768,10.225092959257768,-10.225092959257768,11.8100004196167,-12.3100004196167,9.399999618530273,-10.229999542236328,-1.5849074603589308,2.084907460358931,0.825093340727495,0.004906582978559726,-0.5547176111256258,0.7297176111256257,0.2887826692546232,0.001717304042495904,0.9202225782475676,-1.0693525839499443,0.9971725585065094,-1.1447725749216284,-1,1,-1,1,-18,-18,-18,-18,-18,-18,-19,-19
1783308099.2656724,0.0,0.0,0.12,0.0,0.0,1,10.225092959257768,-10.225092959257768,10.225092959257768,-10.225092959257768,11.8100004196167,-12.3100004196167,9.399999618530273,-10.229999542236328,-1.5849074603589308,2.084907460358931,0.825093340727495,0.004906582978559726,-0.5547176111256258,0.7297176111256257,0.2887826692546232,0.001717304042495904,0.9059584111043372,-1.0505884168067139,1.0045983985730569,-1.1447284156748214,-1,1,-1,1,-18,-18,-18,-18,-18,-18,-19,-19
1783308099.2856636,0.0,0.0,0.12,0.0,0.0,1,10.225092959257768,-10.225092959257768,10.225092959257768,-10.225092959257768,13.020000457763672,-13.369999885559082,10.65999984741211,-10.779999732971191,-2.7949074985059035,3.1449069263013136,-0.434906888154341,0.554906773713423,-0.9782176244770662,1.1007174242054596,-0.15221741085401932,0.19421737079969803,0.8808042436177841,-1.0222842544700022,1.0006842365796678,-1.1397342547114007,-1,1,-1,1,-18,-18,-18,-18,-18,-18,-19,-19
1783308099.305688,0.0,0.0,0.12,0.0,0.0,1,10.225092959257768,-10.225092959257768,10.225092959257768,-10.225092959257768,13.020000457763672,-13.369999885559082,10.65999984741211,-10.779999732971191,-2.7949074985059035,3.1449069263013136,-0.434906888154341,0.554906773713423,-0.9782176244770662,1.1007174242054596,-0.15221741085401932,0.19421737079969803,0.8556500761312309,-0.9939800921332903,0.9967700745862786,-1.13474009374798,-1,1,-1,1,-18,-18,-18,-18,-18,-18,-19,-19
1783308099.3256118,0.0,0.0,0.12,0.0,0.0,1,10.225092959257768,-10.225092959257768,10.225092959257768,-10.225092959257768,13.020000457763672,-13.369999885559082,10.65999984741211,-10.779999732971191,-2.7949074985059035,3.1449069263013136,-0.434906888154341,0.554906773713423,-0.9782176244770662,1.1007174242054596,-0.15221741085401932,0.19421737079969803,0.8304959086446777,-0.9656759297965785,0.9928559125928895,-1.1297459327845591,-1,1,-1,1,-18,-18,-18,-18,-18,-18,-19,-19
1783308099.3456323,0.0,0.0,0.12,0.0,0.0,1,10.225092959257768,-10.225092959257768,10.225092959257768,-10.225092959257768,13.649999618530273,-13.890000343322754,10.630000114440918,-10.949999809265137,-3.424906659272505,3.6649073840649855,-0.40490715518314957,0.7249068500073683,-1.1987173307453767,1.2827175844227447,-0.14171750431410235,0.2537173975025789,0.7996717487112251,-0.9326917633399936,0.9892117481962411,-1.1232217711344927,-1,1,-1,1,-18,-18,-18,-18,-18,-18,-19,-19
1783308099.36559,0.0,0.0,0.12,0.0,0.0,1,10.225092959257768,-10.225092959257768,10.225092959257768,-10.225092959257768,13.649999618530273,-13.890000343322754,10.630000114440918,-10.949999809265137,-3.424906659272505,3.6649073840649855,-0.40490715518314957,0.7249068500073683,-1.1987173307453767,1.2827175844227447,-0.14171750431410235,0.2537173975025789,0.7688475887777726,-0.8997075968834087,0.9855675837995928,-1.1166976094844263,-1,1,-1,1,-18,-18,-18,-18,-18,-18,-19,-19
1783308099.385743,0.0,0.0,0.12,0.0,0.0,1,10.225092959257768,-10.225092959257768,10.225092959257768,-10.225092959257768,14.529999732971191,-13.800000190734863,11.289999961853027,-11.510000228881836,-4.304906773713423,3.574907231477095,-1.064907002595259,1.2849072696240675,-1.506717370799698,1.251217531016983,-0.37271745090834063,0.4497175443684236,0.7301034278143518,-0.8675334318001149,0.9759834207762355,-1.1051334440578098,-1,1,-1,1,-18,-18,-18,-18,-18,-18,-19,-19
1783308099.4056938,0.0,0.0,0.12,0.0,0.0,1,10.225092959257768,-10.225092959257768,10.225092959257768,-10.225092959257768,14.529999732971191,-13.800000190734863,11.289999961853027,-11.510000228881836,-4.304906773713423,3.574907231477095,-1.064907002595259,1.2849072696240675,-1.506717370799698,1.251217531016983,-0.37271745090834063,0.4497175443684236,0.691359266850931,-0.835359266716821,0.9663992577528782,-1.0935692786311932,-1,1,-1,1,-18,-18,-18,-18,-18,-18,-19,-19
1783308099.4256096,0.0,0.0,0.12,0.0,0.0,1,10.225092959257768,-10.225092959257768,10.225092959257768,-10.225092959257768,14.529999732971191,-13.800000190734863,11.289999961853027,-11.510000228881836,-4.304906773713423,3.574907231477095,-1.064907002595259,1.2849072696240675,-1.506717370799698,1.251217531016983,-0.37271745090834063,0.4497175443684236,0.6526151058875101,-0.8031851016335272,0.9568150947295209,-1.0820051132045767,-1,1,-1,1,-18,-18,-18,-18,-18,-18,-19,-19
1783308099.4456723,0.0,0.0,0.12,0.0,0.0,1,10.225092959257768,-10.225092959257768,10.225092959257768,-10.225092959257768,14.470000267028809,-14.640000343322754,11.75,-11.90999984741211,-4.24490730777104,4.4149073840649855,-1.5249070407422316,1.684906888154341,-1.485717557719864,1.545217584422745,-0.5337174642597811,0.5897174108540193,0.6144109401175708,-0.7634509351769423,0.9430909313628408,-1.0668409512111876,-1,1,-1,1,-18,-18,-18,-18,-18,-18,-18,-18
1783308099.465603,0.0,0.0,0.12,0.0,0.0,1,10.225092959257768,-10.225092959257768,10.225092959257768,-10.225092959257768,14.470000267028809,-14.640000343322754,11.75,-11.90999984741211,-4.24490730777104,4.4149073840649855,-1.5249070407422316,1.684906888154341,-1.485717557719864,1.545217584422745,-0.5337174642597811,0.5897174108540193,0.5762067743476315,-0.7237167687203574,0.9293667679961608,-1.0516767892177985,-1,1,-1,1,-18,-18,-18,-18,-18,-18,-18,-18
1783308099.4856732,0.0,0.0,0.12,0.0,0.0,1,10.225092959257768,-10.225092959257768,10.225092959257768,-10.225092959257768,15.34000015258789,-15.0,12.300000190734863,-11.960000038146973,-5.114907193330122,4.774907040742232,-2.074907231477095,1.7349070788892043,-1.7902175176655426,1.671217464259781,-0.7262175310169832,0.6072174776112215,0.5301726096076603,-0.6807426053536774,0.9106926029128669,-1.0360626255077956,-1,1,-1,1,-18,-18,-18,-18,-18,-18,-18,-18
1783308099.505668,0.0,0.0,0.12,0.0,0.0,1,10.225092959257768,-10.225092959257768,10.225092959257768,-10.225092959257768,15.34000015258789,-15.0,12.300000190734863,-11.960000038146973,-5.114907193330122,4.774907040742232,-2.074907231477095,1.7349070788892043,-1.7902175176655426,1.671217464259781,-0.7262175310169832,0.6072174776112215,0.4841384448676892,-0.6377684419869973,0.892018437829573,-1.0204484617977927,-1,1,-1,1,-18,-18,-18,-18,-18,-18,-18,-18
1783308099.5256076,0.0,0.0,0.12,0.0,0.0,1,10.225092959257768,-10.225092959257768,10.225092959257768,-10.225092959257768,15.34000015258789,-15.0,12.300000190734863,-11.960000038146973,-5.114907193330122,4.774907040742232,-2.074907231477095,1.7349070788892043,-1.7902175176655426,1.671217464259781,-0.7262175310169832,0.6072174776112215,0.43810428012771807,-0.5947942786203173,0.8733442727462791,-1.0048342980877898,-1,1,-1,1,-18,-18,-18,-18,-18,-18,-18,-18
1783308099.5457113,0.0,0.0,0.12,0.0,0.0,1,10.225092959257768,-10.225092959257768,10.225092959257768,-10.225092959257768,15.489999771118164,-15.260000228881836,12.010000228881836,-11.539999961853027,-5.264906811860396,5.0349072696240675,-1.7849072696240675,1.314907002595259,-1.8427173841511384,1.7622175443684236,-0.6247175443684236,0.4602174509083406,0.3907201188209745,-0.5494801131937007,0.8572801073196625,-0.9930001350644324,-1,1,-1,1,-18,-18,-18,-18,-18,-18,-18,-19
1783308099.5656288,0.0,0.0,0.12,0.0,0.0,1,10.225092959257768,-10.225092959257768,10.225092959257768,-10.225092959257768,15.489999771118164,-15.260000228881836,12.010000228881836,-11.539999961853027,-5.264906811860396,5.0349072696240675,-1.7849072696240675,1.314907002595259,-1.8427173841511384,1.7622175443684236,-0.6247175443684236,0.4602174509083406,0.34333595751423096,-0.5041659477670841,0.8412159418930459,-0.981165972041075,-1,1,-1,1,-18,-18,-18,-18,-18,-18,-18,-19
1783308099.5856926,0.0,0.0,0.12,0.0,0.0,1,10.225092959257768,-10.225092959257768,10.225092959257768,-10.225092959257768,15.829999923706055,-15.65999984741211,10.899999618530273,-11.020000457763672,-5.604906964448286,5.434906888154341,-0.674906659272505,0.7949074985059035,-1.9617174375569,1.9022174108540193,-0.23621733074537674,0.2782176244770662,0.29289179483419636,-0.4552517857736951,0.8351417819595934,-0.9740118045545219,-1,1,-1,1,-18,-18,-18,-18,-18,-18,-19,-19
1783308099.6055992,0.0,0.0,0.12,0.0,0.0,1,10.225092959257768,-10.225092959257768,10.225092959257768,-10.225092959257768,15.829999923706055,-15.65999984741211,10.899999618530273,-11.020000457763672,-5.604906964448286,5.434906888154341,-0.674906659272505,0.7949074985059035,-1.9617174375569,1.9022174108540193,-0.23621733074537674,0.2782176244770662,0.2424476321541618,-0.406337623780306,0.8290676220261409,-0.9668576370679687,-1,1,-1,1,-18,-18,-18,-18,-18,-18,-19,-19
1783308099.6256695,0.0,0.0,0.12,0.0,0.0,1,10.225092959257768,-10.225092959257768,10.225092959257768,-10.225092959257768,15.829999923706055,-15.65999984741211,10.899999618530273,-11.020000457763672,-5.604906964448286,5.434906888154341,-0.674906659272505,0.7949074985059035,-1.9617174375569,1.9022174108540193,-0.23621733074537674,0.2782176244770662,0.19200346947412722,-0.357423461786917,0.8229934620926884,-0.9597034695814155,-1,1,-1,1,-18,-18,-18,-18,-18,-18,-19,-19
1783308099.6455986,0.0,0.0,0.12,0.0,0.0,1,10.225092959257768,-10.225092959257768,10.225092959257768,-10.225092959257768,16.290000915527344,-15.260000228881836,11.020000457763672,-10.210000038146973,-6.064907956269575,5.0349072696240675,-0.7949074985059035,-0.015092921110795743,-2.122717784694351,1.7622175443684236,-0.2782176244770662,-0.00528252238877851,0.13741929786770105,-0.3121092963603004,0.8158392946061352,-0.9598393058714126,-1,1,-1,1,-18,-18,-18,-18,-18,-18,-19,-19
1783308099.665607,0.0,0.0,0.12,0.0,0.0,1,10.225092959257768,-10.225092959257768,10.225092959257768,-10.225092959257768,16.290000915527344,-15.260000228881836,11.020000457763672,-10.210000038146973,-6.064907956269575,5.0349072696240675,-0.7949074985059035,-0.015092921110795743,-2.122717784694351,1.7622175443684236,-0.2782176244770662,-0.00528252238877851,0.08283512626127487,-0.2667951309336838,0.8086851271195821,-0.9599751421614098,-1,1,-1,1,-18,-18,-18,-18,-18,-18,-19,-19
1783308099.6857018,0.0,0.0,0.12,0.0,0.0,1,10.225092959257768,-10.225092959257768,10.225092959257768,-10.225092959257768,15.930000305175781,-15.670000076293945,11.109999656677246,-9.859999656677246,-5.704907345918013,5.444907117036177,-0.8849066974194777,-0.3650933025805223,-1.9967175710713043,1.9057174909626617,-0.30971734409681717,-0.1277826559031828,0.03149096014801275,-0.2177909668803582,0.8007209668428068,-0.9632609818846345,-1,1,-1,1,-18,-18,-18,-18,-18,-18,-18,-19
1783308099.7056062,0.0,0.0,0.12,0.0,0.0,1,10.225092959257768,-10.225092959257768,10.225092959257768,-10.225092959257768,15.930000305175781,-15.670000076293945,11.109999656677246,-9.859999656677246,-5.704907345918013,5.444907117036177,-0.8849066974194777,-0.3650933025805223,-1.9967175710713043,1.9057174909626617,-0.30971734409681717,-0.1277826559031828,-0.019853205965249365,-0.16878680282703262,0.7927568065660315,-0.9665468216078592,-1,1,-1,1,-18,-18,-18,-18,-18,-18,-18,-19
1783308099.725635,0.0,0.0,0.12,0.0,0.0,1,10.225092959257768,-10.225092959257768,10.225092959257768,-10.225092959257768,15.930000305175781,-15.670000076293945,11.109999656677246,-9.859999656677246,-5.704907345918013,5.444907117036177,-0.8849066974194777,-0.3650933025805223,-1.9967175710713043,1.9057174909626617,-0.30971734409681717,-0.1277826559031828,-0.07119737207851148,-0.11978263877370703,0.7847926462892563,-0.9698326613310839,-1,1,-1,1,-18,-18,-18,-18,-18,-18,-18,-19
1783308099.74561,0.0,0.0,0.12,0.0,0.0,1,10.225092959257768,-10.225092959257768,10.225092959257768,-10.225092959257768,16.579999923706055,-14.819999694824219,10.720000267028809,-9.390000343322754,-6.354906964448286,4.59490673556645,-0.4949073077710402,-0.8350926159350145,-2.2242174375569,1.6082173574482574,-0.17321755771986405,-0.29228241557725504,-0.12839153475854606,-0.07842847815360897,0.7803384805193169,-0.977348494874499,-1,1,-1,1,-18,-18,-18,-18,-18,-18,-19,-19
1783308099.765678,0.0,0.0,0.12,0.0,0.0,1,10.225092959257768,-10.225092959257768,10.225092959257768,-10.225092959257768,16.579999923706055,-14.819999694824219,10.720000267028809,-9.390000343322754,-6.354906964448286,4.59490673556645,-0.4949073077710402,-0.8350926159350145,-2.2242174375569,1.6082173574482574,-0.17321755771986405,-0.29228241557725504,-0.18558569743858064,-0.03707431753351091,0.7758843147493775,-0.9848643284179142,-1,1,-1,1,-18,-18,-18,-18,-18,-18,-19,-19
1783308099.7857234,0.0,0.0,0.12,0.0,0.0,1,10.225092959257768,-10.225092959257768,10.225092959257768,-10.225092959257768,16.139999389648438,-14.670000076293945,11.130000114440918,-9.289999961853027,-5.914906430390669,4.444907117036177,-0.9049071551831496,-0.935092997404741,-2.070217250636734,1.5557174909626619,-0.31671750431410234,-0.3272825490916593,-0.23881985531209665,0.0029298465198146773,0.7677401503527291,-0.9932801653945569,-1,1,-1,1,-18,-18,-18,-18,-18,-18,-18,-19
1783308099.8056097,0.0,0.0,0.12,0.0,0.0,1,10.225092959257768,-10.225092959257768,10.225092959257768,-10.225092959257768,16.139999389648438,-14.670000076293945,11.130000114440918,-9.289999961853027,-5.914906430390669,4.444907117036177,-0.9049071551831496,-0.935092997404741,-2.070217250636734,1.5557174909626619,-0.31671750431410234,-0.3272825490916593,-0.2920540131856127,0.042934010573140266,0.7595959859560808,-1.0016960023711996,-1,1,-1,1,-18,-18,-18,-18,-18,-18,-18,-19
1783308099.8256764,0.0,0.0,0.12,0.0,0.0,1,10.225092959257768,-10.225092959257768,10.225092959257768,-10.225092959257768,16.139999389648438,-14.670000076293945,11.130000114440918,-9.289999961853027,-5.914906430390669,4.444907117036177,-0.9049071551831496,-0.935092997404741,-2.070217250636734,1.5557174909626619,-0.31671750431410234,-0.3272825490916593,-0.34528817105912873,0.08293817462646585,0.7514518215594325,-1.0101118393478423,-1,1,-1,1,-18,-18,-18,-18,-18,-18,-18,-19
1783308099.8456283,0.0,0.0,0.12,0.0,0.0,1,10.225092959257768,-10.225092959257768,10.225092959257768,-10.225092959257768,16.5,-15.029999732971191,12.09000015258789,-9.899999618530273,-6.274907040742232,4.804906773713423,-1.8649071933301222,-0.32509334072749496,-2.1962174642597807,1.681717370799698,-0.6527175176655428,-0.11378266925462323,-0.40176233442580883,0.12618233558988667,0.7346676568194613,-1.0130376794143898,-1,1,-1,1,-18,-18,-18,-18,-18,-18,-18,-19
1783308099.8656065,0.0,0.0,0.12,0.0,0.0,1,10.225092959257768,-10.225092959257768,10.225092959257768,-10.225092959257768,16.5,-15.029999732971191,12.09000015258789,-9.899999618530273,-6.274907040742232,4.804906773713423,-1.8649071933301222,-0.32509334072749496,-2.1962174642597807,1.681717370799698,-0.6527175176655428,-0.11378266925462323,-0.45823649779248893,0.1694264965533075,0.7178834920794902,-1.0159635194809373,-1,1,-1,1,-18,-18,-18,-18,-18,-18,-18,-19
1783308099.8856661,0.0,0.0,0.12,0.0,0.0,1,10.225092959257768,-10.225092959257768,10.225092959257768,-10.225092959257768,16.530000686645508,-14.369999885559082,12.3100004196167,-9.869999885559082,-6.304907727387739,4.144906926301314,-2.084907460358931,-0.35509307369868637,-2.2067177045857087,1.4507174242054597,-0.7297176111256257,-0.12428257579454022,-0.5149806673389786,0.20673065889001932,0.6991193249362598,-1.0191593571442255,-1,1,-1,1,-18,-18,-18,-18,-18,-18,-18,-19
1783308099.905649,0.0,0.0,0.12,0.0,0.0,1,10.225092959257768,-10.225092959257768,10.225092959257768,-10.225092959257768,16.530000686645508,-14.369999885559082,12.3100004196167,-9.869999885559082,-6.304907727387739,4.144906926301314,-2.084907460358931,-0.35509307369868637,-2.2067177045857087,1.4507174242054597,-0.7297176111256257,-0.12428257579454022,-0.5717248368854683,0.24403482122673115,0.6803551577930295,-1.0223551948075136,-1,1,-1,1,-18,-18,-18,-18,-18,-18,-18,-19
1783308099.925593,0.0,0.0,0.12,0.0,0.0,1,10.225092959257768,-10.225092959257768,10.225092959257768,-10.225092959257768,16.530000686645508,-14.369999885559082,12.3100004196167,-9.869999885559082,-6.304907727387739,4.144906926301314,-2.084907460358931,-0.35509307369868637,-2.2067177045857087,1.4507174242054597,-0.7297176111256257,-0.12428257579454022,-0.6284690064319579,0.281338983563443,0.6615909906497991,-1.0255510324708017,-1,1,-1,1,-18,-18,-18,-18,-18,-18,-18,-19
1783308099.9456027,0.0,0.0,0.12,0.0,0.0,1,10.225092959257768,-10.225092959257768,10.225092959257768,-10.225092959257768,15.880000114440918,-13.90999984741211,12.920000076293945,-10.3100004196167,-5.65490715518315,3.684906888154341,-2.694907117036177,0.08490746035893082,-1.9792175043141023,1.2897174108540193,-0.9432174909626618,0.029717611125625785,-0.6793631708286063,0.31450314555683206,0.6373368265964735,-1.0247868653275714,-1,1,-1,1,-18,-18,-18,-18,-18,-18,-18,-19
1783308099.9656403,0.0,0.0,0.12,0.0,0.0,1,10.225092959257768,-10.225092959257768,10.225092959257768,-10.225092959257768,15.880000114440918,-13.90999984741211,12.920000076293945,-10.3100004196167,-5.65490715518315,3.684906888154341,-2.694907117036177,0.08490746035893082,-1.9792175043141023,1.2897174108540193,-0.9432174909626618,0.029717611125625785,-0.7302573352252547,0.3476673075502211,0.6130826625431479,-1.024022698184341,-1,1,-1,1,-18,-18,-18,-18,-18,-18,-18,-19
1783308099.9856925,0.0,0.0,0.12,0.0,0.0,1,10.225092959257768,-10.225092959257768,10.225092959257768,-10.225092959257768,16.09000015258789,-13.8100004196167,13.119999885559082,-10.84000015258789,-5.864907193330122,3.584907460358931,-2.8949069263013136,0.6149071933301222,-2.052717517665543,1.2547176111256257,-1.0132174242054597,0.21521751766554276,-0.7830414999652258,0.3799314746934515,0.587028500206436,-1.0184885334443698,-1,1,-1,1,-18,-18,-18,-18,-18,-18,-18,-19
1783308100.0056694,0.0,0.0,0.12,0.0,0.0,1,10.225092959257768,-10.225092959257768,10.225092959257768,-10.225092959257768,16.09000015258789,-13.8100004196167,13.119999885559082,-10.84000015258789,-5.864907193330122,3.584907460358931,-2.8949069263013136,0.6149071933301222,-2.052717517665543,1.2547176111256257,-1.0132174242054597,0.21521751766554276,-0.8358256647051968,0.4121956418366819,0.5609743378697242,-1.0129543687043987,-1,1,-1,1,-18,-18,-18,-18,-18,-18,-18,-19
1783308100.0256078,0.0,0.0,0.12,0.0,0.0,1,10.225092959257768,-10.225092959257768,10.225092959257768,-10.225092959257768,16.09000015258789,-13.8100004196167,13.119999885559082,-10.84000015258789,-5.864907193330122,3.584907460358931,-2.8949069263013136,0.6149071933301222,-2.052717517665543,1.2547176111256257,-1.0132174242054597,0.21521751766554276,-0.8886098294451679,0.4444598089799123,0.5349201755330123,-1.0074202039644276,-1,1,-1,1,-18,-18,-18,-18,-18,-18,-18,-19
1783308100.045614,0.0,0.0,0.12,0.0,0.0,1,10.225092959257768,-10.225092959257768,10.225092959257768,-10.225092959257768,16.25,-13.520000457763672,13.260000228881836,-10.760000228881836,-6.024907040742232,3.2949074985059035,-3.0349072696240675,0.5349072696240675,-2.108717464259781,1.1532176244770662,-1.0622175443684236,0.18721754436842364,-0.942833992811848,0.4741139764664654,0.5076060101063957,-1.002606038537811,-1,1,-1,1,-18,-18,-18,-18,-18,-18,-18,-19
1783308100.0656486,0.0,0.0,0.12,0.0,0.0,1,10.225092959257768,-10.225092959257768,10.225092959257768,-10.225092959257768,16.25,-13.520000457763672,13.260000228881836,-10.760000228881836,-6.024907040742232,3.2949074985059035,-3.0349072696240675,0.5349072696240675,-2.108717464259781,1.1532176244770662,-1.0622175443684236,0.18721754436842364,-0.9970581561785281,0.5037681439530185,0.4802918446797791,-0.9977918731111944,-1,1,-1,1,-18,-18,-18,-18,-18,-18,-18,-19
1783308100.085678,0.0,0.0,0.12,0.0,0.0,1,10.225092959257768,-10.225092959257768,10.225092959257768,-10.225092959257768,15.670000076293945,-13.079999923706055,14.489999771118164,-11.380000114440918,-5.444907117036177,2.8549069644482863,-4.264906811860396,1.1549071551831496,-1.9057174909626617,0.9992174375569002,-1.4927173841511383,0.4042175043141023,-1.0460623202318537,0.529462306633053,0.44190768337303554,-0.9873977087145461,-1,1,-1,1,-18,-18,-18,-18,-18,-18,-18,-19
1783308100.105609,0.0,0.0,0.12,0.0,0.0,1,10.225092959257768,-10.225092959257768,10.225092959257768,-10.225092959257768,15.670000076293945,-13.079999923706055,14.489999771118164,-11.380000114440918,-5.444907117036177,2.8549069644482863,-4.264906811860396,1.1549071551831496,-1.9057174909626617,0.9992174375569002,-1.4927173841511383,0.4042175043141023,-1.0950664842851794,0.5551564693130876,0.403523522066292,-0.9770035443178978,-1,1,-1,1,-18,-18,-18,-18,-18,-18,-18,-19
1783308100.125603,0.0,0.0,0.12,0.0,0.0,1,10.225092959257768,-10.225092959257768,10.225092959257768,-10.225092959257768,15.670000076293945,-13.079999923706055,14.489999771118164,-11.380000114440918,-5.444907117036177,2.8549069644482863,-4.264906811860396,1.1549071551831496,-1.9057174909626617,0.9992174375569002,-1.4927173841511383,0.4042175043141023,-1.144070648338505,0.5808506319931221,0.36513936075954845,-0.9666093799212495,-1,1,-1,1,-18,-18,-18,-18,-18,-18,-18,-19
1783308100.145602,0.0,0.0,0.12,0.0,0.0,1,10.225092959257768,-10.225092959257768,10.225092959257768,-10.225092959257768,14.819999694824219,-13.229999542236328,14.220000267028809,-12.489999771118164,-4.59490673556645,3.0049065829785597,-3.99490730777104,2.2649068118603957,-1.6082173574482574,1.0517173040424959,-1.398217557719864,0.7927173841511385,-1.185424808958603,0.6078947912399292,0.3291851949896091,-0.9462252186145059,-1,1,-1,1,-18,-18,-18,-18,-18,-18,-18,-18
1783308100.1656015,0.0,0.0,0.12,0.0,0.0,1,10.225092959257768,-10.225092959257768,10.225092959257768,-10.225092959257768,14.819999694824219,-13.229999542236328,14.220000267028809,-12.489999771118164,-4.59490673556645,3.0049065829785597,-3.99490730777104,2.2649068118603957,-1.6082173574482574,1.0517173040424959,-1.398217557719864,0.7927173841511385,-1.226778969578701,0.6349389504867362,0.2932310292196697,-0.9258410573077623,-1,1,-1,1,-18,-18,-18,-18,-18,-18,-18,-18
1783308100.1857107,0.0,0.0,0.12,0.0,0.0,1,10.225092959257768,-10.225092959257768,10.225092959257768,-10.225092959257768,14.680000305175781,-12.890000343322754,14.479999542236328,-12.369999885559082,-4.454907345918013,2.6649073840649855,-4.25490658297856,2.1449069263013136,-1.5592175710713043,0.9327175844227449,-1.4892173040424959,0.7507174242054597,-1.2668731356919631,0.6589231169433211,0.2549368699728627,-0.9065368949710505,-1,1,-1,1,-18,-18,-18,-18,-18,-18,-18,-18
1783308100.2056925,0.0,0.0,0.12,0.0,0.0,1,10.225092959257768,-10.225092959257768,10.225092959257768,-10.225092959257768,14.680000305175781,-12.890000343322754,14.479999542236328,-12.369999885559082,-4.454907345918013,2.6649073840649855,-4.25490658297856,2.1449069263013136,-1.5592175710713043,0.9327175844227449,-1.4892173040424959,0.7507174242054597,-1.3069673018052252,0.6829072833999059,0.21664271072605565,-0.8872327326343387,-1,1,-1,1,-18,-18,-18,-18,-18,-18,-18,-18
1783308100.2255952,0.0,0.0,0.12,0.0,0.0,1,10.225092959257768,-10.225092959257768,10.225092959257768,-10.225092959257768,14.680000305175781,-12.890000343322754,14.479999542236328,-12.369999885559082,-4.454907345918013,2.6649073840649855,-4.25490658297856,2.1449069263013136,-1.5592175710713043,0.9327175844227449,-1.4892173040424959,0.7507174242054597,-1.3470614679184874,0.7068914498564908,0.1783485514792486,-0.8679285702976268,-1,1,-1,1,-18,-18,-18,-18,-18,-18,-18,-18
1783308100.245597,0.0,0.0,0.12,0.0,0.0,1,10.225092959257768,-10.225092959257768,10.225092959257768,-10.225092959257768,14.579999923706055,-12.640000343322754,15.119999885559082,-13.40999984741211,-4.354906964448286,2.4149073840649855,-4.894906926301314,3.184906888154341,-1.5242174375569002,0.8452175844227449,-1.7132174242054596,1.1147174108540192,-1.3862556305985219,0.7286256163130757,0.13429438914253677,-0.8392644083042378,-1,1,-1,1,-18,-18,-18,-18,-18,-18,-18,-18
1783308100.2655969,0.0,0.0,0.12,0.0,0.0,1,10.225092959257768,-10.225092959257768,10.225092959257768,-10.225092959257768,14.579999923706055,-12.640000343322754,15.119999885559082,-13.40999984741211,-4.354906964448286,2.4149073840649855,-4.894906926301314,3.184906888154341,-1.5242174375569002,0.8452175844227449,-1.7132174242054596,1.1147174108540192,-1.4254497932785564,0.7503597827696605,0.09024022680582494,-0.8106002463108487,-1,1,-1,1,-18,-18,-18,-18,-18,-18,-18,-18
1783308100.2857568,0.0,0.0,0.12,0.0,0.0,1,10.225092959257768,-10.225092959257768,10.225092959257768,-10.225092959257768,14.5,-13.829999923706055,14.880000114440918,-13.920000076293945,-4.274907040742232,3.6049069644482863,-4.65490715518315,3.694907117036177,-1.496217464259781,1.2617174375569,-1.6292175043141022,1.293217490962662,-1.4639239566452364,0.7828039454496951,0.04834606240917659,-0.7773460822575231,-1,1,-1,1,-18,-18,-18,-18,-18,-18,-18,-18
1783308100.3056035,0.0,0.0,0.12,0.0,0.0,1,10.225092959257768,-10.225092959257768,10.225092959257768,-10.225092959257768,14.5,-13.829999923706055,14.880000114440918,-13.920000076293945,-4.274907040742232,3.6049069644482863,-4.65490715518315,3.694907117036177,-1.496217464259781,1.2617174375569,-1.6292175043141022,1.293217490962662,-1.5023981200119165,0.8152481081297297,0.00645189801252824,-0.7440919182041975,-1,1,-1,1,-18,-18,-18,-18,-18,-18,-18,-18
1783308100.3256125,0.0,0.0,0.12,0.0,0.0,1,10.225092959257768,-10.225092959257768,10.225092959257768,-10.225092959257768,14.5,-13.829999923706055,14.880000114440918,-13.920000076293945,-4.274907040742232,3.6049069644482863,-4.65490715518315,3.694907117036177,-1.496217464259781,1.2617174375569,-1.6292175043141022,1.293217490962662,-1.5408722833785966,0.8476922708097643,-0.03544226638412011,-0.7108377541508719,-1,1,-1,1,-18,-18,-18,-18,-18,-18,-18,-18
1783308100.3456476,0.0,0.0,0.12,0.0,0.0,1,10.225092959257768,-10.225092959257768,10.225092959257768,-10.225092959257768,14.90999984741211,-13.529999732971191,15.170000076293945,-13.59000015258789,-4.684906888154341,3.304906773713423,-4.944907117036177,3.3649071933301222,-1.6397174108540193,1.156717370799698,-1.730717490962662,1.1777175176655428,-1.5830364453719856,0.8774364317731851,-0.0799464304374457,-0.6805535894109008,-1,1,-1,1,-18,-18,-18,-18,-18,-18,-18,-18
1783308100.3656132,0.0,0.0,0.12,0.0,0.0,1,10.225092959257768,-10.225092959257768,10.225092959257768,-10.225092959257768,14.90999984741211,-13.529999732971191,15.170000076293945,-13.59000015258789,-4.684906888154341,3.304906773713423,-4.944907117036177,3.3649071933301222,-1.6397174108540193,1.156717370799698,-1.730717490962662,1.1777175176655428,-1.6252006073653746,0.9071805927366059,-0.1244505944907713,-0.6502694246709297,-1,1,-1,1,-18,-18,-18,-18,-18,-18,-18,-18
1783308100.3857126,0.0,0.0,0.12,0.0,0.0,1,10.225092959257768,-10.225092959257768,10.225092959257768,-10.225092959257768,14.960000038146973,-14.0,14.470000267028809,-13.819999694824219,-4.734907078889204,3.7749070407422316,-4.24490730777104,3.5949067355664504,-1.6572174776112214,1.321217464259781,-1.485717557719864,1.2582173574482576,-1.6678147710753775,0.941154756103286,-0.16265476026071066,-0.6179152640508316,-1,1,-1,1,-18,-18,-18,-18,-18,-18,-18,-18
1783308100.4056072,0.0,0.0,0.12,0.0,0.0,1,10.225092959257768,-10.225092959257768,10.225092959257768,-10.225092959257768,14.960000038146973,-14.0,14.470000267028809,-13.819999694824219,-4.734907078889204,3.7749070407422316,-4.24490730777104,3.5949067355664504,-1.6572174776112214,1.321217464259781,-1.485717557719864,1.2582173574482576,-1.7104289347853803,0.9751289194699662,-0.20085892603065003,-0.5855611034307335,-1,1,-1,1,-18,-18,-18,-18,-18,-18,-18,-18
1783308100.425673,0.0,0.0,0.12,0.0,0.0,1,10.225092959257768,-10.225092959257768,10.225092959257768,-10.225092959257768,14.960000038146973,-14.0,14.470000267028809,-13.819999694824219,-4.734907078889204,3.7749070407422316,-4.24490730777104,3.5949067355664504,-1.6572174776112214,1.321217464259781,-1.485717557719864,1.2582173574482576,-1.753043098495383,1.0091030828366463,-0.2390630918005894,-0.5532069428106354,-1,1,-1,1,-18,-18,-18,-18,-18,-18,-18,-18
1783308100.445606,0.0,0.0,0.12,0.0,0.0,1,10.225092959257768,-10.225092959257768,10.225092959257768,-10.225092959257768,14.319999694824219,-13.880000114440918,13.75,-12.84000015258789,-4.09490673556645,3.6549071551831496,-3.5249070407422316,2.6149071933301222,-1.4332173574482576,1.2792175043141023,-1.233717464259781,0.9152175176655427,-1.7898972591154811,1.0419972472332946,-0.2707872551672695,-0.5296727780706644,-1,1,-1,1,-18,-18,-18,-18,-18,-18,-18,-18
1783308100.4656625,0.0,0.0,0.12,0.0,0.0,1,10.225092959257768,-10.225092959257768,10.225092959257768,-10.225092959257768,14.319999694824219,-13.880000114440918,13.75,-12.84000015258789,-4.09490673556645,3.6549071551831496,-3.5249070407422316,2.6149071933301222,-1.4332173574482576,1.2792175043141023,-1.233717464259781,0.9152175176655427,-1.8267514197355792,1.0748914116299428,-0.3025114185339496,-0.5061386133306933,-1,1,-1,1,-18,-18,-18,-18,-18,-18,-18,-18
1783308100.4856756,0.0,0.0,0.12,0.0,0.0,1,10.225092959257768,-10.225092959257768,10.225092959257768,-10.225092959257768,14.779999732971191,-13.789999961853027,13.25,-11.930000305175781,-4.554906773713423,3.564907002595259,-3.0249070407422316,1.7049073459180129,-1.594217370799698,1.2477174509083406,-1.058717464259781,0.5967175710713044,-1.867745580699,1.1069755746533,-0.3297355819006297,-0.4907944472174312,-1,1,-1,1,-18,-18,-18,-18,-18,-18,-18,-18
1783308100.505613,0.0,0.0,0.12,0.0,0.0,1,10.225092959257768,-10.225092959257768,10.225092959257768,-10.225092959257768,14.779999732971191,-13.789999961853027,13.25,-11.930000305175781,-4.554906773713423,3.564907002595259,-3.0249070407422316,1.7049073459180129,-1.594217370799698,1.2477174509083406,-1.058717464259781,0.5967175710713044,-1.9087397416624208,1.1390597376766574,-0.3569597452673098,-0.4754502811041691,-1,1,-1,1,-18,-18,-18,-18,-18,-18,-18,-18
1783308100.5256624,0.0,0.0,0.12,0.0,0.0,1,10.225092959257768,-10.225092959257768,10.225092959257768,-10.225092959257768,14.779999732971191,-13.789999961853027,13.25,-11.930000305175781,-4.554906773713423,3.564907002595259,-3.0249070407422316,1.7049073459180129,-1.594217370799698,1.2477174509083406,-1.058717464259781,0.5967175710713044,-1.9497339026258416,1.1711439007000146,-0.3841839086339899,-0.460106114990907,-1,1,-1,1,-18,-18,-18,-18,-18,-18,-18,-18
1783308100.5455978,0.0,0.0,0.12,0.0,0.0,1,10.225092959257768,-10.225092959257768,10.225092959257768,-10.225092959257768,14.649999618530273,-13.949999809265137,13.119999885559082,-12.430000305175781,-4.424906659272505,3.7249068500073683,-2.8949069263013136,2.204907345918013,-1.5487173307453768,1.3037173975025789,-1.0132174242054597,0.7717175710713045,-1.9895580625592941,1.204668062350081,-0.4102380709707017,-0.44026194887764486,-1,1,-1,1,-18,-18,-18,-18,-18,-18,-18,-18
1783308100.5656261,0.0,0.0,0.12,0.0,0.0,1,10.225092959257768,-10.225092959257768,10.225092959257768,-10.225092959257768,14.649999618530273,-13.949999809265137,13.119999885559082,-12.430000305175781,-4.424906659272505,3.7249068500073683,-2.8949069263013136,2.204907345918013,-1.5487173307453768,1.3037173975025789,-1.0132174242054597,0.7717175710713045,-2.0293822224927465,1.2381922240001473,-0.4362922333074135,-0.42041778276438274,-1,1,-1,1,-18,-18,-18,-18,-18,-18,-18,-18
1783308100.5856714,0.0,0.0,0.12,0.0,0.0,1,10.225092959257768,-10.225092959257768,10.225092959257768,-10.225092959257768,15.010000228881836,-14.520000457763672,12.8100004196167,-11.869999885559082,-4.7849072696240675,4.2949074985059035,-2.584907460358931,1.6449069263013136,-1.6747175443684235,1.503217624477066,-0.9047176111256258,0.5757174242054597,-2.072446387919363,1.2768463914867003,-0.4595564004506439,-0.4056136204276709,-1,1,-1,1,-18,-18,-18,-18,-18,-18,-18,-18
1783308100.6055956,0.0,0.0,0.12,0.0,0.0,1,10.225092959257768,-10.225092959257768,10.225092959257768,-10.225092959257768,15.010000228881836,-14.520000457763672,12.8100004196167,-11.869999885559082,-4.7849072696240675,4.2949074985059035,-2.584907460358931,1.6449069263013136,-1.6747175443684235,1.503217624477066,-0.9047176111256258,0.5757174242054597,-2.1155105533459797,1.3155005589732534,-0.48282056759387426,-0.39080945809095907,-1,1,-1,1,-18,-18,-18,-18,-18,-18,-18,-18
1783308100.6255953,0.0,0.0,0.12,0.0,0.0,1,10.225092959257768,-10.225092959257768,10.225092959257768,-10.225092959257768,15.010000228881836,-14.520000457763672,12.8100004196167,-11.869999885559082,-4.7849072696240675,4.2949074985059035,-2.584907460358931,1.6449069263013136,-1.6747175443684235,1.503217624477066,-0.9047176111256258,0.5757174242054597,-2.1585747187725963,1.3541547264598064,-0.5060847347371047,-0.37600529575424724,-1,1,-1,1,-18,-18,-18,-18,-18,-18,-18,-18
1783308100.645614,0.0,0.0,0.12,0.0,0.0,1,10.225092959257768,-10.225092959257768,10.225092959257768,-10.225092959257768,15.029999732971191,-14.6899995803833,12.59000015258789,-11.029999732971191,-4.804906773713423,4.464906621125532,-2.3649071933301222,0.804906773713423,-1.681717370799698,1.5627173173939362,-0.8277175176655427,0.28171737079969805,-2.201818879736017,1.3943388860499362,-0.5273688994770758,-0.36876113479082645,-1,1,-1,1,-18,-18,-18,-18,-18,-18,-18,-18
1783308100.665625,0.0,0.0,0.12,0.0,0.0,1,10.225092959257768,-10.225092959257768,10.225092959257768,-10.225092959257768,15.029999732971191,-14.6899995803833,12.59000015258789,-11.029999732971191,-4.804906773713423,4.464906621125532,-2.3649071933301222,0.804906773713423,-1.681717370799698,1.5627173173939362,-0.8277175176655427,0.28171737079969805,-2.245063040699438,1.434523045640066,-0.5486530642170468,-0.36151697382740566,-1,1,-1,1,-18,-18,-18,-18,-18,-18,-18,-18
1783308100.6856828,0.0,0.0,0.12,0.0,0.0,1,10.225092959257768,-10.225092959257768,10.225092959257768,-10.225092959257768,15.510000228881836,-14.130000114440918,11.300000190734863,-10.890000343322754,-5.2849072696240675,3.9049071551831496,-1.0749072314770949,0.6649073840649855,-1.8497175443684235,1.3667175043141022,-0.3762175310169832,0.2327175844227449,-2.292627206126055,1.4696672100367143,-0.5583272293003407,-0.35553280737082077,-1,1,-1,1,-18,-18,-18,-18,-18,-18,-18,-18
1783308100.705721,0.0,0.0,0.12,0.0,0.0,1,10.225092959257768,-10.225092959257768,10.225092959257768,-10.225092959257768,15.510000228881836,-14.130000114440918,11.300000190734863,-10.890000343322754,-5.2849072696240675,3.9049071551831496,-1.0749072314770949,0.6649073840649855,-1.8497175443684235,1.3667175043141022,-0.3762175310169832,0.2327175844227449,-2.3401913715526717,1.5048113744333627,-0.5680013943836346,-0.3495486409142359,-1,1,-1,1,-18,-18,-18,-18,-18,-18,-18,-18
1783308100.7256114,0.0,0.0,0.12,0.0,0.0,1,10.225092959257768,-10.225092959257768,10.225092959257768,-10.225092959257768,15.510000228881836,-14.130000114440918,11.300000190734863,-10.890000343322754,-5.2849072696240675,3.9049071551831496,-1.0749072314770949,0.6649073840649855,-1.8497175443684235,1.3667175043141022,-0.3762175310169832,0.2327175844227449,-2.3877555369792884,1.539955538830011,-0.5776755594669285,-0.343564474457651,-1,1,-1,1,-18,-18,-18,-18,-18,-18,-18,-18
1783308100.7456071,0.0,0.0,0.12,0.0,0.0,1,10.225092959257768,-10.225092959257768,10.225092959257768,-10.225092959257768,15.15999984741211,-13.970000267028809,10.859999656677246,-10.34000015258789,-4.934906888154341,3.74490730777104,-0.6349066974194777,0.11490719333012223,-1.7272174108540193,1.310717557719864,-0.22221734409681718,0.040217517665542775,-2.4321696989726775,1.5736597045999503,-0.5833897197437038,-0.3425303097176799,-1,1,-1,1,-18,-18,-18,-18,-18,-18,-18,-18
1783308100.7656112,0.0,0.0,0.12,0.0,0.0,1,10.225092959257768,-10.225092959257768,10.225092959257768,-10.225092959257768,15.15999984741211,-13.970000267028809,10.859999656677246,-10.34000015258789,-4.934906888154341,3.74490730777104,-0.6349066974194777,0.11490719333012223,-1.7272174108540193,1.310717557719864,-0.22221734409681718,0.040217517665542775,-2.4765838609660666,1.6073638703698896,-0.5891038800204791,-0.3414961449777088,-1,1,-1,1,-18,-18,-18,-18,-18,-18,-18,-18
1783308100.7856576,0.0,0.0,0.12,0.0,0.0,1,10.225092959257768,-10.225092959257768,10.225092959257768,-10.225092959257768,15.140000343322754,-14.529999732971191,10.539999961853027,-10.180000305175781,-4.9149073840649855,4.304906773713423,-0.31490700259525894,-0.04509265408198715,-1.7202175844227447,1.506717370799698,-0.11021745090834062,-0.0157824289286955,-2.5208180274226515,1.6461080313333103,-0.5919380430438365,-0.3419019788644467,-1,1,-1,1,-18,-18,-18,-18,-18,-18,-18,-18
1783308100.8056548,0.0,0.0,0.12,0.0,0.0,1,10.225092959257768,-10.225092959257768,10.225092959257768,-10.225092959257768,15.140000343322754,-14.529999732971191,10.539999961853027,-10.180000305175781,-4.9149073840649855,4.304906773713423,-0.31490700259525894,-0.04509265408198715,-1.7202175844227447,1.506717370799698,-0.11021745090834062,-0.0157824289286955,-2.5650521938792363,1.684852192296731,-0.5947722060671938,-0.34230781275118455,-1,1,-1,1,-18,-18,-18,-18,-18,-18,-18,-18
1783308100.825663,0.0,0.0,0.12,0.0,0.0,1,10.225092959257768,-10.225092959257768,10.225092959257768,-10.225092959257768,15.140000343322754,-14.529999732971191,10.539999961853027,-10.180000305175781,-4.9149073840649855,4.304906773713423,-0.31490700259525894,-0.04509265408198715,-1.7202175844227447,1.506717370799698,-0.11021745090834062,-0.0157824289286955,-2.609286360335821,1.7235963532601517,-0.5976063690905512,-0.3427136466379224,-1,1,-1,1,-18,-18,-18,-18,-18,-18,-18,-18
1783308100.845609,0.0,0.0,0.12,0.0,0.0,1,10.225092959257768,-10.225092959257768,10.225092959257768,-10.225092959257768,15.350000381469727,-14.479999542236328,10.550000190734863,-9.619999885559082,-5.124907422211958,4.25490658297856,-0.3249072314770949,-0.6050930736986864,-1.7937175977741853,1.4892173040424959,-0.1137175310169832,-0.2117825757945402,-2.6554105271357287,1.7618905125069588,-0.600530534173845,-0.3481594843012106,-1,1,-1,1,-18,-18,-18,-18,-18,-18,-18,-19
1783308100.8656259,0.0,0.0,0.12,0.0,0.0,1,10.225092959257768,-10.225092959257768,10.225092959257768,-10.225092959257768,15.350000381469727,-14.479999542236328,10.550000190734863,-9.619999885559082,-5.124907422211958,4.25490658297856,-0.3249072314770949,-0.6050930736986864,-1.7937175977741853,1.4892173040424959,-0.1137175310169832,-0.2117825757945402,-2.701534693935636,1.800184671753766,-0.6034546992571389,-0.35360532196449873,-1,1,-1,1,-18,-18,-18,-18,-18,-18,-18,-19
1783308100.885663,0.0,0.0,0.12,0.0,0.0,1,10.225092959257768,-10.225092959257768,10.225092959257768,-10.225092959257768,15.270000457763672,-14.430000305175781,9.199999809265137,-8.539999961853027,-5.0449074985059035,4.204907345918013,1.0250931499926317,-1.685092997404741,-1.765717624477066,1.4717175710713044,0.35878260249742105,-0.5897825490916593,-2.7469388614221892,1.838028837867028,-0.5942288609072052,-0.36877115894114143,-1,1,-1,1,-18,-18,-18,-18,-18,-18,-18,-19
1783308100.9056041,0.0,0.0,0.12,0.0,0.0,1,10.225092959257768,-10.225092959257768,10.225092959257768,-10.225092959257768,15.270000457763672,-14.430000305175781,9.199999809265137,-8.539999961853027,-5.0449074985059035,4.204907345918013,1.0250931499926317,-1.685092997404741,-1.765717624477066,1.4717175710713044,0.35878260249742105,-0.5897825490916593,-2.7923430289087423,1.87587300398029,-0.5850030225572714,-0.3839369959177841,-1,1,-1,1,-18,-18,-18,-18,-18,-18,-18,-19
1783308100.9256053,0.0,0.0,0.12,0.0,0.0,1,10.225092959257768,-10.225092959257768,10.225092959257768,-10.225092959257768,15.270000457763672,-14.430000305175781,9.199999809265137,-8.539999961853027,-5.0449074985059035,4.204907345918013,1.0250931499926317,-1.685092997404741,-1.765717624477066,1.4717175710713044,0.35878260249742105,-0.5897825490916593,-2.8377471963952954,1.913717170093552,-0.5757771842073377,-0.3991028328944267,-1,1,-1,1,-18,-18,-18,-18,-18,-18,-18,-19
1783308100.9456096,0.0,0.0,0.12,0.0,0.0,1,10.225092959257768,-10.225092959257768,10.225092959257768,-10.225092959257768,14.989999771118164,-14.630000114440918,8.470000267028809,-7.789999961853027,-4.764906811860396,4.40490715518315,1.7550926922289598,-2.435092997404741,-1.6677173841511383,1.5417175043141023,0.6142824422801358,-0.8522825490916593,-2.880631357702039,1.9533613344902003,-0.5599813499772771,-0.4210186698710694,-1,1,-1,1,-18,-18,-18,-18,-18,-18,-18,-19
1783308100.9656043,0.0,0.0,0.12,0.0,0.0,1,10.225092959257768,-10.225092959257768,10.225092959257768,-10.225092959257768,14.989999771118164,-14.630000114440918,8.470000267028809,-7.789999961853027,-4.764906811860396,4.40490715518315,1.7550926922289598,-2.435092997404741,-1.6677173841511383,1.5417175043141023,0.6142824422801358,-0.8522825490916593,-2.9235155190087823,1.9930054988868486,-0.5441855157472165,-0.4429345068477121,-1,1,-1,1,-18,-18,-18,-18,-18,-18,-18,-19
1783308100.9857333,0.0,0.0,0.12,0.0,0.0,1,10.225092959257768,-10.225092959257768,10.225092959257768,-10.225092959257768,15.020000457763672,-14.09000015258789,7.96999979019165,-7.71999979019165,-4.7949074985059035,3.8649071933301222,2.255093169066118,-2.505093169066118,-1.6782176244770661,1.3527175176655426,0.7892826091731413,-0.8767826091731412,-2.9666696864953352,2.0277896636268196,-0.5238896772256214,-0.46548034536930716,-1,1,-1,1,-18,-18,-18,-18,-18,-18,-18,-19
1783308101.0055969,0.0,0.0,0.12,0.0,0.0,1,10.225092959257768,-10.225092959257768,10.225092959257768,-10.225092959257768,15.020000457763672,-14.09000015258789,7.96999979019165,-7.71999979019165,-4.7949074985059035,3.8649071933301222,2.255093169066118,-2.505093169066118,-1.6782176244770661,1.3527175176655426,0.7892826091731413,-0.8767826091731412,-3.0098238539818882,2.0625738283667907,-0.5035938387040263,-0.48802618389090224,-1,1,-1,1,-18,-18,-18,-18,-18,-18,-18,-19
1783308101.0256631,0.0,0.0,0.12,0.0,0.0,1,10.225092959257768,-10.225092959257768,10.225092959257768,-10.225092959257768,15.020000457763672,-14.09000015258789,7.96999979019165,-7.71999979019165,-4.7949074985059035,3.8649071933301222,2.255093169066118,-2.505093169066118,-1.6782176244770661,1.3527175176655426,0.7892826091731413,-0.8767826091731412,-3.052978021468441,2.097357993106762,-0.48329800018243124,-0.5105720224124973,-1,1,-1,1,-18,-18,-18,-18,-18,-18,-18,-19
1783308101.0456018,0.0,0.0,0.12,0.0,0.0,1,10.225092959257768,-10.225092959257768,10.225092959257768,-10.225092959257768,14.59000015258789,-14.170000076293945,8.75,-8.119999885559082,-4.364907193330122,3.944907117036177,1.4750929592577684,-2.1050930736986864,-1.5277175176655426,1.3807174909626618,0.5162825357402189,-0.7367825757945402,-3.0922621862084125,2.1328621571600874,-0.4700221635491113,-0.5295178600757855,-1,1,-1,1,-18,-18,-18,-18,-18,-18,-18,-19
1783308101.0655837,0.0,0.0,0.12,0.0,0.0,1,10.225092959257768,-10.225092959257768,10.225092959257768,-10.225092959257768,14.59000015258789,-14.170000076293945,8.75,-8.119999885559082,-4.364907193330122,3.944907117036177,1.4750929592577684,-2.1050930736986864,-1.5277175176655426,1.3807174909626618,0.5162825357402189,-0.7367825757945402,-3.131546350948384,2.168366321213413,-0.45674632691579137,-0.5484636977390737,-1,1,-1,1,-18,-18,-18,-18,-18,-18,-18,-19
1783308101.0857058,0.0,0.0,0.12,0.0,0.0,1,10.225092959257768,-10.225092959257768,10.225092959257768,-10.225092959257768,14.739999771118164,-13.770000457763672,9.069999694824219,-8.170000076293945,-4.514906811860396,3.5449074985059035,1.1550932644335496,-2.055092882963823,-1.5802173841511384,1.2407176244770661,0.40428264255174234,-0.719282509037338,-3.172180512255127,2.200270488699966,-0.4463504875358894,-0.566959533685748,-1,1,-1,1,-18,-18,-18,-18,-18,-18,-18,-19
1783308101.1055756,0.0,0.0,0.12,0.0,0.0,1,10.225092959257768,-10.225092959257768,10.225092959257768,-10.225092959257768,14.739999771118164,-13.770000457763672,9.069999694824219,-8.170000076293945,-4.514906811860396,3.5449074985059035,1.1550932644335496,-2.055092882963823,-1.5802173841511384,1.2407176244770661,0.40428264255174234,-0.719282509037338,-3.2128146735618706,2.232174656186519,-0.43595464815598745,-0.5854553696324224,-1,1,-1,1,-18,-18,-18,-18,-18,-18,-18,-19
1783308101.1256118,0.0,0.0,0.12,0.0,0.0,1,10.225092959257768,-10.225092959257768,10.225092959257768,-10.225092959257768,14.739999771118164,-13.770000457763672,9.069999694824219,-8.170000076293945,-4.514906811860396,3.5449074985059035,1.1550932644335496,-2.055092882963823,-1.5802173841511384,1.2407176244770661,0.40428264255174234,-0.719282509037338,-3.253448834868614,2.264078823673072,-0.4255588087760855,-0.6039512055790968,-1,1,-1,1,-18,-18,-18,-18,-18,-18,-18,-19
1783308101.1455958,0.0,0.0,0.12,0.0,0.0,1,10.225092959257768,-10.225092959257768,10.225092959257768,-10.225092959257768,14.170000076293945,-13.260000228881836,8.84000015258789,-7.760000228881836,-3.944907117036177,3.0349072696240675,1.3850928066698778,-2.4650927303759325,-1.3807174909626618,1.0622175443684236,0.4847824823344572,-0.8627824556315763,-3.2889529989219395,2.2913929890996885,-0.41309297351605656,-0.6261370401524802,-1,1,-1,1,-18,-18,-18,-18,-18,-18,-18,-19
1783308101.1656325,0.0,0.0,0.12,0.0,0.0,1,10.225092959257768,-10.225092959257768,10.225092959257768,-10.225092959257768,14.170000076293945,-13.260000228881836,8.84000015258789,-7.760000228881836,-3.944907117036177,3.0349072696240675,1.3850928066698778,-2.4650927303759325,-1.3807174909626618,1.0622175443684236,0.4847824823344572,-0.8627824556315763,-3.324457162975265,2.318707154526305,-0.40062713825602764,-0.6483228747258636,-1,1,-1,1,-18,-18,-18,-18,-18,-18,-18,-20
1783308101.1857114,0.0,0.0,0.12,0.0,0.0,1,10.225092959257768,-10.225092959257768,10.225092959257768,-10.225092959257768,13.539999961853027,-12.899999618530273,9.579999923706055,-8.380000114440918,-3.314907002595259,2.674906659272505,0.6450930355517137,-1.8450928448168504,-1.1602174509083405,0.9362173307453767,0.22578256244309977,-0.6457824956858976,-3.3542913259986222,2.3427813144597573,-0.3948213009360622,-0.6649287103292152,-1,1,-1,1,-18,-18,-18,-18,-18,-18,-18,-19
1783308101.2056074,0.0,0.0,0.12,0.0,0.0,1,10.225092959257768,-10.225092959257768,10.225092959257768,-10.225092959257768,13.539999961853027,-12.899999618530273,9.579999923706055,-8.380000114440918,-3.314907002595259,2.674906659272505,0.6450930355517137,-1.8450928448168504,-1.1602174509083405,0.9362173307453767,0.22578256244309977,-0.6457824956858976,-3.3841254890219794,2.3668554743932098,-0.3890154636160968,-0.6815345459325668,-1,1,-1,1,-18,-18,-18,-18,-18,-18,-18,-19
1783308101.2255926,0.0,0.0,0.12,0.0,0.0,1,10.225092959257768,-10.225092959257768,10.225092959257768,-10.225092959257768,13.539999961853027,-12.899999618530273,9.579999923706055,-8.380000114440918,-3.314907002595259,2.674906659272505,0.6450930355517137,-1.8450928448168504,-1.1602174509083405,0.9362173307453767,0.22578256244309977,-0.6457824956858976,-3.4139596520453366,2.390929634326662,-0.38320962629613137,-0.6981403815359184,-1,1,-1,1,-18,-18,-18,-18,-18,-18,-18,-19
1783308101.2455955,0.0,0.0,0.12,0.0,0.0,1,10.225092959257768,-10.225092959257768,10.225092959257768,-10.225092959257768,14.010000228881836,-12.880000114440918,10.5600004196167,-9.9399995803833,-3.7849072696240675,2.6549071551831496,-0.3349074603589308,-0.2850933788744676,-1.3247175443684236,0.9292175043141023,-0.11721761112562577,-0.09978268260606366,-3.4480238174719533,2.4148237987233103,-0.38622379343936175,-0.7007062219457886,-1,1,-1,1,-18,-18,-18,-18,-18,-18,-18,-19
1783308101.2656078,0.0,0.0,0.12,0.0,0.0,1,10.225092959257768,-10.225092959257768,10.225092959257768,-10.225092959257768,14.010000228881836,-12.880000114440918,10.5600004196167,-9.9399995803833,-3.7849072696240675,2.6549071551831496,-0.3349074603589308,-0.2850933788744676,-1.3247175443684236,0.9292175043141023,-0.11721761112562577,-0.09978268260606366,-3.48208798289857,2.4387179631199585,-0.38923796058259214,-0.7032720623556588,-1,1,-1,1,-18,-18,-18,-18,-18,-18,-18,-19
1783308101.2856688,0.0,0.0,0.12,0.0,0.0,1,10.225092959257768,-10.225092959257768,10.225092959257768,-10.225092959257768,12.970000267028809,-12.640000343322754,11.239999771118164,-10.579999923706055,-2.74490730777104,2.4149073840649855,-1.0149068118603957,0.3549069644482863,-0.960717557719864,0.8452175844227449,-0.35521738415113846,0.12421743755690019,-3.5067921486685094,2.4604521295765434,-0.3983721218893357,-0.7000778996756242,-1,1,-1,1,-18,-18,-18,-18,-18,-18,-18,-19
1783308101.3056574,0.0,0.0,0.12,0.0,0.0,1,10.225092959257768,-10.225092959257768,10.225092959257768,-10.225092959257768,12.970000267028809,-12.640000343322754,11.239999771118164,-10.579999923706055,-2.74490730777104,2.4149073840649855,-1.0149068118603957,0.3549069644482863,-0.960717557719864,0.8452175844227449,-0.35521738415113846,0.12421743755690019,-3.531496314438449,2.4821862960331282,-0.40750628319607923,-0.6968837369955896,-1,1,-1,1,-18,-18,-18,-18,-18,-18,-18,-19
1783308101.3256705,0.0,0.0,0.12,0.0,0.0,1,10.225092959257768,-10.225092959257768,10.225092959257768,-10.225092959257768,12.970000267028809,-12.640000343322754,11.239999771118164,-10.579999923706055,-2.74490730777104,2.4149073840649855,-1.0149068118603957,0.3549069644482863,-0.960717557719864,0.8452175844227449,-0.35521738415113846,0.12421743755690019,-3.556200480208388,2.503920462489713,-0.4166404445028228,-0.693689574315555,-1,1,-1,1,-18,-18,-18,-18,-18,-18,-18,-19
1783308101.3455853,0.0,0.0,0.12,0.0,0.0,1,10.225092959257768,-10.225092959257768,10.225092959257768,-10.225092959257768,12.699999809265137,-12.470000267028809,11.720000267028809,-11.25,-2.4749068500073683,2.24490730777104,-1.4949073077710402,1.0249070407422316,-0.8662173975025789,0.7857175577198641,-0.523217557719864,0.358717464259781,-3.5784746418584543,2.5241246282596523,-0.43009461027276213,-0.6844654109488749,-1,1,-1,1,-18,-18,-18,-18,-18,-18,-18,-18
1783308101.365608,0.0,0.0,0.12,0.0,0.0,1,10.225092959257768,-10.225092959257768,10.225092959257768,-10.225092959257768,12.699999809265137,-12.470000267028809,11.720000267028809,-11.25,-2.4749068500073683,2.24490730777104,-1.4949073077710402,1.0249070407422316,-0.8662173975025789,0.7857175577198641,-0.523217557719864,0.358717464259781,-3.6007488035085204,2.5443287940295916,-0.4435487760427015,-0.6752412475821948,-1,1,-1,1,-18,-18,-18,-18,-18,-18,-18,-18
1783308101.3856754,0.0,0.0,0.12,0.0,0.0,1,10.225092959257768,-10.225092959257768,10.225092959257768,-10.225092959257768,13.199999809265137,-12.800000190734863,12.5,-11.729999542236328,-2.9749068500073683,2.574907231477095,-2.2749070407422316,1.5049065829785597,-1.041217397502579,0.9012175310169831,-0.796217464259781,0.5267173040424958,-3.6275229651585867,2.5675029591128853,-0.46402293940938155,-0.6616970883353878,-1,1,-1,1,-18,-18,-18,-18,-18,-18,-18,-18
1783308101.405604,0.0,0.0,0.12,0.0,0.0,1,10.225092959257768,-10.225092959257768,10.225092959257768,-10.225092959257768,13.199999809265137,-12.800000190734863,12.5,-11.729999542236328,-2.9749068500073683,2.574907231477095,-2.2749070407422316,1.5049065829785597,-1.041217397502579,0.9012175310169831,-0.796217464259781,0.5267173040424958,-3.654297126808653,2.590677124196179,-0.4844971027760616,-0.6481529290885807,-1,1,-1,1,-18,-18,-18,-18,-18,-18,-18,-18
1783308101.4256637,0.0,0.0,0.12,0.0,0.0,1,10.225092959257768,-10.225092959257768,10.225092959257768,-10.225092959257768,13.199999809265137,-12.800000190734863,12.5,-11.729999542236328,-2.9749068500073683,2.574907231477095,-2.2749070407422316,1.5049065829785597,-1.041217397502579,0.9012175310169831,-0.796217464259781,0.5267173040424958,-3.6810712884587193,2.6138512892794727,-0.5049712661427417,-0.6346087698417736,-1,1,-1,1,-18,-18,-18,-18,-18,-18,-18,-18
1783308101.445652,0.0,0.0,0.12,0.0,0.0,1,10.225092959257768,-10.225092959257768,10.225092959257768,-10.225092959257768,13.539999961853027,-12.59000015258789,12.829999923706055,-11.609999656677246,-3.314907002595259,2.3649071933301222,-2.6049069644482863,1.3849066974194777,-1.1602174509083405,0.8277175176655427,-0.9117174375569002,0.48471734409681716,-3.7109054514820765,2.635135454019444,-0.5284154288227763,-0.6221446095649983,-1,1,-1,1,-18,-18,-18,-18,-18,-18,-18,-18
1783308101.4655879,0.0,0.0,0.12,0.0,0.0,1,10.225092959257768,-10.225092959257768,10.225092959257768,-10.225092959257768,13.539999961853027,-12.59000015258789,12.829999923706055,-11.609999656677246,-3.314907002595259,2.3649071933301222,-2.6049069644482863,1.3849066974194777,-1.1602174509083405,0.8277175176655427,-0.9117174375569002,0.48471734409681716,-3.7407396145054337,2.656419618759415,-0.5518595915028108,-0.609680449288223,-1,1,-1,1,-18,-18,-18,-18,-18,-18,-18,-18
1783308101.4858084,0.0,0.0,0.12,0.0,0.0,1,10.225092959257768,-10.225092959257768,10.225092959257768,-10.225092959257768,13.550000190734863,-13.109999656677246,12.600000381469727,-10.84000015258789,-3.324907231477095,2.8849066974194777,-2.374907422211958,0.6149071933301222,-1.1637175310169832,1.0097173440968172,-0.8312175977741854,0.21521751766554276,-3.7706637795887277,2.6823837790361904,-0.5732337583027185,-0.6041462845482518,-1,1,-1,1,-18,-18,-18,-18,-18,-18,-18,-18
1783308101.5056071,0.0,0.0,0.12,0.0,0.0,1,10.225092959257768,-10.225092959257768,10.225092959257768,-10.225092959257768,13.550000190734863,-13.109999656677246,12.600000381469727,-10.84000015258789,-3.324907231477095,2.8849066974194777,-2.374907422211958,0.6149071933301222,-1.1637175310169832,1.0097173440968172,-0.8312175977741854,0.21521751766554276,-3.8005879446720217,2.708347939312966,-0.5946079251026262,-0.5986121198082807,-1,1,-1,1,-18,-18,-18,-18,-18,-18,-18,-18
1783308101.525586,0.0,0.0,0.12,0.0,0.0,1,10.225092959257768,-10.225092959257768,10.225092959257768,-10.225092959257768,13.550000190734863,-13.109999656677246,12.600000381469727,-10.84000015258789,-3.324907231477095,2.8849066974194777,-2.374907422211958,0.6149071933301222,-1.1637175310169832,1.0097173440968172,-0.8312175977741854,0.21521751766554276,-3.8305121097553156,2.7343120995897414,-0.6159820919025338,-0.5930779550683095,-1,1,-1,1,-18,-18,-18,-18,-18,-18,-18,-18
1783308101.5456574,0.0,0.0,0.12,0.0,0.0,1,10.225092959257768,-10.225092959257768,10.225092959257768,-10.225092959257768,14.6899995803833,-12.800000190734863,12.899999618530273,-11.210000038146973,-4.464906621125532,2.574907231477095,-2.674906659272505,0.9849070788892043,-1.5627173173939362,0.9012175310169831,-0.9362173307453767,0.34471747761122146,-3.8706962693454456,2.757486264673035,-0.6400562518359864,-0.5842137913583066,-1,1,-1,1,-18,-18,-18,-18,-18,-18,-18,-18
1783308101.565635,0.0,0.0,0.12,0.0,0.0,1,10.225092959257768,-10.225092959257768,10.225092959257768,-10.225092959257768,14.6899995803833,-12.800000190734863,12.899999618530273,-11.210000038146973,-4.464906621125532,2.574907231477095,-2.674906659272505,0.9849070788892043,-1.5627173173939362,0.9012175310169831,-0.9362173307453767,0.34471747761122146,-3.9108804289355756,2.780660429756329,-0.6641304117694389,-0.5753496276483038,-1,1,-1,1,-18,-18,-18,-18,-18,-18,-18,-18
1783308101.5856807,0.0,0.0,0.12,0.0,0.0,1,10.225092959257768,-10.225092959257768,10.225092959257768,-10.225092959257768,14.140000343322754,-12.8100004196167,12.420000076293945,-10.5600004196167,-3.9149073840649855,2.584907460358931,-2.194907117036177,0.3349074603589308,-1.3702175844227449,0.9047176111256258,-0.7682174909626619,0.11721761112562577,-3.9461145953921606,2.8039245968995594,-0.6838845758227645,-0.5723354605050734,-1,1,-1,1,-18,-18,-18,-18,-18,-18,-18,-18
1783308101.6056046,0.0,0.0,0.12,0.0,0.0,1,10.225092959257768,-10.225092959257768,10.225092959257768,-10.225092959257768,14.140000343322754,-12.8100004196167,12.420000076293945,-10.5600004196167,-3.9149073840649855,2.584907460358931,-2.194907117036177,0.3349074603589308,-1.3702175844227449,0.9047176111256258,-0.7682174909626619,0.11721761112562577,-3.9813487618487455,2.82718876404279,-0.7036387398760902,-0.5693212933618431,-1,1,-1,1,-18,-18,-18,-18,-18,-18,-18,-18
1783308101.62559,0.0,0.0,0.12,0.0,0.0,1,10.225092959257768,-10.225092959257768,10.225092959257768,-10.225092959257768,14.140000343322754,-12.8100004196167,12.420000076293945,-10.5600004196167,-3.9149073840649855,2.584907460358931,-2.194907117036177,0.3349074603589308,-1.3702175844227449,0.9047176111256258,-0.7682174909626619,0.11721761112562577,-4.01658292830533,2.8504529311860205,-0.7233929039294158,-0.5663071262186128,-1,1,-1,1,-18,-18,-18,-18,-18,-18,-18,-18
1783308101.6456046,0.0,0.0,0.12,0.0,0.0,1,10.225092959257768,-10.225092959257768,10.225092959257768,-10.225092959257768,14.420000076293945,-12.819999694824219,11.869999885559082,-10.109999656677246,-4.194907117036177,2.5949067355664504,-1.6449069263013136,-0.1150933025805223,-1.4682174909626617,0.9082173574482576,-0.5757174242054597,-0.04028265590318281,-4.054337092358655,2.8738070918061185,-0.7381970662661276,-0.5673429659418375,-1,1,-1,1,-18,-18,-18,-18,-18,-18,-18,-19
1783308101.6656537,0.0,0.0,0.12,0.0,0.0,1,10.225092959257768,-10.225092959257768,10.225092959257768,-10.225092959257768,14.420000076293945,-12.819999694824219,11.869999885559082,-10.109999656677246,-4.194907117036177,2.5949067355664504,-1.6449069263013136,-0.1150933025805223,-1.4682174909626617,0.9082173574482576,-0.5757174242054597,-0.04028265590318281,-4.0920912564119805,2.8971612524262165,-0.7530012286028394,-0.5683788056650623,-1,1,-1,1,-18,-18,-18,-18,-18,-18,-18,-19
1783308101.6856935,0.0,0.0,0.12,0.0,0.0,1,10.225092959257768,-10.225092959257768,10.225092959257768,-10.225092959257768,14.399999618530273,-12.59000015258789,12.380000114440918,-9.800000190734863,-4.174906659272505,2.3649071933301222,-2.1549071551831496,-0.4250927685229051,-1.4612173307453766,0.8277175176655427,-0.7542175043141023,-0.14878246898301678,-4.129665416345433,2.9184454171661875,-0.7723953929994877,-0.5722046405817685,-1,1,-1,1,-18,-18,-18,-18,-18,-18,-18,-19
1783308101.7056284,0.0,0.0,0.12,0.0,0.0,1,10.225092959257768,-10.225092959257768,10.225092959257768,-10.225092959257768,14.399999618530273,-12.59000015258789,12.380000114440918,-9.800000190734863,-4.174906659272505,2.3649071933301222,-2.1549071551831496,-0.4250927685229051,-1.4612173307453766,0.8277175176655427,-0.7542175043141023,-0.14878246898301678,-4.167239576278885,2.9397295819061586,-0.791789557396136,-0.5760304754984746,-1,1,-1,1,-18,-18,-18,-18,-18,-18,-18,-19
1783308101.7256596,0.0,0.0,0.12,0.0,0.0,1,10.225092959257768,-10.225092959257768,10.225092959257768,-10.225092959257768,14.399999618530273,-12.59000015258789,12.380000114440918,-9.800000190734863,-4.174906659272505,2.3649071933301222,-2.1549071551831496,-0.4250927685229051,-1.4612173307453766,0.8277175176655427,-0.7542175043141023,-0.14878246898301678,-4.204813736212338,2.9610137466461297,-0.8111837217927843,-0.5798563104151808,-1,1,-1,1,-18,-18,-18,-18,-18,-18,-18,-19
1783308101.745663,0.0,0.0,0.12,0.0,0.0,1,10.225092959257768,-10.225092959257768,10.225092959257768,-10.225092959257768,14.149999618530273,-11.989999771118164,12.289999961853027,-10.479999542236328,-3.924906659272505,1.7649068118603957,-2.064907002595259,0.2549065829785597,-1.3737173307453767,0.6177173841511384,-0.7227174509083406,0.08921730404249589,-4.24013789614579,2.9768979079528735,-0.8297678848161416,-0.5775621511683737,-1,1,-1,1,-18,-18,-18,-18,-18,-18,-18,-18
1783308101.7656078,0.0,0.0,0.12,0.0,0.0,1,10.225092959257768,-10.225092959257768,10.225092959257768,-10.225092959257768,14.149999618530273,-11.989999771118164,12.289999961853027,-10.479999542236328,-3.924906659272505,1.7649068118603957,-2.064907002595259,0.2549065829785597,-1.3737173307453767,0.6177173841511384,-0.7227174509083406,0.08921730404249589,-4.275462056079243,2.992782069259617,-0.8483520478394989,-0.5752679919215666,-1,1,-1,1,-18,-18,-18,-18,-18,-18,-18,-18
1783308101.7856557,0.0,0.0,0.0,0.0,0.0,0,0.0,0.0,0.0,0.0,13.979999542236328,-12.6899995803833,12.680000305175781,-10.510000228881836,-13.979999542236328,12.6899995803833,-12.680000305175781,10.510000228881836,-4.892999839782714,4.441499853134155,-4.438000106811523,3.6785000801086425,0.0,0.0,0.0,0.0,-1,1,-1,1,0,0,0,0,0,0,0,0
1783308101.8055801,0.0,0.0,0.0,0.0,0.0,0,0.0,0.0,0.0,0.0,13.979999542236328,-12.6899995803833,12.680000305175781,-10.510000228881836,-13.979999542236328,12.6899995803833,-12.680000305175781,10.510000228881836,-4.892999839782714,4.441499853134155,-4.438000106811523,3.6785000801086425,0.0,0.0,0.0,0.0,-1,1,-1,1,0,0,0,0,0,0,0,0
1783308101.825574,0.0,0.0,0.0,0.0,0.0,0,0.0,0.0,0.0,0.0,13.979999542236328,-12.6899995803833,12.680000305175781,-10.510000228881836,-13.979999542236328,12.6899995803833,-12.680000305175781,10.510000228881836,-4.892999839782714,4.441499853134155,-4.438000106811523,3.6785000801086425,0.0,0.0,0.0,0.0,-1,1,-1,1,0,0,0,0,0,0,0,0
1783308101.8456533,0.0,0.0,0.0,0.0,0.0,0,0.0,0.0,0.0,0.0,13.859999656677246,-12.050000190734863,12.270000457763672,-10.069999694824219,-13.859999656677246,12.050000190734863,-12.270000457763672,10.069999694824219,-4.850999879837036,4.217500066757202,-4.294500160217285,3.524499893188476,0.0,0.0,0.0,0.0,-1,1,-1,1,0,0,0,0,0,0,0,0
1783308101.8655736,0.0,0.0,0.0,0.0,0.0,0,0.0,0.0,0.0,0.0,13.859999656677246,-12.050000190734863,12.270000457763672,-10.069999694824219,-13.859999656677246,12.050000190734863,-12.270000457763672,10.069999694824219,-4.850999879837036,4.217500066757202,-4.294500160217285,3.524499893188476,0.0,0.0,0.0,0.0,-1,1,-1,1,0,0,0,0,0,0,0,0
1783308101.8857486,0.0,0.0,0.12,0.0,0.0,1,10.225092959257768,-10.225092959257768,10.225092959257768,-10.225092959257768,10.84000015258789,-9.569999694824219,9.5,-7.960000038146973,-0.6149071933301222,-0.6550932644335496,0.7250929592577684,-2.2650929211107957,-0.21521751766554276,-0.22928264255174235,0.2537825357402189,-0.7927825223887784,-0.0055341647399711,-0.0058958393799019475,0.006525836633319916,-0.020385836289997163,-1,1,-1,1,-18,-18,-18,-18,-18,-18,-18,-19
1783308101.9055939,0.0,0.0,0.12,0.0,0.0,1,10.225092959257768,-10.225092959257768,10.225092959257768,-10.225092959257768,10.84000015258789,-9.569999694824219,9.5,-7.960000038146973,-0.6149071933301222,-0.6550932644335496,0.7250929592577684,-2.2650929211107957,-0.21521751766554276,-0.22928264255174235,0.2537825357402189,-0.7927825223887784,-0.0110683294799422,-0.011791678759803895,0.013051673266639831,-0.040771672579994325,-1,1,-1,1,-18,-18,-18,-18,-18,-18,-18,-19
1783308101.9255762,0.0,0.0,0.0,0.0,0.0,0,0.0,0.0,0.0,0.0,10.84000015258789,-9.569999694824219,9.5,-7.960000038146973,-10.84000015258789,9.569999694824219,-9.5,7.960000038146973,-3.7940000534057616,3.3494998931884763,-3.3249999999999997,2.7860000133514404,0.0,0.0,0.0,0.0,-1,1,-1,1,0,0,0,0,0,0,0,0
1783308101.9456644,0.0,0.0,0.0,0.0,0.0,0,0.0,0.0,0.0,0.0,7.590000152587891,-6.929999828338623,6.869999885559082,-5.800000190734863,-7.590000152587891,6.929999828338623,-6.869999885559082,5.800000190734863,-2.6565000534057615,2.425499939918518,-2.4044999599456784,2.0300000667572022,0.0,0.0,0.0,0.0,-1,1,-1,1,0,0,0,0,0,0,0,0
1783308101.9655957,0.0,0.0,0.0,0.0,0.0,0,0.0,0.0,0.0,0.0,7.590000152587891,-6.929999828338623,6.869999885559082,-5.800000190734863,-7.590000152587891,6.929999828338623,-6.869999885559082,5.800000190734863,-2.6565000534057615,2.425499939918518,-2.4044999599456784,2.0300000667572022,0.0,0.0,0.0,0.0,-1,1,-1,1,0,0,0,0,0,0,0,0
1783308101.985644,0.0,0.0,0.0,0.0,0.0,0,0.0,0.0,0.0,0.0,5.760000228881836,-5.980000019073486,4.809999942779541,-4.960000038146973,-5.760000228881836,5.980000019073486,-4.809999942779541,4.960000038146973,-2.0160000801086424,2.09300000667572,-1.6834999799728392,1.7360000133514404,0.0,0.0,0.0,0.0,-1,1,-1,1,0,0,0,0,0,0,0,0
1783308102.0055914,0.0,0.0,0.0,0.0,0.0,0,0.0,0.0,0.0,0.0,5.760000228881836,-5.980000019073486,4.809999942779541,-4.960000038146973,-5.760000228881836,5.980000019073486,-4.809999942779541,4.960000038146973,-2.0160000801086424,2.09300000667572,-1.6834999799728392,1.7360000133514404,0.0,0.0,0.0,0.0,-1,1,-1,1,0,0,0,0,0,0,0,0
1783308102.0255804,0.0,0.0,0.0,0.0,0.0,0,0.0,0.0,0.0,0.0,5.760000228881836,-5.980000019073486,4.809999942779541,-4.960000038146973,-5.760000228881836,5.980000019073486,-4.809999942779541,4.960000038146973,-2.0160000801086424,2.09300000667572,-1.6834999799728392,1.7360000133514404,0.0,0.0,0.0,0.0,-1,1,-1,1,0,0,0,0,0,0,0,0
1783308102.0456913,0.0,0.0,0.12,0.0,0.0,1,10.225092959257768,-10.225092959257768,10.225092959257768,-10.225092959257768,3.809999942779541,-4.190000057220459,3.140000104904175,-3.4700000286102295,6.415093016478227,-6.035092902037309,7.085092854353594,-6.755092930647539,2.2452825557673792,-2.112282515713058,2.4797824990237576,-2.3642825257266384,0.05773583714830405,-0.054315836118335785,0.06376583568918234,-0.060795836375827854,-1,1,-1,1,-18,-18,-18,-18,-20,-20,-21,-20
1783308102.065599,0.0,0.0,0.12,0.0,0.0,1,10.225092959257768,-10.225092959257768,10.225092959257768,-10.225092959257768,3.809999942779541,-4.190000057220459,3.140000104904175,-3.4700000286102295,6.415093016478227,-6.035092902037309,7.085092854353594,-6.755092930647539,2.2452825557673792,-2.112282515713058,2.4797824990237576,-2.3642825257266384,0.1154716742966081,-0.10863167223667157,0.12753167137836469,-0.12159167275165571,-1,1,-1,1,-18,-18,-18,-18,-20,-20,-21,-20
1783308102.085687,0.0,0.0,0.0,0.0,0.0,0,0.0,0.0,0.0,0.0,2.6700000762939453,-3.1600000858306885,1.9700000286102295,-2.6600000858306885,-2.6700000762939453,3.1600000858306885,-1.9700000286102295,2.6600000858306885,-0.9345000267028808,1.1060000300407409,-0.6895000100135803,0.931000030040741,0.0,0.0,0.0,0.0,-1,1,-1,1,0,0,0,0,0,0,0,0
1783308102.105571,0.0,0.0,0.0,0.0,0.0,0,0.0,0.0,0.0,0.0,2.6700000762939453,-3.1600000858306885,1.9700000286102295,-2.6600000858306885,-2.6700000762939453,3.1600000858306885,-1.9700000286102295,2.6600000858306885,-0.9345000267028808,1.1060000300407409,-0.6895000100135803,0.931000030040741,0.0,0.0,0.0,0.0,-1,1,-1,1,0,0,0,0,0,0,0,0
1783308102.1255705,0.0,0.0,0.0,0.0,0.0,0,0.0,0.0,0.0,0.0,2.6700000762939453,-3.1600000858306885,1.9700000286102295,-2.6600000858306885,-2.6700000762939453,3.1600000858306885,-1.9700000286102295,2.6600000858306885,-0.9345000267028808,1.1060000300407409,-0.6895000100135803,0.931000030040741,0.0,0.0,0.0,0.0,-1,1,-1,1,0,0,0,0,0,0,0,0
1783308102.1455913,0.0,0.0,0.0,0.0,0.0,0,0.0,0.0,0.0,0.0,2.0899999141693115,-4.019999980926514,1.8300000429153442,-3.6700000762939453,-2.0899999141693115,4.019999980926514,-1.8300000429153442,3.6700000762939453,-0.731499969959259,1.4069999933242796,-0.6405000150203705,1.2845000267028808,0.0,0.0,0.0,0.0,-1,1,-1,1,0,0,0,0,0,0,0,0
1783308102.165579,0.0,0.0,0.0,0.0,0.0,0,0.0,0.0,0.0,0.0,2.0899999141693115,-4.019999980926514,1.8300000429153442,-3.6700000762939453,-2.0899999141693115,4.019999980926514,-1.8300000429153442,3.6700000762939453,-0.731499969959259,1.4069999933242796,-0.6405000150203705,1.2845000267028808,0.0,0.0,0.0,0.0,-1,1,-1,1,0,0,0,0,0,0,0,0
1783308102.1857295,0.0,0.0,0.0,0.0,0.0,0,0.0,0.0,0.0,0.0,1.2400000095367432,-3.0399999618530273,0.8299999833106995,-2.569999933242798,-1.2400000095367432,3.0399999618530273,-0.8299999833106995,2.569999933242798,-0.4340000033378601,1.0639999866485594,-0.2904999941587448,0.8994999766349792,0.0,0.0,0.0,0.0,-1,1,-1,1,0,0,0,0,0,0,0,0
1783308102.2056494,0.0,0.0,0.0,0.0,0.0,0,0.0,0.0,0.0,0.0,1.2400000095367432,-3.0399999618530273,0.8299999833106995,-2.569999933242798,-1.2400000095367432,3.0399999618530273,-0.8299999833106995,2.569999933242798,-0.4340000033378601,1.0639999866485594,-0.2904999941587448,0.8994999766349792,0.0,0.0,0.0,0.0,-1,1,-1,1,0,0,0,0,0,0,0,0
1783308102.225564,0.0,0.0,0.0,0.0,0.0,0,0.0,0.0,0.0,0.0,1.2400000095367432,-3.0399999618530273,0.8299999833106995,-2.569999933242798,-1.2400000095367432,3.0399999618530273,-0.8299999833106995,2.569999933242798,-0.4340000033378601,1.0639999866485594,-0.2904999941587448,0.8994999766349792,0.0,0.0,0.0,0.0,-1,1,-1,1,0,0,0,0,0,0,0,0
1783308102.2456558,0.0,0.0,0.0,0.0,0.0,0,0.0,0.0,0.0,0.0,0.8700000047683716,-2.130000114440918,0.5799999833106995,-1.7999999523162842,-0.8700000047683716,2.130000114440918,-0.5799999833106995,1.7999999523162842,-0.30450000166893004,0.7455000400543212,-0.2029999941587448,0.6299999833106994,0.0,0.0,0.0,0.0,-1,1,-1,1,0,0,0,0,0,0,0,0
1783308102.2655718,0.0,0.0,0.0,0.0,0.0,0,0.0,0.0,0.0,0.0,0.8700000047683716,-2.130000114440918,0.5799999833106995,-1.7999999523162842,-0.8700000047683716,2.130000114440918,-0.5799999833106995,1.7999999523162842,-0.30450000166893004,0.7455000400543212,-0.2029999941587448,0.6299999833106994,0.0,0.0,0.0,0.0,-1,1,-1,1,0,0,0,0,0,0,0,0
1783308102.2856648,0.0,0.0,0.0,0.0,0.0,0,0.0,0.0,0.0,0.0,0.6100000143051147,-1.4900000095367432,0.4099999964237213,-1.2599999904632568,-0.6100000143051147,1.4900000095367432,-0.4099999964237213,1.2599999904632568,-0.21350000500679014,0.5215000033378601,-0.14349999874830244,0.44099999666213985,0.0,0.0,0.0,0.0,-1,1,-1,1,0,0,0,0,0,0,0,0
1783308102.3055646,0.0,0.0,0.0,0.0,0.0,0,0.0,0.0,0.0,0.0,0.6100000143051147,-1.4900000095367432,0.4099999964237213,-1.2599999904632568,-0.6100000143051147,1.4900000095367432,-0.4099999964237213,1.2599999904632568,-0.21350000500679014,0.5215000033378601,-0.14349999874830244,0.44099999666213985,0.0,0.0,0.0,0.0,-1,1,-1,1,0,0,0,0,0,0,0,0
1783308102.325589,0.0,0.0,0.0,0.0,0.0,0,0.0,0.0,0.0,0.0,0.6100000143051147,-1.4900000095367432,0.4099999964237213,-1.2599999904632568,-0.6100000143051147,1.4900000095367432,-0.4099999964237213,1.2599999904632568,-0.21350000500679014,0.5215000033378601,-0.14349999874830244,0.44099999666213985,0.0,0.0,0.0,0.0,-1,1,-1,1,0,0,0,0,0,0,0,0
1783308102.3456554,0.0,0.0,0.0,0.0,0.0,0,0.0,0.0,0.0,0.0,0.41999998688697815,-1.0399999618530273,0.2800000011920929,-0.8799999952316284,-0.41999998688697815,1.0399999618530273,-0.2800000011920929,0.8799999952316284,-0.14699999541044234,0.36399998664855954,-0.0980000004172325,0.30799999833106995,0.0,0.0,0.0,0.0,-1,1,-1,1,0,0,0,0,0,0,0,0
1783308102.3655758,0.0,0.0,0.0,0.0,0.0,0,0.0,0.0,0.0,0.0,0.41999998688697815,-1.0399999618530273,0.2800000011920929,-0.8799999952316284,-0.41999998688697815,1.0399999618530273,-0.2800000011920929,0.8799999952316284,-0.14699999541044234,0.36399998664855954,-0.0980000004172325,0.30799999833106995,0.0,0.0,0.0,0.0,-1,1,-1,1,0,0,0,0,0,0,0,0
1783308102.3857088,0.0,0.0,0.0,0.0,0.0,0,0.0,0.0,0.0,0.0,0.30000001192092896,-0.7300000190734863,0.20000000298023224,-0.6200000047683716,-0.30000001192092896,0.7300000190734863,-0.20000000298023224,0.6200000047683716,-0.10500000417232513,0.2555000066757202,-0.07000000104308128,0.21700000166893005,0.0,0.0,0.0,0.0,-1,1,-1,1,0,0,0,0,0,0,0,0
1783308102.4055674,0.0,0.0,0.0,0.0,0.0,0,0.0,0.0,0.0,0.0,0.30000001192092896,-0.7300000190734863,0.20000000298023224,-0.6200000047683716,-0.30000001192092896,0.7300000190734863,-0.20000000298023224,0.6200000047683716,-0.10500000417232513,0.2555000066757202,-0.07000000104308128,0.21700000166893005,0.0,0.0,0.0,0.0,-1,1,-1,1,0,0,0,0,0,0,0,0
1783308102.42556,0.0,0.0,0.0,0.0,0.0,0,0.0,0.0,0.0,0.0,0.30000001192092896,-0.7300000190734863,0.20000000298023224,-0.6200000047683716,-0.30000001192092896,0.7300000190734863,-0.20000000298023224,0.6200000047683716,-0.10500000417232513,0.2555000066757202,-0.07000000104308128,0.21700000166893005,0.0,0.0,0.0,0.0,-1,1,-1,1,0,0,0,0,0,0,0,0
1783308102.4455688,0.0,0.0,0.0,0.0,0.0,0,0.0,0.0,0.0,0.0,0.20999999344348907,-0.5099999904632568,0.14000000059604645,-0.4300000071525574,-0.20999999344348907,0.5099999904632568,-0.14000000059604645,0.4300000071525574,-0.07349999770522117,0.1784999966621399,-0.04900000020861625,0.15050000250339507,0.0,0.0,0.0,0.0,-1,1,-1,1,0,0,0,0,0,0,0,0
1783308102.4656432,0.0,0.0,0.0,0.0,0.0,0,0.0,0.0,0.0,0.0,0.20999999344348907,-0.5099999904632568,0.14000000059604645,-0.4300000071525574,-0.20999999344348907,0.5099999904632568,-0.14000000059604645,0.4300000071525574,-0.07349999770522117,0.1784999966621399,-0.04900000020861625,0.15050000250339507,0.0,0.0,0.0,0.0,-1,1,-1,1,0,0,0,0,0,0,0,0
1783308102.4856787,0.0,0.0,0.0,0.0,0.0,0,0.0,0.0,0.0,0.0,0.15000000596046448,-0.36000001430511475,0.10000000149011612,-0.30000001192092896,-0.15000000596046448,0.36000001430511475,-0.10000000149011612,0.30000001192092896,-0.05250000208616257,0.12600000500679015,-0.03500000052154064,0.10500000417232513,0.0,0.0,0.0,0.0,-1,1,-1,1,0,0,0,0,0,0,0,0
1783308102.5055938,0.0,0.0,0.0,0.0,0.0,0,0.0,0.0,0.0,0.0,0.15000000596046448,-0.36000001430511475,0.10000000149011612,-0.30000001192092896,-0.15000000596046448,0.36000001430511475,-0.10000000149011612,0.30000001192092896,-0.05250000208616257,0.12600000500679015,-0.03500000052154064,0.10500000417232513,0.0,0.0,0.0,0.0,-1,1,-1,1,0,0,0,0,0,0,0,0
1783308102.5256073,0.0,0.0,0.0,0.0,0.0,0,0.0,0.0,0.0,0.0,0.15000000596046448,-0.36000001430511475,0.10000000149011612,-0.30000001192092896,-0.15000000596046448,0.36000001430511475,-0.10000000149011612,0.30000001192092896,-0.05250000208616257,0.12600000500679015,-0.03500000052154064,0.10500000417232513,0.0,0.0,0.0,0.0,-1,1,-1,1,0,0,0,0,0,0,0,0
1783308102.5455751,0.0,0.0,0.0,0.0,0.0,0,0.0,0.0,0.0,0.0,0.10000000149011612,-0.25,0.07000000029802322,-0.20999999344348907,-0.10000000149011612,0.25,-0.07000000029802322,0.20999999344348907,-0.03500000052154064,0.0875,-0.024500000104308126,0.07349999770522117,0.0,0.0,0.0,0.0,-1,1,-1,1,0,0,0,0,0,0,0,0
1783308102.5655925,0.0,0.0,0.0,0.0,0.0,0,0.0,0.0,0.0,0.0,0.10000000149011612,-0.25,0.07000000029802322,-0.20999999344348907,-0.10000000149011612,0.25,-0.07000000029802322,0.20999999344348907,-0.03500000052154064,0.0875,-0.024500000104308126,0.07349999770522117,0.0,0.0,0.0,0.0,-1,1,-1,1,0,0,0,0,0,0,0,0
1783308102.585648,35.0,0.0,0.0,35.0,0.0,0,10.283857861322469,10.283857861322469,10.283857861322469,10.283857861322469,0.07000000029802322,-0.18000000715255737,0.05000000074505806,-0.15000000596046448,10.213857861024445,10.463857868475026,10.23385786057741,10.433857867282933,3.574850251358556,3.6623502539662587,3.5818502512020935,3.6518502535490263,0.09192472074922002,0.09417472081627525,0.0921047207451967,0.09390472080554639,-1,1,-1,1,-13,13,-13,13,-17,17,-17,17
1783308102.605587,35.0,0.0,0.0,35.0,0.0,0,10.283857861322469,10.283857861322469,10.283857861322469,10.283857861322469,0.07000000029802322,-0.18000000715255737,0.05000000074505806,-0.15000000596046448,10.213857861024445,10.463857868475026,10.23385786057741,10.433857867282933,3.574850251358556,3.6623502539662587,3.5818502512020935,3.6518502535490263,0.18384944149844004,0.1883494416325505,0.1842094414903934,0.18780944161109278,-1,1,-1,1,-13,13,-13,13,-17,17,-17,17
1783308102.6256034,35.0,0.0,0.0,35.0,0.0,0,10.283857861322469,10.283857861322469,10.283857861322469,10.283857861322469,0.07000000029802322,-0.18000000715255737,0.05000000074505806,-0.15000000596046448,10.213857861024445,10.463857868475026,10.23385786057741,10.433857867282933,3.574850251358556,3.6623502539662587,3.5818502512020935,3.6518502535490263,0.27577416224766005,0.2825241624488257,0.2763141622355901,0.28171416241663916,-1,1,-1,1,-13,13,-13,13,-17,17,-17,17
1783308102.6455886,35.0,0.0,0.0,35.0,0.0,0,10.283857861322469,10.283857861322469,10.283857861322469,10.283857861322469,0.05000000074505806,0.10000000149011612,0.029999999329447746,0.11999999731779099,10.23385786057741,10.183857859832353,10.253857861993021,10.163857864004678,3.5818502512020935,3.564350250941323,3.588850251697557,3.557350252401637,0.36787888299285676,0.3741788831873169,0.3685988829935273,0.3731888831926813,-1,1,-1,1,-13,13,-13,13,-17,17,-17,17
1783308102.6655962,35.0,0.0,0.0,35.0,0.0,0,10.283857861322469,10.283857861322469,10.283857861322469,10.283857861322469,0.05000000074505806,0.10000000149011612,0.029999999329447746,0.11999999731779099,10.23385786057741,10.183857859832353,10.253857861993021,10.163857864004678,3.5818502512020935,3.564350250941323,3.588850251697557,3.557350252401637,0.45998360373805347,0.4658336039258081,0.4608836037514645,0.4646636039687234,-1,1,-1,1,-13,13,-13,13,-17,17,-17,17
1783308102.6856575,35.0,0.0,0.0,35.0,0.0,0,10.283857861322469,10.283857861322469,10.283857861322469,10.283857861322469,0.029999999329447746,1.4299999475479126,0.25,1.2200000286102295,10.253857861993021,8.853857913774556,10.033857861322469,9.06385783271224,3.588850251697557,3.0988502698210945,3.511850251462864,3.1723502414492835,0.5522683244959907,0.545518325149779,0.5511883245033666,0.5462383244631336,-1,1,-1,1,-13,13,-13,13,-17,17,-17,17
1783308102.7056017,35.0,0.0,0.0,35.0,0.0,0,10.283857861322469,10.283857861322469,10.283857861322469,10.283857861322469,0.029999999329447746,1.4299999475479126,0.25,1.2200000286102295,10.253857861993021,8.853857913774556,10.033857861322469,9.06385783271224,3.588850251697557,3.0988502698210945,3.511850251462864,3.1723502414492835,0.6445530452539279,0.62520304637375,0.6414930452552688,0.6278130449575438,-1,1,-1,1,-13,13,-13,13,-17,17,-17,17
1783308102.7255929,35.0,0.0,0.0,35.0,0.0,0,10.283857861322469,10.283857861322469,10.283857861322469,10.283857861322469,0.029999999329447746,1.4299999475479126,0.25,1.2200000286102295,10.253857861993021,8.853857913774556,10.033857861322469,9.06385783271224,3.588850251697557,3.0988502698210945,3.511850251462864,3.1723502414492835,0.736837766011865,0.704887767597721,0.7317977660071711,0.7093877654519539,-1,1,-1,1,-13,13,-13,13,-17,17,-17,17
1783308102.7456033,35.0,0.0,0.0,35.0,0.0,0,10.283857861322469,10.283857861322469,10.283857861322469,10.283857861322469,0.699999988079071,1.4500000476837158,0.8500000238418579,1.309999942779541,9.583857873243398,8.833857813638753,9.43385783748061,8.973857918542928,3.354350255635189,3.0918502347735632,3.3018502431182135,3.1408502714900246,0.8230924868710556,0.7843924879204698,0.8167024865444965,0.7901524867188403,-1,1,-1,1,-13,13,-13,13,-17,17,-17,17
1783308102.7657127,35.0,0.0,0.0,35.0,0.0,0,10.283857861322469,10.283857861322469,10.283857861322469,10.283857861322469,0.699999988079071,1.4500000476837158,0.8500000238418579,1.309999942779541,9.583857873243398,8.833857813638753,9.43385783748061,8.973857918542928,3.354350255635189,3.0918502347735632,3.3018502431182135,3.1408502714900246,0.9093472077302462,0.8638972082432186,0.901607207081822,0.8709172079857267,-1,1,-1,1,-13,13,-13,13,-17,17,-17,17
1783308102.7856648,35.0,0.0,0.0,35.0,0.0,0,10.283857861322469,10.283857861322469,10.283857861322469,10.283857861322469,0.949999988079071,1.4700000286102295,1.0499999523162842,1.3700000047683716,9.333857873243398,8.81385783271224,9.233857909006185,8.913857856554097,3.266850255635189,3.0848502414492835,3.2318502681521646,3.119850249793934,0.9933519285894368,0.9432219287376288,0.9847119282628777,0.9511419286947136,-1,1,-1,1,-13,13,-13,13,-17,17,-17,17
1783308102.8057172,35.0,0.0,0.0,35.0,0.0,0,10.283857861322469,10.283857861322469,10.283857861322469,10.283857861322469,0.949999988079071,1.4700000286102295,1.0499999523162842,1.3700000047683716,9.333857873243398,8.81385783271224,9.233857909006185,8.913857856554097,3.266850255635189,3.0848502414492835,3.2318502681521646,3.119850249793934,1.0773566494486273,1.022546649232039,1.0678166494439334,1.0313666494037004,-1,1,-1,1,-13,13,-13,13,-17,17,-17,17
1783308102.8255992,35.0,0.0,0.0,35.0,0.0,0,10.283857861322469,10.283857861322469,10.283857861322469,10.283857861322469,0.949999988079071,1.4700000286102295,1.0499999523162842,1.3700000047683716,9.333857873243398,8.81385783271224,9.233857909006185,8.913857856554097,3.266850255635189,3.0848502414492835,3.2318502681521646,3.119850249793934,1.1613613703078178,1.101871369726449,1.150921370624989,1.1115913701126872,-1,1,-1,1,-13,13,-13,13,-17,17,-17,17
1783308102.8456044,35.0,0.0,0.0,35.0,0.0,0,10.283857861322469,10.283857861322469,10.283857861322469,10.283857861322469,1.1100000143051147,1.4800000190734863,1.190000057220459,1.409999966621399,9.173857847017354,8.803857842248982,9.09385780410201,8.87385789470107,3.2108502464560735,3.0813502447871435,3.1828502314357032,3.105850263145374,1.243926090930974,1.18110609030669,1.2327660908619071,1.1914560911649967,-1,1,-1,1,-13,13,-13,13,-17,17,-17,17
1783308102.8656,35.0,0.0,0.0,35.0,0.0,0,10.283857861322469,10.283857861322469,10.283857861322469,10.283857861322469,1.1100000143051147,1.4800000190734863,1.190000057220459,1.409999966621399,9.173857847017354,8.803857842248982,9.09385780410201,8.87385789470107,3.2108502464560735,3.0813502447871435,3.1828502314357032,3.105850263145374,1.32649081155413,1.2603408108869307,1.3146108110988253,1.2713208122173063,-1,1,-1,1,-13,13,-13,13,-18,17,-17,17
1783308102.8856544,35.0,0.0,0.0,35.0,0.0,0,10.283857861322469,10.283857861322469,10.283857861322469,10.283857861322469,1.4600000381469727,1.4900000095367432,1.2799999713897705,1.440000057220459,8.823857823175496,8.793857851785726,9.003857889932698,8.84385780410201,3.0883502381114236,3.077850248125004,3.1513502614764444,3.0953502314357033,1.4059055319627096,1.3394855315530023,1.3956455321082195,1.3509155324542244,-1,1,-1,1,-13,13,-13,13,-17,17,-18,17
1783308102.9056005,35.0,0.0,0.0,35.0,0.0,0,10.283857861322469,10.283857861322469,10.283857861322469,10.283857861322469,1.4600000381469727,1.4900000095367432,1.2799999713897705,1.440000057220459,8.823857823175496,8.793857851785726,9.003857889932698,8.84385780410201,3.0883502381114236,3.077850248125004,3.1513502614764444,3.0953502314357033,1.4853202523712892,1.418630252219074,1.4766802531176138,1.4305102526911424,-1,1,-1,1,-13,13,-13,13,-18,17,-18,18
1783308102.9256456,35.0,0.0,0.0,35.0,0.0,0,10.283857861322469,10.283857861322469,10.283857861322469,10.283857861322469,1.4600000381469727,1.4900000095367432,1.2799999713897705,1.440000057220459,8.823857823175496,8.793857851785726,9.003857889932698,8.84385780410201,3.0883502381114236,3.077850248125004,3.1513502614764444,3.0953502314357033,1.5647349727798687,1.4977749728851455,1.557714974127008,1.5101049729280605,-1,1,-1,1,-13,13,-13,13,-18,18,-18,18
1783308102.9456496,35.0,0.0,0.0,35.0,0.0,0,10.283857861322469,10.283857861322469,10.283857861322469,10.283857861322469,1.4700000286102295,1.5,1.5800000429153442,1.690000057220459,8.81385783271224,8.783857861322469,8.703857818407124,8.59385780410201,3.0848502414492835,3.074350251462864,3.0463502364424935,3.0078502314357034,1.6440596932742788,1.5768296936370476,1.6360496944926721,1.5874496931649786,-1,1,-1,1,-13,13,-13,13,-18,18,-18,18
1783308102.965606,35.0,0.0,0.0,35.0,0.0,0,10.283857861322469,10.283857861322469,10.283857861322469,10.283857861322469,1.4700000286102295,1.5,1.5800000429153442,1.690000057220459,8.81385783271224,8.783857861322469,8.703857818407124,8.59385780410201,3.0848502414492835,3.074350251462864,3.0463502364424935,3.0078502314357034,1.723384413768689,1.6558844143889497,1.7143844148583363,1.6647944134018968,-1,1,-1,1,-13,13,-13,13,-18,18,-18,18
1783308102.9856784,35.0,0.0,0.0,35.0,0.0,0,10.283857861322469,10.283857861322469,10.283857861322469,10.283857861322469,2.1600000858306885,1.9500000476837158,2.009999990463257,1.8600000143051147,8.12385777549178,8.333857813638753,8.273857870859212,8.423857847017354,2.843350221422123,2.9168502347735634,2.895850254800724,2.948350246456074,1.7964991337481149,1.7308891347116986,1.7888491356960692,1.740609134025053,-1,1,-1,1,-13,13,-13,13,-18,18,-18,18
1783308103.0056112,35.0,0.0,0.0,35.0,0.0,0,10.283857861322469,10.283857861322469,10.283857861322469,10.283857861322469,2.1600000858306885,1.9500000476837158,2.009999990463257,1.8600000143051147,8.12385777549178,8.333857813638753,8.273857870859212,8.423857847017354,2.843350221422123,2.9168502347735634,2.895850254800724,2.948350246456074,1.8696138537275409,1.8058938550344474,1.863313856533802,1.816423854648209,-1,1,-1,1,-13,13,-13,13,-18,18,-18,18
1783308103.02561,35.0,0.0,0.0,35.0,0.0,0,10.283857861322469,10.283857861322469,10.283857861322469,10.283857861322469,2.1600000858306885,1.9500000476837158,2.009999990463257,1.8600000143051147,8.12385777549178,8.333857813638753,8.273857870859212,8.423857847017354,2.843350221422123,2.9168502347735634,2.895850254800724,2.948350246456074,1.9427285737069668,1.8808985753571963,1.937778577371535,1.892238575271365,-1,1,-1,1,-13,13,-13,13,-18,18,-18,18
1783308103.0456038,35.0,0.0,0.0,35.0,0.0,0,10.283857861322469,10.283857861322469,10.283857861322469,10.283857861322469,2.869999885559082,2.950000047683716,2.990000009536743,2.890000104904175,7.413857975763387,7.333857813638753,7.2938578517857255,7.393857756418294,2.594850291517185,2.5668502347735633,2.552850248125004,2.587850214746403,2.009453295488837,1.946903295679945,2.0034232980376068,1.9587832950791297,-1,1,-1,1,-13,13,-13,13,-18,18,-18,18
1783308103.0655978,35.0,0.0,0.0,35.0,0.0,0,10.283857861322469,10.283857861322469,10.283857861322469,10.283857861322469,2.869999885559082,2.950000047683716,2.990000009536743,2.890000104904175,7.413857975763387,7.333857813638753,7.2938578517857255,7.393857756418294,2.594850291517185,2.5668502347735633,2.552850248125004,2.587850214746403,2.0761780172707076,2.0129080160026938,2.0690680187036783,2.0253280148868944,-1,1,-1,1,-13,13,-13,13,-18,18,-18,18
1783308103.0857074,35.0,0.0,0.0,35.0,0.0,0,10.283857861322469,10.283857861322469,10.283857861322469,10.283857861322469,4.050000190734863,3.880000114440918,4.360000133514404,4.059999942779541,6.233857670587605,6.403857746881551,5.923857727808064,6.223857918542928,2.1818501847056617,2.2413502114085424,2.0733502047328223,2.1783502714900247,2.132282736305996,2.0705427357246275,2.122382738253951,2.081342736153781,-1,1,-1,1,-13,13,-13,13,-17,17,-17,17
1783308103.1056032,35.0,0.0,0.0,35.0,0.0,0,10.283857861322469,10.283857861322469,10.283857861322469,10.283857861322469,4.050000190734863,3.880000114440918,4.360000133514404,4.059999942779541,6.233857670587605,6.403857746881551,5.923857727808064,6.223857918542928,2.1818501847056617,2.2413502114085424,2.0733502047328223,2.1783502714900247,2.1883874553412848,2.1281774554465613,2.1756974578042234,2.1373574574206673,-1,1,-1,1,-13,13,-13,13,-17,17,-17,17
1783308103.1256084,35.0,0.0,0.0,35.0,0.0,0,10.283857861322469,10.283857861322469,10.283857861322469,10.283857861322469,4.050000190734863,3.880000114440918,4.360000133514404,4.059999942779541,6.233857670587605,6.403857746881551,5.923857727808064,6.223857918542928,2.1818501847056617,2.2413502114085424,2.0733502047328223,2.1783502714900247,2.2444921743765733,2.185812175168495,2.229012177354496,2.1933721786875537,-1,1,-1,1,-13,13,-13,13,-17,17,-17,17
1783308103.145687,35.0,0.0,0.0,35.0,0.0,0,10.283857861322469,10.283857861322469,10.283857861322469,10.283857861322469,5.099999904632568,5.880000114440918,5.769999980926514,5.559999942779541,5.1838579566899,4.403857746881551,4.513857880395955,4.723857918542928,1.814350284841465,1.5413502114085427,1.5798502581385843,1.6533502714900246,2.2911468959867825,2.225446894890429,2.2696368982780597,2.23588689995444,-1,1,-1,1,-13,13,-13,13,-17,17,-17,17
1783308103.1656053,35.0,0.0,0.0,35.0,0.0,0,10.283857861322469,10.283857861322469,10.283857861322469,10.283857861322469,5.099999904632568,5.880000114440918,5.769999980926514,5.559999942779541,5.1838579566899,4.403857746881551,4.513857880395955,4.723857918542928,1.814350284841465,1.5413502114085427,1.5798502581385843,1.6533502714900246,2.3378016175969916,2.265081614612363,2.3102616192016234,2.2784016212213265,-1,1,-1,1,-13,13,-13,13,-17,17,-17,17
1783308103.1856775,35.0,0.0,0.0,35.0,0.0,0,10.283857861322469,10.283857861322469,10.283857861322469,10.283857861322469,6.059999942779541,7.289999961853027,6.300000190734863,6.829999923706055,4.223857918542928,2.9938578994694414,3.9838576705876054,3.453857937616414,1.4783502714900245,1.0478502648143044,1.3943501847056619,1.2088502781657449,2.3758163388638778,2.2920263357075883,2.3461163382369117,2.3094863426598744,-1,1,-1,1,-13,13,-13,13,-17,16,-17,17
1783308103.2056515,35.0,0.0,0.0,35.0,0.0,0,10.283857861322469,10.283857861322469,10.283857861322469,10.283857861322469,6.059999942779541,7.289999961853027,6.300000190734863,6.829999923706055,4.223857918542928,2.9938578994694414,3.9838576705876054,3.453857937616414,1.4783502714900245,1.0478502648143044,1.3943501847056619,1.2088502781657449,2.413831060130764,2.3189710568028135,2.3819710572722,2.3405710640984223,-1,1,-1,1,-13,13,-13,13,-17,16,-17,17
1783308103.225664,35.0,0.0,0.0,35.0,0.0,0,10.283857861322469,10.283857861322469,10.283857861322469,10.283857861322469,6.059999942779541,7.289999961853027,6.300000190734863,6.829999923706055,4.223857918542928,2.9938578994694414,3.9838576705876054,3.453857937616414,1.4783502714900245,1.0478502648143044,1.3943501847056619,1.2088502781657449,2.45184578139765,2.3459157778980386,2.417825776307488,2.37165578553697,-1,1,-1,1,-13,13,-13,13,-17,16,-17,17
1783308103.245595,35.0,0.0,0.0,35.0,0.0,0,10.283857861322469,10.283857861322469,10.283857861322469,10.283857861322469,7.409999847412109,7.820000171661377,8.029999732971191,7.269999980926514,2.8738580139103593,2.4638576896610918,2.2538581283512773,3.013857880395955,1.0058503048686258,0.862350191381382,0.788850344922947,1.0548502581385841,2.4777105035228435,2.3680904971049883,2.4381104994626495,2.398780506460534,-1,1,-1,1,-13,13,-13,13,-16,16,-16,16
1783308103.2655957,35.0,0.0,0.0,35.0,0.0,0,10.283857861322469,10.283857861322469,10.283857861322469,10.283857861322469,7.409999847412109,7.820000171661377,8.029999732971191,7.269999980926514,2.8738580139103593,2.4638576896610918,2.2538581283512773,3.013857880395955,1.0058503048686258,0.862350191381382,0.788850344922947,1.0548502581385841,2.503575225648037,2.390265216311938,2.4583952226178107,2.4259052273840975,-1,1,-1,1,-13,13,-13,13,-17,16,-16,16
1783308103.2856688,35.0,0.0,0.0,35.0,0.0,0,10.283857861322469,10.283857861322469,10.283857861322469,10.283857861322469,8.8100004196167,8.640000343322754,9.25,8.260000228881836,1.4738574417057695,1.6438575179997148,1.0338578613224687,2.0238576324406328,0.5158501045970193,0.5753501312999001,0.36185025146286404,0.7083501713542214,2.5168399426233887,2.4050599339739356,2.467699943369713,2.4441199460760634,-1,1,-1,1,-13,13,-13,13,-16,16,-16,16
1783308103.3056316,35.0,0.0,0.0,35.0,0.0,0,10.283857861322469,10.283857861322469,10.283857861322469,10.283857861322469,8.8100004196167,8.640000343322754,9.25,8.260000228881836,1.4738574417057695,1.6438575179997148,1.0338578613224687,2.0238576324406328,0.5158501045970193,0.5753501312999001,0.36185025146286404,0.7083501713542214,2.5301046595987406,2.419854651635933,2.4770046641216155,2.4623346647680293,-1,1,-1,1,-13,13,-13,13,-16,16,-16,16
1783308103.3255851,35.0,0.0,0.0,35.0,0.0,0,10.283857861322469,10.283857861322469,10.283857861322469,10.283857861322469,8.8100004196167,8.640000343322754,9.25,8.260000228881836,1.4738574417057695,1.6438575179997148,1.0338578613224687,2.0238576324406328,0.5158501045970193,0.5753501312999001,0.36185025146286404,0.7083501713542214,2.5433693765740926,2.4346493692979307,2.486309384873518,2.480549383459995,-1,1,-1,1,-13,13,-13,13,-16,16,-16,16
1783308103.3456092,35.0,0.0,0.0,35.0,0.0,0,10.283857861322469,10.283857861322469,10.283857861322469,10.283857861322469,9.789999961853027,9.899999618530273,10.100000381469727,9.40999984741211,0.49385789946944136,0.38385824279219527,0.18385747985274214,0.8738580139103593,0.17285026481430446,0.13435038497726834,0.06435011794845975,0.30585030486862574,2.5478140976693173,2.4381040934830605,2.4879641021921923,2.4884141055851883,-1,1,-1,1,-13,13,-13,13,-16,16,-16,16
1783308103.3656402,35.0,0.0,0.0,35.0,0.0,0,10.283857861322469,10.283857861322469,10.283857861322469,10.283857861322469,9.789999961853027,9.899999618530273,10.100000381469727,9.40999984741211,0.49385789946944136,0.38385824279219527,0.18385747985274214,0.8738580139103593,0.17285026481430446,0.13435038497726834,0.06435011794845975,0.30585030486862574,2.552258818764542,2.44155881766819,2.489618819510867,2.4962788277103813,-1,1,-1,1,-13,13,-13,13,-16,16,-16,16
1783308103.3856678,35.0,0.0,0.0,35.0,0.0,0,10.283857861322469,10.283857861322469,10.283857861322469,10.283857861322469,10.479999542236328,10.550000190734863,10.6899995803833,10.430000305175781,-0.19614168091385942,-0.2661423294123946,-0.4061417190608321,-0.14614244385331254,-0.0686495883198508,-0.09314981529433809,-0.1421496016712912,-0.05114985534865939,2.550493543636317,2.4391635367034787,2.4859635440393193,2.4949635457157013,-1,1,-1,1,-13,13,-13,13,-15,15,-15,15
1783308103.4056025,35.0,0.0,0.0,35.0,0.0,0,10.283857861322469,10.283857861322469,10.283857861322469,10.283857861322469,10.479999542236328,10.550000190734863,10.6899995803833,10.430000305175781,-0.19614168091385942,-0.2661423294123946,-0.4061417190608321,-0.14614244385331254,-0.0686495883198508,-0.09314981529433809,-0.1421496016712912,-0.05114985534865939,2.5487282685080923,2.4367682557387673,2.4823082685677718,2.4936482637210213,-1,1,-1,1,-13,13,-13,13,-15,15,-15,15
1783308103.4256628,35.0,0.0,0.0,35.0,0.0,0,10.283857861322469,10.283857861322469,10.283857861322469,10.283857861322469,10.479999542236328,10.550000190734863,10.6899995803833,10.430000305175781,-0.19614168091385942,-0.2661423294123946,-0.4061417190608321,-0.14614244385331254,-0.0686495883198508,-0.09314981529433809,-0.1421496016712912,-0.05114985534865939,2.5469629933798674,2.434372974774056,2.478652993096224,2.4923329817263413,-1,1,-1,1,-13,13,-13,13,-15,15,-15,15
1783308103.4456015,35.0,0.0,0.0,35.0,0.0,0,10.283857861322469,10.283857861322469,10.283857861322469,10.283857861322469,11.859999656677246,11.010000228881836,11.5600004196167,10.699999809265137,-1.5761417953547774,-0.7261423675593672,-1.2761425582942305,-0.416141947942668,-0.5516496283741721,-0.2541498286457785,-0.44664989540298067,-0.1456496817799338,2.5327777172216743,2.4278376934660217,2.467167710071576,2.4885877041948574,-1,1,-1,1,-13,13,-13,13,-15,15,-15,15
1783308103.4655924,35.0,0.0,0.0,35.0,0.0,0,10.283857861322469,10.283857861322469,10.283857861322469,10.283857861322469,11.859999656677246,11.010000228881836,11.5600004196167,10.699999809265137,-1.5761417953547774,-0.7261423675593672,-1.2761425582942305,-0.416141947942668,-0.5516496283741721,-0.2541498286457785,-0.44664989540298067,-0.1456496817799338,2.5185924410634812,2.4213024121579876,2.455682427046928,2.4848424266633735,-1,1,-1,1,-13,13,-13,13,-15,15,-15,15
1783308103.485686,35.0,0.0,0.0,35.0,0.0,0,10.283857861322469,10.283857861322469,10.283857861322469,10.283857861322469,12.149999618530273,11.779999732971191,12.390000343322754,11.34000015258789,-1.8661417572078047,-1.4961418716487227,-2.106142482000285,-1.056142291265422,-0.6531496150227316,-0.523649655077053,-0.7371498687000998,-0.36964980194289765,2.501797165248611,2.407837135313149,2.4367271447089256,2.475337146041985,-1,1,-1,1,-13,13,-13,13,-15,15,-15,15
1783308103.5056329,35.0,0.0,0.0,35.0,0.0,0,10.283857861322469,10.283857861322469,10.283857861322469,10.283857861322469,12.149999618530273,11.779999732971191,12.390000343322754,11.34000015258789,-1.8661417572078047,-1.4961418716487227,-2.106142482000285,-1.056142291265422,-0.6531496150227316,-0.523649655077053,-0.7371498687000998,-0.36964980194289765,2.485001889433741,2.3943718584683102,2.4177718623709232,2.465831865420596,-1,1,-1,1,-13,13,-13,13,-15,15,-15,15
1783308103.5255973,35.0,0.0,0.0,35.0,0.0,0,10.283857861322469,10.283857861322469,10.283857861322469,10.283857861322469,12.149999618530273,11.779999732971191,12.390000343322754,11.34000015258789,-1.8661417572078047,-1.4961418716487227,-2.106142482000285,-1.056142291265422,-0.6531496150227316,-0.523649655077053,-0.7371498687000998,-0.36964980194289765,2.4682066136188707,2.3809065816234716,2.398816580032921,2.4563265847992075,-1,1,-1,1,-13,13,-13,13,-15,15,-15,15
1783308103.5456762,35.0,0.0,0.0,35.0,0.0,0,10.283857861322469,10.283857861322469,10.283857861322469,10.283857861322469,12.8100004196167,12.319999694824219,12.520000457763672,12.010000228881836,-2.5261425582942305,-2.03614183350175,-2.236142596441203,-1.7261423675593672,-0.8841498954029806,-0.7126496417256125,-0.7826499087544211,-0.6041498286457785,2.4454713305942226,2.3625813051219557,2.37869129666495,2.440791303491173,-1,1,-1,1,-13,13,-13,13,-15,15,-15,15
1783308103.5656865,35.0,0.0,0.0,35.0,0.0,0,10.283857861322469,10.283857861322469,10.283857861322469,10.283857861322469,12.8100004196167,12.319999694824219,12.520000457763672,12.010000228881836,-2.5261425582942305,-2.03614183350175,-2.236142596441203,-1.7261423675593672,-0.8841498954029806,-0.7126496417256125,-0.7826499087544211,-0.6041498286457785,2.4227360475695745,2.34425602862044,2.358566013296979,2.4252560221831385,-1,1,-1,1,-13,13,-13,13,-15,15,-15,15
1783308103.5856853,35.0,0.0,0.0,35.0,0.0,0,10.283857861322469,10.283857861322469,10.283857861322469,10.283857861322469,13.720000267028809,12.479999542236328,13.75,12.029999732971191,-3.43614240570634,-2.1961416809138594,-3.4661421386775313,-1.7461418716487227,-1.202649841997219,-0.7686495883198508,-1.2131497485371359,-0.6111496550770529,2.3918107659182173,2.3244907534922152,2.327370734048881,2.4095407453383,-1,1,-1,1,-13,13,-13,13,-14,15,-14,15
1783308103.6056333,35.0,0.0,0.0,35.0,0.0,0,10.283857861322469,10.283857861322469,10.283857861322469,10.283857861322469,13.720000267028809,12.479999542236328,13.75,12.029999732971191,-3.43614240570634,-2.1961416809138594,-3.4661421386775313,-1.7461418716487227,-1.202649841997219,-0.7686495883198508,-1.2131497485371359,-0.6111496550770529,2.36088548426686,2.3047254783639906,2.296175454800783,2.393825468493462,-1,1,-1,1,-13,13,-13,13,-14,15,-14,15
1783308103.6255882,35.0,0.0,0.0,35.0,0.0,0,10.283857861322469,10.283857861322469,10.283857861322469,10.283857861322469,13.720000267028809,12.479999542236328,13.75,12.029999732971191,-3.43614240570634,-2.1961416809138594,-3.4661421386775313,-1.7461418716487227,-1.202649841997219,-0.7686495883198508,-1.2131497485371359,-0.6111496550770529,2.329960202615503,2.284960203235766,2.2649801755526853,2.3781101916486236,-1,1,-1,1,-13,13,-13,13,-14,15,-14,15
1783308103.6456633,35.0,0.0,0.0,35.0,0.0,0,10.283857861322469,10.283857861322469,10.283857861322469,10.283857861322469,14.130000114440918,12.579999923706055,13.930000305175781,12.5,-3.8461422531184493,-2.296142062383586,-3.6461424438533125,-2.2161421386775313,-1.346149788591457,-0.8036497218342551,-1.2761498553486592,-0.7756497485371359,2.2953449223374367,2.2642949246743136,2.2321648935580054,2.3581649124005257,-1,1,-1,1,-13,13,-13,13,-14,14,-14,15
1783308103.6656065,35.0,0.0,0.0,35.0,0.0,0,10.283857861322469,10.283857861322469,10.283857861322469,10.283857861322469,14.130000114440918,12.579999923706055,13.930000305175781,12.5,-3.8461422531184493,-2.296142062383586,-3.6461424438533125,-2.2161421386775313,-1.346149788591457,-0.8036497218342551,-1.2761498553486592,-0.7756497485371359,2.2607296420593705,2.2436296461128613,2.1993496115633255,2.338219633152428,-1,1,-1,1,-13,13,-13,13,-14,14,-14,15
1783308103.6856945,35.0,0.0,0.0,35.0,0.0,0,10.283857861322469,10.283857861322469,10.283857861322469,10.283857861322469,14.420000076293945,13.34000015258789,14.279999732971191,13.050000190734863,-4.136142214971477,-3.056142291265422,-3.9961418716487227,-2.7661423294123946,-1.4476497752400168,-1.0696498019428975,-1.3986496550770529,-0.9681498152943381,2.2235043621246273,2.2161243654914724,2.163384334718487,2.3133243521877165,-1,1,-1,1,-13,13,-13,13,-14,14,-14,14
1783308103.705633,35.0,0.0,0.0,35.0,0.0,0,10.283857861322469,10.283857861322469,10.283857861322469,10.283857861322469,14.420000076293945,13.34000015258789,14.279999732971191,13.050000190734863,-4.136142214971477,-3.056142291265422,-3.9961418716487227,-2.7661423294123946,-1.4476497752400168,-1.0696498019428975,-1.3986496550770529,-0.9681498152943381,2.186279082189884,2.1886190848700835,2.1274190578736483,2.288429071223005,-1,1,-1,1,-13,13,-13,13,-14,14,-14,14
1783308103.7256312,35.0,0.0,0.0,35.0,0.0,0,10.283857861322469,10.283857861322469,10.283857861322469,10.283857861322469,14.420000076293945,13.34000015258789,14.279999732971191,13.050000190734863,-4.136142214971477,-3.056142291265422,-3.9961418716487227,-2.7661423294123946,-1.4476497752400168,-1.0696498019428975,-1.3986496550770529,-0.9681498152943381,2.149053802255141,2.1611138042486946,2.0914537810288096,2.2635337902582937,-1,1,-1,1,-13,13,-13,13,-14,14,-14,14
1783308103.7457104,35.0,0.0,0.0,35.0,0.0,0,10.283857861322469,10.283857861322469,10.283857861322469,10.283857861322469,15.079999923706055,13.40999984741211,14.520000457763672,13.4399995803833,-4.796142062383586,-3.1261419860896407,-4.236142596441203,-3.156141719060832,-1.678649721834255,-1.094149695131374,-1.482649908754421,-1.1046496016712912,2.1058885236936886,2.1329785263738876,2.053328497660839,2.235128514786746,-1,1,-1,1,-13,13,-13,13,-13,14,-14,14
1783308103.76564,35.0,0.0,0.0,35.0,0.0,0,10.283857861322469,10.283857861322469,10.283857861322469,10.283857861322469,15.079999923706055,13.40999984741211,14.520000457763672,13.4399995803833,-4.796142062383586,-3.1261419860896407,-4.236142596441203,-3.156141719060832,-1.678649721834255,-1.094149695131374,-1.482649908754421,-1.1046496016712912,2.0627232451322364,2.1048432484990807,2.015203214292868,2.2067232393151985,-1,1,-1,1,-13,13,-13,13,-13,14,-14,14
1783308103.785758,35.0,0.0,0.0,35.0,0.0,0,10.283857861322469,10.283857861322469,10.283857861322469,10.283857861322469,14.859999656677246,14.140000343322754,14.6899995803833,14.15999984741211,-4.576141795354777,-3.856142482000285,-4.406141719060832,-3.8761419860896407,-1.601649628374172,-1.3496498687000997,-1.5421496016712912,-1.3566496951313742,2.0215379689740436,2.070137966161078,1.9755479388213204,2.1718379614403918,-1,1,-1,1,-13,13,-13,13,-13,14,-13,14
1783308103.8056233,35.0,0.0,0.0,35.0,0.0,0,10.283857861322469,10.283857861322469,10.283857861322469,10.283857861322469,14.859999656677246,14.140000343322754,14.6899995803833,14.15999984741211,-4.576141795354777,-3.856142482000285,-4.406141719060832,-3.8761419860896407,-1.601649628374172,-1.3496498687000997,-1.5421496016712912,-1.3566496951313742,1.9803526928158506,2.0354326838230756,1.9358926633497728,2.136952683565585,-1,1,-1,1,-13,13,-13,13,-13,14,-13,14
1783308103.825705,35.0,0.0,0.0,35.0,0.0,0,10.283857861322469,10.283857861322469,10.283857861322469,10.283857861322469,14.859999656677246,14.140000343322754,14.6899995803833,14.15999984741211,-4.576141795354777,-3.856142482000285,-4.406141719060832,-3.8761419860896407,-1.601649628374172,-1.3496498687000997,-1.5421496016712912,-1.3566496951313742,1.9391674166576576,2.000727401485073,1.8962373878782253,2.102067405690778,-1,1,-1,1,-13,13,-13,13,-13,14,-13,14
1783308103.8456903,35.0,0.0,0.0,35.0,0.0,0,10.283857861322469,10.283857861322469,10.283857861322469,10.283857861322469,15.149999618530273,14.649999618530273,15.039999961853027,14.4399995803833,-4.866141757207805,-4.366141757207805,-4.756142100530559,-4.156141719060832,-1.7031496150227317,-1.5281496150227316,-1.6646497351856955,-1.454649601671291,1.8953721408427873,1.961432125670203,1.8534321089734502,2.0646621302192307,-1,1,-1,1,-13,13,-13,13,-13,13,-13,14
1783308103.8656008,35.0,0.0,0.0,35.0,0.0,0,10.283857861322469,10.283857861322469,10.283857861322469,10.283857861322469,15.149999618530273,14.649999618530273,15.039999961853027,14.4399995803833,-4.866141757207805,-4.366141757207805,-4.756142100530559,-4.156141719060832,-1.7031496150227317,-1.5281496150227316,-1.6646497351856955,-1.454649601671291,1.851576865027917,1.9221368498553328,1.8106268300686752,2.0272568547476832,-1,1,-1,1,-13,13,-13,13,-13,13,-13,14
1783308103.8857276,35.0,0.0,0.0,35.0,0.0,0,10.283857861322469,10.283857861322469,10.283857861322469,10.283857861322469,15.59000015258789,15.010000228881836,15.279999732971191,14.640000343322754,-5.306142291265422,-4.726142367559367,-4.996141871648723,-4.356142482000285,-1.8571498019428976,-1.6541498286457785,-1.748649655077053,-1.5246498687000998,1.8038215844065282,1.8796015685472984,1.7656615532238367,1.9880515724096808,-1,1,-1,1,-13,13,-13,13,-13,13,-13,13
1783308103.905637,35.0,0.0,0.0,35.0,0.0,0,10.283857861322469,10.283857861322469,10.283857861322469,10.283857861322469,15.59000015258789,15.010000228881836,15.279999732971191,14.640000343322754,-5.306142291265422,-4.726142367559367,-4.996141871648723,-4.356142482000285,-1.8571498019428976,-1.6541498286457785,-1.748649655077053,-1.5246498687000998,1.7560663037851394,1.837066287239264,1.7206962763789981,1.9488462900716783,-1,1,-1,1,-13,13,-13,13,-13,13,-13,13
1783308103.925741,35.0,0.0,0.0,35.0,0.0,0,10.283857861322469,10.283857861322469,10.283857861322469,10.283857861322469,15.59000015258789,15.010000228881836,15.279999732971191,14.640000343322754,-5.306142291265422,-4.726142367559367,-4.996141871648723,-4.356142482000285,-1.8571498019428976,-1.6541498286457785,-1.748649655077053,-1.5246498687000998,1.7083110231637506,1.7945310059312296,1.6757309995341596,1.9096410077336758,-1,1,-1,1,-13,13,-13,13,-13,13,-13,13
1783308103.9455914,35.0,0.0,0.0,35.0,0.0,0,10.283857861322469,10.283857861322469,10.283857861322469,10.283857861322469,16.1200008392334,15.260000228881836,15.449999809265137,14.770000457763672,-5.83614297791093,-4.976142367559367,-5.166141947942668,-4.486142596441203,-2.0426500422688254,-1.7416498286457784,-1.8081496817799336,-1.570149908754421,1.6557857363625523,1.7497457246231953,1.6292357220026756,1.869265724365705,-1,1,-1,1,-13,13,-13,13,-13,13,-13,13
1783308103.965607,35.0,0.0,0.0,35.0,0.0,0,10.283857861322469,10.283857861322469,10.283857861322469,10.283857861322469,16.1200008392334,15.260000228881836,15.449999809265137,14.770000457763672,-5.83614297791093,-4.976142367559367,-5.166141947942668,-4.486142596441203,-2.0426500422688254,-1.7416498286457784,-1.8081496817799336,-1.570149908754421,1.603260449561354,1.704960443315161,1.5827404444711917,1.828890440997734,-1,1,-1,1,-13,13,-13,13,-13,13,-13,13
1783308103.9856682,35.0,0.0,0.0,35.0,0.0,0,10.283857861322469,10.283857861322469,10.283857861322469,10.283857861322469,16.040000915527344,15.4399995803833,15.800000190734863,15.319999694824219,-5.756143054204875,-5.156141719060832,-5.516142329412395,-5.03614183350175,-2.014650068971706,-1.8046496016712912,-1.9306498152943379,-1.7626496417256123,1.5514551620735102,1.6585551678436137,1.53309516350648,1.7835651644962183,-1,1,-1,1,-13,13,-13,13,-13,13,-13,13
1783308104.0057495,35.0,0.0,0.0,35.0,0.0,0,10.283857861322469,10.283857861322469,10.283857861322469,10.283857861322469,16.040000915527344,15.4399995803833,15.800000190734863,15.319999694824219,-5.756143054204875,-5.156141719060832,-5.516142329412395,-5.03614183350175,-2.014650068971706,-1.8046496016712912,-1.9306498152943379,-1.7626496417256123,1.4996498745856663,1.6121498923720663,1.4834498825417683,1.7382398879947025,-1,1,-1,1,-13,13,-13,13,-12,13,-13,13
1783308104.0255897,35.0,0.0,0.0,35.0,0.0,0,10.283857861322469,10.283857861322469,10.283857861322469,10.283857861322469,16.040000915527344,15.4399995803833,15.800000190734863,15.319999694824219,-5.756143054204875,-5.156141719060832,-5.516142329412395,-5.03614183350175,-2.014650068971706,-1.8046496016712912,-1.9306498152943379,-1.7626496417256123,1.4478445870978225,1.565744616900519,1.4338046015770567,1.6929146114931868,-1,1,-1,1,-13,13,-13,13,-12,13,-13,13
1783308104.0457246,35.0,0.0,0.0,35.0,0.0,0,10.283857861322469,10.283857861322469,10.283857861322469,10.283857861322469,15.979999542236328,15.5600004196167,15.8100004196167,15.710000038146973,-5.696141680913859,-5.2761425582942305,-5.5261425582942305,-5.426142176824504,-1.9936495883198506,-1.8466498954029806,-1.9341498954029805,-1.8991497618885762,1.3965793119695977,1.5182593338758708,1.3840693185524087,1.6440793319017661,-1,1,-1,1,-13,13,-13,13,-12,13,-12,13
1783308104.065731,35.0,0.0,0.0,35.0,0.0,0,10.283857861322469,10.283857861322469,10.283857861322469,10.283857861322469,15.979999542236328,15.5600004196167,15.8100004196167,15.710000038146973,-5.696141680913859,-5.2761425582942305,-5.5261425582942305,-5.426142176824504,-1.9936495883198506,-1.8466498954029806,-1.9341498954029805,-1.8991497618885762,1.345314036841373,1.4707740508512226,1.3343340355277606,1.5952440523103455,-1,1,-1,1,-13,13,-13,13,-12,13,-12,13
1783308104.0856655,35.0,0.0,0.0,35.0,0.0,0,10.283857861322469,10.283857861322469,10.283857861322469,10.283857861322469,15.9399995803833,15.420000076293945,15.819999694824219,15.520000457763672,-5.656141719060832,-5.136142214971477,-5.53614183350175,-5.236142596441203,-1.979649601671291,-1.7976497752400167,-1.9376496417256124,-1.832649908754421,1.2944087613698254,1.4245487709164792,1.284508759026245,1.5481187689423748,-1,1,-1,1,-13,13,-13,13,-12,13,-12,13
1783308104.1057417,35.0,0.0,0.0,35.0,0.0,0,10.283857861322469,10.283857861322469,10.283857861322469,10.283857861322469,15.9399995803833,15.420000076293945,15.819999694824219,15.520000457763672,-5.656141719060832,-5.136142214971477,-5.53614183350175,-5.236142596441203,-1.979649601671291,-1.7976497752400167,-1.9376496417256124,-1.832649908754421,1.2435034858982779,1.378323490981736,1.2346834825247293,1.500993485574404,-1,1,-1,1,-13,13,-13,13,-12,13,-12,13
1783308104.1257403,35.0,0.0,0.0,35.0,0.0,0,10.283857861322469,10.283857861322469,10.283857861322469,10.283857861322469,15.9399995803833,15.420000076293945,15.819999694824219,15.520000457763672,-5.656141719060832,-5.136142214971477,-5.53614183350175,-5.236142596441203,-1.979649601671291,-1.7976497752400167,-1.9376496417256124,-1.832649908754421,1.1925982104267303,1.3320982110469926,1.1848582060232136,1.4538682022064333,-1,1,-1,1,-13,13,-13,13,-12,13,-12,13
1783308104.1455941,35.0,0.0,0.0,35.0,0.0,0,10.283857861322469,10.283857861322469,10.283857861322469,10.283857861322469,15.6899995803833,16.0,16.059999465942383,15.619999885559082,-5.406141719060832,-5.716142138677531,-5.776141604619914,-5.336142024236613,-1.892149601671291,-2.000649748537136,-2.02164956161697,-1.8676497084828145,1.1439429349551828,1.2806529317988948,1.1328729315816344,1.4058429239883037,-1,1,-1,1,-13,13,-13,13,-12,12,-12,13
1783308104.1656854,35.0,0.0,0.0,35.0,0.0,0,10.283857861322469,10.283857861322469,10.283857861322469,10.283857861322469,15.6899995803833,16.0,16.059999465942383,15.619999885559082,-5.406141719060832,-5.716142138677531,-5.776141604619914,-5.336142024236613,-1.892149601671291,-2.000649748537136,-2.02164956161697,-1.8676497084828145,1.0952876594836354,1.2292076525507971,1.0808876571400552,1.357817645770174,-1,1,-1,1,-13,13,-13,13,-12,12,-12,12
1783308104.185697,35.0,0.0,0.0,35.0,0.0,0,10.283857861322469,10.283857861322469,10.283857861322469,10.283857861322469,15.960000038146973,15.5,15.770000457763672,15.239999771118164,-5.676142176824504,-5.216142138677531,-5.486142596441203,-4.956141909795695,-1.9866497618885763,-1.825649748537136,-1.920149908754421,-1.7346496684284933,1.0442023798922149,1.1822623733026993,1.0315123737720844,1.3132123685820127,-1,1,-1,1,-13,13,-13,13,-12,12,-12,13
1783308104.205751,35.0,0.0,0.0,35.0,0.0,0,10.283857861322469,10.283857861322469,10.283857861322469,10.283857861322469,15.960000038146973,15.5,15.770000457763672,15.239999771118164,-5.676142176824504,-5.216142138677531,-5.486142596441203,-4.956141909795695,-1.9866497618885763,-1.825649748537136,-1.920149908754421,-1.7346496684284933,0.9931171003007944,1.1353170940546016,0.9821370904041136,1.2686070913938514,-1,1,-1,1,-13,13,-13,13,-12,12,-12,13
1783308104.225604,35.0,0.0,0.0,35.0,0.0,0,10.283857861322469,10.283857861322469,10.283857861322469,10.283857861322469,15.960000038146973,15.5,15.770000457763672,15.239999771118164,-5.676142176824504,-5.216142138677531,-5.486142596441203,-4.956141909795695,-1.9866497618885763,-1.825649748537136,-1.920149908754421,-1.7346496684284933,0.9420318207093739,1.0883718148065038,0.9327618070361428,1.22400181420569,-1,1,-1,1,-13,13,-13,13,-12,12,-12,12
1783308104.2455926,35.0,0.0,0.0,35.0,0.0,0,10.283857861322469,10.283857861322469,10.283857861322469,10.283857861322469,15.699999809265137,15.149999618530273,15.34000015258789,14.739999771118164,-5.416141947942668,-4.866141757207805,-5.056142291265422,-4.456141909795695,-1.8956496817799338,-1.7031496150227317,-1.7696498019428974,-1.5596496684284933,0.8932865431778898,1.0445765389916335,0.8872565264147539,1.1838965370175287,-1,1,-1,1,-13,13,-13,13,-12,12,-12,13
1783308104.265663,35.0,0.0,0.0,35.0,0.0,0,10.283857861322469,10.283857861322469,10.283857861322469,10.283857861322469,15.699999809265137,15.149999618530273,15.34000015258789,14.739999771118164,-5.416141947942668,-4.866141757207805,-5.056142291265422,-4.456141909795695,-1.8956496817799338,-1.7031496150227317,-1.7696498019428974,-1.5596496684284933,0.8445412656464057,1.0007812631767632,0.8417512457933651,1.1437912598293674,-1,1,-1,1,-13,13,-13,13,-12,12,-12,13
1783308104.2856872,35.0,0.0,0.0,35.0,0.0,0,10.283857861322469,10.283857861322469,10.283857861322469,10.283857861322469,15.069999694824219,15.359999656677246,15.039999961853027,15.069999694824219,-4.78614183350175,-5.076141795354777,-4.756142100530559,-4.78614183350175,-1.6751496417256124,-1.776649628374172,-1.6646497351856955,-1.6751496417256124,0.80146598914489,0.9550959870185702,0.7989459668885901,1.1007159833278517,-1,1,-1,1,-13,13,-13,13,-12,12,-12,12
1783308104.3056908,35.0,0.0,0.0,35.0,0.0,0,10.283857861322469,10.283857861322469,10.283857861322469,10.283857861322469,15.069999694824219,15.359999656677246,15.039999961853027,15.069999694824219,-4.78614183350175,-5.076141795354777,-4.756142100530559,-4.78614183350175,-1.6751496417256124,-1.776649628374172,-1.6646497351856955,-1.6751496417256124,0.7583907126433742,0.9094107108603773,0.7561406879838151,1.057640706826336,-1,1,-1,1,-13,13,-13,13,-12,12,-12,12
1783308104.3256054,35.0,0.0,0.0,35.0,0.0,0,10.283857861322469,10.283857861322469,10.283857861322469,10.283857861322469,15.069999694824219,15.359999656677246,15.039999961853027,15.069999694824219,-4.78614183350175,-5.076141795354777,-4.756142100530559,-4.78614183350175,-1.6751496417256124,-1.776649628374172,-1.6646497351856955,-1.6751496417256124,0.7153154361418584,0.8637254347021843,0.71333540907904,1.0145654303248204,-1,1,-1,1,-13,13,-13,13,-12,12,-12,12
1783308104.3456736,35.0,0.0,0.0,35.0,0.0,0,10.283857861322469,10.283857861322469,10.283857861322469,10.283857861322469,14.850000381469727,14.829999923706055,14.829999923706055,14.630000114440918,-4.566142520147258,-4.546142062383586,-4.546142062383586,-4.346142253118449,-1.59814988205154,-1.591149721834255,-1.591149721834255,-1.521149788591457,0.6742201534605331,0.822810156140732,0.6724201305175878,0.9754501500467543,-1,1,-1,1,-13,13,-13,13,-12,12,-12,12
1783308104.365608,35.0,0.0,0.0,35.0,0.0,0,10.283857861322469,10.283857861322469,10.283857861322469,10.283857861322469,14.850000381469727,14.829999923706055,14.829999923706055,14.630000114440918,-4.566142520147258,-4.546142062383586,-4.546142062383586,-4.346142253118449,-1.59814988205154,-1.591149721834255,-1.591149721834255,-1.521149788591457,0.6331248707792078,0.7818948775792798,0.6315048519561355,0.9363348697686882,-1,1,-1,1,-13,13,-13,13,-12,12,-12,12
1783308104.3856685,35.0,0.0,0.0,35.0,0.0,0,10.283857861322469,10.283857861322469,10.283857861322469,10.283857861322469,14.020000457763672,14.90999984741211,14.460000038146973,14.3100004196167,-3.736142596441203,-4.626141986089641,-4.176142176824504,-4.0261425582942305,-1.307649908754421,-1.6191496951313742,-1.4616497618885762,-1.4091498954029806,0.599499587411237,0.740259599704473,0.5939195723647149,0.9000995867440401,-1,1,-1,1,-13,13,-13,13,-12,12,-12,12
1783308104.4056506,35.0,0.0,0.0,35.0,0.0,0,10.283857861322469,10.283857861322469,10.283857861322469,10.283857861322469,14.020000457763672,14.90999984741211,14.460000038146973,14.3100004196167,-3.736142596441203,-4.626141986089641,-4.176142176824504,-4.0261425582942305,-1.307649908754421,-1.6191496951313742,-1.4616497618885762,-1.4091498954029806,0.5658743040432661,0.6986243218296662,0.5563342927732944,0.863864303719392,-1,1,-1,1,-13,13,-13,13,-12,12,-12,12
1783308104.4256063,35.0,0.0,0.0,35.0,0.0,0,10.283857861322469,10.283857861322469,10.283857861322469,10.283857861322469,14.020000457763672,14.90999984741211,14.460000038146973,14.3100004196167,-3.736142596441203,-4.626141986089641,-4.176142176824504,-4.0261425582942305,-1.307649908754421,-1.6191496951313742,-1.4616497618885762,-1.4091498954029806,0.5322490206752952,0.6569890439548594,0.5187490131818738,0.827629020694744,-1,1,-1,1,-13,13,-13,13,-12,12,-12,12
1783308104.4456322,35.0,0.0,0.0,35.0,0.0,0,10.283857861322469,10.283857861322469,10.283857861322469,10.283857861322469,14.109999656677246,14.289999961853027,14.1899995803833,13.869999885559082,-3.8261417953547774,-4.006142100530559,-3.906141719060832,-3.5861420242366133,-1.339149628374172,-1.4021497351856955,-1.3671496016712912,-1.2551497084828145,0.49781374451710225,0.6209337650500844,0.4835937377103263,0.7953537424766145,-1,1,-1,1,-13,13,-13,13,-12,12,-12,13
1783308104.4656053,35.0,0.0,0.0,35.0,0.0,0,10.283857861322469,10.283857861322469,10.283857861322469,10.283857861322469,14.109999656677246,14.289999961853027,14.1899995803833,13.869999885559082,-3.8261417953547774,-4.006142100530559,-3.906141719060832,-3.5861420242366133,-1.339149628374172,-1.4021497351856955,-1.3671496016712912,-1.2551497084828145,0.4633784683589093,0.5848784861453094,0.4484384622387788,0.763078464258485,-1,1,-1,1,-13,13,-13,13,-12,12,-12,13
1783308104.4856935,35.0,0.0,0.0,35.0,0.0,0,10.283857861322469,10.283857861322469,10.283857861322469,10.283857861322469,14.180000305175781,13.850000381469727,14.460000038146973,13.5600004196167,-3.8961424438533125,-3.566142520147258,-4.176142176824504,-3.2761425582942305,-1.3636498553486593,-1.2481498820515402,-1.4616497618885762,-1.1466498954029807,0.42831318636422944,0.552783203463984,0.41085318264735826,0.733593181233837,-1,1,-1,1,-13,13,-13,13,-12,12,-12,13
1783308104.505589,35.0,0.0,0.0,35.0,0.0,0,10.283857861322469,10.283857861322469,10.283857861322469,10.283857861322469,14.180000305175781,13.850000381469727,14.460000038146973,13.5600004196167,-3.8961424438533125,-3.566142520147258,-4.176142176824504,-3.2761425582942305,-1.3636498553486593,-1.2481498820515402,-1.4616497618885762,-1.1466498954029807,0.3932479043695496,0.5206879207826587,0.3732679030559377,0.704107898209189,-1,1,-1,1,-13,13,-13,13,-12,12,-12,13
1783308104.5256119,35.0,0.0,0.0,35.0,0.0,0,10.283857861322469,10.283857861322469,10.283857861322469,10.283857861322469,14.180000305175781,13.850000381469727,14.460000038146973,13.5600004196167,-3.8961424438533125,-3.566142520147258,-4.176142176824504,-3.2761425582942305,-1.3636498553486593,-1.2481498820515402,-1.4616497618885762,-1.1466498954029807,0.35818262237486975,0.48859263810133335,0.33568262346451716,0.6746226151845409,-1,1,-1,1,-13,13,-13,13,-12,12,-12,13
1783308104.5456073,35.0,0.0,0.0,35.0,0.0,0,10.283857861322469,10.283857861322469,10.283857861322469,10.283857861322469,13.779999732971191,13.770000457763672,13.970000267028809,13.109999656677246,-3.4961418716487227,-3.486142596441203,-3.68614240570634,-2.8261417953547774,-1.2236496550770528,-1.220149908754421,-1.2901498419972188,-0.989149628374172,0.32671734553003123,0.4572173547333625,0.3025073418131601,0.649187339026348,-1,1,-1,1,-13,13,-13,13,-12,12,-12,13
1783308104.5656033,35.0,0.0,0.0,35.0,0.0,0,10.283857861322469,10.283857861322469,10.283857861322469,10.283857861322469,13.779999732971191,13.770000457763672,13.970000267028809,13.109999656677246,-3.4961418716487227,-3.486142596441203,-3.68614240570634,-2.8261417953547774,-1.2236496550770528,-1.220149908754421,-1.2901498419972188,-0.989149628374172,0.2952520686851927,0.42584207136539165,0.269332060161803,0.623752062868155,-1,1,-1,1,-13,13,-13,13,-12,12,-12,13
1783308104.585787,35.0,0.0,0.0,35.0,0.0,0,10.283857861322469,10.283857861322469,10.283857861322469,10.283857861322469,13.720000267028809,13.710000038146973,13.859999656677246,13.029999732971191,-3.43614240570634,-3.426142176824504,-3.5761417953547774,-2.7461418716487227,-1.202649841997219,-1.1991497618885762,-1.251649628374172,-0.9611496550770529,0.26432678703383566,0.39500679177397113,0.23714678400361,0.5990367860233164,-1,1,-1,1,-13,13,-13,13,-12,12,-12,13
1783308104.6055996,35.0,0.0,0.0,35.0,0.0,0,10.283857861322469,10.283857861322469,10.283857861322469,10.283857861322469,13.720000267028809,13.710000038146973,13.859999656677246,13.029999732971191,-3.43614240570634,-3.426142176824504,-3.5761417953547774,-2.7461418716487227,-1.202649841997219,-1.1991497618885762,-1.251649628374172,-0.9611496550770529,0.2334015053824786,0.3641715121825506,0.204961507845417,0.5743215091784779,-1,1,-1,1,-13,13,-13,13,-12,12,-12,13
1783308104.6256318,35.0,0.0,0.0,35.0,0.0,0,10.283857861322469,10.283857861322469,10.283857861322469,10.283857861322469,13.720000267028809,13.710000038146973,13.859999656677246,13.029999732971191,-3.43614240570634,-3.426142176824504,-3.5761417953547774,-2.7461418716487227,-1.202649841997219,-1.1991497618885762,-1.251649628374172,-0.9611496550770529,0.20247622373112156,0.3333362325911301,0.172776231687224,0.5496062323336394,-1,1,-1,1,-13,13,-13,13,-12,12,-12,13
1783308104.6455932,35.0,0.0,0.0,35.0,0.0,0,10.283857861322469,10.283857861322469,10.283857861322469,10.283857861322469,13.680000305175781,13.220000267028809,13.779999732971191,12.739999771118164,-3.3961424438533125,-2.93614240570634,-3.4961418716487227,-2.4561419097956954,-1.1886498553486593,-1.0276498419972189,-1.2236496550770528,-0.8596496684284933,0.17191094173644175,0.30691095093977305,0.14131095484238548,0.5275009551454781,-1,1,-1,1,-13,13,-13,13,-12,12,-12,13
1783308104.6656325,35.0,0.0,0.0,35.0,0.0,0,10.283857861322469,10.283857861322469,10.283857861322469,10.283857861322469,13.680000305175781,13.220000267028809,13.779999732971191,12.739999771118164,-3.3961424438533125,-2.93614240570634,-3.4961418716487227,-2.4561419097956954,-1.1886498553486593,-1.0276498419972189,-1.2236496550770528,-0.8596496684284933,0.14134565974176194,0.280485669288416,0.10984567799754698,0.5053956779573169,-1,1,-1,1,-13,13,-13,13,-12,12,-12,13
1783308104.6857872,35.0,0.0,0.0,35.0,0.0,0,10.283857861322469,10.283857861322469,10.283857861322469,10.283857861322469,13.199999809265137,13.329999923706055,13.489999771118164,12.770000457763672,-2.916141947942668,-3.046142062383586,-3.2061419097956954,-2.486142596441203,-1.0206496817799338,-1.066149721834255,-1.1221496684284933,-0.8701499087544211,0.11510038221027794,0.25307039072696375,0.08099040080938572,0.48302039458934604,-1,1,-1,1,-13,13,-13,13,-12,12,-12,13
1783308104.705601,35.0,0.0,0.0,35.0,0.0,0,10.283857861322469,10.283857861322469,10.283857861322469,10.283857861322469,13.199999809265137,13.329999923706055,13.489999771118164,12.770000457763672,-2.916141947942668,-3.046142062383586,-3.2061419097956954,-2.486142596441203,-1.0206496817799338,-1.066149721834255,-1.1221496684284933,-0.8701499087544211,0.08885510467879393,0.22565511216551146,0.05213512362122445,0.4606451112213752,-1,1,-1,1,-13,13,-13,13,-12,12,-12,13
1783308104.7255867,35.0,0.0,0.0,35.0,0.0,0,10.283857861322469,10.283857861322469,10.283857861322469,10.283857861322469,13.199999809265137,13.329999923706055,13.489999771118164,12.770000457763672,-2.916141947942668,-3.046142062383586,-3.2061419097956954,-2.486142596441203,-1.0206496817799338,-1.066149721834255,-1.1221496684284933,-0.8701499087544211,0.06260982714730992,0.19823983360405917,0.023279846433063193,0.43826982785340435,-1,1,-1,1,-13,13,-13,13,-12,12,-12,13
1783308104.7456012,35.0,0.0,0.0,35.0,0.0,0,10.283857861322469,10.283857861322469,10.283857861322469,10.283857861322469,13.09000015258789,13.180000305175781,13.069999694824219,12.329999923706055,-2.806142291265422,-2.8961424438533125,-2.78614183350175,-2.046142062383586,-0.9821498019428976,-1.0136498553486593,-0.9751496417256125,-0.7161497218342551,0.03735454652592112,0.17217455160937936,-0.0017954300684525602,0.4198545492919521,-1,1,-1,1,-13,13,-13,13,-12,12,-12,13
1783308104.7656426,35.0,0.0,0.0,35.0,0.0,0,10.283857861322469,10.283857861322469,10.283857861322469,10.283857861322469,13.09000015258789,13.180000305175781,13.069999694824219,12.329999923706055,-2.806142291265422,-2.8961424438533125,-2.78614183350175,-2.046142062383586,-0.9821498019428976,-1.0136498553486593,-0.9751496417256125,-0.7161497218342551,0.012099265904532322,0.14610926961469956,-0.026870706569968313,0.40143927073049984,-1,1,-1,1,-13,13,-13,13,-12,12,-12,13
1783308104.785647,35.0,0.0,0.0,35.0,0.0,0,10.283857861322469,10.283857861322469,10.283857861322469,10.283857861322469,13.239999771118164,12.619999885559082,13.0,12.260000228881836,-2.9561419097956954,-2.3361420242366133,-2.7161421386775313,-1.9761423675593672,-1.0346496684284934,-0.8176497084828146,-0.9506497485371359,-0.6916498286457785,-0.014506011283628936,0.12508399139657003,-0.051315985818066095,0.38365398942246554,-1,1,-1,1,-13,13,-13,13,-12,12,-12,13
1783308104.8056026,35.0,0.0,0.0,35.0,0.0,0,10.283857861322469,10.283857861322469,10.283857861322469,10.283857861322469,13.239999771118164,12.619999885559082,13.0,12.260000228881836,-2.9561419097956954,-2.3361420242366133,-2.7161421386775313,-1.9761423675593672,-1.0346496684284934,-0.8176497084828146,-0.9506497485371359,-0.6916498286457785,-0.04111128847179019,0.10405871317844051,-0.07576126506616387,0.36586870811443123,-1,1,-1,1,-13,13,-13,13,-12,12,-12,13
1783308104.8256934,35.0,0.0,0.0,35.0,0.0,0,10.283857861322469,10.283857861322469,10.283857861322469,10.283857861322469,13.239999771118164,12.619999885559082,13.0,12.260000228881836,-2.9561419097956954,-2.3361420242366133,-2.7161421386775313,-1.9761423675593672,-1.0346496684284934,-0.8176497084828146,-0.9506497485371359,-0.6916498286457785,-0.06771656565995145,0.08303343496031099,-0.10020654431426165,0.3480834268063969,-1,1,-1,1,-13,13,-13,13,-12,12,-12,13
1783308104.845589,35.0,0.0,0.0,35.0,0.0,0,10.283857861322469,10.283857861322469,10.283857861322469,10.283857861322469,12.890000343322754,12.460000038146973,12.720000267028809,11.979999542236328,-2.606142482000285,-2.176142176824504,-2.43614240570634,-1.6961416809138594,-0.9121498687000997,-0.7616497618885764,-0.8526498419972189,-0.5936495883198507,-0.09117184799795401,0.06344815536889045,-0.12213182596561871,0.3328181516781722,-1,1,-1,1,-13,13,-13,13,-12,12,-12,13
1783308104.8657084,35.0,0.0,0.0,35.0,0.0,0,10.283857861322469,10.283857861322469,10.283857861322469,10.283857861322469,12.890000343322754,12.460000038146973,12.720000267028809,11.979999542236328,-2.606142482000285,-2.176142176824504,-2.43614240570634,-1.6961416809138594,-0.9121498687000997,-0.7616497618885764,-0.8526498419972189,-0.5936495883198507,-0.11462713033595658,0.04386287577746992,-0.14405710761697577,0.31755287654994746,-1,1,-1,1,-13,13,-13,13,-12,12,-12,13
1783308104.885687,35.0,0.0,0.0,35.0,0.0,0,10.283857861322469,10.283857861322469,10.283857861322469,10.283857861322469,12.640000343322754,12.34000015258789,12.529999732971191,12.229999542236328,-2.356142482000285,-2.056142291265422,-2.2461418716487227,-1.9461416809138594,-0.8246498687000998,-0.7196498019428976,-0.7861496550770529,-0.6811495883198507,-0.13583241267395915,0.02535759515608112,-0.16427238446181427,0.30003760142172275,-1,1,-1,1,-13,13,-13,13,-12,12,-12,13
1783308104.9057024,35.0,0.0,0.0,35.0,0.0,0,10.283857861322469,10.283857861322469,10.283857861322469,10.283857861322469,12.640000343322754,12.34000015258789,12.529999732971191,12.229999542236328,-2.356142482000285,-2.056142291265422,-2.2461418716487227,-1.9461416809138594,-0.8246498687000998,-0.7196498019428976,-0.7861496550770529,-0.6811495883198507,-0.15703769501196171,0.006852314534692323,-0.18448766130665278,0.28252232629349805,-1,1,-1,1,-13,13,-13,13,-12,12,-12,13
1783308104.9256058,35.0,0.0,0.0,35.0,0.0,0,10.283857861322469,10.283857861322469,10.283857861322469,10.283857861322469,12.640000343322754,12.34000015258789,12.529999732971191,12.229999542236328,-2.356142482000285,-2.056142291265422,-2.2461418716487227,-1.9461416809138594,-0.8246498687000998,-0.7196498019428976,-0.7861496550770529,-0.6811495883198507,-0.17824297734996428,-0.011652966086696474,-0.2047029381514913,0.26500705116527334,-1,1,-1,1,-13,13,-13,13,-12,12,-12,13
1783308104.94568,35.0,0.0,0.0,35.0,0.0,0,10.283857861322469,10.283857861322469,10.283857861322469,10.283857861322469,12.25,12.489999771118164,12.15999984741211,12.1899995803833,-1.9661421386775313,-2.2061419097956954,-1.8761419860896407,-1.906141719060832,-0.688149748537136,-0.7721496684284933,-0.6566496951313742,-0.6671496016712912,-0.19593825659806205,-0.03150824327485773,-0.22158821602629805,0.24785177569372585,-1,1,-1,1,-13,13,-13,13,-12,12,-12,13
1783308104.9656336,35.0,0.0,0.0,35.0,0.0,0,10.283857861322469,10.283857861322469,10.283857861322469,10.283857861322469,12.25,12.489999771118164,12.15999984741211,12.1899995803833,-1.9661421386775313,-2.2061419097956954,-1.8761419860896407,-1.906141719060832,-0.688149748537136,-0.7721496684284933,-0.6566496951313742,-0.6671496016712912,-0.21363353584615982,-0.051363520463018994,-0.2384734939011048,0.23069650022217836,-1,1,-1,1,-13,13,-13,13,-12,12,-12,13
1783308104.98576,35.0,0.0,0.0,35.0,0.0,0,10.283857861322469,10.283857861322469,10.283857861322469,10.283857861322469,11.970000267028809,12.369999885559082,11.90999984741211,11.930000305175781,-1.6861424057063399,-2.0861420242366133,-1.6261419860896407,-1.6461424438533125,-0.5901498419972189,-0.7301497084828146,-0.5691496951313741,-0.5761498553486594,-0.2288088174975169,-0.07013879868114851,-0.25310877177591157,0.21588121822749853,-1,1,-1,1,-13,13,-13,13,-12,12,-12,13
1783308105.0057595,35.0,0.0,0.0,35.0,0.0,0,10.283857861322469,10.283857861322469,10.283857861322469,10.283857861322469,11.970000267028809,12.369999885559082,11.90999984741211,11.930000305175781,-1.6861424057063399,-2.0861420242366133,-1.6261419860896407,-1.6461424438533125,-0.5901498419972189,-0.7301497084828146,-0.5691496951313741,-0.5761498553486594,-0.24398409914887395,-0.08891407689927804,-0.26774404965071835,0.2010659362328187,-1,1,-1,1,-13,13,-13,13,-12,12,-12,13
1783308105.0256283,35.0,0.0,0.0,35.0,0.0,0,10.283857861322469,10.283857861322469,10.283857861322469,10.283857861322469,11.970000267028809,12.369999885559082,11.90999984741211,11.930000305175781,-1.6861424057063399,-2.0861420242366133,-1.6261419860896407,-1.6461424438533125,-0.5901498419972189,-0.7301497084828146,-0.5691496951313741,-0.5761498553486594,-0.259159380800231,-0.10768935511740756,-0.28237932752552514,0.18625065423813889,-1,1,-1,1,-13,13,-13,13,-12,12,-12,13
1783308105.0456073,35.0,0.0,0.0,35.0,0.0,0,10.283857861322469,10.283857861322469,10.283857861322469,10.283857861322469,11.770000457763672,12.279999732971191,11.960000038146973,11.739999771118164,-1.4861425964412032,-1.9961418716487227,-1.676142176824504,-1.4561419097956954,-0.5201499087544211,-0.6986496550770529,-0.5866497618885763,-0.5096496684284934,-0.2725346641682018,-0.12565463196224605,-0.29746460711694567,0.17314537704997762,-1,1,-1,1,-13,13,-13,13,-12,12,-12,13
1783308105.0655968,35.0,0.0,0.0,35.0,0.0,0,10.283857861322469,10.283857861322469,10.283857861322469,10.283857861322469,11.770000457763672,12.279999732971191,11.960000038146973,11.739999771118164,-1.4861425964412032,-1.9961418716487227,-1.676142176824504,-1.4561419097956954,-0.5201499087544211,-0.6986496550770529,-0.5866497618885763,-0.5096496684284934,-0.28590994753617266,-0.14361990880708456,-0.3125498867083662,0.16004009986181636,-1,1,-1,1,-13,13,-13,13,-12,12,-12,13
1783308105.0857232,35.0,0.0,0.0,35.0,0.0,0,10.283857861322469,10.283857861322469,10.283857861322469,10.283857861322469,12.319999694824219,11.989999771118164,12.0,11.84000015258789,-2.03614183350175,-1.7061419097956954,-1.7161421386775313,-1.556142291265422,-0.7126496417256125,-0.5971496684284934,-0.6006497485371359,-0.5446498019428976,-0.30423522403768843,-0.15897518599524582,-0.327995165956464,0.14603481924042755,-1,1,-1,1,-13,13,-13,13,-12,12,-12,13
1783308105.1056275,35.0,0.0,0.0,35.0,0.0,0,10.283857861322469,10.283857861322469,10.283857861322469,10.283857861322469,12.319999694824219,11.989999771118164,12.0,11.84000015258789,-2.03614183350175,-1.7061419097956954,-1.7161421386775313,-1.556142291265422,-0.7126496417256125,-0.5971496684284934,-0.6006497485371359,-0.5446498019428976,-0.3225605005392042,-0.1743304631834071,-0.3434404452045618,0.13202953861903874,-1,1,-1,1,-13,13,-13,13,-12,12,-12,13
1783308105.1256092,35.0,0.0,0.0,35.0,0.0,0,10.283857861322469,10.283857861322469,10.283857861322469,10.283857861322469,12.319999694824219,11.989999771118164,12.0,11.84000015258789,-2.03614183350175,-1.7061419097956954,-1.7161421386775313,-1.556142291265422,-0.7126496417256125,-0.5971496684284934,-0.6006497485371359,-0.5446498019428976,-0.34088577704072,-0.18968574037156835,-0.3588857244526596,0.11802425799764994,-1,1,-1,1,-13,13,-13,13,-12,12,-12,13
1783308105.1456797,35.0,0.0,0.0,35.0,0.0,0,10.283857861322469,10.283857861322469,10.283857861322469,10.283857861322469,12.020000457763672,12.020000457763672,12.25,11.90999984741211,-1.7361425964412032,-1.7361425964412032,-1.9661421386775313,-1.6261419860896407,-0.607649908754421,-0.607649908754421,-0.688149748537136,-0.5691496951313741,-0.3565110604086908,-0.2053110237395392,-0.37658100370075737,0.10338898012284317,-1,1,-1,1,-13,13,-13,13,-12,12,-12,13
1783308105.165608,35.0,0.0,0.0,35.0,0.0,0,10.283857861322469,10.283857861322469,10.283857861322469,10.283857861322469,12.020000457763672,12.020000457763672,12.25,11.90999984741211,-1.7361425964412032,-1.7361425964412032,-1.9661421386775313,-1.6261419860896407,-0.607649908754421,-0.607649908754421,-0.688149748537136,-0.5691496951313741,-0.3721363437766616,-0.22093630710751003,-0.39427628294885514,0.0887537022480364,-1,1,-1,1,-13,13,-13,13,-12,12,-12,13
1783308105.1856904,35.0,0.0,0.0,35.0,0.0,0,10.283857861322469,10.283857861322469,10.283857861322469,10.283857861322469,12.039999961853027,12.489999771118164,11.970000267028809,11.960000038146973,-1.7561421005305586,-2.2061419097956954,-1.6861424057063399,-1.676142176824504,-0.6146497351856954,-0.7721496684284933,-0.5901498419972189,-0.5866497618885763,-0.3879416226814366,-0.2407915842956713,-0.4094515646002122,0.07366842265661587,-1,1,-1,1,-13,13,-13,13,-12,12,-12,12
1783308105.2055964,35.0,0.0,0.0,35.0,0.0,0,10.283857861322469,10.283857861322469,10.283857861322469,10.283857861322469,12.039999961853027,12.489999771118164,11.970000267028809,11.960000038146973,-1.7561421005305586,-2.2061419097956954,-1.6861424057063399,-1.676142176824504,-0.6146497351856954,-0.7721496684284933,-0.5901498419972189,-0.5866497618885763,-0.4037469015862116,-0.26064686148383254,-0.42462684625156927,0.05858314306519533,-1,1,-1,1,-13,13,-13,13,-12,12,-12,12
1783308105.225642,35.0,0.0,0.0,35.0,0.0,0,10.283857861322469,10.283857861322469,10.283857861322469,10.283857861322469,12.039999961853027,12.489999771118164,11.970000267028809,11.960000038146973,-1.7561421005305586,-2.2061419097956954,-1.6861424057063399,-1.676142176824504,-0.6146497351856954,-0.7721496684284933,-0.5901498419972189,-0.5866497618885763,-0.41955218049098664,-0.2805021386719938,-0.43980212790292633,0.043497863473774795,-1,1,-1,1,-13,13,-13,13,-12,12,-12,12
1783308105.245604,35.0,0.0,0.0,35.0,0.0,0,10.283857861322469,10.283857861322469,10.283857861322469,10.283857861322469,11.819999694824219,12.140000343322754,12.229999542236328,12.0,-1.53614183350175,-1.8561424820002852,-1.9461416809138594,-1.7161421386775313,-0.5376496417256125,-0.6496498687000998,-0.6811495883198507,-0.6006497485371359,-0.4333774569925024,-0.29720742100999636,-0.4573174030311511,0.02805258422567701,-1,1,-1,1,-13,13,-13,13,-12,12,-12,12
1783308105.2656064,35.0,0.0,0.0,35.0,0.0,0,10.283857861322469,10.283857861322469,10.283857861322469,10.283857861322469,11.819999694824219,12.140000343322754,12.229999542236328,12.0,-1.53614183350175,-1.8561424820002852,-1.9461416809138594,-1.7161421386775313,-0.5376496417256125,-0.6496498687000998,-0.6811495883198507,-0.6006497485371359,-0.4472027334940182,-0.3139127033479989,-0.4748326781593758,0.012607304977579227,-1,1,-1,1,-13,13,-13,13,-12,12,-12,12
1783308105.2857046,35.0,0.0,0.0,35.0,0.0,0,10.283857861322469,10.283857861322469,10.283857861322469,10.283857861322469,11.899999618530273,12.350000381469727,11.949999809265137,12.25,-1.6161417572078047,-2.066142520147258,-1.666141947942668,-1.9661421386775313,-0.5656496150227316,-0.7231498820515402,-0.5831496817799338,-0.688149748537136,-0.46174800930888843,-0.33250798602932424,-0.4898279556908598,-0.005087974270518556,-1,1,-1,1,-13,13,-13,13,-12,12,-12,12
1783308105.3055997,35.0,0.0,0.0,35.0,0.0,0,10.283857861322469,10.283857861322469,10.283857861322469,10.283857861322469,11.899999618530273,12.350000381469727,11.949999809265137,12.25,-1.6161417572078047,-2.066142520147258,-1.666141947942668,-1.9661421386775313,-0.5656496150227316,-0.7231498820515402,-0.5831496817799338,-0.688149748537136,-0.4762932851237587,-0.35110326871064956,-0.5048232332223438,-0.02278325351861634,-1,1,-1,1,-13,13,-13,13,-12,12,-12,12
1783308105.3255892,35.0,0.0,0.0,35.0,0.0,0,10.283857861322469,10.283857861322469,10.283857861322469,10.283857861322469,11.899999618530273,12.350000381469727,11.949999809265137,12.25,-1.6161417572078047,-2.066142520147258,-1.666141947942668,-1.9661421386775313,-0.5656496150227316,-0.7231498820515402,-0.5831496817799338,-0.688149748537136,-0.49083856093862893,-0.3696985513919749,-0.5198185107538278,-0.04047853276671412,-1,1,-1,1,-13,13,-13,13,-12,12,-12,12
1783308105.3455746,35.0,0.0,0.0,35.0,0.0,0,10.283857861322469,10.283857861322469,10.283857861322469,10.283857861322469,12.180000305175781,12.489999771118164,11.989999771118164,12.649999618530273,-1.8961424438533125,-2.2061419097956954,-1.7061419097956954,-2.3661417572078047,-0.6636498553486594,-0.7721496684284933,-0.5971496684284934,-0.8281496150227317,-0.5079038429333087,-0.38955382858013615,-0.535173787941989,-0.061773808581584363,-1,1,-1,1,-13,13,-13,13,-12,12,-12,12
1783308105.3657038,35.0,0.0,0.0,35.0,0.0,0,10.283857861322469,10.283857861322469,10.283857861322469,10.283857861322469,12.180000305175781,12.489999771118164,11.989999771118164,12.649999618530273,-1.8961424438533125,-2.2061419097956954,-1.7061419097956954,-2.3661417572078047,-0.6636498553486594,-0.7721496684284933,-0.5971496684284934,-0.8281496150227317,-0.5249691249279885,-0.4094091057682974,-0.5505290651301502,-0.0830690843964546,-1,1,-1,1,-13,13,-13,13,-12,12,-12,12
1783308105.3856733,35.0,0.0,0.0,35.0,0.0,0,10.283857861322469,10.283857861322469,10.283857861322469,10.283857861322469,12.149999618530273,12.369999885559082,12.239999771118164,12.25,-1.8661417572078047,-2.0861420242366133,-1.9561419097956954,-1.9661421386775313,-0.6531496150227316,-0.7301497084828146,-0.6846496684284933,-0.688149748537136,-0.5417644007428588,-0.42818438398642694,-0.5681343423183115,-0.1007643636445524,-1,1,-1,1,-13,13,-13,13,-12,12,-12,12
1783308105.4055877,35.0,0.0,0.0,35.0,0.0,0,10.283857861322469,10.283857861322469,10.283857861322469,10.283857861322469,12.149999618530273,12.369999885559082,12.239999771118164,12.25,-1.8661417572078047,-2.0861420242366133,-1.9561419097956954,-1.9661421386775313,-0.6531496150227316,-0.7301497084828146,-0.6846496684284933,-0.688149748537136,-0.5585596765577291,-0.44695966220455646,-0.5857396195064728,-0.11845964289265018,-1,1,-1,1,-13,13,-13,13,-12,12,-12,12
1783308105.4256654,35.0,0.0,0.0,35.0,0.0,0,10.283857861322469,10.283857861322469,10.283857861322469,10.283857861322469,12.149999618530273,12.369999885559082,12.239999771118164,12.25,-1.8661417572078047,-2.0861420242366133,-1.9561419097956954,-1.9661421386775313,-0.6531496150227316,-0.7301497084828146,-0.6846496684284933,-0.688149748537136,-0.5753549523725994,-0.465734940422686,-0.6033448966946341,-0.13615492214074795,-1,1,-1,1,-13,13,-13,13,-12,12,-12,12
1783308105.4456015,35.0,0.0,0.0,35.0,0.0,0,10.283857861322469,10.283857861322469,10.283857861322469,10.283857861322469,11.899999618530273,12.279999732971191,11.739999771118164,12.199999809265137,-1.6161417572078047,-1.9961418716487227,-1.4561419097956954,-1.916141947942668,-0.5656496150227316,-0.6986496550770529,-0.5096496684284934,-0.6706496817799338,-0.5899002281874696,-0.4837002172675245,-0.6164501738827953,-0.15340019967223195,-1,1,-1,1,-13,13,-13,13,-12,12,-12,12
1783308105.4655898,35.0,0.0,0.0,35.0,0.0,0,10.283857861322469,10.283857861322469,10.283857861322469,10.283857861322469,11.899999618530273,12.279999732971191,11.739999771118164,12.199999809265137,-1.6161417572078047,-1.9961418716487227,-1.4561419097956954,-1.916141947942668,-0.5656496150227316,-0.6986496550770529,-0.5096496684284934,-0.6706496817799338,-0.6044455040023398,-0.5016654941123629,-0.6295554510709566,-0.17064547720371598,-1,1,-1,1,-13,13,-13,13,-12,12,-12,12
1783308105.4856942,35.0,0.0,0.0,35.0,0.0,0,10.283857861322469,10.283857861322469,10.283857861322469,10.283857861322469,11.729999542236328,12.220000267028809,11.84000015258789,11.930000305175781,-1.4461416809138594,-1.9361424057063399,-1.556142291265422,-1.6461424438533125,-0.5061495883198508,-0.6776498419972189,-0.5446498019428976,-0.5761498553486594,-0.6174607791305645,-0.51909077576372,-0.6435607316923454,-0.1854607591983958,-1,1,-1,1,-13,13,-13,13,-12,12,-12,12
1783308105.5056417,35.0,0.0,0.0,35.0,0.0,0,10.283857861322469,10.283857861322469,10.283857861322469,10.283857861322469,11.729999542236328,12.220000267028809,11.84000015258789,11.930000305175781,-1.4461416809138594,-1.9361424057063399,-1.556142291265422,-1.6461424438533125,-0.5061495883198508,-0.6776498419972189,-0.5446498019428976,-0.5761498553486594,-0.6304760542587893,-0.536516057415077,-0.6575660123137342,-0.20027604119307563,-1,1,-1,1,-13,13,-13,13,-12,12,-12,12
1783308105.525584,35.0,0.0,0.0,35.0,0.0,0,10.283857861322469,10.283857861322469,10.283857861322469,10.283857861322469,11.729999542236328,12.220000267028809,11.84000015258789,11.930000305175781,-1.4461416809138594,-1.9361424057063399,-1.556142291265422,-1.6461424438533125,-0.5061495883198508,-0.6776498419972189,-0.5446498019428976,-0.5761498553486594,-0.643491329387014,-0.5539413390664341,-0.6715712929351231,-0.21509132318775545,-1,1,-1,1,-13,13,-13,13,-12,12,-12,12
1783308105.5456781,35.0,0.0,0.0,35.0,0.0,0,10.283857861322469,10.283857861322469,10.283857861322469,10.283857861322469,11.600000381469727,11.720000267028809,11.680000305175781,11.520000457763672,-1.3161425201472579,-1.4361424057063399,-1.3961424438533125,-1.2361425964412032,-0.4606498820515402,-0.502649841997219,-0.48864985534865935,-0.4326499087544211,-0.6553366120683394,-0.5668666207177911,-0.6841365749298028,-0.22621660655572629,-1,1,-1,1,-13,13,-13,13,-12,12,-12,12
1783308105.5656378,35.0,0.0,0.0,35.0,0.0,0,10.283857861322469,10.283857861322469,10.283857861322469,10.283857861322469,11.600000381469727,11.720000267028809,11.680000305175781,11.520000457763672,-1.3161425201472579,-1.4361424057063399,-1.3961424438533125,-1.2361425964412032,-0.4606498820515402,-0.502649841997219,-0.48864985534865935,-0.4326499087544211,-0.6671818947496647,-0.5797919023691482,-0.6967018569244826,-0.23734188992369712,-1,1,-1,1,-13,13,-13,13,-12,12,-12,12
1783308105.5857592,35.0,0.0,0.0,35.0,0.0,0,10.283857861322469,10.283857861322469,10.283857861322469,10.283857861322469,11.289999961853027,11.829999923706055,11.800000190734863,11.239999771118164,-1.0061421005305586,-1.546142062383586,-1.5161423294123946,-0.9561419097956954,-0.3521497351856955,-0.541149721834255,-0.5306498152943381,-0.33464966842849336,-0.6762371736544397,-0.5937071809306005,-0.7103471378891941,-0.24594716711185838,-1,1,-1,1,-13,13,-13,13,-12,12,-12,12
1783308105.6056306,35.0,0.0,0.0,35.0,0.0,0,10.283857861322469,10.283857861322469,10.283857861322469,10.283857861322469,11.289999961853027,11.829999923706055,11.800000190734863,11.239999771118164,-1.0061421005305586,-1.546142062383586,-1.5161423294123946,-0.9561419097956954,-0.3521497351856955,-0.541149721834255,-0.5306498152943381,-0.33464966842849336,-0.6852924525592147,-0.6076224594920527,-0.7239924188539056,-0.25455244430001966,-1,1,-1,1,-13,13,-13,13,-12,12,-12,12
1783308105.6255972,35.0,0.0,0.0,35.0,0.0,0,10.283857861322469,10.283857861322469,10.283857861322469,10.283857861322469,11.289999961853027,11.829999923706055,11.800000190734863,11.239999771118164,-1.0061421005305586,-1.546142062383586,-1.5161423294123946,-0.9561419097956954,-0.3521497351856955,-0.541149721834255,-0.5306498152943381,-0.33464966842849336,-0.6943477314639896,-0.621537738053505,-0.7376376998186172,-0.26315772148818095,-1,1,-1,1,-13,13,-13,13,-12,12,-12,12
1783308105.6455736,35.0,0.0,0.0,35.0,0.0,0,10.283857861322469,10.283857861322469,10.283857861322469,10.283857861322469,11.300000190734863,11.449999809265137,11.430000305175781,10.8100004196167,-1.0161423294123946,-1.166141947942668,-1.1461424438533125,-0.5261425582942305,-0.3556498152943381,-0.40814968177993377,-0.4011498553486594,-0.18414989540298066,-0.7034930124287012,-0.632033015584989,-0.747952981813297,-0.26789300451282905,-1,1,-1,1,-13,13,-13,13,-12,12,-12,13
1783308105.665595,35.0,0.0,0.0,35.0,0.0,0,10.283857861322469,10.283857861322469,10.283857861322469,10.283857861322469,11.300000190734863,11.449999809265137,11.430000305175781,10.8100004196167,-1.0161423294123946,-1.166141947942668,-1.1461424438533125,-0.5261425582942305,-0.3556498152943381,-0.40814968177993377,-0.4011498553486594,-0.18414989540298066,-0.7126382933934128,-0.6425282931164731,-0.7582682638079767,-0.27262828753747714,-1,1,-1,1,-13,13,-13,13,-12,12,-12,13
1783308105.685697,35.0,0.0,0.0,35.0,0.0,0,10.283857861322469,10.283857861322469,10.283857861322469,10.283857861322469,11.079999923706055,10.960000038146973,11.399999618530273,10.960000038146973,-0.796142062383586,-0.676142176824504,-1.1161417572078047,-0.676142176824504,-0.27864972183425507,-0.23664976188857637,-0.39064961502273166,-0.23664976188857637,-0.7198035719548651,-0.6486135727078937,-0.768313539622847,-0.27871356712889767,-1,1,-1,1,-13,13,-13,13,-12,12,-12,12
1783308105.7055826,35.0,0.0,0.0,35.0,0.0,0,10.283857861322469,10.283857861322469,10.283857861322469,10.283857861322469,11.079999923706055,10.960000038146973,11.399999618530273,10.960000038146973,-0.796142062383586,-0.676142176824504,-1.1161417572078047,-0.676142176824504,-0.27864972183425507,-0.23664976188857637,-0.39064961502273166,-0.23664976188857637,-0.7269688505163174,-0.6546988522993142,-0.7783588154377172,-0.2847988467203182,-1,1,-1,1,-13,13,-13,13,-12,12,-12,12
1783308105.725569,35.0,0.0,0.0,35.0,0.0,0,10.283857861322469,10.283857861322469,10.283857861322469,10.283857861322469,11.079999923706055,10.960000038146973,11.399999618530273,10.960000038146973,-0.796142062383586,-0.676142176824504,-1.1161417572078047,-0.676142176824504,-0.27864972183425507,-0.23664976188857637,-0.39064961502273166,-0.23664976188857637,-0.7341341290777698,-0.6607841318907348,-0.7884040912525875,-0.2908841263117387,-1,1,-1,1,-13,13,-13,13,-12,12,-12,12
1783308105.7457137,35.0,0.0,0.0,35.0,0.0,0,10.283857861322469,10.283857861322469,10.283857861322469,10.283857861322469,11.149999618530273,10.84000015258789,11.149999618530273,10.619999885559082,-0.8661417572078047,-0.5561422912654219,-0.8661417572078047,-0.3361420242366133,-0.30314961502273163,-0.19464980194289766,-0.30314961502273163,-0.11764970848281465,-0.74192940489264,-0.6657894125121236,-0.7961993670674578,-0.29390940452986825,-1,1,-1,1,-13,13,-13,13,-12,12,-12,13
1783308105.7655945,35.0,0.0,0.0,35.0,0.0,0,10.283857861322469,10.283857861322469,10.283857861322469,10.283857861322469,11.149999618530273,10.84000015258789,11.149999618530273,10.619999885559082,-0.8661417572078047,-0.5561422912654219,-0.8661417572078047,-0.3361420242366133,-0.30314961502273163,-0.19464980194289766,-0.30314961502273163,-0.11764970848281465,-0.7497246807075103,-0.6707946931335125,-0.803994642882328,-0.2969346827479978,-1,1,-1,1,-13,13,-13,13,-12,12,-12,13
1783308105.7856514,35.0,0.0,0.0,35.0,0.0,0,10.283857861322469,10.283857861322469,10.283857861322469,10.283857861322469,10.520000457763672,10.979999542236328,10.520000457763672,10.829999923706055,-0.23614259644120317,-0.6961416809138594,-0.23614259644120317,-0.546142062383586,-0.0826499087544211,-0.24364958831985079,-0.0826499087544211,-0.19114972183425508,-0.7518499640754811,-0.6770599682617372,-0.8061199262502988,-0.3018499613094501,-1,1,-1,1,-13,13,-13,13,-12,12,-12,13
1783308105.8055859,35.0,0.0,0.0,35.0,0.0,0,10.283857861322469,10.283857861322469,10.283857861322469,10.283857861322469,10.520000457763672,10.979999542236328,10.520000457763672,10.829999923706055,-0.23614259644120317,-0.6961416809138594,-0.23614259644120317,-0.546142062383586,-0.0826499087544211,-0.24364958831985079,-0.0826499087544211,-0.19114972183425508,-0.7539752474434519,-0.6833252433899619,-0.8082452096182696,-0.3067652398709024,-1,1,-1,1,-13,13,-13,13,-12,12,-12,13
1783308105.825606,35.0,0.0,0.0,35.0,0.0,0,10.283857861322469,10.283857861322469,10.283857861322469,10.283857861322469,10.520000457763672,10.979999542236328,10.520000457763672,10.829999923706055,-0.23614259644120317,-0.6961416809138594,-0.23614259644120317,-0.546142062383586,-0.0826499087544211,-0.24364958831985079,-0.0826499087544211,-0.19114972183425508,-0.7561005308114227,-0.6895905185181866,-0.8103704929862404,-0.31168051843235467,-1,1,-1,1,-13,13,-13,13,-12,12,-12,12
1783308105.8457298,35.0,0.0,0.0,35.0,0.0,0,10.283857861322469,10.283857861322469,10.283857861322469,10.283857861322469,10.3100004196167,10.630000114440918,10.3100004196167,10.75,-0.02614255829423051,-0.34614225311844926,-0.02614255829423051,-0.4661421386775313,-0.009149895402980678,-0.12114978859145724,-0.009149895402980678,-0.16314974853713593,-0.7563358138360707,-0.6927057987962527,-0.8106057760108885,-0.31587579768045243,-1,1,-1,1,-13,13,-13,13,-12,12,-12,13
1783308105.8656375,35.0,0.0,0.0,35.0,0.0,0,10.283857861322469,10.283857861322469,10.283857861322469,10.283857861322469,10.3100004196167,10.630000114440918,10.3100004196167,10.75,-0.02614255829423051,-0.34614225311844926,-0.02614255829423051,-0.4661421386775313,-0.009149895402980678,-0.12114978859145724,-0.009149895402980678,-0.16314974853713593,-0.7565710968607188,-0.6958210790743188,-0.8108410590355365,-0.3200710769285502,-1,1,-1,1,-13,13,-13,13,-12,12,-12,13
1783308105.8856826,35.0,0.0,0.0,35.0,0.0,0,10.283857861322469,10.283857861322469,10.283857861322469,10.283857861322469,10.390000343322754,10.609999656677246,10.390000343322754,10.470000267028809,-0.1061424820002852,-0.3261417953547774,-0.1061424820002852,-0.1861424057063399,-0.037149868700099814,-0.11414962837417207,-0.037149868700099814,-0.06514984199721896,-0.7575263791987213,-0.6987563552325118,-0.8117963413735391,-0.32174635857990724,-1,1,-1,1,-13,13,-13,13,-12,12,-12,13
1783308105.9056041,35.0,0.0,0.0,35.0,0.0,0,10.283857861322469,10.283857861322469,10.283857861322469,10.283857861322469,10.390000343322754,10.609999656677246,10.390000343322754,10.470000267028809,-0.1061424820002852,-0.3261417953547774,-0.1061424820002852,-0.1861424057063399,-0.037149868700099814,-0.11414962837417207,-0.037149868700099814,-0.06514984199721896,-0.7584816615367239,-0.7016916313907048,-0.8127516237115416,-0.3234216402312643,-1,1,-1,1,-13,13,-13,13,-12,12,-12,13
1783308105.9255862,35.0,0.0,0.0,35.0,0.0,0,10.283857861322469,10.283857861322469,10.283857861322469,10.283857861322469,10.390000343322754,10.609999656677246,10.390000343322754,10.470000267028809,-0.1061424820002852,-0.3261417953547774,-0.1061424820002852,-0.1861424057063399,-0.037149868700099814,-0.11414962837417207,-0.037149868700099814,-0.06514984199721896,-0.7594369438747265,-0.7046269075488978,-0.8137069060495442,-0.32509692188262135,-1,1,-1,1,-13,13,-13,13,-12,12,-12,13
1783308105.9455948,35.0,0.0,0.0,35.0,0.0,0,10.283857861322469,10.283857861322469,10.283857861322469,10.283857861322469,10.4399995803833,11.050000190734863,10.670000076293945,10.270000457763672,-0.15614171906083207,-0.7661423294123946,-0.3861422149714766,0.013857403558796832,-0.05464960167129122,-0.26814981529433807,-0.1351497752400168,0.004850091245578891,-0.7608422193462739,-0.7115221885136094,-0.8171821859842875,-0.32497220525059217,-1,1,-1,1,-13,13,-13,13,-12,12,-12,13
1783308105.9657562,35.0,0.0,0.0,35.0,0.0,0,10.283857861322469,10.283857861322469,10.283857861322469,10.283857861322469,10.4399995803833,11.050000190734863,10.670000076293945,10.270000457763672,-0.15614171906083207,-0.7661423294123946,-0.3861422149714766,0.013857403558796832,-0.05464960167129122,-0.26814981529433807,-0.1351497752400168,0.004850091245578891,-0.7622474948178214,-0.718417469478321,-0.8206574659190308,-0.324847488618563,-1,1,-1,1,-13,13,-13,13,-12,12,-12,13
1783308105.9857712,35.0,0.0,0.0,35.0,0.0,0,10.283857861322469,10.283857861322469,10.283857861322469,10.283857861322469,10.25,10.90999984741211,10.640000343322754,10.59000015258789,0.03385786132246871,-0.6261419860896407,-0.3561424820002852,-0.3061422912654219,0.011850251462864047,-0.21914969513137422,-0.12464986870009981,-0.10714980194289767,-0.7619427740659191,-0.7240527473531277,-0.8238627482570333,-0.3276027692399518,-1,1,-1,1,-13,13,-13,13,-12,12,-12,13
1783308106.005609,35.0,0.0,0.0,35.0,0.0,0,10.283857861322469,10.283857861322469,10.283857861322469,10.283857861322469,10.25,10.90999984741211,10.640000343322754,10.59000015258789,0.03385786132246871,-0.6261419860896407,-0.3561424820002852,-0.3061422912654219,0.011850251462864047,-0.21914969513137422,-0.12464986870009981,-0.10714980194289767,-0.7616380533140169,-0.7296880252279345,-0.8270680305950359,-0.3303580498613406,-1,1,-1,1,-13,13,-13,13,-12,12,-12,13
1783308106.0257254,35.0,0.0,0.0,35.0,0.0,0,10.283857861322469,10.283857861322469,10.283857861322469,10.283857861322469,10.25,10.90999984741211,10.640000343322754,10.59000015258789,0.03385786132246871,-0.6261419860896407,-0.3561424820002852,-0.3061422912654219,0.011850251462864047,-0.21914969513137422,-0.12464986870009981,-0.10714980194289767,-0.7613333325621147,-0.7353233031027413,-0.8302733129330384,-0.3331133304827294,-1,1,-1,1,-13,13,-13,13,-12,12,-12,13
1783308106.0455945,35.0,0.0,0.0,35.0,0.0,0,10.283857861322469,10.283857861322469,10.283857861322469,10.283857861322469,10.800000190734863,10.800000190734863,11.069999694824219,10.350000381469727,-0.5161423294123946,-0.5161423294123946,-0.78614183350175,-0.06614252014725786,-0.1806498152943381,-0.1806498152943381,-0.2751496417256125,-0.023149882051540248,-0.7659786135268262,-0.7399685840674528,-0.8373485894345541,-0.3337086131640547,-1,1,-1,1,-13,13,-13,13,-12,12,-12,13
1783308106.0657322,35.0,0.0,0.0,35.0,0.0,0,10.283857861322469,10.283857861322469,10.283857861322469,10.283857861322469,10.800000190734863,10.800000190734863,11.069999694824219,10.350000381469727,-0.5161423294123946,-0.5161423294123946,-0.78614183350175,-0.06614252014725786,-0.1806498152943381,-0.1806498152943381,-0.2751496417256125,-0.023149882051540248,-0.7706238944915377,-0.7446138650321643,-0.8444238659360699,-0.33430389584538,-1,1,-1,1,-13,13,-13,13,-12,12,-12,13
1783308106.0856693,35.0,0.0,0.0,35.0,0.0,0,10.283857861322469,10.283857861322469,10.283857861322469,10.283857861322469,10.729999542236328,10.729999542236328,10.920000076293945,10.420000076293945,-0.4461416809138594,-0.4461416809138594,-0.6361422149714766,-0.1361422149714766,-0.1561495883198508,-0.1561495883198508,-0.2226497752400168,-0.04764977524001681,-0.7746391696197624,-0.7486291401603891,-0.8501491458708131,-0.3355291757801233,-1,1,-1,1,-13,13,-13,13,-12,12,-12,13
1783308106.1055994,35.0,0.0,0.0,35.0,0.0,0,10.283857861322469,10.283857861322469,10.283857861322469,10.283857861322469,10.729999542236328,10.729999542236328,10.920000076293945,10.420000076293945,-0.4461416809138594,-0.4461416809138594,-0.6361422149714766,-0.1361422149714766,-0.1561495883198508,-0.1561495883198508,-0.2226497752400168,-0.04764977524001681,-0.7786544447479872,-0.7526444152886138,-0.8558744258055564,-0.3367544557148666,-1,1,-1,1,-13,13,-13,13,-12,12,-12,13
1783308106.1256,35.0,0.0,0.0,35.0,0.0,0,10.283857861322469,10.283857861322469,10.283857861322469,10.283857861322469,10.729999542236328,10.729999542236328,10.920000076293945,10.420000076293945,-0.4461416809138594,-0.4461416809138594,-0.6361422149714766,-0.1361422149714766,-0.1561495883198508,-0.1561495883198508,-0.2226497752400168,-0.04764977524001681,-0.7826697198762119,-0.7566596904168386,-0.8615997057402996,-0.3379797356496099,-1,1,-1,1,-13,13,-13,13,-12,12,-12,13
1783308106.145594,35.0,0.0,0.0,35.0,0.0,0,10.283857861322469,10.283857861322469,10.283857861322469,10.283857861322469,10.229999542236328,10.90999984741211,10.359999656677246,10.460000038146973,0.05385831908614058,-0.6261419860896407,-0.07614179535477739,-0.17614217682450395,0.018850411680149202,-0.21914969513137422,-0.026649628374172084,-0.061649761888576377,-0.7821849950044366,-0.7622949682916453,-0.8622849818984927,-0.33956501524103044,-1,1,-1,1,-13,13,-13,13,-12,12,-12,13
1783308106.1655936,35.0,0.0,0.0,35.0,0.0,0,10.283857861322469,10.283857861322469,10.283857861322469,10.283857861322469,10.229999542236328,10.90999984741211,10.359999656677246,10.460000038146973,0.05385831908614058,-0.6261419860896407,-0.07614179535477739,-0.17614217682450395,0.018850411680149202,-0.21914969513137422,-0.026649628374172084,-0.061649761888576377,-0.7817002701326613,-0.7679302461664521,-0.8629702580566857,-0.34115029483245096,-1,1,-1,1,-13,13,-13,13,-12,12,-12,13
1783308106.1857047,35.0,0.0,0.0,35.0,0.0,0,10.283857861322469,10.283857861322469,10.283857861322469,10.283857861322469,10.5600004196167,10.579999923706055,10.420000076293945,10.039999961853027,-0.2761425582942305,-0.296142062383586,-0.1361422149714766,0.24385789946944136,-0.09664989540298068,-0.10364972183425508,-0.04764977524001681,0.08535026481430447,-0.7841855531573094,-0.7705955247279044,-0.864195537991429,-0.338955573737226,-1,1,-1,1,-13,13,-13,13,-12,12,-12,13
1783308106.2057023,35.0,0.0,0.0,35.0,0.0,0,10.283857861322469,10.283857861322469,10.283857861322469,10.283857861322469,10.5600004196167,10.579999923706055,10.420000076293945,10.039999961853027,-0.2761425582942305,-0.296142062383586,-0.1361422149714766,0.24385789946944136,-0.09664989540298068,-0.10364972183425508,-0.04764977524001681,0.08535026481430447,-0.7866708361819575,-0.7732608032893566,-0.8654208179261723,-0.33676085264200106,-1,1,-1,1,-13,13,-13,13,-12,12,-12,13
1783308106.225597,35.0,0.0,0.0,35.0,0.0,0,10.283857861322469,10.283857861322469,10.283857861322469,10.283857861322469,10.5600004196167,10.579999923706055,10.420000076293945,10.039999961853027,-0.2761425582942305,-0.296142062383586,-0.1361422149714766,0.24385789946944136,-0.09664989540298068,-0.10364972183425508,-0.04764977524001681,0.08535026481430447,-0.7891561192066057,-0.7759260818508089,-0.8666460978609156,-0.3345661315467761,-1,1,-1,1,-13,13,-13,13,-12,12,-12,13
1783308106.2456717,35.0,0.0,0.0,35.0,0.0,0,10.283857861322469,10.283857861322469,10.283857861322469,10.283857861322469,11.010000228881836,9.899999618530273,10.460000038146973,9.970000267028809,-0.7261423675593672,0.38385824279219527,-0.17614217682450395,0.3138575942936601,-0.2541498286457785,0.13435038497726834,-0.061649761888576377,0.10985015800278103,-0.7956914005146399,-0.7724713576656792,-0.8682313774523361,-0.33174141319813316,-1,1,-1,1,-13,13,-13,13,-12,12,-12,13
1783308106.2656066,35.0,0.0,0.0,35.0,0.0,0,10.283857861322469,10.283857861322469,10.283857861322469,10.283857861322469,11.010000228881836,9.899999618530273,10.460000038146973,9.970000267028809,-0.7261423675593672,0.38385824279219527,-0.17614217682450395,0.3138575942936601,-0.2541498286457785,0.13435038497726834,-0.061649761888576377,0.10985015800278103,-0.8022266818226742,-0.7690166334805495,-0.8698166570437567,-0.3289166948494902,-1,1,-1,1,-13,13,-13,13,-12,12,-12,13
1783308106.2856576,35.0,0.0,0.0,35.0,0.0,0,10.283857861322469,10.283857861322469,10.283857861322469,10.283857861322469,10.880000114440918,9.640000343322754,10.270000457763672,9.699999809265137,-0.5961422531184493,0.6438575179997148,0.013857403558796832,0.583858052057332,-0.20864978859145722,0.22535013129990017,0.004850091245578891,0.2043503182200662,-0.8075919621007402,-0.763221915818552,-0.8696919404117275,-0.3236619723809742,-1,1,-1,1,-13,13,-13,13,-12,12,-12,13
1783308106.305598,35.0,0.0,0.0,35.0,0.0,0,10.283857861322469,10.283857861322469,10.283857861322469,10.283857861322469,10.880000114440918,9.640000343322754,10.270000457763672,9.699999809265137,-0.5961422531184493,0.6438575179997148,0.013857403558796832,0.583858052057332,-0.20864978859145722,0.22535013129990017,0.004850091245578891,0.2043503182200662,-0.8129572423788063,-0.7574271981565546,-0.8695672237796983,-0.3184072499124582,-1,1,-1,1,-13,13,-13,13,-12,12,-12,13
1783308106.3256137,35.0,0.0,0.0,35.0,0.0,0,10.283857861322469,10.283857861322469,10.283857861322469,10.283857861322469,10.880000114440918,9.640000343322754,10.270000457763672,9.699999809265137,-0.5961422531184493,0.6438575179997148,0.013857403558796832,0.583858052057332,-0.20864978859145722,0.22535013129990017,0.004850091245578891,0.2043503182200662,-0.8183225226568723,-0.7516324804945571,-0.8694425071476691,-0.31315252744394223,-1,1,-1,1,-13,13,-13,13,-12,12,-12,13
1783308106.345672,35.0,0.0,0.0,35.0,0.0,0,10.283857861322469,10.283857861322469,10.283857861322469,10.283857861322469,10.329999923706055,10.149999618530273,9.90999984741211,9.960000038146973,-0.04614206238358598,0.13385824279219527,0.37385801391035933,0.32385782317549605,-0.01614972183425509,0.046850384977268344,0.13085030486862576,0.11335023811142361,-0.8187378012183246,-0.7504277563094274,-0.8660777850224759,-0.31023780703536274,-1,1,-1,1,-13,13,-13,13,-12,12,-12,13
1783308106.3656094,35.0,0.0,0.0,35.0,0.0,0,10.283857861322469,10.283857861322469,10.283857861322469,10.283857861322469,10.329999923706055,10.149999618530273,9.90999984741211,9.960000038146973,-0.04614206238358598,0.13385824279219527,0.37385801391035933,0.32385782317549605,-0.01614972183425509,0.046850384977268344,0.13085030486862576,0.11335023811142361,-0.8191530797797769,-0.7492230321242976,-0.8627130628972827,-0.30732308662678326,-1,1,-1,1,-13,13,-13,13,-12,12,-12,13
1783308106.3856776,35.0,0.0,0.0,35.0,0.0,0,10.283857861322469,10.283857861322469,10.283857861322469,10.283857861322469,10.399999618530273,9.819999694824219,10.100000381469727,9.90999984741211,-0.11614175720780473,0.46385816649824996,0.18385747985274214,0.37385801391035933,-0.04064961502273165,0.16235035827438749,0.06435011794845975,0.13085030486862576,-0.8201983555946472,-0.7450483086258134,-0.8610583455786079,-0.30395836450159003,-1,1,-1,1,-13,13,-13,13,-12,12,-12,13
1783308106.405597,35.0,0.0,0.0,35.0,0.0,0,10.283857861322469,10.283857861322469,10.283857861322469,10.283857861322469,10.399999618530273,9.819999694824219,10.100000381469727,9.90999984741211,-0.11614175720780473,0.46385816649824996,0.18385747985274214,0.37385801391035933,-0.04064961502273165,0.16235035827438749,0.06435011794845975,0.13085030486862576,-0.8212436314095174,-0.7408735851273291,-0.8594036282599332,-0.3005936423763968,-1,1,-1,1,-13,13,-13,13,-12,12,-12,13
1783308106.4256055,35.0,0.0,0.0,35.0,0.0,0,10.283857861322469,10.283857861322469,10.283857861322469,10.283857861322469,10.399999618530273,9.819999694824219,10.100000381469727,9.90999984741211,-0.11614175720780473,0.46385816649824996,0.18385747985274214,0.37385801391035933,-0.04064961502273165,0.16235035827438749,0.06435011794845975,0.13085030486862576,-0.8222889072243876,-0.7366988616288449,-0.8577489109412585,-0.29722892025120357,-1,1,-1,1,-13,13,-13,13,-12,12,-12,13
1783308106.4457006,35.0,0.0,0.0,35.0,0.0,0,10.283857861322469,10.283857861322469,10.283857861322469,10.283857861322469,10.449999809265137,9.819999694824219,10.239999771118164,10.109999656677246,-0.166141947942668,0.46385816649824996,0.043858090204304645,0.1738582046452226,-0.0581496817799338,0.16235035827438749,0.015350331571506625,0.06085037162582791,-0.8237841847558717,-0.7325241381303607,-0.8573541881294198,-0.29566419640939656,-1,1,-1,1,-13,13,-13,13,-12,12,-12,13
1783308106.4656065,35.0,0.0,0.0,35.0,0.0,0,10.283857861322469,10.283857861322469,10.283857861322469,10.283857861322469,10.449999809265137,9.819999694824219,10.239999771118164,10.109999656677246,-0.166141947942668,0.46385816649824996,0.043858090204304645,0.1738582046452226,-0.0581496817799338,0.16235035827438749,0.015350331571506625,0.06085037162582791,-0.8252794622873557,-0.7283494146318764,-0.856959465317581,-0.29409947256758956,-1,1,-1,1,-13,13,-13,13,-12,12,-12,13
1783308106.485674,35.0,0.0,0.0,35.0,0.0,0,10.283857861322469,10.283857861322469,10.283857861322469,10.283857861322469,10.260000228881836,10.489999771118164,10.109999656677246,10.020000457763672,0.02385763244063277,-0.20614190979569536,0.1738582046452226,0.26385740355879683,0.008350171354221468,-0.07214966842849337,0.06085037162582791,0.09235009124557889,-0.8250647435953901,-0.7302046918200377,-0.855394741475774,-0.2917247559355604,-1,1,-1,1,-13,13,-13,13,-12,12,-12,13
1783308106.5055993,35.0,0.0,0.0,35.0,0.0,0,10.283857861322469,10.283857861322469,10.283857861322469,10.283857861322469,10.260000228881836,10.489999771118164,10.109999656677246,10.020000457763672,0.02385763244063277,-0.20614190979569536,0.1738582046452226,0.26385740355879683,0.008350171354221468,-0.07214966842849337,0.06085037162582791,0.09235009124557889,-0.8248500249034244,-0.7320599690081989,-0.8538300176339669,-0.28935003930353126,-1,1,-1,1,-13,13,-13,13,-12,12,-12,13
1783308106.5256815,35.0,0.0,0.0,35.0,0.0,0,10.283857861322469,10.283857861322469,10.283857861322469,10.283857861322469,10.260000228881836,10.489999771118164,10.109999656677246,10.020000457763672,0.02385763244063277,-0.20614190979569536,0.1738582046452226,0.26385740355879683,0.008350171354221468,-0.07214966842849337,0.06085037162582791,0.09235009124557889,-0.8246353062114588,-0.7339152461963602,-0.8522652937921599,-0.2869753226715021,-1,1,-1,1,-13,13,-13,13,-12,12,-12,13
1783308106.5455983,35.0,0.0,0.0,35.0,0.0,0,10.283857861322469,10.283857861322469,10.283857861322469,10.283857861322469,10.350000381469727,10.289999961853027,10.020000457763672,10.180000305175781,-0.06614252014725786,-0.006142100530558636,0.26385740355879683,0.10385755614668746,-0.023149882051540248,-0.0021497351856955226,0.09235009124557889,0.03635014465134061,-0.8252305888927841,-0.7339705251011353,-0.8498905771601307,-0.2860406046661819,-1,1,-1,1,-13,13,-13,13,-12,12,-12,13
1783308106.5657167,35.0,0.0,0.0,35.0,0.0,0,10.283857861322469,10.283857861322469,10.283857861322469,10.283857861322469,10.350000381469727,10.289999961853027,10.020000457763672,10.180000305175781,-0.06614252014725786,-0.006142100530558636,0.26385740355879683,0.10385755614668746,-0.023149882051540248,-0.0021497351856955226,0.09235009124557889,0.03635014465134061,-0.8258258715741095,-0.7340258040059103,-0.8475158605281016,-0.28510588666086173,-1,1,-1,1,-13,13,-13,13,-12,12,-12,13
1783308106.5856671,35.0,0.0,0.0,35.0,0.0,0,10.283857861322469,10.283857861322469,10.283857861322469,10.283857861322469,10.640000343322754,10.369999885559082,10.40999984741211,10.300000190734863,-0.3561424820002852,-0.08614202423661332,-0.12614198608964067,-0.016142329412394574,-0.12464986870009981,-0.03014970848281466,-0.044149695131374234,-0.005649815294338101,-0.829031153912112,-0.7348010822240398,-0.8486511384029083,-0.2852511676255733,-1,1,-1,1,-13,13,-13,13,-12,12,-12,13
1783308106.6056004,35.0,0.0,0.0,35.0,0.0,0,10.283857861322469,10.283857861322469,10.283857861322469,10.283857861322469,10.640000343322754,10.369999885559082,10.40999984741211,10.300000190734863,-0.3561424820002852,-0.08614202423661332,-0.12614198608964067,-0.016142329412394574,-0.12464986870009981,-0.03014970848281466,-0.044149695131374234,-0.005649815294338101,-0.8322364362501146,-0.7355763604421693,-0.849786416277715,-0.28539644859028485,-1,1,-1,1,-13,13,-13,13,-12,12,-12,13
1783308106.6255913,35.0,0.0,0.0,35.0,0.0,0,10.283857861322469,10.283857861322469,10.283857861322469,10.283857861322469,10.640000343322754,10.369999885559082,10.40999984741211,10.300000190734863,-0.3561424820002852,-0.08614202423661332,-0.12614198608964067,-0.016142329412394574,-0.12464986870009981,-0.03014970848281466,-0.044149695131374234,-0.005649815294338101,-0.8354417185881171,-0.7363516386602988,-0.8509216941525217,-0.2855417295549964,-1,1,-1,1,-13,13,-13,13,-12,12,-12,13
1783308106.6456032,35.0,0.0,0.0,35.0,0.0,0,10.283857861322469,10.283857861322469,10.283857861322469,10.283857861322469,10.619999885559082,11.109999656677246,10.460000038146973,11.0600004196167,-0.3361420242366133,-0.8261417953547774,-0.17614217682450395,-0.7761425582942305,-0.11764970848281465,-0.2891496283741721,-0.061649761888576377,-0.2716498954029807,-0.8384669968062466,-0.7437869148184918,-0.8525069737439422,-0.2925270125796445,-1,1,-1,1,-13,13,-13,13,-12,12,-12,12
1783308106.6660442,35.0,0.0,0.0,35.0,0.0,0,10.283857861322469,10.283857861322469,10.283857861322469,10.283857861322469,10.619999885559082,11.109999656677246,10.460000038146973,11.0600004196167,-0.3361420242366133,-0.8261417953547774,-0.17614217682450395,-0.7761425582942305,-0.11764970848281465,-0.2891496283741721,-0.061649761888576377,-0.2716498954029807,-0.8414922750243761,-0.7512221909766847,-0.8540922533353628,-0.29951229560429254,-1,1,-1,1,-13,13,-13,13,-12,12,-12,12
1783308106.6856458,35.0,0.0,0.0,35.0,0.0,0,10.283857861322469,10.283857861322469,10.283857861322469,10.283857861322469,10.600000381469727,11.399999618530273,10.489999771118164,11.140000343322754,-0.31614252014725786,-1.1161417572078047,-0.20614190979569536,-0.8561424820002852,-0.11064988205154024,-0.39064961502273166,-0.07214966842849337,-0.2996498687000998,-0.8443375577057014,-0.761267466791555,-0.855947530523524,-0.3072175779422951,-1,1,-1,1,-13,13,-13,13,-12,12,-12,12
1783308106.7056122,35.0,0.0,0.0,35.0,0.0,0,10.283857861322469,10.283857861322469,10.283857861322469,10.283857861322469,10.600000381469727,11.399999618530273,10.489999771118164,11.140000343322754,-0.31614252014725786,-1.1161417572078047,-0.20614190979569536,-0.8561424820002852,-0.11064988205154024,-0.39064961502273166,-0.07214966842849337,-0.2996498687000998,-0.8471828403870267,-0.7713127426064252,-0.8578028077116853,-0.31492286028029765,-1,1,-1,1,-13,13,-13,13,-12,12,-12,12
1783308106.7256656,35.0,0.0,0.0,35.0,0.0,0,10.283857861322469,10.283857861322469,10.283857861322469,10.283857861322469,10.600000381469727,11.399999618530273,10.489999771118164,11.140000343322754,-0.31614252014725786,-1.1161417572078047,-0.20614190979569536,-0.8561424820002852,-0.11064988205154024,-0.39064961502273166,-0.07214966842849337,-0.2996498687000998,-0.8500281230683521,-0.7813580184212955,-0.8596580848998465,-0.3226281426183002,-1,1,-1,1,-13,13,-13,13,-12,12,-12,12
1783308106.7455957,35.0,0.0,0.0,35.0,0.0,0,10.283857861322469,10.283857861322469,10.283857861322469,10.283857861322469,10.819999694824219,11.600000381469727,10.970000267028809,10.970000267028809,-0.53614183350175,-1.3161425201472579,-0.6861424057063399,-0.6861424057063399,-0.1876496417256125,-0.4606498820515402,-0.24014984199721895,-0.24014984199721895,-0.8548533995698678,-0.7932033011026208,-0.8658333665512036,-0.32880342426965725,-1,1,-1,1,-13,13,-13,13,-12,12,-12,12
1783308106.7656524,35.0,0.0,0.0,35.0,0.0,0,10.283857861322469,10.283857861322469,10.283857861322469,10.283857861322469,10.819999694824219,11.600000381469727,10.970000267028809,10.970000267028809,-0.53614183350175,-1.3161425201472579,-0.6861424057063399,-0.6861424057063399,-0.1876496417256125,-0.4606498820515402,-0.24014984199721895,-0.24014984199721895,-0.8596786760713836,-0.8050485837839462,-0.8720086482025606,-0.3349787059210143,-1,1,-1,1,-13,13,-13,13,-12,12,-12,12
1783308106.7856767,35.0,0.0,0.0,35.0,0.0,0,10.283857861322469,10.283857861322469,10.283857861322469,10.283857861322469,10.739999771118164,11.520000457763672,11.069999694824219,11.520000457763672,-0.45614190979569536,-1.2361425964412032,-0.78614183350175,-1.2361425964412032,-0.15964966842849337,-0.4326499087544211,-0.2751496417256125,-0.4326499087544211,-0.8637839532595448,-0.816173867151917,-0.8790839247040764,-0.3461039892889851,-1,1,-1,1,-13,13,-13,13,-12,12,-12,12
1783308106.8055983,35.0,0.0,0.0,35.0,0.0,0,10.283857861322469,10.283857861322469,10.283857861322469,10.283857861322469,10.739999771118164,11.520000457763672,11.069999694824219,11.520000457763672,-0.45614190979569536,-1.2361425964412032,-0.78614183350175,-1.2361425964412032,-0.15964966842849337,-0.4326499087544211,-0.2751496417256125,-0.4326499087544211,-0.867889230447706,-0.8272991505198878,-0.8861592012055921,-0.3572292726569559,-1,1,-1,1,-13,13,-13,13,-12,12,-12,12
1783308106.8256314,35.0,0.0,0.0,35.0,0.0,0,10.283857861322469,10.283857861322469,10.283857861322469,10.283857861322469,10.739999771118164,11.520000457763672,11.069999694824219,11.520000457763672,-0.45614190979569536,-1.2361425964412032,-0.78614183350175,-1.2361425964412032,-0.15964966842849337,-0.4326499087544211,-0.2751496417256125,-0.4326499087544211,-0.8719945076358673,-0.8384244338878586,-0.8932344777071078,-0.3683545560249267,-1,1,-1,1,-13,13,-13,13,-12,12,-12,12
1783308106.8456368,35.0,0.0,0.0,35.0,0.0,0,10.283857861322469,10.283857861322469,10.283857861322469,10.283857861322469,10.920000076293945,11.460000038146973,11.149999618530273,11.239999771118164,-0.6361422149714766,-1.176142176824504,-0.8661417572078047,-0.9561419097956954,-0.2226497752400168,-0.4116497618885764,-0.30314961502273163,-0.33464966842849336,-0.8777197875706105,-0.8490097134792791,-0.9010297535219781,-0.376959833213088,-1,1,-1,1,-13,13,-13,13,-12,12,-12,12
1783308106.8656695,35.0,0.0,0.0,35.0,0.0,0,10.283857861322469,10.283857861322469,10.283857861322469,10.283857861322469,10.920000076293945,11.460000038146973,11.149999618530273,11.239999771118164,-0.6361422149714766,-1.176142176824504,-0.8661417572078047,-0.9561419097956954,-0.2226497752400168,-0.4116497618885764,-0.30314961502273163,-0.33464966842849336,-0.8834450675053538,-0.8595949930706996,-0.9088250293368484,-0.3855651104012493,-1,1,-1,1,-13,13,-13,13,-12,12,-12,12
1783308106.8856707,35.0,0.0,0.0,35.0,0.0,0,10.283857861322469,10.283857861322469,10.283857861322469,10.283857861322469,10.8100004196167,11.640000343322754,10.970000267028809,11.260000228881836,-0.5261425582942305,-1.3561424820002852,-0.6861424057063399,-0.9761423675593672,-0.18414989540298066,-0.4746498687000998,-0.24014984199721895,-0.34164982864577853,-0.8881803505300019,-0.8718002754087022,-0.9150003109882054,-0.3943503917092836,-1,1,-1,1,-13,13,-13,13,-12,12,-12,12
1783308106.905596,35.0,0.0,0.0,35.0,0.0,0,10.283857861322469,10.283857861322469,10.283857861322469,10.283857861322469,10.8100004196167,11.640000343322754,10.970000267028809,11.260000228881836,-0.5261425582942305,-1.3561424820002852,-0.6861424057063399,-0.9761423675593672,-0.18414989540298066,-0.4746498687000998,-0.24014984199721895,-0.34164982864577853,-0.89291563355465,-0.8840055577467048,-0.9211755926395625,-0.4031356730173179,-1,1,-1,1,-13,13,-13,13,-12,12,-12,12
1783308106.925593,35.0,0.0,0.0,35.0,0.0,0,10.283857861322469,10.283857861322469,10.283857861322469,10.283857861322469,10.8100004196167,11.640000343322754,10.970000267028809,11.260000228881836,-0.5261425582942305,-1.3561424820002852,-0.6861424057063399,-0.9761423675593672,-0.18414989540298066,-0.4746498687000998,-0.24014984199721895,-0.34164982864577853,-0.8976509165792981,-0.8962108400847073,-0.9273508742909196,-0.4119209543253522,-1,1,-1,1,-13,13,-13,13,-12,12,-12,12
1783308106.9456875,35.0,0.0,0.0,35.0,0.0,0,10.283857861322469,10.283857861322469,10.283857861322469,10.283857861322469,11.1899995803833,11.319999694824219,11.079999923706055,11.279999732971191,-0.9061417190608321,-1.03614183350175,-0.796142062383586,-0.9961418716487227,-0.3171496016712912,-0.3626496417256125,-0.27864972183425507,-0.3486496550770529,-0.9058061920508456,-0.905536116586223,-0.9345161528523719,-0.4208862311701907,-1,1,-1,1,-13,13,-13,13,-12,12,-12,12
1783308106.965583,35.0,0.0,0.0,35.0,0.0,0,10.283857861322469,10.283857861322469,10.283857861322469,10.283857861322469,11.1899995803833,11.319999694824219,11.079999923706055,11.279999732971191,-0.9061417190608321,-1.03614183350175,-0.796142062383586,-0.9961418716487227,-0.3171496016712912,-0.3626496417256125,-0.27864972183425507,-0.3486496550770529,-0.913961467522393,-0.9148613930877387,-0.9416814314138242,-0.4298515080150292,-1,1,-1,1,-13,13,-13,13,-12,12,-12,12
1783308106.9856837,35.0,0.0,0.0,35.0,0.0,0,10.283857861322469,10.283857861322469,10.283857861322469,10.283857861322469,11.229999542236328,11.09000015258789,11.149999618530273,11.069999694824219,-0.9461416809138594,-0.8061422912654219,-0.8661417572078047,-0.78614183350175,-0.33114958831985075,-0.2821498019428976,-0.30314961502273163,-0.2751496417256125,-0.9224767426506177,-0.9221166737091275,-0.9494767072286945,-0.43692678451654493,-1,1,-1,1,-13,13,-13,13,-12,12,-12,12
1783308107.0055933,35.0,0.0,0.0,35.0,0.0,0,10.283857861322469,10.283857861322469,10.283857861322469,10.283857861322469,11.229999542236328,11.09000015258789,11.149999618530273,11.069999694824219,-0.9461416809138594,-0.8061422912654219,-0.8661417572078047,-0.78614183350175,-0.33114958831985075,-0.2821498019428976,-0.30314961502273163,-0.2751496417256125,-0.9309920177788424,-0.9293719543305163,-0.9572719830435648,-0.44400206101806067,-1,1,-1,1,-13,13,-13,13,-12,12,-12,12
1783308107.0255861,35.0,0.0,0.0,35.0,0.0,0,10.283857861322469,10.283857861322469,10.283857861322469,10.283857861322469,11.229999542236328,11.09000015258789,11.149999618530273,11.069999694824219,-0.9461416809138594,-0.8061422912654219,-0.8661417572078047,-0.78614183350175,-0.33114958831985075,-0.2821498019428976,-0.30314961502273163,-0.2751496417256125,-0.9395072929070671,-0.9366272349519051,-0.965067258858435,-0.4510773375195764,-1,1,-1,1,-13,13,-13,13,-12,12,-12,12
1783308107.045676,35.0,0.0,0.0,35.0,0.0,0,10.283857861322469,10.283857861322469,10.283857861322469,10.283857861322469,11.029999732971191,10.9399995803833,10.970000267028809,10.920000076293945,-0.7461418716487227,-0.6561417190608321,-0.6861424057063399,-0.6361422149714766,-0.26114965507705296,-0.2296496016712912,-0.24014984199721895,-0.2226497752400168,-0.9462225697519057,-0.9425325104234527,-0.9712425405097921,-0.4568026174543197,-1,1,-1,1,-13,13,-13,13,-12,12,-12,12
1783308107.065606,35.0,0.0,0.0,35.0,0.0,0,10.283857861322469,10.283857861322469,10.283857861322469,10.283857861322469,11.029999732971191,10.9399995803833,10.970000267028809,10.920000076293945,-0.7461418716487227,-0.6561417190608321,-0.6861424057063399,-0.6361422149714766,-0.26114965507705296,-0.2296496016712912,-0.24014984199721895,-0.2226497752400168,-0.9529378465967442,-0.9484377858950002,-0.9774178221611491,-0.462527897389063,-1,1,-1,1,-13,13,-13,13,-12,12,-12,12
1783308107.085655,35.0,0.0,0.0,35.0,0.0,0,10.283857861322469,10.283857861322469,10.283857861322469,10.283857861322469,11.119999885559082,10.819999694824219,11.079999923706055,10.8100004196167,-0.8361420242366133,-0.53614183350175,-0.796142062383586,-0.5261425582942305,-0.29264970848281463,-0.1876496417256125,-0.27864972183425507,-0.18414989540298066,-0.9604631248148737,-0.9532630623965159,-0.9845831007226015,-0.4672631804137111,-1,1,-1,1,-13,13,-13,13,-12,12,-12,12
1783308107.105597,35.0,0.0,0.0,35.0,0.0,0,10.283857861322469,10.283857861322469,10.283857861322469,10.283857861322469,11.119999885559082,10.819999694824219,11.079999923706055,10.8100004196167,-0.8361420242366133,-0.53614183350175,-0.796142062383586,-0.5261425582942305,-0.29264970848281463,-0.1876496417256125,-0.27864972183425507,-0.18414989540298066,-0.9679884030330033,-0.9580883388980317,-0.9917483792840538,-0.4719984634383592,-1,1,-1,1,-13,13,-13,13,-12,12,-12,12
1783308107.1256702,35.0,0.0,0.0,35.0,0.0,0,10.283857861322469,10.283857861322469,10.283857861322469,10.283857861322469,11.119999885559082,10.819999694824219,11.079999923706055,10.8100004196167,-0.8361420242366133,-0.53614183350175,-0.796142062383586,-0.5261425582942305,-0.29264970848281463,-0.1876496417256125,-0.27864972183425507,-0.18414989540298066,-0.9755136812511328,-0.9629136153995475,-0.9989136578455061,-0.4767337464630073,-1,1,-1,1,-13,13,-13,13,-12,12,-12,12
1783308107.1456997,35.0,0.0,0.0,35.0,0.0,0,10.283857861322469,10.283857861322469,10.283857861322469,10.283857861322469,11.180000305175781,10.520000457763672,11.149999618530273,10.510000228881836,-0.8961424438533125,-0.23614259644120317,-0.8661417572078047,-0.22614236755936723,-0.31364985534865936,-0.0826499087544211,-0.30314961502273163,-0.07914982864577852,-0.9835789632458126,-0.9650388987675182,-1.0067089336603763,-0.47876902777104163,-1,1,-1,1,-13,13,-13,13,-12,12,-12,12
1783308107.1655982,35.0,0.0,0.0,35.0,0.0,0,10.283857861322469,10.283857861322469,10.283857861322469,10.283857861322469,11.180000305175781,10.520000457763672,11.149999618530273,10.510000228881836,-0.8961424438533125,-0.23614259644120317,-0.8661417572078047,-0.22614236755936723,-0.31364985534865936,-0.0826499087544211,-0.30314961502273163,-0.07914982864577852,-0.9916442452404924,-0.967164182135489,-1.0145042094752466,-0.48080430907907595,-1,1,-1,1,-13,13,-13,13,-12,12,-12,12
1783308107.1858304,35.0,0.0,0.0,35.0,0.0,0,10.283857861322469,10.283857861322469,10.283857861322469,10.283857861322469,10.539999961853027,10.3100004196167,10.75,10.069999694824219,-0.25614210053055864,-0.02614255829423051,-0.4661421386775313,0.21385816649824996,-0.08964973518569552,-0.009149895402980678,-0.16314974853713593,0.07485035827438748,-0.9939495241452675,-0.9673994651601371,-1.0186994887233443,-0.4788795855805917,-1,1,-1,1,-13,13,-13,13,-12,12,-12,13
1783308107.2055874,35.0,0.0,0.0,35.0,0.0,0,10.283857861322469,10.283857861322469,10.283857861322469,10.283857861322469,10.539999961853027,10.3100004196167,10.75,10.069999694824219,-0.25614210053055864,-0.02614255829423051,-0.4661421386775313,0.21385816649824996,-0.08964973518569552,-0.009149895402980678,-0.16314974853713593,0.07485035827438748,-0.9962548030500425,-0.9676347481847851,-1.022894767971442,-0.4769548620821074,-1,1,-1,1,-13,13,-13,13,-12,12,-12,13
1783308107.225601,35.0,0.0,0.0,35.0,0.0,0,10.283857861322469,10.283857861322469,10.283857861322469,10.283857861322469,10.539999961853027,10.3100004196167,10.75,10.069999694824219,-0.25614210053055864,-0.02614255829423051,-0.4661421386775313,0.21385816649824996,-0.08964973518569552,-0.009149895402980678,-0.16314974853713593,0.07485035827438748,-0.9985600819548176,-0.9678700312094332,-1.0270900472195397,-0.47503013858362314,-1,1,-1,1,-13,13,-13,13,-12,12,-12,13
1783308107.2456837,35.0,0.0,0.0,35.0,0.0,0,10.283857861322469,10.283857861322469,10.283857861322469,10.283857861322469,10.779999732971191,10.15999984741211,10.470000267028809,10.220000267028809,-0.4961418716487227,0.12385801391035933,-0.1861424057063399,0.06385759429366011,-0.17364965507705293,0.04335030486862576,-0.06514984199721896,0.022350158002781038,-1.003025358799656,-0.9667553090842399,-1.0287653288708967,-0.4744554202349802,-1,1,-1,1,-13,13,-13,13,-12,12,-12,13
1783308107.2656045,35.0,0.0,0.0,35.0,0.0,0,10.283857861322469,10.283857861322469,10.283857861322469,10.283857861322469,10.779999732971191,10.15999984741211,10.470000267028809,10.220000267028809,-0.4961418716487227,0.12385801391035933,-0.1861424057063399,0.06385759429366011,-0.17364965507705293,0.04335030486862576,-0.06514984199721896,0.022350158002781038,-1.0074906356444946,-0.9656405869590466,-1.0304406105222537,-0.4738807018863373,-1,1,-1,1,-13,13,-13,13,-12,12,-12,13
1783308107.285734,35.0,0.0,0.0,35.0,0.0,0,10.283857861322469,10.283857861322469,10.283857861322469,10.283857861322469,10.489999771118164,10.050000190734863,10.5,10.329999923706055,-0.20614190979569536,0.23385767058760543,-0.2161421386775313,-0.04614206238358598,-0.07214966842849337,0.0818501847056619,-0.07564974853713595,-0.01614972183425509,-1.0093459128326558,-0.9635358679237582,-1.0323858897703515,-0.4742959804477896,-1,1,-1,1,-13,13,-13,13,-12,12,-12,13
1783308107.305611,35.0,0.0,0.0,35.0,0.0,0,10.283857861322469,10.283857861322469,10.283857861322469,10.283857861322469,10.489999771118164,10.050000190734863,10.5,10.329999923706055,-0.20614190979569536,0.23385767058760543,-0.2161421386775313,-0.04614206238358598,-0.07214966842849337,0.0818501847056619,-0.07564974853713595,-0.01614972183425509,-1.011201190020817,-0.9614311488884698,-1.0343311690184493,-0.4747112590092419,-1,1,-1,1,-13,13,-13,13,-12,12,-12,13
1783308107.3255954,35.0,0.0,0.0,35.0,0.0,0,10.283857861322469,10.283857861322469,10.283857861322469,10.283857861322469,10.489999771118164,10.050000190734863,10.5,10.329999923706055,-0.20614190979569536,0.23385767058760543,-0.2161421386775313,-0.04614206238358598,-0.07214966842849337,0.0818501847056619,-0.07564974853713595,-0.01614972183425509,-1.0130564672089784,-0.9593264298531814,-1.0362764482665472,-0.4751265375706942,-1,1,-1,1,-13,13,-13,13,-12,12,-12,13
1783308107.3456936,35.0,0.0,0.0,35.0,0.0,0,10.283857861322469,10.283857861322469,10.283857861322469,10.283857861322469,10.510000228881836,10.430000305175781,10.289999961853027,9.9399995803833,-0.22614236755936723,-0.14614244385331254,-0.006142100530558636,0.3438582809391679,-0.07914982864577852,-0.05114985534865939,-0.0021497351856955226,0.12035039832870877,-1.0150917485170126,-0.9606417118478612,-1.0363317271713222,-0.4720318130422417,-1,1,-1,1,-13,13,-13,13,-12,12,-12,13
1783308107.3655972,35.0,0.0,0.0,35.0,0.0,0,10.283857861322469,10.283857861322469,10.283857861322469,10.283857861322469,10.510000228881836,10.430000305175781,10.289999961853027,9.9399995803833,-0.22614236755936723,-0.14614244385331254,-0.006142100530558636,0.3438582809391679,-0.07914982864577852,-0.05114985534865939,-0.0021497351856955226,0.12035039832870877,-1.0171270298250468,-0.961956993842541,-1.0363870060760971,-0.4689370885137892,-1,1,-1,1,-13,13,-13,13,-12,12,-12,13
1783308107.3856804,35.0,0.0,0.0,35.0,0.0,0,10.283857861322469,10.283857861322469,10.283857861322469,10.283857861322469,9.850000381469727,10.25,10.149999618530273,9.899999618530273,0.43385747985274214,0.03385786132246871,0.13385824279219527,0.38385824279219527,0.15185011794845973,0.011850251462864047,0.046850384977268344,0.13435038497726834,-1.0132223125063722,-0.9616522730906387,-1.0351822818909673,-0.4654823643286594,-1,1,-1,1,-13,13,-13,13,-12,12,-12,13
1783308107.405586,35.0,0.0,0.0,35.0,0.0,0,10.283857861322469,10.283857861322469,10.283857861322469,10.283857861322469,9.850000381469727,10.25,10.149999618530273,9.899999618530273,0.43385747985274214,0.03385786132246871,0.13385824279219527,0.38385824279219527,0.15185011794845973,0.011850251462864047,0.046850384977268344,0.13435038497726834,-1.0093175951876976,-0.9613475523387365,-1.0339775577058374,-0.46202764014352965,-1,1,-1,1,-13,13,-13,13,-12,12,-12,13
1783308107.4257033,35.0,0.0,0.0,35.0,0.0,0,10.283857861322469,10.283857861322469,10.283857861322469,10.283857861322469,9.850000381469727,10.25,10.149999618530273,9.899999618530273,0.43385747985274214,0.03385786132246871,0.13385824279219527,0.38385824279219527,0.15185011794845973,0.011850251462864047,0.046850384977268344,0.13435038497726834,-1.005412877869023,-0.9610428315868342,-1.0327728335207076,-0.4585729159583999,-1,1,-1,1,-13,13,-13,13,-12,12,-12,13
1783308107.4456139,35.0,0.0,0.0,35.0,0.0,0,10.283857861322469,10.283857861322469,10.283857861322469,10.283857861322469,9.609999656677246,10.119999885559082,10.050000190734863,9.649999618530273,0.6738582046452226,0.16385797576338668,0.23385767058760543,0.6338582427921953,0.2358503716258279,0.057350291517185334,0.0818501847056619,0.22185038497726833,-0.999348154027216,-0.9595681098049638,-1.030668114485419,-0.45286819177327015,-1,1,-1,1,-13,13,-13,13,-12,12,-12,13
1783308107.4655974,35.0,0.0,0.0,35.0,0.0,0,10.283857861322469,10.283857861322469,10.283857861322469,10.283857861322469,9.609999656677246,10.119999885559082,10.050000190734863,9.649999618530273,0.6738582046452226,0.16385797576338668,0.23385767058760543,0.6338582427921953,0.2358503716258279,0.057350291517185334,0.0818501847056619,0.22185038497726833,-0.993283430185409,-0.9580933880230933,-1.0285633954501305,-0.4471634675881404,-1,1,-1,1,-13,13,-13,13,-12,12,-12,13
1783308107.4857063,35.0,0.0,0.0,35.0,0.0,0,10.283857861322469,10.283857861322469,10.283857861322469,10.283857861322469,9.670000076293945,10.029999732971191,10.199999809265137,9.699999809265137,0.6138577850285234,0.2538581283512773,0.08385805205733199,0.583858052057332,0.21485022475998317,0.08885034492294705,0.029350318220066195,0.2043503182200662,-0.9877587101201523,-0.9558086648679318,-1.0278086729816145,-0.4419087451196244,-1,1,-1,1,-13,13,-13,13,-12,12,-12,13
1783308107.50563,35.0,0.0,0.0,35.0,0.0,0,10.283857861322469,10.283857861322469,10.283857861322469,10.283857861322469,9.670000076293945,10.029999732971191,10.199999809265137,9.699999809265137,0.6138577850285234,0.2538581283512773,0.08385805205733199,0.583858052057332,0.21485022475998317,0.08885034492294705,0.029350318220066195,0.2043503182200662,-0.9822339900548955,-0.9535239417127703,-1.0270539505130984,-0.4366540226511084,-1,1,-1,1,-13,13,-13,13,-12,12,-12,13
1783308107.5255845,35.0,0.0,0.0,35.0,0.0,0,10.283857861322469,10.283857861322469,10.283857861322469,10.283857861322469,9.670000076293945,10.029999732971191,10.199999809265137,9.699999809265137,0.6138577850285234,0.2538581283512773,0.08385805205733199,0.583858052057332,0.21485022475998317,0.08885034492294705,0.029350318220066195,0.2043503182200662,-0.9767092699896388,-0.9512392185576088,-1.0262992280445824,-0.4313993001825924,-1,1,-1,1,-13,13,-13,13,-12,12,-12,13
1783308107.5456002,35.0,0.0,0.0,35.0,0.0,0,10.283857861322469,10.283857861322469,10.283857861322469,10.283857861322469,9.710000038146973,10.1899995803833,10.09000015258789,9.729999542236328,0.573857823175496,0.09385828093916793,0.19385770873457808,0.5538583190861406,0.2008502381114236,0.03285039832870877,0.06785019805710232,0.1938504116801492,-0.9715445495810593,-0.9503944940291563,-1.0245545086659713,-0.42641457531081717,-1,1,-1,1,-13,13,-13,13,-12,12,-12,13
1783308107.5655944,35.0,0.0,0.0,35.0,0.0,0,10.283857861322469,10.283857861322469,10.283857861322469,10.283857861322469,9.710000038146973,10.1899995803833,10.09000015258789,9.729999542236328,0.573857823175496,0.09385828093916793,0.19385770873457808,0.5538583190861406,0.2008502381114236,0.03285039832870877,0.06785019805710232,0.1938504116801492,-0.9663798291724798,-0.9495497695007038,-1.0228097892873602,-0.4214298504390419,-1,1,-1,1,-13,13,-13,13,-12,12,-12,13
1783308107.5856864,35.0,0.0,0.0,35.0,0.0,0,10.283857861322469,10.283857861322469,10.283857861322469,10.283857861322469,9.289999961853027,10.069999694824219,9.779999732971191,9.529999732971191,0.9938578994694414,0.21385816649824996,0.5038581283512773,0.7538581283512773,0.3478502648143045,0.07485035827438748,0.17635034492294704,0.263850344922947,-0.9574351080772548,-0.9476250460022195,-1.0182750661321986,-0.4146451272838804,-1,1,-1,1,-13,13,-13,13,-12,12,-12,13
1783308107.60563,35.0,0.0,0.0,35.0,0.0,0,10.283857861322469,10.283857861322469,10.283857861322469,10.283857861322469,9.289999961853027,10.069999694824219,9.779999732971191,9.529999732971191,0.9938578994694414,0.21385816649824996,0.5038581283512773,0.7538581283512773,0.3478502648143045,0.07485035827438748,0.17635034492294704,0.263850344922947,-0.9484903869820299,-0.9457003225037353,-1.013740342977037,-0.40786040412871893,-1,1,-1,1,-13,13,-13,13,-12,12,-12,13
1783308107.6255887,35.0,0.0,0.0,35.0,0.0,0,10.283857861322469,10.283857861322469,10.283857861322469,10.283857861322469,9.289999961853027,10.069999694824219,9.779999732971191,9.529999732971191,0.9938578994694414,0.21385816649824996,0.5038581283512773,0.7538581283512773,0.3478502648143045,0.07485035827438748,0.17635034492294704,0.263850344922947,-0.939545665886805,-0.943775599005251,-1.0092056198218755,-0.40107568097355745,-1,1,-1,1,-13,13,-13,13,-12,12,-12,13
1783308107.645579,35.0,0.0,0.0,35.0,0.0,0,10.283857861322469,10.283857861322469,10.283857861322469,10.283857861322469,9.449999809265137,10.0,9.789999961853027,9.390000343322754,0.833858052057332,0.2838578613224687,0.49385789946944136,0.8938575179997148,0.2918503182200662,0.09935025146286404,0.17285026481430446,0.31285013129990014,-0.932040943418289,-0.9412208782533488,-1.0047608987266505,-0.39303096331156,-1,1,-1,1,-13,13,-13,13,-12,12,-12,13
1783308107.665595,35.0,0.0,0.0,35.0,0.0,0,10.283857861322469,10.283857861322469,10.283857861322469,10.283857861322469,9.449999809265137,10.0,9.789999961853027,9.390000343322754,0.833858052057332,0.2838578613224687,0.49385789946944136,0.8938575179997148,0.2918503182200662,0.09935025146286404,0.17285026481430446,0.31285013129990014,-0.9245362209497731,-0.9386661575014466,-1.0003161776314256,-0.3849862456495626,-1,1,-1,1,-13,13,-13,13,-12,12,-12,13
1783308107.685695,35.0,0.0,0.0,35.0,0.0,0,10.283857861322469,10.283857861322469,10.283857861322469,10.283857861322469,9.779999732971191,9.489999771118164,9.789999961853027,9.0600004196167,0.5038581283512773,0.7938580902043046,0.49385789946944136,1.2238574417057695,0.17635034492294704,0.2778503315715066,0.17285026481430446,0.4283501045970193,-0.9200014977946116,-0.9315214346896078,-0.9958714565362006,-0.37397152867421063,-1,1,-1,1,-13,13,-13,13,-12,12,-12,13
1783308107.7055964,35.0,0.0,0.0,35.0,0.0,0,10.283857861322469,10.283857861322469,10.283857861322469,10.283857861322469,9.779999732971191,9.489999771118164,9.789999961853027,9.0600004196167,0.5038581283512773,0.7938580902043046,0.49385789946944136,1.2238574417057695,0.17635034492294704,0.2778503315715066,0.17285026481430446,0.4283501045970193,-0.9154667746394501,-0.924376711877769,-0.9914267354409756,-0.3629568116988587,-1,1,-1,1,-13,13,-13,13,-12,12,-12,13
1783308107.7255926,35.0,0.0,0.0,35.0,0.0,0,10.283857861322469,10.283857861322469,10.283857861322469,10.283857861322469,9.779999732971191,9.489999771118164,9.789999961853027,9.0600004196167,0.5038581283512773,0.7938580902043046,0.49385789946944136,1.2238574417057695,0.17635034492294704,0.2778503315715066,0.17285026481430446,0.4283501045970193,-0.9109320514842887,-0.9172319890659303,-0.9869820143457506,-0.35194209472350674,-1,1,-1,1,-13,13,-13,13,-12,12,-12,13
1783308107.7456117,35.0,0.0,0.0,35.0,0.0,0,10.283857861322469,10.283857861322469,10.283857861322469,10.283857861322469,9.34000015258789,9.359999656677246,9.569999694824219,8.829999923706055,0.9438577087345781,0.9238582046452226,0.71385816649825,1.453857937616414,0.3303501980571023,0.3233503716258279,0.24985035827438748,0.5088502781657449,-0.9024373321056774,-0.9089172652241233,-0.9805572908472664,-0.338857373284959,-1,1,-1,1,-13,13,-13,13,-12,12,-12,13
1783308107.7656033,35.0,0.0,0.0,35.0,0.0,0,10.283857861322469,10.283857861322469,10.283857861322469,10.283857861322469,9.34000015258789,9.359999656677246,9.569999694824219,8.829999923706055,0.9438577087345781,0.9238582046452226,0.71385816649825,1.453857937616414,0.3303501980571023,0.3233503716258279,0.24985035827438748,0.5088502781657449,-0.8939426127270662,-0.9006025413823163,-0.9741325673487822,-0.3257726518464113,-1,1,-1,1,-13,13,-13,13,-12,12,-12,13
1783308107.7857006,35.0,0.0,0.0,35.0,0.0,0,10.283857861322469,10.283857861322469,10.283857861322469,10.283857861322469,8.800000190734863,9.489999771118164,8.970000267028809,8.899999618530273,1.4838576705876054,0.7938580902043046,1.3138575942936601,1.3838582427921953,0.5193501847056619,0.2778503315715066,0.459850158002781,0.4843503849772683,-0.8805878936917778,-0.8934578185704776,-0.9623078490001392,-0.3133179276612815,-1,1,-1,1,-13,13,-13,13,-13,12,-12,13
1783308107.8057213,35.0,0.0,0.0,35.0,0.0,0,10.283857861322469,10.283857861322469,10.283857861322469,10.283857861322469,8.800000190734863,9.489999771118164,8.970000267028809,8.899999618530273,1.4838576705876054,0.7938580902043046,1.3138575942936601,1.3838582427921953,0.5193501847056619,0.2778503315715066,0.459850158002781,0.4843503849772683,-0.8672331746564894,-0.8863130957586388,-0.9504831306514963,-0.30086320347615175,-1,1,-1,1,-13,13,-13,13,-13,12,-13,13
1783308107.8255997,35.0,0.0,0.0,35.0,0.0,0,10.283857861322469,10.283857861322469,10.283857861322469,10.283857861322469,8.800000190734863,9.489999771118164,8.970000267028809,8.899999618530273,1.4838576705876054,0.7938580902043046,1.3138575942936601,1.3838582427921953,0.5193501847056619,0.2778503315715066,0.459850158002781,0.4843503849772683,-0.853878455621201,-0.8791683729468001,-0.9386584123028533,-0.288408479291022,-1,1,-1,1,-13,13,-13,13,-13,12,-13,13
1783308107.8457344,35.0,0.0,0.0,35.0,0.0,0,10.283857861322469,10.283857861322469,10.283857861322469,10.283857861322469,8.649999618530273,9.59000015258789,8.770000457763672,8.720000267028809,1.6338582427921953,0.6938577087345781,1.5138574035587968,1.5638575942936601,0.5718503849772683,0.2428501980571023,0.5298500912455788,0.547350158002781,-0.8391737314360712,-0.8729236535681889,-0.9250336956708242,-0.27433376094237905,-1,1,-1,1,-13,13,-13,13,-13,12,-13,13
1783308107.865625,35.0,0.0,0.0,35.0,0.0,0,10.283857861322469,10.283857861322469,10.283857861322469,10.283857861322469,8.649999618530273,9.59000015258789,8.770000457763672,8.720000267028809,1.6338582427921953,0.6938577087345781,1.5138574035587968,1.5638575942936601,0.5718503849772683,0.2428501980571023,0.5298500912455788,0.547350158002781,-0.8244690072509414,-0.8666789341895778,-0.911408979038795,-0.2602590425937361,-1,1,-1,1,-13,13,-13,13,-13,12,-13,13
1783308107.8856776,35.0,0.0,0.0,35.0,0.0,0,10.283857861322469,10.283857861322469,10.283857861322469,10.283857861322469,8.770000457763672,9.199999809265137,8.850000381469727,9.050000190734863,1.5138574035587968,1.083858052057332,1.4338574798527421,1.2338576705876054,0.5298500912455788,0.37935031822006615,0.5018501179484597,0.4318501847056619,-0.8108442906189123,-0.8569242117210618,-0.8985042617201203,-0.24915432355844766,-1,1,-1,1,-13,13,-13,13,-13,13,-13,13
1783308107.9057066,35.0,0.0,0.0,35.0,0.0,0,10.283857861322469,10.283857861322469,10.283857861322469,10.283857861322469,8.770000457763672,9.199999809265137,8.850000381469727,9.050000190734863,1.5138574035587968,1.083858052057332,1.4338574798527421,1.2338576705876054,0.5298500912455788,0.37935031822006615,0.5018501179484597,0.4318501847056619,-0.7972195739868831,-0.8471694892525459,-0.8855995444014456,-0.2380496045231592,-1,1,-1,1,-13,13,-13,13,-13,13,-13,13
1783308107.9255903,35.0,0.0,0.0,35.0,0.0,0,10.283857861322469,10.283857861322469,10.283857861322469,10.283857861322469,8.770000457763672,9.199999809265137,8.850000381469727,9.050000190734863,1.5138574035587968,1.083858052057332,1.4338574798527421,1.2338576705876054,0.5298500912455788,0.37935031822006615,0.5018501179484597,0.4318501847056619,-0.783594857354854,-0.8374147667840299,-0.8726948270827709,-0.22694488548787076,-1,1,-1,1,-13,13,-13,13,-13,13,-13,13
1783308107.945635,35.0,0.0,0.0,35.0,0.0,0,10.283857861322469,10.283857861322469,10.283857861322469,10.283857861322469,8.859999656677246,9.15999984741211,8.90999984741211,8.819999694824219,1.4238582046452226,1.1238580139103593,1.3738580139103593,1.46385816649825,0.4983503716258279,0.39335030486862577,0.48085030486862573,0.5123503582743875,-0.770780133513047,-0.8273000446588367,-0.8603301049575777,-0.2137701619893865,-1,1,-1,1,-13,13,-13,13,-13,13,-13,13
1783308107.9655902,35.0,0.0,0.0,35.0,0.0,0,10.283857861322469,10.283857861322469,10.283857861322469,10.283857861322469,8.859999656677246,9.15999984741211,8.90999984741211,8.819999694824219,1.4238582046452226,1.1238580139103593,1.3738580139103593,1.46385816649825,0.4983503716258279,0.39335030486862577,0.48085030486862573,0.5123503582743875,-0.7579654096712399,-0.8171853225336434,-0.8479653828323844,-0.20059543849090225,-1,1,-1,1,-13,13,-13,13,-13,13,-13,13
1783308107.9856615,35.0,0.0,0.0,35.0,0.0,0,10.283857861322469,10.283857861322469,10.283857861322469,10.283857861322469,8.6899995803833,9.130000114440918,8.729999542236328,8.890000343322754,1.593858280939168,1.1538577468815507,1.5538583190861406,1.3938575179997148,0.5578503983287088,0.4038502114085427,0.5438504116801491,0.4878501312999001,-0.7436206851427875,-0.8068006028117094,-0.8339806579606092,-0.1880507208289048,-1,1,-1,1,-13,13,-13,13,-13,13,-13,13
1783308108.0055926,35.0,0.0,0.0,35.0,0.0,0,10.283857861322469,10.283857861322469,10.283857861322469,10.283857861322469,8.6899995803833,9.130000114440918,8.729999542236328,8.890000343322754,1.593858280939168,1.1538577468815507,1.5538583190861406,1.3938575179997148,0.5578503983287088,0.4038502114085427,0.5438504116801491,0.4878501312999001,-0.729275960614335,-0.7964158830897754,-0.8199959330888339,-0.17550600316690737,-1,1,-1,1,-13,13,-13,13,-13,13,-13,13
1783308108.02558,35.0,0.0,0.0,35.0,0.0,0,10.283857861322469,10.283857861322469,10.283857861322469,10.283857861322469,8.6899995803833,9.130000114440918,8.729999542236328,8.890000343322754,1.593858280939168,1.1538577468815507,1.5538583190861406,1.3938575179997148,0.5578503983287088,0.4038502114085427,0.5438504116801491,0.4878501312999001,-0.7149312360858825,-0.7860311633678414,-0.8060112082170586,-0.16296128550490993,-1,1,-1,1,-13,13,-13,13,-13,13,-13,13
1783308108.0456114,35.0,0.0,0.0,35.0,0.0,0,10.283857861322469,10.283857861322469,10.283857861322469,10.283857861322469,9.029999732971191,9.109999656677246,9.050000190734863,8.9399995803833,1.2538581283512773,1.1738582046452226,1.2338576705876054,1.343858280939168,0.438850344922947,0.4108503716258279,0.4318501847056619,0.47035039832870873,-0.703646512930721,-0.7754664395260344,-0.7949064891817702,-0.15086656097645743,-1,1,-1,1,-13,13,-13,13,-13,13,-13,13
1783308108.0655813,35.0,0.0,0.0,35.0,0.0,0,10.283857861322469,10.283857861322469,10.283857861322469,10.283857861322469,9.029999732971191,9.109999656677246,9.050000190734863,8.9399995803833,1.2538581283512773,1.1738582046452226,1.2338576705876054,1.343858280939168,0.438850344922947,0.4108503716258279,0.4318501847056619,0.47035039832870873,-0.6923617897755595,-0.7649017156842275,-0.7838017701464818,-0.13877183644800492,-1,1,-1,1,-13,13,-13,13,-13,13,-13,13
1783308108.0856605,35.0,0.0,0.0,35.0,0.0,0,10.283857861322469,10.283857861322469,10.283857861322469,10.283857861322469,9.260000228881836,9.09000015258789,9.279999732971191,8.979999542236328,1.0238576324406328,1.193857708734578,1.0038581283512773,1.3038583190861406,0.3583501713542214,0.41785019805710233,0.35135034492294703,0.45635041168014917,-0.6831470710835938,-0.7541569963056163,-0.7747670469913203,-0.12703711157622966,-1,1,-1,1,-13,13,-13,13,-13,13,-13,13
1783308108.1057174,35.0,0.0,0.0,35.0,0.0,0,10.283857861322469,10.283857861322469,10.283857861322469,10.283857861322469,9.260000228881836,9.09000015258789,9.279999732971191,8.979999542236328,1.0238576324406328,1.193857708734578,1.0038581283512773,1.3038583190861406,0.3583501713542214,0.41785019805710233,0.35135034492294703,0.45635041168014917,-0.6739323523916282,-0.7434122769270051,-0.7657323238361587,-0.11530238670445439,-1,1,-1,1,-13,13,-13,13,-13,13,-13,13
1783308108.1257236,35.0,0.0,0.0,35.0,0.0,0,10.283857861322469,10.283857861322469,10.283857861322469,10.283857861322469,9.260000228881836,9.09000015258789,9.279999732971191,8.979999542236328,1.0238576324406328,1.193857708734578,1.0038581283512773,1.3038583190861406,0.3583501713542214,0.41785019805710233,0.35135034492294703,0.45635041168014917,-0.6647176336996625,-0.7326675575483939,-0.7566976006809972,-0.10356766183267913,-1,1,-1,1,-13,13,-13,13,-13,13,-13,13
1783308108.145594,35.0,0.0,0.0,35.0,0.0,0,10.283857861322469,10.283857861322469,10.283857861322469,10.283857861322469,9.430000305175781,9.3100004196167,9.210000038146973,9.229999542236328,0.8538575561466875,0.9738574417057695,1.073857823175496,1.0538583190861406,0.2988501446513406,0.3408501045970193,0.3758502381114236,0.3688504116801492,-0.6570329156943423,-0.7239028405730419,-0.7470328802724178,-0.09408293696090386,-1,1,-1,1,-13,13,-13,13,-13,13,-13,13
1783308108.1656065,35.0,0.0,0.0,35.0,0.0,0,10.283857861322469,10.283857861322469,10.283857861322469,10.283857861322469,9.430000305175781,9.3100004196167,9.210000038146973,9.229999542236328,0.8538575561466875,0.9738574417057695,1.073857823175496,1.0538583190861406,0.2988501446513406,0.3408501045970193,0.3758502381114236,0.3688504116801492,-0.6493481976890221,-0.7151381235976899,-0.7373681598638383,-0.0845982120891286,-1,1,-1,1,-13,13,-13,13,-13,13,-13,13
1783308108.1856723,35.0,0.0,0.0,35.0,0.0,0,10.283857861322469,10.283857861322469,10.283857861322469,10.283857861322469,9.319999694824219,9.6899995803833,9.170000076293945,9.399999618530273,0.96385816649825,0.5938582809391679,1.1138577850285234,0.8838582427921953,0.3373503582743875,0.20785039832870877,0.38985022475998315,0.3093503849772683,-0.6406734741905378,-0.7097933990692374,-0.7273434397985816,-0.07664348790399884,-1,1,-1,1,-13,13,-13,13,-13,12,-13,13
1783308108.2056015,35.0,0.0,0.0,35.0,0.0,0,10.283857861322469,10.283857861322469,10.283857861322469,10.283857861322469,9.319999694824219,9.6899995803833,9.170000076293945,9.399999618530273,0.96385816649825,0.5938582809391679,1.1138577850285234,0.8838582427921953,0.3373503582743875,0.20785039832870877,0.38985022475998315,0.3093503849772683,-0.6319987506920535,-0.704448674540785,-0.717318719733325,-0.06868876371886909,-1,1,-1,1,-13,13,-13,13,-13,13,-13,13
1783308108.2255952,35.0,0.0,0.0,35.0,0.0,0,10.283857861322469,10.283857861322469,10.283857861322469,10.283857861322469,9.319999694824219,9.6899995803833,9.170000076293945,9.399999618530273,0.96385816649825,0.5938582809391679,1.1138577850285234,0.8838582427921953,0.3373503582743875,0.20785039832870877,0.38985022475998315,0.3093503849772683,-0.6233240271935692,-0.6991039500123325,-0.7072939996680683,-0.060734039533739334,-1,1,-1,1,-13,13,-13,13,-13,13,-13,13
1783308108.2455933,35.0,0.0,0.0,35.0,0.0,0,10.283857861322469,10.283857861322469,10.283857861322469,10.283857861322469,9.460000038146973,9.949999809265137,9.359999656677246,9.75,0.823857823175496,0.333858052057332,0.9238582046452226,0.5338578613224687,0.2883502381114236,0.11685031822006618,0.3233503716258279,0.18685025146286405,-0.6159093067849897,-0.6960992275438165,-0.6989792758262613,-0.055929318781837115,-1,1,-1,1,-13,13,-13,13,-13,12,-13,13
1783308108.2656937,35.0,0.0,0.0,35.0,0.0,0,10.283857861322469,10.283857861322469,10.283857861322469,10.283857861322469,9.460000038146973,9.949999809265137,9.359999656677246,9.75,0.823857823175496,0.333858052057332,0.9238582046452226,0.5338578613224687,0.2883502381114236,0.11685031822006618,0.3233503716258279,0.18685025146286405,-0.6084945863764102,-0.6930945050753005,-0.6906645519844543,-0.051124598029934895,-1,1,-1,1,-13,13,-13,13,-13,12,-13,13
1783308108.2857056,35.0,0.0,0.0,35.0,0.0,0,10.283857861322469,10.283857861322469,10.283857861322469,10.283857861322469,10.25,9.90999984741211,10.170000076293945,10.0,0.03385786132246871,0.37385801391035933,0.1138577850285234,0.2838578613224687,0.011850251462864047,0.13085030486862576,0.039850224759983184,0.09935025146286404,-0.6081898656245079,-0.6897297829501072,-0.6896398319191976,-0.04856987727803268,-1,1,-1,1,-13,13,-13,13,-12,12,-12,13
1783308108.3056827,35.0,0.0,0.0,35.0,0.0,0,10.283857861322469,10.283857861322469,10.283857861322469,10.283857861322469,10.25,9.90999984741211,10.170000076293945,10.0,0.03385786132246871,0.37385801391035933,0.1138577850285234,0.2838578613224687,0.011850251462864047,0.13085030486862576,0.039850224759983184,0.09935025146286404,-0.6078851448726057,-0.686365060824914,-0.688615111853941,-0.04601515652613046,-1,1,-1,1,-13,13,-13,13,-12,12,-12,13
1783308108.3256135,35.0,0.0,0.0,35.0,0.0,0,10.283857861322469,10.283857861322469,10.283857861322469,10.283857861322469,10.25,9.90999984741211,10.170000076293945,10.0,0.03385786132246871,0.37385801391035933,0.1138577850285234,0.2838578613224687,0.011850251462864047,0.13085030486862576,0.039850224759983184,0.09935025146286404,-0.6075804241207035,-0.6830003386997208,-0.6875903917886843,-0.04346043577422824,-1,1,-1,1,-13,13,-13,13,-12,12,-12,13
1783308108.3455908,35.0,0.0,0.0,35.0,0.0,0,10.283857861322469,10.283857861322469,10.283857861322469,10.283857861322469,10.569999694824219,10.329999923706055,10.520000457763672,10.170000076293945,-0.28614183350175004,-0.04614206238358598,-0.23614259644120317,0.1138577850285234,-0.10014964172561251,-0.01614972183425509,-0.0826499087544211,0.039850224759983184,-0.6101557006222192,-0.6834156172611731,-0.6897156751566551,-0.04243571570897153,-1,1,-1,1,-13,13,-13,13,-12,12,-12,13
1783308108.365688,35.0,0.0,0.0,35.0,0.0,0,10.283857861322469,10.283857861322469,10.283857861322469,10.283857861322469,10.569999694824219,10.329999923706055,10.520000457763672,10.170000076293945,-0.28614183350175004,-0.04614206238358598,-0.23614259644120317,0.1138577850285234,-0.10014964172561251,-0.01614972183425509,-0.0826499087544211,0.039850224759983184,-0.612730977123735,-0.6838308958226254,-0.6918409585246259,-0.041410995643714824,-1,1,-1,1,-13,13,-13,13,-12,12,-12,13
1783308108.3856664,35.0,0.0,0.0,35.0,0.0,0,10.283857861322469,10.283857861322469,10.283857861322469,10.283857861322469,10.800000190734863,10.630000114440918,10.529999732971191,10.510000228881836,-0.5161423294123946,-0.34614225311844926,-0.2461418716487227,-0.22614236755936723,-0.1806498152943381,-0.12114978859145724,-0.08614965507705294,-0.07914982864577852,-0.6173762580884465,-0.6869461761006914,-0.6940562353694644,-0.04344627695174913,-1,1,-1,1,-13,13,-13,13,-12,12,-12,13
1783308108.4057026,35.0,0.0,0.0,35.0,0.0,0,10.283857861322469,10.283857861322469,10.283857861322469,10.283857861322469,10.800000190734863,10.630000114440918,10.529999732971191,10.510000228881836,-0.5161423294123946,-0.34614225311844926,-0.2461418716487227,-0.22614236755936723,-0.1806498152943381,-0.12114978859145724,-0.08614965507705294,-0.07914982864577852,-0.622021539053158,-0.6900614563787575,-0.6962715122143028,-0.045481558259783436,-1,1,-1,1,-13,13,-13,13,-12,12,-12,13
1783308108.4255729,0.0,0.0,0.0,0.0,0.0,0,0.0,0.0,0.0,0.0,10.800000190734863,10.630000114440918,10.529999732971191,10.510000228881836,-10.800000190734863,-10.630000114440918,-10.529999732971191,-10.510000228881836,-3.780000066757202,-3.720500040054321,-3.6854999065399165,-3.6785000801086425,0.0,0.0,0.0,0.0,-1,1,-1,1,0,0,0,0,0,0,0,0
1783308108.4456618,0.0,0.0,0.0,0.0,0.0,0,0.0,0.0,0.0,0.0,11.180000305175781,10.84000015258789,11.0,10.760000228881836,-11.180000305175781,-10.84000015258789,-11.0,-10.760000228881836,-3.913000106811523,-3.7940000534057616,-3.8499999999999996,-3.7660000801086424,0.0,0.0,0.0,0.0,-1,1,-1,1,0,0,0,0,0,0,0,0
1783308108.4655807,0.0,0.0,0.0,0.0,0.0,0,0.0,0.0,0.0,0.0,11.180000305175781,10.84000015258789,11.0,10.760000228881836,-11.180000305175781,-10.84000015258789,-11.0,-10.760000228881836,-3.913000106811523,-3.7940000534057616,-3.8499999999999996,-3.7660000801086424,0.0,0.0,0.0,0.0,-1,1,-1,1,0,0,0,0,0,0,0,0
1783308108.485611,0.0,0.0,0.0,0.0,0.0,0,0.0,0.0,0.0,0.0,10.770000457763672,10.979999542236328,10.869999885559082,11.149999618530273,-10.770000457763672,-10.979999542236328,-10.869999885559082,-11.149999618530273,-3.769500160217285,-3.8429998397827148,-3.8044999599456784,-3.9024998664855954,0.0,0.0,0.0,0.0,-1,1,-1,1,0,0,0,0,0,0,0,0
1783308108.5057175,0.0,0.0,0.0,0.0,0.0,0,0.0,0.0,0.0,0.0,10.770000457763672,10.979999542236328,10.869999885559082,11.149999618530273,-10.770000457763672,-10.979999542236328,-10.869999885559082,-11.149999618530273,-3.769500160217285,-3.8429998397827148,-3.8044999599456784,-3.9024998664855954,0.0,0.0,0.0,0.0,-1,1,-1,1,0,0,0,0,0,0,0,0
1783308108.5255654,0.0,0.0,0.0,0.0,0.0,0,0.0,0.0,0.0,0.0,10.770000457763672,10.979999542236328,10.869999885559082,11.149999618530273,-10.770000457763672,-10.979999542236328,-10.869999885559082,-11.149999618530273,-3.769500160217285,-3.8429998397827148,-3.8044999599456784,-3.9024998664855954,0.0,0.0,0.0,0.0,-1,1,-1,1,0,0,0,0,0,0,0,0
1783308108.5455704,0.0,0.0,0.0,0.0,0.0,0,0.0,0.0,0.0,0.0,9.119999885559082,9.949999809265137,9.420000076293945,10.069999694824219,-9.119999885559082,-9.949999809265137,-9.420000076293945,-10.069999694824219,-3.1919999599456785,-3.4824999332427975,-3.2970000267028805,-3.524499893188476,0.0,0.0,0.0,0.0,-1,1,-1,1,0,0,0,0,0,0,0,0
1783308108.5655732,0.0,0.0,0.0,0.0,0.0,0,0.0,0.0,0.0,0.0,9.119999885559082,9.949999809265137,9.420000076293945,10.069999694824219,-9.119999885559082,-9.949999809265137,-9.420000076293945,-10.069999694824219,-3.1919999599456785,-3.4824999332427975,-3.2970000267028805,-3.524499893188476,0.0,0.0,0.0,0.0,-1,1,-1,1,0,0,0,0,0,0,0,0
1783308108.5856633,0.0,0.0,0.0,0.0,0.0,0,0.0,0.0,0.0,0.0,7.739999771118164,7.650000095367432,7.5,7.730000019073486,-7.739999771118164,-7.650000095367432,-7.5,-7.730000019073486,-2.7089999198913572,-2.677500033378601,-2.625,-2.70550000667572,0.0,0.0,0.0,0.0,-1,1,-1,1,0,0,0,0,0,0,0,0
1783308108.6056733,0.0,0.0,0.0,0.0,0.0,0,0.0,0.0,0.0,0.0,7.739999771118164,7.650000095367432,7.5,7.730000019073486,-7.739999771118164,-7.650000095367432,-7.5,-7.730000019073486,-2.7089999198913572,-2.677500033378601,-2.625,-2.70550000667572,0.0,0.0,0.0,0.0,-1,1,-1,1,0,0,0,0,0,0,0,0
1783308108.6255908,0.0,0.0,0.0,0.0,0.0,0,0.0,0.0,0.0,0.0,7.739999771118164,7.650000095367432,7.5,7.730000019073486,-7.739999771118164,-7.650000095367432,-7.5,-7.730000019073486,-2.7089999198913572,-2.677500033378601,-2.625,-2.70550000667572,0.0,0.0,0.0,0.0,-1,1,-1,1,0,0,0,0,0,0,0,0
1783308108.645718,0.0,0.0,0.0,0.0,0.0,0,0.0,0.0,0.0,0.0,5.420000076293945,5.349999904632568,5.25,5.860000133514404,-5.420000076293945,-5.349999904632568,-5.25,-5.860000133514404,-1.8970000267028808,-1.8724999666213988,-1.8375,-2.0510000467300413,0.0,0.0,0.0,0.0,-1,1,-1,1,0,0,0,0,0,0,0,0
1783308108.6655846,0.0,0.0,0.0,0.0,0.0,0,0.0,0.0,0.0,0.0,5.420000076293945,5.349999904632568,5.25,5.860000133514404,-5.420000076293945,-5.349999904632568,-5.25,-5.860000133514404,-1.8970000267028808,-1.8724999666213988,-1.8375,-2.0510000467300413,0.0,0.0,0.0,0.0,-1,1,-1,1,0,0,0,0,0,0,0,0
1783308108.685646,0.0,0.0,0.0,0.0,0.0,0,0.0,0.0,0.0,0.0,3.7899999618530273,3.75,3.6700000762939453,4.099999904632568,-3.7899999618530273,-3.75,-3.6700000762939453,-4.099999904632568,-1.3264999866485594,-1.3125,-1.2845000267028808,-1.4349999666213988,0.0,0.0,0.0,0.0,-1,1,-1,1,0,0,0,0,0,0,0,0
1783308108.7055843,0.0,0.0,0.0,0.0,0.0,0,0.0,0.0,0.0,0.0,3.7899999618530273,3.75,3.6700000762939453,4.099999904632568,-3.7899999618530273,-3.75,-3.6700000762939453,-4.099999904632568,-1.3264999866485594,-1.3125,-1.2845000267028808,-1.4349999666213988,0.0,0.0,0.0,0.0,-1,1,-1,1,0,0,0,0,0,0,0,0
1783308108.7256558,0.0,0.0,0.0,0.0,0.0,0,0.0,0.0,0.0,0.0,3.7899999618530273,3.75,3.6700000762939453,4.099999904632568,-3.7899999618530273,-3.75,-3.6700000762939453,-4.099999904632568,-1.3264999866485594,-1.3125,-1.2845000267028808,-1.4349999666213988,0.0,0.0,0.0,0.0,-1,1,-1,1,0,0,0,0,0,0,0,0
1783308108.7455866,0.0,0.0,0.0,0.0,0.0,0,0.0,0.0,0.0,0.0,2.6600000858306885,2.619999885559082,2.569999933242798,2.869999885559082,-2.6600000858306885,-2.619999885559082,-2.569999933242798,-2.869999885559082,-0.931000030040741,-0.9169999599456786,-0.8994999766349792,-1.0044999599456788,0.0,0.0,0.0,0.0,-1,1,-1,1,0,0,0,0,0,0,0,0
1783308108.7655795,0.0,0.0,0.0,0.0,0.0,0,0.0,0.0,0.0,0.0,2.6600000858306885,2.619999885559082,2.569999933242798,2.869999885559082,-2.6600000858306885,-2.619999885559082,-2.569999933242798,-2.869999885559082,-0.931000030040741,-0.9169999599456786,-0.8994999766349792,-1.0044999599456788,0.0,0.0,0.0,0.0,-1,1,-1,1,0,0,0,0,0,0,0,0
1783308108.785832,0.0,0.0,0.0,0.0,0.0,0,0.0,0.0,0.0,0.0,1.8600000143051147,1.840000033378601,1.7999999523162842,2.009999990463257,-1.8600000143051147,-1.840000033378601,-1.7999999523162842,-2.009999990463257,-0.6510000050067901,-0.6440000116825103,-0.6299999833106994,-0.7034999966621398,0.0,0.0,0.0,0.0,-1,1,-1,1,0,0,0,0,0,0,0,0
1783308108.805604,0.0,0.0,0.0,0.0,0.0,0,0.0,0.0,0.0,0.0,1.8600000143051147,1.840000033378601,1.7999999523162842,2.009999990463257,-1.8600000143051147,-1.840000033378601,-1.7999999523162842,-2.009999990463257,-0.6510000050067901,-0.6440000116825103,-0.6299999833106994,-0.7034999966621398,0.0,0.0,0.0,0.0,-1,1,-1,1,0,0,0,0,0,0,0,0
1783308108.825574,0.0,0.0,0.0,0.0,0.0,0,0.0,0.0,0.0,0.0,1.8600000143051147,1.840000033378601,1.7999999523162842,2.009999990463257,-1.8600000143051147,-1.840000033378601,-1.7999999523162842,-2.009999990463257,-0.6510000050067901,-0.6440000116825103,-0.6299999833106994,-0.7034999966621398,0.0,0.0,0.0,0.0,-1,1,-1,1,0,0,0,0,0,0,0,0
1783308108.8455937,0.0,0.0,0.0,0.0,0.0,0,0.0,0.0,0.0,0.0,1.2999999523162842,1.2799999713897705,1.2599999904632568,1.409999966621399,-1.2999999523162842,-1.2799999713897705,-1.2599999904632568,-1.409999966621399,-0.4549999833106994,-0.44799998998641966,-0.44099999666213985,-0.4934999883174896,0.0,0.0,0.0,0.0,-1,1,-1,1,0,0,0,0,0,0,0,0
1783308108.8655834,0.0,0.0,0.0,0.0,0.0,0,0.0,0.0,0.0,0.0,1.2999999523162842,1.2799999713897705,1.2599999904632568,1.409999966621399,-1.2999999523162842,-1.2799999713897705,-1.2599999904632568,-1.409999966621399,-0.4549999833106994,-0.44799998998641966,-0.44099999666213985,-0.4934999883174896,0.0,0.0,0.0,0.0,-1,1,-1,1,0,0,0,0,0,0,0,0
1783308108.8856533,0.0,0.0,0.0,0.0,0.0,0,0.0,0.0,0.0,0.0,0.9100000262260437,0.8999999761581421,0.8799999952316284,0.9900000095367432,-0.9100000262260437,-0.8999999761581421,-0.8799999952316284,-0.9900000095367432,-0.31850000917911525,-0.3149999916553497,-0.30799999833106995,-0.3465000033378601,0.0,0.0,0.0,0.0,-1,1,-1,1,0,0,0,0,0,0,0,0
1783308108.905591,0.0,0.0,0.0,0.0,0.0,0,0.0,0.0,0.0,0.0,0.9100000262260437,0.8999999761581421,0.8799999952316284,0.9900000095367432,-0.9100000262260437,-0.8999999761581421,-0.8799999952316284,-0.9900000095367432,-0.31850000917911525,-0.3149999916553497,-0.30799999833106995,-0.3465000033378601,0.0,0.0,0.0,0.0,-1,1,-1,1,0,0,0,0,0,0,0,0
1783308108.9256926,0.0,0.0,0.0,0.0,0.0,0,0.0,0.0,0.0,0.0,0.9100000262260437,0.8999999761581421,0.8799999952316284,0.9900000095367432,-0.9100000262260437,-0.8999999761581421,-0.8799999952316284,-0.9900000095367432,-0.31850000917911525,-0.3149999916553497,-0.30799999833106995,-0.3465000033378601,0.0,0.0,0.0,0.0,-1,1,-1,1,0,0,0,0,0,0,0,0
1783308108.945631,0.0,0.0,0.12,0.0,0.0,1,10.225092959257768,-10.225092959257768,10.225092959257768,-10.225092959257768,0.6399999856948853,0.6299999952316284,0.6200000047683716,0.6899999976158142,9.585092973562883,-10.855092954489397,9.605092954489397,-10.915092956873583,3.354782540747009,-3.799282534071289,3.361782534071289,-3.8202825349057536,0.08626583676206595,-0.09769583659040457,0.08644583659040457,-0.09823583661186225,-1,1,-1,1,-18,-18,-18,-18,-21,-22,-21,-22
1783308108.9656441,0.0,0.0,0.12,0.0,0.0,1,10.225092959257768,-10.225092959257768,10.225092959257768,-10.225092959257768,0.6399999856948853,0.6299999952316284,0.6200000047683716,0.6899999976158142,9.585092973562883,-10.855092954489397,9.605092954489397,-10.915092956873583,3.354782540747009,-3.799282534071289,3.361782534071289,-3.8202825349057536,0.1725316735241319,-0.19539167318080913,0.17289167318080914,-0.1964716732237245,-1,1,-1,1,-18,-18,-18,-18,-22,-22,-22,-22
1783308108.985685,0.0,0.0,0.12,0.0,0.0,1,10.225092959257768,-10.225092959257768,10.225092959257768,-10.225092959257768,0.6700000166893005,0.4399999976158142,0.4300000071525574,0.47999998927116394,9.555092942568468,-10.665092956873583,9.795092952105211,-10.705092948528932,3.3442825298989636,-3.7327825349057537,3.428282533236824,-3.7467825319851262,0.2585275100072481,-0.2913775097926714,0.26104750974975605,-0.2928175097604849,-1,1,-1,1,-18,-18,-18,-18,-22,-22,-22,-22
1783308109.0056329,0.0,0.0,0.12,0.0,0.0,1,10.225092959257768,-10.225092959257768,10.225092959257768,-10.225092959257768,0.6700000166893005,0.4399999976158142,0.4300000071525574,0.47999998927116394,9.555092942568468,-10.665092956873583,9.795092952105211,-10.705092948528932,3.3442825298989636,-3.7327825349057537,3.428282533236824,-3.7467825319851262,0.3445233464903643,-0.3873633464045337,0.349203346318703,-0.38916334629724525,-1,1,-1,1,-18,-18,-18,-18,-22,-22,-22,-22
1783308109.0255904,0.0,0.0,0.12,0.0,0.0,1,10.225092959257768,-10.225092959257768,10.225092959257768,-10.225092959257768,0.6700000166893005,0.4399999976158142,0.4300000071525574,0.47999998927116394,9.555092942568468,-10.665092956873583,9.795092952105211,-10.705092948528932,3.3442825298989636,-3.7327825349057537,3.428282533236824,-3.7467825319851262,0.4305191829734805,-0.48334918301639596,0.43735918288764986,-0.4855091828340056,-1,1,-1,1,-18,-18,-18,-18,-22,-22,-22,-22
1783308109.045631,0.0,0.0,0.12,0.0,0.0,1,10.225092959257768,-10.225092959257768,10.225092959257768,-10.225092959257768,2.2799999713897705,-0.3700000047683716,2.3399999141693115,-1.7000000476837158,7.945092987867998,-9.855092954489397,7.885093045088457,-8.525092911574053,2.780782545753799,-3.4492825340712887,2.75978256578096,-2.9837825190509184,0.5020250198642925,-0.5720450196068005,0.508325020293446,-0.5622350190381721,-1,1,-1,1,-18,-18,-18,-18,-21,-22,-21,-22
1783308109.0656028,0.0,0.0,0.12,0.0,0.0,1,10.225092959257768,-10.225092959257768,10.225092959257768,-10.225092959257768,2.2799999713897705,-0.3700000047683716,2.3399999141693115,-1.7000000476837158,7.945092987867998,-9.855092954489397,7.885093045088457,-8.525092911574053,2.780782545753799,-3.4492825340712887,2.75978256578096,-2.9837825190509184,0.5735308567551045,-0.6607408561972051,0.579290857699242,-0.6389608552423386,-1,1,-1,1,-18,-18,-18,-18,-21,-22,-21,-22
1783308109.0856752,0.0,0.0,0.12,0.0,0.0,1,10.225092959257768,-10.225092959257768,10.225092959257768,-10.225092959257768,3.640000104904175,-3.430000066757202,3.2200000286102295,-2.549999952316284,6.585092854353594,-6.795092892500566,7.005092930647539,-7.675093006941484,2.3047824990237578,-2.378282512375198,2.4517825257266384,-2.6862825524295193,0.6327966924442868,-0.7218966922297102,0.6423366940750699,-0.7080366923048119,-1,1,-1,1,-18,-18,-18,-18,-21,-21,-21,-21
1783308109.1057358,0.0,0.0,0.12,0.0,0.0,1,10.225092959257768,-10.225092959257768,10.225092959257768,-10.225092959257768,3.640000104904175,-3.430000066757202,3.2200000286102295,-2.549999952316284,6.585092854353594,-6.795092892500566,7.005092930647539,-7.675093006941484,2.3047824990237578,-2.378282512375198,2.4517825257266384,-2.6862825524295193,0.6920625281334691,-0.7830525282622153,0.7053825304508977,-0.7771125293672853,-1,1,-1,1,-18,-18,-18,-18,-21,-21,-21,-21
1783308109.1256258,0.0,0.0,0.12,0.0,0.0,1,10.225092959257768,-10.225092959257768,10.225092959257768,-10.225092959257768,3.640000104904175,-3.430000066757202,3.2200000286102295,-2.549999952316284,6.585092854353594,-6.795092892500566,7.005092930647539,-7.675093006941484,2.3047824990237578,-2.378282512375198,2.4517825257266384,-2.6862825524295193,0.7513283638226514,-0.8442083642947203,0.7684283668267256,-0.8461883664297586,-1,1,-1,1,-18,-18,-18,-18,-21,-21,-21,-22
1783308109.1456954,0.0,0.0,0.12,0.0,0.0,1,10.225092959257768,-10.225092959257768,10.225092959257768,-10.225092959257768,5.489999771118164,-6.019999980926514,3.1600000858306885,-3.819999933242798,4.735093188139604,-4.205092978331255,7.06509287342708,-6.4050930260149705,1.6572826158488614,-1.471782542415939,2.472782505699478,-2.2417825591052396,0.7939442025159079,-0.8820542010997017,0.8320142026875693,-0.9038342036638933,-1,1,-1,1,-18,-18,-18,-18,-20,-20,-21,-21
1783308109.1656086,0.0,0.0,0.12,0.0,0.0,1,10.225092959257768,-10.225092959257768,10.225092959257768,-10.225092959257768,5.489999771118164,-6.019999980926514,3.1600000858306885,-3.819999933242798,4.735093188139604,-4.205092978331255,7.06509287342708,-6.4050930260149705,1.6572826158488614,-1.471782542415939,2.472782505699478,-2.2417825591052396,0.8365600412091644,-0.919900037904683,0.8956000385484131,-0.9614800408980281,-1,1,-1,1,-18,-18,-18,-18,-20,-20,-21,-21
1783308109.1857166,0.0,0.0,0.12,0.0,0.0,1,10.225092959257768,-10.225092959257768,10.225092959257768,-10.225092959257768,7.920000076293945,-8.520000457763672,4.699999809265137,-5.840000152587891,2.305092882963823,-1.7050925014940965,5.525093149992632,-4.385092806669878,0.8067825090373381,-0.5967823755229338,1.933782602497421,-1.5347824823344571,0.8573058771558388,-0.9352458704181299,0.9453258768983468,-1.000945876158057,-1,1,-1,1,-18,-18,-18,-18,-20,-20,-21,-21
1783308109.205702,0.0,0.0,0.12,0.0,0.0,1,10.225092959257768,-10.225092959257768,10.225092959257768,-10.225092959257768,7.920000076293945,-8.520000457763672,4.699999809265137,-5.840000152587891,2.305092882963823,-1.7050925014940965,5.525093149992632,-4.385092806669878,0.8067825090373381,-0.5967823755229338,1.933782602497421,-1.5347824823344571,0.8780517131025133,-0.9505917029315768,0.9950517152482805,-1.040411711418086,-1,1,-1,1,-18,-18,-18,-18,-20,-20,-21,-21
1783308109.2256138,0.0,0.0,0.12,0.0,0.0,1,10.225092959257768,-10.225092959257768,10.225092959257768,-10.225092959257768,7.920000076293945,-8.520000457763672,4.699999809265137,-5.840000152587891,2.305092882963823,-1.7050925014940965,5.525093149992632,-4.385092806669878,0.8067825090373381,-0.5967823755229338,1.933782602497421,-1.5347824823344571,0.8987975490491877,-0.9659375354450237,1.0447775535982142,-1.079877546678115,-1,1,-1,1,-18,-18,-18,-18,-20,-20,-21,-21
1783308109.2457027,0.0,0.0,0.12,0.0,0.0,1,10.225092959257768,-10.225092959257768,10.225092959257768,-10.225092959257768,9.84000015258789,-10.260000228881836,6.690000057220459,-6.809999942779541,0.3850928066698778,0.03490726962406754,3.5350929020373094,-3.4150930164782274,0.13478248233445722,0.012217544368423637,1.2372825157130583,-1.1952825557673794,0.9022633843092166,-0.9656233700184071,1.07659338971655,-1.110613383826419,-1,1,-1,1,-18,-18,-18,-18,-19,-19,-20,-20
1783308109.2655883,0.0,0.0,0.12,0.0,0.0,1,10.225092959257768,-10.225092959257768,10.225092959257768,-10.225092959257768,9.84000015258789,-10.260000228881836,6.690000057220459,-6.809999942779541,0.3850928066698778,0.03490726962406754,3.5350929020373094,-3.4150930164782274,0.13478248233445722,0.012217544368423637,1.2372825157130583,-1.1952825557673794,0.9057292195692455,-0.9653092045917906,1.1084092258348859,-1.141349220974723,-1,1,-1,1,-18,-18,-18,-18,-19,-19,-20,-20
1783308109.2857227,0.0,0.0,0.12,0.0,0.0,1,10.225092959257768,-10.225092959257768,10.225092959257768,-10.225092959257768,11.1899995803833,-11.710000038146973,6.71999979019165,-7.03000020980835,-0.9649066211255324,1.4849070788892043,3.505093169066118,-3.195092749449419,-0.3377173173939363,0.5197174776112214,1.2267826091731413,-1.1182824623072964,0.8970450599791157,-0.9519450408817878,1.1399550643564809,-1.1701050557197676,-1,1,-1,1,-18,-18,-18,-18,-19,-18,-20,-20
1783308109.3055909,0.0,0.0,0.12,0.0,0.0,1,10.225092959257768,-10.225092959257768,10.225092959257768,-10.225092959257768,11.1899995803833,-11.710000038146973,6.71999979019165,-7.03000020980835,-0.9649066211255324,1.4849070788892043,3.505093169066118,-3.195092749449419,-0.3377173173939363,0.5197174776112214,1.2267826091731413,-1.1182824623072964,0.8883609003889859,-0.938580877171785,1.1715009028780758,-1.1988608904648124,-1,1,-1,1,-18,-18,-18,-18,-19,-18,-20,-20
1783308109.3255966,0.0,0.0,0.12,0.0,0.0,1,10.225092959257768,-10.225092959257768,10.225092959257768,-10.225092959257768,11.1899995803833,-11.710000038146973,6.71999979019165,-7.03000020980835,-0.9649066211255324,1.4849070788892043,3.505093169066118,-3.195092749449419,-0.3377173173939363,0.5197174776112214,1.2267826091731413,-1.1182824623072964,0.879676740798856,-0.9252167134617821,1.2030467413996708,-1.227616725209857,-1,1,-1,1,-18,-18,-18,-18,-19,-18,-20,-20
1783308109.345601,0.0,0.0,0.12,0.0,0.0,1,10.225092959257768,-10.225092959257768,10.225092959257768,-10.225092959257768,12.359999656677246,-12.5,6.96999979019165,-7.409999847412109,-2.1349066974194777,2.2749070407422316,3.255093169066118,-2.815093111845659,-0.7472173440968172,0.796217464259781,1.1392826091731412,-0.9852825891459805,0.8604625805220808,-0.9047425500951021,1.232342579921266,-1.252952563216468,-1,1,-1,1,-18,-18,-18,-18,-18,-18,-20,-20
1783308109.365639,0.0,0.0,0.12,0.0,0.0,1,10.225092959257768,-10.225092959257768,10.225092959257768,-10.225092959257768,12.359999656677246,-12.5,6.96999979019165,-7.409999847412109,-2.1349066974194777,2.2749070407422316,3.255093169066118,-2.815093111845659,-0.7472173440968172,0.796217464259781,1.1392826091731412,-0.9852825891459805,0.8412484202453056,-0.884268386728422,1.261638418442861,-1.2782884012230789,-1,1,-1,1,-18,-18,-18,-18,-18,-18,-20,-20
1783308109.3857894,0.0,0.0,0.12,0.0,0.0,1,10.225092959257768,-10.225092959257768,10.225092959257768,-10.225092959257768,13.40999984741211,-13.729999542236328,8.949999809265137,-8.359999656677246,-3.184906888154341,3.5049065829785597,1.2750931499926317,-1.8650933025805223,-1.1147174108540192,1.226717304042496,0.4462826024974211,-0.6527826559031827,0.8125842582519165,-0.8527242274816149,1.2731142567927947,-1.2950742409463036,-1,1,-1,1,-18,-18,-18,-18,-18,-18,-20,-20
1783308109.4056122,0.0,0.0,0.12,0.0,0.0,1,10.225092959257768,-10.225092959257768,10.225092959257768,-10.225092959257768,13.40999984741211,-13.729999542236328,8.949999809265137,-8.359999656677246,-3.184906888154341,3.5049065829785597,1.2750931499926317,-1.8650933025805223,-1.1147174108540192,1.226717304042496,0.4462826024974211,-0.6527826559031827,0.7839200962585274,-0.8211800682348078,1.2845900951427283,-1.3118600806695284,-1,1,-1,1,-18,-18,-18,-18,-18,-18,-20,-20
1783308109.4256384,0.0,0.0,0.12,0.0,0.0,1,10.225092959257768,-10.225092959257768,10.225092959257768,-10.225092959257768,13.40999984741211,-13.729999542236328,8.949999809265137,-8.359999656677246,-3.184906888154341,3.5049065829785597,1.2750931499926317,-1.8650933025805223,-1.1147174108540192,1.226717304042496,0.4462826024974211,-0.6527826559031827,0.7552559342651384,-0.7896359089880007,1.2960659334926619,-1.3286459203927532,-1,1,-1,1,-18,-18,-18,-18,-18,-18,-20,-20
1783308109.445604,0.0,0.0,0.12,0.0,0.0,1,10.225092959257768,-10.225092959257768,10.225092959257768,-10.225092959257768,14.369999885559082,-13.90999984741211,9.210000038146973,-9.699999809265137,-4.144906926301314,3.684906888154341,1.0150929211107957,-0.5250931499926317,-1.4507174242054597,1.2897174108540193,0.3552825223887785,-0.18378260249742107,0.7179517719284265,-0.7564717469946116,1.305201769782659,-1.333371758742687,-1,1,-1,1,-18,-18,-18,-18,-18,-18,-20,-20
1783308109.4656441,0.0,0.0,0.12,0.0,0.0,1,10.225092959257768,-10.225092959257768,10.225092959257768,-10.225092959257768,14.369999885559082,-13.90999984741211,9.210000038146973,-9.699999809265137,-4.144906926301314,3.684906888154341,1.0150929211107957,-0.5250931499926317,-1.4507174242054597,1.2897174108540193,0.3552825223887785,-0.18378260249742107,0.6806476095917147,-0.7233075850012225,1.3143376060726562,-1.3380975970926208,-1,1,-1,1,-18,-18,-18,-18,-18,-18,-20,-20
1783308109.4856944,0.0,0.0,0.12,0.0,0.0,1,10.225092959257768,-10.225092959257768,10.225092959257768,-10.225092959257768,13.90999984741211,-13.819999694824219,10.069999694824219,-9.729999542236328,-3.684906888154341,3.5949067355664504,0.15509326443354965,-0.4950934170214403,-1.2897174108540193,1.2582173574482576,0.05428264255174237,-0.1732826959575041,0.6474834475983255,-0.6909534243811244,1.315733445452558,-1.3425534378458137,-1,1,-1,1,-18,-18,-18,-18,-18,-18,-19,-20
1783308109.5056298,0.0,0.0,0.12,0.0,0.0,1,10.225092959257768,-10.225092959257768,10.225092959257768,-10.225092959257768,13.90999984741211,-13.819999694824219,10.069999694824219,-9.729999542236328,-3.684906888154341,3.5949067355664504,0.15509326443354965,-0.4950934170214403,-1.2897174108540193,1.2582173574482576,0.05428264255174237,-0.1732826959575041,0.6143192856049364,-0.6585992637610263,1.3171292848324598,-1.3470092785990067,-1,1,-1,1,-18,-18,-18,-18,-18,-18,-19,-20
1783308109.5256565,0.0,0.0,0.12,0.0,0.0,1,10.225092959257768,-10.225092959257768,10.225092959257768,-10.225092959257768,13.90999984741211,-13.819999694824219,10.069999694824219,-9.729999542236328,-3.684906888154341,3.5949067355664504,0.15509326443354965,-0.4950934170214403,-1.2897174108540193,1.2582173574482576,0.05428264255174237,-0.1732826959575041,0.5811551236115473,-0.6262451031409282,1.3185251242123617,-1.3514651193521996,-1,1,-1,1,-18,-18,-18,-18,-18,-18,-19,-20
1783308109.545606,0.0,0.0,0.12,0.0,0.0,1,10.225092959257768,-10.225092959257768,10.225092959257768,-10.225092959257768,13.579999923706055,-13.75,10.899999618530273,-10.210000038146973,-3.3549069644482863,3.5249070407422316,-0.674906659272505,-0.015092921110795743,-1.1742174375569001,1.233717464259781,-0.23621733074537674,-0.00528252238877851,0.5509609609315127,-0.5945209397742481,1.312450964278909,-1.3516009556421968,-1,1,-1,1,-18,-18,-18,-18,-18,-18,-19,-19
1783308109.5657797,0.0,0.0,0.12,0.0,0.0,1,10.225092959257768,-10.225092959257768,10.225092959257768,-10.225092959257768,13.579999923706055,-13.75,10.899999618530273,-10.210000038146973,-3.3549069644482863,3.5249070407422316,-0.674906659272505,-0.015092921110795743,-1.1742174375569001,1.233717464259781,-0.23621733074537674,-0.00528252238877851,0.5207667982514781,-0.5627967764075681,1.3063768043454564,-1.351736791932194,-1,1,-1,1,-18,-18,-18,-18,-18,-18,-19,-19
1783308109.5856895,0.0,0.0,0.12,0.0,0.0,1,10.225092959257768,-10.225092959257768,10.225092959257768,-10.225092959257768,13.8100004196167,-13.920000076293945,11.020000457763672,-10.770000457763672,-3.584907460358931,3.694907117036177,-0.7949074985059035,0.5449074985059035,-1.2547176111256257,1.293217490962662,-0.2782176244770662,0.1907176244770662,0.4885026311082477,-0.5295426123542425,1.2992226368589033,-1.346832624445641,-1,1,-1,1,-18,-18,-18,-18,-18,-18,-19,-19
1783308109.6057448,0.0,0.0,0.12,0.0,0.0,1,10.225092959257768,-10.225092959257768,10.225092959257768,-10.225092959257768,13.8100004196167,-13.920000076293945,11.020000457763672,-10.770000457763672,-3.584907460358931,3.694907117036177,-0.7949074985059035,0.5449074985059035,-1.2547176111256257,1.293217490962662,-0.2782176244770662,0.1907176244770662,0.4562384639650173,-0.4962884483009169,1.29206846937235,-1.341928456959088,-1,1,-1,1,-18,-18,-18,-18,-18,-18,-19,-19
1783308109.6256905,0.0,0.0,0.12,0.0,0.0,1,10.225092959257768,-10.225092959257768,10.225092959257768,-10.225092959257768,13.8100004196167,-13.920000076293945,11.020000457763672,-10.770000457763672,-3.584907460358931,3.694907117036177,-0.7949074985059035,0.5449074985059035,-1.2547176111256257,1.293217490962662,-0.2782176244770662,0.1907176244770662,0.42397429682178694,-0.4630342842475913,1.284914301885797,-1.3370242894725348,-1,1,-1,1,-18,-18,-18,-18,-18,-18,-19,-19
1783308109.6456308,0.0,0.0,0.12,0.0,0.0,1,10.225092959257768,-10.225092959257768,10.225092959257768,-10.225092959257768,13.739999771118164,-13.369999885559082,11.569999694824219,-10.930000305175781,-3.5149068118603957,3.1449069263013136,-1.3449067355664504,0.7049073459180129,-1.2302173841511383,1.1007174242054596,-0.4707173574482576,0.2467175710713045,0.3923401355150434,-0.43473012191087945,1.272810141265699,-1.3306801233592727,-1,1,-1,1,-18,-18,-18,-18,-18,-18,-19,-19
1783308109.6657584,0.0,0.0,0.12,0.0,0.0,1,10.225092959257768,-10.225092959257768,10.225092959257768,-10.225092959257768,13.739999771118164,-13.369999885559082,11.569999694824219,-10.930000305175781,-3.5149068118603957,3.1449069263013136,-1.3449067355664504,0.7049073459180129,-1.2302173841511383,1.1007174242054596,-0.4707173574482576,0.2467175710713045,0.3607059742082998,-0.4064259595741676,1.260705980645601,-1.3243359572460105,-1,1,-1,1,-18,-18,-18,-18,-18,-18,-19,-19
1783308109.6856887,0.0,0.0,0.12,0.0,0.0,1,10.225092959257768,-10.225092959257768,10.225092959257768,-10.225092959257768,13.239999771118164,-13.65999984741211,11.720000267028809,-11.050000190734863,-3.0149068118603957,3.434906888154341,-1.4949073077710402,0.8249072314770949,-1.0552173841511383,1.2022174108540193,-0.523217557719864,0.28871753101698316,0.33357181290155624,-0.3755117975807785,1.2472518148756615,-1.3169117921627167,-1,1,-1,1,-18,-18,-18,-18,-18,-18,-19,-19
1783308109.7055962,0.0,0.0,0.12,0.0,0.0,1,10.225092959257768,-10.225092959257768,10.225092959257768,-10.225092959257768,13.239999771118164,-13.65999984741211,11.720000267028809,-11.050000190734863,-3.0149068118603957,3.434906888154341,-1.4949073077710402,0.8249072314770949,-1.0552173841511383,1.2022174108540193,-0.523217557719864,0.28871753101698316,0.3064376515948127,-0.34459763558738943,1.233797649105722,-1.309487627079423,-1,1,-1,1,-18,-18,-18,-18,-18,-18,-19,-19
1783308109.7256558,0.0,0.0,0.12,0.0,0.0,1,10.225092959257768,-10.225092959257768,10.225092959257768,-10.225092959257768,13.239999771118164,-13.65999984741211,11.720000267028809,-11.050000190734863,-3.0149068118603957,3.434906888154341,-1.4949073077710402,0.8249072314770949,-1.0552173841511383,1.2022174108540193,-0.523217557719864,0.28871753101698316,0.2793034902880691,-0.31368347359400034,1.2203434833357827,-1.302063461996129,-1,1,-1,1,-18,-18,-18,-18,-18,-18,-19,-19
1783308109.7456017,0.0,0.0,0.12,0.0,0.0,1,10.225092959257768,-10.225092959257768,10.225092959257768,-10.225092959257768,13.350000381469727,-12.279999732971191,11.829999923706055,-11.579999923706055,-3.124907422211958,2.054906773713423,-1.6049069644482863,1.3549069644482863,-1.0937175977741853,0.719217370799698,-0.5617174375569002,0.47421743755690016,0.25117932348816147,-0.2951893126305795,1.205899320655748,-1.2898692993160945,-1,1,-1,1,-18,-18,-18,-18,-18,-18,-19,-19
1783308109.7656085,0.0,0.0,0.12,0.0,0.0,1,10.225092959257768,-10.225092959257768,10.225092959257768,-10.225092959257768,13.350000381469727,-12.279999732971191,11.829999923706055,-11.579999923706055,-3.124907422211958,2.054906773713423,-1.6049069644482863,1.3549069644482863,-1.0937175977741853,0.719217370799698,-0.5617174375569002,0.47421743755690016,0.22305515668825385,-0.2766951516671587,1.1914551579757133,-1.27767513663606,-1,1,-1,1,-18,-18,-18,-18,-18,-18,-19,-19
1783308109.7856536,0.0,0.0,0.12,0.0,0.0,1,10.225092959257768,-10.225092959257768,10.225092959257768,-10.225092959257768,12.0600004196167,-11.3100004196167,12.350000381469727,-11.050000190734863,-1.8349074603589308,1.0849074603589308,-2.124907422211958,0.8249072314770949,-0.6422176111256257,0.37971761112562574,-0.7437175977741853,0.28871753101698316,0.20654098954502348,-0.2669309845239283,1.1723309911758057,-1.2702509715527661,-1,1,-1,1,-18,-18,-18,-18,-18,-18,-18,-19
1783308109.8057585,0.0,0.0,0.12,0.0,0.0,1,10.225092959257768,-10.225092959257768,10.225092959257768,-10.225092959257768,12.0600004196167,-11.3100004196167,12.350000381469727,-11.050000190734863,-1.8349074603589308,1.0849074603589308,-2.124907422211958,0.8249072314770949,-0.6422176111256257,0.37971761112562574,-0.7437175977741853,0.28871753101698316,0.1900268224017931,-0.25716681738069797,1.1532068243758982,-1.2628268064694723,-1,1,-1,1,-18,-18,-18,-18,-18,-18,-18,-19
1783308109.825665,0.0,0.0,0.12,0.0,0.0,1,10.225092959257768,-10.225092959257768,10.225092959257768,-10.225092959257768,12.0600004196167,-11.3100004196167,12.350000381469727,-11.050000190734863,-1.8349074603589308,1.0849074603589308,-2.124907422211958,0.8249072314770949,-0.6422176111256257,0.37971761112562574,-0.7437175977741853,0.28871753101698316,0.17351265525856274,-0.24740265023746758,1.1340826575759906,-1.2554026413861785,-1,1,-1,1,-18,-18,-18,-18,-18,-18,-18,-19
1783308109.845598,0.0,0.0,0.12,0.0,0.0,1,10.225092959257768,-10.225092959257768,10.225092959257768,-10.225092959257768,11.609999656677246,-11.09000015258789,12.949999809265137,-11.359999656677246,-1.3849066974194777,0.8649071933301222,-2.7249068500073683,1.1349066974194777,-0.48471734409681716,0.3027175176655428,-0.9537173975025789,0.3972173440968172,0.16104849498178744,-0.23961848549749648,1.1095584959259244,-1.2451884811094032,-1,1,-1,1,-18,-18,-18,-18,-18,-18,-18,-19
1783308109.8656073,0.0,0.0,0.12,0.0,0.0,1,10.225092959257768,-10.225092959257768,10.225092959257768,-10.225092959257768,11.609999656677246,-11.09000015258789,12.949999809265137,-11.359999656677246,-1.3849066974194777,0.8649071933301222,-2.7249068500073683,1.1349066974194777,-0.48471734409681716,0.3027175176655428,-0.9537173975025789,0.3972173440968172,0.14858433470501214,-0.2318343207575254,1.0850343342758582,-1.2349743208326278,-1,1,-1,1,-18,-18,-18,-18,-18,-18,-18,-19
1783308109.8857813,0.0,0.0,0.12,0.0,0.0,1,10.225092959257768,-10.225092959257768,10.225092959257768,-10.225092959257768,11.520000457763672,-10.029999732971191,12.6899995803833,-11.800000190734863,-1.2949074985059035,-0.195093226286577,-2.4649066211255324,1.5749072314770949,-0.4532176244770662,-0.06828262920030194,-0.8627173173939363,0.5512175310169831,0.13693016721845902,-0.23359015979410458,1.0628501746857284,-1.220800155749334,-1,1,-1,1,-18,-18,-18,-18,-18,-18,-18,-19
1783308109.9056056,0.0,0.0,0.12,0.0,0.0,1,10.225092959257768,-10.225092959257768,10.225092959257768,-10.225092959257768,11.520000457763672,-10.029999732971191,12.6899995803833,-11.800000190734863,-1.2949074985059035,-0.195093226286577,-2.4649066211255324,1.5749072314770949,-0.4532176244770662,-0.06828262920030194,-0.8627173173939363,0.5512175310169831,0.1252759997319059,-0.23534599883068377,1.0406660150955986,-1.2066259906660401,-1,1,-1,1,-18,-18,-18,-18,-18,-18,-18,-19
1783308109.925597,0.0,0.0,0.12,0.0,0.0,1,10.225092959257768,-10.225092959257768,10.225092959257768,-10.225092959257768,11.520000457763672,-10.029999732971191,12.6899995803833,-11.800000190734863,-1.2949074985059035,-0.195093226286577,-2.4649066211255324,1.5749072314770949,-0.4532176244770662,-0.06828262920030194,-0.8627173173939363,0.5512175310169831,0.11362183224535277,-0.23710183786726297,1.0184818555054689,-1.1924518255827463,-1,1,-1,1,-18,-18,-18,-18,-18,-18,-18,-19
1783308109.9456322,0.0,0.0,0.12,0.0,0.0,1,10.225092959257768,-10.225092959257768,10.225092959257768,-10.225092959257768,10.779999732971191,-9.279999732971191,12.960000038146973,-11.199999809265137,-0.554906773713423,-0.945093226286577,-2.7349070788892043,0.9749068500073683,-0.19421737079969803,-0.33078262920030194,-0.9572174776112214,0.3412173975025789,0.10862767128193196,-0.24560767690384216,0.9938676917954661,-1.18367766393268,-1,1,-1,1,-18,-18,-18,-18,-18,-19,-18,-19
1783308109.9656136,0.0,0.0,0.12,0.0,0.0,1,10.225092959257768,-10.225092959257768,10.225092959257768,-10.225092959257768,10.779999732971191,-9.279999732971191,12.960000038146973,-11.199999809265137,-0.554906773713423,-0.945093226286577,-2.7349070788892043,0.9749068500073683,-0.19421737079969803,-0.33078262920030194,-0.9572174776112214,0.3412173975025789,0.10363351031851115,-0.25411351594042136,0.9692535280854633,-1.1749035022826138,-1,1,-1,1,-18,-18,-18,-18,-18,-19,-18,-19
1783308109.9856768,0.0,0.0,0.12,0.0,0.0,1,10.225092959257768,-10.225092959257768,10.225092959257768,-10.225092959257768,10.489999771118164,-8.989999771118164,13.369999885559082,-11.239999771118164,-0.26490681186039566,-1.2350931881396043,-3.1449069263013136,1.0149068118603957,-0.09271738415113848,-0.4322826158488615,-1.1007174242054596,0.35521738415113846,0.10124934901176759,-0.2652293546336778,0.9409493657487514,-1.1657693409758703,-1,1,-1,1,-18,-18,-18,-18,-18,-19,-18,-19
1783308110.0056088,0.0,0.0,0.12,0.0,0.0,1,10.225092959257768,-10.225092959257768,10.225092959257768,-10.225092959257768,10.489999771118164,-8.989999771118164,13.369999885559082,-11.239999771118164,-0.26490681186039566,-1.2350931881396043,-3.1449069263013136,1.0149068118603957,-0.09271738415113848,-0.4322826158488615,-1.1007174242054596,0.35521738415113846,0.09886518770502403,-0.27634519332693425,0.9126452034120396,-1.1566351796691268,-1,1,-1,1,-18,-18,-18,-18,-18,-19,-18,-19
1783308110.0256128,0.0,0.0,0.12,0.0,0.0,1,10.225092959257768,-10.225092959257768,10.225092959257768,-10.225092959257768,10.489999771118164,-8.989999771118164,13.369999885559082,-11.239999771118164,-0.26490681186039566,-1.2350931881396043,-3.1449069263013136,1.0149068118603957,-0.09271738415113848,-0.4322826158488615,-1.1007174242054596,0.35521738415113846,0.09648102639828048,-0.2874610320201907,0.8843410410753277,-1.1475010183623833,-1,1,-1,1,-18,-18,-18,-18,-18,-19,-18,-19
1783308110.0457175,0.0,0.0,0.12,0.0,0.0,1,10.225092959257768,-10.225092959257768,10.225092959257768,-10.225092959257768,10.289999961853027,-9.6899995803833,12.760000228881836,-12.170000076293945,-0.06490700259525894,-0.5350933788744676,-2.5349072696240675,1.944907117036177,-0.02271745090834063,-0.18728268260606365,-0.8872175443684236,0.6807174909626619,0.09589686337492315,-0.2922768724300609,0.8615268756487111,-1.1299968543090577,-1,1,-1,1,-18,-18,-18,-18,-18,-18,-18,-18
1783308110.065607,0.0,0.0,0.12,0.0,0.0,1,10.225092959257768,-10.225092959257768,10.225092959257768,-10.225092959257768,10.289999961853027,-9.6899995803833,12.760000228881836,-12.170000076293945,-0.06490700259525894,-0.5350933788744676,-2.5349072696240675,1.944907117036177,-0.02271745090834063,-0.18728268260606365,-0.8872175443684236,0.6807174909626619,0.09531270035156582,-0.2970927128399311,0.8387127102220945,-1.1124926902557322,-1,1,-1,1,-18,-18,-18,-18,-18,-18,-18,-18
1783308110.0856771,0.0,0.0,0.12,0.0,0.0,1,10.225092959257768,-10.225092959257768,10.225092959257768,-10.225092959257768,10.369999885559082,-10.399999618530273,12.550000190734863,-12.369999885559082,-0.14490692630131363,0.17490665927250504,-2.324907231477095,2.1449069263013136,-0.05071742420545977,0.06121733074537676,-0.8137175310169832,0.7507174242054597,0.094008538014854,-0.29551855290647855,0.8177885451388006,-1.0931885279190203,-1,1,-1,1,-18,-18,-18,-18,-18,-18,-18,-18
1783308110.105597,0.0,0.0,0.12,0.0,0.0,1,10.225092959257768,-10.225092959257768,10.225092959257768,-10.225092959257768,10.369999885559082,-10.399999618530273,12.550000190734863,-12.369999885559082,-0.14490692630131363,0.17490665927250504,-2.324907231477095,2.1449069263013136,-0.05071742420545977,0.06121733074537676,-0.8137175310169832,0.7507174242054597,0.09270437567814217,-0.293944392973026,0.7968643800555067,-1.0738843655823085,-1,1,-1,1,-18,-18,-18,-18,-18,-18,-18,-18
1783308110.1255977,0.0,0.0,0.12,0.0,0.0,1,10.225092959257768,-10.225092959257768,10.225092959257768,-10.225092959257768,10.369999885559082,-10.399999618530273,12.550000190734863,-12.369999885559082,-0.14490692630131363,0.17490665927250504,-2.324907231477095,2.1449069263013136,-0.05071742420545977,0.06121733074537676,-0.8137175310169832,0.7507174242054597,0.09140021334143035,-0.29237023303957344,0.7759402149722129,-1.0545802032455966,-1,1,-1,1,-18,-18,-18,-18,-18,-18,-18,-18
1783308110.1456277,0.0,0.0,0.12,0.0,0.0,1,10.225092959257768,-10.225092959257768,10.225092959257768,-10.225092959257768,10.65999984741211,-10.680000305175781,13.3100004196167,-12.960000038146973,-0.434906888154341,0.45490734591801285,-3.084907460358931,2.7349070788892043,-0.15221741085401932,0.1592175710713045,-1.0797176111256257,0.9572174776112214,0.08748605134804129,-0.2882760669263113,0.7481760478289825,-1.0299660395355938,-1,1,-1,1,-18,-18,-18,-18,-18,-18,-18,-18
1783308110.1656628,0.0,0.0,0.12,0.0,0.0,1,10.225092959257768,-10.225092959257768,10.225092959257768,-10.225092959257768,10.65999984741211,-10.680000305175781,13.3100004196167,-12.960000038146973,-0.434906888154341,0.45490734591801285,-3.084907460358931,2.7349070788892043,-0.15221741085401932,0.1592175710713045,-1.0797176111256257,0.9572174776112214,0.08357188935465222,-0.28418190081304917,0.7204118806857521,-1.005351875825591,-1,1,-1,1,-18,-18,-18,-18,-18,-18,-18,-18
1783308110.1856785,0.0,0.0,0.12,0.0,0.0,1,10.225092959257768,-10.225092959257768,10.225092959257768,-10.225092959257768,10.859999656677246,-11.319999694824219,12.489999771118164,-13.829999923706055,-0.6349066974194777,1.0949067355664504,-2.2649068118603957,3.6049069644482863,-0.22221734409681718,0.3832173574482576,-0.7927173841511385,1.2617174375569,0.07785772907787691,-0.27432774019295114,0.7000277193790085,-0.9729077131455565,-1,1,-1,1,-18,-18,-18,-18,-18,-18,-18,-18
1783308110.2055933,0.0,0.0,0.12,0.0,0.0,1,10.225092959257768,-10.225092959257768,10.225092959257768,-10.225092959257768,10.859999656677246,-11.319999694824219,12.489999771118164,-13.829999923706055,-0.6349066974194777,1.0949067355664504,-2.2649068118603957,3.6049069644482863,-0.22221734409681718,0.3832173574482576,-0.7927173841511385,1.2617174375569,0.07214356880110162,-0.2644735795728531,0.679643558072265,-0.9404635504655219,-1,1,-1,1,-18,-18,-18,-18,-18,-18,-18,-18
1783308110.2255995,0.0,0.0,0.12,0.0,0.0,1,10.225092959257768,-10.225092959257768,10.225092959257768,-10.225092959257768,10.859999656677246,-11.319999694824219,12.489999771118164,-13.829999923706055,-0.6349066974194777,1.0949067355664504,-2.2649068118603957,3.6049069644482863,-0.22221734409681718,0.3832173574482576,-0.7927173841511385,1.2617174375569,0.06642940852432633,-0.2546194189527551,0.6592593967655214,-0.9080193877854873,-1,1,-1,1,-18,-18,-18,-18,-18,-18,-18,-18
1783308110.245683,0.0,0.0,0.12,0.0,0.0,1,10.225092959257768,-10.225092959257768,10.225092959257768,-10.225092959257768,10.770000457763672,-11.779999732971191,13.039999961853027,-13.75,-0.5449074985059035,1.554906773713423,-2.814907002595259,3.5249070407422316,-0.1907176244770662,0.544217370799698,-0.9852174509083406,1.233717464259781,0.061525241037773196,-0.24062525798933426,0.633925233742164,-0.8762952244188073,-1,1,-1,1,-18,-18,-18,-18,-18,-18,-18,-18
1783308110.265627,0.0,0.0,0.12,0.0,0.0,1,10.225092959257768,-10.225092959257768,10.225092959257768,-10.225092959257768,10.770000457763672,-11.779999732971191,13.039999961853027,-13.75,-0.5449074985059035,1.554906773713423,-2.814907002595259,3.5249070407422316,-0.1907176244770662,0.544217370799698,-0.9852174509083406,1.233717464259781,0.056621073551220064,-0.22663109702591344,0.6085910707188067,-0.8445710610521272,-1,1,-1,1,-18,-18,-18,-18,-18,-18,-18,-18
1783308110.285686,0.0,0.0,0.12,0.0,0.0,1,10.225092959257768,-10.225092959257768,10.225092959257768,-10.225092959257768,11.15999984741211,-11.640000343322754,12.529999732971191,-14.15999984741211,-0.934906888154341,1.4149073840649855,-2.304906773713423,3.934906888154341,-0.32721741085401934,0.4952175844227449,-0.806717370799698,1.3772174108540192,0.048206911557830995,-0.21389693056932857,0.5878469097553859,-0.8091568990587381,-1,1,-1,1,-18,-18,-18,-18,-18,-18,-18,-18
1783308110.3056414,0.0,0.0,0.12,0.0,0.0,1,10.225092959257768,-10.225092959257768,10.225092959257768,-10.225092959257768,11.15999984741211,-11.640000343322754,12.529999732971191,-14.15999984741211,-0.934906888154341,1.4149073840649855,-2.304906773713423,3.934906888154341,-0.32721741085401934,0.4952175844227449,-0.806717370799698,1.3772174108540192,0.039792749564441926,-0.2011627641127437,0.5671027487919651,-0.773742737065349,-1,1,-1,1,-18,-18,-18,-18,-18,-18,-18,-18
1783308110.3256943,0.0,0.0,0.12,0.0,0.0,1,10.225092959257768,-10.225092959257768,10.225092959257768,-10.225092959257768,11.15999984741211,-11.640000343322754,12.529999732971191,-14.15999984741211,-0.934906888154341,1.4149073840649855,-2.304906773713423,3.934906888154341,-0.32721741085401934,0.4952175844227449,-0.806717370799698,1.3772174108540192,0.03137858757105286,-0.18842859765615882,0.5463585878285443,-0.7383285750719599,-1,1,-1,1,-18,-18,-18,-18,-18,-18,-18,-18
1783308110.3455954,0.0,0.0,0.12,0.0,0.0,1,10.225092959257768,-10.225092959257768,10.225092959257768,-10.225092959257768,11.210000038146973,-12.220000267028809,12.84000015258789,-13.760000228881836,-0.9849070788892043,1.9949073077710402,-2.6149071933301222,3.5349072696240675,-0.34471747761122146,0.698217557719864,-0.9152175176655427,1.2372175443684235,0.022514423861050018,-0.17047443188621947,0.5228244230885732,-0.7065144096453433,-1,1,-1,1,-18,-18,-18,-18,-18,-18,-18,-18
1783308110.365594,0.0,0.0,0.12,0.0,0.0,1,10.225092959257768,-10.225092959257768,10.225092959257768,-10.225092959257768,11.210000038146973,-12.220000267028809,12.84000015258789,-13.760000228881836,-0.9849070788892043,1.9949073077710402,-2.6149071933301222,3.5349072696240675,-0.34471747761122146,0.698217557719864,-0.9152175176655427,1.2372175443684235,0.013650260151047179,-0.1525202661162801,0.49929025834860213,-0.6747002442187267,-1,1,-1,1,-18,-18,-18,-18,-18,-18,-18,-18
1783308110.3856764,0.0,0.0,0.12,0.0,0.0,1,10.225092959257768,-10.225092959257768,10.225092959257768,-10.225092959257768,11.470000267028809,-12.180000305175781,12.609999656677246,-13.710000038146973,-1.2449073077710402,1.9549073459180129,-2.3849066974194777,3.4849070788892043,-0.43571755771986403,0.6842175710713044,-0.8347173440968172,1.2197174776112214,0.0024460943811078165,-0.134926100003018,0.47782609807182685,-0.6433360805087238,-1,1,-1,1,-18,-18,-18,-18,-18,-18,-18,-18
1783308110.4056406,0.0,0.0,0.12,0.0,0.0,1,10.225092959257768,-10.225092959257768,10.225092959257768,-10.225092959257768,11.470000267028809,-12.180000305175781,12.609999656677246,-13.710000038146973,-1.2449073077710402,1.9549073459180129,-2.3849066974194777,3.4849070788892043,-0.43571755771986403,0.6842175710713044,-0.8347173440968172,1.2197174776112214,-0.008758071388831546,-0.11733193388975588,0.4563619377950516,-0.611971916798721,-1,1,-1,1,-18,-18,-18,-18,-18,-18,-18,-18
1783308110.4256096,0.0,0.0,0.12,0.0,0.0,1,10.225092959257768,-10.225092959257768,10.225092959257768,-10.225092959257768,11.470000267028809,-12.180000305175781,12.609999656677246,-13.710000038146973,-1.2449073077710402,1.9549073459180129,-2.3849066974194777,3.4849070788892043,-0.43571755771986403,0.6842175710713044,-0.8347173440968172,1.2197174776112214,-0.019962237158770907,-0.09973776777649376,0.4348977775182763,-0.5806077530887181,-1,1,-1,1,-18,-18,-18,-18,-18,-18,-18,-18
1783308110.4455783,0.0,0.0,0.12,0.0,0.0,1,10.225092959257768,-10.225092959257768,10.225092959257768,-10.225092959257768,12.100000381469727,-12.369999885559082,12.680000305175781,-13.670000076293945,-1.8749074222119582,2.1449069263013136,-2.454907345918013,3.444907117036177,-0.6562175977741853,0.7507174242054597,-0.8592175710713045,1.2057174909626618,-0.03683640395867853,-0.08043360543978194,0.4128036114050142,-0.5496035890353925,-1,1,-1,1,-18,-18,-18,-18,-18,-18,-18,-18
1783308110.4655962,0.0,0.0,0.12,0.0,0.0,1,10.225092959257768,-10.225092959257768,10.225092959257768,-10.225092959257768,12.100000381469727,-12.369999885559082,12.680000305175781,-13.670000076293945,-1.8749074222119582,2.1449069263013136,-2.454907345918013,3.444907117036177,-0.6562175977741853,0.7507174242054597,-0.8592175710713045,1.2057174909626618,-0.05371057075858615,-0.061129443103070114,0.3907094452917521,-0.5185994249820669,-1,1,-1,1,-18,-18,-18,-18,-18,-18,-18,-18
1783308110.485727,0.0,0.0,0.12,0.0,0.0,1,10.225092959257768,-10.225092959257768,10.225092959257768,-10.225092959257768,12.319999694824219,-12.510000228881836,12.720000267028809,-13.420000076293945,-2.0949067355664504,2.2849072696240675,-2.49490730777104,3.194907117036177,-0.7332173574482576,0.7997175443684236,-0.873217557719864,1.1182174909626619,-0.0725647313786842,-0.0405652776764535,0.36825527952181275,-0.4898452609287413,-1,1,-1,1,-18,-18,-18,-18,-18,-18,-18,-18
1783308110.505597,0.0,0.0,0.12,0.0,0.0,1,10.225092959257768,-10.225092959257768,10.225092959257768,-10.225092959257768,12.319999694824219,-12.510000228881836,12.720000267028809,-13.420000076293945,-2.0949067355664504,2.2849072696240675,-2.49490730777104,3.194907117036177,-0.7332173574482576,0.7997175443684236,-0.873217557719864,1.1182174909626619,-0.09141889199878225,-0.020001112249836892,0.3458011137518734,-0.4610910968754157,-1,1,-1,1,-18,-18,-18,-18,-18,-18,-18,-18
1783308110.5255935,0.0,0.0,0.12,0.0,0.0,1,10.225092959257768,-10.225092959257768,10.225092959257768,-10.225092959257768,12.319999694824219,-12.510000228881836,12.720000267028809,-13.420000076293945,-2.0949067355664504,2.2849072696240675,-2.49490730777104,3.194907117036177,-0.7332173574482576,0.7997175443684236,-0.873217557719864,1.1182174909626619,-0.1102730526188803,0.0005630531767797167,0.32334694798193403,-0.4323369328220901,-1,1,-1,1,-18,-18,-18,-18,-18,-18,-18,-18
1783308110.545629,0.0,0.0,0.12,0.0,0.0,1,10.225092959257768,-10.225092959257768,10.225092959257768,-10.225092959257768,12.470000267028809,-12.829999923706055,12.529999732971191,-12.789999961853027,-2.24490730777104,2.6049069644482863,-2.304906773713423,2.564907002595259,-0.7857175577198641,0.9117174375569002,-0.806717370799698,0.8977174509083405,-0.13047721838881968,0.024007215856814295,0.30260278701851323,-0.4092527697987328,-1,1,-1,1,-18,-18,-18,-18,-18,-18,-18,-18
1783308110.565593,0.0,0.0,0.12,0.0,0.0,1,10.225092959257768,-10.225092959257768,10.225092959257768,-10.225092959257768,12.470000267028809,-12.829999923706055,12.529999732971191,-12.789999961853027,-2.24490730777104,2.6049069644482863,-2.304906773713423,2.564907002595259,-0.7857175577198641,0.9117174375569002,-0.806717370799698,0.8977174509083405,-0.15068138415875904,0.04745137853684887,0.28185862605509243,-0.3861686067753755,-1,1,-1,1,-18,-18,-18,-18,-18,-18,-18,-18
1783308110.5856802,0.0,0.0,0.12,0.0,0.0,1,10.225092959257768,-10.225092959257768,10.225092959257768,-10.225092959257768,13.260000228881836,-12.149999618530273,12.390000343322754,-12.119999885559082,-3.0349072696240675,1.924906659272505,-2.1649073840649855,1.8949069263013136,-1.0622175443684236,0.6737173307453768,-0.7577175844227448,0.6632174242054597,-0.17799554958537564,0.06477553847030142,0.2623744595985076,-0.3691144444386637,-1,1,-1,1,-18,-18,-18,-18,-18,-18,-18,-18
1783308110.605603,0.0,0.0,0.12,0.0,0.0,1,10.225092959257768,-10.225092959257768,10.225092959257768,-10.225092959257768,13.260000228881836,-12.149999618530273,12.390000343322754,-12.119999885559082,-3.0349072696240675,1.924906659272505,-2.1649073840649855,1.8949069263013136,-1.0622175443684236,0.6737173307453768,-0.7577175844227448,0.6632174242054597,-0.20530971501199224,0.08209969840375396,0.2428902931419227,-0.3520602821019519,-1,1,-1,1,-18,-18,-18,-18,-18,-18,-18,-18
1783308110.6256645,0.0,0.0,0.12,0.0,0.0,1,10.225092959257768,-10.225092959257768,10.225092959257768,-10.225092959257768,13.260000228881836,-12.149999618530273,12.390000343322754,-12.119999885559082,-3.0349072696240675,1.924906659272505,-2.1649073840649855,1.8949069263013136,-1.0622175443684236,0.6737173307453768,-0.7577175844227448,0.6632174242054597,-0.23262388043860885,0.0994238583372065,0.22340612668533782,-0.3350061197652401,-1,1,-1,1,-18,-18,-18,-18,-18,-18,-18,-18
1783308110.645707,0.0,0.0,0.12,0.0,0.0,1,10.225092959257768,-10.225092959257768,10.225092959257768,-10.225092959257768,12.899999618530273,-11.680000305175781,12.75,-11.65999984741211,-2.674906659272505,1.4549073459180129,-2.5249070407422316,1.434906888154341,-0.9362173307453767,0.5092175710713045,-0.883717464259781,0.5022174108540193,-0.2566980403720614,0.11251802445046862,0.20068196331865773,-0.322091957771851,-1,1,-1,1,-18,-18,-18,-18,-18,-18,-18,-18
1783308110.6656063,0.0,0.0,0.12,0.0,0.0,1,10.225092959257768,-10.225092959257768,10.225092959257768,-10.225092959257768,12.899999618530273,-11.680000305175781,12.75,-11.65999984741211,-2.674906659272505,1.4549073459180129,-2.5249070407422316,1.434906888154341,-0.9362173307453767,0.5092175710713045,-0.883717464259781,0.5022174108540193,-0.280772200305514,0.12561219056373074,0.17795779995197764,-0.30917779577846194,-1,1,-1,1,-18,-18,-18,-18,-18,-18,-18,-18
1783308110.6856775,0.0,0.0,0.12,0.0,0.0,1,10.225092959257768,-10.225092959257768,10.225092959257768,-10.225092959257768,12.880000114440918,-11.34000015258789,13.0,-11.100000381469727,-2.6549071551831496,1.1149071933301222,-2.7749070407422316,0.8749074222119582,-0.9292175043141023,0.39021751766554275,-0.971217464259781,0.30621759777418533,-0.3046663647021623,0.13564635530370184,0.15298363658529754,-0.30130362897855434,-1,1,-1,1,-18,-18,-18,-18,-18,-18,-18,-18
1783308110.7056074,0.0,0.0,0.12,0.0,0.0,1,10.225092959257768,-10.225092959257768,10.225092959257768,-10.225092959257768,12.880000114440918,-11.34000015258789,13.0,-11.100000381469727,-2.6549071551831496,1.1149071933301222,-2.7749070407422316,0.8749074222119582,-0.9292175043141023,0.39021751766554275,-0.971217464259781,0.30621759777418533,-0.3285605290988106,0.14568052004367293,0.12800947321861744,-0.29342946217864674,-1,1,-1,1,-18,-18,-18,-18,-18,-18,-18,-18
1783308110.7257133,0.0,0.0,0.12,0.0,0.0,1,10.225092959257768,-10.225092959257768,10.225092959257768,-10.225092959257768,12.880000114440918,-11.34000015258789,13.0,-11.100000381469727,-2.6549071551831496,1.1149071933301222,-2.7749070407422316,0.8749074222119582,-0.9292175043141023,0.39021751766554275,-0.971217464259781,0.30621759777418533,-0.35245469349545894,0.15571468478364403,0.10303530985193736,-0.28555529537873914,-1,1,-1,1,-18,-18,-18,-18,-18,-18,-18,-18
1783308110.745709,0.0,0.0,0.12,0.0,0.0,1,10.225092959257768,-10.225092959257768,10.225092959257768,-10.225092959257768,13.319999694824219,-10.430000305175781,12.720000267028809,-10.489999771118164,-3.0949067355664504,0.20490734591801285,-2.49490730777104,0.26490681186039566,-1.0832173574482575,0.0717175710713045,-0.873217557719864,0.09271738415113848,-0.380308854115557,0.15755885089690613,0.080581144081998,-0.28317113407199557,-1,1,-1,1,-18,-18,-18,-18,-18,-18,-18,-18
1783308110.765635,0.0,0.0,0.12,0.0,0.0,1,10.225092959257768,-10.225092959257768,10.225092959257768,-10.225092959257768,13.319999694824219,-10.430000305175781,12.720000267028809,-10.489999771118164,-3.0949067355664504,0.20490734591801285,-2.49490730777104,0.26490681186039566,-1.0832173574482575,0.0717175710713045,-0.873217557719864,0.09271738415113848,-0.408163014735655,0.15940301701016824,0.05812697831205864,-0.280786972765252,-1,1,-1,1,-18,-18,-18,-18,-18,-18,-18,-18
1783308110.7856584,0.0,0.0,0.12,0.0,0.0,1,10.225092959257768,-10.225092959257768,10.225092959257768,-10.225092959257768,12.720000267028809,-9.789999961853027,12.079999923706055,-9.609999656677246,-2.49490730777104,-0.43509299740474106,-1.8549069644482863,-0.6150933025805223,-0.873217557719864,-0.15228254909165936,-0.6492174375569002,-0.2152826559031828,-0.4306171805055944,0.15548718003352557,0.04143281563202406,-0.2863228124884767,-1,1,-1,1,-18,-18,-18,-18,-18,-18,-18,-19
1783308110.8055894,0.0,0.0,0.12,0.0,0.0,1,10.225092959257768,-10.225092959257768,10.225092959257768,-10.225092959257768,12.720000267028809,-9.789999961853027,12.079999923706055,-9.609999656677246,-2.49490730777104,-0.43509299740474106,-1.8549069644482863,-0.6150933025805223,-0.873217557719864,-0.15228254909165936,-0.6492174375569002,-0.2152826559031828,-0.45307134627553375,0.1515713430568829,0.024738652951989487,-0.2918586522117014,-1,1,-1,1,-18,-18,-18,-18,-18,-18,-18,-19
1783308110.8256667,0.0,0.0,0.12,0.0,0.0,1,10.225092959257768,-10.225092959257768,10.225092959257768,-10.225092959257768,12.720000267028809,-9.789999961853027,12.079999923706055,-9.609999656677246,-2.49490730777104,-0.43509299740474106,-1.8549069644482863,-0.6150933025805223,-0.873217557719864,-0.15228254909165936,-0.6492174375569002,-0.2152826559031828,-0.4755255120454731,0.14765550608024025,0.008044490271954911,-0.29739449193492606,-1,1,-1,1,-18,-18,-18,-18,-18,-18,-18,-19
1783308110.845599,0.0,0.0,0.12,0.0,0.0,1,10.225092959257768,-10.225092959257768,10.225092959257768,-10.225092959257768,11.850000381469727,-9.350000381469727,11.619999885559082,-8.989999771118164,-1.6249074222119582,-0.8750925777880418,-1.3949069263013136,-1.2350931881396043,-0.5687175977741853,-0.3062824022258146,-0.4882174242054597,-0.4322826158488615,-0.49014967884538074,0.13977967288014786,-0.004509672064756911,-0.3085103306281825,-1,1,-1,1,-18,-18,-18,-18,-18,-18,-18,-19
1783308110.865706,0.0,0.0,0.12,0.0,0.0,1,10.225092959257768,-10.225092959257768,10.225092959257768,-10.225092959257768,11.850000381469727,-9.350000381469727,11.619999885559082,-8.989999771118164,-1.6249074222119582,-0.8750925777880418,-1.3949069263013136,-1.2350931881396043,-0.5687175977741853,-0.3062824022258146,-0.4882174242054597,-0.4322826158488615,-0.5047738456452884,0.13190383968005548,-0.017063834401468733,-0.31962616932143895,-1,1,-1,1,-18,-18,-18,-18,-18,-18,-18,-19
1783308110.8857398,0.0,0.0,0.12,0.0,0.0,1,10.225092959257768,-10.225092959257768,10.225092959257768,-10.225092959257768,11.920000076293945,-8.8100004196167,11.760000228881836,-8.5600004196167,-1.694907117036177,-1.4150925396410692,-1.5349072696240675,-1.6650925396410692,-0.5932174909626619,-0.4952823888743742,-0.5372175443684236,-0.5827823888743742,-0.520028009698614,0.11916800682328585,-0.030877999828085343,-0.3346120021782086,-1,1,-1,1,-18,-18,-18,-18,-18,-18,-18,-19
1783308110.9056048,0.0,0.0,0.12,0.0,0.0,1,10.225092959257768,-10.225092959257768,10.225092959257768,-10.225092959257768,11.920000076293945,-8.8100004196167,11.760000228881836,-8.5600004196167,-1.694907117036177,-1.4150925396410692,-1.5349072696240675,-1.6650925396410692,-0.5932174909626619,-0.4952823888743742,-0.5372175443684236,-0.5827823888743742,-0.5352821737519395,0.10643217396651622,-0.04469216525470195,-0.3495978350349782,-1,1,-1,1,-18,-18,-18,-18,-18,-18,-18,-19
1783308110.9256508,0.0,0.0,0.12,0.0,0.0,1,10.225092959257768,-10.225092959257768,10.225092959257768,-10.225092959257768,11.920000076293945,-8.8100004196167,11.760000228881836,-8.5600004196167,-1.694907117036177,-1.4150925396410692,-1.5349072696240675,-1.6650925396410692,-0.5932174909626619,-0.4952823888743742,-0.5372175443684236,-0.5827823888743742,-0.5505363378052651,0.09369634110974659,-0.058506330681318566,-0.36458366789174784,-1,1,-1,1,-18,-18,-18,-18,-18,-18,-18,-19
1783308110.9456074,0.0,0.0,0.12,0.0,0.0,1,10.225092959257768,-10.225092959257768,10.225092959257768,-10.225092959257768,11.960000038146973,-8.649999618530273,10.949999809265137,-8.479999542236328,-1.7349070788892043,-1.575093340727495,-0.7249068500073683,-1.7450934170214403,-0.6072174776112215,-0.5512826692546232,-0.2537173975025789,-0.610782695957504,-0.5661505015152679,0.07952050104319913,-0.06503049233138489,-0.3802895086449408,-1,1,-1,1,-18,-18,-18,-18,-18,-18,-18,-19
1783308110.9657207,0.0,0.0,0.12,0.0,0.0,1,10.225092959257768,-10.225092959257768,10.225092959257768,-10.225092959257768,11.960000038146973,-8.649999618530273,10.949999809265137,-8.479999542236328,-1.7349070788892043,-1.575093340727495,-0.7249068500073683,-1.7450934170214403,-0.6072174776112215,-0.5512826692546232,-0.2537173975025789,-0.610782695957504,-0.5817646652252707,0.06534466097665168,-0.07155465398145121,-0.3959953493981338,-1,1,-1,1,-18,-18,-18,-18,-18,-18,-18,-19
1783308110.9856672,0.0,0.0,0.12,0.0,0.0,1,10.225092959257768,-10.225092959257768,10.225092959257768,-10.225092959257768,11.09000015258789,-8.550000190734863,10.380000114440918,-7.519999980926514,-0.8649071933301222,-1.6750927685229051,-0.15490715518314957,-2.7050929783312547,-0.3027175176655428,-0.5862824689830167,-0.05421750431410235,-0.9467825424159391,-0.5895488299652418,0.05026882605994553,-0.07294881837809955,-0.4203411862031151,-1,1,-1,1,-18,-18,-18,-18,-18,-19,-18,-19
1783308111.0056007,0.0,0.0,0.12,0.0,0.0,1,10.225092959257768,-10.225092959257768,10.225092959257768,-10.225092959257768,11.09000015258789,-8.550000190734863,10.380000114440918,-7.519999980926514,-0.8649071933301222,-1.6750927685229051,-0.15490715518314957,-2.7050929783312547,-0.3027175176655428,-0.5862824689830167,-0.05421750431410235,-0.9467825424159391,-0.597332994705213,0.035192991143239385,-0.07434298277474789,-0.4446870230080964,-1,1,-1,1,-18,-18,-18,-18,-18,-19,-18,-19
1783308111.0255978,0.0,0.0,0.12,0.0,0.0,1,10.225092959257768,-10.225092959257768,10.225092959257768,-10.225092959257768,11.09000015258789,-8.550000190734863,10.380000114440918,-7.519999980926514,-0.8649071933301222,-1.6750927685229051,-0.15490715518314957,-2.7050929783312547,-0.3027175176655428,-0.5862824689830167,-0.05421750431410235,-0.9467825424159391,-0.6051171594451841,0.02011715622653324,-0.07573714717139624,-0.46903285981307774,-1,1,-1,1,-18,-18,-18,-18,-18,-19,-18,-19
1783308111.0456083,0.0,0.0,0.12,0.0,0.0,1,10.225092959257768,-10.225092959257768,10.225092959257768,-10.225092959257768,10.25,-7.800000190734863,10.4399995803833,-8.210000038146973,-0.0249070407422316,-2.425092768522905,-0.21490662112553238,-2.0150929211107957,-0.008717464259781059,-0.8487824689830168,-0.07521731739393633,-0.7052825223887784,-0.6053413228118641,-0.0017086786901729066,-0.07767130676152603,-0.4871686961030749,-1,1,-1,1,-18,-18,-18,-18,-18,-19,-18,-19
1783308111.0657086,0.0,0.0,0.12,0.0,0.0,1,10.225092959257768,-10.225092959257768,10.225092959257768,-10.225092959257768,10.25,-7.800000190734863,10.4399995803833,-8.210000038146973,-0.0249070407422316,-2.425092768522905,-0.21490662112553238,-2.0150929211107957,-0.008717464259781059,-0.8487824689830168,-0.07521731739393633,-0.7052825223887784,-0.6055654861785442,-0.023534513606879054,-0.07960546635165583,-0.505304532393072,-1,1,-1,1,-18,-18,-18,-18,-18,-19,-18,-19
1783308111.0856638,0.0,0.0,0.12,0.0,0.0,1,10.225092959257768,-10.225092959257768,10.225092959257768,-10.225092959257768,9.220000267028809,-7.269999980926514,11.609999656677246,-8.920000076293945,1.0050926922289598,-2.9550929783312547,-1.3849066974194777,-1.305092882963823,0.3517824422801359,-1.0342825424159392,-0.48471734409681716,-0.456782509037338,-0.5965196519484836,-0.05013035041186035,-0.09206962662843113,-0.5170503683397465,-1,1,-1,1,-18,-18,-18,-18,-18,-19,-18,-19
1783308111.1055977,0.0,0.0,0.12,0.0,0.0,1,10.225092959257768,-10.225092959257768,10.225092959257768,-10.225092959257768,9.220000267028809,-7.269999980926514,11.609999656677246,-8.920000076293945,1.0050926922289598,-2.9550929783312547,-1.3849066974194777,-1.305092882963823,0.3517824422801359,-1.0342825424159392,-0.48471734409681716,-0.456782509037338,-0.5874738177184229,-0.07672618721684164,-0.10453378690520643,-0.5287962042864209,-1,1,-1,1,-18,-18,-18,-18,-18,-19,-18,-19
1783308111.1256013,0.0,0.0,0.12,0.0,0.0,1,10.225092959257768,-10.225092959257768,10.225092959257768,-10.225092959257768,9.220000267028809,-7.269999980926514,11.609999656677246,-8.920000076293945,1.0050926922289598,-2.9550929783312547,-1.3849066974194777,-1.305092882963823,0.3517824422801359,-1.0342825424159392,-0.48471734409681716,-0.456782509037338,-0.5784279834883622,-0.10332202402182294,-0.11699794718198173,-0.5405420402330954,-1,1,-1,1,-18,-18,-18,-18,-18,-19,-18,-19
1783308111.1456037,0.0,0.0,0.12,0.0,0.0,1,10.225092959257768,-10.225092959257768,10.225092959257768,-10.225092959257768,8.720000267028809,-7.349999904632568,10.84000015258789,-9.640000343322754,1.5050926922289598,-2.8750930546252,-0.6149071933301222,-0.5850926159350145,0.5267824422801359,-1.00628256911882,-0.21521751766554276,-0.20478241557725507,-0.5648821492583016,-0.12919786151344975,-0.12253211192195283,-0.5458078737765105,-1,1,-1,1,-18,-18,-18,-18,-18,-19,-18,-19
1783308111.1656046,0.0,0.0,0.12,0.0,0.0,1,10.225092959257768,-10.225092959257768,10.225092959257768,-10.225092959257768,8.720000267028809,-7.349999904632568,10.84000015258789,-9.640000343322754,1.5050926922289598,-2.8750930546252,-0.6149071933301222,-0.5850926159350145,0.5267824422801359,-1.00628256911882,-0.21521751766554276,-0.20478241557725507,-0.551336315028241,-0.15507369900507656,-0.12806627666192394,-0.5510737073199257,-1,1,-1,1,-18,-18,-18,-18,-18,-19,-18,-19
1783308111.1857734,0.0,0.0,0.12,0.0,0.0,1,10.225092959257768,-10.225092959257768,10.225092959257768,-10.225092959257768,8.819999694824219,-8.09000015258789,10.529999732971191,-9.239999771118164,1.4050932644335496,-2.1350928066698778,-0.304906773713423,-0.9850931881396043,0.49178264255174237,-0.7472824823344572,-0.10671737079969805,-0.3447826158488615,-0.538690475648339,-0.17428953426510546,-0.13081043762534475,-0.5599395460131821,-1,1,-1,1,-18,-18,-18,-18,-18,-19,-18,-19
1783308111.2056947,0.0,0.0,0.12,0.0,0.0,1,10.225092959257768,-10.225092959257768,10.225092959257768,-10.225092959257768,8.819999694824219,-8.09000015258789,10.529999732971191,-9.239999771118164,1.4050932644335496,-2.1350928066698778,-0.304906773713423,-0.9850931881396043,0.49178264255174237,-0.7472824823344572,-0.10671737079969805,-0.3447826158488615,-0.5260446362684371,-0.19350536952513436,-0.13355459858876556,-0.5688053847064385,-1,1,-1,1,-18,-18,-18,-18,-18,-19,-18,-19
1783308111.225605,0.0,0.0,0.12,0.0,0.0,1,10.225092959257768,-10.225092959257768,10.225092959257768,-10.225092959257768,8.819999694824219,-8.09000015258789,10.529999732971191,-9.239999771118164,1.4050932644335496,-2.1350928066698778,-0.304906773713423,-0.9850931881396043,0.49178264255174237,-0.7472824823344572,-0.10671737079969805,-0.3447826158488615,-0.5133987968885352,-0.21272120478516326,-0.13629875955218637,-0.5776712233996949,-1,1,-1,1,-18,-18,-18,-18,-18,-19,-18,-19
1783308111.2456074,0.0,0.0,0.12,0.0,0.0,1,10.225092959257768,-10.225092959257768,10.225092959257768,-10.225092959257768,9.34000015258789,-8.380000114440918,10.09000015258789,-9.640000343322754,0.8850928066698778,-1.8450928448168504,0.13509280666987777,-0.5850926159350145,0.3097824823344572,-0.6457824956858976,0.04728248233445722,-0.20478241557725507,-0.5054329616285063,-0.22932704038851492,-0.13508292429215746,-0.58293705694311,-1,1,-1,1,-18,-18,-18,-18,-18,-19,-18,-19
1783308111.2657125,0.0,0.0,0.12,0.0,0.0,1,10.225092959257768,-10.225092959257768,10.225092959257768,-10.225092959257768,9.34000015258789,-8.380000114440918,10.09000015258789,-9.640000343322754,0.8850928066698778,-1.8450928448168504,0.13509280666987777,-0.5850926159350145,0.3097824823344572,-0.6457824956858976,0.04728248233445722,-0.20478241557725507,-0.49746712636847734,-0.24593287599186658,-0.13386708903212854,-0.5882028904865252,-1,1,-1,1,-18,-18,-18,-18,-18,-19,-18,-19
1783308111.2856925,0.0,0.0,0.12,0.0,0.0,1,10.225092959257768,-10.225092959257768,10.225092959257768,-10.225092959257768,9.9399995803833,-9.039999961853027,11.140000343322754,-9.6899995803833,0.2850933788744676,-1.185092997404741,-0.9149073840649855,-0.5350933788744676,0.09978268260606366,-0.41478254909165935,-0.3202175844227449,-0.18728268260606365,-0.4949012859586071,-0.2565987129685093,-0.1421012554887134,-0.5930187308963953,-1,1,-1,1,-18,-18,-18,-18,-18,-19,-18,-19
1783308111.305605,0.0,0.0,0.12,0.0,0.0,1,10.225092959257768,-10.225092959257768,10.225092959257768,-10.225092959257768,9.9399995803833,-9.039999961853027,11.140000343322754,-9.6899995803833,0.2850933788744676,-1.185092997404741,-0.9149073840649855,-0.5350933788744676,0.09978268260606366,-0.41478254909165935,-0.3202175844227449,-0.18728268260606365,-0.49233544554873687,-0.267264549945152,-0.15033542194529828,-0.5978345713062655,-1,1,-1,1,-18,-18,-18,-18,-18,-19,-18,-19
1783308111.3255856,0.0,0.0,0.12,0.0,0.0,1,10.225092959257768,-10.225092959257768,10.225092959257768,-10.225092959257768,9.9399995803833,-9.039999961853027,11.140000343322754,-9.6899995803833,0.2850933788744676,-1.185092997404741,-0.9149073840649855,-0.5350933788744676,0.09978268260606366,-0.41478254909165935,-0.3202175844227449,-0.18728268260606365,-0.48976960513886664,-0.27793038692179467,-0.15856958840188315,-0.6026504117161356,-1,1,-1,1,-18,-18,-18,-18,-18,-19,-18,-19
1783308111.3456914,0.0,0.0,0.12,0.0,0.0,1,10.225092959257768,-10.225092959257768,10.225092959257768,-10.225092959257768,10.350000381469727,-9.720000267028809,10.970000267028809,-9.949999809265137,-0.12490742221195816,-0.5050926922289598,-0.7449073077710402,-0.2750931499926317,-0.04371759777418535,-0.17678244228013593,-0.26071755771986405,-0.09628260249742109,-0.49089377193877426,-0.28247622115185533,-0.16527375417182252,-0.6051262500660693,-1,1,-1,1,-18,-18,-18,-18,-18,-18,-18,-19
1783308111.365608,0.0,0.0,0.12,0.0,0.0,1,10.225092959257768,-10.225092959257768,10.225092959257768,-10.225092959257768,10.350000381469727,-9.720000267028809,10.970000267028809,-9.949999809265137,-0.12490742221195816,-0.5050926922289598,-0.7449073077710402,-0.2750931499926317,-0.04371759777418535,-0.17678244228013593,-0.26071755771986405,-0.09628260249742109,-0.4920179387386819,-0.287022055381916,-0.1719779199417619,-0.607602088416003,-1,1,-1,1,-18,-18,-18,-18,-18,-18,-18,-19
1783308111.3857918,0.0,0.0,0.12,0.0,0.0,1,10.225092959257768,-10.225092959257768,10.225092959257768,-10.225092959257768,11.09000015258789,-9.970000267028809,11.069999694824219,-10.359999656677246,-0.8649071933301222,-0.2550926922289598,-0.8449067355664504,0.1349066974194777,-0.3027175176655428,-0.08928244228013593,-0.2957173574482576,0.04721734409681719,-0.499802103478653,-0.28931788961197663,-0.17958208056185995,-0.6063879281392277,-1,1,-1,1,-18,-18,-18,-18,-18,-18,-18,-19
1783308111.4055858,0.0,0.0,0.12,0.0,0.0,1,10.225092959257768,-10.225092959257768,10.225092959257768,-10.225092959257768,11.09000015258789,-9.970000267028809,11.069999694824219,-10.359999656677246,-0.8649071933301222,-0.2550926922289598,-0.8449067355664504,0.1349066974194777,-0.3027175176655428,-0.08928244228013593,-0.2957173574482576,0.04721734409681719,-0.5075862682186241,-0.29161372384203726,-0.187186241181958,-0.6051737678624524,-1,1,-1,1,-18,-18,-18,-18,-18,-18,-18,-19
1783308111.425611,0.0,0.0,0.12,0.0,0.0,1,10.225092959257768,-10.225092959257768,10.225092959257768,-10.225092959257768,11.09000015258789,-9.970000267028809,11.069999694824219,-10.359999656677246,-0.8649071933301222,-0.2550926922289598,-0.8449067355664504,0.1349066974194777,-0.3027175176655428,-0.08928244228013593,-0.2957173574482576,0.04721734409681719,-0.5153704329585952,-0.2939095580720979,-0.19479040180205606,-0.603959607585677,-1,1,-1,1,-18,-18,-18,-18,-18,-18,-18,-19
1783308111.4455872,0.0,0.0,0.12,0.0,0.0,1,10.225092959257768,-10.225092959257768,10.225092959257768,-10.225092959257768,11.619999885559082,-10.380000114440918,11.600000381469727,-10.199999809265137,-1.3949069263013136,0.15490715518314957,-1.3749074222119582,-0.02509314999263168,-0.4882174242054597,0.05421750431410235,-0.4812175977741853,-0.008782602497421087,-0.527924595295307,-0.29251539367544954,-0.2071645686019637,-0.6041854459356107,-1,1,-1,1,-18,-18,-18,-18,-18,-18,-18,-19
1783308111.4656107,0.0,0.0,0.12,0.0,0.0,1,10.225092959257768,-10.225092959257768,10.225092959257768,-10.225092959257768,11.619999885559082,-10.380000114440918,11.600000381469727,-10.199999809265137,-1.3949069263013136,0.15490715518314957,-1.3749074222119582,-0.02509314999263168,-0.4882174242054597,0.05421750431410235,-0.4812175977741853,-0.008782602497421087,-0.5404787576320188,-0.2911212292788012,-0.21953873540187133,-0.6044112842855445,-1,1,-1,1,-18,-18,-18,-18,-18,-18,-18,-19
1783308111.4857569,0.0,0.0,0.12,0.0,0.0,1,10.225092959257768,-10.225092959257768,10.225092959257768,-10.225092959257768,11.979999542236328,-10.430000305175781,11.289999961853027,-9.850000381469727,-1.7549065829785597,0.20490734591801285,-1.064907002595259,-0.37509257778804184,-0.6142173040424959,0.0717175710713045,-0.37271745090834063,-0.13128240222581464,-0.5562729168788259,-0.2892770631655391,-0.22912289842522865,-0.6077871174856369,-1,1,-1,1,-18,-18,-18,-18,-18,-18,-18,-19
1783308111.5055938,0.0,0.0,0.12,0.0,0.0,1,10.225092959257768,-10.225092959257768,10.225092959257768,-10.225092959257768,11.979999542236328,-10.430000305175781,11.289999961853027,-9.850000381469727,-1.7549065829785597,0.20490734591801285,-1.064907002595259,-0.37509257778804184,-0.6142173040424959,0.0717175710713045,-0.37271745090834063,-0.13128240222581464,-0.5720670761256329,-0.287432897052277,-0.23870706144858597,-0.6111629506857292,-1,1,-1,1,-18,-18,-18,-18,-18,-18,-18,-19
1783308111.5256927,0.0,0.0,0.12,0.0,0.0,1,10.225092959257768,-10.225092959257768,10.225092959257768,-10.225092959257768,11.979999542236328,-10.430000305175781,11.289999961853027,-9.850000381469727,-1.7549065829785597,0.20490734591801285,-1.064907002595259,-0.37509257778804184,-0.6142173040424959,0.0717175710713045,-0.37271745090834063,-0.13128240222581464,-0.58786123537244,-0.2855887309390149,-0.2482912244719433,-0.6145387838858216,-1,1,-1,1,-18,-18,-18,-18,-18,-18,-18,-19
1783308111.5456805,0.0,0.0,0.12,0.0,0.0,1,10.225092959257768,-10.225092959257768,10.225092959257768,-10.225092959257768,12.239999771118164,-10.699999809265137,11.979999542236328,-9.619999885559082,-2.0149068118603957,0.4749068500073683,-1.7549065829785597,-0.6050930736986864,-0.7052173841511384,0.1662173975025789,-0.6142173040424959,-0.2117825757945402,-0.6059953966791836,-0.28131456928894855,-0.26408538371875034,-0.6199846215491098,-1,1,-1,1,-18,-18,-18,-18,-18,-18,-18,-19
1783308111.5655954,0.0,0.0,0.12,0.0,0.0,1,10.225092959257768,-10.225092959257768,10.225092959257768,-10.225092959257768,12.239999771118164,-10.699999809265137,11.979999542236328,-9.619999885559082,-2.0149068118603957,0.4749068500073683,-1.7549065829785597,-0.6050930736986864,-0.7052173841511384,0.1662173975025789,-0.6142173040424959,-0.2117825757945402,-0.6241295579859272,-0.2770404076388822,-0.2798795429655574,-0.625430459212398,-1,1,-1,1,-18,-18,-18,-18,-18,-18,-18,-19
1783308111.5857449,0.0,0.0,0.12,0.0,0.0,1,10.225092959257768,-10.225092959257768,10.225092959257768,-10.225092959257768,12.40999984741211,-9.979999542236328,12.010000228881836,-10.130000114440918,-2.184906888154341,-0.24509341702144027,-1.7849072696240675,-0.09509284481685043,-0.7647174108540193,-0.0857826959575041,-0.6247175443684236,-0.033282495685897646,-0.6437937199793162,-0.2792462483920752,-0.295943708392174,-0.6262862948157497,-1,1,-1,1,-18,-18,-18,-18,-18,-18,-18,-19
1783308111.6055737,0.0,0.0,0.12,0.0,0.0,1,10.225092959257768,-10.225092959257768,10.225092959257768,-10.225092959257768,12.40999984741211,-9.979999542236328,12.010000228881836,-10.130000114440918,-2.184906888154341,-0.24509341702144027,-1.7849072696240675,-0.09509284481685043,-0.7647174108540193,-0.0857826959575041,-0.6247175443684236,-0.033282495685897646,-0.6634578819727053,-0.28145208914526815,-0.3120078738187906,-0.6271421304191014,-1,1,-1,1,-18,-18,-18,-18,-18,-18,-18,-19
1783308111.625696,0.0,0.0,0.12,0.0,0.0,1,10.225092959257768,-10.225092959257768,10.225092959257768,-10.225092959257768,12.40999984741211,-9.979999542236328,12.010000228881836,-10.130000114440918,-2.184906888154341,-0.24509341702144027,-1.7849072696240675,-0.09509284481685043,-0.7647174108540193,-0.0857826959575041,-0.6247175443684236,-0.033282495685897646,-0.6831220439660943,-0.2836579298984611,-0.3280720392454072,-0.6279979660224531,-1,1,-1,1,-18,-18,-18,-18,-18,-18,-18,-19
1783308111.6456082,0.0,0.0,0.12,0.0,0.0,1,10.225092959257768,-10.225092959257768,10.225092959257768,-10.225092959257768,11.40999984741211,-9.699999809265137,12.479999542236328,-10.489999771118164,-1.184906888154341,-0.5250931499926317,-2.2549065829785597,0.26490681186039566,-0.4147174108540193,-0.18378260249742107,-0.7892173040424959,0.09271738415113848,-0.6937862059594834,-0.2883837682483948,-0.34836619849221423,-0.6256138047157095,-1,1,-1,1,-18,-18,-18,-18,-18,-18,-18,-19
1783308111.6656246,0.0,0.0,0.12,0.0,0.0,1,10.225092959257768,-10.225092959257768,10.225092959257768,-10.225092959257768,11.40999984741211,-9.699999809265137,12.479999542236328,-10.489999771118164,-1.184906888154341,-0.5250931499926317,-2.2549065829785597,0.26490681186039566,-0.4147174108540193,-0.18378260249742107,-0.7892173040424959,0.09271738415113848,-0.7044503679528724,-0.29310960659832846,-0.3686603577390213,-0.6232296434089659,-1,1,-1,1,-18,-18,-18,-18,-18,-18,-18,-19
1783308111.685718,0.0,0.0,0.12,0.0,0.0,1,10.225092959257768,-10.225092959257768,10.225092959257768,-10.225092959257768,11.829999923706055,-10.1899995803833,12.8100004196167,-10.510000228881836,-1.6049069644482863,-0.03509337887446762,-2.584907460358931,0.28490726962406754,-0.5617174375569002,-0.012282682606063666,-0.9047176111256258,0.09971754436842363,-0.718894530632907,-0.29342544700819867,-0.39192452488225166,-0.6206654779823493,-1,1,-1,1,-18,-18,-18,-18,-18,-18,-18,-19
1783308111.7056093,0.0,0.0,0.12,0.0,0.0,1,10.225092959257768,-10.225092959257768,10.225092959257768,-10.225092959257768,11.829999923706055,-10.1899995803833,12.8100004196167,-10.510000228881836,-1.6049069644482863,-0.03509337887446762,-2.584907460358931,0.28490726962406754,-0.5617174375569002,-0.012282682606063666,-0.9047176111256258,0.09971754436842363,-0.7333386933129415,-0.2937412874180689,-0.41518869202548203,-0.6181013125557326,-1,1,-1,1,-18,-18,-18,-18,-18,-18,-18,-19
1783308111.7256496,0.0,0.0,0.12,0.0,0.0,1,10.225092959257768,-10.225092959257768,10.225092959257768,-10.225092959257768,11.829999923706055,-10.1899995803833,12.8100004196167,-10.510000228881836,-1.6049069644482863,-0.03509337887446762,-2.584907460358931,0.28490726962406754,-0.5617174375569002,-0.012282682606063666,-0.9047176111256258,0.09971754436842363,-0.7477828559929761,-0.2940571278279391,-0.4384528591687124,-0.615537147129116,-1,1,-1,1,-18,-18,-18,-18,-18,-18,-18,-19
1783308111.7455926,0.0,0.0,0.12,0.0,0.0,1,10.225092959257768,-10.225092959257768,10.225092959257768,-10.225092959257768,13.039999961853027,-11.430000305175781,13.270000457763672,-11.430000305175781,-2.814907002595259,1.2049073459180129,-3.0449074985059035,1.2049073459180129,-0.9852174509083406,0.4217175710713045,-1.065717624477066,0.4217175710713045,-0.7731170190163335,-0.28321296171467697,-0.4658570266552655,-0.6046929810158539,-1,1,-1,1,-18,-18,-18,-18,-18,-18,-18,-18
1783308111.7656069,0.0,0.0,0.12,0.0,0.0,1,10.225092959257768,-10.225092959257768,10.225092959257768,-10.225092959257768,13.039999961853027,-11.430000305175781,13.270000457763672,-11.430000305175781,-2.814907002595259,1.2049073459180129,-3.0449074985059035,1.2049073459180129,-0.9852174509083406,0.4217175710713045,-1.065717624477066,0.4217175710713045,-0.7984511820396908,-0.27236879560141486,-0.4932611941418186,-0.5938488149025918,-1,1,-1,1,-18,-18,-18,-18,-18,-18,-18,-18
1783308111.7856593,0.0,0.0,0.12,0.0,0.0,1,10.225092959257768,-10.225092959257768,10.225092959257768,-10.225092959257768,14.109999656677246,-12.529999732971191,12.90999984741211,-12.079999923706055,-3.8849066974194777,2.304906773713423,-2.684906888154341,1.8549069644482863,-1.359717344096817,0.806717370799698,-0.9397174108540193,0.6492174375569002,-0.8334153423164661,-0.25162463463799406,-0.5174253561352077,-0.5771546522225572,-1,1,-1,1,-18,-18,-18,-18,-18,-18,-18,-18
1783308111.8056068,0.0,0.0,0.12,0.0,0.0,1,10.225092959257768,-10.225092959257768,10.225092959257768,-10.225092959257768,14.109999656677246,-12.529999732971191,12.90999984741211,-12.079999923706055,-3.8849066974194777,2.304906773713423,-2.684906888154341,1.8549069644482863,-1.359717344096817,0.806717370799698,-0.9397174108540193,0.6492174375569002,-0.8683795025932414,-0.23088047367457326,-0.5415895181285968,-0.5604604895425227,-1,1,-1,1,-18,-18,-18,-18,-18,-18,-18,-18
1783308111.825661,0.0,0.0,0.12,0.0,0.0,1,10.225092959257768,-10.225092959257768,10.225092959257768,-10.225092959257768,14.109999656677246,-12.529999732971191,12.90999984741211,-12.079999923706055,-3.8849066974194777,2.304906773713423,-2.684906888154341,1.8549069644482863,-1.359717344096817,0.806717370799698,-0.9397174108540193,0.6492174375569002,-0.9033436628700167,-0.21013631271115246,-0.5657536801219859,-0.5437663268624882,-1,1,-1,1,-18,-18,-18,-18,-18,-18,-18,-18
1783308111.8456142,0.0,0.0,0.12,0.0,0.0,1,10.225092959257768,-10.225092959257768,10.225092959257768,-10.225092959257768,14.630000114440918,-13.979999542236328,13.789999961853027,-11.850000381469727,-4.40490715518315,3.7549065829785597,-3.564907002595259,1.6249074222119582,-1.5417175043141023,1.3142173040424958,-1.2477174509083406,0.5687175977741853,-0.942987827266665,-0.17634215346434542,-0.5978378431453433,-0.5291421600625805,-1,1,-1,1,-18,-18,-18,-18,-18,-18,-18,-18
1783308111.8657684,0.0,0.0,0.12,0.0,0.0,1,10.225092959257768,-10.225092959257768,10.225092959257768,-10.225092959257768,14.630000114440918,-13.979999542236328,13.789999961853027,-11.850000381469727,-4.40490715518315,3.7549065829785597,-3.564907002595259,1.6249074222119582,-1.5417175043141023,1.3142173040424958,-1.2477174509083406,0.5687175977741853,-0.9826319916633133,-0.1425479942175384,-0.6299220061687006,-0.5145179932626729,-1,1,-1,1,-18,-18,-18,-18,-18,-18,-18,-18
1783308111.8856761,0.0,0.0,0.12,0.0,0.0,1,10.225092959257768,-10.225092959257768,10.225092959257768,-10.225092959257768,15.899999618530273,-14.09000015258789,13.729999542236328,-12.819999694824219,-5.674906659272505,3.8649071933301222,-3.5049065829785597,2.5949067355664504,-1.9862173307453765,1.3527175176655426,-1.226717304042496,0.9082173574482576,-1.0337061515967658,-0.10776382947756728,-0.6614661654155076,-0.49116383264257485,-1,1,-1,1,-18,-18,-18,-18,-18,-18,-18,-18
1783308111.905651,0.0,0.0,0.12,0.0,0.0,1,10.225092959257768,-10.225092959257768,10.225092959257768,-10.225092959257768,15.899999618530273,-14.09000015258789,13.729999542236328,-12.819999694824219,-5.674906659272505,3.8649071933301222,-3.5049065829785597,2.5949067355664504,-1.9862173307453765,1.3527175176655426,-1.226717304042496,0.9082173574482576,-1.0847803115302184,-0.07297966473759618,-0.6930103246623147,-0.4678096720224768,-1,1,-1,1,-18,-18,-18,-18,-18,-18,-18,-18
1783308111.9256306,0.0,0.0,0.12,0.0,0.0,1,10.225092959257768,-10.225092959257768,10.225092959257768,-10.225092959257768,15.899999618530273,-14.09000015258789,13.729999542236328,-12.819999694824219,-5.674906659272505,3.8649071933301222,-3.5049065829785597,2.5949067355664504,-1.9862173307453765,1.3527175176655426,-1.226717304042496,0.9082173574482576,-1.135854471463671,-0.038195499997625074,-0.7245544839091218,-0.44445551140237877,-1,1,-1,1,-18,-18,-18,-18,-18,-18,-18,-18
1783308111.9456975,0.0,0.0,0.12,0.0,0.0,1,10.225092959257768,-10.225092959257768,10.225092959257768,-10.225092959257768,15.890000343322754,-14.84000015258789,14.140000343322754,-12.600000381469727,-5.6649073840649855,4.614907193330122,-3.9149073840649855,2.374907422211958,-1.9827175844227447,1.6152175176655428,-1.3702175844227449,0.8312175977741854,-1.1868386379202558,0.00333866474234603,-0.7597886503657066,-0.42308134460247115,-1,1,-1,1,-18,-18,-18,-18,-18,-18,-18,-18
1783308111.965613,0.0,0.0,0.12,0.0,0.0,1,10.225092959257768,-10.225092959257768,10.225092959257768,-10.225092959257768,15.890000343322754,-14.84000015258789,14.140000343322754,-12.600000381469727,-5.6649073840649855,4.614907193330122,-3.9149073840649855,2.374907422211958,-1.9827175844227447,1.6152175176655428,-1.3702175844227449,0.8312175977741854,-1.2378228043768407,0.044872829482317134,-0.7950228168222915,-0.40170717780256354,-1,1,-1,1,-18,-18,-18,-18,-18,-18,-18,-18
1783308111.9858143,0.0,0.0,0.12,0.0,0.0,1,10.225092959257768,-10.225092959257768,10.225092959257768,-10.225092959257768,16.780000686645508,-14.6899995803833,14.649999618530273,-12.4399995803833,-6.554907727387739,4.464906621125532,-4.424906659272505,2.2149066211255324,-2.2942177045857086,1.5627173173939362,-1.5487173307453768,0.7752173173939363,-1.2968169739233304,0.08505698907244694,-0.834846976755744,-0.38177301821243376,-1,1,-1,1,-18,-18,-18,-18,-18,-18,-18,-18
1783308112.005651,0.0,0.0,0.12,0.0,0.0,1,10.225092959257768,-10.225092959257768,10.225092959257768,-10.225092959257768,16.780000686645508,-14.6899995803833,14.649999618530273,-12.4399995803833,-6.554907727387739,4.464906621125532,-4.424906659272505,2.2149066211255324,-2.2942177045857086,1.5627173173939362,-1.5487173307453768,0.7752173173939363,-1.3558111434698201,0.12524114866257674,-0.8746711366891966,-0.36183885862230397,-1,1,-1,1,-18,-18,-18,-18,-18,-18,-18,-18
1783308112.025607,0.0,0.0,0.12,0.0,0.0,1,10.225092959257768,-10.225092959257768,10.225092959257768,-10.225092959257768,16.780000686645508,-14.6899995803833,14.649999618530273,-12.4399995803833,-6.554907727387739,4.464906621125532,-4.424906659272505,2.2149066211255324,-2.2942177045857086,1.5627173173939362,-1.5487173307453768,0.7752173173939363,-1.4148053130163099,0.16542530825270654,-0.9144952966226492,-0.3419046990321742,-1,1,-1,1,-18,-18,-18,-18,-18,-18,-18,-18
1783308112.0457766,0.0,0.0,0.12,0.0,0.0,1,10.225092959257768,-10.225092959257768,10.225092959257768,-10.225092959257768,17.18000030517578,-15.270000457763672,14.109999656677246,-12.5600004196167,-6.954907345918013,5.0449074985059035,-3.8849066974194777,2.334907460358931,-2.4342175710713043,1.765717624477066,-1.359717344096817,0.8172176111256257,-1.477399479129572,0.21082947573925967,-0.9494594568994245,-0.3208905318889438,-1,1,-1,1,-18,-18,-18,-18,-18,-18,-18,-18
1783308112.0656056,0.0,0.0,0.12,0.0,0.0,1,10.225092959257768,-10.225092959257768,10.225092959257768,-10.225092959257768,17.18000030517578,-15.270000457763672,14.109999656677246,-12.5600004196167,-6.954907345918013,5.0449074985059035,-3.8849066974194777,2.334907460358931,-2.4342175710713043,1.765717624477066,-1.359717344096817,0.8172176111256257,-1.539993645242834,0.2562336432258128,-0.9844236171761998,-0.2998763647457134,-1,1,-1,1,-18,-18,-18,-18,-18,-18,-18,-18
1783308112.0857575,0.0,0.0,0.12,0.0,0.0,1,10.225092959257768,-10.225092959257768,10.225092959257768,-10.225092959257768,17.690000534057617,-15.890000343322754,13.949999809265137,-11.960000038146973,-7.464907574799849,5.6649073840649855,-3.7249068500073683,1.7349070788892043,-2.612717651179947,1.9827175844227447,-1.3037173975025789,0.6072174776112215,-1.6071778134160326,0.3072178096823977,-1.017947778826266,-0.28426220103571054,-1,1,-1,1,-18,-18,-18,-18,-18,-18,-18,-18
1783308112.1056106,0.0,0.0,0.12,0.0,0.0,1,10.225092959257768,-10.225092959257768,10.225092959257768,-10.225092959257768,17.690000534057617,-15.890000343322754,13.949999809265137,-11.960000038146973,-7.464907574799849,5.6649073840649855,-3.7249068500073683,1.7349070788892043,-2.612717651179947,1.9827175844227447,-1.3037173975025789,0.6072174776112215,-1.6743619815892312,0.3582019761389826,-1.0514719404763324,-0.2686480373257077,-1,1,-1,1,-18,-18,-18,-18,-18,-18,-18,-18
1783308112.1256285,0.0,0.0,0.12,0.0,0.0,1,10.225092959257768,-10.225092959257768,10.225092959257768,-10.225092959257768,17.690000534057617,-15.890000343322754,13.949999809265137,-11.960000038146973,-7.464907574799849,5.6649073840649855,-3.7249068500073683,1.7349070788892043,-2.612717651179947,1.9827175844227447,-1.3037173975025789,0.6072174776112215,-1.7415461497624298,0.40918614259556746,-1.0849961021263987,-0.25303387361570484,-1,1,-1,1,-18,-18,-18,-18,-18,-18,-18,-18
1783308112.1455731,0.0,0.0,0.0,0.0,0.0,0,0.0,0.0,0.0,0.0,17.59000015258789,-15.199999809265137,13.609999656677246,-11.09000015258789,-17.59000015258789,15.199999809265137,-13.609999656677246,11.09000015258789,-6.156500053405761,5.319999933242798,-4.763499879837036,3.8815000534057615,0.0,0.0,0.0,0.0,-1,1,-1,1,0,0,0,0,0,0,0,0
1783308112.1655774,0.0,0.0,0.0,0.0,0.0,0,0.0,0.0,0.0,0.0,17.59000015258789,-15.199999809265137,13.609999656677246,-11.09000015258789,-17.59000015258789,15.199999809265137,-13.609999656677246,11.09000015258789,-6.156500053405761,5.319999933242798,-4.763499879837036,3.8815000534057615,0.0,0.0,0.0,0.0,-1,1,-1,1,0,0,0,0,0,0,0,0
1783308112.1859026,0.0,0.0,0.0,0.0,0.0,0,0.0,0.0,0.0,0.0,17.520000457763672,-14.9399995803833,12.699999809265137,-10.479999542236328,-17.520000457763672,14.9399995803833,-12.699999809265137,10.479999542236328,-6.1320001602172844,5.228999853134155,-4.444999933242798,3.6679998397827145,0.0,0.0,0.0,0.0,-1,1,-1,1,0,0,0,0,0,0,0,0
1783308112.2055864,0.0,0.0,0.0,0.0,0.0,0,0.0,0.0,0.0,0.0,17.520000457763672,-14.9399995803833,12.699999809265137,-10.479999542236328,-17.520000457763672,14.9399995803833,-12.699999809265137,10.479999542236328,-6.1320001602172844,5.228999853134155,-4.444999933242798,3.6679998397827145,0.0,0.0,0.0,0.0,-1,1,-1,1,0,0,0,0,0,0,0,0
1783308112.2255929,0.0,0.0,0.0,0.0,0.0,0,0.0,0.0,0.0,0.0,17.520000457763672,-14.9399995803833,12.699999809265137,-10.479999542236328,-17.520000457763672,14.9399995803833,-12.699999809265137,10.479999542236328,-6.1320001602172844,5.228999853134155,-4.444999933242798,3.6679998397827145,0.0,0.0,0.0,0.0,-1,1,-1,1,0,0,0,0,0,0,0,0
1783308112.245607,0.0,0.0,0.12,0.0,0.0,1,10.225092959257768,-10.225092959257768,10.225092959257768,-10.225092959257768,15.210000038146973,-13.399999618530273,10.470000267028809,-8.470000267028809,-4.984907078889204,3.174906659272505,-0.2449073077710402,-1.7550926922289598,-1.7447174776112213,1.1112173307453768,-0.08571755771986406,-0.6142824422801358,-0.04486416371000284,0.028574159933452546,-0.002204165769939362,-0.01579583423006064,-1,1,-1,1,-18,-18,-18,-18,-18,-18,-18,-19
1783308112.2656107,0.0,0.0,0.12,0.0,0.0,1,10.225092959257768,-10.225092959257768,10.225092959257768,-10.225092959257768,15.210000038146973,-13.399999618530273,10.470000267028809,-8.470000267028809,-4.984907078889204,3.174906659272505,-0.2449073077710402,-1.7550926922289598,-1.7447174776112213,1.1112173307453768,-0.08571755771986406,-0.6142824422801358,-0.08972832742000568,0.05714831986690509,-0.004408331539878724,-0.03159166846012128,-1,1,-1,1,-18,-18,-18,-18,-18,-18,-18,-19
1783308112.285638,0.0,0.0,0.0,0.0,0.0,0,0.0,0.0,0.0,0.0,11.100000381469727,-9.84000015258789,7.329999923706055,-5.929999828338623,-11.100000381469727,9.84000015258789,-7.329999923706055,5.929999828338623,-3.885000133514404,3.4440000534057615,-2.565499973297119,2.075499939918518,0.0,0.0,0.0,0.0,-1,1,-1,1,0,0,0,0,0,0,0,0
1783308112.3056948,0.0,0.0,0.0,0.0,0.0,0,0.0,0.0,0.0,0.0,11.100000381469727,-9.84000015258789,7.329999923706055,-5.929999828338623,-11.100000381469727,9.84000015258789,-7.329999923706055,5.929999828338623,-3.885000133514404,3.4440000534057615,-2.565499973297119,2.075499939918518,0.0,0.0,0.0,0.0,-1,1,-1,1,0,0,0,0,0,0,0,0
1783308112.3256621,0.0,0.0,0.0,0.0,0.0,0,0.0,0.0,0.0,0.0,11.100000381469727,-9.84000015258789,7.329999923706055,-5.929999828338623,-11.100000381469727,9.84000015258789,-7.329999923706055,5.929999828338623,-3.885000133514404,3.4440000534057615,-2.565499973297119,2.075499939918518,0.0,0.0,0.0,0.0,-1,1,-1,1,0,0,0,0,0,0,0,0
1783308112.345576,0.0,0.0,0.0,0.0,0.0,0,0.0,0.0,0.0,0.0,8.449999809265137,-7.110000133514404,6.039999961853027,-4.829999923706055,-8.449999809265137,7.110000133514404,-6.039999961853027,4.829999923706055,-2.9574999332427976,2.4885000467300413,-2.1139999866485595,1.690499973297119,0.0,0.0,0.0,0.0,-1,1,-1,1,0,0,0,0,0,0,0,0
1783308112.3656814,0.0,0.0,0.0,0.0,0.0,0,0.0,0.0,0.0,0.0,8.449999809265137,-7.110000133514404,6.039999961853027,-4.829999923706055,-8.449999809265137,7.110000133514404,-6.039999961853027,4.829999923706055,-2.9574999332427976,2.4885000467300413,-2.1139999866485595,1.690499973297119,0.0,0.0,0.0,0.0,-1,1,-1,1,0,0,0,0,0,0,0,0
1783308112.3856564,0.0,0.0,0.0,0.0,0.0,0,0.0,0.0,0.0,0.0,5.909999847412109,-4.75,4.230000019073486,-3.380000114440918,-5.909999847412109,4.75,-4.230000019073486,3.380000114440918,-2.068499946594238,1.6624999999999999,-1.4805000066757201,1.1830000400543212,0.0,0.0,0.0,0.0,-1,1,-1,1,0,0,0,0,0,0,0,0
1783308112.4055705,0.0,0.0,0.0,0.0,0.0,0,0.0,0.0,0.0,0.0,5.909999847412109,-4.75,4.230000019073486,-3.380000114440918,-5.909999847412109,4.75,-4.230000019073486,3.380000114440918,-2.068499946594238,1.6624999999999999,-1.4805000066757201,1.1830000400543212,0.0,0.0,0.0,0.0,-1,1,-1,1,0,0,0,0,0,0,0,0
1783308112.42558,0.0,0.0,0.0,0.0,0.0,0,0.0,0.0,0.0,0.0,5.909999847412109,-4.75,4.230000019073486,-3.380000114440918,-5.909999847412109,4.75,-4.230000019073486,3.380000114440918,-2.068499946594238,1.6624999999999999,-1.4805000066757201,1.1830000400543212,0.0,0.0,0.0,0.0,-1,1,-1,1,0,0,0,0,0,0,0,0
1783308112.4455907,0.0,0.0,0.0,0.0,0.0,0,0.0,0.0,0.0,0.0,4.139999866485596,-3.3299999237060547,2.9600000381469727,-2.369999885559082,-4.139999866485596,3.3299999237060547,-2.9600000381469727,2.369999885559082,-1.4489999532699585,1.165499973297119,-1.0360000133514404,0.8294999599456787,0.0,0.0,0.0,0.0,-1,1,-1,1,0,0,0,0,0,0,0,0
1783308112.4656498,0.0,0.0,0.0,0.0,0.0,0,0.0,0.0,0.0,0.0,4.139999866485596,-3.3299999237060547,2.9600000381469727,-2.369999885559082,-4.139999866485596,3.3299999237060547,-2.9600000381469727,2.369999885559082,-1.4489999532699585,1.165499973297119,-1.0360000133514404,0.8294999599456787,0.0,0.0,0.0,0.0,-1,1,-1,1,0,0,0,0,0,0,0,0
1783308112.4856465,0.0,0.0,0.0,0.0,0.0,0,0.0,0.0,0.0,0.0,2.9000000953674316,-2.3299999237060547,2.069999933242798,-1.659999966621399,-2.9000000953674316,2.3299999237060547,-2.069999933242798,1.659999966621399,-1.0150000333786011,0.8154999732971191,-0.7244999766349792,0.5809999883174896,0.0,0.0,0.0,0.0,-1,1,-1,1,0,0,0,0,0,0,0,0
1783308112.505642,0.0,0.0,0.0,0.0,0.0,0,0.0,0.0,0.0,0.0,2.9000000953674316,-2.3299999237060547,2.069999933242798,-1.659999966621399,-2.9000000953674316,2.3299999237060547,-2.069999933242798,1.659999966621399,-1.0150000333786011,0.8154999732971191,-0.7244999766349792,0.5809999883174896,0.0,0.0,0.0,0.0,-1,1,-1,1,0,0,0,0,0,0,0,0
1783308112.525572,0.0,0.0,0.0,0.0,0.0,0,0.0,0.0,0.0,0.0,2.9000000953674316,-2.3299999237060547,2.069999933242798,-1.659999966621399,-2.9000000953674316,2.3299999237060547,-2.069999933242798,1.659999966621399,-1.0150000333786011,0.8154999732971191,-0.7244999766349792,0.5809999883174896,0.0,0.0,0.0,0.0,-1,1,-1,1,0,0,0,0,0,0,0,0
1783308112.5455778,0.0,0.0,0.0,0.0,0.0,0,0.0,0.0,0.0,0.0,2.0299999713897705,-1.6299999952316284,1.4500000476837158,-1.159999966621399,-2.0299999713897705,1.6299999952316284,-1.4500000476837158,1.159999966621399,-0.7104999899864196,0.5704999983310699,-0.5075000166893006,0.4059999883174896,0.0,0.0,0.0,0.0,-1,1,-1,1,0,0,0,0,0,0,0,0
1783308112.5656853,0.0,0.0,0.0,0.0,0.0,0,0.0,0.0,0.0,0.0,2.0299999713897705,-1.6299999952316284,1.4500000476837158,-1.159999966621399,-2.0299999713897705,1.6299999952316284,-1.4500000476837158,1.159999966621399,-0.7104999899864196,0.5704999983310699,-0.5075000166893006,0.4059999883174896,0.0,0.0,0.0,0.0,-1,1,-1,1,0,0,0,0,0,0,0,0
1783308112.5856633,0.0,0.0,0.0,0.0,0.0,0,0.0,0.0,0.0,0.0,1.4199999570846558,-1.1399999856948853,1.0099999904632568,-0.8100000023841858,-1.4199999570846558,1.1399999856948853,-1.0099999904632568,0.8100000023841858,-0.4969999849796295,0.3989999949932098,-0.3534999966621399,0.283500000834465,0.0,0.0,0.0,0.0,-1,1,-1,1,0,0,0,0,0,0,0,0
1783308112.6055818,0.0,0.0,0.0,0.0,0.0,0,0.0,0.0,0.0,0.0,1.4199999570846558,-1.1399999856948853,1.0099999904632568,-0.8100000023841858,-1.4199999570846558,1.1399999856948853,-1.0099999904632568,0.8100000023841858,-0.4969999849796295,0.3989999949932098,-0.3534999966621399,0.283500000834465,0.0,0.0,0.0,0.0,-1,1,-1,1,0,0,0,0,0,0,0,0
1783308112.625567,0.0,0.0,0.0,0.0,0.0,0,0.0,0.0,0.0,0.0,1.4199999570846558,-1.1399999856948853,1.0099999904632568,-0.8100000023841858,-1.4199999570846558,1.1399999856948853,-1.0099999904632568,0.8100000023841858,-0.4969999849796295,0.3989999949932098,-0.3534999966621399,0.283500000834465,0.0,0.0,0.0,0.0,-1,1,-1,1,0,0,0,0,0,0,0,0
1783308112.6455736,0.0,0.0,0.0,0.0,0.0,0,0.0,0.0,0.0,0.0,0.9900000095367432,-0.800000011920929,0.7099999785423279,-0.5699999928474426,-0.9900000095367432,0.800000011920929,-0.7099999785423279,0.5699999928474426,-0.3465000033378601,0.2800000041723251,-0.24849999248981475,0.1994999974966049,0.0,0.0,0.0,0.0,-1,1,-1,1,0,0,0,0,0,0,0,0
1783308112.6656024,0.0,0.0,0.0,0.0,0.0,0,0.0,0.0,0.0,0.0,0.9900000095367432,-0.800000011920929,0.7099999785423279,-0.5699999928474426,-0.9900000095367432,0.800000011920929,-0.7099999785423279,0.5699999928474426,-0.3465000033378601,0.2800000041723251,-0.24849999248981475,0.1994999974966049,0.0,0.0,0.0,0.0,-1,1,-1,1,0,0,0,0,0,0,0,0
1783308112.6857178,0.0,0.0,0.0,0.0,0.0,0,0.0,0.0,0.0,0.0,0.699999988079071,-0.5600000023841858,0.5,-0.4000000059604645,-0.699999988079071,0.5600000023841858,-0.5,0.4000000059604645,-0.24499999582767484,0.196000000834465,-0.175,0.14000000208616256,0.0,0.0,0.0,0.0,-1,1,-1,1,0,0,0,0,0,0,0,0
1783308112.7056446,0.0,0.0,0.0,0.0,0.0,0,0.0,0.0,0.0,0.0,0.699999988079071,-0.5600000023841858,0.5,-0.4000000059604645,-0.699999988079071,0.5600000023841858,-0.5,0.4000000059604645,-0.24499999582767484,0.196000000834465,-0.175,0.14000000208616256,0.0,0.0,0.0,0.0,-1,1,-1,1,0,0,0,0,0,0,0,0
1783308112.7255518,0.0,0.0,0.0,0.0,0.0,0,0.0,0.0,0.0,0.0,0.699999988079071,-0.5600000023841858,0.5,-0.4000000059604645,-0.699999988079071,0.5600000023841858,-0.5,0.4000000059604645,-0.24499999582767484,0.196000000834465,-0.175,0.14000000208616256,0.0,0.0,0.0,0.0,-1,1,-1,1,0,0,0,0,0,0,0,0
1783308112.7456312,0.0,0.0,0.0,0.0,0.0,0,0.0,0.0,0.0,0.0,0.49000000953674316,-0.38999998569488525,0.3499999940395355,-0.2800000011920929,-0.49000000953674316,0.38999998569488525,-0.3499999940395355,0.2800000011920929,-0.17150000333786009,0.13649999499320983,-0.12249999791383742,0.0980000004172325,0.0,0.0,0.0,0.0,-1,1,-1,1,0,0,0,0,0,0,0,0
1783308112.7655594,0.0,0.0,0.0,0.0,0.0,0,0.0,0.0,0.0,0.0,0.49000000953674316,-0.38999998569488525,0.3499999940395355,-0.2800000011920929,-0.49000000953674316,0.38999998569488525,-0.3499999940395355,0.2800000011920929,-0.17150000333786009,0.13649999499320983,-0.12249999791383742,0.0980000004172325,0.0,0.0,0.0,0.0,-1,1,-1,1,0,0,0,0,0,0,0,0
1783308112.7857647,0.0,0.0,0.0,0.0,0.0,0,0.0,0.0,0.0,0.0,0.3400000035762787,-0.27000001072883606,0.23999999463558197,-0.1899999976158142,-0.3400000035762787,0.27000001072883606,-0.23999999463558197,0.1899999976158142,-0.11900000125169753,0.09450000375509261,-0.08399999812245368,0.06649999916553496,0.0,0.0,0.0,0.0,-1,1,-1,1,0,0,0,0,0,0,0,0
1783308112.8055737,0.0,0.0,0.0,0.0,0.0,0,0.0,0.0,0.0,0.0,0.3400000035762787,-0.27000001072883606,0.23999999463558197,-0.1899999976158142,-0.3400000035762787,0.27000001072883606,-0.23999999463558197,0.1899999976158142,-0.11900000125169753,0.09450000375509261,-0.08399999812245368,0.06649999916553496,0.0,0.0,0.0,0.0,-1,1,-1,1,0,0,0,0,0,0,0,0
1783308112.8256118,0.0,0.0,0.0,0.0,0.0,0,0.0,0.0,0.0,0.0,0.3400000035762787,-0.27000001072883606,0.23999999463558197,-0.1899999976158142,-0.3400000035762787,0.27000001072883606,-0.23999999463558197,0.1899999976158142,-0.11900000125169753,0.09450000375509261,-0.08399999812245368,0.06649999916553496,0.0,0.0,0.0,0.0,-1,1,-1,1,0,0,0,0,0,0,0,0
1783308112.8457325,0.0,0.0,0.0,0.0,0.0,0,0.0,0.0,0.0,0.0,0.23999999463558197,-0.1899999976158142,0.17000000178813934,-0.14000000059604645,-0.23999999463558197,0.1899999976158142,-0.17000000178813934,0.14000000059604645,-0.08399999812245368,0.06649999916553496,-0.059500000625848766,0.04900000020861625,0.0,0.0,0.0,0.0,-1,1,-1,1,0,0,0,0,0,0,0,0
1783308112.8656545,35.0,0.0,0.0,35.0,0.0,0,10.283857861322469,10.283857861322469,10.283857861322469,10.283857861322469,0.23999999463558197,-0.1899999976158142,0.17000000178813934,-0.14000000059604645,10.043857866686887,10.473857858938283,10.11385785953433,10.423857861918515,3.51535025334041,3.6658502506283988,3.539850250837015,3.64835025167148,0.09039472080018199,0.09426472073044455,0.09102472073580897,0.09381472075726664,-1,1,-1,1,-13,13,-13,13,-17,17,-17,17
1783308112.8857949,35.0,0.0,0.0,35.0,0.0,0,10.283857861322469,10.283857861322469,10.283857861322469,10.283857861322469,0.17000000178813934,-0.12999999523162842,0.11999999731779099,-0.10000000149011612,10.11385785953433,10.413857856554097,10.163857864004678,10.383857862812585,3.539850250837015,3.644850249793934,3.557350252401637,3.6343502519844044,0.18141944153599096,0.18798944143943142,0.18249944151185107,0.1872694415225799,-1,1,-1,1,-13,13,-13,13,-17,17,-17,17
1783308112.9056015,35.0,0.0,0.0,35.0,0.0,0,10.283857861322469,10.283857861322469,10.283857861322469,10.283857861322469,0.17000000178813934,-0.12999999523162842,0.11999999731779099,-0.10000000149011612,10.11385785953433,10.413857856554097,10.163857864004678,10.383857862812585,3.539850250837015,3.644850249793934,3.557350252401637,3.6343502519844044,0.2724441622717999,0.28171416214841827,0.2739741622878932,0.28072416228789315,-1,1,-1,1,-13,13,-13,13,-17,17,-17,17
1783308112.9257455,35.0,0.0,0.0,35.0,0.0,0,10.283857861322469,10.283857861322469,10.283857861322469,10.283857861322469,0.17000000178813934,-0.12999999523162842,0.11999999731779099,-0.10000000149011612,10.11385785953433,10.413857856554097,10.163857864004678,10.383857862812585,3.539850250837015,3.644850249793934,3.557350252401637,3.6343502519844044,0.3634688830076089,0.3754388828574051,0.3654488830639353,0.3741788830532064,-1,1,-1,1,-13,13,-13,13,-17,17,-17,17
1783308112.9456534,35.0,0.0,0.0,35.0,0.0,0,10.283857861322469,10.283857861322469,10.283857861322469,10.283857861322469,0.11999999731779099,0.5899999737739563,0.3100000023841858,0.6100000143051147,10.163857864004678,9.693857887548512,9.973857858938283,9.673857847017354,3.557350252401637,3.3928502606419793,3.490850250628399,3.385850246456074,0.45494360378365095,0.46268360384534174,0.45521360379437986,0.4612436036763626,-1,1,-1,1,-13,13,-13,13,-17,17,-17,17
1783308112.9655836,35.0,0.0,0.0,35.0,0.0,0,10.283857861322469,10.283857861322469,10.283857861322469,10.283857861322469,0.11999999731779099,0.5899999737739563,0.3100000023841858,0.6100000143051147,10.163857864004678,9.693857887548512,9.973857858938283,9.673857847017354,3.557350252401637,3.3928502606419793,3.490850250628399,3.385850246456074,0.5464183245596931,0.5499283248332784,0.5449783245248244,0.5483083242995188,-1,1,-1,1,-13,13,-13,13,-17,17,-17,17
1783308112.9856858,35.0,0.0,0.0,35.0,0.0,0,10.283857861322469,10.283857861322469,10.283857861322469,10.283857861322469,0.9900000095367432,1.5399999618530273,1.1200000047683716,1.3300000429153442,9.293857851785726,8.743857899469441,9.163857856554097,8.953857818407124,3.2528502481250037,3.0603502648143044,3.207350249793934,3.1338502364424934,0.6300630452257646,0.6286230459285034,0.6274530452338113,0.6288930446651829,-1,1,-1,1,-13,13,-13,13,-17,17,-17,17
1783308113.005592,35.0,0.0,0.0,35.0,0.0,0,10.283857861322469,10.283857861322469,10.283857861322469,10.283857861322469,0.9900000095367432,1.5399999618530273,1.1200000047683716,1.3300000429153442,9.293857851785726,8.743857899469441,9.163857856554097,8.953857818407124,3.2528502481250037,3.0603502648143044,3.207350249793934,3.1338502364424934,0.7137077658918362,0.7073177670237284,0.7099277659427982,0.709477765030847,-1,1,-1,1,-13,13,-13,13,-17,17,-17,17
1783308113.025665,35.0,0.0,0.0,35.0,0.0,0,10.283857861322469,10.283857861322469,10.283857861322469,10.283857861322469,0.9900000095367432,1.5399999618530273,1.1200000047683716,1.3300000429153442,9.293857851785726,8.743857899469441,9.163857856554097,8.953857818407124,3.2528502481250037,3.0603502648143044,3.207350249793934,3.1338502364424934,0.7973524865579077,0.7860124881189534,0.792402486651785,0.7900624853965111,-1,1,-1,1,-13,13,-13,13,-17,17,-17,17
1783308113.0455892,35.0,0.0,0.0,35.0,0.0,0,10.283857861322469,10.283857861322469,10.283857861322469,10.283857861322469,1.8200000524520874,1.9800000190734863,2.369999885559082,2.069999933242798,8.463857808870381,8.303857842248982,7.913857975763387,8.21385792807967,2.962350233104633,2.9063502447871437,2.769850291517185,2.874850274827885,0.8735272068377411,0.8607472086991943,0.8636272084336555,0.8639872067492281,-1,1,-1,1,-13,13,-13,13,-17,17,-17,17
1783308113.0656025,35.0,0.0,0.0,35.0,0.0,0,10.283857861322469,10.283857861322469,10.283857861322469,10.283857861322469,1.8200000524520874,1.9800000190734863,2.369999885559082,2.069999933242798,8.463857808870381,8.303857842248982,7.913857975763387,8.21385792807967,2.962350233104633,2.9063502447871437,2.769850291517185,2.874850274827885,0.9497019271175745,0.9354819292794352,0.9348519302155259,0.9379119281019451,-1,1,-1,1,-13,13,-13,13,-17,17,-17,17
1783308113.0856757,35.0,0.0,0.0,35.0,0.0,0,10.283857861322469,10.283857861322469,10.283857861322469,10.283857861322469,2.859999895095825,2.75,3.0199999809265137,2.799999952316284,7.4238579662266435,7.533857861322469,7.263857880395955,7.4838579090061845,2.5983502881793252,2.636850251462864,2.542350258138584,2.6193502681521643,1.0165166488136144,1.0032866500313373,1.0002266511390896,1.0052666492830007,-1,1,-1,1,-13,13,-13,13,-17,17,-17,17
1783308113.105642,35.0,0.0,0.0,35.0,0.0,0,10.283857861322469,10.283857861322469,10.283857861322469,10.283857861322469,2.859999895095825,2.75,3.0199999809265137,2.799999952316284,7.4238579662266435,7.533857861322469,7.263857880395955,7.4838579090061845,2.5983502881793252,2.636850251462864,2.542350258138584,2.6193502681521643,1.0833313705096541,1.0710913707832395,1.0656013720626532,1.0726213704640564,-1,1,-1,1,-13,13,-13,13,-17,17,-17,17
1783308113.1256616,35.0,0.0,0.0,35.0,0.0,0,10.283857861322469,10.283857861322469,10.283857861322469,10.283857861322469,2.859999895095825,2.75,3.0199999809265137,2.799999952316284,7.4238579662266435,7.533857861322469,7.263857880395955,7.4838579090061845,2.5983502881793252,2.636850251462864,2.542350258138584,2.6193502681521643,1.1501460922056939,1.1388960915351416,1.1309760929862167,1.139976091645112,-1,1,-1,1,-13,13,-13,13,-17,17,-17,17
1783308113.1455765,35.0,0.0,0.0,35.0,0.0,0,10.283857861322469,10.283857861322469,10.283857861322469,10.283857861322469,4.039999961853027,3.9600000381469727,4.150000095367432,3.7699999809265137,6.243857899469441,6.323857823175496,6.133857765955037,6.513857880395955,2.1853502648143044,2.2133502381114236,2.146850218084263,2.279850258138584,1.2063408133009188,1.195810811943721,1.1861808128798121,1.1986008125686756,-1,1,-1,1,-13,13,-13,13,-16,16,-16,16
1783308113.1656446,35.0,0.0,0.0,35.0,0.0,0,10.283857861322469,10.283857861322469,10.283857861322469,10.283857861322469,4.039999961853027,3.9600000381469727,4.150000095367432,3.7699999809265137,6.243857899469441,6.323857823175496,6.133857765955037,6.513857880395955,2.1853502648143044,2.2133502381114236,2.146850218084263,2.279850258138584,1.2625355343961437,1.2527255323523003,1.2413855327734076,1.257225533492239,-1,1,-1,1,-13,13,-13,13,-16,16,-16,17
1783308113.1856668,35.0,0.0,0.0,35.0,0.0,0,10.283857861322469,10.283857861322469,10.283857861322469,10.283857861322469,5.090000152587891,5.260000228881836,5.170000076293945,5.590000152587891,5.193857708734578,5.023857632440633,5.113857785028523,4.693857708734578,1.8178501980571022,1.7583501713542213,1.789850224759983,1.6428501980571022,1.309280253774755,1.2979402510442661,1.2874102528386644,1.2994702528708504,-1,1,-1,1,-13,13,-13,13,-16,16,-16,16
1783308113.205596,35.0,0.0,0.0,35.0,0.0,0,10.283857861322469,10.283857861322469,10.283857861322469,10.283857861322469,5.090000152587891,5.260000228881836,5.170000076293945,5.590000152587891,5.193857708734578,5.023857632440633,5.113857785028523,4.693857708734578,1.8178501980571022,1.7583501713542213,1.789850224759983,1.6428501980571022,1.3560249731533662,1.343154969736232,1.3334349729039212,1.3417149722494617,-1,1,-1,1,-13,13,-13,13,-16,16,-16,16
1783308113.2256465,35.0,0.0,0.0,35.0,0.0,0,10.283857861322469,10.283857861322469,10.283857861322469,10.283857861322469,5.090000152587891,5.260000228881836,5.170000076293945,5.590000152587891,5.193857708734578,5.023857632440633,5.113857785028523,4.693857708734578,1.8178501980571022,1.7583501713542213,1.789850224759983,1.6428501980571022,1.4027696925319775,1.3883696884281977,1.379459692969178,1.383959691628073,-1,1,-1,1,-13,13,-13,13,-16,16,-16,16
1783308113.2456248,35.0,0.0,0.0,35.0,0.0,0,10.283857861322469,10.283857861322469,10.283857861322469,10.283857861322469,6.059999942779541,6.400000095367432,5.880000114440918,6.849999904632568,4.223857918542928,3.883857765955037,4.403857746881551,3.4338579566899003,1.4783502714900245,1.359350218084263,1.5413502114085427,1.201850284841465,1.440784413798864,1.423324408321793,1.419094412691112,1.4148644132382822,-1,1,-1,1,-13,13,-13,13,-16,16,-16,16
1783308113.2655947,35.0,0.0,0.0,35.0,0.0,0,10.283857861322469,10.283857861322469,10.283857861322469,10.283857861322469,6.059999942779541,6.400000095367432,5.880000114440918,6.849999904632568,4.223857918542928,3.883857765955037,4.403857746881551,3.4338579566899003,1.4783502714900245,1.359350218084263,1.5413502114085427,1.201850284841465,1.4787991350657503,1.4582791282153884,1.458729132413046,1.4457691348484913,-1,1,-1,1,-13,13,-13,13,-16,16,-16,16
1783308113.2857342,35.0,0.0,0.0,35.0,0.0,0,10.283857861322469,10.283857861322469,10.283857861322469,10.283857861322469,7.409999847412109,7.650000095367432,7.289999961853027,7.510000228881836,2.8738580139103593,2.633857765955037,2.9938578994694414,2.7738576324406328,1.0058503048686258,0.9218502180842629,1.0478502648143044,0.9708501713542214,1.5046638571909436,1.4819838481089838,1.485673853508271,1.470733853540457,-1,1,-1,1,-13,13,-13,13,-16,15,-16,15
1783308113.3056753,35.0,0.0,0.0,35.0,0.0,0,10.283857861322469,10.283857861322469,10.283857861322469,10.283857861322469,7.409999847412109,7.650000095367432,7.289999961853027,7.510000228881836,2.8738580139103593,2.633857765955037,2.9938578994694414,2.7738576324406328,1.0058503048686258,0.9218502180842629,1.0478502648143044,0.9708501713542214,1.530528579316137,1.505688568002579,1.512618574603496,1.4956985722324228,-1,1,-1,1,-13,13,-13,13,-16,15,-16,15
1783308113.3255985,35.0,0.0,0.0,35.0,0.0,0,10.283857861322469,10.283857861322469,10.283857861322469,10.283857861322469,7.409999847412109,7.650000095367432,7.289999961853027,7.510000228881836,2.8738580139103593,2.633857765955037,2.9938578994694414,2.7738576324406328,1.0058503048686258,0.9218502180842629,1.0478502648143044,0.9708501713542214,1.5563933014413303,1.5293932878961745,1.5395632956987209,1.5206632909243885,-1,1,-1,1,-13,13,-13,13,-16,15,-16,15
1783308113.3456736,35.0,0.0,0.0,35.0,0.0,0,10.283857861322469,10.283857861322469,10.283857861322469,10.283857861322469,8.359999656677246,8.75,8.5,9.34000015258789,1.9238582046452226,1.5338578613224687,1.7838578613224687,0.9438577087345781,0.6733503716258279,0.536850251462864,0.624350251462864,0.3303501980571023,1.5737080252831372,1.5431980086480768,1.555618016450623,1.5291580103029996,-1,1,-1,1,-13,13,-13,13,-15,15,-15,15
1783308113.3656027,35.0,0.0,0.0,35.0,0.0,0,10.283857861322469,10.283857861322469,10.283857861322469,10.283857861322469,8.359999656677246,8.75,8.5,9.34000015258789,1.9238582046452226,1.5338578613224687,1.7838578613224687,0.9438577087345781,0.6733503716258279,0.536850251462864,0.624350251462864,0.3303501980571023,1.5910227491249442,1.557002729399979,1.5716727372025252,1.5376527296816107,-1,1,-1,1,-13,13,-13,13,-15,15,-15,15
1783308113.3857908,35.0,0.0,0.0,35.0,0.0,0,10.283857861322469,10.283857861322469,10.283857861322469,10.283857861322469,9.25,9.979999542236328,9.119999885559082,10.15999984741211,1.0338578613224687,0.3038583190861406,1.1638579757633867,0.12385801391035933,0.36185025146286404,0.10635041168014919,0.4073502915171853,0.04335030486862576,1.6003274698768464,1.5597374542717544,1.5821474589843958,1.538767451806804,-1,1,-1,1,-13,13,-13,13,-15,15,-15,15
1783308113.4056816,35.0,0.0,0.0,35.0,0.0,0,10.283857861322469,10.283857861322469,10.283857861322469,10.283857861322469,9.25,9.979999542236328,9.119999885559082,10.15999984741211,1.0338578613224687,0.3038583190861406,1.1638579757633867,0.12385801391035933,0.36185025146286404,0.10635041168014919,0.4073502915171853,0.04335030486862576,1.6096321906287485,1.5624721791435296,1.5926221807662664,1.5398821739319972,-1,1,-1,1,-13,13,-13,13,-15,15,-15,15
1783308113.4255912,35.0,0.0,0.0,35.0,0.0,0,10.283857861322469,10.283857861322469,10.283857861322469,10.283857861322469,9.25,9.979999542236328,9.119999885559082,10.15999984741211,1.0338578613224687,0.3038583190861406,1.1638579757633867,0.12385801391035933,0.36185025146286404,0.10635041168014919,0.4073502915171853,0.04335030486862576,1.6189369113806507,1.565206904015305,1.603096902548137,1.5409968960571905,-1,1,-1,1,-13,13,-13,13,-15,15,-15,15
1783308113.445612,35.0,0.0,0.0,35.0,0.0,0,10.283857861322469,10.283857861322469,10.283857861322469,10.283857861322469,10.319999694824219,10.609999656677246,10.460000038146973,10.510000228881836,-0.03614183350175004,-0.3261417953547774,-0.17614217682450395,-0.22614236755936723,-0.012649641725612514,-0.11414962837417207,-0.061649761888576377,-0.07914982864577852,1.6186116348791348,1.562271627857112,1.6015116229567163,1.5389616147491563,-1,1,-1,1,-13,13,-13,13,-15,14,-15,14
1783308113.4655933,35.0,0.0,0.0,35.0,0.0,0,10.283857861322469,10.283857861322469,10.283857861322469,10.283857861322469,10.319999694824219,10.609999656677246,10.460000038146973,10.510000228881836,-0.03614183350175004,-0.3261417953547774,-0.17614217682450395,-0.22614236755936723,-0.012649641725612514,-0.11414962837417207,-0.061649761888576377,-0.07914982864577852,1.618286358377619,1.5593363516989192,1.5999263433652957,1.536926333441122,-1,1,-1,1,-13,13,-13,13,-15,14,-15,14
1783308113.4856758,35.0,0.0,0.0,35.0,0.0,0,10.283857861322469,10.283857861322469,10.283857861322469,10.283857861322469,11.300000190734863,11.050000190734863,11.619999885559082,11.199999809265137,-1.0161423294123946,-0.7661423294123946,-1.3361420242366133,-0.916141947942668,-0.3556498152943381,-0.26814981529433807,-0.4676497084828146,-0.3206496817799338,1.6091410774129076,1.5524410707342076,1.5879010651471661,1.528681055909638,-1,1,-1,1,-13,13,-13,13,-14,14,-14,14
1783308113.5056129,35.0,0.0,0.0,35.0,0.0,0,10.283857861322469,10.283857861322469,10.283857861322469,10.283857861322469,11.300000190734863,11.050000190734863,11.619999885559082,11.199999809265137,-1.0161423294123946,-0.7661423294123946,-1.3361420242366133,-0.916141947942668,-0.3556498152943381,-0.26814981529433807,-0.4676497084828146,-0.3206496817799338,1.5999957964481961,1.545545789769496,1.5758757869290365,1.520435778378154,-1,1,-1,1,-13,13,-13,13,-14,14,-14,14
1783308113.525634,35.0,0.0,0.0,35.0,0.0,0,10.283857861322469,10.283857861322469,10.283857861322469,10.283857861322469,11.300000190734863,11.050000190734863,11.619999885559082,11.199999809265137,-1.0161423294123946,-0.7661423294123946,-1.3361420242366133,-0.916141947942668,-0.3556498152943381,-0.26814981529433807,-0.4676497084828146,-0.3206496817799338,1.5908505154834847,1.5386505088047844,1.563850508710907,1.5121905008466698,-1,1,-1,1,-13,13,-13,13,-14,14,-14,14
1783308113.5456913,35.0,0.0,0.0,35.0,0.0,0,10.283857861322469,10.283857861322469,10.283857861322469,10.283857861322469,11.760000228881836,12.029999732971191,11.979999542236328,12.369999885559082,-1.4761423675593672,-1.7461418716487227,-1.6961416809138594,-2.0861420242366133,-0.5166498286457785,-0.6111496550770529,-0.5936495883198507,-0.7301497084828146,1.5775652341754502,1.5229352319599458,1.5485852335826822,1.4934152226285402,-1,1,-1,1,-13,13,-13,13,-14,14,-14,14
1783308113.5655994,35.0,0.0,0.0,35.0,0.0,0,10.283857861322469,10.283857861322469,10.283857861322469,10.283857861322469,11.760000228881836,12.029999732971191,11.979999542236328,12.369999885559082,-1.4761423675593672,-1.7461418716487227,-1.6961416809138594,-2.0861420242366133,-0.5166498286457785,-0.6111496550770529,-0.5936495883198507,-0.7301497084828146,1.5642799528674158,1.5072199551151073,1.5333199584544575,1.4746399444104106,-1,1,-1,1,-13,13,-13,13,-14,14,-14,14
1783308113.5856738,35.0,0.0,0.0,35.0,0.0,0,10.283857861322469,10.283857861322469,10.283857861322469,10.283857861322469,12.760000228881836,12.729999542236328,12.460000038146973,12.279999732971191,-2.4761423675593672,-2.4461416809138594,-2.176142176824504,-1.9961418716487227,-0.8666498286457784,-0.8561495883198508,-0.7616497618885764,-0.6986496550770529,1.5419946715593815,1.4852046799868825,1.5137346788630368,1.4566746675655722,-1,1,-1,1,-13,13,-13,13,-14,14,-14,14
1783308113.6056376,35.0,0.0,0.0,35.0,0.0,0,10.283857861322469,10.283857861322469,10.283857861322469,10.283857861322469,12.760000228881836,12.729999542236328,12.460000038146973,12.279999732971191,-2.4761423675593672,-2.4461416809138594,-2.176142176824504,-1.9961418716487227,-0.8666498286457784,-0.8561495883198508,-0.7616497618885764,-0.6986496550770529,1.5197093902513472,1.4631894048586578,1.4941493992716162,1.4387093907207338,-1,1,-1,1,-13,13,-13,13,-14,14,-14,14
1783308113.6257575,35.0,0.0,0.0,35.0,0.0,0,10.283857861322469,10.283857861322469,10.283857861322469,10.283857861322469,12.760000228881836,12.729999542236328,12.460000038146973,12.279999732971191,-2.4761423675593672,-2.4461416809138594,-2.176142176824504,-1.9961418716487227,-0.8666498286457784,-0.8561495883198508,-0.7616497618885764,-0.6986496550770529,1.497424108943313,1.441174129730433,1.4745641196801955,1.4207441138758954,-1,1,-1,1,-13,13,-13,13,-14,14,-14,14
1783308113.6455977,35.0,0.0,0.0,35.0,0.0,0,10.283857861322469,10.283857861322469,10.283857861322469,10.283857861322469,13.010000228881836,12.979999542236328,13.479999542236328,12.670000076293945,-2.7261423675593672,-2.6961416809138594,-3.1961416809138594,-2.3861422149714766,-0.9541498286457785,-0.9436495883198507,-1.1186495883198506,-0.8351497752400168,1.4728888276352785,1.4169088546022084,1.4457988445519707,1.399268833941152,-1,1,-1,1,-13,13,-13,13,-14,13,-13,14
1783308113.6655903,35.0,0.0,0.0,35.0,0.0,0,10.283857861322469,10.283857861322469,10.283857861322469,10.283857861322469,13.010000228881836,12.979999542236328,13.479999542236328,12.670000076293945,-2.7261423675593672,-2.6961416809138594,-3.1961416809138594,-2.3861422149714766,-0.9541498286457785,-0.9436495883198507,-1.1186495883198506,-0.8351497752400168,1.4483535463272441,1.3926435794739838,1.417033569423746,1.3777935540064088,-1,1,-1,1,-13,13,-13,13,-13,13,-13,14
1783308113.6857402,35.0,0.0,0.0,35.0,0.0,0,10.283857861322469,10.283857861322469,10.283857861322469,10.283857861322469,13.40999984741211,13.390000343322754,13.510000228881836,13.170000076293945,-3.1261419860896407,-3.106142482000285,-3.2261423675593672,-2.8861422149714766,-1.094149695131374,-1.0871498687000998,-1.1291498286457784,-1.0101497752400168,1.4202182684524374,1.3646882971359813,1.3879982881157116,1.3518182740716655,-1,1,-1,1,-13,13,-13,13,-13,13,-13,13
1783308113.7055953,35.0,0.0,0.0,35.0,0.0,0,10.283857861322469,10.283857861322469,10.283857861322469,10.283857861322469,13.40999984741211,13.390000343322754,13.510000228881836,13.170000076293945,-3.1261419860896407,-3.106142482000285,-3.2261423675593672,-2.8861422149714766,-1.094149695131374,-1.0871498687000998,-1.1291498286457784,-1.0101497752400168,1.3920829905776306,1.3367330147979788,1.3589630068076772,1.3258429941369223,-1,1,-1,1,-13,13,-13,13,-13,13,-13,13
1783308113.7256334,35.0,0.0,0.0,35.0,0.0,0,10.283857861322469,10.283857861322469,10.283857861322469,10.283857861322469,13.40999984741211,13.390000343322754,13.510000228881836,13.170000076293945,-3.1261419860896407,-3.106142482000285,-3.2261423675593672,-2.8861422149714766,-1.094149695131374,-1.0871498687000998,-1.1291498286457784,-1.0101497752400168,1.3639477127028239,1.3087777324599763,1.3299277254996429,1.299867714202179,-1,1,-1,1,-13,13,-13,13,-13,13,-13,13
1783308113.7455952,35.0,0.0,0.0,35.0,0.0,0,10.283857861322469,10.283857861322469,10.283857861322469,10.283857861322469,13.90999984741211,13.220000267028809,13.989999771118164,13.520000457763672,-3.6261419860896407,-2.93614240570634,-3.7061419097956954,-3.236142596441203,-1.269149695131374,-1.0276498419972189,-1.2971496684284933,-1.132649908754421,1.3313124348280172,1.2823524508086193,1.2965724483114816,1.2707424308342081,-1,1,-1,1,-13,13,-13,13,-13,13,-13,13
1783308113.7656078,35.0,0.0,0.0,35.0,0.0,0,10.283857861322469,10.283857861322469,10.283857861322469,10.283857861322469,13.90999984741211,13.220000267028809,13.989999771118164,13.520000457763672,-3.6261419860896407,-2.93614240570634,-3.7061419097956954,-3.236142596441203,-1.269149695131374,-1.0276498419972189,-1.2971496684284933,-1.132649908754421,1.2986771569532105,1.2559271691572622,1.2632171711233202,1.2416171474662372,-1,1,-1,1,-13,13,-13,13,-13,13,-13,13
1783308113.7856662,35.0,0.0,0.0,35.0,0.0,0,10.283857861322469,10.283857861322469,10.283857861322469,10.283857861322469,14.039999961853027,13.5600004196167,13.869999885559082,13.770000457763672,-3.7561421005305586,-3.2761425582942305,-3.5861420242366133,-3.486142596441203,-1.3146497351856954,-1.1466498954029807,-1.2551497084828145,-1.220149908754421,1.2648718780484356,1.226441886132614,1.2309418929051907,1.2102418640982664,-1,1,-1,1,-13,13,-13,13,-13,13,-13,13
1783308113.805605,35.0,0.0,0.0,35.0,0.0,0,10.283857861322469,10.283857861322469,10.283857861322469,10.283857861322469,14.039999961853027,13.5600004196167,13.869999885559082,13.770000457763672,-3.7561421005305586,-3.2761425582942305,-3.5861420242366133,-3.486142596441203,-1.3146497351856954,-1.1466498954029807,-1.2551497084828145,-1.220149908754421,1.2310665991436607,1.196956603107966,1.1986666146870613,1.1788665807302956,-1,1,-1,1,-13,13,-13,13,-13,13,-13,13
1783308113.8257468,35.0,0.0,0.0,35.0,0.0,0,10.283857861322469,10.283857861322469,10.283857861322469,10.283857861322469,14.039999961853027,13.5600004196167,13.869999885559082,13.770000457763672,-3.7561421005305586,-3.2761425582942305,-3.5861420242366133,-3.486142596441203,-1.3146497351856954,-1.1466498954029807,-1.2551497084828145,-1.220149908754421,1.1972613202388858,1.1674713200833178,1.1663913364689318,1.1474912973623248,-1,1,-1,1,-13,13,-13,13,-13,13,-13,13
1783308113.8455813,35.0,0.0,0.0,35.0,0.0,0,10.283857861322469,10.283857861322469,10.283857861322469,10.283857861322469,13.899999618530273,13.569999694824219,13.5600004196167,13.489999771118164,-3.6161417572078047,-3.28614183350175,-3.2761425582942305,-3.2061419097956954,-1.2656496150227317,-1.1501496417256125,-1.1466498954029807,-1.1221496684284933,1.1647160444240154,1.137896043581802,1.1369060534442836,1.1186360201741636,-1,1,-1,1,-13,13,-13,13,-13,13,-13,13
1783308113.8656847,35.0,0.0,0.0,35.0,0.0,0,10.283857861322469,10.283857861322469,10.283857861322469,10.283857861322469,13.899999618530273,13.569999694824219,13.5600004196167,13.489999771118164,-3.6161417572078047,-3.28614183350175,-3.2761425582942305,-3.2061419097956954,-1.2656496150227317,-1.1501496417256125,-1.1466498954029807,-1.1221496684284933,1.1321707686091451,1.1083207670802862,1.1074207704196355,1.0897807429860025,-1,1,-1,1,-13,13,-13,13,-13,13,-13,13
1783308113.8856468,35.0,0.0,0.0,35.0,0.0,0,10.283857861322469,10.283857861322469,10.283857861322469,10.283857861322469,14.260000228881836,13.569999694824219,14.020000457763672,13.520000457763672,-3.9761423675593672,-3.28614183350175,-3.736142596441203,-3.236142596441203,-1.3916498286457784,-1.1501496417256125,-1.307649908754421,-1.132649908754421,1.0963854873011107,1.0787454905787703,1.0737954870516646,1.0606554596180315,-1,1,-1,1,-13,13,-13,13,-13,13,-13,13
1783308113.90559,35.0,0.0,0.0,35.0,0.0,0,10.283857861322469,10.283857861322469,10.283857861322469,10.283857861322469,14.260000228881836,13.569999694824219,14.020000457763672,13.520000457763672,-3.9761423675593672,-3.28614183350175,-3.736142596441203,-3.236142596441203,-1.3916498286457784,-1.1501496417256125,-1.307649908754421,-1.132649908754421,1.0606002059930764,1.0491702140772545,1.0401702036836937,1.0315301762500606,-1,1,-1,1,-13,13,-13,13,-13,13,-13,13
1783308113.925638,35.0,0.0,0.0,35.0,0.0,0,10.283857861322469,10.283857861322469,10.283857861322469,10.283857861322469,14.260000228881836,13.569999694824219,14.020000457763672,13.520000457763672,-3.9761423675593672,-3.28614183350175,-3.736142596441203,-3.236142596441203,-1.3916498286457784,-1.1501496417256125,-1.307649908754421,-1.132649908754421,1.024814924685042,1.0195949375757387,1.0065449203157228,1.0024048928820897,-1,1,-1,1,-13,13,-13,13,-13,13,-13,13
1783308113.9455938,35.0,0.0,0.0,35.0,0.0,0,10.283857861322469,10.283857861322469,10.283857861322469,10.283857861322469,13.829999923706055,13.579999923706055,13.65999984741211,13.3100004196167,-3.546142062383586,-3.296142062383586,-3.3761419860896407,-3.0261425582942305,-1.241149721834255,-1.153649721834255,-1.1816496951313742,-1.0591498954029805,0.9928996461235897,0.9899296590142864,0.976159642440916,0.9751696098574416,-1,1,-1,1,-13,13,-13,13,-13,13,-13,13
1783308113.9656627,35.0,0.0,0.0,35.0,0.0,0,10.283857861322469,10.283857861322469,10.283857861322469,10.283857861322469,13.829999923706055,13.579999923706055,13.65999984741211,13.3100004196167,-3.546142062383586,-3.296142062383586,-3.3761419860896407,-3.0261425582942305,-1.241149721834255,-1.153649721834255,-1.1816496951313742,-1.0591498954029805,0.9609843675621375,0.9602643804528341,0.9457743645661092,0.9479343268327936,-1,1,-1,1,-13,13,-13,13,-13,13,-13,13
1783308113.9856517,35.0,0.0,0.0,35.0,0.0,0,10.283857861322469,10.283857861322469,10.283857861322469,10.283857861322469,13.979999542236328,13.579999923706055,14.09000015258789,12.9399995803833,-3.6961416809138594,-3.296142062383586,-3.806142291265422,-2.656141719060832,-1.2936495883198507,-1.153649721834255,-1.3321498019428977,-0.9296496016712912,0.9277190924339127,0.9305991018913818,0.9115190839447204,0.924029051361246,-1,1,-1,1,-13,13,-13,13,-13,13,-13,13
1783308114.0056238,35.0,0.0,0.0,35.0,0.0,0,10.283857861322469,10.283857861322469,10.283857861322469,10.283857861322469,13.979999542236328,13.579999923706055,14.09000015258789,12.9399995803833,-3.6961416809138594,-3.296142062383586,-3.806142291265422,-2.656141719060832,-1.2936495883198507,-1.153649721834255,-1.3321498019428977,-0.9296496016712912,0.894453817305688,0.9009338233299296,0.8772638033233315,0.9001237758896985,-1,1,-1,1,-13,13,-13,13,-13,13,-13,13
1783308114.0255835,35.0,0.0,0.0,35.0,0.0,0,10.283857861322469,10.283857861322469,10.283857861322469,10.283857861322469,13.979999542236328,13.579999923706055,14.09000015258789,12.9399995803833,-3.6961416809138594,-3.296142062383586,-3.806142291265422,-2.656141719060832,-1.2936495883198507,-1.153649721834255,-1.3321498019428977,-0.9296496016712912,0.8611885421774632,0.8712685447684773,0.8430085227019427,0.876218500418151,-1,1,-1,1,-13,13,-13,13,-13,13,-13,13
1783308114.045699,35.0,0.0,0.0,35.0,0.0,0,10.283857861322469,10.283857861322469,10.283857861322469,10.283857861322469,13.859999656677246,13.130000114440918,13.9399995803833,12.90999984741211,-3.5761417953547774,-2.8461422531184493,-3.656141719060832,-2.6261419860896407,-1.251649628374172,-0.9961497885914572,-1.279649601671291,-0.9191496951313741,0.8290032660192702,0.8456532644904112,0.8101032472303952,0.8525832225433442,-1,1,-1,1,-13,13,-13,13,-13,13,-13,13
1783308114.0655994,35.0,0.0,0.0,35.0,0.0,0,10.283857861322469,10.283857861322469,10.283857861322469,10.283857861322469,13.859999656677246,13.130000114440918,13.9399995803833,12.90999984741211,-3.5761417953547774,-2.8461422531184493,-3.656141719060832,-2.6261419860896407,-1.251649628374172,-0.9961497885914572,-1.279649601671291,-0.9191496951313741,0.7968179898610772,0.8200379842123452,0.7771979717588476,0.8289479446685374,-1,1,-1,1,-13,13,-13,13,-13,13,-12,13
1783308114.0856833,35.0,0.0,0.0,35.0,0.0,0,10.283857861322469,10.283857861322469,10.283857861322469,10.283857861322469,13.779999732971191,13.260000228881836,13.380000114440918,12.880000114440918,-3.4961418716487227,-2.9761423675593672,-3.0961422531184493,-2.5961422531184493,-1.2236496550770528,-1.0416498286457785,-1.083649788591457,-0.9086497885914572,0.7653527130162388,0.7932527029043109,0.7493326914807816,0.8055826643904713,-1,1,-1,1,-13,13,-13,13,-13,13,-13,13
1783308114.1057193,35.0,0.0,0.0,35.0,0.0,0,10.283857861322469,10.283857861322469,10.283857861322469,10.283857861322469,13.779999732971191,13.260000228881836,13.380000114440918,12.880000114440918,-3.4961418716487227,-2.9761423675593672,-3.0961422531184493,-2.5961422531184493,-1.2236496550770528,-1.0416498286457785,-1.083649788591457,-0.9086497885914572,0.7338874361714003,0.7664674215962767,0.7214674112027156,0.7822173841124053,-1,1,-1,1,-13,13,-13,13,-13,13,-13,13
1783308114.1256077,35.0,0.0,0.0,35.0,0.0,0,10.283857861322469,10.283857861322469,10.283857861322469,10.283857861322469,13.779999732971191,13.260000228881836,13.380000114440918,12.880000114440918,-3.4961418716487227,-2.9761423675593672,-3.0961422531184493,-2.5961422531184493,-1.2236496550770528,-1.0416498286457785,-1.083649788591457,-0.9086497885914572,0.7024221593265618,0.7396821402882424,0.6936021309246496,0.7588521038343392,-1,1,-1,1,-13,13,-13,13,-12,13,-13,13
1783308114.1456776,35.0,0.0,0.0,35.0,0.0,0,10.283857861322469,10.283857861322469,10.283857861322469,10.283857861322469,13.270000457763672,13.359999656677246,13.4399995803833,12.640000343322754,-2.986142596441203,-3.0761417953547774,-3.156141719060832,-2.356142482000285,-1.0451499087544212,-1.076649628374172,-1.1046496016712912,-0.8246498687000998,0.675546875958591,0.7119968641300494,0.6651968554531021,0.7376468214963366,-1,1,-1,1,-13,13,-13,13,-13,13,-13,13
1783308114.1656327,35.0,0.0,0.0,35.0,0.0,0,10.283857861322469,10.283857861322469,10.283857861322469,10.283857861322469,13.270000457763672,13.359999656677246,13.4399995803833,12.640000343322754,-2.986142596441203,-3.0761417953547774,-3.156141719060832,-2.356142482000285,-1.0451499087544212,-1.076649628374172,-1.1046496016712912,-0.8246498687000998,0.6486715925906201,0.6843115879718563,0.6367915799815547,0.7164415391583341,-1,1,-1,1,-13,13,-13,13,-13,13,-13,13
1783308114.1857476,35.0,0.0,0.0,35.0,0.0,0,10.283857861322469,10.283857861322469,10.283857861322469,10.283857861322469,13.359999656677246,13.199999809265137,13.710000038146973,12.699999809265137,-3.0761417953547774,-2.916141947942668,-3.426142176824504,-2.416141947942668,-1.076649628374172,-1.0206496817799338,-1.1991497618885762,-0.8456496817799337,0.6209863164324271,0.6580663104403723,0.6059563003901342,0.69469626162685,-1,1,-1,1,-13,13,-13,13,-13,13,-12,13
1783308114.2056043,35.0,0.0,0.0,35.0,0.0,0,10.283857861322469,10.283857861322469,10.283857861322469,10.283857861322469,13.359999656677246,13.199999809265137,13.710000038146973,12.699999809265137,-3.0761417953547774,-2.916141947942668,-3.426142176824504,-2.416141947942668,-1.076649628374172,-1.0206496817799338,-1.1991497618885762,-0.8456496817799337,0.593301040274234,0.6318210329088884,0.5751210207987136,0.672950984095366,-1,1,-1,1,-13,13,-13,13,-13,13,-12,13
1783308114.2256522,35.0,0.0,0.0,35.0,0.0,0,10.283857861322469,10.283857861322469,10.283857861322469,10.283857861322469,13.359999656677246,13.199999809265137,13.710000038146973,12.699999809265137,-3.0761417953547774,-2.916141947942668,-3.426142176824504,-2.416141947942668,-1.076649628374172,-1.0206496817799338,-1.1991497618885762,-0.8456496817799337,0.565615764116041,0.6055757553774044,0.5442857412072931,0.651205706563882,-1,1,-1,1,-13,13,-13,13,-12,13,-12,13
1783308114.2455873,35.0,0.0,0.0,35.0,0.0,0,10.283857861322469,10.283857861322469,10.283857861322469,10.283857861322469,13.199999809265137,13.319999694824219,13.449999809265137,12.510000228881836,-2.916141947942668,-3.03614183350175,-3.166141947942668,-2.2261423675593672,-1.0206496817799338,-1.0626496417256124,-1.1081496817799337,-0.7791498286457785,0.539370486584557,0.5782504788758887,0.515790463675809,0.6311704252558477,-1,1,-1,1,-13,13,-13,13,-13,13,-12,13
1783308114.2657785,35.0,0.0,0.0,35.0,0.0,0,10.283857861322469,10.283857861322469,10.283857861322469,10.283857861322469,13.199999809265137,13.319999694824219,13.449999809265137,12.510000228881836,-2.916141947942668,-3.03614183350175,-3.166141947942668,-2.2261423675593672,-1.0206496817799338,-1.0626496417256124,-1.1081496817799337,-0.7791498286457785,0.513125209053073,0.5509252023743729,0.48729518614432504,0.6111351439478133,-1,1,-1,1,-13,13,-13,13,-12,12,-12,13
1783308114.2856686,35.0,0.0,0.0,35.0,0.0,0,10.283857861322469,10.283857861322469,10.283857861322469,10.283857861322469,13.09000015258789,13.399999618530273,13.489999771118164,13.0600004196167,-2.806142291265422,-3.1161417572078047,-3.2061419097956954,-2.7761425582942305,-0.9821498019428976,-1.0906496150227316,-1.1221496684284933,-0.9716498954029806,0.4878699284316842,0.5228799265595027,0.45843990895616377,0.5861498609231652,-1,1,-1,1,-13,13,-13,13,-13,12,-12,13
1783308114.3055995,35.0,0.0,0.0,35.0,0.0,0,10.283857861322469,10.283857861322469,10.283857861322469,10.283857861322469,13.09000015258789,13.399999618530273,13.489999771118164,13.0600004196167,-2.806142291265422,-3.1161417572078047,-3.2061419097956954,-2.7761425582942305,-0.9821498019428976,-1.0906496150227316,-1.1221496684284933,-0.9716498954029806,0.4626146478102954,0.4948346507446324,0.4295846317680025,0.5611645778985171,-1,1,-1,1,-13,13,-13,13,-12,12,-12,13
1783308114.3255968,35.0,0.0,0.0,35.0,0.0,0,10.283857861322469,10.283857861322469,10.283857861322469,10.283857861322469,13.09000015258789,13.399999618530273,13.489999771118164,13.0600004196167,-2.806142291265422,-3.1161417572078047,-3.2061419097956954,-2.7761425582942305,-0.9821498019428976,-1.0906496150227316,-1.1221496684284933,-0.9716498954029806,0.43735936718890656,0.46678937492976214,0.4007293545798412,0.5361792948738691,-1,1,-1,1,-13,13,-13,13,-12,12,-12,13
1783308114.3457386,35.0,0.0,0.0,35.0,0.0,0,10.283857861322469,10.283857861322469,10.283857861322469,10.283857861322469,13.010000228881836,13.449999809265137,13.0600004196167,13.220000267028809,-2.7261423675593672,-3.166141947942668,-2.7761425582942305,-2.93614240570634,-0.9541498286457785,-1.1081496817799337,-0.9716498954029806,-1.0276498419972189,0.41282408588087227,0.4382940973982781,0.3757440715551931,0.509754013222512,-1,1,-1,1,-13,13,-13,13,-12,12,-12,12
1783308114.3656132,35.0,0.0,0.0,35.0,0.0,0,10.283857861322469,10.283857861322469,10.283857861322469,10.283857861322469,13.010000228881836,13.449999809265137,13.0600004196167,13.220000267028809,-2.7261423675593672,-3.166141947942668,-2.7761425582942305,-2.93614240570634,-0.9541498286457785,-1.1081496817799337,-0.9716498954029806,-1.0276498419972189,0.388288804572838,0.4097988198667941,0.35075878853054504,0.48332873157115497,-1,1,-1,1,-13,13,-13,13,-12,12,-12,12
1783308114.3856647,35.0,0.0,0.0,35.0,0.0,0,10.283857861322469,10.283857861322469,10.283857861322469,10.283857861322469,12.729999542236328,13.489999771118164,12.989999771118164,13.329999923706055,-2.4461416809138594,-3.2061419097956954,-2.7061419097956954,-3.046142062383586,-0.8561495883198508,-1.1221496684284933,-0.9471496684284934,-1.066149721834255,0.3662735294446133,0.38094354267863284,0.32640351134238377,0.4559134530097027,-1,1,-1,1,-13,13,-13,13,-13,12,-12,12
1783308114.4057884,35.0,0.0,0.0,35.0,0.0,0,10.283857861322469,10.283857861322469,10.283857861322469,10.283857861322469,12.729999542236328,13.489999771118164,12.989999771118164,13.329999923706055,-2.4461416809138594,-3.2061419097956954,-2.7061419097956954,-3.046142062383586,-0.8561495883198508,-1.1221496684284933,-0.9471496684284934,-1.066149721834255,0.34425825431638857,0.35208826549047156,0.3020482341542225,0.42849817444825045,-1,1,-1,1,-13,13,-13,13,-12,12,-12,12
1783308114.4256861,35.0,0.0,0.0,35.0,0.0,0,10.283857861322469,10.283857861322469,10.283857861322469,10.283857861322469,12.729999542236328,13.489999771118164,12.989999771118164,13.329999923706055,-2.4461416809138594,-3.2061419097956954,-2.7061419097956954,-3.046142062383586,-0.8561495883198508,-1.1221496684284933,-0.9471496684284934,-1.066149721834255,0.32224297918816386,0.3232329883023103,0.2776929569660612,0.4010828958867982,-1,1,-1,1,-13,13,-13,13,-12,12,-12,12
1783308114.445599,35.0,0.0,0.0,35.0,0.0,0,10.283857861322469,10.283857861322469,10.283857861322469,10.283857861322469,13.4399995803833,13.069999694824219,13.399999618530273,12.5,-3.156141719060832,-2.78614183350175,-3.1161417572078047,-2.2161421386775313,-1.1046496016712912,-0.9751496417256125,-1.0906496150227316,-0.7756497485371359,0.2938377037166164,0.29815771180079453,0.249647681151191,0.3811376166387004,-1,1,-1,1,-13,13,-13,13,-12,12,-12,13
1783308114.4656308,35.0,0.0,0.0,35.0,0.0,0,10.283857861322469,10.283857861322469,10.283857861322469,10.283857861322469,13.4399995803833,13.069999694824219,13.399999618530273,12.5,-3.156141719060832,-2.78614183350175,-3.1161417572078047,-2.2161421386775313,-1.1046496016712912,-0.9751496417256125,-1.0906496150227316,-0.7756497485371359,0.2654324282450689,0.2730824352992788,0.22160240533632075,0.3611923373906026,-1,1,-1,1,-13,13,-13,13,-12,12,-12,13
1783308114.4856458,35.0,0.0,0.0,35.0,0.0,0,10.283857861322469,10.283857861322469,10.283857861322469,10.283857861322469,13.479999542236328,12.770000457763672,13.449999809265137,12.600000381469727,-3.1961416809138594,-2.486142596441203,-3.166141947942668,-2.316142520147258,-1.1186495883198506,-0.8701499087544211,-1.1081496817799337,-0.8106498820515402,0.23666715311684416,0.25070715193130794,0.19310712780483674,0.3403470547092773,-1,1,-1,1,-13,13,-13,13,-12,12,-12,13
1783308114.505707,35.0,0.0,0.0,35.0,0.0,0,10.283857861322469,10.283857861322469,10.283857861322469,10.283857861322469,13.479999542236328,12.770000457763672,13.449999809265137,12.600000381469727,-3.1961416809138594,-2.486142596441203,-3.166141947942668,-2.316142520147258,-1.1186495883198506,-0.8701499087544211,-1.1081496817799337,-0.8106498820515402,0.20790187798861942,0.2283318685633371,0.16461185027335273,0.31950177202795194,-1,1,-1,1,-13,13,-13,13,-12,12,-12,13
1783308114.5257065,35.0,0.0,0.0,35.0,0.0,0,10.283857861322469,10.283857861322469,10.283857861322469,10.283857861322469,13.479999542236328,12.770000457763672,13.449999809265137,12.600000381469727,-3.1961416809138594,-2.486142596441203,-3.166141947942668,-2.316142520147258,-1.1186495883198506,-0.8701499087544211,-1.1081496817799337,-0.8106498820515402,0.17913660286039468,0.20595658519536625,0.13611657274186872,0.2986564893466266,-1,1,-1,1,-13,13,-13,13,-12,12,-12,12
1783308114.5456092,35.0,0.0,0.0,35.0,0.0,0,10.283857861322469,10.283857861322469,10.283857861322469,10.283857861322469,13.0600004196167,13.010000228881836,13.039999961853027,12.890000343322754,-2.7761425582942305,-2.7261423675593672,-2.7561421005305586,-2.606142482000285,-0.9716498954029806,-0.9541498286457785,-0.9646497351856954,-0.9121498687000997,0.1541513198357466,0.18142130388733194,0.11131129383709369,0.275201207008624,-1,1,-1,1,-13,13,-13,13,-12,12,-12,12
1783308114.5655887,35.0,0.0,0.0,35.0,0.0,0,10.283857861322469,10.283857861322469,10.283857861322469,10.283857861322469,13.0600004196167,13.010000228881836,13.039999961853027,12.890000343322754,-2.7761425582942305,-2.7261423675593672,-2.7561421005305586,-2.606142482000285,-0.9716498954029806,-0.9541498286457785,-0.9646497351856954,-0.9121498687000997,0.1291660368110985,0.15688602257929762,0.08650601493231866,0.2517459246706214,-1,1,-1,1,-13,13,-13,13,-12,12,-12,12
1783308114.5856576,35.0,0.0,0.0,35.0,0.0,0,10.283857861322469,10.283857861322469,10.283857861322469,10.283857861322469,13.4399995803833,12.960000038146973,13.199999809265137,13.100000381469727,-3.156141719060832,-2.676142176824504,-2.916141947942668,-2.816142520147258,-1.1046496016712912,-0.9366497618885763,-1.0206496817799338,-0.9856498820515401,0.10076076133955102,0.13280074298787709,0.060260737400834645,0.22640064198929608,-1,1,-1,1,-13,13,-13,13,-12,12,-12,12
1783308114.6056068,35.0,0.0,0.0,35.0,0.0,0,10.283857861322469,10.283857861322469,10.283857861322469,10.283857861322469,13.4399995803833,12.960000038146973,13.199999809265137,13.100000381469727,-3.156141719060832,-2.676142176824504,-2.916141947942668,-2.816142520147258,-1.1046496016712912,-0.9366497618885763,-1.0206496817799338,-0.9856498820515401,0.07235548586800353,0.10871546339645655,0.03401545986935063,0.20105535930797075,-1,1,-1,1,-13,13,-13,13,-12,12,-12,12
1783308114.6255956,35.0,0.0,0.0,35.0,0.0,0,10.283857861322469,10.283857861322469,10.283857861322469,10.283857861322469,13.4399995803833,12.960000038146973,13.199999809265137,13.100000381469727,-3.156141719060832,-2.676142176824504,-2.916141947942668,-2.816142520147258,-1.1046496016712912,-0.9366497618885763,-1.0206496817799338,-0.9856498820515401,0.04395021039645604,0.08463018380503601,0.007770182337866617,0.17571007662664542,-1,1,-1,1,-13,13,-13,13,-12,12,-12,12
1783308114.6456559,35.0,0.0,0.0,35.0,0.0,0,10.283857861322469,10.283857861322469,10.283857861322469,10.283857861322469,13.489999771118164,12.6899995803833,13.319999694824219,13.020000457763672,-3.2061419097956954,-2.406141719060832,-3.03614183350175,-2.736142596441203,-1.1221496684284933,-0.8421496016712912,-1.0626496417256124,-0.957649908754421,0.015094933208294779,0.06297490833348851,-0.019555094163649134,0.1510847932586746,-1,1,-1,1,-13,13,-13,13,-12,12,-12,12
1783308114.6656003,35.0,0.0,0.0,35.0,0.0,0,10.283857861322469,10.283857861322469,10.283857861322469,10.283857861322469,13.489999771118164,12.6899995803833,13.319999694824219,13.020000457763672,-3.2061419097956954,-2.406141719060832,-3.03614183350175,-2.736142596441203,-1.1221496684284933,-0.8421496016712912,-1.0626496417256124,-0.957649908754421,-0.013760343979866481,0.04131963286194102,-0.046880370665164886,0.1264595098907038,-1,1,-1,1,-13,13,-13,13,-12,12,-12,12
1783308114.6856315,35.0,0.0,0.0,35.0,0.0,0,10.283857861322469,10.283857861322469,10.283857861322469,10.283857861322469,13.520000457763672,12.729999542236328,13.170000076293945,12.960000038146973,-3.236142596441203,-2.4461416809138594,-2.8861422149714766,-2.676142176824504,-1.132649908754421,-0.8561495883198508,-1.0101497752400168,-0.9366497618885763,-0.04288562734783731,0.019304357733716287,-0.07285565059990817,0.10237423029928325,-1,1,-1,1,-13,13,-13,13,-12,12,-12,12
1783308114.7056057,35.0,0.0,0.0,35.0,0.0,0,10.283857861322469,10.283857861322469,10.283857861322469,10.283857861322469,13.520000457763672,12.729999542236328,13.170000076293945,12.960000038146973,-3.236142596441203,-2.4461416809138594,-2.8861422149714766,-2.676142176824504,-1.132649908754421,-0.8561495883198508,-1.0101497752400168,-0.9366497618885763,-0.07201091071580815,-0.002710917394508447,-0.09883093053465146,0.07828895070786271,-1,1,-1,1,-13,13,-13,13,-12,12,-12,12
1783308114.7255988,35.0,0.0,0.0,35.0,0.0,0,10.283857861322469,10.283857861322469,10.283857861322469,10.283857861322469,13.520000457763672,12.729999542236328,13.170000076293945,12.960000038146973,-3.236142596441203,-2.4461416809138594,-2.8861422149714766,-2.676142176824504,-1.132649908754421,-0.8561495883198508,-1.0101497752400168,-0.9366497618885763,-0.10113619408377898,-0.02472619252273318,-0.12480621046939475,0.05420367111644217,-1,1,-1,1,-13,13,-13,13,-12,12,-12,12
1783308114.7456007,35.0,0.0,0.0,35.0,0.0,0,10.283857861322469,10.283857861322469,10.283857861322469,10.283857861322469,13.539999961853027,12.760000228881836,13.520000457763672,12.470000267028809,-3.2561421005305586,-2.4761423675593672,-3.236142596441203,-2.18614240570634,-1.1396497351856953,-0.8666498286457784,-1.132649908754421,-0.7651498419972189,-0.13044147298855402,-0.04701147383076749,-0.15393149383736557,0.03452838946508511,-1,1,-1,1,-13,13,-13,13,-12,12,-12,12
1783308114.7657025,35.0,0.0,0.0,35.0,0.0,0,10.283857861322469,10.283857861322469,10.283857861322469,10.283857861322469,13.539999961853027,12.760000228881836,13.520000457763672,12.470000267028809,-3.2561421005305586,-2.4761423675593672,-3.236142596441203,-2.18614240570634,-1.1396497351856953,-0.8666498286457784,-1.132649908754421,-0.7651498419972189,-0.15974675189332904,-0.06929675513880179,-0.1830567772053364,0.014853107813728048,-1,1,-1,1,-13,13,-13,13,-12,12,-12,12
1783308114.7856812,35.0,0.0,0.0,35.0,0.0,0,10.283857861322469,10.283857861322469,10.283857861322469,10.283857861322469,13.550000190734863,12.5600004196167,13.770000457763672,12.579999923706055,-3.2661423294123946,-2.2761425582942305,-3.486142596441203,-2.296142062383586,-1.143149815294338,-0.7966498954029806,-1.220149908754421,-0.8036497218342551,-0.1891420328580406,-0.08978203816344987,-0.21443206057330721,-0.005812170747724228,-1,1,-1,1,-13,13,-13,13,-12,12,-12,12
1783308114.8056784,35.0,0.0,0.0,35.0,0.0,0,10.283857861322469,10.283857861322469,10.283857861322469,10.283857861322469,13.550000190734863,12.5600004196167,13.770000457763672,12.579999923706055,-3.2661423294123946,-2.2761425582942305,-3.486142596441203,-2.296142062383586,-1.143149815294338,-0.7966498954029806,-1.220149908754421,-0.8036497218342551,-0.21853731382275216,-0.11026732118809796,-0.24580734394127804,-0.026477449309176504,-1,1,-1,1,-13,13,-13,13,-12,12,-12,12
1783308114.825577,35.0,0.0,0.0,35.0,0.0,0,10.283857861322469,10.283857861322469,10.283857861322469,10.283857861322469,13.550000190734863,12.5600004196167,13.770000457763672,12.579999923706055,-3.2661423294123946,-2.2761425582942305,-3.486142596441203,-2.296142062383586,-1.143149815294338,-0.7966498954029806,-1.220149908754421,-0.8036497218342551,-0.2479325947874637,-0.13075260421274604,-0.27718262730924886,-0.04714272787062878,-1,1,-1,1,-13,13,-13,13,-12,12,-12,12
1783308114.8457644,35.0,0.0,0.0,35.0,0.0,0,10.283857861322469,10.283857861322469,10.283857861322469,10.283857861322469,13.329999923706055,12.640000343322754,13.489999771118164,12.649999618530273,-3.046142062383586,-2.356142482000285,-3.2061419097956954,-2.3661417572078047,-1.066149721834255,-0.8246498687000998,-1.1221496684284933,-0.8281496150227317,-0.275347873348916,-0.1519578865507486,-0.30603790449741014,-0.06843800368549902,-1,1,-1,1,-13,13,-13,13,-12,12,-12,12
1783308114.8655968,35.0,0.0,0.0,35.0,0.0,0,10.283857861322469,10.283857861322469,10.283857861322469,10.283857861322469,13.329999923706055,12.640000343322754,13.489999771118164,12.649999618530273,-3.046142062383586,-2.356142482000285,-3.2061419097956954,-2.3661417572078047,-1.066149721834255,-0.8246498687000998,-1.1221496684284933,-0.8281496150227317,-0.30276315191036823,-0.17316316888875116,-0.3348931816855714,-0.08973327950036926,-1,1,-1,1,-13,13,-13,13,-12,12,-12,12
1783308114.8856678,35.0,0.0,0.0,35.0,0.0,0,10.283857861322469,10.283857861322469,10.283857861322469,10.283857861322469,12.960000038146973,12.920000076293945,13.289999961853027,12.479999542236328,-2.676142176824504,-2.6361422149714766,-3.0061421005305586,-2.1961416809138594,-0.9366497618885763,-0.9226497752400168,-1.0521497351856954,-0.7686495883198508,-0.32684843150178877,-0.19688844882349446,-0.36194846059034647,-0.109498554628594,-1,1,-1,1,-13,13,-13,13,-12,12,-12,12
1783308114.9056358,35.0,0.0,0.0,35.0,0.0,0,10.283857861322469,10.283857861322469,10.283857861322469,10.283857861322469,12.960000038146973,12.920000076293945,13.289999961853027,12.479999542236328,-2.676142176824504,-2.6361422149714766,-3.0061421005305586,-2.1961416809138594,-0.9366497618885763,-0.9226497752400168,-1.0521497351856954,-0.7686495883198508,-0.3509337110932093,-0.22061372875823776,-0.3890037394951215,-0.12926382975681872,-1,1,-1,1,-13,13,-13,13,-12,12,-12,12
1783308114.9255872,35.0,0.0,0.0,35.0,0.0,0,10.283857861322469,10.283857861322469,10.283857861322469,10.283857861322469,12.960000038146973,12.920000076293945,13.289999961853027,12.479999542236328,-2.676142176824504,-2.6361422149714766,-3.0061421005305586,-2.1961416809138594,-0.9366497618885763,-0.9226497752400168,-1.0521497351856954,-0.7686495883198508,-0.37501899068462985,-0.24433900869298106,-0.41605901839989656,-0.14902910488504345,-1,1,-1,1,-13,13,-13,13,-12,12,-12,12
1783308114.9457054,35.0,0.0,0.0,35.0,0.0,0,10.283857861322469,10.283857861322469,10.283857861322469,10.283857861322469,12.920000076293945,13.119999885559082,13.149999618530273,12.8100004196167,-2.6361422149714766,-2.8361420242366133,-2.8661417572078047,-2.5261425582942305,-0.9226497752400168,-0.9926497084828146,-1.0031496150227317,-0.8841498954029806,-0.3987442706193731,-0.2698642869111106,-0.4418542942147668,-0.17176438790969153,-1,1,-1,1,-13,13,-13,13,-12,12,-12,12
1783308114.965604,35.0,0.0,0.0,35.0,0.0,0,10.283857861322469,10.283857861322469,10.283857861322469,10.283857861322469,12.920000076293945,13.119999885559082,13.149999618530273,12.8100004196167,-2.6361422149714766,-2.8361420242366133,-2.8661417572078047,-2.5261425582942305,-0.9226497752400168,-0.9926497084828146,-1.0031496150227317,-0.8841498954029806,-0.4224695505541164,-0.2953895651292401,-0.46764957002963703,-0.19449967093433962,-1,1,-1,1,-13,13,-13,13,-12,12,-12,12
1783308114.9856396,35.0,0.0,0.0,35.0,0.0,0,10.283857861322469,10.283857861322469,10.283857861322469,10.283857861322469,13.350000381469727,12.8100004196167,13.279999732971191,12.59000015258789,-3.066142520147258,-2.5261425582942305,-2.9961418716487227,-2.306142291265422,-1.0731498820515402,-0.8841498954029806,-1.048649655077053,-0.8071498019428976,-0.4500648332354417,-0.31812484815388814,-0.49461484687447554,-0.2152549515557284,-1,1,-1,1,-13,13,-13,13,-11,12,-11,12
1783308115.005602,35.0,0.0,0.0,35.0,0.0,0,10.283857861322469,10.283857861322469,10.283857861322469,10.283857861322469,13.350000381469727,12.8100004196167,13.279999732971191,12.59000015258789,-3.066142520147258,-2.5261425582942305,-2.9961418716487227,-2.306142291265422,-1.0731498820515402,-0.8841498954029806,-1.048649655077053,-0.8071498019428976,-0.47766011591676705,-0.3408601311785362,-0.5215801237193141,-0.2360102321771172,-1,1,-1,1,-13,13,-13,13,-11,12,-11,12
1783308115.0257144,35.0,0.0,0.0,35.0,0.0,0,10.283857861322469,10.283857861322469,10.283857861322469,10.283857861322469,13.350000381469727,12.8100004196167,13.279999732971191,12.59000015258789,-3.066142520147258,-2.5261425582942305,-2.9961418716487227,-2.306142291265422,-1.0731498820515402,-0.8841498954029806,-1.048649655077053,-0.8071498019428976,-0.5052553985980923,-0.36359541420318425,-0.5485454005641526,-0.256765512798506,-1,1,-1,1,-13,13,-13,13,-11,12,-11,12
1783308115.0457232,35.0,0.0,0.0,35.0,0.0,0,10.283857861322469,10.283857861322469,10.283857861322469,10.283857861322469,13.420000076293945,12.59000015258789,13.369999885559082,12.4399995803833,-3.1361422149714766,-2.306142291265422,-3.0861420242366133,-2.156141719060832,-1.0976497752400167,-0.8071498019428976,-1.0801497084828147,-0.7546496016712911,-0.5334806785328357,-0.38435069482457307,-0.5763206787822821,-0.2761707882700535,-1,1,-1,1,-13,13,-13,13,-11,12,-11,12
1783308115.0655954,35.0,0.0,0.0,35.0,0.0,0,10.283857861322469,10.283857861322469,10.283857861322469,10.283857861322469,13.420000076293945,12.59000015258789,13.369999885559082,12.4399995803833,-3.1361422149714766,-2.306142291265422,-3.0861420242366133,-2.156141719060832,-1.0976497752400167,-0.8071498019428976,-1.0801497084828147,-0.7546496016712911,-0.561705958467579,-0.4051059754459619,-0.6040959570004116,-0.29557606374160095,-1,1,-1,1,-13,13,-13,13,-11,12,-11,12
1783308115.0856833,35.0,0.0,0.0,35.0,0.0,0,10.283857861322469,10.283857861322469,10.283857861322469,10.283857861322469,13.239999771118164,12.65999984741211,12.979999542236328,12.329999923706055,-2.9561419097956954,-2.3761419860896407,-2.6961416809138594,-2.046142062383586,-1.0346496684284934,-0.8316496951313742,-0.9436495883198507,-0.7161497218342551,-0.5883112356557403,-0.42649125332076865,-0.6283612321286364,-0.3139913423030532,-1,1,-1,1,-13,13,-13,13,-11,12,-11,12
1783308115.1056402,35.0,0.0,0.0,35.0,0.0,0,10.283857861322469,10.283857861322469,10.283857861322469,10.283857861322469,13.239999771118164,12.65999984741211,12.979999542236328,12.329999923706055,-2.9561419097956954,-2.3761419860896407,-2.6961416809138594,-2.046142062383586,-1.0346496684284934,-0.8316496951313742,-0.9436495883198507,-0.7161497218342551,-0.6149165128439016,-0.4478765311955754,-0.6526265072568611,-0.33240662086450545,-1,1,-1,1,-13,13,-13,13,-11,12,-11,12
1783308115.125689,35.0,0.0,0.0,35.0,0.0,0,10.283857861322469,10.283857861322469,10.283857861322469,10.283857861322469,13.239999771118164,12.65999984741211,12.979999542236328,12.329999923706055,-2.9561419097956954,-2.3761419860896407,-2.6961416809138594,-2.046142062383586,-1.0346496684284934,-0.8316496951313742,-0.9436495883198507,-0.7161497218342551,-0.6415217900320629,-0.4692618090703822,-0.6768917823850858,-0.3508218994259577,-1,1,-1,1,-13,13,-13,13,-11,12,-11,12
1783308115.145609,35.0,0.0,0.0,35.0,0.0,0,10.283857861322469,10.283857861322469,10.283857861322469,10.283857861322469,13.119999885559082,12.710000038146973,13.15999984741211,12.25,-2.8361420242366133,-2.426142176824504,-2.8761419860896407,-1.9661421386775313,-0.9926497084828146,-0.8491497618885764,-1.0066496951313741,-0.688149748537136,-0.6670470682501924,-0.4910970886618027,-0.7027770602598926,-0.3685171786740555,-1,1,-1,1,-13,13,-13,13,-11,12,-11,12
1783308115.1656094,35.0,0.0,0.0,35.0,0.0,0,10.283857861322469,10.283857861322469,10.283857861322469,10.283857861322469,13.119999885559082,12.710000038146973,13.15999984741211,12.25,-2.8361420242366133,-2.426142176824504,-2.8761419860896407,-1.9661421386775313,-0.9926497084828146,-0.8491497618885764,-1.0066496951313741,-0.688149748537136,-0.692572346468322,-0.5129323682532232,-0.7286623381346994,-0.38621245792215325,-1,1,-1,1,-13,13,-13,13,-11,12,-11,12
1783308115.1857173,35.0,0.0,0.0,35.0,0.0,0,10.283857861322469,10.283857861322469,10.283857861322469,10.283857861322469,13.029999732971191,12.75,13.0600004196167,12.430000305175781,-2.7461418716487227,-2.4661421386775313,-2.7761425582942305,-2.1461424438533125,-0.9611496550770529,-0.8631497485371359,-0.9716498954029806,-0.7511498553486593,-0.7172876233131605,-0.535127647501321,-0.7536476211593475,-0.40552773991683305,-1,1,-1,1,-13,13,-13,13,-11,12,-11,12
1783308115.2055879,35.0,0.0,0.0,35.0,0.0,0,10.283857861322469,10.283857861322469,10.283857861322469,10.283857861322469,13.029999732971191,12.75,13.0600004196167,12.430000305175781,-2.7461418716487227,-2.4661421386775313,-2.7761425582942305,-2.1461424438533125,-0.9611496550770529,-0.8631497485371359,-0.9716498954029806,-0.7511498553486593,-0.7420029001579991,-0.5573229267494189,-0.7786329041839956,-0.42484302191151285,-1,1,-1,1,-13,13,-13,13,-11,12,-11,12
1783308115.2255971,35.0,0.0,0.0,35.0,0.0,0,10.283857861322469,10.283857861322469,10.283857861322469,10.283857861322469,13.029999732971191,12.75,13.0600004196167,12.430000305175781,-2.7461418716487227,-2.4661421386775313,-2.7761425582942305,-2.1461424438533125,-0.9611496550770529,-0.8631497485371359,-0.9716498954029806,-0.7511498553486593,-0.7667181770028376,-0.5795182059975167,-0.8036181872086436,-0.44415830390619265,-1,1,-1,1,-13,13,-13,13,-11,12,-11,12
1783308115.2456102,35.0,0.0,0.0,35.0,0.0,0,10.283857861322469,10.283857861322469,10.283857861322469,10.283857861322469,12.739999771118164,12.770000457763672,12.989999771118164,12.09000015258789,-2.4561419097956954,-2.486142596441203,-2.7061419097956954,-1.806142291265422,-0.8596496684284933,-0.8701499087544211,-0.9471496684284934,-0.6321498019428976,-0.7888234541909989,-0.6018934893654875,-0.8279734643968049,-0.46041358452758147,-1,1,-1,1,-13,13,-13,13,-11,12,-11,12
1783308115.2656808,35.0,0.0,0.0,35.0,0.0,0,10.283857861322469,10.283857861322469,10.283857861322469,10.283857861322469,12.739999771118164,12.770000457763672,12.989999771118164,12.09000015258789,-2.4561419097956954,-2.486142596441203,-2.7061419097956954,-1.806142291265422,-0.8596496684284933,-0.8701499087544211,-0.9471496684284934,-0.6321498019428976,-0.8109287313791601,-0.6242687727334583,-0.8523287415849661,-0.4766688651489703,-1,1,-1,1,-13,13,-13,13,-11,12,-11,12
1783308115.2856905,35.0,0.0,0.0,35.0,0.0,0,10.283857861322469,10.283857861322469,10.283857861322469,10.283857861322469,13.0,12.34000015258789,12.9399995803833,12.09000015258789,-2.7161421386775313,-2.056142291265422,-2.656141719060832,-1.806142291265422,-0.9506497485371359,-0.7196498019428976,-0.9296496016712912,-0.6321498019428976,-0.8353740106272579,-0.642774053354847,-0.8762340170565136,-0.4929241457703591,-1,1,-1,1,-13,13,-13,13,-11,12,-11,12
1783308115.3057175,35.0,0.0,0.0,35.0,0.0,0,10.283857861322469,10.283857861322469,10.283857861322469,10.283857861322469,13.0,12.34000015258789,12.9399995803833,12.09000015258789,-2.7161421386775313,-2.056142291265422,-2.656141719060832,-1.806142291265422,-0.9506497485371359,-0.7196498019428976,-0.9296496016712912,-0.6321498019428976,-0.8598192898753557,-0.6612793339762358,-0.9001392925280611,-0.5091794263917478,-1,1,-1,1,-13,13,-13,13,-11,12,-11,12
1783308115.3256104,35.0,0.0,0.0,35.0,0.0,0,10.283857861322469,10.283857861322469,10.283857861322469,10.283857861322469,13.0,12.34000015258789,12.9399995803833,12.09000015258789,-2.7161421386775313,-2.056142291265422,-2.656141719060832,-1.806142291265422,-0.9506497485371359,-0.7196498019428976,-0.9296496016712912,-0.6321498019428976,-0.8842645691234535,-0.6797846145976246,-0.9240445679996087,-0.5254347070131367,-1,1,-1,1,-13,13,-13,13,-11,12,-11,12
1783308115.3455944,35.0,0.0,0.0,35.0,0.0,0,10.283857861322469,10.283857861322469,10.283857861322469,10.283857861322469,12.720000267028809,12.029999732971191,12.90999984741211,11.630000114440918,-2.43614240570634,-1.7461418716487227,-2.6261419860896407,-1.3461422531184493,-0.8526498419972189,-0.6111496550770529,-0.9191496951313741,-0.47114978859145723,-0.9061898507748106,-0.6954998914424632,-0.9476798458744154,-0.5375499872912027,-1,1,-1,1,-13,13,-13,13,-11,12,-11,12
1783308115.365724,35.0,0.0,0.0,35.0,0.0,0,10.283857861322469,10.283857861322469,10.283857861322469,10.283857861322469,12.720000267028809,12.029999732971191,12.90999984741211,11.630000114440918,-2.43614240570634,-1.7461418716487227,-2.6261419860896407,-1.3461422531184493,-0.8526498419972189,-0.6111496550770529,-0.9191496951313741,-0.47114978859145723,-0.9281151324261677,-0.7112151682873017,-0.9713151237492222,-0.5496652675692688,-1,1,-1,1,-13,13,-13,13,-11,12,-11,12
1783308115.3856788,35.0,0.0,0.0,35.0,0.0,0,10.283857861322469,10.283857861322469,10.283857861322469,10.283857861322469,12.069999694824219,11.59000015258789,12.430000305175781,11.09000015258789,-1.78614183350175,-1.306142291265422,-2.1461424438533125,-0.8061422912654219,-0.6251496417256125,-0.4571498019428976,-0.7511498553486593,-0.2821498019428976,-0.9441904089276835,-0.7229704489086904,-0.990630405743902,-0.5569205481906576,-1,1,-1,1,-13,13,-13,13,-11,12,-11,12
1783308115.4057384,35.0,0.0,0.0,35.0,0.0,0,10.283857861322469,10.283857861322469,10.283857861322469,10.283857861322469,12.069999694824219,11.59000015258789,12.430000305175781,11.09000015258789,-1.78614183350175,-1.306142291265422,-2.1461424438533125,-0.8061422912654219,-0.6251496417256125,-0.4571498019428976,-0.7511498553486593,-0.2821498019428976,-0.9602656854291992,-0.7347257295300792,-1.009945687738582,-0.5641758288120464,-1,1,-1,1,-13,13,-13,13,-11,12,-11,12
1783308115.4256308,35.0,0.0,0.0,35.0,0.0,0,10.283857861322469,10.283857861322469,10.283857861322469,10.283857861322469,12.069999694824219,11.59000015258789,12.430000305175781,11.09000015258789,-1.78614183350175,-1.306142291265422,-2.1461424438533125,-0.8061422912654219,-0.6251496417256125,-0.4571498019428976,-0.7511498553486593,-0.2821498019428976,-0.976340961930715,-0.746481010151468,-1.0292609697332618,-0.5714311094334352,-1,1,-1,1,-13,13,-13,13,-11,12,-11,12
1783308115.4456046,35.0,0.0,0.0,35.0,0.0,0,10.283857861322469,10.283857861322469,10.283857861322469,10.283857861322469,11.619999885559082,11.739999771118164,11.649999618530273,10.930000305175781,-1.3361420242366133,-1.4561419097956954,-1.3661417572078047,-0.6461424438533125,-0.4676497084828146,-0.5096496684284934,-0.4781496150227316,-0.22614985534865936,-0.9883662401488444,-0.7595862873396292,-1.041556245548132,-0.5772463914281151,-1,1,-1,1,-13,13,-13,13,-12,12,-11,12
1783308115.4655817,35.0,0.0,0.0,35.0,0.0,0,10.283857861322469,10.283857861322469,10.283857861322469,10.283857861322469,11.619999885559082,11.739999771118164,11.649999618530273,10.930000305175781,-1.3361420242366133,-1.4561419097956954,-1.3661417572078047,-0.6461424438533125,-0.4676497084828146,-0.5096496684284934,-0.4781496150227316,-0.22614985534865936,-1.000391518366974,-0.7726915645277904,-1.0538515213630022,-0.5830616734227949,-1,1,-1,1,-13,13,-13,13,-12,12,-11,12
1783308115.485662,35.0,0.0,0.0,35.0,0.0,0,10.283857861322469,10.283857861322469,10.283857861322469,10.283857861322469,11.079999923706055,11.390000343322754,11.319999694824219,11.050000190734863,-0.796142062383586,-1.1061424820002852,-1.03614183350175,-0.7661423294123946,-0.27864972183425507,-0.3871498687000998,-0.3626496417256125,-0.26814981529433807,-1.0075567969284263,-0.782646846865793,-1.063176797864518,-0.5899569543875065,-1,1,-1,1,-13,13,-13,13,-12,12,-12,12
1783308115.505673,35.0,0.0,0.0,35.0,0.0,0,10.283857861322469,10.283857861322469,10.283857861322469,10.283857861322469,11.079999923706055,11.390000343322754,11.319999694824219,11.050000190734863,-0.796142062383586,-1.1061424820002852,-1.03614183350175,-0.7661423294123946,-0.27864972183425507,-0.3871498687000998,-0.3626496417256125,-0.26814981529433807,-1.0147220754898785,-0.7926021292037956,-1.0725020743660336,-0.5968522353522181,-1,1,-1,1,-13,13,-13,13,-12,12,-12,12
1783308115.5256107,35.0,0.0,0.0,35.0,0.0,0,10.283857861322469,10.283857861322469,10.283857861322469,10.283857861322469,11.079999923706055,11.390000343322754,11.319999694824219,11.050000190734863,-0.796142062383586,-1.1061424820002852,-1.03614183350175,-0.7661423294123946,-0.27864972183425507,-0.3871498687000998,-0.3626496417256125,-0.26814981529433807,-1.0218873540513307,-0.8025574115417982,-1.0818273508675493,-0.6037475163169297,-1,1,-1,1,-13,13,-13,13,-12,12,-12,12
1783308115.5456014,35.0,0.0,0.0,35.0,0.0,0,10.283857861322469,10.283857861322469,10.283857861322469,10.283857861322469,10.470000267028809,11.140000343322754,10.640000343322754,10.449999809265137,-0.1861424057063399,-0.8561424820002852,-0.3561424820002852,-0.166141947942668,-0.06514984199721896,-0.2996498687000998,-0.12464986870009981,-0.0581496817799338,-1.0235626357026877,-0.8102626938798008,-1.085032633205552,-0.6052427938484137,-1,1,-1,1,-13,13,-13,13,-12,12,-12,12
1783308115.5656073,35.0,0.0,0.0,35.0,0.0,0,10.283857861322469,10.283857861322469,10.283857861322469,10.283857861322469,10.470000267028809,11.140000343322754,10.640000343322754,10.449999809265137,-0.1861424057063399,-0.8561424820002852,-0.3561424820002852,-0.166141947942668,-0.06514984199721896,-0.2996498687000998,-0.12464986870009981,-0.0581496817799338,-1.0252379173540447,-0.8179679762178034,-1.0882379155435546,-0.6067380713798978,-1,1,-1,1,-13,13,-13,13,-12,12,-12,12
1783308115.5856504,35.0,0.0,0.0,35.0,0.0,0,10.283857861322469,10.283857861322469,10.283857861322469,10.283857861322469,10.270000457763672,10.510000228881836,10.390000343322754,10.260000228881836,0.013857403558796832,-0.22614236755936723,-0.1061424820002852,0.02385763244063277,0.004850091245578891,-0.07914982864577852,-0.037149868700099814,0.008350171354221468,-1.0251132007220156,-0.8200032575258377,-1.0891931978815572,-0.6065233526879321,-1,1,-1,1,-13,13,-13,13,-12,12,-12,12
1783308115.605597,35.0,0.0,0.0,35.0,0.0,0,10.283857861322469,10.283857861322469,10.283857861322469,10.283857861322469,10.270000457763672,10.510000228881836,10.390000343322754,10.260000228881836,0.013857403558796832,-0.22614236755936723,-0.1061424820002852,0.02385763244063277,0.004850091245578891,-0.07914982864577852,-0.037149868700099814,0.008350171354221468,-1.0249884840899866,-0.822038538833872,-1.0901484802195598,-0.6063086339959665,-1,1,-1,1,-13,13,-13,13,-12,12,-12,12
1783308115.6255872,35.0,0.0,0.0,35.0,0.0,0,10.283857861322469,10.283857861322469,10.283857861322469,10.283857861322469,10.270000457763672,10.510000228881836,10.390000343322754,10.260000228881836,0.013857403558796832,-0.22614236755936723,-0.1061424820002852,0.02385763244063277,0.004850091245578891,-0.07914982864577852,-0.037149868700099814,0.008350171354221468,-1.0248637674579575,-0.8240738201419063,-1.0911037625575624,-0.6060939153040008,-1,1,-1,1,-13,13,-13,13,-12,12,-12,12
1783308115.6456785,35.0,0.0,0.0,35.0,0.0,0,10.283857861322469,10.283857861322469,10.283857861322469,10.283857861322469,10.140000343322754,10.079999923706055,9.989999771118164,9.899999618530273,0.1438575179997148,0.20385793761641402,0.29385809020430464,0.38385824279219527,0.05035013129990018,0.07135027816574491,0.10285033157150662,0.13435038497726834,-1.02356904979596,-0.8222390987033587,-1.0884590397457237,-0.6026391911188711,-1,1,-1,1,-13,13,-13,13,-12,12,-12,13
1783308115.6655877,35.0,0.0,0.0,35.0,0.0,0,10.283857861322469,10.283857861322469,10.283857861322469,10.283857861322469,10.140000343322754,10.079999923706055,9.989999771118164,9.899999618530273,0.1438575179997148,0.20385793761641402,0.29385809020430464,0.38385824279219527,0.05035013129990018,0.07135027816574491,0.10285033157150662,0.13435038497726834,-1.0222743321339625,-0.820404377264811,-1.085814316933885,-0.5991844669337414,-1,1,-1,1,-13,13,-13,13,-12,12,-12,13
1783308115.6856735,35.0,0.0,0.0,35.0,0.0,0,10.283857861322469,10.283857861322469,10.283857861322469,10.283857861322469,9.8100004196167,10.449999809265137,9.489999771118164,10.319999694824219,0.4738574417057695,-0.166141947942668,0.7938580902043046,-0.03614183350175004,0.16585010459701932,-0.0581496817799338,0.2778503315715066,-0.012649641725612514,-1.0180096151586104,-0.821899654796295,-1.0786695941220463,-0.5995097434352571,-1,1,-1,1,-13,13,-13,13,-12,12,-12,12
1783308115.7055888,35.0,0.0,0.0,35.0,0.0,0,10.283857861322469,10.283857861322469,10.283857861322469,10.283857861322469,9.8100004196167,10.449999809265137,9.489999771118164,10.319999694824219,0.4738574417057695,-0.166141947942668,0.7938580902043046,-0.03614183350175004,0.16585010459701932,-0.0581496817799338,0.2778503315715066,-0.012649641725612514,-1.0137448981832584,-0.823394932327779,-1.0715248713102077,-0.5998350199367728,-1,1,-1,1,-13,13,-13,13,-12,12,-12,12
1783308115.725586,35.0,0.0,0.0,35.0,0.0,0,10.283857861322469,10.283857861322469,10.283857861322469,10.283857861322469,9.8100004196167,10.449999809265137,9.489999771118164,10.319999694824219,0.4738574417057695,-0.166141947942668,0.7938580902043046,-0.03614183350175004,0.16585010459701932,-0.0581496817799338,0.2778503315715066,-0.012649641725612514,-1.0094801812079064,-0.8248902098592631,-1.064380148498369,-0.6001602964382885,-1,1,-1,1,-13,13,-13,13,-12,12,-12,12
1783308115.7456796,35.0,0.0,0.0,35.0,0.0,0,10.283857861322469,10.283857861322469,10.283857861322469,10.283857861322469,9.59000015258789,9.8100004196167,9.359999656677246,9.9399995803833,0.6938577087345781,0.4738574417057695,0.9238582046452226,0.3438582809391679,0.2428501980571023,0.16585010459701932,0.3233503716258279,0.12035039832870877,-1.0032354618292951,-0.8206254928839112,-1.056065424656562,-0.597065571909836,-1,1,-1,1,-13,13,-13,13,-12,12,-12,13
1783308115.7656364,35.0,0.0,0.0,35.0,0.0,0,10.283857861322469,10.283857861322469,10.283857861322469,10.283857861322469,9.59000015258789,9.8100004196167,9.359999656677246,9.9399995803833,0.6938577087345781,0.4738574417057695,0.9238582046452226,0.3438582809391679,0.2428501980571023,0.16585010459701932,0.3233503716258279,0.12035039832870877,-0.996990742450684,-0.8163607759085593,-1.0477507008147549,-0.5939708473813835,-1,1,-1,1,-13,13,-13,13,-12,12,-12,13
1783308115.7857418,35.0,0.0,0.0,35.0,0.0,0,10.283857861322469,10.283857861322469,10.283857861322469,10.283857861322469,9.199999809265137,9.579999923706055,9.039999961853027,9.229999542236328,1.083858052057332,0.703857937616414,1.2438578994694414,1.0538583190861406,0.37935031822006615,0.2463502781657449,0.43535026481430444,0.3688504116801492,-0.987236019982168,-0.8100260544700115,-1.0365559797195298,-0.5844861225096082,-1,1,-1,1,-13,13,-13,13,-12,12,-12,13
1783308115.805606,35.0,0.0,0.0,35.0,0.0,0,10.283857861322469,10.283857861322469,10.283857861322469,10.283857861322469,9.199999809265137,9.579999923706055,9.039999961853027,9.229999542236328,1.083858052057332,0.703857937616414,1.2438578994694414,1.0538583190861406,0.37935031822006615,0.2463502781657449,0.43535026481430444,0.3688504116801492,-0.9774812975136521,-0.8036913330314638,-1.0253612586243048,-0.5750013976378329,-1,1,-1,1,-13,13,-13,13,-12,12,-12,13
1783308115.8257475,35.0,0.0,0.0,35.0,0.0,0,10.283857861322469,10.283857861322469,10.283857861322469,10.283857861322469,9.199999809265137,9.579999923706055,9.039999961853027,9.229999542236328,1.083858052057332,0.703857937616414,1.2438578994694414,1.0538583190861406,0.37935031822006615,0.2463502781657449,0.43535026481430444,0.3688504116801492,-0.9677265750451362,-0.797356611592916,-1.0141665375290798,-0.5655166727660575,-1,1,-1,1,-13,13,-13,13,-12,12,-12,13
1783308115.845606,35.0,0.0,0.0,35.0,0.0,0,10.283857861322469,10.283857861322469,10.283857861322469,10.283857861322469,9.15999984741211,9.649999618530273,9.050000190734863,9.399999618530273,1.1238580139103593,0.6338582427921953,1.2338576705876054,0.8838582427921953,0.39335030486862577,0.22185038497726833,0.4318501847056619,0.3093503849772683,-0.9576118529199429,-0.7916518874077862,-1.0030618184937914,-0.5575619485809278,-1,1,-1,1,-13,13,-13,13,-12,12,-12,13
1783308115.865611,35.0,0.0,0.0,35.0,0.0,0,10.283857861322469,10.283857861322469,10.283857861322469,10.283857861322469,9.15999984741211,9.649999618530273,9.050000190734863,9.399999618530273,1.1238580139103593,0.6338582427921953,1.2338576705876054,0.8838582427921953,0.39335030486862577,0.22185038497726833,0.4318501847056619,0.3093503849772683,-0.9474971307947496,-0.7859471632226565,-0.991957099458503,-0.549607224395798,-1,1,-1,1,-13,13,-13,13,-12,12,-12,13
1783308115.8856924,35.0,0.0,0.0,35.0,0.0,0,10.283857861322469,10.283857861322469,10.283857861322469,10.283857861322469,9.350000381469727,9.699999809265137,9.050000190734863,9.520000457763672,0.9338574798527421,0.583858052057332,1.2338576705876054,0.7638574035587968,0.32685011794845975,0.2043503182200662,0.4318501847056619,0.26735009124557885,-0.939092413476075,-0.7806924407541405,-0.9808523804232145,-0.5427325077637688,-1,1,-1,1,-13,13,-13,13,-12,12,-12,13
1783308115.905576,35.0,0.0,0.0,35.0,0.0,0,10.283857861322469,10.283857861322469,10.283857861322469,10.283857861322469,9.350000381469727,9.699999809265137,9.050000190734863,9.520000457763672,0.9338574798527421,0.583858052057332,1.2338576705876054,0.7638574035587968,0.32685011794845975,0.2043503182200662,0.4318501847056619,0.26735009124557885,-0.9306876961574003,-0.7754377182856245,-0.9697476613879261,-0.5358577911317396,-1,1,-1,1,-13,13,-13,13,-12,12,-12,13
1783308115.925594,35.0,0.0,0.0,35.0,0.0,0,10.283857861322469,10.283857861322469,10.283857861322469,10.283857861322469,9.350000381469727,9.699999809265137,9.050000190734863,9.520000457763672,0.9338574798527421,0.583858052057332,1.2338576705876054,0.7638574035587968,0.32685011794845975,0.2043503182200662,0.4318501847056619,0.26735009124557885,-0.9222829788387257,-0.7701829958171085,-0.9586429423526377,-0.5289830744997104,-1,1,-1,1,-13,13,-13,13,-12,12,-12,13
1783308115.9455736,35.0,0.0,0.0,35.0,0.0,0,10.283857861322469,10.283857861322469,10.283857861322469,10.283857861322469,9.039999961853027,9.510000228881836,9.279999732971191,9.380000114440918,1.2438578994694414,0.7738576324406328,1.0038581283512773,0.9038577468815507,0.43535026481430444,0.27085017135422146,0.35135034492294703,0.31635021140854275,-0.9110882577435007,-0.7632182771251428,-0.9496082191974762,-0.5208483547777765,-1,1,-1,1,-13,13,-13,13,-13,13,-12,13
1783308115.9656544,35.0,0.0,0.0,35.0,0.0,0,10.283857861322469,10.283857861322469,10.283857861322469,10.283857861322469,9.039999961853027,9.510000228881836,9.279999732971191,9.380000114440918,1.2438578994694414,0.7738576324406328,1.0038581283512773,0.9038577468815507,0.43535026481430444,0.27085017135422146,0.35135034492294703,0.31635021140854275,-0.8998935366482756,-0.7562535584331771,-0.9405734960423147,-0.5127136350558426,-1,1,-1,1,-13,13,-13,13,-13,13,-12,13
1783308115.9856591,35.0,0.0,0.0,35.0,0.0,0,10.283857861322469,10.283857861322469,10.283857861322469,10.283857861322469,9.039999961853027,8.920000076293945,9.4399995803833,8.829999923706055,1.2438578994694414,1.3638577850285234,0.8438582809391679,1.453857937616414,0.43535026481430444,0.4773502247599832,0.29535039832870874,0.5088502781657449,-0.8886988155530506,-0.7439788383679203,-0.9329787715138621,-0.49962891361729483,-1,1,-1,1,-13,13,-13,13,-13,13,-12,13
1783308116.005602,35.0,0.0,0.0,35.0,0.0,0,10.283857861322469,10.283857861322469,10.283857861322469,10.283857861322469,9.039999961853027,8.920000076293945,9.4399995803833,8.829999923706055,1.2438578994694414,1.3638577850285234,0.8438582809391679,1.453857937616414,0.43535026481430444,0.4773502247599832,0.29535039832870874,0.5088502781657449,-0.8775040944578256,-0.7317041183026636,-0.9253840469854095,-0.4865441921787471,-1,1,-1,1,-13,13,-13,13,-13,13,-12,13
1783308116.0255806,35.0,0.0,0.0,35.0,0.0,0,10.283857861322469,10.283857861322469,10.283857861322469,10.283857861322469,9.039999961853027,8.920000076293945,9.4399995803833,8.829999923706055,1.2438578994694414,1.3638577850285234,0.8438582809391679,1.453857937616414,0.43535026481430444,0.4773502247599832,0.29535039832870874,0.5088502781657449,-0.8663093733626006,-0.7194293982374068,-0.917789322456957,-0.4734594707401994,-1,1,-1,1,-13,13,-13,13,-13,13,-12,13
1783308116.045962,35.0,0.0,0.0,35.0,0.0,0,10.283857861322469,10.283857861322469,10.283857861322469,10.283857861322469,9.050000190734863,8.729999542236328,9.319999694824219,8.670000076293945,1.2338576705876054,1.5538583190861406,0.96385816649825,1.6138577850285234,0.4318501847056619,0.5438504116801491,0.3373503582743875,0.5648502247599831,-0.8552046543273122,-0.7054446733656315,-0.9091145989584727,-0.45893475067494266,-1,1,-1,1,-13,13,-13,13,-13,13,-12,13
1783308116.0655715,35.0,0.0,0.0,35.0,0.0,0,10.283857861322469,10.283857861322469,10.283857861322469,10.283857861322469,9.050000190734863,8.729999542236328,9.319999694824219,8.670000076293945,1.2338576705876054,1.5538583190861406,0.96385816649825,1.6138577850285234,0.4318501847056619,0.5438504116801491,0.3373503582743875,0.5648502247599831,-0.8440999352920238,-0.6914599484938563,-0.9004398754599884,-0.4444100306096859,-1,1,-1,1,-13,13,-13,13,-13,13,-12,13
1783308116.0856566,35.0,0.0,0.0,35.0,0.0,0,10.283857861322469,10.283857861322469,10.283857861322469,10.283857861322469,9.279999732971191,9.0600004196167,9.239999771118164,9.010000228881836,1.0038581283512773,1.2238574417057695,1.0438580902043046,1.2738576324406328,0.35135034492294703,0.4283501045970193,0.3653503315715066,0.44585017135422145,-0.8350652121368622,-0.6804452315185043,-0.8910451526481497,-0.43294531191772023,-1,1,-1,1,-13,13,-13,13,-13,13,-12,13
1783308116.1056328,35.0,0.0,0.0,35.0,0.0,0,10.283857861322469,10.283857861322469,10.283857861322469,10.283857861322469,9.279999732971191,9.0600004196167,9.239999771118164,9.010000228881836,1.0038581283512773,1.2238574417057695,1.0438580902043046,1.2738576324406328,0.35135034492294703,0.4283501045970193,0.3653503315715066,0.44585017135422145,-0.8260304889817007,-0.6694305145431524,-0.8816504298363109,-0.42148059322575454,-1,1,-1,1,-13,13,-13,13,-13,13,-12,13
1783308116.1255794,35.0,0.0,0.0,35.0,0.0,0,10.283857861322469,10.283857861322469,10.283857861322469,10.283857861322469,9.279999732971191,9.0600004196167,9.239999771118164,9.010000228881836,1.0038581283512773,1.2238574417057695,1.0438580902043046,1.2738576324406328,0.35135034492294703,0.4283501045970193,0.3653503315715066,0.44585017135422145,-0.8169957658265392,-0.6584157975678004,-0.8722557070244722,-0.41001587453378885,-1,1,-1,1,-13,13,-13,13,-13,13,-12,13
1783308116.1455796,35.0,0.0,0.0,35.0,0.0,0,10.283857861322469,10.283857861322469,10.283857861322469,10.283857861322469,9.210000038146973,8.829999923706055,9.1899995803833,9.029999732971191,1.073857823175496,1.453857937616414,1.093858280939168,1.2538581283512773,0.3758502381114236,0.5088502781657449,0.38285039832870876,0.438850344922947,-0.8073310454179597,-0.6453310761292527,-0.8624109824960197,-0.39873115137862736,-1,1,-1,1,-13,13,-13,13,-13,13,-13,13
1783308116.1655965,35.0,0.0,0.0,35.0,0.0,0,10.283857861322469,10.283857861322469,10.283857861322469,10.283857861322469,9.210000038146973,8.829999923706055,9.1899995803833,9.029999732971191,1.073857823175496,1.453857937616414,1.093858280939168,1.2538581283512773,0.3758502381114236,0.5088502781657449,0.38285039832870876,0.438850344922947,-0.7976663250093803,-0.6322463546907049,-0.8525662579675671,-0.38744642822346587,-1,1,-1,1,-13,13,-13,13,-13,13,-13,13
1783308116.1856697,35.0,0.0,0.0,35.0,0.0,0,10.283857861322469,10.283857861322469,10.283857861322469,10.283857861322469,9.619999885559082,8.449999809265137,9.149999618530273,8.8100004196167,0.6638579757633867,1.833858052057332,1.1338582427921953,1.4738574417057695,0.2323502915171853,0.6418503182200661,0.3968503849772683,0.5158501045970193,-0.7916916032275098,-0.6157416322221889,-0.8423615337824374,-0.37418171124811395,-1,1,-1,1,-13,13,-13,13,-12,13,-13,13
1783308116.2057047,35.0,0.0,0.0,35.0,0.0,0,10.283857861322469,10.283857861322469,10.283857861322469,10.283857861322469,9.619999885559082,8.449999809265137,9.149999618530273,8.8100004196167,0.6638579757633867,1.833858052057332,1.1338582427921953,1.4738574417057695,0.2323502915171853,0.6418503182200661,0.3968503849772683,0.5158501045970193,-0.7857168814456392,-0.5992369097536729,-0.8321568095973076,-0.360916994272762,-1,1,-1,1,-13,13,-13,13,-12,13,-13,13
1783308116.2256293,35.0,0.0,0.0,35.0,0.0,0,10.283857861322469,10.283857861322469,10.283857861322469,10.283857861322469,9.619999885559082,8.449999809265137,9.149999618530273,8.8100004196167,0.6638579757633867,1.833858052057332,1.1338582427921953,1.4738574417057695,0.2323502915171853,0.6418503182200661,0.3968503849772683,0.5158501045970193,-0.7797421596637687,-0.582732187285157,-0.8219520854121779,-0.3476522772974101,-1,1,-1,1,-13,13,-13,13,-12,13,-13,13
1783308116.2455897,35.0,0.0,0.0,35.0,0.0,0,10.283857861322469,10.283857861322469,10.283857861322469,10.283857861322469,9.449999809265137,8.630000114440918,9.350000381469727,8.880000114440918,0.833858052057332,1.6538577468815507,0.9338574798527421,1.4038577468815507,0.2918503182200662,0.5788502114085428,0.32685011794845975,0.49135021140854274,-0.7722374371952527,-0.567847467563223,-0.8135473680935033,-0.33501755757547613,-1,1,-1,1,-13,13,-13,13,-13,13,-13,13
1783308116.26563,35.0,0.0,0.0,35.0,0.0,0,10.283857861322469,10.283857861322469,10.283857861322469,10.283857861322469,9.449999809265137,8.630000114440918,9.350000381469727,8.880000114440918,0.833858052057332,1.6538577468815507,0.9338574798527421,1.4038577468815507,0.2918503182200662,0.5788502114085428,0.32685011794845975,0.49135021140854274,-0.7647327147267368,-0.5529627478412891,-0.8051426507748286,-0.32238283785354216,-1,1,-1,1,-13,13,-13,13,-13,13,-13,13
1783308116.285666,35.0,0.0,0.0,35.0,0.0,0,10.283857861322469,10.283857861322469,10.283857861322469,10.283857861322469,10.010000228881836,9.210000038146973,9.710000038146973,9.390000343322754,0.27385763244063277,1.073857823175496,0.573857823175496,0.8938575179997148,0.09585017135422147,0.3758502381114236,0.2008502381114236,0.31285013129990014,-0.762267996034771,-0.5432980274327096,-0.7999779303662491,-0.3143381201915447,-1,1,-1,1,-13,13,-13,13,-12,13,-12,13
1783308116.3056004,35.0,0.0,0.0,35.0,0.0,0,10.283857861322469,10.283857861322469,10.283857861322469,10.283857861322469,10.010000228881836,9.210000038146973,9.710000038146973,9.390000343322754,0.27385763244063277,1.073857823175496,0.573857823175496,0.8938575179997148,0.09585017135422147,0.3758502381114236,0.2008502381114236,0.31285013129990014,-0.7598032773428053,-0.5336333070241301,-0.7948132099576696,-0.3062934025295473,-1,1,-1,1,-13,13,-13,13,-12,13,-12,13
1783308116.325606,35.0,0.0,0.0,35.0,0.0,0,10.283857861322469,10.283857861322469,10.283857861322469,10.283857861322469,10.010000228881836,9.210000038146973,9.710000038146973,9.390000343322754,0.27385763244063277,1.073857823175496,0.573857823175496,0.8938575179997148,0.09585017135422147,0.3758502381114236,0.2008502381114236,0.31285013129990014,-0.7573385586508395,-0.5239685866155507,-0.7896484895490901,-0.29824868486754985,-1,1,-1,1,-13,13,-13,13,-12,13,-12,13
1783308116.3457072,35.0,0.0,0.0,35.0,0.0,0,10.283857861322469,10.283857861322469,10.283857861322469,10.283857861322469,10.180000305175781,9.390000343322754,10.199999809265137,9.739999771118164,0.10385755614668746,0.8938575179997148,0.08385805205733199,0.5438580902043046,0.03635014465134061,0.31285013129990014,0.029350318220066195,0.1903503315715066,-0.7564038406455194,-0.5159238689535532,-0.7888937670805741,-0.2933539620557111,-1,1,-1,1,-13,13,-13,13,-12,13,-12,13
1783308116.3655992,35.0,0.0,0.0,35.0,0.0,0,10.283857861322469,10.283857861322469,10.283857861322469,10.283857861322469,10.180000305175781,9.390000343322754,10.199999809265137,9.739999771118164,0.10385755614668746,0.8938575179997148,0.08385805205733199,0.5438580902043046,0.03635014465134061,0.31285013129990014,0.029350318220066195,0.1903503315715066,-0.7554691226401992,-0.5078791512915558,-0.7881390446120582,-0.2884592392438724,-1,1,-1,1,-13,13,-13,13,-12,13,-12,13
1783308116.3856735,35.0,0.0,0.0,35.0,0.0,0,10.283857861322469,10.283857861322469,10.283857861322469,10.283857861322469,10.520000457763672,9.520000457763672,10.079999923706055,9.760000228881836,-0.23614259644120317,0.7638574035587968,0.20385793761641402,0.5238576324406328,-0.0826499087544211,0.26735009124557885,0.07135027816574491,0.18335017135422146,-0.75759440600817,-0.5010044346595266,-0.7863043231735105,-0.2837445205519067,-1,1,-1,1,-13,13,-13,13,-12,13,-12,13
1783308116.4055974,35.0,0.0,0.0,35.0,0.0,0,10.283857861322469,10.283857861322469,10.283857861322469,10.283857861322469,10.520000457763672,9.520000457763672,10.079999923706055,9.760000228881836,-0.23614259644120317,0.7638574035587968,0.20385793761641402,0.5238576324406328,-0.0826499087544211,0.26735009124557885,0.07135027816574491,0.18335017135422146,-0.7597196893761408,-0.49412971802749744,-0.7844696017349628,-0.279029801859941,-1,1,-1,1,-13,13,-13,13,-12,13,-12,13
1783308116.4256263,35.0,0.0,0.0,35.0,0.0,0,10.283857861322469,10.283857861322469,10.283857861322469,10.283857861322469,10.520000457763672,9.520000457763672,10.079999923706055,9.760000228881836,-0.23614259644120317,0.7638574035587968,0.20385793761641402,0.5238576324406328,-0.0826499087544211,0.26735009124557885,0.07135027816574491,0.18335017135422146,-0.7618449727441116,-0.4872550013954683,-0.7826348802964151,-0.27431508316797526,-1,1,-1,1,-13,13,-13,13,-12,13,-12,13
1783308116.4456353,35.0,0.0,0.0,35.0,0.0,0,10.283857861322469,10.283857861322469,10.283857861322469,10.283857861322469,10.760000228881836,9.829999923706055,10.449999809265137,10.229999542236328,-0.47614236755936723,0.453857937616414,-0.166141947942668,0.05385831908614058,-0.1666498286457785,0.1588502781657449,-0.0581496817799338,0.018850411680149202,-0.7661302540521459,-0.4831702799569206,-0.7841301578278992,-0.2738303582962,-1,1,-1,1,-13,13,-13,13,-12,13,-12,13
1783308116.4656024,35.0,0.0,0.0,35.0,0.0,0,10.283857861322469,10.283857861322469,10.283857861322469,10.283857861322469,10.760000228881836,9.829999923706055,10.449999809265137,10.229999542236328,-0.47614236755936723,0.453857937616414,-0.166141947942668,0.05385831908614058,-0.1666498286457785,0.1588502781657449,-0.0581496817799338,0.018850411680149202,-0.7704155353601801,-0.47908555851837287,-0.7856254353593832,-0.27334563342442475,-1,1,-1,1,-13,13,-13,13,-12,13,-12,13
1783308116.4857836,35.0,0.0,0.0,35.0,0.0,0,10.283857861322469,10.283857861322469,10.283857861322469,10.283857861322469,10.699999809265137,10.5,10.029999732971191,10.779999732971191,-0.416141947942668,-0.2161421386775313,0.2538581283512773,-0.4961418716487227,-0.1456496817799338,-0.07564974853713595,0.08885034492294705,-0.17364965507705293,-0.7741608128916642,-0.48103083776647065,-0.7833407122042217,-0.27781091026926324,-1,1,-1,1,-13,13,-13,13,-12,12,-12,13
1783308116.505608,35.0,0.0,0.0,35.0,0.0,0,10.283857861322469,10.283857861322469,10.283857861322469,10.283857861322469,10.699999809265137,10.5,10.029999732971191,10.779999732971191,-0.416141947942668,-0.2161421386775313,0.2538581283512773,-0.4961418716487227,-0.1456496817799338,-0.07564974853713595,0.08885034492294705,-0.17364965507705293,-0.7779060904231482,-0.48297611701456844,-0.7810559890490603,-0.28227618711410174,-1,1,-1,1,-13,13,-13,13,-12,12,-12,13
1783308116.5255995,35.0,0.0,0.0,35.0,0.0,0,10.283857861322469,10.283857861322469,10.283857861322469,10.283857861322469,10.699999809265137,10.5,10.029999732971191,10.779999732971191,-0.416141947942668,-0.2161421386775313,0.2538581283512773,-0.4961418716487227,-0.1456496817799338,-0.07564974853713595,0.08885034492294705,-0.17364965507705293,-0.7816513679546322,-0.4849213962626662,-0.7787712658938988,-0.28674146395894023,-1,1,-1,1,-13,13,-13,13,-12,12,-12,13
1783308116.545597,35.0,0.0,0.0,35.0,0.0,0,10.283857861322469,10.283857861322469,10.283857861322469,10.283857861322469,10.890000343322754,10.069999694824219,10.649999618530273,10.489999771118164,-0.6061424820002852,0.21385816649824996,-0.36614175720780473,-0.20614190979569536,-0.2121498687000998,0.07485035827438748,-0.12814961502273164,-0.07214966842849337,-0.7871066502926347,-0.48299667276418196,-0.782066541708769,-0.2885967411471015,-1,1,-1,1,-13,13,-13,13,-12,13,-12,13
1783308116.5656068,35.0,0.0,0.0,35.0,0.0,0,10.283857861322469,10.283857861322469,10.283857861322469,10.283857861322469,10.890000343322754,10.069999694824219,10.649999618530273,10.489999771118164,-0.6061424820002852,0.21385816649824996,-0.36614175720780473,-0.20614190979569536,-0.2121498687000998,0.07485035827438748,-0.12814961502273164,-0.07214966842849337,-0.7925619326306372,-0.4810719492656977,-0.7853618175236392,-0.29045201833526274,-1,1,-1,1,-13,13,-13,13,-12,13,-12,13
1783308116.5856826,35.0,0.0,0.0,35.0,0.0,0,10.283857861322469,10.283857861322469,10.283857861322469,10.283857861322469,11.470000267028809,9.770000457763672,10.850000381469727,10.0600004196167,-1.1861424057063399,0.5138574035587968,-0.5661425201472579,0.2238574417057695,-0.41514984199721894,0.17985009124557888,-0.19814988205154024,0.07835010459701931,-0.8032372142819943,-0.4764472326336685,-0.7904571002049645,-0.2884373013599108,-1,1,-1,1,-13,13,-13,13,-12,13,-12,13
1783308116.6057482,35.0,0.0,0.0,35.0,0.0,0,10.283857861322469,10.283857861322469,10.283857861322469,10.283857861322469,11.470000267028809,9.770000457763672,10.850000381469727,10.0600004196167,-1.1861424057063399,0.5138574035587968,-0.5661425201472579,0.2238574417057695,-0.41514984199721894,0.17985009124557888,-0.19814988205154024,0.07835010459701931,-0.8139124959333515,-0.4718225160016393,-0.7955523828862898,-0.28642258438455886,-1,1,-1,1,-13,13,-13,13,-12,13,-12,13
1783308116.625594,35.0,0.0,0.0,35.0,0.0,0,10.283857861322469,10.283857861322469,10.283857861322469,10.283857861322469,11.470000267028809,9.770000457763672,10.850000381469727,10.0600004196167,-1.1861424057063399,0.5138574035587968,-0.5661425201472579,0.2238574417057695,-0.41514984199721894,0.17985009124557888,-0.19814988205154024,0.07835010459701931,-0.8245877775847086,-0.46719779936961014,-0.8006476655676151,-0.2844078674092069,-1,1,-1,1,-13,13,-13,13,-12,13,-12,13
1783308116.6456923,35.0,0.0,0.0,35.0,0.0,0,10.283857861322469,10.283857861322469,10.283857861322469,10.283857861322469,11.880000114440918,10.229999542236328,11.220000267028809,10.670000076293945,-1.5961422531184493,0.05385831908614058,-0.9361424057063399,-0.3861422149714766,-0.5586497885914572,0.018850411680149202,-0.3276498419972189,-0.1351497752400168,-0.8389530578627746,-0.4667130744978349,-0.8090729472189722,-0.2878831473439502,-1,1,-1,1,-13,13,-13,13,-12,13,-12,13
1783308116.6657143,35.0,0.0,0.0,35.0,0.0,0,10.283857861322469,10.283857861322469,10.283857861322469,10.283857861322469,11.880000114440918,10.229999542236328,11.220000267028809,10.670000076293945,-1.5961422531184493,0.05385831908614058,-0.9361424057063399,-0.3861422149714766,-0.5586497885914572,0.018850411680149202,-0.3276498419972189,-0.1351497752400168,-0.8533183381408407,-0.46622834962605963,-0.8174982288703292,-0.2913584272786935,-1,1,-1,1,-13,13,-13,13,-12,13,-12,13
1783308116.6856666,35.0,0.0,0.0,35.0,0.0,0,10.283857861322469,10.283857861322469,10.283857861322469,10.283857861322469,11.479999542236328,10.789999961853027,11.25,10.859999656677246,-1.1961416809138594,-0.5061421005305586,-0.9661421386775313,-0.5761417953547774,-0.4186495883198508,-0.17714973518569552,-0.3381497485371359,-0.20164962837417208,-0.8640836132690655,-0.47078362853083466,-0.826193508118427,-0.29654370343688646,-1,1,-1,1,-13,13,-13,13,-12,12,-12,13
1783308116.7055864,35.0,0.0,0.0,35.0,0.0,0,10.283857861322469,10.283857861322469,10.283857861322469,10.283857861322469,11.479999542236328,10.789999961853027,11.25,10.859999656677246,-1.1961416809138594,-0.5061421005305586,-0.9661421386775313,-0.5761417953547774,-0.4186495883198508,-0.17714973518569552,-0.3381497485371359,-0.20164962837417208,-0.8748488883972902,-0.4753389074356097,-0.8348887873665247,-0.30172897959507944,-1,1,-1,1,-13,13,-13,13,-12,12,-12,12
1783308116.7256,35.0,0.0,0.0,35.0,0.0,0,10.283857861322469,10.283857861322469,10.283857861322469,10.283857861322469,11.479999542236328,10.789999961853027,11.25,10.859999656677246,-1.1961416809138594,-0.5061421005305586,-0.9661421386775313,-0.5761417953547774,-0.4186495883198508,-0.17714973518569552,-0.3381497485371359,-0.20164962837417208,-0.885614163525515,-0.4798941863403847,-0.8435840666146225,-0.3069142557532724,-1,1,-1,1,-13,13,-13,13,-12,12,-12,12
1783308116.7457054,35.0,0.0,0.0,35.0,0.0,0,10.283857861322469,10.283857861322469,10.283857861322469,10.283857861322469,11.210000038146973,10.949999809265137,11.039999961853027,11.0,-0.926142176824504,-0.666141947942668,-0.7561421005305586,-0.7161421386775313,-0.32414976188857636,-0.23314968177993378,-0.2646497351856955,-0.25064974853713595,-0.8939494431169356,-0.4858894638718687,-0.8503893455193975,-0.3133595350013702,-1,1,-1,1,-13,13,-13,13,-12,12,-12,12
1783308116.7657108,35.0,0.0,0.0,35.0,0.0,0,10.283857861322469,10.283857861322469,10.283857861322469,10.283857861322469,11.210000038146973,10.949999809265137,11.039999961853027,11.0,-0.926142176824504,-0.666141947942668,-0.7561421005305586,-0.7161421386775313,-0.32414976188857636,-0.23314968177993378,-0.2646497351856955,-0.25064974853713595,-0.9022847227083561,-0.4918847414033527,-0.8571946244241725,-0.319804814249468,-1,1,-1,1,-13,13,-13,13,-12,12,-12,12
1783308116.7856686,35.0,0.0,0.0,35.0,0.0,0,10.283857861322469,10.283857861322469,10.283857861322469,10.283857861322469,11.470000267028809,11.0600004196167,11.350000381469727,11.100000381469727,-1.1861424057063399,-0.7761425582942305,-1.0661425201472579,-0.8161425201472579,-0.41514984199721894,-0.2716498954029807,-0.3731498820515402,-0.28564988205154024,-0.9129600043597133,-0.49887002442800077,-0.8667899071054979,-0.32715009693079333,-1,1,-1,1,-13,13,-13,13,-12,12,-12,12
1783308116.8056552,35.0,0.0,0.0,35.0,0.0,0,10.283857861322469,10.283857861322469,10.283857861322469,10.283857861322469,11.470000267028809,11.0600004196167,11.350000381469727,11.100000381469727,-1.1861424057063399,-0.7761425582942305,-1.0661425201472579,-0.8161425201472579,-0.41514984199721894,-0.2716498954029807,-0.3731498820515402,-0.28564988205154024,-0.9236352860110704,-0.5058553074526488,-0.8763851897868232,-0.33449537961211867,-1,1,-1,1,-13,13,-13,13,-12,12,-12,12
1783308116.8255858,35.0,0.0,0.0,35.0,0.0,0,10.283857861322469,10.283857861322469,10.283857861322469,10.283857861322469,11.470000267028809,11.0600004196167,11.350000381469727,11.100000381469727,-1.1861424057063399,-0.7761425582942305,-1.0661425201472579,-0.8161425201472579,-0.41514984199721894,-0.2716498954029807,-0.3731498820515402,-0.28564988205154024,-0.9343105676624275,-0.5128405904772969,-0.8859804724681486,-0.341840662293444,-1,1,-1,1,-13,13,-13,13,-12,12,-12,12
1783308116.8455997,35.0,0.0,0.0,35.0,0.0,0,10.283857861322469,10.283857861322469,10.283857861322469,10.283857861322469,11.199999809265137,11.59000015258789,11.34000015258789,11.15999984741211,-0.916141947942668,-1.306142291265422,-1.056142291265422,-0.8761419860896407,-0.3206496817799338,-0.4571498019428976,-0.36964980194289765,-0.3066496951313742,-0.9425558451939114,-0.5245958710986857,-0.8954857530895374,-0.34972594016825076,-1,1,-1,1,-13,13,-13,13,-12,12,-12,12
1783308116.865671,35.0,0.0,0.0,35.0,0.0,0,10.283857861322469,10.283857861322469,10.283857861322469,10.283857861322469,11.199999809265137,11.59000015258789,11.34000015258789,11.15999984741211,-0.916141947942668,-1.306142291265422,-1.056142291265422,-0.8761419860896407,-0.3206496817799338,-0.4571498019428976,-0.36964980194289765,-0.3066496951313742,-0.9508011227253954,-0.5363511517200744,-0.9049910337109262,-0.3576112180430575,-1,1,-1,1,-13,13,-13,13,-12,12,-12,12
1783308116.885684,35.0,0.0,0.0,35.0,0.0,0,10.283857861322469,10.283857861322469,10.283857861322469,10.283857861322469,11.460000038146973,11.279999732971191,11.34000015258789,10.979999542236328,-1.176142176824504,-0.9961418716487227,-1.056142291265422,-0.6961416809138594,-0.4116497618885764,-0.3486496550770529,-0.36964980194289765,-0.24364958831985079,-0.9613864023168159,-0.5453164285649129,-0.9144963143323149,-0.36387649317128223,-1,1,-1,1,-13,13,-13,13,-12,12,-12,12
1783308116.9056003,35.0,0.0,0.0,35.0,0.0,0,10.283857861322469,10.283857861322469,10.283857861322469,10.283857861322469,11.460000038146973,11.279999732971191,11.34000015258789,10.979999542236328,-1.176142176824504,-0.9961418716487227,-1.056142291265422,-0.6961416809138594,-0.4116497618885764,-0.3486496550770529,-0.36964980194289765,-0.24364958831985079,-0.9719716819082365,-0.5542817054097514,-0.9240015949537037,-0.37014176829950696,-1,1,-1,1,-13,13,-13,13,-12,12,-12,12
1783308116.9256017,35.0,0.0,0.0,35.0,0.0,0,10.283857861322469,10.283857861322469,10.283857861322469,10.283857861322469,11.460000038146973,11.279999732971191,11.34000015258789,10.979999542236328,-1.176142176824504,-0.9961418716487227,-1.056142291265422,-0.6961416809138594,-0.4116497618885764,-0.3486496550770529,-0.36964980194289765,-0.24364958831985079,-0.982556961499657,-0.5632469822545899,-0.9335068755750925,-0.3764070434277317,-1,1,-1,1,-13,13,-13,13,-12,12,-12,12
1783308116.9457176,35.0,0.0,0.0,35.0,0.0,0,10.283857861322469,10.283857861322469,10.283857861322469,10.283857861322469,11.649999618530273,11.289999961853027,11.5600004196167,10.859999656677246,-1.3661417572078047,-1.0061421005305586,-1.2761425582942305,-0.5761417953547774,-0.4781496150227316,-0.3521497351856955,-0.44664989540298067,-0.20164962837417208,-0.9948522373145272,-0.5723022611593649,-0.9449921585997405,-0.38159231958592466,-1,1,-1,1,-13,13,-13,13,-12,12,-12,12
1783308116.9656258,35.0,0.0,0.0,35.0,0.0,0,10.283857861322469,10.283857861322469,10.283857861322469,10.283857861322469,11.649999618530273,11.289999961853027,11.5600004196167,10.859999656677246,-1.3661417572078047,-1.0061421005305586,-1.2761425582942305,-0.5761417953547774,-0.4781496150227316,-0.3521497351856955,-0.44664989540298067,-0.20164962837417208,-1.0071475131293974,-0.5813575400641399,-0.9564774416243886,-0.38677759574411763,-1,1,-1,1,-13,13,-13,13,-12,12,-12,12
1783308116.9857576,35.0,0.0,0.0,35.0,0.0,0,10.283857861322469,10.283857861322469,10.283857861322469,10.283857861322469,11.770000457763672,11.529999732971191,11.489999771118164,11.449999809265137,-1.4861425964412032,-1.2461418716487227,-1.2061419097956954,-1.166141947942668,-0.5201499087544211,-0.43614965507705294,-0.42214966842849333,-0.40814968177993377,-1.0205227964973682,-0.5925728169089783,-0.9673327188125499,-0.3972728732756016,-1,1,-1,1,-13,13,-13,13,-11,12,-12,12
1783308117.0056877,35.0,0.0,0.0,35.0,0.0,0,10.283857861322469,10.283857861322469,10.283857861322469,10.283857861322469,11.770000457763672,11.529999732971191,11.489999771118164,11.449999809265137,-1.4861425964412032,-1.2461418716487227,-1.2061419097956954,-1.166141947942668,-0.5201499087544211,-0.43614965507705294,-0.42214966842849333,-0.40814968177993377,-1.033898079865339,-0.6037880937538168,-0.9781879960007112,-0.4077681508070856,-1,1,-1,1,-13,13,-13,13,-11,12,-12,12
1783308117.025599,35.0,0.0,0.0,35.0,0.0,0,10.283857861322469,10.283857861322469,10.283857861322469,10.283857861322469,11.770000457763672,11.529999732971191,11.489999771118164,11.449999809265137,-1.4861425964412032,-1.2461418716487227,-1.2061419097956954,-1.166141947942668,-0.5201499087544211,-0.43614965507705294,-0.42214966842849333,-0.40814968177993377,-1.0472733632333098,-0.6150033705986553,-0.9890432731888724,-0.4182634283385696,-1,1,-1,1,-13,13,-13,13,-11,12,-12,12
1783308117.0456567,0.0,0.0,0.0,0.0,0.0,0,0.0,0.0,0.0,0.0,11.40999984741211,11.010000228881836,11.210000038146973,10.729999542236328,-11.40999984741211,-11.010000228881836,-11.210000038146973,-10.729999542236328,-3.993499946594238,-3.8535000801086423,-3.92350001335144,-3.7554998397827144,0.0,0.0,0.0,0.0,-1,1,-1,1,0,0,0,0,0,0,0,0
1783308117.0655873,0.0,0.0,0.0,0.0,0.0,0,0.0,0.0,0.0,0.0,11.40999984741211,11.010000228881836,11.210000038146973,10.729999542236328,-11.40999984741211,-11.010000228881836,-11.210000038146973,-10.729999542236328,-3.993499946594238,-3.8535000801086423,-3.92350001335144,-3.7554998397827144,0.0,0.0,0.0,0.0,-1,1,-1,1,0,0,0,0,0,0,0,0
1783308117.085725,0.0,0.0,0.0,0.0,0.0,0,0.0,0.0,0.0,0.0,11.609999656677246,10.649999618530273,11.699999809265137,10.460000038146973,-11.609999656677246,-10.649999618530273,-11.699999809265137,-10.460000038146973,-4.063499879837036,-3.7274998664855956,-4.094999933242797,-3.66100001335144,0.0,0.0,0.0,0.0,-1,1,-1,1,0,0,0,0,0,0,0,0
1783308117.1055853,0.0,0.0,0.0,0.0,0.0,0,0.0,0.0,0.0,0.0,11.609999656677246,10.649999618530273,11.699999809265137,10.460000038146973,-11.609999656677246,-10.649999618530273,-11.699999809265137,-10.460000038146973,-4.063499879837036,-3.7274998664855956,-4.094999933242797,-3.66100001335144,0.0,0.0,0.0,0.0,-1,1,-1,1,0,0,0,0,0,0,0,0
1783308117.125573,0.0,0.0,0.0,0.0,0.0,0,0.0,0.0,0.0,0.0,11.609999656677246,10.649999618530273,11.699999809265137,10.460000038146973,-11.609999656677246,-10.649999618530273,-11.699999809265137,-10.460000038146973,-4.063499879837036,-3.7274998664855956,-4.094999933242797,-3.66100001335144,0.0,0.0,0.0,0.0,-1,1,-1,1,0,0,0,0,0,0,0,0
1783308117.145663,0.0,0.0,0.0,0.0,0.0,0,0.0,0.0,0.0,0.0,10.390000343322754,9.489999771118164,10.229999542236328,9.359999656677246,-10.390000343322754,-9.489999771118164,-10.229999542236328,-9.359999656677246,-3.6365001201629634,-3.321499919891357,-3.5804998397827146,-3.2759998798370358,0.0,0.0,0.0,0.0,-1,1,-1,1,0,0,0,0,0,0,0,0
1783308117.1656039,0.0,0.0,0.0,0.0,0.0,0,0.0,0.0,0.0,0.0,10.390000343322754,9.489999771118164,10.229999542236328,9.359999656677246,-10.390000343322754,-9.489999771118164,-10.229999542236328,-9.359999656677246,-3.6365001201629634,-3.321499919891357,-3.5804998397827146,-3.2759998798370358,0.0,0.0,0.0,0.0,-1,1,-1,1,0,0,0,0,0,0,0,0
1783308117.1857483,0.0,0.0,0.0,0.0,0.0,0,0.0,0.0,0.0,0.0,8.180000305175781,7.78000020980835,7.380000114440918,7.460000038146973,-8.180000305175781,-7.78000020980835,-7.380000114440918,-7.460000038146973,-2.863000106811523,-2.7230000734329223,-2.583000040054321,-2.61100001335144,0.0,0.0,0.0,0.0,-1,1,-1,1,0,0,0,0,0,0,0,0
1783308117.2055795,0.0,0.0,0.0,0.0,0.0,0,0.0,0.0,0.0,0.0,8.180000305175781,7.78000020980835,7.380000114440918,7.460000038146973,-8.180000305175781,-7.78000020980835,-7.380000114440918,-7.460000038146973,-2.863000106811523,-2.7230000734329223,-2.583000040054321,-2.61100001335144,0.0,0.0,0.0,0.0,-1,1,-1,1,0,0,0,0,0,0,0,0
1783308117.2255907,0.0,0.0,0.0,0.0,0.0,0,0.0,0.0,0.0,0.0,8.180000305175781,7.78000020980835,7.380000114440918,7.460000038146973,-8.180000305175781,-7.78000020980835,-7.380000114440918,-7.460000038146973,-2.863000106811523,-2.7230000734329223,-2.583000040054321,-2.61100001335144,0.0,0.0,0.0,0.0,-1,1,-1,1,0,0,0,0,0,0,0,0
1783308117.2455778,0.0,0.0,0.0,0.0,0.0,0,0.0,0.0,0.0,0.0,5.949999809265137,5.900000095367432,5.170000076293945,5.21999979019165,-5.949999809265137,-5.900000095367432,-5.170000076293945,-5.21999979019165,-2.0824999332427976,-2.065000033378601,-1.8095000267028807,-1.8269999265670775,0.0,0.0,0.0,0.0,-1,1,-1,1,0,0,0,0,0,0,0,0
1783308117.2655935,0.0,0.0,0.0,0.0,0.0,0,0.0,0.0,0.0,0.0,5.949999809265137,5.900000095367432,5.170000076293945,5.21999979019165,-5.949999809265137,-5.900000095367432,-5.170000076293945,-5.21999979019165,-2.0824999332427976,-2.065000033378601,-1.8095000267028807,-1.8269999265670775,0.0,0.0,0.0,0.0,-1,1,-1,1,0,0,0,0,0,0,0,0
1783308117.2856507,0.0,0.0,0.0,0.0,0.0,0,0.0,0.0,0.0,0.0,4.170000076293945,4.130000114440918,3.619999885559082,3.6500000953674316,-4.170000076293945,-4.130000114440918,-3.619999885559082,-3.6500000953674316,-1.4595000267028808,-1.4455000400543212,-1.2669999599456787,-1.277500033378601,0.0,0.0,0.0,0.0,-1,1,-1,1,0,0,0,0,0,0,0,0
1783308117.305598,0.0,0.0,0.0,0.0,0.0,0,0.0,0.0,0.0,0.0,4.170000076293945,4.130000114440918,3.619999885559082,3.6500000953674316,-4.170000076293945,-4.130000114440918,-3.619999885559082,-3.6500000953674316,-1.4595000267028808,-1.4455000400543212,-1.2669999599456787,-1.277500033378601,0.0,0.0,0.0,0.0,-1,1,-1,1,0,0,0,0,0,0,0,0
1783308117.3256292,0.0,0.0,0.0,0.0,0.0,0,0.0,0.0,0.0,0.0,4.170000076293945,4.130000114440918,3.619999885559082,3.6500000953674316,-4.170000076293945,-4.130000114440918,-3.619999885559082,-3.6500000953674316,-1.4595000267028808,-1.4455000400543212,-1.2669999599456787,-1.277500033378601,0.0,0.0,0.0,0.0,-1,1,-1,1,0,0,0,0,0,0,0,0
1783308117.3455634,0.0,0.0,0.0,0.0,0.0,0,0.0,0.0,0.0,0.0,2.9200000762939453,2.890000104904175,2.5299999713897705,2.559999942779541,-2.9200000762939453,-2.890000104904175,-2.5299999713897705,-2.559999942779541,-1.0220000267028808,-1.011500036716461,-0.8854999899864197,-0.8959999799728393,0.0,0.0,0.0,0.0,-1,1,-1,1,0,0,0,0,0,0,0,0
1783308117.3656614,0.0,0.0,0.0,0.0,0.0,0,0.0,0.0,0.0,0.0,2.9200000762939453,2.890000104904175,2.5299999713897705,2.559999942779541,-2.9200000762939453,-2.890000104904175,-2.5299999713897705,-2.559999942779541,-1.0220000267028808,-1.011500036716461,-0.8854999899864197,-0.8959999799728393,0.0,0.0,0.0,0.0,-1,1,-1,1,0,0,0,0,0,0,0,0
1783308117.3856313,0.0,0.0,0.0,0.0,0.0,0,0.0,0.0,0.0,0.0,2.0399999618530273,2.0199999809265137,1.7699999809265137,1.7899999618530273,-2.0399999618530273,-2.0199999809265137,-1.7699999809265137,-1.7899999618530273,-0.7139999866485596,-0.7069999933242798,-0.6194999933242797,-0.6264999866485595,0.0,0.0,0.0,0.0,-1,1,-1,1,0,0,0,0,0,0,0,0
1783308117.40561,0.0,0.0,0.0,0.0,0.0,0,0.0,0.0,0.0,0.0,2.0399999618530273,2.0199999809265137,1.7699999809265137,1.7899999618530273,-2.0399999618530273,-2.0199999809265137,-1.7699999809265137,-1.7899999618530273,-0.7139999866485596,-0.7069999933242798,-0.6194999933242797,-0.6264999866485595,0.0,0.0,0.0,0.0,-1,1,-1,1,0,0,0,0,0,0,0,0
1783308117.4255757,0.0,0.0,0.0,0.0,0.0,0,0.0,0.0,0.0,0.0,2.0399999618530273,2.0199999809265137,1.7699999809265137,1.7899999618530273,-2.0399999618530273,-2.0199999809265137,-1.7699999809265137,-1.7899999618530273,-0.7139999866485596,-0.7069999933242798,-0.6194999933242797,-0.6264999866485595,0.0,0.0,0.0,0.0,-1,1,-1,1,0,0,0,0,0,0,0,0
1783308117.4455862,0.0,0.0,0.0,0.0,0.0,0,0.0,0.0,0.0,0.0,1.4299999475479126,1.4199999570846558,1.2400000095367432,1.25,-1.4299999475479126,-1.4199999570846558,-1.2400000095367432,-1.25,-0.5004999816417693,-0.4969999849796295,-0.4340000033378601,-0.4375,0.0,0.0,0.0,0.0,-1,1,-1,1,0,0,0,0,0,0,0,0
1783308117.465565,0.0,0.0,0.0,0.0,0.0,0,0.0,0.0,0.0,0.0,1.4299999475479126,1.4199999570846558,1.2400000095367432,1.25,-1.4299999475479126,-1.4199999570846558,-1.2400000095367432,-1.25,-0.5004999816417693,-0.4969999849796295,-0.4340000033378601,-0.4375,0.0,0.0,0.0,0.0,-1,1,-1,1,0,0,0,0,0,0,0,0
1783308117.4856675,0.0,0.0,0.0,0.0,0.0,0,0.0,0.0,0.0,0.0,1.0,0.9900000095367432,0.8700000047683716,0.8799999952316284,-1.0,-0.9900000095367432,-0.8700000047683716,-0.8799999952316284,-0.35,-0.3465000033378601,-0.30450000166893004,-0.30799999833106995,0.0,0.0,0.0,0.0,-1,1,-1,1,0,0,0,0,0,0,0,0
1783308117.5056796,0.0,0.0,0.0,0.0,0.0,0,0.0,0.0,0.0,0.0,1.0,0.9900000095367432,0.8700000047683716,0.8799999952316284,-1.0,-0.9900000095367432,-0.8700000047683716,-0.8799999952316284,-0.35,-0.3465000033378601,-0.30450000166893004,-0.30799999833106995,0.0,0.0,0.0,0.0,-1,1,-1,1,0,0,0,0,0,0,0,0
1783308117.525566,0.0,0.0,0.0,0.0,0.0,0,0.0,0.0,0.0,0.0,1.0,0.9900000095367432,0.8700000047683716,0.8799999952316284,-1.0,-0.9900000095367432,-0.8700000047683716,-0.8799999952316284,-0.35,-0.3465000033378601,-0.30450000166893004,-0.30799999833106995,0.0,0.0,0.0,0.0,-1,1,-1,1,0,0,0,0,0,0,0,0
1783308117.5456016,0.0,0.0,0.12,0.0,0.0,1,10.225092959257768,-10.225092959257768,10.225092959257768,-10.225092959257768,0.699999988079071,0.6899999976158142,0.6100000143051147,0.6100000143051147,9.525092971178697,-10.915092956873583,9.615092944952654,-10.835092973562883,3.333782539912544,-3.8202825349057536,3.3652825307334284,-3.7922825407470087,0.08572583674060828,-0.09823583661186225,0.08653583650457389,-0.09751583676206595,-1,1,-1,1,-18,-18,-18,-18,-21,-22,-21,-22
1783308117.565699,0.0,0.0,0.12,0.0,0.0,1,10.225092959257768,-10.225092959257768,10.225092959257768,-10.225092959257768,0.699999988079071,0.6899999976158142,0.6100000143051147,0.6100000143051147,9.525092971178697,-10.915092956873583,9.615092944952654,-10.835092973562883,3.333782539912544,-3.8202825349057536,3.3652825307334284,-3.7922825407470087,0.17145167348121657,-0.1964716732237245,0.17307167300914778,-0.1950316735241319,-1,1,-1,1,-18,-18,-18,-18,-22,-22,-22,-22
1783308117.5856857,0.0,0.0,0.12,0.0,0.0,1,10.225092959257768,-10.225092959257768,10.225092959257768,-10.225092959257768,0.49000000953674316,0.49000000953674316,0.4300000071525574,0.4300000071525574,9.735092949721025,-10.715092968794512,9.795092952105211,-10.655092966410326,3.4072825324023586,-3.750282539078079,3.428282533236824,-3.7292825382436137,0.2590675100287058,-0.29290750994287507,0.2612275095780947,-0.29092751022182484,-1,1,-1,1,-18,-18,-18,-18,-22,-22,-22,-22
1783308117.6057243,0.0,0.0,0.12,0.0,0.0,1,10.225092959257768,-10.225092959257768,10.225092959257768,-10.225092959257768,0.49000000953674316,0.49000000953674316,0.4300000071525574,0.4300000071525574,9.735092949721025,-10.715092968794512,9.795092952105211,-10.655092966410326,3.4072825324023586,-3.750282539078079,3.428282533236824,-3.7292825382436137,0.34668334657619504,-0.38934334666202564,0.3493833461470416,-0.3868233469195178,-1,1,-1,1,-18,-18,-18,-18,-22,-22,-22,-22
1783308117.6256278,0.0,0.0,0.12,0.0,0.0,1,10.225092959257768,-10.225092959257768,10.225092959257768,-10.225092959257768,0.49000000953674316,0.49000000953674316,0.4300000071525574,0.4300000071525574,9.735092949721025,-10.715092968794512,9.795092952105211,-10.655092966410326,3.4072825324023586,-3.750282539078079,3.428282533236824,-3.7292825382436137,0.43429918312368426,-0.4857791833811762,0.43753918271598846,-0.4827191836172108,-1,1,-1,1,-18,-18,-18,-18,-22,-22,-22,-22
1783308117.6457863,0.0,0.0,0.12,0.0,0.0,1,10.225092959257768,-10.225092959257768,10.225092959257768,-10.225092959257768,0.800000011920929,-0.5699999928474426,2.109999895095825,-0.6000000238418579,9.42509294733684,-9.655092966410326,8.115093064161943,-9.62509293541591,3.298782531567894,-3.379282538243614,2.84028257245668,-3.3687825273955685,0.5191250196497158,-0.5726750200788692,0.5105750202934459,-0.569345020035954,-1,1,-1,1,-18,-18,-18,-18,-22,-22,-21,-22
1783308117.6655948,0.0,0.0,0.12,0.0,0.0,1,10.225092959257768,-10.225092959257768,10.225092959257768,-10.225092959257768,0.800000011920929,-0.5699999928474426,2.109999895095825,-0.6000000238418579,9.42509294733684,-9.655092966410326,8.115093064161943,-9.62509293541591,3.298782531567894,-3.379282538243614,2.84028257245668,-3.3687825273955685,0.6039508561757474,-0.6595708567765621,0.5836108578709034,-0.6559708564546972,-1,1,-1,1,-18,-18,-18,-18,-22,-22,-21,-22
1783308117.685788,0.0,0.0,0.12,0.0,0.0,1,10.225092959257768,-10.225092959257768,10.225092959257768,-10.225092959257768,1.9199999570846558,-1.5299999713897705,3.2899999618530273,-2.009999990463257,8.305093002173113,-8.695092987867998,6.935092997404741,-8.215092968794512,2.9067825507605893,-3.043282545753799,2.427282549091659,-2.875282539078079,0.6786966931953055,-0.7378266936673741,0.646026694847546,-0.7299066931738478,-1,1,-1,1,-18,-18,-18,-18,-22,-22,-21,-22
1783308117.7056355,0.0,0.0,0.12,0.0,0.0,1,10.225092959257768,-10.225092959257768,10.225092959257768,-10.225092959257768,1.9199999570846558,-1.5299999713897705,3.2899999618530273,-2.009999990463257,8.305093002173113,-8.695092987867998,6.935092997404741,-8.215092968794512,2.9067825507605893,-3.043282545753799,2.427282549091659,-2.875282539078079,0.7534425302148635,-0.816082530558186,0.7084425318241887,-0.8038425298929984,-1,1,-1,1,-18,-18,-18,-18,-22,-22,-21,-22
1783308117.7256086,0.0,0.0,0.12,0.0,0.0,1,10.225092959257768,-10.225092959257768,10.225092959257768,-10.225092959257768,1.9199999570846558,-1.5299999713897705,3.2899999618530273,-2.009999990463257,8.305093002173113,-8.695092987867998,6.935092997404741,-8.215092968794512,2.9067825507605893,-3.043282545753799,2.427282549091659,-2.875282539078079,0.8281883672344216,-0.894338367448998,0.7708583688008314,-0.877778366612149,-1,1,-1,1,-18,-18,-18,-18,-22,-22,-21,-22
1783308117.745717,0.0,0.0,0.12,0.0,0.0,1,10.225092959257768,-10.225092959257768,10.225092959257768,-10.225092959257768,3.609999895095825,-3.3299999237060547,4.340000152587891,-3.2200000286102295,6.615093064161943,-6.895093035551714,5.885092806669878,-7.005092930647539,2.31528257245668,-2.4132825624431,2.059782482334457,-2.4517825257266384,0.8877242048118791,-0.9563942047689634,0.8238242040608603,-0.9408242029879769,-1,1,-1,1,-18,-18,-18,-18,-21,-21,-21,-21
1783308117.7656257,0.0,0.0,0.12,0.0,0.0,1,10.225092959257768,-10.225092959257768,10.225092959257768,-10.225092959257768,3.609999895095825,-3.3299999237060547,4.340000152587891,-3.2200000286102295,6.615093064161943,-6.895093035551714,5.885092806669878,-7.005092930647539,2.31528257245668,-2.4132825624431,2.059782482334457,-2.4517825257266384,0.9472600423893366,-1.0184500420889289,0.8767900393208892,-1.0038700393638047,-1,1,-1,1,-18,-18,-18,-18,-21,-21,-21,-21
1783308117.785798,0.0,0.0,0.12,0.0,0.0,1,10.225092959257768,-10.225092959257768,10.225092959257768,-10.225092959257768,5.46999979019165,-5.050000190734863,6.210000038146973,-4.519999980926514,4.755093169066118,-5.175092768522905,4.015092921110796,-5.705092978331255,1.6642826091731413,-1.8112824689830167,1.4052825223887784,-1.996782542415939,0.9900558809109317,-1.0650258770056351,0.9129258756108863,-1.055215876168786,-1,1,-1,1,-18,-18,-18,-18,-21,-21,-20,-21
1783308117.805609,0.0,0.0,0.12,0.0,0.0,1,10.225092959257768,-10.225092959257768,10.225092959257768,-10.225092959257768,5.46999979019165,-5.050000190734863,6.210000038146973,-4.519999980926514,4.755093169066118,-5.175092768522905,4.015092921110796,-5.705092978331255,1.6642826091731413,-1.8112824689830167,1.4052825223887784,-1.996782542415939,1.0328517194325266,-1.1116017119223414,0.9490617119008835,-1.1065617129737673,-1,1,-1,1,-18,-18,-18,-18,-21,-21,-20,-21
1783308117.825588,0.0,0.0,0.12,0.0,0.0,1,10.225092959257768,-10.225092959257768,10.225092959257768,-10.225092959257768,5.46999979019165,-5.050000190734863,6.210000038146973,-4.519999980926514,4.755093169066118,-5.175092768522905,4.015092921110796,-5.705092978331255,1.6642826091731413,-1.8112824689830167,1.4052825223887784,-1.996782542415939,1.0756475579541216,-1.1581775468390476,0.9851975481908807,-1.1579075497787485,-1,1,-1,1,-18,-18,-18,-18,-21,-21,-20,-21
1783308117.8456125,0.0,0.0,0.12,0.0,0.0,1,10.225092959257768,-10.225092959257768,10.225092959257768,-10.225092959257768,7.449999809265137,-7.159999847412109,7.289999961853027,-6.329999923706055,2.7750931499926317,-3.065093111845659,2.935092997404741,-3.8950930355517137,0.971282602497421,-1.0727825891459806,1.0272825490916593,-1.3632825624430998,1.1006233963040553,-1.1857633848456586,1.0116133851675233,-1.192963387098714,-1,1,-1,1,-18,-18,-18,-18,-20,-20,-20,-21
1783308117.8656046,0.0,0.0,0.12,0.0,0.0,1,10.225092959257768,-10.225092959257768,10.225092959257768,-10.225092959257768,7.449999809265137,-7.159999847412109,7.289999961853027,-6.329999923706055,2.7750931499926317,-3.065093111845659,2.935092997404741,-3.8950930355517137,0.971282602497421,-1.0727825891459806,1.0272825490916593,-1.3632825624430998,1.125599234653989,-1.2133492228522695,1.038029222144166,-1.2280192244186794,-1,1,-1,1,-18,-18,-18,-18,-20,-20,-20,-21
1783308117.8856895,0.0,0.0,0.12,0.0,0.0,1,10.225092959257768,-10.225092959257768,10.225092959257768,-10.225092959257768,8.380000114440918,-8.630000114440918,7.590000152587891,-7.380000114440918,1.8450928448168504,-1.5950928448168504,2.6350928066698778,-2.8450928448168504,0.6457824956858976,-0.5582824956858976,0.9222824823344572,-0.9957824956858976,1.1422050702573405,-1.2277050584556213,1.061745057404195,-1.2536250600220311,-1,1,-1,1,-18,-18,-18,-18,-20,-20,-20,-20
1783308117.9055936,0.0,0.0,0.12,0.0,0.0,1,10.225092959257768,-10.225092959257768,10.225092959257768,-10.225092959257768,8.380000114440918,-8.630000114440918,7.590000152587891,-7.380000114440918,1.8450928448168504,-1.5950928448168504,2.6350928066698778,-2.8450928448168504,0.6457824956858976,-0.5582824956858976,0.9222824823344572,-0.9957824956858976,1.1588109058606921,-1.242060894058973,1.0854608926642237,-1.2792308956253828,-1,1,-1,1,-18,-18,-18,-18,-20,-20,-20,-20
1783308117.9256115,0.0,0.0,0.12,0.0,0.0,1,10.225092959257768,-10.225092959257768,10.225092959257768,-10.225092959257768,8.380000114440918,-8.630000114440918,7.590000152587891,-7.380000114440918,1.8450928448168504,-1.5950928448168504,2.6350928066698778,-2.8450928448168504,0.6457824956858976,-0.5582824956858976,0.9222824823344572,-0.9957824956858976,1.1754167414640437,-1.2564167296623248,1.1091767279242526,-1.3048367312287346,-1,1,-1,1,-18,-18,-18,-18,-20,-20,-20,-20
1783308117.9456086,0.0,0.0,0.12,0.0,0.0,1,10.225092959257768,-10.225092959257768,10.225092959257768,-10.225092959257768,8.59000015258789,-9.210000038146973,8.479999542236328,-7.880000114440918,1.6350928066698778,-1.0150929211107957,1.7450934170214403,-2.3450928448168504,0.5722824823344572,-0.3552825223887785,0.610782695957504,-0.8207824956858976,1.1901325767240727,-1.265552565952322,1.1248825686774455,-1.3259425668320861,-1,1,-1,1,-18,-18,-18,-18,-20,-20,-20,-20
1783308117.9656131,0.0,0.0,0.12,0.0,0.0,1,10.225092959257768,-10.225092959257768,10.225092959257768,-10.225092959257768,8.59000015258789,-9.210000038146973,8.479999542236328,-7.880000114440918,1.6350928066698778,-1.0150929211107957,1.7450934170214403,-2.3450928448168504,0.5722824823344572,-0.3552825223887785,0.610782695957504,-0.8207824956858976,1.2048484119841016,-1.274688402242319,1.1405884094306384,-1.3470484024354377,-1,1,-1,1,-18,-18,-18,-18,-20,-20,-20,-20
1783308117.9856672,0.0,0.0,0.12,0.0,0.0,1,10.225092959257768,-10.225092959257768,10.225092959257768,-10.225092959257768,9.859999656677246,-10.069999694824219,9.34000015258789,-8.6899995803833,0.3650933025805223,-0.15509326443354965,0.8850928066698778,-1.5350933788744676,0.1277826559031828,-0.05428264255174237,0.3097824823344572,-0.5372826826060636,1.2081342517073264,-1.276084241622221,1.1485542446906674,-1.360864242845308,-1,1,-1,1,-18,-18,-18,-18,-19,-19,-19,-20
1783308118.0056052,0.0,0.0,0.12,0.0,0.0,1,10.225092959257768,-10.225092959257768,10.225092959257768,-10.225092959257768,9.859999656677246,-10.069999694824219,9.34000015258789,-8.6899995803833,0.3650933025805223,-0.15509326443354965,0.8850928066698778,-1.5350933788744676,0.1277826559031828,-0.05428264255174237,0.3097824823344572,-0.5372826826060636,1.211420091430551,-1.2774800810021227,1.1565200799506963,-1.3746800832551782,-1,1,-1,1,-18,-18,-18,-18,-19,-19,-19,-20
1783308118.0257351,0.0,0.0,0.12,0.0,0.0,1,10.225092959257768,-10.225092959257768,10.225092959257768,-10.225092959257768,9.859999656677246,-10.069999694824219,9.34000015258789,-8.6899995803833,0.3650933025805223,-0.15509326443354965,0.8850928066698778,-1.5350933788744676,0.1277826559031828,-0.05428264255174237,0.3097824823344572,-0.5372826826060636,1.2147059311537758,-1.2788759203820246,1.1644859152107252,-1.3884959236650485,-1,1,-1,1,-18,-18,-18,-18,-19,-19,-19,-20
1783308118.045633,0.0,0.0,0.12,0.0,0.0,1,10.225092959257768,-10.225092959257768,10.225092959257768,-10.225092959257768,10.75,-11.130000114440918,10.15999984741211,-10.15999984741211,-0.5249070407422316,0.9049071551831496,0.06509311184565902,-0.06509311184565902,-0.18371746425978105,0.31671750431410234,0.022782589145980657,-0.022782589145980657,1.2099817677870957,-1.2707317559853761,1.165071753217336,-1.3890817616716593,-1,1,-1,1,-18,-18,-18,-18,-19,-19,-19,-19
1783308118.065601,0.0,0.0,0.12,0.0,0.0,1,10.225092959257768,-10.225092959257768,10.225092959257768,-10.225092959257768,10.75,-11.130000114440918,10.15999984741211,-10.15999984741211,-0.5249070407422316,0.9049071551831496,0.06509311184565902,-0.06509311184565902,-0.18371746425978105,0.31671750431410234,0.022782589145980657,-0.022782589145980657,1.2052576044204155,-1.2625875915887277,1.1656575912239469,-1.3896675996782701,-1,1,-1,1,-18,-18,-18,-18,-19,-19,-19,-19
1783308118.085643,0.0,0.0,0.12,0.0,0.0,1,10.225092959257768,-10.225092959257768,10.225092959257768,-10.225092959257768,10.239999771118164,-11.40999984741211,10.729999542236328,-10.729999542236328,-0.014906811860395663,1.184906888154341,-0.5049065829785597,0.5049065829785597,-0.005217384151138482,0.4147174108540193,-0.1767173040424959,0.1767173040424959,1.205123443113672,-1.2519234295953385,1.16111343197714,-1.3851234404314632,-1,1,-1,1,-18,-18,-18,-18,-19,-19,-19,-19
1783308118.105582,0.0,0.0,0.12,0.0,0.0,1,10.225092959257768,-10.225092959257768,10.225092959257768,-10.225092959257768,10.239999771118164,-11.40999984741211,10.729999542236328,-10.729999542236328,-0.014906811860395663,1.184906888154341,-0.5049065829785597,0.5049065829785597,-0.005217384151138482,0.4147174108540193,-0.1767173040424959,0.1767173040424959,1.2049892818069283,-1.2412592676019494,1.156569272730333,-1.3805792811846562,-1,1,-1,1,-18,-18,-18,-18,-19,-19,-19,-19
1783308118.1256666,0.0,0.0,0.12,0.0,0.0,1,10.225092959257768,-10.225092959257768,10.225092959257768,-10.225092959257768,10.239999771118164,-11.40999984741211,10.729999542236328,-10.729999542236328,-0.014906811860395663,1.184906888154341,-0.5049065829785597,0.5049065829785597,-0.005217384151138482,0.4147174108540193,-0.1767173040424959,0.1767173040424959,1.2048551205001847,-1.2305951056085602,1.152025113483526,-1.3760351219378493,-1,1,-1,1,-18,-18,-18,-18,-19,-19,-19,-19
1783308118.1456082,0.0,0.0,0.12,0.0,0.0,1,10.225092959257768,-10.225092959257768,10.225092959257768,-10.225092959257768,10.569999694824219,-11.15999984741211,11.59000015258789,-11.8100004196167,-0.34490673556645035,0.934906888154341,-1.3649071933301222,1.5849074603589308,-0.12071735744825761,0.32721741085401934,-0.47771751766554277,0.5547176111256258,1.2017509598800866,-1.2221809436151712,1.1397409487435548,-1.3617709547946188,-1,1,-1,1,-18,-18,-18,-18,-19,-19,-19,-19
1783308118.1656945,0.0,0.0,0.12,0.0,0.0,1,10.225092959257768,-10.225092959257768,10.225092959257768,-10.225092959257768,10.569999694824219,-11.15999984741211,11.59000015258789,-11.8100004196167,-0.34490673556645035,0.934906888154341,-1.3649071933301222,1.5849074603589308,-0.12071735744825761,0.32721741085401934,-0.47771751766554277,0.5547176111256258,1.1986467992599885,-1.213766781621782,1.1274567840035836,-1.3475067876513884,-1,1,-1,1,-18,-18,-18,-18,-19,-19,-19,-19
1783308118.1856618,0.0,0.0,0.12,0.0,0.0,1,10.225092959257768,-10.225092959257768,10.225092959257768,-10.225092959257768,10.789999961853027,-11.430000305175781,12.640000343322754,-13.020000457763672,-0.564907002595259,1.2049073459180129,-2.4149073840649855,2.7949074985059035,-0.19771745090834061,0.4217175710713045,-0.8452175844227449,0.9782176244770662,1.1935626362366312,-1.20292261550852,1.1057226175469987,-1.3223526201648352,-1,1,-1,1,-18,-18,-18,-18,-19,-19,-18,-18
1783308118.2057316,0.0,0.0,0.12,0.0,0.0,1,10.225092959257768,-10.225092959257768,10.225092959257768,-10.225092959257768,10.789999961853027,-11.430000305175781,12.640000343322754,-13.020000457763672,-0.564907002595259,1.2049073459180129,-2.4149073840649855,2.7949074985059035,-0.19771745090834061,0.4217175710713045,-0.8452175844227449,0.9782176244770662,1.1884784732132738,-1.1920784493952579,1.0839884510904139,-1.297198452678282,-1,1,-1,1,-18,-18,-18,-18,-19,-19,-18,-18
1783308118.2256067,0.0,0.0,0.12,0.0,0.0,1,10.225092959257768,-10.225092959257768,10.225092959257768,-10.225092959257768,10.789999961853027,-11.430000305175781,12.640000343322754,-13.020000457763672,-0.564907002595259,1.2049073459180129,-2.4149073840649855,2.7949074985059035,-0.19771745090834061,0.4217175710713045,-0.8452175844227449,0.9782176244770662,1.1833943101899165,-1.1812342832819958,1.062254284633829,-1.2720442851917289,-1,1,-1,1,-18,-18,-18,-18,-19,-19,-18,-18
1783308118.2456276,0.0,0.0,0.12,0.0,0.0,1,10.225092959257768,-10.225092959257768,10.225092959257768,-10.225092959257768,10.5,-11.630000114440918,13.149999618530273,-13.1899995803833,-0.2749070407422316,1.4049071551831496,-2.924906659272505,2.9649066211255324,-0.09621746425978106,0.4917175043141023,-1.0237173307453766,1.0377173173939362,1.1809201468232364,-1.1685901188853474,1.0359301247003765,-1.2453601256015991,-1,1,-1,1,-18,-18,-18,-18,-19,-19,-18,-18
1783308118.2656066,0.0,0.0,0.12,0.0,0.0,1,10.225092959257768,-10.225092959257768,10.225092959257768,-10.225092959257768,10.5,-11.630000114440918,13.149999618530273,-13.1899995803833,-0.2749070407422316,1.4049071551831496,-2.924906659272505,2.9649066211255324,-0.09621746425978106,0.4917175043141023,-1.0237173307453766,1.0377173173939362,1.1784459834565564,-1.155945954488699,1.009605964766924,-1.2186759660114694,-1,1,-1,1,-18,-18,-18,-18,-19,-19,-18,-18
1783308118.2856855,0.0,0.0,0.12,0.0,0.0,1,10.225092959257768,-10.225092959257768,10.225092959257768,-10.225092959257768,10.520000457763672,-10.850000381469727,13.729999542236328,-14.220000267028809,-0.2949074985059035,0.6249074222119582,-3.5049065829785597,3.99490730777104,-0.10321762447706621,0.21871759777418534,-1.226717304042496,1.398217557719864,1.1757918159700032,-1.1503217876887915,0.9780618055201169,-1.18272180024153,-1,1,-1,1,-18,-18,-18,-18,-19,-19,-18,-18
1783308118.3057857,0.0,0.0,0.12,0.0,0.0,1,10.225092959257768,-10.225092959257768,10.225092959257768,-10.225092959257768,10.520000457763672,-10.850000381469727,13.729999542236328,-14.220000267028809,-0.2949074985059035,0.6249074222119582,-3.5049065829785597,3.99490730777104,-0.10321762447706621,0.21871759777418534,-1.226717304042496,1.398217557719864,1.17313764848345,-1.144697620888884,0.9465176462733098,-1.1467676344715907,-1,1,-1,1,-18,-18,-18,-18,-19,-19,-18,-18
1783308118.3255985,0.0,0.0,0.12,0.0,0.0,1,10.225092959257768,-10.225092959257768,10.225092959257768,-10.225092959257768,10.520000457763672,-10.850000381469727,13.729999542236328,-14.220000267028809,-0.2949074985059035,0.6249074222119582,-3.5049065829785597,3.99490730777104,-0.10321762447706621,0.21871759777418534,-1.226717304042496,1.398217557719864,1.1704834809968967,-1.1390734540889764,0.9149734870265027,-1.1108134687016513,-1,1,-1,1,-18,-18,-18,-18,-19,-19,-18,-18
1783308118.3455942,0.0,0.0,0.12,0.0,0.0,1,10.225092959257768,-10.225092959257768,10.225092959257768,-10.225092959257768,10.529999732971191,-11.449999809265137,14.140000343322754,-14.479999542236328,-0.304906773713423,1.2249068500073683,-3.9149073840649855,4.25490658297856,-0.10671737079969805,0.42871739750257887,-1.3702175844227449,1.4892173040424959,1.1677393200334758,-1.12804929243891,0.8797393205699179,-1.0725193094548442,-1,1,-1,1,-18,-18,-18,-18,-19,-19,-18,-18
1783308118.3658311,0.0,0.0,0.12,0.0,0.0,1,10.225092959257768,-10.225092959257768,10.225092959257768,-10.225092959257768,10.529999732971191,-11.449999809265137,14.140000343322754,-14.479999542236328,-0.304906773713423,1.2249068500073683,-3.9149073840649855,4.25490658297856,-0.10671737079969805,0.42871739750257887,-1.3702175844227449,1.4892173040424959,1.164995159070055,-1.1170251307888437,0.844505154113333,-1.034225150208037,-1,1,-1,1,-18,-18,-18,-18,-19,-19,-18,-18
1783308118.3856947,0.0,0.0,0.12,0.0,0.0,1,10.225092959257768,-10.225092959257768,10.225092959257768,-10.225092959257768,10.770000457763672,-11.180000305175781,13.970000267028809,-13.760000228881836,-0.5449074985059035,0.9549073459180129,-3.74490730777104,3.5349072696240675,-0.1907176244770662,0.33421757107130445,-1.310717557719864,1.2372175443684235,1.1600909915835018,-1.1084309646755817,0.8108009883433936,-1.0024109847814204,-1,1,-1,1,-18,-18,-18,-18,-19,-19,-18,-18
1783308118.405606,0.0,0.0,0.12,0.0,0.0,1,10.225092959257768,-10.225092959257768,10.225092959257768,-10.225092959257768,10.770000457763672,-11.180000305175781,13.970000267028809,-13.760000228881836,-0.5449074985059035,0.9549073459180129,-3.74490730777104,3.5349072696240675,-0.1907176244770662,0.33421757107130445,-1.310717557719864,1.2372175443684235,1.1551868240969487,-1.0998367985623196,0.7770968225734542,-0.9705968193548038,-1,1,-1,1,-18,-18,-18,-18,-19,-19,-18,-18
1783308118.4256492,0.0,0.0,0.12,0.0,0.0,1,10.225092959257768,-10.225092959257768,10.225092959257768,-10.225092959257768,10.770000457763672,-11.180000305175781,13.970000267028809,-13.760000228881836,-0.5449074985059035,0.9549073459180129,-3.74490730777104,3.5349072696240675,-0.1907176244770662,0.33421757107130445,-1.310717557719864,1.2372175443684235,1.1502826566103956,-1.0912426324490576,0.7433926568035149,-0.9387826539281872,-1,1,-1,1,-18,-18,-18,-18,-19,-19,-18,-18
1783308118.4456313,0.0,0.0,0.12,0.0,0.0,1,10.225092959257768,-10.225092959257768,10.225092959257768,-10.225092959257768,10.930000305175781,-11.220000267028809,12.949999809265137,-13.710000038146973,-0.7049073459180129,0.9949073077710402,-2.7249068500073683,3.4849070788892043,-0.2467175710713045,0.34821755771986407,-0.9537173975025789,1.2197174776112214,1.1439384904971335,-1.0822884666791182,0.7188684951534485,-0.9074184902181843,-1,1,-1,1,-18,-18,-18,-18,-19,-19,-18,-18
1783308118.4655967,0.0,0.0,0.12,0.0,0.0,1,10.225092959257768,-10.225092959257768,10.225092959257768,-10.225092959257768,10.930000305175781,-11.220000267028809,12.949999809265137,-13.710000038146973,-0.7049073459180129,0.9949073077710402,-2.7249068500073683,3.4849070788892043,-0.2467175710713045,0.34821755771986407,-0.9537173975025789,1.2197174776112214,1.1375943243838713,-1.0733343009091787,0.6943443335033822,-0.8760543265081815,-1,1,-1,1,-18,-18,-18,-18,-19,-19,-18,-18
1783308118.4856899,0.0,0.0,0.12,0.0,0.0,1,10.225092959257768,-10.225092959257768,10.225092959257768,-10.225092959257768,11.279999732971191,-11.930000305175781,12.460000038146973,-12.3100004196167,-1.054906773713423,1.7049073459180129,-2.2349070788892043,2.084907460358931,-0.369217370799698,0.5967175710713044,-0.7822174776112214,0.7297176111256257,1.1281001634204506,-1.0579901347959166,0.6742301697933794,-0.8572901593649511,-1,1,-1,1,-18,-18,-18,-18,-19,-18,-18,-18
1783308118.5056434,0.0,0.0,0.12,0.0,0.0,1,10.225092959257768,-10.225092959257768,10.225092959257768,-10.225092959257768,11.279999732971191,-11.930000305175781,12.460000038146973,-12.3100004196167,-1.054906773713423,1.7049073459180129,-2.2349070788892043,2.084907460358931,-0.369217370799698,0.5967175710713044,-0.7822174776112214,0.7297176111256257,1.11860600245703,-1.0426459686826546,0.6541160060833765,-0.8385259922217208,-1,1,-1,1,-18,-18,-18,-18,-19,-18,-18,-18
1783308118.525779,0.0,0.0,0.12,0.0,0.0,1,10.225092959257768,-10.225092959257768,10.225092959257768,-10.225092959257768,11.279999732971191,-11.930000305175781,12.460000038146973,-12.3100004196167,-1.054906773713423,1.7049073459180129,-2.2349070788892043,2.084907460358931,-0.369217370799698,0.5967175710713044,-0.7822174776112214,0.7297176111256257,1.1091118414936092,-1.0273018025693925,0.6340018423733736,-0.8197618250784904,-1,1,-1,1,-18,-18,-18,-18,-19,-18,-18,-18
1783308118.5455964,0.0,0.0,0.12,0.0,0.0,1,10.225092959257768,-10.225092959257768,10.225092959257768,-10.225092959257768,12.420000076293945,-11.069999694824219,12.350000381469727,-11.329999923706055,-2.194907117036177,0.8449067355664504,-2.124907422211958,1.1049069644482863,-0.7682174909626619,0.2957173574482576,-0.7437175977741853,0.3867174375569002,1.0893576774402836,-1.0196976419492945,0.6148776755734661,-0.8098176623984558,-1,1,-1,1,-18,-18,-18,-18,-18,-19,-18,-18
1783308118.565605,0.0,0.0,0.12,0.0,0.0,1,10.225092959257768,-10.225092959257768,10.225092959257768,-10.225092959257768,12.420000076293945,-11.069999694824219,12.350000381469727,-11.329999923706055,-2.194907117036177,0.8449067355664504,-2.124907422211958,1.1049069644482863,-0.7682174909626619,0.2957173574482576,-0.7437175977741853,0.3867174375569002,1.069603513386958,-1.0120934813291964,0.5957535087735585,-0.7998734997184211,-1,1,-1,1,-18,-18,-18,-18,-18,-19,-18,-18
1783308118.5856757,0.0,0.0,0.12,0.0,0.0,1,10.225092959257768,-10.225092959257768,10.225092959257768,-10.225092959257768,12.539999961853027,-11.149999618530273,12.9399995803833,-11.5600004196167,-2.314907002595259,0.924906659272505,-2.7149066211255324,1.3349074603589308,-0.8102174509083406,0.32371733074537673,-0.9502173173939362,0.46721761112562576,1.0487693503636006,-1.003769321395744,0.5713193491834286,-0.7878593325751908,-1,1,-1,1,-18,-18,-18,-18,-18,-19,-18,-18
1783308118.6056647,0.0,0.0,0.12,0.0,0.0,1,10.225092959257768,-10.225092959257768,10.225092959257768,-10.225092959257768,12.539999961853027,-11.149999618530273,12.9399995803833,-11.5600004196167,-2.314907002595259,0.924906659272505,-2.7149066211255324,1.3349074603589308,-0.8102174509083406,0.32371733074537673,-0.9502173173939362,0.46721761112562576,1.0279351873402434,-0.9954451614622913,0.5468851895932988,-0.7758451654319605,-1,1,-1,1,-18,-18,-18,-18,-18,-19,-18,-18
1783308118.6257293,0.0,0.0,0.12,0.0,0.0,1,10.225092959257768,-10.225092959257768,10.225092959257768,-10.225092959257768,12.539999961853027,-11.149999618530273,12.9399995803833,-11.5600004196167,-2.314907002595259,0.924906659272505,-2.7149066211255324,1.3349074603589308,-0.8102174509083406,0.32371733074537673,-0.9502173173939362,0.46721761112562576,1.007101024316886,-0.9871210015288387,0.522451030003169,-0.7638309982887301,-1,1,-1,1,-18,-18,-18,-18,-18,-19,-18,-18
1783308118.6456141,0.0,0.0,0.12,0.0,0.0,1,10.225092959257768,-10.225092959257768,10.225092959257768,-10.225092959257768,13.760000228881836,-12.329999923706055,12.90999984741211,-11.260000228881836,-3.5349072696240675,2.1049069644482863,-2.684906888154341,1.0349072696240675,-1.2372175443684235,0.7367174375569001,-0.9397174108540193,0.3622175443684236,0.9752868588902694,-0.9681768388488041,0.4982868680097799,-0.7545168328621136,-1,1,-1,1,-18,-18,-18,-18,-18,-18,-18,-18
1783308118.6656334,0.0,0.0,0.12,0.0,0.0,1,10.225092959257768,-10.225092959257768,10.225092959257768,-10.225092959257768,13.760000228881836,-12.329999923706055,12.90999984741211,-11.260000228881836,-3.5349072696240675,2.1049069644482863,-2.684906888154341,1.0349072696240675,-1.2372175443684235,0.7367174375569001,-0.9397174108540193,0.3622175443684236,0.9434726934636528,-0.9492326761687695,0.47412270601639084,-0.745202667435497,-1,1,-1,1,-18,-18,-18,-18,-18,-18,-18,-18
1783308118.6857505,0.0,0.0,0.12,0.0,0.0,1,10.225092959257768,-10.225092959257768,10.225092959257768,-10.225092959257768,14.84000015258789,-12.710000038146973,12.210000038146973,-9.6899995803833,-4.614907193330122,2.4849070788892043,-1.9849070788892043,-0.5350933788744676,-1.6152175176655428,0.8697174776112214,-0.6947174776112215,-0.18728268260606365,0.9019385287236817,-0.9268685124587667,0.456258542306388,-0.7500185078453672,-1,1,-1,1,-18,-18,-18,-18,-18,-18,-18,-19
1783308118.7056348,0.0,0.0,0.12,0.0,0.0,1,10.225092959257768,-10.225092959257768,10.225092959257768,-10.225092959257768,14.84000015258789,-12.710000038146973,12.210000038146973,-9.6899995803833,-4.614907193330122,2.4849070788892043,-1.9849070788892043,-0.5350933788744676,-1.6152175176655428,0.8697174776112214,-0.6947174776112215,-0.18728268260606365,0.8604043639837107,-0.9045043487487638,0.4383943785963852,-0.7548343482552373,-1,1,-1,1,-18,-18,-18,-18,-18,-18,-18,-19
1783308118.7257116,0.0,0.0,0.12,0.0,0.0,1,10.225092959257768,-10.225092959257768,10.225092959257768,-10.225092959257768,14.84000015258789,-12.710000038146973,12.210000038146973,-9.6899995803833,-4.614907193330122,2.4849070788892043,-1.9849070788892043,-0.5350933788744676,-1.6152175176655428,0.8697174776112214,-0.6947174776112215,-0.18728268260606365,0.8188701992437396,-0.882140185038761,0.42053021488638237,-0.7596501886651075,-1,1,-1,1,-18,-18,-18,-18,-18,-18,-18,-19
1783308118.7455995,0.0,0.0,0.12,0.0,0.0,1,10.225092959257768,-10.225092959257768,10.225092959257768,-10.225092959257768,15.819999694824219,-12.970000267028809,11.039999961853027,-7.920000076293945,-5.59490673556645,2.74490730777104,-0.814907002595259,-2.305092882963823,-1.9582173574482575,0.960717557719864,-0.2852174509083406,-0.8067825090373381,0.7685160386236416,-0.8574360192688216,0.41319605186302505,-0.7803960246117819,-1,1,-1,1,-18,-18,-18,-18,-18,-18,-18,-20
1783308118.7657163,0.0,0.0,0.12,0.0,0.0,1,10.225092959257768,-10.225092959257768,10.225092959257768,-10.225092959257768,15.819999694824219,-12.970000267028809,11.039999961853027,-7.920000076293945,-5.59490673556645,2.74490730777104,-0.814907002595259,-2.305092882963823,-1.9582173574482575,0.960717557719864,-0.2852174509083406,-0.8067825090373381,0.7181618780035436,-0.8327318534988822,0.40586188883966773,-0.8011418605584564,-1,1,-1,1,-18,-18,-18,-18,-18,-18,-18,-20
1783308118.7856874,0.0,0.0,0.12,0.0,0.0,1,10.225092959257768,-10.225092959257768,10.225092959257768,-10.225092959257768,16.739999771118164,-13.380000114440918,10.220000267028809,-6.900000095367432,-6.514906811860396,3.1549071551831496,0.005092692228959805,-3.3250928638903368,-2.2802173841511384,1.1042175043141023,0.0017824422801359318,-1.1637825023616177,0.6595277166968,-0.8043376891022339,0.4059077230697284,-0.8310676963334694,-1,1,-1,1,-18,-18,-18,-18,-18,-18,-18,-20
1783308118.8055978,0.0,0.0,0.12,0.0,0.0,1,10.225092959257768,-10.225092959257768,10.225092959257768,-10.225092959257768,16.739999771118164,-13.380000114440918,10.220000267028809,-6.900000095367432,-6.514906811860396,3.1549071551831496,0.005092692228959805,-3.3250928638903368,-2.2802173841511384,1.1042175043141023,0.0017824422801359318,-1.1637825023616177,0.6008935553900564,-0.7759435247055856,0.40595355729978905,-0.8609935321084825,-1,1,-1,1,-18,-18,-18,-18,-18,-18,-18,-20
1783308118.8257756,0.0,0.0,0.12,0.0,0.0,1,10.225092959257768,-10.225092959257768,10.225092959257768,-10.225092959257768,16.739999771118164,-13.380000114440918,10.220000267028809,-6.900000095367432,-6.514906811860396,3.1549071551831496,0.005092692228959805,-3.3250928638903368,-2.2802173841511384,1.1042175043141023,0.0017824422801359318,-1.1637825023616177,0.5422593940833128,-0.7475493603089373,0.4059993915298497,-0.8909193678834956,-1,1,-1,1,-18,-18,-18,-18,-18,-18,-18,-20
1783308118.8456082,0.0,0.0,0.12,0.0,0.0,1,10.225092959257768,-10.225092959257768,10.225092959257768,-10.225092959257768,17.149999618530273,-13.670000076293945,9.640000343322754,-6.420000076293945,-6.924906659272505,3.444907117036177,0.5850926159350145,-3.805092882963823,-2.4237173307453768,1.2057174909626618,0.20478241557725507,-1.331782509037338,0.4799352341498603,-0.7165451962556116,0.41126522507326485,-0.92516520383017,-1,1,-1,1,-18,-18,-18,-18,-18,-18,-19,-20
1783308118.8657446,0.0,0.0,0.12,0.0,0.0,1,10.225092959257768,-10.225092959257768,10.225092959257768,-10.225092959257768,17.149999618530273,-13.670000076293945,9.640000343322754,-6.420000076293945,-6.924906659272505,3.444907117036177,0.5850926159350145,-3.805092882963823,-2.4237173307453768,1.2057174909626618,0.20478241557725507,-1.331782509037338,0.41761107421640775,-0.685541032202286,0.41653105861668,-0.9594110397768444,-1,1,-1,1,-18,-18,-18,-18,-18,-18,-19,-20
1783308118.885654,0.0,0.0,0.12,0.0,0.0,1,10.225092959257768,-10.225092959257768,10.225092959257768,-10.225092959257768,16.989999771118164,-14.100000381469727,9.239999771118164,-6.300000190734863,-6.764906811860396,3.874907422211958,0.9850931881396043,-3.925092768522905,-2.3677173841511383,1.3562175977741853,0.3447826158488615,-1.3737824689830167,0.3567269129096642,-0.6506668654023784,0.42539689730993646,-0.9947368746935505,-1,1,-1,1,-18,-18,-18,-18,-18,-18,-19,-20
1783308118.9057627,0.0,0.0,0.12,0.0,0.0,1,10.225092959257768,-10.225092959257768,10.225092959257768,-10.225092959257768,16.989999771118164,-14.100000381469727,9.239999771118164,-6.300000190734863,-6.764906811860396,3.874907422211958,0.9850931881396043,-3.925092768522905,-2.3677173841511383,1.3562175977741853,0.3447826158488615,-1.3737824689830167,0.2958427516029206,-0.6157926986024708,0.4342627360031929,-1.0300627096102566,-1,1,-1,1,-18,-18,-18,-18,-18,-18,-19,-20
1783308118.9255826,0.0,0.0,0.12,0.0,0.0,1,10.225092959257768,-10.225092959257768,10.225092959257768,-10.225092959257768,16.989999771118164,-14.100000381469727,9.239999771118164,-6.300000190734863,-6.764906811860396,3.874907422211958,0.9850931881396043,-3.925092768522905,-2.3677173841511383,1.3562175977741853,0.3447826158488615,-1.3737824689830167,0.23495859029617705,-0.5809185318025631,0.4431285746964493,-1.0653885445269626,-1,1,-1,1,-18,-18,-18,-18,-18,-18,-19,-20
1783308118.9456093,0.0,0.0,0.12,0.0,0.0,1,10.225092959257768,-10.225092959257768,10.225092959257768,-10.225092959257768,16.8700008392334,-14.170000076293945,9.40999984741211,-6.900000095367432,-6.64490787997563,3.944907117036177,0.815093111845659,-3.3250928638903368,-2.3257177579914705,1.3807174909626618,0.28528258914598065,-1.1637825023616177,0.17515441937639636,-0.5454143677492376,0.4504644127030602,-1.0953143803019756,-1,1,-1,1,-18,-18,-18,-18,-18,-18,-19,-20
1783308118.9656074,0.0,0.0,0.12,0.0,0.0,1,10.225092959257768,-10.225092959257768,10.225092959257768,-10.225092959257768,16.8700008392334,-14.170000076293945,9.40999984741211,-6.900000095367432,-6.64490787997563,3.944907117036177,0.815093111845659,-3.3250928638903368,-2.3257177579914705,1.3807174909626618,0.28528258914598065,-1.1637825023616177,0.11535024845661569,-0.509910203695912,0.4578002507096711,-1.1252402160769885,-1,1,-1,1,-18,-18,-18,-18,-18,-18,-19,-20
1783308118.9860172,0.0,0.0,0.12,0.0,0.0,1,10.225092959257768,-10.225092959257768,10.225092959257768,-10.225092959257768,16.110000610351562,-13.539999961853027,9.079999923706055,-7.320000171661377,-5.884907651093794,3.314907002595259,1.1450930355517137,-2.9050927875963914,-2.0597176778828277,1.1602174509083405,0.4007825624430998,-1.016782475658737,0.062386079596771546,-0.48007604067255466,0.46810608802963655,-1.151386051165356,-1,1,-1,1,-18,-18,-18,-18,-18,-18,-19,-20
1783308119.0057943,0.0,0.0,0.12,0.0,0.0,1,10.225092959257768,-10.225092959257768,10.225092959257768,-10.225092959257768,16.110000610351562,-13.539999961853027,9.079999923706055,-7.320000171661377,-5.884907651093794,3.314907002595259,1.1450930355517137,-2.9050927875963914,-2.0597176778828277,1.1602174509083405,0.4007825624430998,-1.016782475658737,0.0094219107369274,-0.4502418776491973,0.478411925349602,-1.1775318862537234,-1,1,-1,1,-18,-18,-18,-18,-18,-18,-19,-20
1783308119.0257354,0.0,0.0,0.12,0.0,0.0,1,10.225092959257768,-10.225092959257768,10.225092959257768,-10.225092959257768,16.110000610351562,-13.539999961853027,9.079999923706055,-7.320000171661377,-5.884907651093794,3.314907002595259,1.1450930355517137,-2.9050927875963914,-2.0597176778828277,1.1602174509083405,0.4007825624430998,-1.016782475658737,-0.04354225812291675,-0.42040771462584,0.4887177626695674,-1.2036777213420908,-1,1,-1,1,-18,-18,-18,-18,-18,-18,-19,-20
1783308119.0456402,0.0,0.0,0.12,0.0,0.0,1,10.225092959257768,-10.225092959257768,10.225092959257768,-10.225092959257768,14.899999618530273,-13.100000381469727,9.300000190734863,-6.940000057220459,-4.674906659272505,2.874907422211958,0.9250927685229051,-3.2850929020373094,-1.6362173307453767,1.0062175977741854,0.32378246898301677,-1.1497825157130581,-0.0856164180563693,-0.39453354782593236,0.49704359758627353,-1.2332435574604266,-1,1,-1,1,-18,-18,-18,-18,-18,-18,-19,-20
1783308119.0656025,0.0,0.0,0.12,0.0,0.0,1,10.225092959257768,-10.225092959257768,10.225092959257768,-10.225092959257768,14.899999618530273,-13.100000381469727,9.300000190734863,-6.940000057220459,-4.674906659272505,2.874907422211958,0.9250927685229051,-3.2850929020373094,-1.6362173307453767,1.0062175977741854,0.32378246898301677,-1.1497825157130581,-0.12769057798982186,-0.36865938102602475,0.5053694325029797,-1.2628093935787623,-1,1,-1,1,-18,-18,-18,-18,-18,-18,-19,-20
1783308119.0856428,0.0,0.0,0.12,0.0,0.0,1,10.225092959257768,-10.225092959257768,10.225092959257768,-10.225092959257768,14.279999732971191,-11.890000343322754,8.550000190734863,-7.349999904632568,-4.054906773713423,1.6649073840649855,1.6750927685229051,-2.8750930546252,-1.419217370799698,0.5827175844227449,0.5862824689830167,-1.00628256911882,-0.16418473895324268,-0.3536752145694399,0.5204452674196859,-1.2886852310703891,-1,1,-1,1,-18,-18,-18,-18,-18,-18,-19,-20
1783308119.1056046,0.0,0.0,0.12,0.0,0.0,1,10.225092959257768,-10.225092959257768,10.225092959257768,-10.225092959257768,14.279999732971191,-11.890000343322754,8.550000190734863,-7.349999904632568,-4.054906773713423,1.6649073840649855,1.6750927685229051,-2.8750930546252,-1.419217370799698,0.5827175844227449,0.5862824689830167,-1.00628256911882,-0.2006788999166635,-0.33869104811285505,0.535521102336392,-1.314561068562016,-1,1,-1,1,-18,-18,-18,-18,-18,-18,-19,-20
1783308119.1256037,0.0,0.0,0.12,0.0,0.0,1,10.225092959257768,-10.225092959257768,10.225092959257768,-10.225092959257768,14.279999732971191,-11.890000343322754,8.550000190734863,-7.349999904632568,-4.054906773713423,1.6649073840649855,1.6750927685229051,-2.8750930546252,-1.419217370799698,0.5827175844227449,0.5862824689830167,-1.00628256911882,-0.2371730608800843,-0.3237068816562702,0.5505969372530982,-1.3404369060536427,-1,1,-1,1,-18,-18,-18,-18,-18,-18,-19,-20
1783308119.1457288,0.0,0.0,0.12,0.0,0.0,1,10.225092959257768,-10.225092959257768,10.225092959257768,-10.225092959257768,13.170000076293945,-11.260000228881836,9.829999923706055,-7.860000133514404,-2.944907117036177,1.0349072696240675,0.3950930355517137,-2.365092825743364,-1.030717490962662,0.3622175443684236,0.13828256244309978,-0.8277824890101774,-0.2636772249334099,-0.3143927162296536,0.5541527745730637,-1.361722741485333,-1,1,-1,1,-18,-18,-18,-18,-18,-18,-19,-20
1783308119.1656094,0.0,0.0,0.12,0.0,0.0,1,10.225092959257768,-10.225092959257768,10.225092959257768,-10.225092959257768,13.170000076293945,-11.260000228881836,9.829999923706055,-7.860000133514404,-2.944907117036177,1.0349072696240675,0.3950930355517137,-2.365092825743364,-1.030717490962662,0.3622175443684236,0.13828256244309978,-0.8277824890101774,-0.2901813889867355,-0.305078550803037,0.5577086118930291,-1.3830085769170233,-1,1,-1,1,-18,-18,-18,-18,-18,-18,-19,-20
1783308119.1858172,0.0,0.0,0.12,0.0,0.0,1,10.225092959257768,-10.225092959257768,10.225092959257768,-10.225092959257768,12.609999656677246,-11.729999542236328,9.600000381469727,-7.989999771118164,-2.3849066974194777,1.5049065829785597,0.6250925777880418,-2.2350931881396043,-0.8347173440968172,0.5267173040424958,0.21878240222581463,-0.7822826158488615,-0.3116455492635108,-0.29153439155622995,0.5633344450931215,-1.4031244156102798,-1,1,-1,1,-18,-18,-18,-18,-18,-18,-19,-20
1783308119.2056391,0.0,0.0,0.12,0.0,0.0,1,10.225092959257768,-10.225092959257768,10.225092959257768,-10.225092959257768,12.609999656677246,-11.729999542236328,9.600000381469727,-7.989999771118164,-2.3849066974194777,1.5049065829785597,0.6250925777880418,-2.2350931881396043,-0.8347173440968172,0.5267173040424958,0.21878240222581463,-0.7822826158488615,-0.33310970954028607,-0.27799023230942294,0.5689602782932138,-1.4232402543035363,-1,1,-1,1,-18,-18,-18,-18,-18,-18,-19,-20
1783308119.2256074,0.0,0.0,0.12,0.0,0.0,1,10.225092959257768,-10.225092959257768,10.225092959257768,-10.225092959257768,12.609999656677246,-11.729999542236328,9.600000381469727,-7.989999771118164,-2.3849066974194777,1.5049065829785597,0.6250925777880418,-2.2350931881396043,-0.8347173440968172,0.5267173040424958,0.21878240222581463,-0.7822826158488615,-0.35457386981706135,-0.2644460730626159,0.5745861114933062,-1.4433560929967928,-1,1,-1,1,-18,-18,-18,-18,-18,-18,-19,-20
1783308119.245631,0.0,0.0,0.12,0.0,0.0,1,10.225092959257768,-10.225092959257768,10.225092959257768,-10.225092959257768,12.449999809265137,-11.380000114440918,8.979999542236328,-7.409999847412109,-2.2249068500073683,1.1549071551831496,1.2450934170214403,-2.815093111845659,-0.7787173975025788,0.4042175043141023,0.4357826959575041,-0.9852825891459805,-0.37459803146712767,-0.25405190866596755,0.5857919522464992,-1.4686919310034037,-1,1,-1,1,-18,-18,-18,-18,-18,-18,-19,-20
1783308119.265683,0.0,0.0,0.12,0.0,0.0,1,10.225092959257768,-10.225092959257768,10.225092959257768,-10.225092959257768,12.449999809265137,-11.380000114440918,8.979999542236328,-7.409999847412109,-2.2249068500073683,1.1549071551831496,1.2450934170214403,-2.815093111845659,-0.7787173975025788,0.4042175043141023,0.4357826959575041,-0.9852825891459805,-0.394622193117194,-0.24365774426931922,0.5969977929996921,-1.4940277690100146,-1,1,-1,1,-18,-18,-18,-18,-18,-18,-19,-20
1783308119.2857945,0.0,0.0,0.12,0.0,0.0,1,10.225092959257768,-10.225092959257768,10.225092959257768,-10.225092959257768,12.789999961853027,-10.6899995803833,8.329999923706055,-6.090000152587891,-2.564907002595259,0.4649066211255324,1.8950930355517137,-4.135092806669878,-0.8977174509083405,0.16271731739393633,0.6632825624430998,-1.4472824823344572,-0.4177063561405513,-0.23947358467918942,0.6140536303196575,-1.5312436042700435,-1,1,-1,1,-18,-18,-18,-18,-18,-18,-19,-21
1783308119.305639,0.0,0.0,0.12,0.0,0.0,1,10.225092959257768,-10.225092959257768,10.225092959257768,-10.225092959257768,12.789999961853027,-10.6899995803833,8.329999923706055,-6.090000152587891,-2.564907002595259,0.4649066211255324,1.8950930355517137,-4.135092806669878,-0.8977174509083405,0.16271731739393633,0.6632825624430998,-1.4472824823344572,-0.4407905191639086,-0.23528942508905962,0.631109467639623,-1.5684594395300724,-1,1,-1,1,-18,-18,-18,-18,-18,-18,-19,-21
1783308119.3256135,0.0,0.0,0.12,0.0,0.0,1,10.225092959257768,-10.225092959257768,10.225092959257768,-10.225092959257768,12.789999961853027,-10.6899995803833,8.329999923706055,-6.090000152587891,-2.564907002595259,0.4649066211255324,1.8950930355517137,-4.135092806669878,-0.8977174509083405,0.16271731739393633,0.6632825624430998,-1.4472824823344572,-0.4638746821872659,-0.23110526549892982,0.6481653049595884,-1.6056752747901013,-1,1,-1,1,-18,-18,-18,-18,-18,-18,-19,-21
1783308119.3456743,0.0,0.0,0.12,0.0,0.0,1,10.225092959257768,-10.225092959257768,10.225092959257768,-10.225092959257768,12.579999923706055,-10.199999809265137,7.869999885559082,-4.71999979019165,-2.3549069644482863,-0.02509314999263168,2.3550930736986864,-5.505093169066118,-0.8242174375569001,-0.008782602497421087,0.8242825757945402,-1.9267826091731413,-0.4850688448673005,-0.2313311038488635,0.6693611426228765,-1.6552211133116963,-1,1,-1,1,-18,-18,-18,-18,-18,-18,-19,-22
1783308119.3656354,0.0,0.0,0.12,0.0,0.0,1,10.225092959257768,-10.225092959257768,10.225092959257768,-10.225092959257768,12.579999923706055,-10.199999809265137,7.869999885559082,-4.71999979019165,-2.3549069644482863,-0.02509314999263168,2.3550930736986864,-5.505093169066118,-0.8242174375569001,-0.008782602497421087,0.8242825757945402,-1.9267826091731413,-0.5062630075473351,-0.23155694219879716,0.6905569802861646,-1.7047669518332913,-1,1,-1,1,-18,-18,-18,-18,-18,-18,-20,-22
1783308119.385653,0.0,0.0,0.12,0.0,0.0,1,10.225092959257768,-10.225092959257768,10.225092959257768,-10.225092959257768,11.970000267028809,-8.720000267028809,8.220000267028809,-4.429999828338623,-1.7449073077710402,-1.5050926922289598,2.00509269222896,-5.795093130919145,-0.610717557719864,-0.5267824422801359,0.7017824422801359,-2.028282595821701,-0.5219671733172745,-0.2451027764288578,0.7086028145162253,-1.7569227900115636,-1,1,-1,1,-18,-18,-18,-18,-18,-19,-19,-22
1783308119.4055839,0.0,0.0,0.12,0.0,0.0,1,10.225092959257768,-10.225092959257768,10.225092959257768,-10.225092959257768,11.970000267028809,-8.720000267028809,8.220000267028809,-4.429999828338623,-1.7449073077710402,-1.5050926922289598,2.00509269222896,-5.795093130919145,-0.610717557719864,-0.5267824422801359,0.7017824422801359,-2.028282595821701,-0.5376713390872139,-0.2586486106589184,0.726648648746286,-1.809078628189836,-1,1,-1,1,-18,-18,-18,-18,-18,-19,-19,-22
1783308119.425605,0.0,0.0,0.12,0.0,0.0,1,10.225092959257768,-10.225092959257768,10.225092959257768,-10.225092959257768,11.970000267028809,-8.720000267028809,8.220000267028809,-4.429999828338623,-1.7449073077710402,-1.5050926922289598,2.00509269222896,-5.795093130919145,-0.610717557719864,-0.5267824422801359,0.7017824422801359,-2.028282595821701,-0.5533755048571533,-0.27219444488897904,0.7446944829763467,-1.8612344663681082,-1,1,-1,1,-18,-18,-18,-18,-18,-19,-19,-22
1783308119.4457138,0.0,0.0,0.12,0.0,0.0,1,10.225092959257768,-10.225092959257768,10.225092959257768,-10.225092959257768,11.779999732971191,-7.920000076293945,8.699999809265137,-5.139999866485596,-1.554906773713423,-2.305092882963823,1.5250931499926317,-5.085093092772173,-0.544217370799698,-0.8067825090373381,0.533782602497421,-1.7797825824702602,-0.567369665820574,-0.29294028083565343,0.7584203213262803,-1.9070003042030577,-1,1,-1,1,-18,-18,-18,-18,-18,-19,-19,-22
1783308119.4657862,0.0,0.0,0.12,0.0,0.0,1,10.225092959257768,-10.225092959257768,10.225092959257768,-10.225092959257768,11.779999732971191,-7.920000076293945,8.699999809265137,-5.139999866485596,-1.554906773713423,-2.305092882963823,1.5250931499926317,-5.085093092772173,-0.544217370799698,-0.8067825090373381,0.533782602497421,-1.7797825824702602,-0.5813638267839948,-0.31368611678232783,0.772146159676214,-1.9527661420380071,-1,1,-1,1,-18,-18,-18,-18,-18,-19,-19,-22
1783308119.4856963,0.0,0.0,0.12,0.0,0.0,1,10.225092959257768,-10.225092959257768,10.225092959257768,-10.225092959257768,11.869999885559082,-8.260000228881836,9.9399995803833,-6.320000171661377,-1.6449069263013136,-1.9650927303759325,0.2850933788744676,-3.9050927875963914,-0.5757174242054597,-0.6877824556315764,0.09978268260606366,-1.366782475658737,-0.5961679891207066,-0.33137195135571124,0.7747120000860842,-1.9879119771263747,-1,1,-1,1,-18,-18,-18,-18,-18,-19,-19,-21
1783308119.505731,0.0,0.0,0.12,0.0,0.0,1,10.225092959257768,-10.225092959257768,10.225092959257768,-10.225092959257768,11.869999885559082,-8.260000228881836,9.9399995803833,-6.320000171661377,-1.6449069263013136,-1.9650927303759325,0.2850933788744676,-3.9050927875963914,-0.5757174242054597,-0.6877824556315764,0.09978268260606366,-1.366782475658737,-0.6109721514574183,-0.34905778592909464,0.7772778404959544,-2.0230578122147422,-1,1,-1,1,-18,-18,-18,-18,-18,-19,-19,-21
1783308119.52563,0.0,0.0,0.12,0.0,0.0,1,10.225092959257768,-10.225092959257768,10.225092959257768,-10.225092959257768,11.869999885559082,-8.260000228881836,9.9399995803833,-6.320000171661377,-1.6449069263013136,-1.9650927303759325,0.2850933788744676,-3.9050927875963914,-0.5757174242054597,-0.6877824556315764,0.09978268260606366,-1.366782475658737,-0.6257763137941301,-0.36674362050247805,0.7798436809058246,-2.0582036473031096,-1,1,-1,1,-18,-18,-18,-18,-18,-19,-19,-21
1783308119.5456243,0.0,0.0,0.12,0.0,0.0,1,10.225092959257768,-10.225092959257768,10.225092959257768,-10.225092959257768,11.699999809265137,-8.050000190734863,10.8100004196167,-6.690000057220459,-1.4749068500073683,-2.175092768522905,-0.5849074603589308,-3.5350929020373094,-0.5162173975025789,-0.7612824689830168,-0.20471761112562578,-1.2372825157130583,-0.6390504754441965,-0.3863194554191842,0.7745795137625942,-2.0900194834214454,-1,1,-1,1,-18,-18,-18,-18,-18,-19,-19,-21
1783308119.5657456,0.0,0.0,0.12,0.0,0.0,1,10.225092959257768,-10.225092959257768,10.225092959257768,-10.225092959257768,11.699999809265137,-8.050000190734863,10.8100004196167,-6.690000057220459,-1.4749068500073683,-2.175092768522905,-0.5849074603589308,-3.5350929020373094,-0.5162173975025789,-0.7612824689830168,-0.20471761112562578,-1.2372825157130583,-0.6523246370942628,-0.4058952903358904,0.7693153466193637,-2.121835319539781,-1,1,-1,1,-18,-18,-18,-18,-18,-19,-19,-21
1783308119.585689,0.0,0.0,0.12,0.0,0.0,1,10.225092959257768,-10.225092959257768,10.225092959257768,-10.225092959257768,11.8100004196167,-7.900000095367432,11.640000343322754,-7.170000076293945,-1.5849074603589308,-2.3250928638903368,-1.4149073840649855,-3.055092882963823,-0.5547176111256258,-0.8137825023616179,-0.4952175844227449,-1.069282509037338,-0.6665888042374932,-0.4268211261109034,0.7565811801627789,-2.149331155486456,-1,1,-1,1,-18,-18,-18,-18,-18,-19,-18,-21
1783308119.6056275,0.0,0.0,0.12,0.0,0.0,1,10.225092959257768,-10.225092959257768,10.225092959257768,-10.225092959257768,11.8100004196167,-7.900000095367432,11.640000343322754,-7.170000076293945,-1.5849074603589308,-2.3250928638903368,-1.4149073840649855,-3.055092882963823,-0.5547176111256258,-0.8137825023616179,-0.4952175844227449,-1.069282509037338,-0.6808529713807236,-0.44774696188591645,0.743847013706194,-2.1768269914331304,-1,1,-1,1,-18,-18,-18,-18,-18,-19,-18,-21
1783308119.6256785,0.0,0.0,0.12,0.0,0.0,1,10.225092959257768,-10.225092959257768,10.225092959257768,-10.225092959257768,11.8100004196167,-7.900000095367432,11.640000343322754,-7.170000076293945,-1.5849074603589308,-2.3250928638903368,-1.4149073840649855,-3.055092882963823,-0.5547176111256258,-0.8137825023616179,-0.4952175844227449,-1.069282509037338,-0.6951171385239541,-0.4686727976609295,0.7311128472496091,-2.204322827379805,-1,1,-1,1,-18,-18,-18,-18,-18,-19,-18,-21
1783308119.6456285,0.0,0.0,0.12,0.0,0.0,1,10.225092959257768,-10.225092959257768,10.225092959257768,-10.225092959257768,11.4399995803833,-7.110000133514404,12.220000267028809,-7.28000020980835,-1.2149066211255324,-3.115092825743364,-1.9949073077710402,-2.945092749449419,-0.4252173173939363,-1.0902824890101774,-0.698217557719864,-1.0307824623072965,-0.7060512981140838,-0.4967086330926198,0.7131586814796698,-2.23082866212485,-1,1,-1,1,-18,-18,-18,-18,-18,-20,-18,-21
1783308119.6656451,0.0,0.0,0.12,0.0,0.0,1,10.225092959257768,-10.225092959257768,10.225092959257768,-10.225092959257768,11.4399995803833,-7.110000133514404,12.220000267028809,-7.28000020980835,-1.2149066211255324,-3.115092825743364,-1.9949073077710402,-2.945092749449419,-0.4252173173939363,-1.0902824890101774,-0.698217557719864,-1.0307824623072965,-0.7169854577042136,-0.5247444685243101,0.6952045157097304,-2.2573344968698947,-1,1,-1,1,-18,-18,-18,-18,-18,-20,-18,-21
1783308119.685681,0.0,0.0,0.12,0.0,0.0,1,10.225092959257768,-10.225092959257768,10.225092959257768,-10.225092959257768,11.859999656677246,-7.46999979019165,12.180000305175781,-7.590000152587891,-1.6349066974194777,-2.755093169066118,-1.9549073459180129,-2.6350928066698778,-0.5722173440968171,-0.9642826091731412,-0.6842175710713044,-0.9222824823344572,-0.7316996179809889,-0.5495403070459052,0.6776103495964683,-2.2810503321299236,-1,1,-1,1,-18,-18,-18,-18,-18,-20,-18,-21
1783308119.7056816,0.0,0.0,0.12,0.0,0.0,1,10.225092959257768,-10.225092959257768,10.225092959257768,-10.225092959257768,11.859999656677246,-7.46999979019165,12.180000305175781,-7.590000152587891,-1.6349066974194777,-2.755093169066118,-1.9549073459180129,-2.6350928066698778,-0.5722173440968171,-0.9642826091731412,-0.6842175710713044,-0.9222824823344572,-0.7464137782577642,-0.5743361455675002,0.6600161834832061,-2.3047661673899524,-1,1,-1,1,-18,-18,-18,-18,-18,-20,-18,-21
1783308119.7255974,0.0,0.0,0.12,0.0,0.0,1,10.225092959257768,-10.225092959257768,10.225092959257768,-10.225092959257768,11.859999656677246,-7.46999979019165,12.180000305175781,-7.590000152587891,-1.6349066974194777,-2.755093169066118,-1.9549073459180129,-2.6350928066698778,-0.5722173440968171,-0.9642826091731412,-0.6842175710713044,-0.9222824823344572,-0.7611279385345395,-0.5991319840890953,0.642422017369944,-2.3284820026499813,-1,1,-1,1,-18,-18,-18,-18,-18,-20,-18,-21
1783308119.745642,0.0,0.0,0.12,0.0,0.0,1,10.225092959257768,-10.225092959257768,10.225092959257768,-10.225092959257768,11.920000076293945,-8.170000076293945,12.149999618530273,-8.479999542236328,-1.694907117036177,-2.055092882963823,-1.924906659272505,-1.7450934170214403,-0.5932174909626619,-0.719282509037338,-0.6737173307453768,-0.610782695957504,-0.7763821025878651,-0.6176278200357697,0.6250978574364914,-2.344187843403174,-1,1,-1,1,-18,-18,-18,-18,-18,-19,-18,-21
1783308119.7656376,0.0,0.0,0.12,0.0,0.0,1,10.225092959257768,-10.225092959257768,10.225092959257768,-10.225092959257768,11.920000076293945,-8.170000076293945,12.149999618530273,-8.479999542236328,-1.694907117036177,-2.055092882963823,-1.924906659272505,-1.7450934170214403,-0.5932174909626619,-0.719282509037338,-0.6737173307453768,-0.610782695957504,-0.7916362666411907,-0.636123655982444,0.6077736975030388,-2.359893684156367,-1,1,-1,1,-18,-18,-18,-18,-18,-19,-18,-21
1783308119.7856786,0.0,0.0,0.12,0.0,0.0,1,10.225092959257768,-10.225092959257768,10.225092959257768,-10.225092959257768,11.970000267028809,-8.4399995803833,12.579999923706055,-8.880000114440918,-1.7449073077710402,-1.7850933788744676,-2.3549069644482863,-1.3450928448168504,-0.610717557719864,-0.6247826826060636,-0.8242174375569001,-0.47078249568589764,-0.8073404324111301,-0.6521894963923143,0.5865795348230042,-2.3719995197597186,-1,1,-1,1,-18,-18,-18,-18,-18,-19,-18,-21
1783308119.805613,0.0,0.0,0.12,0.0,0.0,1,10.225092959257768,-10.225092959257768,10.225092959257768,-10.225092959257768,11.970000267028809,-8.4399995803833,12.579999923706055,-8.880000114440918,-1.7449073077710402,-1.7850933788744676,-2.3549069644482863,-1.3450928448168504,-0.610717557719864,-0.6247826826060636,-0.8242174375569001,-0.47078249568589764,-0.8230445981810695,-0.6682553368021845,0.5653853721429696,-2.38410535536307,-1,1,-1,1,-18,-18,-18,-18,-18,-19,-18,-21
1783308119.8257403,0.0,0.0,0.12,0.0,0.0,1,10.225092959257768,-10.225092959257768,10.225092959257768,-10.225092959257768,11.970000267028809,-8.4399995803833,12.579999923706055,-8.880000114440918,-1.7449073077710402,-1.7850933788744676,-2.3549069644482863,-1.3450928448168504,-0.610717557719864,-0.6247826826060636,-0.8242174375569001,-0.47078249568589764,-0.8387487639510088,-0.6843211772120548,0.544191209462935,-2.3962111909664214,-1,1,-1,1,-18,-18,-18,-18,-18,-19,-18,-21
1783308119.845723,0.0,0.0,0.12,0.0,0.0,1,10.225092959257768,-10.225092959257768,10.225092959257768,-10.225092959257768,12.449999809265137,-9.529999732971191,11.979999542236328,-8.479999542236328,-2.2249068500073683,-0.695093226286577,-1.7549065829785597,-1.7450934170214403,-0.7787173975025788,-0.24328262920030194,-0.6142173040424959,-0.610782695957504,-0.8587729256010751,-0.690577016248634,0.5283970502161279,-2.4119170317196144,-1,1,-1,1,-18,-18,-18,-18,-18,-19,-18,-21
1783308119.8655944,0.0,0.0,0.12,0.0,0.0,1,10.225092959257768,-10.225092959257768,10.225092959257768,-10.225092959257768,12.449999809265137,-9.529999732971191,11.979999542236328,-8.479999542236328,-2.2249068500073683,-0.695093226286577,-1.7549065829785597,-1.7450934170214403,-0.7787173975025788,-0.24328262920030194,-0.6142173040424959,-0.610782695957504,-0.8787970872511414,-0.6968328552852132,0.5126028909693209,-2.4276228724728073,-1,1,-1,1,-18,-18,-18,-18,-18,-19,-18,-21
1783308119.8858154,0.0,0.0,0.12,0.0,0.0,1,10.225092959257768,-10.225092959257768,10.225092959257768,-10.225092959257768,13.25,-10.289999961853027,11.329999923706055,-8.199999809265137,-3.0249070407422316,0.06490700259525894,-1.1049069644482863,-2.0250931499926317,-1.058717464259781,0.02271745090834063,-0.3867174375569002,-0.7087826024974211,-0.9060212506178215,-0.6962486922618559,0.5026587282892863,-2.445848710822741,-1,1,-1,1,-18,-18,-18,-18,-18,-19,-18,-21
1783308119.9056098,0.0,0.0,0.12,0.0,0.0,1,10.225092959257768,-10.225092959257768,10.225092959257768,-10.225092959257768,13.25,-10.289999961853027,11.329999923706055,-8.199999809265137,-3.0249070407422316,0.06490700259525894,-1.1049069644482863,-2.0250931499926317,-1.058717464259781,0.02271745090834063,-0.3867174375569002,-0.7087826024974211,-0.9332454139845016,-0.6956645292384986,0.4927145656092517,-2.4640745491726745,-1,1,-1,1,-18,-18,-18,-18,-18,-19,-18,-21
1783308119.925688,0.0,0.0,0.12,0.0,0.0,1,10.225092959257768,-10.225092959257768,10.225092959257768,-10.225092959257768,13.25,-10.289999961853027,11.329999923706055,-8.199999809265137,-3.0249070407422316,0.06490700259525894,-1.1049069644482863,-2.0250931499926317,-1.058717464259781,0.02271745090834063,-0.3867174375569002,-0.7087826024974211,-0.9604695773511817,-0.6950803662151414,0.48277040292921714,-2.482300387522608,-1,1,-1,1,-18,-18,-18,-18,-18,-19,-18,-21
1783308119.945678,0.0,0.0,0.12,0.0,0.0,1,10.225092959257768,-10.225092959257768,10.225092959257768,-10.225092959257768,14.029999732971191,-11.510000228881836,11.319999694824219,-9.140000343322754,-3.804906773713423,1.2849072696240675,-1.0949067355664504,-1.0850926159350145,-1.3317173707996979,0.4497175443684236,-0.3832173574482576,-0.37978241557725506,-0.9947137383146025,-0.6835162007885247,0.4729162423091191,-2.492066221066023,-1,1,-1,1,-18,-18,-18,-18,-18,-18,-18,-21
1783308119.9656293,0.0,0.0,0.12,0.0,0.0,1,10.225092959257768,-10.225092959257768,10.225092959257768,-10.225092959257768,14.029999732971191,-11.510000228881836,11.319999694824219,-9.140000343322754,-3.804906773713423,1.2849072696240675,-1.0949067355664504,-1.0850926159350145,-1.3317173707996979,0.4497175443684236,-0.3832173574482576,-0.37978241557725506,-1.0289578992780233,-0.6719520353619081,0.4630620816890211,-2.501832054609438,-1,1,-1,1,-18,-18,-18,-18,-18,-18,-18,-21
1783308119.985677,0.0,0.0,0.12,0.0,0.0,1,10.225092959257768,-10.225092959257768,10.225092959257768,-10.225092959257768,13.890000343322754,-11.899999618530273,12.229999542236328,-9.34000015258789,-3.6649073840649855,1.674906659272505,-2.0049065829785597,-0.8850928066698778,-1.2827175844227447,0.5862173307453767,-0.7017173040424959,-0.3097824823344572,-1.0619420657346081,-0.6568778754284555,0.44501792244221405,-2.509797889869467,-1,1,-1,1,-18,-18,-18,-18,-18,-18,-18,-21
1783308120.00559,0.0,0.0,0.12,0.0,0.0,1,10.225092959257768,-10.225092959257768,10.225092959257768,-10.225092959257768,13.890000343322754,-11.899999618530273,12.229999542236328,-9.34000015258789,-3.6649073840649855,1.674906659272505,-2.0049065829785597,-0.8850928066698778,-1.2827175844227447,0.5862173307453767,-0.7017173040424959,-0.3097824823344572,-1.094926232191193,-0.641803715495003,0.42697376319540703,-2.5177637251294955,-1,1,-1,1,-18,-18,-18,-18,-18,-18,-18,-21
1783308120.0257473,0.0,0.0,0.12,0.0,0.0,1,10.225092959257768,-10.225092959257768,10.225092959257768,-10.225092959257768,13.890000343322754,-11.899999618530273,12.229999542236328,-9.34000015258789,-3.6649073840649855,1.674906659272505,-2.0049065829785597,-0.8850928066698778,-1.2827175844227447,0.5862173307453767,-0.7017173040424959,-0.3097824823344572,-1.1279103986477779,-0.6267295555615505,0.4089296039486,-2.5257295603895242,-1,1,-1,1,-18,-18,-18,-18,-18,-18,-18,-21
1783308120.0455985,0.0,0.0,0.12,0.0,0.0,1,10.225092959257768,-10.225092959257768,10.225092959257768,-10.225092959257768,14.25,-12.40999984741211,11.729999542236328,-9.710000038146973,-4.024907040742232,2.184906888154341,-1.5049065829785597,-0.5150929211107957,-1.408717464259781,0.7647174108540193,-0.5267173040424958,-0.1802825223887785,-1.1641345620144579,-0.6070653935681615,0.395385444701793,-2.5303653966795214,-1,1,-1,1,-18,-18,-18,-18,-18,-18,-18,-21
1783308120.065629,0.0,0.0,0.12,0.0,0.0,1,10.225092959257768,-10.225092959257768,10.225092959257768,-10.225092959257768,14.25,-12.40999984741211,11.729999542236328,-9.710000038146973,-4.024907040742232,2.184906888154341,-1.5049065829785597,-0.5150929211107957,-1.408717464259781,0.7647174108540193,-0.5267173040424958,-0.1802825223887785,-1.2003587253811379,-0.5874012315747724,0.38184128545498597,-2.5350012329695186,-1,1,-1,1,-18,-18,-18,-18,-18,-18,-18,-21
1783308120.085682,0.0,0.0,0.12,0.0,0.0,1,10.225092959257768,-10.225092959257768,10.225092959257768,-10.225092959257768,13.600000381469727,-12.079999923706055,12.0600004196167,-10.1899995803833,-3.374907422211958,1.8549069644482863,-1.8349074603589308,-0.03509337887446762,-1.1812175977741852,0.6492174375569002,-0.6422176111256257,-0.012282682606063666,-1.2307328921810454,-0.5707070688947379,0.36532711831175557,-2.535317073379389,-1,1,-1,1,-18,-18,-18,-18,-18,-18,-18,-21
1783308120.1056097,0.0,0.0,0.12,0.0,0.0,1,10.225092959257768,-10.225092959257768,10.225092959257768,-10.225092959257768,13.600000381469727,-12.079999923706055,12.0600004196167,-10.1899995803833,-3.374907422211958,1.8549069644482863,-1.8349074603589308,-0.03509337887446762,-1.1812175977741852,0.6492174375569002,-0.6422176111256257,-0.012282682606063666,-1.261107058980953,-0.5540129062147033,0.3488129511685252,-2.535632913789259,-1,1,-1,1,-18,-18,-18,-18,-18,-18,-18,-21
1783308120.1256013,0.0,0.0,0.12,0.0,0.0,1,10.225092959257768,-10.225092959257768,10.225092959257768,-10.225092959257768,13.600000381469727,-12.079999923706055,12.0600004196167,-10.1899995803833,-3.374907422211958,1.8549069644482863,-1.8349074603589308,-0.03509337887446762,-1.1812175977741852,0.6492174375569002,-0.6422176111256257,-0.012282682606063666,-1.2914812257808606,-0.5373187435346688,0.3322987840252948,-2.5359487541991292,-1,1,-1,1,-18,-18,-18,-18,-18,-18,-18,-21
1783308120.1457164,0.0,0.0,0.12,0.0,0.0,1,10.225092959257768,-10.225092959257768,10.225092959257768,-10.225092959257768,13.819999694824219,-12.529999732971191,12.739999771118164,-11.4399995803833,-3.5949067355664504,2.304906773713423,-2.5149068118603957,1.2149066211255324,-1.2582173574482576,0.806717370799698,-0.8802173841511384,0.4252173173939363,-1.3238353864009587,-0.516574582571248,0.3096646227185512,-2.5250145946089995,-1,1,-1,1,-18,-18,-18,-18,-18,-18,-18,-20
1783308120.1657445,0.0,0.0,0.12,0.0,0.0,1,10.225092959257768,-10.225092959257768,10.225092959257768,-10.225092959257768,13.819999694824219,-12.529999732971191,12.739999771118164,-11.4399995803833,-3.5949067355664504,2.304906773713423,-2.5149068118603957,1.2149066211255324,-1.2582173574482576,0.806717370799698,-0.8802173841511384,0.4252173173939363,-1.3561895470210568,-0.4958304216078272,0.28703046141180766,-2.5140804350188697,-1,1,-1,1,-18,-18,-18,-18,-18,-18,-18,-20
1783308120.1856647,0.0,0.0,0.12,0.0,0.0,1,10.225092959257768,-10.225092959257768,10.225092959257768,-10.225092959257768,13.979999542236328,-13.069999694824219,13.449999809265137,-12.529999732971191,-3.7549065829785597,2.8449067355664504,-3.2249068500073683,2.304906773713423,-1.3142173040424958,0.9957173574482575,-1.1287173975025788,0.806717370799698,-1.3899837062678637,-0.4702262609877291,0.25800629976174133,-2.4933362740554488,-1,1,-1,1,-18,-18,-18,-18,-18,-18,-18,-20
1783308120.2056015,0.0,0.0,0.12,0.0,0.0,1,10.225092959257768,-10.225092959257768,10.225092959257768,-10.225092959257768,13.979999542236328,-13.069999694824219,13.449999809265137,-12.529999732971191,-3.7549065829785597,2.8449067355664504,-3.2249068500073683,2.304906773713423,-1.3142173040424958,0.9957173574482575,-1.1287173975025788,0.806717370799698,-1.4237778655146707,-0.44462210036763106,0.228982138111675,-2.472592113092028,-1,1,-1,1,-18,-18,-18,-18,-18,-18,-18,-20
1783308120.2257411,0.0,0.0,0.12,0.0,0.0,1,10.225092959257768,-10.225092959257768,10.225092959257768,-10.225092959257768,13.979999542236328,-13.069999694824219,13.449999809265137,-12.529999732971191,-3.7549065829785597,2.8449067355664504,-3.2249068500073683,2.304906773713423,-1.3142173040424958,0.9957173574482575,-1.1287173975025788,0.806717370799698,-1.4575720247614776,-0.419017939747533,0.19995797646160868,-2.451847952128607,-1,1,-1,1,-18,-18,-18,-18,-18,-18,-18,-20
1783308120.245601,0.0,0.0,0.12,0.0,0.0,1,10.225092959257768,-10.225092959257768,10.225092959257768,-10.225092959257768,13.859999656677246,-13.449999809265137,13.720000267028809,-13.529999732971191,-3.6349066974194777,3.2249068500073683,-3.49490730777104,3.304906773713423,-1.2722173440968172,1.1287173975025788,-1.223217557719864,1.156717370799698,-1.490286185038253,-0.38999377809746666,0.1685038106916693,-2.422103791165186,-1,1,-1,1,-18,-18,-18,-18,-18,-18,-18,-19
1783308120.2656794,0.0,0.0,0.12,0.0,0.0,1,10.225092959257768,-10.225092959257768,10.225092959257768,-10.225092959257768,13.859999656677246,-13.449999809265137,13.720000267028809,-13.529999732971191,-3.6349066974194777,3.2249068500073683,-3.49490730777104,3.304906773713423,-1.2722173440968172,1.1287173975025788,-1.223217557719864,1.156717370799698,-1.5230003453150283,-0.36096961644740033,0.13704964492172994,-2.3923596302017653,-1,1,-1,1,-18,-18,-18,-18,-18,-18,-18,-19
1783308120.285663,0.0,0.0,0.12,0.0,0.0,1,10.225092959257768,-10.225092959257768,10.225092959257768,-10.225092959257768,13.779999732971191,-13.270000457763672,14.8100004196167,-14.220000267028809,-3.554906773713423,3.0449074985059035,-4.584907460358931,3.99490730777104,-1.244217370799698,1.065717624477066,-1.6047176111256256,1.398217557719864,-1.5549945062784492,-0.3335654489608472,0.09578547777849955,-2.356405464431826,-1,1,-1,1,-18,-18,-18,-18,-18,-18,-18,-19
1783308120.305643,0.0,0.0,0.12,0.0,0.0,1,10.225092959257768,-10.225092959257768,10.225092959257768,-10.225092959257768,13.779999732971191,-13.270000457763672,14.8100004196167,-14.220000267028809,-3.554906773713423,3.0449074985059035,-4.584907460358931,3.99490730777104,-1.244217370799698,1.065717624477066,-1.6047176111256256,1.398217557719864,-1.58698866724187,-0.3061612814742941,0.05452131063526917,-2.3204512986618866,-1,1,-1,1,-18,-18,-18,-18,-18,-18,-18,-19
1783308120.3256052,0.0,0.0,0.12,0.0,0.0,1,10.225092959257768,-10.225092959257768,10.225092959257768,-10.225092959257768,13.779999732971191,-13.270000457763672,14.8100004196167,-14.220000267028809,-3.554906773713423,3.0449074985059035,-4.584907460358931,3.99490730777104,-1.244217370799698,1.065717624477066,-1.6047176111256256,1.398217557719864,-1.618982828205291,-0.278757113987741,0.013257143492038784,-2.2844971328919472,-1,1,-1,1,-18,-18,-18,-18,-18,-18,-18,-19
1783308120.3456073,0.0,0.0,0.12,0.0,0.0,1,10.225092959257768,-10.225092959257768,10.225092959257768,-10.225092959257768,13.489999771118164,-13.59000015258789,13.989999771118164,-14.710000038146973,-3.2649068118603957,3.3649071933301222,-3.7649068118603957,4.484907078889204,-1.1427173841511384,1.1777175176655428,-1.3177173841511385,1.5697174776112215,-1.6483669895120345,-0.24847294924776991,-0.02062701781470478,-2.2441329691819445,-1,1,-1,1,-18,-18,-18,-18,-18,-18,-18,-19
1783308120.3656833,0.0,0.0,0.12,0.0,0.0,1,10.225092959257768,-10.225092959257768,10.225092959257768,-10.225092959257768,13.489999771118164,-13.59000015258789,13.989999771118164,-14.710000038146973,-3.2649068118603957,3.3649071933301222,-3.7649068118603957,4.484907078889204,-1.1427173841511384,1.1777175176655428,-1.3177173841511385,1.5697174776112215,-1.6777511508187781,-0.21818878450779883,-0.054511179121448344,-2.2037688054719418,-1,1,-1,1,-18,-18,-18,-18,-18,-18,-18,-19
1783308120.3856716,0.0,0.0,0.12,0.0,0.0,1,10.225092959257768,-10.225092959257768,10.225092959257768,-10.225092959257768,12.390000343322754,-12.680000305175781,14.550000190734863,-14.369999885559082,-2.1649073840649855,2.454907345918013,-4.324907231477095,4.144906926301314,-0.7577175844227448,0.8592175710713045,-1.513717531016983,1.4507174242054597,-1.697235317275363,-0.1960946183945367,-0.0934353442047422,-2.16646464313523,-1,1,-1,1,-18,-18,-18,-18,-18,-18,-18,-19
1783308120.405603,0.0,0.0,0.12,0.0,0.0,1,10.225092959257768,-10.225092959257768,10.225092959257768,-10.225092959257768,12.390000343322754,-12.680000305175781,14.550000190734863,-14.369999885559082,-2.1649073840649855,2.454907345918013,-4.324907231477095,4.144906926301314,-0.7577175844227448,0.8592175710713045,-1.513717531016983,1.4507174242054597,-1.7167194837319477,-0.1740004522812746,-0.13235950928803605,-2.129160480798518,-1,1,-1,1,-18,-18,-18,-18,-18,-18,-18,-19
1783308120.4257126,0.0,0.0,0.12,0.0,0.0,1,10.225092959257768,-10.225092959257768,10.225092959257768,-10.225092959257768,12.390000343322754,-12.680000305175781,14.550000190734863,-14.369999885559082,-2.1649073840649855,2.454907345918013,-4.324907231477095,4.144906926301314,-0.7577175844227448,0.8592175710713045,-1.513717531016983,1.4507174242054597,-1.7362036501885325,-0.15190628616801247,-0.1712836743713299,-2.091856318461806,-1,1,-1,1,-18,-18,-18,-18,-18,-18,-18,-19
1783308120.445695,0.0,0.0,0.12,0.0,0.0,1,10.225092959257768,-10.225092959257768,10.225092959257768,-10.225092959257768,12.75,-12.270000457763672,14.029999732971191,-14.359999656677246,-2.5249070407422316,2.0449074985059035,-3.804906773713423,4.134906697419478,-0.883717464259781,0.7157176244770662,-1.3317173707996979,1.447217344096817,-1.7589278135552127,-0.13350211868145934,-0.20552783533475072,-2.0546421581850307,-1,1,-1,1,-18,-18,-18,-18,-18,-18,-18,-19
1783308120.4656267,0.0,0.0,0.12,0.0,0.0,1,10.225092959257768,-10.225092959257768,10.225092959257768,-10.225092959257768,12.75,-12.270000457763672,14.029999732971191,-14.359999656677246,-2.5249070407422316,2.0449074985059035,-3.804906773713423,4.134906697419478,-0.883717464259781,0.7157176244770662,-1.3317173707996979,1.447217344096817,-1.7816519769218928,-0.1150979511949062,-0.23977199629817153,-2.017427997908255,-1,1,-1,1,-18,-18,-18,-18,-18,-18,-18,-19
1783308120.4857125,0.0,0.0,0.12,0.0,0.0,1,10.225092959257768,-10.225092959257768,10.225092959257768,-10.225092959257768,12.319999694824219,-12.670000076293945,13.899999618530273,-14.130000114440918,-2.0949067355664504,2.444907117036177,-3.674906659272505,3.9049071551831496,-0.7332173574482576,0.8557174909626619,-1.2862173307453766,1.3667175043141022,-1.8005061375419908,-0.09309378714158062,-0.27284615623162406,-1.9822838335116069,-1,1,-1,1,-18,-18,-18,-18,-18,-18,-18,-19
1783308120.5056672,0.0,0.0,0.12,0.0,0.0,1,10.225092959257768,-10.225092959257768,10.225092959257768,-10.225092959257768,12.319999694824219,-12.670000076293945,13.899999618530273,-14.130000114440918,-2.0949067355664504,2.444907117036177,-3.674906659272505,3.9049071551831496,-0.7332173574482576,0.8557174909626619,-1.2862173307453766,1.3667175043141022,-1.8193602981620889,-0.07108962308825503,-0.3059203161650766,-1.9471396691149585,-1,1,-1,1,-18,-18,-18,-18,-18,-18,-18,-19
1783308120.5257149,0.0,0.0,0.12,0.0,0.0,1,10.225092959257768,-10.225092959257768,10.225092959257768,-10.225092959257768,12.319999694824219,-12.670000076293945,13.899999618530273,-14.130000114440918,-2.0949067355664504,2.444907117036177,-3.674906659272505,3.9049071551831496,-0.7332173574482576,0.8557174909626619,-1.2862173307453766,1.3667175043141022,-1.838214458782187,-0.04908545903492944,-0.3389944760985291,-1.9119955047183101,-1,1,-1,1,-18,-18,-18,-18,-18,-18,-18,-19
1783308120.5456119,0.0,0.0,0.12,0.0,0.0,1,10.225092959257768,-10.225092959257768,10.225092959257768,-10.225092959257768,12.470000267028809,-12.039999961853027,14.029999732971191,-13.739999771118164,-2.24490730777104,1.814907002595259,-3.804906773713423,3.5149068118603957,-0.7857175577198641,0.6352174509083406,-1.3317173707996979,1.2302173841511383,-1.8584186245521264,-0.032751296011572104,-0.37323863706194993,-1.8803613434115667,-1,1,-1,1,-18,-18,-18,-18,-18,-18,-18,-19
1783308120.565603,0.0,0.0,0.12,0.0,0.0,1,10.225092959257768,-10.225092959257768,10.225092959257768,-10.225092959257768,12.470000267028809,-12.039999961853027,14.029999732971191,-13.739999771118164,-2.24490730777104,1.814907002595259,-3.804906773713423,3.5149068118603957,-0.7857175577198641,0.6352174509083406,-1.3317173707996979,1.2302173841511383,-1.8786227903220658,-0.01641713298821477,-0.40748279802537074,-1.8487271821048232,-1,1,-1,1,-18,-18,-18,-18,-18,-18,-18,-19
1783308120.5857573,0.0,0.0,0.12,0.0,0.0,1,10.225092959257768,-10.225092959257768,10.225092959257768,-10.225092959257768,12.579999923706055,-12.050000190734863,12.989999771118164,-12.789999961853027,-2.3549069644482863,1.8249072314770949,-2.7649068118603957,2.564907002595259,-0.8242174375569001,0.6387175310169831,-0.9677173841511384,0.8977174509083405,-1.8998169530021003,7.032095079084061e-06,-0.43236695933211433,-1.8256430190814659,-1,1,-1,1,-18,-18,-18,-18,-18,-18,-18,-19
1783308120.6056042,0.0,0.0,0.12,0.0,0.0,1,10.225092959257768,-10.225092959257768,10.225092959257768,-10.225092959257768,12.579999923706055,-12.050000190734863,12.989999771118164,-12.789999961853027,-2.3549069644482863,1.8249072314770949,-2.7649068118603957,2.564907002595259,-0.8242174375569001,0.6387175310169831,-0.9677173841511384,0.8977174509083405,-1.9210111156821348,0.01643119717837294,-0.45725112063885787,-1.8025588560581085,-1,1,-1,1,-18,-18,-18,-18,-18,-18,-18,-19
1783308120.6256132,0.0,0.0,0.12,0.0,0.0,1,10.225092959257768,-10.225092959257768,10.225092959257768,-10.225092959257768,12.579999923706055,-12.050000190734863,12.989999771118164,-12.789999961853027,-2.3549069644482863,1.8249072314770949,-2.7649068118603957,2.564907002595259,-0.8242174375569001,0.6387175310169831,-0.9677173841511384,0.8977174509083405,-1.9422052783621693,0.0328553622616668,-0.4821352819456014,-1.7794746930347511,-1,1,-1,1,-18,-18,-18,-18,-18,-18,-18,-19
1783308120.6456492,0.0,0.0,0.12,0.0,0.0,1,10.225092959257768,-10.225092959257768,10.225092959257768,-10.225092959257768,12.65999984741211,-12.0600004196167,12.720000267028809,-12.350000381469727,-2.434906888154341,1.8349074603589308,-2.49490730777104,2.124907422211958,-0.8522174108540193,0.6422176111256257,-0.873217557719864,0.7437175977741853,-1.9641194403555584,0.04936952940489718,-0.5045894477155408,-1.7603505262348436,-1,1,-1,1,-18,-18,-18,-18,-18,-18,-18,-19
1783308120.665691,0.0,0.0,0.12,0.0,0.0,1,10.225092959257768,-10.225092959257768,10.225092959257768,-10.225092959257768,12.65999984741211,-12.0600004196167,12.720000267028809,-12.350000381469727,-2.434906888154341,1.8349074603589308,-2.49490730777104,2.124907422211958,-0.8522174108540193,0.6422176111256257,-0.873217557719864,0.7437175977741853,-1.9860336023489475,0.06588369654812756,-0.5270436134854802,-1.741226359434936,-1,1,-1,1,-18,-18,-18,-18,-18,-18,-18,-19
1783308120.685676,0.0,0.0,0.12,0.0,0.0,1,10.225092959257768,-10.225092959257768,10.225092959257768,-10.225092959257768,11.800000190734863,-10.930000305175781,12.979999542236328,-11.59000015258789,-1.5749072314770949,0.7049073459180129,-2.7549065829785597,1.3649071933301222,-0.5512175310169831,0.2467175710713045,-0.9642173040424958,0.47771751766554277,-2.0002077674322414,0.07222786266138968,-0.5518377727322873,-1.7289421946949648,-1,1,-1,1,-18,-18,-18,-18,-18,-18,-18,-19
1783308120.7057047,0.0,0.0,0.12,0.0,0.0,1,10.225092959257768,-10.225092959257768,10.225092959257768,-10.225092959257768,11.800000190734863,-10.930000305175781,12.979999542236328,-11.59000015258789,-1.5749072314770949,0.7049073459180129,-2.7549065829785597,1.3649071933301222,-0.5512175310169831,0.2467175710713045,-0.9642173040424958,0.47771751766554277,-2.014381932515535,0.0785720287746518,-0.5766319319790943,-1.7166580299549936,-1,1,-1,1,-18,-18,-18,-18,-18,-18,-18,-19
1783308120.7256548,0.0,0.0,0.12,0.0,0.0,1,10.225092959257768,-10.225092959257768,10.225092959257768,-10.225092959257768,11.800000190734863,-10.930000305175781,12.979999542236328,-11.59000015258789,-1.5749072314770949,0.7049073459180129,-2.7549065829785597,1.3649071933301222,-0.5512175310169831,0.2467175710713045,-0.9642173040424958,0.47771751766554277,-2.028556097598829,0.08491619488791392,-0.6014260912259014,-1.7043738652150224,-1,1,-1,1,-18,-18,-18,-18,-18,-18,-18,-19
1783308120.7456017,0.0,0.0,0.12,0.0,0.0,1,10.225092959257768,-10.225092959257768,10.225092959257768,-10.225092959257768,11.65999984741211,-9.6899995803833,13.15999984741211,-11.510000228881836,-1.434906888154341,-0.5350933788744676,-2.934906888154341,1.2849072696240675,-0.5022174108540193,-0.18728268260606365,-1.0272174108540193,0.4497175443684236,-2.0414702595922183,0.08010035447804371,-0.6278402532192905,-1.692809699788406,-1,1,-1,1,-18,-18,-18,-18,-18,-18,-18,-19
1783308120.7656548,0.0,0.0,0.12,0.0,0.0,1,10.225092959257768,-10.225092959257768,10.225092959257768,-10.225092959257768,11.65999984741211,-9.6899995803833,13.15999984741211,-11.510000228881836,-1.434906888154341,-0.5350933788744676,-2.934906888154341,1.2849072696240675,-0.5022174108540193,-0.18728268260606365,-1.0272174108540193,0.4497175443684236,-2.0543844215856075,0.0752845140681735,-0.6542544152126796,-1.6812455343617894,-1,1,-1,1,-18,-18,-18,-18,-18,-18,-18,-19
1783308120.7857451,0.0,0.0,0.12,0.0,0.0,1,10.225092959257768,-10.225092959257768,10.225092959257768,-10.225092959257768,11.779999732971191,-10.180000305175781,12.380000114440918,-10.319999694824219,-1.554906773713423,-0.04509265408198715,-2.1549071551831496,0.09490673556645035,-0.544217370799698,-0.0157824289286955,-0.7542175043141023,0.03321735744825762,-2.068378582549028,0.07487868018143562,-0.6736485796093279,-1.6803913737416913,-1,1,-1,1,-18,-18,-18,-18,-18,-18,-18,-20
1783308120.8056264,0.0,0.0,0.12,0.0,0.0,1,10.225092959257768,-10.225092959257768,10.225092959257768,-10.225092959257768,11.779999732971191,-10.180000305175781,12.380000114440918,-10.319999694824219,-1.554906773713423,-0.04509265408198715,-2.1549071551831496,0.09490673556645035,-0.544217370799698,-0.0157824289286955,-0.7542175043141023,0.03321735744825762,-2.082372743512449,0.07447284629469773,-0.6930427440059762,-1.6795372131215933,-1,1,-1,1,-18,-18,-18,-18,-18,-18,-18,-20
1783308120.8255646,0.0,0.0,0.0,0.0,0.0,0,0.0,0.0,0.0,0.0,11.779999732971191,-10.180000305175781,12.380000114440918,-10.319999694824219,-11.779999732971191,10.180000305175781,-12.380000114440918,10.319999694824219,-4.122999906539917,3.5630001068115233,-4.333000040054321,3.6119998931884765,0.0,0.0,0.0,0.0,-1,1,-1,1,0,0,0,0,0,0,0,0
1783308120.845595,0.0,0.0,0.0,0.0,0.0,0,0.0,0.0,0.0,0.0,12.550000190734863,-10.970000267028809,11.609999656677246,-9.9399995803833,-12.550000190734863,10.970000267028809,-11.609999656677246,9.9399995803833,-4.392500066757202,3.839500093460083,-4.063499879837036,3.4789998531341553,0.0,0.0,0.0,0.0,-1,1,-1,1,0,0,0,0,0,0,0,0
1783308120.8655777,0.0,0.0,0.0,0.0,0.0,0,0.0,0.0,0.0,0.0,12.550000190734863,-10.970000267028809,11.609999656677246,-9.9399995803833,-12.550000190734863,10.970000267028809,-11.609999656677246,9.9399995803833,-4.392500066757202,3.839500093460083,-4.063499879837036,3.4789998531341553,0.0,0.0,0.0,0.0,-1,1,-1,1,0,0,0,0,0,0,0,0
1783308120.8856852,0.0,0.0,0.0,0.0,0.0,0,0.0,0.0,0.0,0.0,12.180000305175781,-9.949999809265137,10.619999885559082,-9.0,-12.180000305175781,9.949999809265137,-10.619999885559082,9.0,-4.263000106811523,3.4824999332427975,-3.7169999599456784,3.15,0.0,0.0,0.0,0.0,-1,1,-1,1,0,0,0,0,0,0,0,0
1783308120.9055862,0.0,0.0,0.0,0.0,0.0,0,0.0,0.0,0.0,0.0,12.180000305175781,-9.949999809265137,10.619999885559082,-9.0,-12.180000305175781,9.949999809265137,-10.619999885559082,9.0,-4.263000106811523,3.4824999332427975,-3.7169999599456784,3.15,0.0,0.0,0.0,0.0,-1,1,-1,1,0,0,0,0,0,0,0,0
1783308120.9257221,0.0,0.0,0.12,0.0,0.0,1,10.225092959257768,-10.225092959257768,10.225092959257768,-10.225092959257768,12.180000305175781,-9.949999809265137,10.619999885559082,-9.0,-1.9549073459180129,-0.2750931499926317,-0.39490692630131363,-1.2250929592577684,-0.6842175710713044,-0.09628260249742109,-0.13821742420545977,-0.4287825357402189,-0.017594166113262116,-0.0024758383499336855,-0.003554162336711823,-0.011025836633319916,-1,1,-1,1,-18,-18,-18,-18,-18,-18,-18,-18
1783308120.9455867,0.0,0.0,0.12,0.0,0.0,1,10.225092959257768,-10.225092959257768,10.225092959257768,-10.225092959257768,8.75,-7.409999847412109,7.429999828338623,-6.070000171661377,1.4750929592577684,-2.815093111845659,2.7950931309191454,-4.1550927875963914,0.5162825357402189,-0.9852825891459805,0.9782825958217009,-1.454282475658737,-0.0043183294799422015,-0.02781167635654462,0.021601675841560482,-0.04842167172168744,-1,1,-1,1,-18,-18,-18,-18,-19,-19,-19,-20
1783308120.9655738,0.0,0.0,0.0,0.0,0.0,0,0.0,0.0,0.0,0.0,8.75,-7.409999847412109,7.429999828338623,-6.070000171661377,-8.75,7.409999847412109,-7.429999828338623,6.070000171661377,-3.0625,2.593499946594238,-2.600499939918518,2.124500060081482,0.0,0.0,0.0,0.0,-1,1,-1,1,0,0,0,0,0,0,0,0
1783308120.9857566,0.0,0.0,0.0,0.0,0.0,0,0.0,0.0,0.0,0.0,6.349999904632568,-5.190000057220459,5.429999828338623,-4.480000019073486,-6.349999904632568,5.190000057220459,-5.429999828338623,4.480000019073486,-2.222499966621399,1.8165000200271606,-1.9004999399185178,1.56800000667572,0.0,0.0,0.0,0.0,-1,1,-1,1,0,0,0,0,0,0,0,0
1783308121.005625,0.0,0.0,0.0,0.0,0.0,0,0.0,0.0,0.0,0.0,6.349999904632568,-5.190000057220459,5.429999828338623,-4.480000019073486,-6.349999904632568,5.190000057220459,-5.429999828338623,4.480000019073486,-2.222499966621399,1.8165000200271606,-1.9004999399185178,1.56800000667572,0.0,0.0,0.0,0.0,-1,1,-1,1,0,0,0,0,0,0,0,0
1783308121.025568,0.0,0.0,0.0,0.0,0.0,0,0.0,0.0,0.0,0.0,6.349999904632568,-5.190000057220459,5.429999828338623,-4.480000019073486,-6.349999904632568,5.190000057220459,-5.429999828338623,4.480000019073486,-2.222499966621399,1.8165000200271606,-1.9004999399185178,1.56800000667572,0.0,0.0,0.0,0.0,-1,1,-1,1,0,0,0,0,0,0,0,0
1783308121.045583,0.0,0.0,0.0,0.0,0.0,0,0.0,0.0,0.0,0.0,4.449999809265137,-3.630000114440918,4.03000020980835,-3.130000114440918,-4.449999809265137,3.630000114440918,-4.03000020980835,3.130000114440918,-1.5574999332427977,1.2705000400543212,-1.4105000734329223,1.0955000400543211,0.0,0.0,0.0,0.0,-1,1,-1,1,0,0,0,0,0,0,0,0
1783308121.0655613,0.0,0.0,0.0,0.0,0.0,0,0.0,0.0,0.0,0.0,4.449999809265137,-3.630000114440918,4.03000020980835,-3.130000114440918,-4.449999809265137,3.630000114440918,-4.03000020980835,3.130000114440918,-1.5574999332427977,1.2705000400543212,-1.4105000734329223,1.0955000400543211,0.0,0.0,0.0,0.0,-1,1,-1,1,0,0,0,0,0,0,0,0
1783308121.0856986,0.0,0.0,0.12,0.0,0.0,1,10.225092959257768,-10.225092959257768,10.225092959257768,-10.225092959257768,3.109999895095825,-2.5399999618530273,2.819999933242798,-2.190000057220459,7.115093064161943,-7.685092997404741,7.4050930260149705,-8.03509290203731,2.49028257245668,-2.6897825490916594,2.5917825591052397,-2.812282515713058,0.0640358375774575,-0.06916583697664268,0.06664583723413474,-0.0723158361183358,-1,1,-1,1,-18,-18,-18,-18,-21,-21,-21,-21
1783308121.105627,0.0,0.0,0.12,0.0,0.0,1,10.225092959257768,-10.225092959257768,10.225092959257768,-10.225092959257768,3.109999895095825,-2.5399999618530273,2.819999933242798,-2.190000057220459,7.115093064161943,-7.685092997404741,7.4050930260149705,-8.03509290203731,2.49028257245668,-2.6897825490916594,2.5917825591052397,-2.812282515713058,0.128071675154915,-0.13833167395328536,0.13329167446826948,-0.1446316722366716,-1,1,-1,1,-18,-18,-18,-18,-21,-21,-21,-21
1783308121.1255734,0.0,0.0,0.0,0.0,0.0,0,0.0,0.0,0.0,0.0,3.109999895095825,-2.5399999618530273,2.819999933242798,-2.190000057220459,-3.109999895095825,2.5399999618530273,-2.819999933242798,2.190000057220459,-1.0884999632835388,0.8889999866485595,-0.9869999766349792,0.7665000200271606,0.0,0.0,0.0,0.0,-1,1,-1,1,0,0,0,0,0,0,0,0
1783308121.14577,0.0,0.0,0.0,0.0,0.0,0,0.0,0.0,0.0,0.0,2.180000066757202,-1.7799999713897705,1.9700000286102295,-1.5399999618530273,-2.180000066757202,1.7799999713897705,-1.9700000286102295,1.5399999618530273,-0.7630000233650207,0.6229999899864196,-0.6895000100135803,0.5389999866485595,0.0,0.0,0.0,0.0,-1,1,-1,1,0,0,0,0,0,0,0,0
1783308121.1655812,0.0,0.0,0.0,0.0,0.0,0,0.0,0.0,0.0,0.0,2.180000066757202,-1.7799999713897705,1.9700000286102295,-1.5399999618530273,-2.180000066757202,1.7799999713897705,-1.9700000286102295,1.5399999618530273,-0.7630000233650207,0.6229999899864196,-0.6895000100135803,0.5389999866485595,0.0,0.0,0.0,0.0,-1,1,-1,1,0,0,0,0,0,0,0,0
1783308121.1856112,0.0,0.0,0.0,0.0,0.0,0,0.0,0.0,0.0,0.0,1.9800000190734863,-1.4700000286102295,1.6100000143051147,-1.2999999523162842,-1.9800000190734863,1.4700000286102295,-1.6100000143051147,1.2999999523162842,-0.6930000066757201,0.5145000100135803,-0.5635000050067901,0.4549999833106994,0.0,0.0,0.0,0.0,-1,1,-1,1,0,0,0,0,0,0,0,0
1783308121.205583,0.0,0.0,0.0,0.0,0.0,0,0.0,0.0,0.0,0.0,1.9800000190734863,-1.4700000286102295,1.6100000143051147,-1.2999999523162842,-1.9800000190734863,1.4700000286102295,-1.6100000143051147,1.2999999523162842,-0.6930000066757201,0.5145000100135803,-0.5635000050067901,0.4549999833106994,0.0,0.0,0.0,0.0,-1,1,-1,1,0,0,0,0,0,0,0,0
1783308121.2256293,0.0,0.0,0.0,0.0,0.0,0,0.0,0.0,0.0,0.0,1.9800000190734863,-1.4700000286102295,1.6100000143051147,-1.2999999523162842,-1.9800000190734863,1.4700000286102295,-1.6100000143051147,1.2999999523162842,-0.6930000066757201,0.5145000100135803,-0.5635000050067901,0.4549999833106994,0.0,0.0,0.0,0.0,-1,1,-1,1,0,0,0,0,0,0,0,0
1783308121.2455785,0.0,0.0,0.0,0.0,0.0,0,0.0,0.0,0.0,0.0,1.3799999952316284,-1.0299999713897705,1.1299999952316284,-0.9100000262260437,-1.3799999952316284,1.0299999713897705,-1.1299999952316284,0.9100000262260437,-0.48299999833106994,0.36049998998641963,-0.3954999983310699,0.31850000917911525,0.0,0.0,0.0,0.0,-1,1,-1,1,0,0,0,0,0,0,0,0
1783308121.2656262,0.0,0.0,0.12,0.0,0.0,1,10.225092959257768,-10.225092959257768,10.225092959257768,-10.225092959257768,1.3799999952316284,-1.0299999713897705,1.1299999952316284,-0.9100000262260437,8.84509296402614,-9.195092987867998,9.09509296402614,-9.315092933031725,3.095782537409149,-3.218282545753799,3.183282537409149,-3.2602825265611033,0.07960583667623526,-0.08275583689081199,0.08185583667623526,-0.08383583639728552,-1,1,-1,1,-18,-18,-18,-18,-21,-21,-21,-21
1783308121.2857933,0.0,0.0,0.12,0.0,0.0,1,10.225092959257768,-10.225092959257768,10.225092959257768,-10.225092959257768,0.9700000286102295,-0.7200000286102295,0.7900000214576721,-0.6399999856948853,9.255092930647539,-9.505092930647539,9.435092937800096,-9.585092973562883,3.2392825257266384,-3.3267825257266384,3.3022825282300334,-3.354782540747009,0.16290167305206313,-0.16830167326663986,0.16677167311643615,-0.17010167315935149,-1,1,-1,1,-18,-18,-18,-18,-21,-21,-21,-22
1783308121.3055975,0.0,0.0,0.0,0.0,0.0,0,0.0,0.0,0.0,0.0,0.9700000286102295,-0.7200000286102295,0.7900000214576721,-0.6399999856948853,-0.9700000286102295,0.7200000286102295,-0.7900000214576721,0.6399999856948853,-0.3395000100135803,0.2520000100135803,-0.2765000075101852,0.22399999499320983,0.0,0.0,0.0,0.0,-1,1,-1,1,0,0,0,0,0,0,0,0
1783308121.3258548,0.0,0.0,0.0,0.0,0.0,0,0.0,0.0,0.0,0.0,0.9700000286102295,-0.7200000286102295,0.7900000214576721,-0.6399999856948853,-0.9700000286102295,0.7200000286102295,-0.7900000214576721,0.6399999856948853,-0.3395000100135803,0.2520000100135803,-0.2765000075101852,0.22399999499320983,0.0,0.0,0.0,0.0,-1,1,-1,1,0,0,0,0,0,0,0,0
1783308121.3455935,0.0,0.0,0.0,0.0,0.0,0,0.0,0.0,0.0,0.0,0.8999999761581421,-0.9599999785423279,0.7799999713897705,-0.8999999761581421,-0.8999999761581421,0.9599999785423279,-0.7799999713897705,0.8999999761581421,-0.3149999916553497,0.3359999924898147,-0.27299998998641967,0.3149999916553497,0.0,0.0,0.0,0.0,-1,1,-1,1,0,0,0,0,0,0,0,0
1783308121.3655872,0.0,0.0,0.0,0.0,0.0,0,0.0,0.0,0.0,0.0,0.8999999761581421,-0.9599999785423279,0.7799999713897705,-0.8999999761581421,-0.8999999761581421,0.9599999785423279,-0.7799999713897705,0.8999999761581421,-0.3149999916553497,0.3359999924898147,-0.27299998998641967,0.3149999916553497,0.0,0.0,0.0,0.0,-1,1,-1,1,0,0,0,0,0,0,0,0
1783308121.3856952,0.0,0.0,0.0,0.0,0.0,0,0.0,0.0,0.0,0.0,0.8600000143051147,-0.4399999976158142,0.5400000214576721,-0.6299999952316284,-0.8600000143051147,0.4399999976158142,-0.5400000214576721,0.6299999952316284,-0.30100000500679014,0.15399999916553497,-0.18900000751018523,0.22049999833106992,0.0,0.0,0.0,0.0,-1,1,-1,1,0,0,0,0,0,0,0,0
1783308121.4055603,0.0,0.0,0.0,0.0,0.0,0,0.0,0.0,0.0,0.0,0.8600000143051147,-0.4399999976158142,0.5400000214576721,-0.6299999952316284,-0.8600000143051147,0.4399999976158142,-0.5400000214576721,0.6299999952316284,-0.30100000500679014,0.15399999916553497,-0.18900000751018523,0.22049999833106992,0.0,0.0,0.0,0.0,-1,1,-1,1,0,0,0,0,0,0,0,0
1783308121.4256618,0.0,0.0,0.0,0.0,0.0,0,0.0,0.0,0.0,0.0,0.8600000143051147,-0.4399999976158142,0.5400000214576721,-0.6299999952316284,-0.8600000143051147,0.4399999976158142,-0.5400000214576721,0.6299999952316284,-0.30100000500679014,0.15399999916553497,-0.18900000751018523,0.22049999833106992,0.0,0.0,0.0,0.0,-1,1,-1,1,0,0,0,0,0,0,0,0
1783308121.4455667,0.0,0.0,0.0,0.0,0.0,0,0.0,0.0,0.0,0.0,0.6000000238418579,-0.3100000023841858,0.3799999952316284,-0.4399999976158142,-0.6000000238418579,0.3100000023841858,-0.3799999952316284,0.4399999976158142,-0.21000000834465027,0.10850000083446502,-0.13299999833106993,0.15399999916553497,0.0,0.0,0.0,0.0,-1,1,-1,1,0,0,0,0,0,0,0,0
1783308121.4655757,0.0,0.0,0.0,0.0,0.0,0,0.0,0.0,0.0,0.0,0.6000000238418579,-0.3100000023841858,0.3799999952316284,-0.4399999976158142,-0.6000000238418579,0.3100000023841858,-0.3799999952316284,0.4399999976158142,-0.21000000834465027,0.10850000083446502,-0.13299999833106993,0.15399999916553497,0.0,0.0,0.0,0.0,-1,1,-1,1,0,0,0,0,0,0,0,0
1783308121.485657,0.0,0.0,0.0,0.0,0.0,0,0.0,0.0,0.0,0.0,0.41999998688697815,-0.2199999988079071,0.27000001072883606,-0.3100000023841858,-0.41999998688697815,0.2199999988079071,-0.27000001072883606,0.3100000023841858,-0.14699999541044234,0.07699999958276749,-0.09450000375509261,0.10850000083446502,0.0,0.0,0.0,0.0,-1,1,-1,1,0,0,0,0,0,0,0,0
1783308121.505704,0.0,0.0,0.0,0.0,0.0,0,0.0,0.0,0.0,0.0,0.41999998688697815,-0.2199999988079071,0.27000001072883606,-0.3100000023841858,-0.41999998688697815,0.2199999988079071,-0.27000001072883606,0.3100000023841858,-0.14699999541044234,0.07699999958276749,-0.09450000375509261,0.10850000083446502,0.0,0.0,0.0,0.0,-1,1,-1,1,0,0,0,0,0,0,0,0
1783308121.5257049,0.0,0.0,0.0,0.0,0.0,0,0.0,0.0,0.0,0.0,0.41999998688697815,-0.2199999988079071,0.27000001072883606,-0.3100000023841858,-0.41999998688697815,0.2199999988079071,-0.27000001072883606,0.3100000023841858,-0.14699999541044234,0.07699999958276749,-0.09450000375509261,0.10850000083446502,0.0,0.0,0.0,0.0,-1,1,-1,1,0,0,0,0,0,0,0,0
1783308121.545585,0.0,0.0,0.0,0.0,0.0,0,0.0,0.0,0.0,0.0,0.28999999165534973,-0.15000000596046448,0.1899999976158142,-0.2199999988079071,-0.28999999165534973,0.15000000596046448,-0.1899999976158142,0.2199999988079071,-0.1014999970793724,0.05250000208616257,-0.06649999916553496,0.07699999958276749,0.0,0.0,0.0,0.0,-1,1,-1,1,0,0,0,0,0,0,0,0
1783308121.565664,0.0,0.0,0.0,0.0,0.0,0,0.0,0.0,0.0,0.0,0.28999999165534973,-0.15000000596046448,0.1899999976158142,-0.2199999988079071,-0.28999999165534973,0.15000000596046448,-0.1899999976158142,0.2199999988079071,-0.1014999970793724,0.05250000208616257,-0.06649999916553496,0.07699999958276749,0.0,0.0,0.0,0.0,-1,1,-1,1,0,0,0,0,0,0,0,0
1783308121.5856342,0.0,0.0,0.0,0.0,0.0,0,0.0,0.0,0.0,0.0,0.20999999344348907,-0.10999999940395355,0.12999999523162842,-0.15000000596046448,-0.20999999344348907,0.10999999940395355,-0.12999999523162842,0.15000000596046448,-0.07349999770522117,0.03849999979138374,-0.04549999833106994,0.05250000208616257,0.0,0.0,0.0,0.0,-1,1,-1,1,0,0,0,0,0,0,0,0
1783308121.6055887,0.0,0.0,0.0,0.0,0.0,0,0.0,0.0,0.0,0.0,0.20999999344348907,-0.10999999940395355,0.12999999523162842,-0.15000000596046448,-0.20999999344348907,0.10999999940395355,-0.12999999523162842,0.15000000596046448,-0.07349999770522117,0.03849999979138374,-0.04549999833106994,0.05250000208616257,0.0,0.0,0.0,0.0,-1,1,-1,1,0,0,0,0,0,0,0,0
1783308121.625583,0.0,0.0,0.0,0.0,0.0,0,0.0,0.0,0.0,0.0,0.20999999344348907,-0.10999999940395355,0.12999999523162842,-0.15000000596046448,-0.20999999344348907,0.10999999940395355,-0.12999999523162842,0.15000000596046448,-0.07349999770522117,0.03849999979138374,-0.04549999833106994,0.05250000208616257,0.0,0.0,0.0,0.0,-1,1,-1,1,0,0,0,0,0,0,0,0
1783308121.645578,0.0,0.0,0.0,0.0,0.0,0,0.0,0.0,0.0,0.0,0.14000000059604645,-0.07000000029802322,0.09000000357627869,-0.10999999940395355,-0.14000000059604645,0.07000000029802322,-0.09000000357627869,0.10999999940395355,-0.04900000020861625,0.024500000104308126,-0.03150000125169754,0.03849999979138374,0.0,0.0,0.0,0.0,-1,1,-1,1,0,0,0,0,0,0,0,0
1783308121.6656556,0.0,0.0,0.0,0.0,0.0,0,0.0,0.0,0.0,0.0,0.14000000059604645,-0.07000000029802322,0.09000000357627869,-0.10999999940395355,-0.14000000059604645,0.07000000029802322,-0.09000000357627869,0.10999999940395355,-0.04900000020861625,0.024500000104308126,-0.03150000125169754,0.03849999979138374,0.0,0.0,0.0,0.0,-1,1,-1,1,0,0,0,0,0,0,0,0
1783308121.685609,0.0,0.0,0.0,0.0,0.0,0,0.0,0.0,0.0,0.0,0.10000000149011612,-0.05000000074505806,0.05999999865889549,-0.07000000029802322,-0.10000000149011612,0.05000000074505806,-0.05999999865889549,0.07000000029802322,-0.03500000052154064,0.01750000026077032,-0.02099999953061342,0.024500000104308126,0.0,0.0,0.0,0.0,-1,1,-1,1,0,0,0,0,0,0,0,0
1783308121.7056844,0.0,0.0,0.0,0.0,0.0,0,0.0,0.0,0.0,0.0,0.10000000149011612,-0.05000000074505806,0.05999999865889549,-0.07000000029802322,-0.10000000149011612,0.05000000074505806,-0.05999999865889549,0.07000000029802322,-0.03500000052154064,0.01750000026077032,-0.02099999953061342,0.024500000104308126,0.0,0.0,0.0,0.0,-1,1,-1,1,0,0,0,0,0,0,0,0
1783308121.725584,0.0,0.0,0.0,0.0,0.0,0,0.0,0.0,0.0,0.0,0.10000000149011612,-0.05000000074505806,0.05999999865889549,-0.07000000029802322,-0.10000000149011612,0.05000000074505806,-0.05999999865889549,0.07000000029802322,-0.03500000052154064,0.01750000026077032,-0.02099999953061342,0.024500000104308126,0.0,0.0,0.0,0.0,-1,1,-1,1,0,0,0,0,0,0,0,0
1783308121.745601,0.0,0.0,0.0,0.0,0.0,0,0.0,0.0,0.0,0.0,0.07000000029802322,-0.03999999910593033,0.03999999910593033,-0.05000000074505806,-0.07000000029802322,0.03999999910593033,-0.03999999910593033,0.05000000074505806,-0.024500000104308126,0.013999999687075614,-0.013999999687075614,0.01750000026077032,0.0,0.0,0.0,0.0,-1,1,-1,1,0,0,0,0,0,0,0,0
1783308121.7656882,0.0,0.0,0.0,0.0,0.0,0,0.0,0.0,0.0,0.0,0.07000000029802322,-0.03999999910593033,0.03999999910593033,-0.05000000074505806,-0.07000000029802322,0.03999999910593033,-0.03999999910593033,0.05000000074505806,-0.024500000104308126,0.013999999687075614,-0.013999999687075614,0.01750000026077032,0.0,0.0,0.0,0.0,-1,1,-1,1,0,0,0,0,0,0,0,0
1783308121.7856379,0.0,0.0,0.0,0.0,0.0,0,0.0,0.0,0.0,0.0,0.05000000074505806,-0.029999999329447746,0.029999999329447746,-0.03999999910593033,-0.05000000074505806,0.029999999329447746,-0.029999999329447746,0.03999999910593033,-0.01750000026077032,0.01049999976530671,-0.01049999976530671,0.013999999687075614,0.0,0.0,0.0,0.0,-1,1,-1,1,0,0,0,0,0,0,0,0
1783308121.8055751,0.0,0.0,0.0,0.0,0.0,0,0.0,0.0,0.0,0.0,0.05000000074505806,-0.029999999329447746,0.029999999329447746,-0.03999999910593033,-0.05000000074505806,0.029999999329447746,-0.029999999329447746,0.03999999910593033,-0.01750000026077032,0.01049999976530671,-0.01049999976530671,0.013999999687075614,0.0,0.0,0.0,0.0,-1,1,-1,1,0,0,0,0,0,0,0,0
1783308121.8257952,0.0,0.0,0.0,0.0,0.0,0,0.0,0.0,0.0,0.0,0.05000000074505806,-0.029999999329447746,0.029999999329447746,-0.03999999910593033,-0.05000000074505806,0.029999999329447746,-0.029999999329447746,0.03999999910593033,-0.01750000026077032,0.01049999976530671,-0.01049999976530671,0.013999999687075614,0.0,0.0,0.0,0.0,-1,1,-1,1,0,0,0,0,0,0,0,0
1783308121.8456917,0.0,0.0,0.0,0.0,0.0,0,0.0,0.0,0.0,0.0,0.029999999329447746,-0.019999999552965164,0.019999999552965164,-0.029999999329447746,-0.029999999329447746,0.019999999552965164,-0.019999999552965164,0.029999999329447746,-0.01049999976530671,0.006999999843537807,-0.006999999843537807,0.01049999976530671,0.0,0.0,0.0,0.0,-1,1,-1,1,0,0,0,0,0,0,0,0
1783308121.8655765,0.0,0.0,0.0,0.0,0.0,0,0.0,0.0,0.0,0.0,0.029999999329447746,-0.019999999552965164,0.019999999552965164,-0.029999999329447746,-0.029999999329447746,0.019999999552965164,-0.019999999552965164,0.029999999329447746,-0.01049999976530671,0.006999999843537807,-0.006999999843537807,0.01049999976530671,0.0,0.0,0.0,0.0,-1,1,-1,1,0,0,0,0,0,0,0,0
1783308121.8856132,0.0,0.0,0.0,0.0,0.0,0,0.0,0.0,0.0,0.0,0.019999999552965164,-0.009999999776482582,0.019999999552965164,-0.019999999552965164,-0.019999999552965164,0.009999999776482582,-0.019999999552965164,0.019999999552965164,-0.006999999843537807,0.0034999999217689036,-0.006999999843537807,0.006999999843537807,0.0,0.0,0.0,0.0,-1,1,-1,1,0,0,0,0,0,0,0,0
1783308121.9055862,0.0,0.0,0.0,0.0,0.0,0,0.0,0.0,0.0,0.0,0.019999999552965164,-0.009999999776482582,0.019999999552965164,-0.019999999552965164,-0.019999999552965164,0.009999999776482582,-0.019999999552965164,0.019999999552965164,-0.006999999843537807,0.0034999999217689036,-0.006999999843537807,0.006999999843537807,0.0,0.0,0.0,0.0,-1,1,-1,1,0,0,0,0,0,0,0,0
1783308121.925609,35.0,0.0,0.0,35.0,0.0,0,10.283857861322469,10.283857861322469,10.283857861322469,10.283857861322469,0.019999999552965164,-0.009999999776482582,0.019999999552965164,-0.019999999552965164,10.263857861769504,10.293857861098951,10.263857861769504,10.303857860875434,3.592350251619326,3.6028502513846328,3.592350251619326,3.6063502513064014,0.09237472075592554,0.09264472074989057,0.09237472075592554,0.09273472074787892,-1,1,-1,1,-13,13,-13,13,-17,17,-17,17
1783308121.9455962,35.0,0.0,0.0,35.0,0.0,0,10.283857861322469,10.283857861322469,10.283857861322469,10.283857861322469,0.019999999552965164,-0.009999999776482582,0.009999999776482582,-0.009999999776482582,10.263857861769504,10.293857861098951,10.273857861545986,10.293857861098951,3.592350251619326,3.6028502513846328,3.595850251541095,3.6028502513846328,0.18474944151185108,0.18528944149978113,0.18483944150983941,0.18537944149776947,-1,1,-1,1,-13,13,-13,13,-17,17,-17,17
1783308121.9655876,35.0,0.0,0.0,35.0,0.0,0,10.283857861322469,10.283857861322469,10.283857861322469,10.283857861322469,0.019999999552965164,-0.009999999776482582,0.009999999776482582,-0.009999999776482582,10.263857861769504,10.293857861098951,10.273857861545986,10.293857861098951,3.592350251619326,3.6028502513846328,3.595850251541095,3.6028502513846328,0.2771241622677766,0.2779341622496717,0.2773041622637533,0.27802416224766,-1,1,-1,1,-13,13,-13,13,-17,17,-17,17
1783308121.9856715,35.0,0.0,0.0,35.0,0.0,0,10.283857861322469,10.283857861322469,10.283857861322469,10.283857861322469,0.009999999776482582,0.44999998807907104,0.23000000417232513,0.4399999976158142,10.273857861545986,9.833857873243398,10.053857857150144,9.843857863706654,3.595850251541095,3.441850255635189,3.51885025000255,3.4453502522973287,0.36958888302169046,0.3664388831088623,0.36778888297810464,0.3666188830210199,-1,1,-1,1,-13,13,-13,13,-17,17,-17,17
1783308122.0055888,35.0,0.0,0.0,35.0,0.0,0,10.283857861322469,10.283857861322469,10.283857861322469,10.283857861322469,0.009999999776482582,0.44999998807907104,0.23000000417232513,0.4399999976158142,10.273857861545986,9.833857873243398,10.053857857150144,9.843857863706654,3.595850251541095,3.441850255635189,3.51885025000255,3.4453502522973287,0.46205360377560434,0.4549436039680529,0.45827360369245596,0.4552136037943798,-1,1,-1,1,-13,13,-13,13,-17,17,-17,17
1783308122.0256977,35.0,0.0,0.0,35.0,0.0,0,10.283857861322469,10.283857861322469,10.283857861322469,10.283857861322469,0.009999999776482582,0.44999998807907104,0.23000000417232513,0.4399999976158142,10.273857861545986,9.833857873243398,10.053857857150144,9.843857863706654,3.595850251541095,3.441850255635189,3.51885025000255,3.4453502522973287,0.5545183245295182,0.5434483248272435,0.5487583244068073,0.5438083245677396,-1,1,-1,1,-13,13,-13,13,-17,17,-17,17
1783308122.0456295,35.0,0.0,0.0,35.0,0.0,0,10.283857861322469,10.283857861322469,10.283857861322469,10.283857861322469,0.23000000417232513,1.440000057220459,0.38999998569488525,2.119999885559082,10.053857857150144,8.84385780410201,9.893857875627583,8.163857975763387,3.51885025000255,3.0953502314357033,3.462850256469654,2.8573502915171853,0.6450030452438695,0.6230430450641615,0.6378030452874556,0.6172830463496102,-1,1,-1,1,-13,13,-13,13,-17,17,-17,16
1783308122.0655878,35.0,0.0,0.0,35.0,0.0,0,10.283857861322469,10.283857861322469,10.283857861322469,10.283857861322469,0.23000000417232513,1.440000057220459,0.38999998569488525,2.119999885559082,10.053857857150144,8.84385780410201,9.893857875627583,8.163857975763387,3.51885025000255,3.0953502314357033,3.462850256469654,2.8573502915171853,0.7354877659582209,0.7026377653010796,0.7268477661681039,0.6907577681314807,-1,1,-1,1,-13,13,-13,13,-17,17,-17,17
1783308122.0856586,35.0,0.0,0.0,35.0,0.0,0,10.283857861322469,10.283857861322469,10.283857861322469,10.283857861322469,1.0700000524520874,2.5999999046325684,0.949999988079071,2.8399999141693115,9.213857808870381,7.6838579566899,9.333857873243398,7.443857947153157,3.2248502331046334,2.6893502848414648,3.266850255635189,2.605350281503605,0.8184124862380543,0.7717924869112887,0.8108524870272944,0.7577524896558592,-1,1,-1,1,-13,13,-13,13,-17,16,-17,16
1783308122.1055942,35.0,0.0,0.0,35.0,0.0,0,10.283857861322469,10.283857861322469,10.283857861322469,10.283857861322469,1.0700000524520874,2.5999999046325684,0.949999988079071,2.8399999141693115,9.213857808870381,7.6838579566899,9.333857873243398,7.443857947153157,3.2248502331046334,2.6893502848414648,3.266850255635189,2.605350281503605,0.9013372065178877,0.8409472085214977,0.8948572078864849,0.8247472111802376,-1,1,-1,1,-13,13,-13,13,-17,17,-17,16
1783308122.125664,35.0,0.0,0.0,35.0,0.0,0,10.283857861322469,10.283857861322469,10.283857861322469,10.283857861322469,1.0700000524520874,2.5999999046325684,0.949999988079071,2.8399999141693115,9.213857808870381,7.6838579566899,9.333857873243398,7.443857947153157,3.2248502331046334,2.6893502848414648,3.266850255635189,2.605350281503605,0.9842619267977212,0.9101019301317068,0.9788619287456755,0.8917419327046161,-1,1,-1,1,-13,13,-13,13,-17,17,-17,16
1783308122.1455877,35.0,0.0,0.0,35.0,0.0,0,10.283857861322469,10.283857861322469,10.283857861322469,10.283857861322469,1.649999976158142,3.180000066757202,2.0299999713897705,3.3499999046325684,8.633857885164327,7.103857794565267,8.253857889932698,6.9338579566899,3.0218502598075143,2.486350228097843,2.888850261476444,2.426850284841465,1.0619666477642,0.9740366502827942,1.0531466497550697,0.9541466543148253,-1,1,-1,1,-13,13,-13,13,-17,16,-17,16
1783308122.165632,35.0,0.0,0.0,35.0,0.0,0,10.283857861322469,10.283857861322469,10.283857861322469,10.283857861322469,1.649999976158142,3.180000066757202,2.0299999713897705,3.3499999046325684,8.633857885164327,7.103857794565267,8.253857889932698,6.9338579566899,3.0218502598075143,2.486350228097843,2.888850261476444,2.426850284841465,1.139671368730679,1.0379713704338815,1.1274313707644639,1.0165513759250344,-1,1,-1,1,-13,13,-13,13,-17,17,-17,16
1783308122.1856692,35.0,0.0,0.0,35.0,0.0,0,10.283857861322469,10.283857861322469,10.283857861322469,10.283857861322469,2.5199999809265137,3.809999942779541,3.0,3.700000047683716,7.763857880395955,6.473857918542928,7.283857861322469,6.583857813638753,2.717350258138584,2.2658502714900246,2.549350251462864,2.304350234773563,1.2095460896542425,1.0962360917007679,1.1929860915163661,1.0758060962477831,-1,1,-1,1,-13,13,-13,13,-17,16,-17,16
1783308122.205691,35.0,0.0,0.0,35.0,0.0,0,10.283857861322469,10.283857861322469,10.283857861322469,10.283857861322469,2.5199999809265137,3.809999942779541,3.0,3.700000047683716,7.763857880395955,6.473857918542928,7.283857861322469,6.583857813638753,2.717350258138584,2.2658502714900246,2.549350251462864,2.304350234773563,1.279420810577806,1.1545008129676542,1.2585408122682684,1.1350608165705318,-1,1,-1,1,-13,13,-13,13,-17,16,-17,16
1783308122.225743,35.0,0.0,0.0,35.0,0.0,0,10.283857861322469,10.283857861322469,10.283857861322469,10.283857861322469,2.5199999809265137,3.809999942779541,3.0,3.700000047683716,7.763857880395955,6.473857918542928,7.283857861322469,6.583857813638753,2.717350258138584,2.2658502714900246,2.549350251462864,2.304350234773563,1.3492955315013695,1.2127655342345405,1.3240955330201707,1.1943155368932805,-1,1,-1,1,-13,13,-13,13,-17,16,-17,16
1783308122.24561,35.0,0.0,0.0,35.0,0.0,0,10.283857861322469,10.283857861322469,10.283857861322469,10.283857861322469,4.03000020980835,4.25,4.369999885559082,4.179999828338623,6.253857651514119,6.033857861322469,5.913857975763387,6.103858032983846,2.1888501780299414,2.111850251462864,2.0698502915171852,2.1363503115443456,1.4055802503649966,1.2670702549864428,1.3773202548020411,1.249250259190135,-1,1,-1,1,-13,13,-13,13,-17,16,-16,16
1783308122.2657218,35.0,0.0,0.0,35.0,0.0,0,10.283857861322469,10.283857861322469,10.283857861322469,10.283857861322469,4.03000020980835,4.25,4.369999885559082,4.179999828338623,6.253857651514119,6.033857861322469,5.913857975763387,6.103858032983846,2.1888501780299414,2.111850251462864,2.0698502915171852,2.1363503115443456,1.4618649692286236,1.321374975738345,1.4305449765839116,1.3041849814869897,-1,1,-1,1,-13,13,-13,13,-17,16,-17,16
1783308122.2856617,35.0,0.0,0.0,35.0,0.0,0,10.283857861322469,10.283857861322469,10.283857861322469,10.283857861322469,5.309999942779541,5.010000228881836,5.320000171661377,5.190000057220459,4.973857918542928,5.273857632440633,4.963857689661092,5.09385780410201,1.7408502714900247,1.8458501713542212,1.737350191381382,1.7828502314357033,1.5066296904955099,1.3688396944303107,1.4752196957908614,1.3500297017239078,-1,1,-1,1,-13,13,-13,13,-16,16,-16,16
1783308122.3056386,35.0,0.0,0.0,35.0,0.0,0,10.283857861322469,10.283857861322469,10.283857861322469,10.283857861322469,5.309999942779541,5.010000228881836,5.320000171661377,5.190000057220459,4.973857918542928,5.273857632440633,4.963857689661092,5.09385780410201,1.7408502714900247,1.8458501713542212,1.737350191381382,1.7828502314357033,1.5513944117623961,1.4163044131222764,1.5198944149978113,1.395874421960826,-1,1,-1,1,-13,13,-13,13,-16,16,-16,16
1783308122.3255997,35.0,0.0,0.0,35.0,0.0,0,10.283857861322469,10.283857861322469,10.283857861322469,10.283857861322469,5.309999942779541,5.010000228881836,5.320000171661377,5.190000057220459,4.973857918542928,5.273857632440633,4.963857689661092,5.09385780410201,1.7408502714900247,1.8458501713542212,1.737350191381382,1.7828502314357033,1.5961591330292824,1.463769131814242,1.5645691342047612,1.441719142197744,-1,1,-1,1,-13,13,-13,13,-16,16,-16,16
1783308122.345742,35.0,0.0,0.0,35.0,0.0,0,10.283857861322469,10.283857861322469,10.283857861322469,10.283857861322469,6.210000038146973,6.449999809265137,6.210000038146973,6.349999904632568,4.073857823175496,3.833858052057332,4.073857823175496,3.9338579566899003,1.4258502381114235,1.341850318220066,1.4258502381114235,1.376850284841465,1.6328238534378618,1.498273854282758,1.6012338546133407,1.4771238638079531,-1,1,-1,1,-13,13,-13,13,-16,16,-16,16
1783308122.3656995,35.0,0.0,0.0,35.0,0.0,0,10.283857861322469,10.283857861322469,10.283857861322469,10.283857861322469,6.210000038146973,6.449999809265137,6.210000038146973,6.349999904632568,4.073857823175496,3.833858052057332,4.073857823175496,3.9338579566899003,1.4258502381114235,1.341850318220066,1.4258502381114235,1.376850284841465,1.6694885738464413,1.532778576751274,1.6378985750219202,1.5125285854181623,-1,1,-1,1,-13,13,-13,13,-16,16,-16,16
1783308122.3856945,35.0,0.0,0.0,35.0,0.0,0,10.283857861322469,10.283857861322469,10.283857861322469,10.283857861322469,7.059999942779541,7.690000057220459,7.070000171661377,7.610000133514404,3.2238579185429277,2.5938578041020097,3.2138576896610918,2.6738577278080644,1.1283502714900246,0.9078502314357033,1.124850191381382,0.9358502047328224,1.6985032951133276,1.5561232969881922,1.6668232942288699,1.5365933049684348,-1,1,-1,1,-13,13,-13,13,-16,15,-16,15
1783308122.4056017,35.0,0.0,0.0,35.0,0.0,0,10.283857861322469,10.283857861322469,10.283857861322469,10.283857861322469,7.059999942779541,7.690000057220459,7.070000171661377,7.610000133514404,3.2238579185429277,2.5938578041020097,3.2138576896610918,2.6738577278080644,1.1283502714900246,0.9078502314357033,1.124850191381382,0.9358502047328224,1.727518016380214,1.5794680172251103,1.6957480134358196,1.5606580245187074,-1,1,-1,1,-13,13,-13,13,-16,15,-16,15
1783308122.4255998,35.0,0.0,0.0,35.0,0.0,0,10.283857861322469,10.283857861322469,10.283857861322469,10.283857861322469,7.059999942779541,7.690000057220459,7.070000171661377,7.610000133514404,3.2238579185429277,2.5938578041020097,3.2138576896610918,2.6738577278080644,1.1283502714900246,0.9078502314357033,1.124850191381382,0.9358502047328224,1.7565327376471003,1.6028127374620285,1.7246727326427693,1.58472274406898,-1,1,-1,1,-13,13,-13,13,-16,16,-16,16
1783308122.4456797,35.0,0.0,0.0,35.0,0.0,0,10.283857861322469,10.283857861322469,10.283857861322469,10.283857861322469,7.210000038146973,8.779999732971191,8.119999885559082,8.270000457763672,3.073857823175496,1.5038581283512773,2.1638579757633867,2.013857403558797,1.0758502381114234,0.526350344922947,0.7573502915171852,0.7048500912455788,1.7841974580556796,1.61634746061719,1.7441474544246398,1.602847460701009,-1,1,-1,1,-13,13,-13,13,-16,15,-16,15
1783308122.4655879,35.0,0.0,0.0,35.0,0.0,0,10.283857861322469,10.283857861322469,10.283857861322469,10.283857861322469,7.210000038146973,8.779999732971191,8.119999885559082,8.270000457763672,3.073857823175496,1.5038581283512773,2.1638579757633867,2.013857403558797,1.0758502381114234,0.526350344922947,0.7573502915171852,0.7048500912455788,1.811862178464259,1.6298821837723514,1.7636221762065103,1.6209721773330381,-1,1,-1,1,-13,13,-13,13,-16,15,-16,15
1783308122.4858243,35.0,0.0,0.0,35.0,0.0,0,10.283857861322469,10.283857861322469,10.283857861322469,10.283857861322469,8.890000343322754,9.539999961853027,9.079999923706055,8.960000038146973,1.3938575179997148,0.7438578994694414,1.203857937616414,1.323857823175496,0.4878501312999001,0.26035026481430446,0.4213502781657449,0.46335023811142356,1.8244068961262565,1.6365769048675765,1.774456897645058,1.6328868977416175,-1,1,-1,1,-13,13,-13,13,-15,15,-15,15
1783308122.5056121,35.0,0.0,0.0,35.0,0.0,0,10.283857861322469,10.283857861322469,10.283857861322469,10.283857861322469,8.890000343322754,9.539999961853027,9.079999923706055,8.960000038146973,1.3938575179997148,0.7438578994694414,1.203857937616414,1.323857823175496,0.4878501312999001,0.26035026481430446,0.4213502781657449,0.46335023811142356,1.836951613788254,1.6432716259628015,1.785291619083606,1.644801618150197,-1,1,-1,1,-13,13,-13,13,-15,15,-15,15
1783308122.5256264,35.0,0.0,0.0,35.0,0.0,0,10.283857861322469,10.283857861322469,10.283857861322469,10.283857861322469,8.890000343322754,9.539999961853027,9.079999923706055,8.960000038146973,1.3938575179997148,0.7438578994694414,1.203857937616414,1.323857823175496,0.4878501312999001,0.26035026481430446,0.4213502781657449,0.46335023811142356,1.8494963314502515,1.6499663470580266,1.7961263405221537,1.6567163385587764,-1,1,-1,1,-13,13,-13,13,-15,15,-15,15
1783308122.5457385,35.0,0.0,0.0,35.0,0.0,0,10.283857861322469,10.283857861322469,10.283857861322469,10.283857861322469,9.850000381469727,10.529999732971191,9.75,10.119999885559082,0.43385747985274214,-0.2461418716487227,0.5338578613224687,0.16385797576338668,0.15185011794845973,-0.08614965507705294,0.18685025146286405,0.057350291517185334,1.853401048768926,1.6477510702131881,1.8009310612740559,1.658191060340647,-1,1,-1,1,-13,13,-13,13,-15,15,-15,15
1783308122.565601,35.0,0.0,0.0,35.0,0.0,0,10.283857861322469,10.283857861322469,10.283857861322469,10.283857861322469,9.850000381469727,10.529999732971191,9.75,10.119999885559082,0.43385747985274214,-0.2461418716487227,0.5338578613224687,0.16385797576338668,0.15185011794845973,-0.08614965507705294,0.18685025146286405,0.057350291517185334,1.8573057660876007,1.6455357933683497,1.805735782025958,1.6596657821225174,-1,1,-1,1,-13,13,-13,13,-15,15,-15,15
1783308122.5856688,35.0,0.0,0.0,35.0,0.0,0,10.283857861322469,10.283857861322469,10.283857861322469,10.283857861322469,10.289999961853027,11.220000267028809,10.899999618530273,10.710000038146973,-0.006142100530558636,-0.9361424057063399,-0.6161417572078047,-0.42614217682450395,-0.0021497351856955226,-0.3276498419972189,-0.21564961502273164,-0.14914976188857637,1.8572504871828257,1.6371105117169926,1.800190506211088,1.6558305025310969,-1,1,-1,1,-13,13,-13,13,-15,14,-15,15
1783308122.6056008,35.0,0.0,0.0,35.0,0.0,0,10.283857861322469,10.283857861322469,10.283857861322469,10.283857861322469,10.289999961853027,11.220000267028809,10.899999618530273,10.710000038146973,-0.006142100530558636,-0.9361424057063399,-0.6161417572078047,-0.42614217682450395,-0.0021497351856955226,-0.3276498419972189,-0.21564961502273164,-0.14914976188857637,1.8571952082780507,1.6286852300656356,1.7946452303962177,1.6519952229396764,-1,1,-1,1,-13,13,-13,13,-15,14,-15,15
1783308122.6255915,35.0,0.0,0.0,35.0,0.0,0,10.283857861322469,10.283857861322469,10.283857861322469,10.283857861322469,10.289999961853027,11.220000267028809,10.899999618530273,10.710000038146973,-0.006142100530558636,-0.9361424057063399,-0.6161417572078047,-0.42614217682450395,-0.0021497351856955226,-0.3276498419972189,-0.21564961502273164,-0.14914976188857637,1.8571399293732758,1.6202599484142786,1.7890999545813475,1.6481599433482559,-1,1,-1,1,-13,13,-13,13,-15,14,-15,14
1783308122.6456301,35.0,0.0,0.0,35.0,0.0,0,10.283857861322469,10.283857861322469,10.283857861322469,10.283857861322469,11.050000190734863,11.479999542236328,11.479999542236328,11.119999885559082,-0.7661423294123946,-1.1961416809138594,-1.1961416809138594,-0.8361420242366133,-0.26814981529433807,-0.4186495883198508,-0.4186495883198508,-0.29264970848281463,1.8502446484085642,1.6094946732860538,1.7783346794531227,1.6406346651301265,-1,1,-1,1,-13,13,-13,13,-15,14,-14,14
1783308122.6656044,35.0,0.0,0.0,35.0,0.0,0,10.283857861322469,10.283857861322469,10.283857861322469,10.283857861322469,11.050000190734863,11.479999542236328,11.479999542236328,11.119999885559082,-0.7661423294123946,-1.1961416809138594,-1.1961416809138594,-0.8361420242366133,-0.26814981529433807,-0.4186495883198508,-0.4186495883198508,-0.29264970848281463,1.8433493674438526,1.598729398157829,1.767569404324898,1.633109386911997,-1,1,-1,1,-13,13,-13,13,-15,14,-14,14
1783308122.6856587,35.0,0.0,0.0,35.0,0.0,0,10.283857861322469,10.283857861322469,10.283857861322469,10.283857861322469,11.59000015258789,12.329999923706055,11.880000114440918,12.079999923706055,-1.306142291265422,-2.046142062383586,-1.5961422531184493,-1.796142062383586,-0.4571498019428976,-0.7161497218342551,-0.5586497885914572,-0.628649721834255,1.8315940868224638,1.5803141195963768,1.753204124046832,1.6169441083505447,-1,1,-1,1,-13,13,-13,13,-14,14,-14,14
1783308122.7056038,35.0,0.0,0.0,35.0,0.0,0,10.283857861322469,10.283857861322469,10.283857861322469,10.283857861322469,11.59000015258789,12.329999923706055,11.880000114440918,12.079999923706055,-1.306142291265422,-2.046142062383586,-1.5961422531184493,-1.796142062383586,-0.4571498019428976,-0.7161497218342551,-0.5586497885914572,-0.628649721834255,1.819838806201075,1.5618988410349246,1.7388388437687659,1.6007788297890924,-1,1,-1,1,-13,13,-13,13,-14,14,-14,14
1783308122.7255864,35.0,0.0,0.0,35.0,0.0,0,10.283857861322469,10.283857861322469,10.283857861322469,10.283857861322469,11.59000015258789,12.329999923706055,11.880000114440918,12.079999923706055,-1.306142291265422,-2.046142062383586,-1.5961422531184493,-1.796142062383586,-0.4571498019428976,-0.7161497218342551,-0.5586497885914572,-0.628649721834255,1.8080835255796863,1.5434835624734724,1.7244735634906998,1.58461355122764,-1,1,-1,1,-13,13,-13,13,-14,14,-14,14
1783308122.7456005,35.0,0.0,0.0,35.0,0.0,0,10.283857861322469,10.283857861322469,10.283857861322469,10.283857861322469,12.1899995803833,12.479999542236328,12.619999885559082,11.859999656677246,-1.906141719060832,-2.1961416809138594,-2.3361420242366133,-1.5761417953547774,-0.6671496016712912,-0.7686495883198508,-0.8176497084828146,-0.5516496283741721,1.790928250108139,1.5237182873452477,1.7034482852725703,1.570428275069447,-1,1,-1,1,-13,13,-13,13,-14,14,-14,14
1783308122.7655878,35.0,0.0,0.0,35.0,0.0,0,10.283857861322469,10.283857861322469,10.283857861322469,10.283857861322469,12.1899995803833,12.479999542236328,12.619999885559082,11.859999656677246,-1.906141719060832,-2.1961416809138594,-2.3361420242366133,-1.5761417953547774,-0.6671496016712912,-0.7686495883198508,-0.8176497084828146,-0.5516496283741721,1.7737729746365916,1.503953012217023,1.6824230070544408,1.5562429989112538,-1,1,-1,1,-13,13,-13,13,-14,14,-14,14
1783308122.785665,35.0,0.0,0.0,35.0,0.0,0,10.283857861322469,10.283857861322469,10.283857861322469,10.283857861322469,12.609999656677246,12.8100004196167,13.59000015258789,12.149999618530273,-2.3261417953547774,-2.5261425582942305,-3.306142291265422,-1.8661417572078047,-0.814149628374172,-0.8841498954029806,-1.1571498019428976,-0.6531496150227316,1.7528376984783987,1.481217729192375,1.652667726433052,1.5394477230963837,-1,1,-1,1,-13,13,-13,13,-14,14,-13,14
1783308122.8055906,35.0,0.0,0.0,35.0,0.0,0,10.283857861322469,10.283857861322469,10.283857861322469,10.283857861322469,12.609999656677246,12.8100004196167,13.59000015258789,12.149999618530273,-2.3261417953547774,-2.5261425582942305,-3.306142291265422,-1.8661417572078047,-0.814149628374172,-0.8841498954029806,-1.1571498019428976,-0.6531496150227316,1.7319024223202057,1.4584824461677268,1.6229124458116633,1.5226524472815135,-1,1,-1,1,-13,13,-13,13,-14,14,-13,14
1783308122.8255847,35.0,0.0,0.0,35.0,0.0,0,10.283857861322469,10.283857861322469,10.283857861322469,10.283857861322469,12.609999656677246,12.8100004196167,13.59000015258789,12.149999618530273,-2.3261417953547774,-2.5261425582942305,-3.306142291265422,-1.8661417572078047,-0.814149628374172,-0.8841498954029806,-1.1571498019428976,-0.6531496150227316,1.7109671461620128,1.4357471631430787,1.5931571651902745,1.5058571714666433,-1,1,-1,1,-13,13,-13,13,-14,14,-13,14
1783308122.8455954,35.0,0.0,0.0,35.0,0.0,0,10.283857861322469,10.283857861322469,10.283857861322469,10.283857861322469,12.899999618530273,13.5,13.359999656677246,12.8100004196167,-2.6161417572078047,-3.2161421386775313,-3.0761417953547774,-2.5261425582942305,-0.9156496150227316,-1.125649748537136,-1.076649628374172,-0.8841498954029806,1.6874218703471426,1.406801883894981,1.5654718890320816,1.4831218884419952,-1,1,-1,1,-13,13,-13,13,-14,13,-13,14
1783308122.865596,35.0,0.0,0.0,35.0,0.0,0,10.283857861322469,10.283857861322469,10.283857861322469,10.283857861322469,12.899999618530273,13.5,13.359999656677246,12.8100004196167,-2.6161417572078047,-3.2161421386775313,-3.0761417953547774,-2.5261425582942305,-0.9156496150227316,-1.125649748537136,-1.076649628374172,-0.8841498954029806,1.6638765945322724,1.3778566046468832,1.5377866128738886,1.460386605417347,-1,1,-1,1,-13,13,-13,13,-14,13,-13,14
1783308122.885647,35.0,0.0,0.0,35.0,0.0,0,10.283857861322469,10.283857861322469,10.283857861322469,10.283857861322469,13.329999923706055,13.75,14.109999656677246,12.59000015258789,-3.046142062383586,-3.4661421386775313,-3.8261417953547774,-2.306142291265422,-1.066149721834255,-1.2131497485371359,-1.339149628374172,-0.8071498019428976,1.6364613159708201,1.3466613253987854,1.5033513367156957,1.4396313247959582,-1,1,-1,1,-13,13,-13,13,-14,13,-13,14
1783308122.905587,35.0,0.0,0.0,35.0,0.0,0,10.283857861322469,10.283857861322469,10.283857861322469,10.283857861322469,13.329999923706055,13.75,14.109999656677246,12.59000015258789,-3.046142062383586,-3.4661421386775313,-3.8261417953547774,-2.306142291265422,-1.066149721834255,-1.2131497485371359,-1.339149628374172,-0.8071498019428976,1.6090460374093678,1.3154660461506875,1.4689160605575027,1.4188760441745694,-1,1,-1,1,-13,13,-13,13,-14,13,-13,14
1783308122.9255803,35.0,0.0,0.0,35.0,0.0,0,10.283857861322469,10.283857861322469,10.283857861322469,10.283857861322469,13.329999923706055,13.75,14.109999656677246,12.59000015258789,-3.046142062383586,-3.4661421386775313,-3.8261417953547774,-2.306142291265422,-1.066149721834255,-1.2131497485371359,-1.339149628374172,-0.8071498019428976,1.5816307588479155,1.2842707669025897,1.4344807843993097,1.3981207635531805,-1,1,-1,1,-13,13,-13,13,-14,13,-13,14
1783308122.9455943,35.0,0.0,0.0,35.0,0.0,0,10.283857861322469,10.283857861322469,10.283857861322469,10.283857861322469,13.40999984741211,13.699999809265137,14.630000114440918,12.65999984741211,-3.1261419860896407,-3.416141947942668,-4.346142253118449,-2.3761419860896407,-1.094149695131374,-1.1956496817799338,-1.521149788591457,-0.8316496951313742,1.5534954809731087,1.2535254893711056,1.3953655041212436,1.3767354856783738,-1,1,-1,1,-13,13,-13,13,-13,13,-13,14
1783308122.965596,35.0,0.0,0.0,35.0,0.0,0,10.283857861322469,10.283857861322469,10.283857861322469,10.283857861322469,13.40999984741211,13.699999809265137,14.630000114440918,12.65999984741211,-3.1261419860896407,-3.416141947942668,-4.346142253118449,-2.3761419860896407,-1.094149695131374,-1.1956496817799338,-1.521149788591457,-0.8316496951313742,1.525360203098302,1.2227802118396216,1.3562502238431775,1.355350207803567,-1,1,-1,1,-13,13,-13,13,-13,13,-13,14
1783308122.9856482,35.0,0.0,0.0,35.0,0.0,0,10.283857861322469,10.283857861322469,10.283857861322469,10.283857861322469,14.140000343322754,13.4399995803833,14.770000457763672,12.9399995803833,-3.856142482000285,-3.156141719060832,-4.486142596441203,-2.656141719060832,-1.3496498687000997,-1.1046496016712912,-1.570149908754421,-0.9296496016712912,1.4906549207602995,1.194374936368074,1.3158749404752066,1.3314449323320197,-1,1,-1,1,-13,13,-13,13,-13,13,-13,13
1783308123.0055857,35.0,0.0,0.0,35.0,0.0,0,10.283857861322469,10.283857861322469,10.283857861322469,10.283857861322469,14.140000343322754,13.4399995803833,14.770000457763672,12.9399995803833,-3.856142482000285,-3.156141719060832,-4.486142596441203,-2.656141719060832,-1.3496498687000997,-1.1046496016712912,-1.570149908754421,-0.9296496016712912,1.455949638422297,1.1659696608965264,1.2754996571072357,1.3075396568604722,-1,1,-1,1,-13,13,-13,13,-13,13,-13,13
1783308123.0255778,35.0,0.0,0.0,35.0,0.0,0,10.283857861322469,10.283857861322469,10.283857861322469,10.283857861322469,14.140000343322754,13.4399995803833,14.770000457763672,12.9399995803833,-3.856142482000285,-3.156141719060832,-4.486142596441203,-2.656141719060832,-1.3496498687000997,-1.1046496016712912,-1.570149908754421,-0.9296496016712912,1.4212443560842944,1.1375643854249788,1.2351243737392648,1.2836343813889248,-1,1,-1,1,-13,13,-13,13,-13,13,-13,13
1783308123.0455873,35.0,0.0,0.0,35.0,0.0,0,10.283857861322469,10.283857861322469,10.283857861322469,10.283857861322469,14.199999809265137,13.479999542236328,14.40999984741211,13.130000114440918,-3.916141947942668,-3.1961416809138594,-4.126141986089641,-2.8461422531184493,-1.3706496817799336,-1.1186495883198506,-1.4441496951313741,-0.9961497885914572,1.3859990785528105,1.108799110296754,1.197989095864458,1.2580191011108588,-1,1,-1,1,-13,13,-13,13,-13,13,-13,13
1783308123.0655854,35.0,0.0,0.0,35.0,0.0,0,10.283857861322469,10.283857861322469,10.283857861322469,10.283857861322469,14.199999809265137,13.479999542236328,14.40999984741211,13.130000114440918,-3.916141947942668,-3.1961416809138594,-4.126141986089641,-2.8461422531184493,-1.3706496817799336,-1.1186495883198506,-1.4441496951313741,-0.9961497885914572,1.3507538010213265,1.0800338351685292,1.160853817989651,1.2324038208327928,-1,1,-1,1,-13,13,-13,13,-13,13,-13,13
1783308123.0856485,35.0,0.0,0.0,35.0,0.0,0,10.283857861322469,10.283857861322469,10.283857861322469,10.283857861322469,13.789999961853027,13.970000267028809,14.170000076293945,13.039999961853027,-3.5061421005305586,-3.68614240570634,-3.8861422149714766,-2.7561421005305586,-1.2271497351856955,-1.2901498419972188,-1.3601497752400167,-0.9646497351856954,1.3191985221165514,1.0468585535171722,1.1258785380549077,1.2075985419280177,-1,1,-1,1,-13,13,-13,13,-13,13,-13,13
1783308123.1055706,35.0,0.0,0.0,35.0,0.0,0,10.283857861322469,10.283857861322469,10.283857861322469,10.283857861322469,13.789999961853027,13.970000267028809,14.170000076293945,13.039999961853027,-3.5061421005305586,-3.68614240570634,-3.8861422149714766,-2.7561421005305586,-1.2271497351856955,-1.2901498419972188,-1.3601497752400167,-0.9646497351856954,1.2876432432117764,1.013683271865815,1.0909032581201643,1.1827932630232427,-1,1,-1,1,-13,13,-13,13,-13,13,-13,13
1783308123.1255674,35.0,0.0,0.0,35.0,0.0,0,10.283857861322469,10.283857861322469,10.283857861322469,10.283857861322469,13.789999961853027,13.970000267028809,14.170000076293945,13.039999961853027,-3.5061421005305586,-3.68614240570634,-3.8861422149714766,-2.7561421005305586,-1.2271497351856955,-1.2901498419972188,-1.3601497752400167,-0.9646497351856954,1.2560879643070013,0.980507990214458,1.055927978185421,1.1579879841184677,-1,1,-1,1,-13,13,-13,13,-13,13,-13,13
1783308123.145597,35.0,0.0,0.0,35.0,0.0,0,10.283857861322469,10.283857861322469,10.283857861322469,10.283857861322469,13.949999809265137,13.399999618530273,13.760000228881836,13.199999809265137,-3.666141947942668,-3.1161417572078047,-3.4761423675593672,-2.916141947942668,-1.2831496817799337,-1.0906496150227316,-1.2166498286457785,-1.0206496817799338,1.2230926867755172,0.9524627143995877,1.0246426968773867,1.1317427065869836,-1,1,-1,1,-13,13,-13,13,-13,13,-13,13
1783308123.165583,35.0,0.0,0.0,35.0,0.0,0,10.283857861322469,10.283857861322469,10.283857861322469,10.283857861322469,13.949999809265137,13.399999618530273,13.760000228881836,13.199999809265137,-3.666141947942668,-3.1161417572078047,-3.4761423675593672,-2.916141947942668,-1.2831496817799337,-1.0906496150227316,-1.2166498286457785,-1.0206496817799338,1.190097409244033,0.9244174385847175,0.9933574155693524,1.1054974290554995,-1,1,-1,1,-13,13,-13,13,-13,13,-13,13
1783308123.1856403,35.0,0.0,0.0,35.0,0.0,0,10.283857861322469,10.283857861322469,10.283857861322469,10.283857861322469,13.619999885559082,13.449999809265137,13.479999542236328,13.09000015258789,-3.3361420242366133,-3.166141947942668,-3.1961416809138594,-2.806142291265422,-1.1676497084828146,-1.1081496817799337,-1.1186495883198506,-0.9821498019428976,1.1600721310259035,0.8959221610532334,0.9645921404411277,1.0802421484341107,-1,1,-1,1,-13,13,-13,13,-13,13,-13,13
1783308123.205575,35.0,0.0,0.0,35.0,0.0,0,10.283857861322469,10.283857861322469,10.283857861322469,10.283857861322469,13.619999885559082,13.449999809265137,13.479999542236328,13.09000015258789,-3.3361420242366133,-3.166141947942668,-3.1961416809138594,-2.806142291265422,-1.1676497084828146,-1.1081496817799337,-1.1186495883198506,-0.9821498019428976,1.1300468528077738,0.8674268835217493,0.935826865312903,1.0549868678127219,-1,1,-1,1,-13,13,-13,13,-13,13,-13,13
1783308123.2255702,35.0,0.0,0.0,35.0,0.0,0,10.283857861322469,10.283857861322469,10.283857861322469,10.283857861322469,13.619999885559082,13.449999809265137,13.479999542236328,13.09000015258789,-3.3361420242366133,-3.166141947942668,-3.1961416809138594,-2.806142291265422,-1.1676497084828146,-1.1081496817799337,-1.1186495883198506,-0.9821498019428976,1.1000215745896442,0.8389316059902653,0.9070615901846784,1.029731587191333,-1,1,-1,1,-13,13,-13,13,-13,13,-13,13
1783308123.2455754,35.0,0.0,0.0,35.0,0.0,0,10.283857861322469,10.283857861322469,10.283857861322469,10.283857861322469,13.149999618530273,13.489999771118164,13.0600004196167,12.789999961853027,-2.8661417572078047,-3.2061419097956954,-2.7761425582942305,-2.5061421005305586,-1.0031496150227317,-1.1221496684284933,-0.9716498954029806,-0.8771497351856955,1.074226298774774,0.810076328802104,0.8820763071600303,1.0071763082865581,-1,1,-1,1,-13,13,-13,13,-13,13,-13,13
1783308123.2655706,35.0,0.0,0.0,35.0,0.0,0,10.283857861322469,10.283857861322469,10.283857861322469,10.283857861322469,13.149999618530273,13.489999771118164,13.0600004196167,12.789999961853027,-2.8661417572078047,-3.2061419097956954,-2.7761425582942305,-2.5061421005305586,-1.0031496150227317,-1.1221496684284933,-0.9716498954029806,-0.8771497351856955,1.0484310229599036,0.7812210516139427,0.8570910241353822,0.9846210293817831,-1,1,-1,1,-13,13,-13,13,-13,13,-13,13
1783308123.2856371,35.0,0.0,0.0,35.0,0.0,0,10.283857861322469,10.283857861322469,10.283857861322469,10.283857861322469,13.0600004196167,12.84000015258789,12.989999771118164,12.800000190734863,-2.7761425582942305,-2.556142291265422,-2.7061419097956954,-2.5161423294123946,-0.9716498954029806,-0.8946498019428976,-0.9471496684284934,-0.8806498152943381,1.0234457399352557,0.7582157709925539,0.832735746947221,0.9619757484170716,-1,1,-1,1,-13,13,-13,13,-13,13,-13,13
1783308123.3055892,35.0,0.0,0.0,35.0,0.0,0,10.283857861322469,10.283857861322469,10.283857861322469,10.283857861322469,13.0600004196167,12.84000015258789,12.989999771118164,12.800000190734863,-2.7761425582942305,-2.556142291265422,-2.7061419097956954,-2.5161423294123946,-0.9716498954029806,-0.8946498019428976,-0.9471496684284934,-0.8806498152943381,0.9984604569106076,0.735210490371165,0.8083804697590597,0.93933046745236,-1,1,-1,1,-13,13,-13,13,-13,13,-13,13
1783308123.325609,35.0,0.0,0.0,35.0,0.0,0,10.283857861322469,10.283857861322469,10.283857861322469,10.283857861322469,13.0600004196167,12.84000015258789,12.989999771118164,12.800000190734863,-2.7761425582942305,-2.556142291265422,-2.7061419097956954,-2.5161423294123946,-0.9716498954029806,-0.8946498019428976,-0.9471496684284934,-0.8806498152943381,0.9734751738859595,0.7122052097497762,0.7840251925708985,0.9166851864876485,-1,1,-1,1,-13,13,-13,13,-13,13,-13,13
1783308123.3455849,35.0,0.0,0.0,35.0,0.0,0,10.283857861322469,10.283857861322469,10.283857861322469,10.283857861322469,12.760000228881836,12.84000015258789,12.489999771118164,12.359999656677246,-2.4761423675593672,-2.556142291265422,-2.2061419097956954,-2.0761417953547774,-0.8666498286457784,-0.8946498019428976,-0.7721496684284933,-0.726649628374172,0.9511898925779252,0.6891999291283873,0.7641699153827373,0.8979999103294555,-1,1,-1,1,-13,13,-13,13,-13,13,-13,13
1783308123.365592,35.0,0.0,0.0,35.0,0.0,0,10.283857861322469,10.283857861322469,10.283857861322469,10.283857861322469,12.760000228881836,12.84000015258789,12.489999771118164,12.359999656677246,-2.4761423675593672,-2.556142291265422,-2.2061419097956954,-2.0761417953547774,-0.8666498286457784,-0.8946498019428976,-0.7721496684284933,-0.726649628374172,0.9289046112698909,0.6661946485069985,0.744314638194576,0.8793146341712624,-1,1,-1,1,-13,13,-13,13,-13,13,-13,13
1783308123.385657,35.0,0.0,0.0,35.0,0.0,0,10.283857861322469,10.283857861322469,10.283857861322469,10.283857861322469,12.329999923706055,12.609999656677246,12.369999885559082,12.050000190734863,-2.046142062383586,-2.3261417953547774,-2.0861420242366133,-1.7661423294123946,-0.7161497218342551,-0.814149628374172,-0.7301497084828146,-0.6181498152943381,0.9104893327084386,0.6452593723488055,0.7255393599764465,0.8634193532065508,-1,1,-1,1,-13,13,-13,13,-13,13,-13,13
1783308123.4055858,35.0,0.0,0.0,35.0,0.0,0,10.283857861322469,10.283857861322469,10.283857861322469,10.283857861322469,12.329999923706055,12.609999656677246,12.369999885559082,12.050000190734863,-2.046142062383586,-2.3261417953547774,-2.0861420242366133,-1.7661423294123946,-0.7161497218342551,-0.814149628374172,-0.7301497084828146,-0.6181498152943381,0.8920740541469863,0.6243240961906125,0.706764081758317,0.8475240722418392,-1,1,-1,1,-13,13,-13,13,-13,13,-13,13
1783308123.4256368,35.0,0.0,0.0,35.0,0.0,0,10.283857861322469,10.283857861322469,10.283857861322469,10.283857861322469,12.329999923706055,12.609999656677246,12.369999885559082,12.050000190734863,-2.046142062383586,-2.3261417953547774,-2.0861420242366133,-1.7661423294123946,-0.7161497218342551,-0.814149628374172,-0.7301497084828146,-0.6181498152943381,0.873658775585534,0.6033888200324194,0.6879888035401874,0.8316287912771276,-1,1,-1,1,-13,13,-13,13,-13,13,-13,13
1783308123.4455898,35.0,0.0,0.0,35.0,0.0,0,10.283857861322469,10.283857861322469,10.283857861322469,10.283857861322469,12.25,12.680000305175781,12.279999732971191,12.279999732971191,-1.9661421386775313,-2.3961424438533125,-1.9961418716487227,-1.9961418716487227,-0.688149748537136,-0.8386498553486593,-0.6986496550770529,-0.6986496550770529,0.8559634963374362,0.5818235380377397,0.6700235266953489,0.8136635144322891,-1,1,-1,1,-13,13,-13,13,-13,13,-13,13
1783308123.4656034,35.0,0.0,0.0,35.0,0.0,0,10.283857861322469,10.283857861322469,10.283857861322469,10.283857861322469,12.25,12.680000305175781,12.279999732971191,12.279999732971191,-1.9661421386775313,-2.3961424438533125,-1.9961418716487227,-1.9961418716487227,-0.688149748537136,-0.8386498553486593,-0.6986496550770529,-0.6986496550770529,0.8382682170893384,0.5602582560430599,0.6520582498505104,0.7956982375874506,-1,1,-1,1,-13,13,-13,13,-13,13,-13,13
1783308123.48565,35.0,0.0,0.0,35.0,0.0,0,10.283857861322469,10.283857861322469,10.283857861322469,10.283857861322469,12.430000305175781,12.270000457763672,12.220000267028809,12.220000267028809,-2.1461424438533125,-1.9861425964412032,-1.9361424057063399,-1.9361424057063399,-0.7511498553486593,-0.6951499087544211,-0.6776498419972189,-0.6776498419972189,0.8189529350946586,0.5423829726750891,0.6346329681991534,0.7782729559360936,-1,1,-1,1,-13,13,-13,13,-13,13,-13,13
1783308123.5056,35.0,0.0,0.0,35.0,0.0,0,10.283857861322469,10.283857861322469,10.283857861322469,10.283857861322469,12.430000305175781,12.270000457763672,12.220000267028809,12.220000267028809,-2.1461424438533125,-1.9861425964412032,-1.9361424057063399,-1.9361424057063399,-0.7511498553486593,-0.6951499087544211,-0.6776498419972189,-0.6776498419972189,0.7996376530999788,0.5245076893071182,0.6172076865477963,0.7608476742847365,-1,1,-1,1,-13,13,-13,13,-13,13,-13,13
1783308123.5255988,35.0,0.0,0.0,35.0,0.0,0,10.283857861322469,10.283857861322469,10.283857861322469,10.283857861322469,12.430000305175781,12.270000457763672,12.220000267028809,12.220000267028809,-2.1461424438533125,-1.9861425964412032,-1.9361424057063399,-1.9361424057063399,-0.7511498553486593,-0.6951499087544211,-0.6776498419972189,-0.6776498419972189,0.780322371105299,0.5066324059391474,0.5997824048964393,0.7434223926333795,-1,1,-1,1,-13,13,-13,13,-13,13,-13,13
1783308123.5455918,35.0,0.0,0.0,35.0,0.0,0,10.283857861322469,10.283857861322469,10.283857861322469,10.283857861322469,12.319999694824219,12.4399995803833,12.180000305175781,11.949999809265137,-2.03614183350175,-2.156141719060832,-1.8961424438533125,-1.666141947942668,-0.7126496417256125,-0.7546496016712911,-0.6636498553486594,-0.5831496817799338,0.7619970946037833,0.4872271304675999,0.5827171229017595,0.7284271151018955,-1,1,-1,1,-13,13,-13,13,-13,13,-13,13
1783308123.565598,35.0,0.0,0.0,35.0,0.0,0,10.283857861322469,10.283857861322469,10.283857861322469,10.283857861322469,12.319999694824219,12.4399995803833,12.180000305175781,11.949999809265137,-2.03614183350175,-2.156141719060832,-1.8961424438533125,-1.666141947942668,-0.7126496417256125,-0.7546496016712911,-0.6636498553486594,-0.5831496817799338,0.7436718181022676,0.46782185499605244,0.5656518409070797,0.7134318375704115,-1,1,-1,1,-13,13,-13,13,-13,13,-13,13
1783308123.5856552,35.0,0.0,0.0,35.0,0.0,0,10.283857861322469,10.283857861322469,10.283857861322469,10.283857861322469,12.020000457763672,12.329999923706055,12.149999618530273,12.210000038146973,-1.7361425964412032,-2.046142062383586,-1.8661417572078047,-1.926142176824504,-0.607649908754421,-0.7161497218342551,-0.6531496150227316,-0.6741497618885763,0.7280465347342967,0.4494065764346002,0.5488565650922094,0.696096557978991,-1,1,-1,1,-13,13,-13,13,-13,13,-13,13
1783308123.6055973,35.0,0.0,0.0,35.0,0.0,0,10.283857861322469,10.283857861322469,10.283857861322469,10.283857861322469,12.020000457763672,12.329999923706055,12.149999618530273,12.210000038146973,-1.7361425964412032,-2.046142062383586,-1.8661417572078047,-1.926142176824504,-0.607649908754421,-0.7161497218342551,-0.6531496150227316,-0.6741497618885763,0.7124212513663258,0.43099129787314794,0.5320612892773391,0.6787612783875704,-1,1,-1,1,-13,13,-13,13,-13,13,-13,13
1783308123.6255932,35.0,0.0,0.0,35.0,0.0,0,10.283857861322469,10.283857861322469,10.283857861322469,10.283857861322469,12.020000457763672,12.329999923706055,12.149999618530273,12.210000038146973,-1.7361425964412032,-2.046142062383586,-1.8661417572078047,-1.926142176824504,-0.607649908754421,-0.7161497218342551,-0.6531496150227316,-0.6741497618885763,0.696795967998355,0.4125760193116957,0.5152660134624688,0.6614259987961498,-1,1,-1,1,-13,13,-13,13,-13,13,-13,13
1783308123.6456015,35.0,0.0,0.0,35.0,0.0,0,10.283857861322469,10.283857861322469,10.283857861322469,10.283857861322469,12.260000228881836,12.710000038146973,12.350000381469727,11.949999809265137,-1.9761423675593672,-2.426142176824504,-2.066142520147258,-1.666141947942668,-0.6916498286457785,-0.8491497618885764,-0.7231498820515402,-0.5831496817799338,0.6790106866903207,0.3907407397202751,0.4966707307811435,0.6464307212646658,-1,1,-1,1,-13,13,-13,13,-13,13,-13,13
1783308123.665601,35.0,0.0,0.0,35.0,0.0,0,10.283857861322469,10.283857861322469,10.283857861322469,10.283857861322469,12.260000228881836,12.710000038146973,12.350000381469727,11.949999809265137,-1.9761423675593672,-2.426142176824504,-2.066142520147258,-1.666141947942668,-0.6916498286457785,-0.8491497618885764,-0.7231498820515402,-0.5831496817799338,0.6612254053822864,0.3689054601288546,0.47807544809981817,0.6314354437331818,-1,1,-1,1,-13,13,-13,13,-13,13,-13,13
1783308123.685662,35.0,0.0,0.0,35.0,0.0,0,10.283857861322469,10.283857861322469,10.283857861322469,10.283857861322469,11.75,12.970000267028809,12.270000457763672,11.979999542236328,-1.4661421386775313,-2.68614240570634,-1.9861425964412032,-1.6961416809138594,-0.5131497485371359,-0.9401498419972188,-0.6951499087544211,-0.5936495883198507,0.6480301261341885,0.34473017847749754,0.4602001647318473,0.6161701686049571,-1,1,-1,1,-13,13,-13,13,-13,12,-13,13
1783308123.7056,35.0,0.0,0.0,35.0,0.0,0,10.283857861322469,10.283857861322469,10.283857861322469,10.283857861322469,11.75,12.970000267028809,12.270000457763672,11.979999542236328,-1.4661421386775313,-2.68614240570634,-1.9861425964412032,-1.6961416809138594,-0.5131497485371359,-0.9401498419972188,-0.6951499087544211,-0.5936495883198507,0.6348348468860907,0.32055489682614047,0.4423248813638765,0.6009048934767324,-1,1,-1,1,-13,13,-13,13,-13,12,-13,13
1783308123.7255929,35.0,0.0,0.0,35.0,0.0,0,10.283857861322469,10.283857861322469,10.283857861322469,10.283857861322469,11.75,12.970000267028809,12.270000457763672,11.979999542236328,-1.4661421386775313,-2.68614240570634,-1.9861425964412032,-1.6961416809138594,-0.5131497485371359,-0.9401498419972188,-0.6951499087544211,-0.5936495883198507,0.6216395676379929,0.2963796151747834,0.42444959799590565,0.5856396183485076,-1,1,-1,1,-13,13,-13,13,-13,12,-13,13
1783308123.7456105,35.0,0.0,0.0,35.0,0.0,0,10.283857861322469,10.283857861322469,10.283857861322469,10.283857861322469,12.079999923706055,12.699999809265137,12.210000038146973,12.239999771118164,-1.796142062383586,-2.416141947942668,-1.926142176824504,-1.9561419097956954,-0.628649721834255,-0.8456496817799337,-0.6741497618885763,-0.6846496684284933,0.6054742890765407,0.27463433764329936,0.4071143184044851,0.5680343411603463,-1,1,-1,1,-13,13,-13,13,-13,12,-13,13
1783308123.7656026,35.0,0.0,0.0,35.0,0.0,0,10.283857861322469,10.283857861322469,10.283857861322469,10.283857861322469,12.079999923706055,12.699999809265137,12.210000038146973,12.239999771118164,-1.796142062383586,-2.416141947942668,-1.926142176824504,-1.9561419097956954,-0.628649721834255,-0.8456496817799337,-0.6741497618885763,-0.6846496684284933,0.5893090105150884,0.25288906011181533,0.3897790388130645,0.550429063972185,-1,1,-1,1,-13,13,-13,13,-13,12,-13,13
1783308123.7856572,35.0,0.0,0.0,35.0,0.0,0,10.283857861322469,10.283857861322469,10.283857861322469,10.283857861322469,12.079999923706055,12.739999771118164,12.170000076293945,12.1899995803833,-1.796142062383586,-2.4561419097956954,-1.8861422149714766,-1.906141719060832,-0.628649721834255,-0.8596496684284933,-0.6601497752400167,-0.6671496016712912,0.5731437319536362,0.23078378292365406,0.37280375887832123,0.5332737885006376,-1,1,-1,1,-13,13,-13,13,-13,12,-13,13
1783308123.8055954,35.0,0.0,0.0,35.0,0.0,0,10.283857861322469,10.283857861322469,10.283857861322469,10.283857861322469,12.079999923706055,12.739999771118164,12.170000076293945,12.1899995803833,-1.796142062383586,-2.4561419097956954,-1.8861422149714766,-1.906141719060832,-0.628649721834255,-0.8596496684284933,-0.6601497752400167,-0.6671496016712912,0.556978453392184,0.2086785057354928,0.35582847894357794,0.5161185130290901,-1,1,-1,1,-13,13,-13,13,-13,12,-13,13
1783308123.8255897,35.0,0.0,0.0,35.0,0.0,0,10.283857861322469,10.283857861322469,10.283857861322469,10.283857861322469,12.079999923706055,12.739999771118164,12.170000076293945,12.1899995803833,-1.796142062383586,-2.4561419097956954,-1.8861422149714766,-1.906141719060832,-0.628649721834255,-0.8596496684284933,-0.6601497752400167,-0.6671496016712912,0.5408131748307318,0.18657322854733152,0.33885319900883465,0.49896323755754257,-1,1,-1,1,-13,13,-13,13,-13,12,-13,13
1783308123.8456006,35.0,0.0,0.0,35.0,0.0,0,10.283857861322469,10.283857861322469,10.283857861322469,10.283857861322469,11.850000381469727,12.770000457763672,12.369999885559082,12.15999984741211,-1.5661425201472579,-2.486142596441203,-2.0861420242366133,-1.8761419860896407,-0.5481498820515402,-0.8701499087544211,-0.7301497084828146,-0.6566496951313742,0.5267178921494065,0.1641979451793607,0.32007792079070513,0.4820779596827358,-1,1,-1,1,-13,13,-13,13,-13,12,-13,13
1783308123.865591,35.0,0.0,0.0,35.0,0.0,0,10.283857861322469,10.283857861322469,10.283857861322469,10.283857861322469,11.850000381469727,12.770000457763672,12.369999885559082,12.15999984741211,-1.5661425201472579,-2.486142596441203,-2.0861420242366133,-1.8761419860896407,-0.5481498820515402,-0.8701499087544211,-0.7301497084828146,-0.6566496951313742,0.5126226094680811,0.14182266181138986,0.3013026425725756,0.46519268180792905,-1,1,-1,1,-13,13,-13,13,-13,12,-13,13
1783308123.8856635,35.0,0.0,0.0,35.0,0.0,0,10.283857861322469,10.283857861322469,10.283857861322469,10.283857861322469,12.140000343322754,12.5600004196167,12.279999732971191,12.359999656677246,-1.8561424820002852,-2.2761425582942305,-1.9961418716487227,-2.0761417953547774,-0.6496498687000998,-0.7966498954029806,-0.6986496550770529,-0.726649628374172,0.4959173271300786,0.12133737878674178,0.2833373657277371,0.44650740564973607,-1,1,-1,1,-13,13,-13,13,-13,12,-13,13
1783308123.9055884,35.0,0.0,0.0,35.0,0.0,0,10.283857861322469,10.283857861322469,10.283857861322469,10.283857861322469,12.140000343322754,12.5600004196167,12.279999732971191,12.359999656677246,-1.8561424820002852,-2.2761425582942305,-1.9961418716487227,-2.0761417953547774,-0.6496498687000998,-0.7966498954029806,-0.6986496550770529,-0.726649628374172,0.479212044792076,0.1008520957620937,0.2653720888828986,0.4278221294915431,-1,1,-1,1,-13,13,-13,13,-13,12,-13,13
1783308123.925587,35.0,0.0,0.0,35.0,0.0,0,10.283857861322469,10.283857861322469,10.283857861322469,10.283857861322469,12.140000343322754,12.5600004196167,12.279999732971191,12.359999656677246,-1.8561424820002852,-2.2761425582942305,-1.9961418716487227,-2.0761417953547774,-0.6496498687000998,-0.7966498954029806,-0.6986496550770529,-0.726649628374172,0.46250676245407346,0.08036681273744561,0.2474068120380601,0.4091368533333501,-1,1,-1,1,-13,13,-13,13,-13,12,-13,13
1783308123.9455986,35.0,0.0,0.0,35.0,0.0,0,10.283857861322469,10.283857861322469,10.283857861322469,10.283857861322469,12.350000381469727,12.40999984741211,11.989999771118164,12.5,-2.066142520147258,-2.1261419860896407,-1.7061419097956954,-2.2161421386775313,-0.7231498820515402,-0.7441496951313742,-0.5971496684284934,-0.7756497485371359,0.44391147977274814,0.061231534862638846,0.23205153484989882,0.3891915740852523,-1,1,-1,1,-13,13,-13,13,-13,12,-13,13
1783308123.965606,35.0,0.0,0.0,35.0,0.0,0,10.283857861322469,10.283857861322469,10.283857861322469,10.283857861322469,12.350000381469727,12.40999984741211,11.989999771118164,12.5,-2.066142520147258,-2.1261419860896407,-1.7061419097956954,-2.2161421386775313,-0.7231498820515402,-0.7441496951313742,-0.5971496684284934,-0.7756497485371359,0.4253161970914228,0.04209625698783208,0.21669625766173756,0.3692462948371545,-1,1,-1,1,-13,13,-13,13,-13,12,-13,13
1783308123.9856775,35.0,0.0,0.0,35.0,0.0,0,10.283857861322469,10.283857861322469,10.283857861322469,10.283857861322469,12.039999961853027,12.539999961853027,12.239999771118164,12.369999885559082,-1.7561421005305586,-2.2561421005305586,-1.9561419097956954,-2.0861420242366133,-0.6146497351856954,-0.7896497351856955,-0.6846496684284933,-0.7301497084828146,0.4095109181866478,0.021790978083057046,0.1990909804735763,0.35047101661902497,-1,1,-1,1,-13,13,-13,13,-13,12,-13,13
1783308124.005592,35.0,0.0,0.0,35.0,0.0,0,10.283857861322469,10.283857861322469,10.283857861322469,10.283857861322469,12.039999961853027,12.539999961853027,12.239999771118164,12.369999885559082,-1.7561421005305586,-2.2561421005305586,-1.9561419097956954,-2.0861420242366133,-0.6146497351856954,-0.7896497351856955,-0.6846496684284933,-0.7301497084828146,0.3937056392818728,0.0014856991782820142,0.18148570328541502,0.33169573840089545,-1,1,-1,1,-13,13,-13,13,-13,12,-12,13
1783308124.025595,35.0,0.0,0.0,35.0,0.0,0,10.283857861322469,10.283857861322469,10.283857861322469,10.283857861322469,12.039999961853027,12.539999961853027,12.239999771118164,12.369999885559082,-1.7561421005305586,-2.2561421005305586,-1.9561419097956954,-2.0861420242366133,-0.6146497351856954,-0.7896497351856955,-0.6846496684284933,-0.7301497084828146,0.3779003603770978,-0.018819579726493018,0.16388042609725376,0.3129204601827659,-1,1,-1,1,-13,13,-13,13,-13,12,-12,13
1783308124.0455825,35.0,0.0,0.0,35.0,0.0,0,10.283857861322469,10.283857861322469,10.283857861322469,10.283857861322469,12.729999542236328,12.630000114440918,12.649999618530273,12.739999771118164,-2.4461416809138594,-2.3461422531184493,-2.3661417572078047,-2.4561419097956954,-0.8561495883198508,-0.8211497885914572,-0.8281496150227317,-0.8596496684284933,0.3558850852488731,-0.039934860004559064,0.1425851502823835,0.2908151829946047,-1,1,-1,1,-13,13,-13,13,-12,12,-12,12
1783308124.0655906,35.0,0.0,0.0,35.0,0.0,0,10.283857861322469,10.283857861322469,10.283857861322469,10.283857861322469,12.729999542236328,12.630000114440918,12.649999618530273,12.739999771118164,-2.4461416809138594,-2.3461422531184493,-2.3661417572078047,-2.4561419097956954,-0.8561495883198508,-0.8211497885914572,-0.8281496150227317,-0.8596496684284933,0.33386981012064837,-0.06105014028262511,0.12128987446751326,0.26870990580644344,-1,1,-1,1,-13,13,-13,13,-12,12,-12,12
1783308124.0856879,35.0,0.0,0.0,35.0,0.0,0,10.283857861322469,10.283857861322469,10.283857861322469,10.283857861322469,12.760000228881836,12.460000038146973,12.699999809265137,12.09000015258789,-2.4761423675593672,-2.176142176824504,-2.416141947942668,-1.806142291265422,-0.8666498286457784,-0.7616497618885764,-0.8456496817799337,-0.6321498019428976,0.31158452881261406,-0.08063541987404564,0.09954459693602924,0.2524546251850546,-1,1,-1,1,-13,13,-13,13,-12,12,-12,13
1783308124.1055882,35.0,0.0,0.0,35.0,0.0,0,10.283857861322469,10.283857861322469,10.283857861322469,10.283857861322469,12.760000228881836,12.460000038146973,12.699999809265137,12.09000015258789,-2.4761423675593672,-2.176142176824504,-2.416141947942668,-1.806142291265422,-0.8666498286457784,-0.7616497618885764,-0.8456496817799337,-0.6321498019428976,0.28929924750457975,-0.10022069946546618,0.07779931940454522,0.23619934456366581,-1,1,-1,1,-13,13,-13,13,-12,12,-12,13
1783308124.1255903,35.0,0.0,0.0,35.0,0.0,0,10.283857861322469,10.283857861322469,10.283857861322469,10.283857861322469,12.760000228881836,12.460000038146973,12.699999809265137,12.09000015258789,-2.4761423675593672,-2.176142176824504,-2.416141947942668,-1.806142291265422,-0.8666498286457784,-0.7616497618885764,-0.8456496817799337,-0.6321498019428976,0.26701396619654544,-0.11980597905688671,0.056054041873061206,0.219944063942277,-1,1,-1,1,-13,13,-13,13,-12,12,-12,13
1783308124.1455867,35.0,0.0,0.0,35.0,0.0,0,10.283857861322469,10.283857861322469,10.283857861322469,10.283857861322469,12.779999732971191,12.350000381469727,13.1899995803833,11.630000114440918,-2.4961418716487227,-2.066142520147258,-2.906141719060832,-1.3461422531184493,-0.873649655077053,-0.7231498820515402,-1.017149601671291,-0.47114978859145723,0.24454868935170693,-0.13840126173821204,0.02989876640151372,0.20782878366421095,-1,1,-1,1,-13,13,-13,13,-12,12,-12,13
1783308124.1655881,35.0,0.0,0.0,35.0,0.0,0,10.283857861322469,10.283857861322469,10.283857861322469,10.283857861322469,12.779999732971191,12.350000381469727,13.1899995803833,11.630000114440918,-2.4961418716487227,-2.066142520147258,-2.906141719060832,-1.3461422531184493,-0.873649655077053,-0.7231498820515402,-1.017149601671291,-0.47114978859145723,0.22208341250686842,-0.15699654441953736,0.003743490929966231,0.1957135033861449,-1,1,-1,1,-13,13,-13,13,-12,12,-12,13
1783308124.185663,35.0,0.0,0.0,35.0,0.0,0,10.283857861322469,10.283857861322469,10.283857861322469,10.283857861322469,13.020000457763672,11.8100004196167,13.539999961853027,11.539999961853027,-2.736142596441203,-1.5261425582942305,-3.2561421005305586,-1.2561421005305586,-0.957649908754421,-0.5341498954029806,-1.1396497351856953,-0.4396497351856955,0.1974581291388976,-0.17073182744418544,-0.0255617879748088,0.18440822448136987,-1,1,-1,1,-13,13,-13,13,-12,12,-12,13
1783308124.2055845,35.0,0.0,0.0,35.0,0.0,0,10.283857861322469,10.283857861322469,10.283857861322469,10.283857861322469,13.020000457763672,11.8100004196167,13.539999961853027,11.539999961853027,-2.736142596441203,-1.5261425582942305,-3.2561421005305586,-1.2561421005305586,-0.957649908754421,-0.5341498954029806,-1.1396497351856953,-0.4396497351856955,0.17283284577092678,-0.18446711046883352,-0.05486706687958383,0.17310294557659484,-1,1,-1,1,-13,13,-13,13,-12,12,-12,13
1783308124.22558,35.0,0.0,0.0,35.0,0.0,0,10.283857861322469,10.283857861322469,10.283857861322469,10.283857861322469,13.020000457763672,11.8100004196167,13.539999961853027,11.539999961853027,-2.736142596441203,-1.5261425582942305,-3.2561421005305586,-1.2561421005305586,-0.957649908754421,-0.5341498954029806,-1.1396497351856953,-0.4396497351856955,0.14820756240295596,-0.1982023934934816,-0.08417234578435887,0.1617976666718198,-1,1,-1,1,-13,13,-13,13,-12,12,-12,13
1783308124.2455845,35.0,0.0,0.0,35.0,0.0,0,10.283857861322469,10.283857861322469,10.283857861322469,10.283857861322469,12.739999771118164,11.890000343322754,13.100000381469727,11.470000267028809,-2.4561419097956954,-1.6061424820002852,-2.816142520147258,-1.1861424057063399,-0.8596496684284933,-0.5621498687000998,-0.9856498820515401,-0.41514984199721894,0.1261022852147947,-0.21265767583148415,-0.10951762846568419,0.15112238502046274,-1,1,-1,1,-13,13,-13,13,-12,12,-12,13
1783308124.2655861,35.0,0.0,0.0,35.0,0.0,0,10.283857861322469,10.283857861322469,10.283857861322469,10.283857861322469,12.739999771118164,11.890000343322754,13.100000381469727,11.470000267028809,-2.4561419097956954,-1.6061424820002852,-2.816142520147258,-1.1861424057063399,-0.8596496684284933,-0.5621498687000998,-0.9856498820515401,-0.41514984199721894,0.10399700802663343,-0.2271129581694867,-0.13486291114700952,0.14044710336910568,-1,1,-1,1,-13,13,-13,13,-12,12,-12,13
1783308124.2856612,35.0,0.0,0.0,35.0,0.0,0,10.283857861322469,10.283857861322469,10.283857861322469,10.283857861322469,12.3100004196167,12.170000076293945,12.569999694824219,11.649999618530273,-2.0261425582942305,-1.8861422149714766,-2.28614183350175,-1.3661417572078047,-0.7091498954029807,-0.6601497752400167,-0.8001496417256124,-0.4781496150227316,0.08576172500198535,-0.24408823810423,-0.15543818764852527,0.12815182755423543,-1,1,-1,1,-13,13,-13,13,-12,12,-12,13
1783308124.3055918,35.0,0.0,0.0,35.0,0.0,0,10.283857861322469,10.283857861322469,10.283857861322469,10.283857861322469,12.3100004196167,12.170000076293945,12.569999694824219,11.649999618530273,-2.0261425582942305,-1.8861422149714766,-2.28614183350175,-1.3661417572078047,-0.7091498954029807,-0.6601497752400167,-0.8001496417256124,-0.4781496150227316,0.06752644197733727,-0.26106351803897326,-0.17601346415004102,0.11585655173936518,-1,1,-1,1,-13,13,-13,13,-12,12,-12,13
1783308124.3255844,35.0,0.0,0.0,35.0,0.0,0,10.283857861322469,10.283857861322469,10.283857861322469,10.283857861322469,12.3100004196167,12.170000076293945,12.569999694824219,11.649999618530273,-2.0261425582942305,-1.8861422149714766,-2.28614183350175,-1.3661417572078047,-0.7091498954029807,-0.6601497752400167,-0.8001496417256124,-0.4781496150227316,0.04929115895268919,-0.27803879797371656,-0.19658874065155676,0.10356127592449493,-1,1,-1,1,-13,13,-13,13,-12,12,-12,13
1783308124.345589,35.0,0.0,0.0,35.0,0.0,0,10.283857861322469,10.283857861322469,10.283857861322469,10.283857861322469,12.020000457763672,12.140000343322754,11.970000267028809,11.779999732971191,-1.7361425964412032,-1.8561424820002852,-1.6861424057063399,-1.4961418716487227,-0.607649908754421,-0.6496498687000998,-0.5901498419972189,-0.523649655077053,0.03366587558471837,-0.2947440803117191,-0.21176402230291383,0.09009599907965643,-1,1,-1,1,-13,13,-13,13,-12,12,-12,13
1783308124.3655913,35.0,0.0,0.0,35.0,0.0,0,10.283857861322469,10.283857861322469,10.283857861322469,10.283857861322469,12.020000457763672,12.140000343322754,11.970000267028809,11.779999732971191,-1.7361425964412032,-1.8561424820002852,-1.6861424057063399,-1.4961418716487227,-0.607649908754421,-0.6496498687000998,-0.5901498419972189,-0.523649655077053,0.01804059221674754,-0.3114493626497217,-0.2269393039542709,0.07663072223481793,-1,1,-1,1,-13,13,-13,13,-12,12,-12,13
1783308124.3856537,35.0,0.0,0.0,35.0,0.0,0,10.283857861322469,10.283857861322469,10.283857861322469,10.283857861322469,11.8100004196167,11.899999618530273,11.770000457763672,12.09000015258789,-1.5261425582942305,-1.6161417572078047,-1.4861425964412032,-1.806142291265422,-0.5341498954029806,-0.5656496150227316,-0.5201499087544211,-0.6321498019428976,0.004305309192099465,-0.3259946384645919,-0.24031458732224173,0.06037544161342913,-1,1,-1,1,-13,13,-13,13,-12,12,-12,12
1783308124.4056017,35.0,0.0,0.0,35.0,0.0,0,10.283857861322469,10.283857861322469,10.283857861322469,10.283857861322469,11.8100004196167,11.899999618530273,11.770000457763672,12.09000015258789,-1.5261425582942305,-1.6161417572078047,-1.4861425964412032,-1.806142291265422,-0.5341498954029806,-0.5656496150227316,-0.5201499087544211,-0.6321498019428976,-0.009429973832548611,-0.3405399142794622,-0.25368987069021254,0.04412016099204033,-1,1,-1,1,-13,13,-13,13,-12,12,-12,12
1783308124.42558,35.0,0.0,0.0,35.0,0.0,0,10.283857861322469,10.283857861322469,10.283857861322469,10.283857861322469,11.8100004196167,11.899999618530273,11.770000457763672,12.09000015258789,-1.5261425582942305,-1.6161417572078047,-1.4861425964412032,-1.806142291265422,-0.5341498954029806,-0.5656496150227316,-0.5201499087544211,-0.6321498019428976,-0.023165256857196687,-0.3550851900943324,-0.2670651540581834,0.027864880370651532,-1,1,-1,1,-13,13,-13,13,-12,12,-12,12
1783308124.445602,35.0,0.0,0.0,35.0,0.0,0,10.283857861322469,10.283857861322469,10.283857861322469,10.283857861322469,10.979999542236328,11.949999809265137,11.180000305175781,11.640000343322754,-0.6961416809138594,-1.666141947942668,-0.8961424438533125,-1.3561424820002852,-0.24364958831985079,-0.5831496817799338,-0.31364985534865936,-0.4746498687000998,-0.02943053198542142,-0.3700804676258164,-0.2751304360528632,0.015659598032648964,-1,1,-1,1,-13,13,-13,13,-13,12,-12,13
1783308124.4655926,35.0,0.0,0.0,35.0,0.0,0,10.283857861322469,10.283857861322469,10.283857861322469,10.283857861322469,10.979999542236328,11.949999809265137,11.180000305175781,11.640000343322754,-0.6961416809138594,-1.666141947942668,-0.8961424438533125,-1.3561424820002852,-0.24364958831985079,-0.5831496817799338,-0.31364985534865936,-0.4746498687000998,-0.03569580711364616,-0.3850757451573004,-0.283195718047543,0.0034543156946463954,-1,1,-1,1,-13,13,-13,13,-13,12,-12,13
1783308124.485672,35.0,0.0,0.0,35.0,0.0,0,10.283857861322469,10.283857861322469,10.283857861322469,10.283857861322469,10.630000114440918,11.3100004196167,11.0,11.09000015258789,-0.34614225311844926,-1.0261425582942305,-0.7161421386775313,-0.8061422912654219,-0.12114978859145724,-0.35914989540298065,-0.25064974853713595,-0.2821498019428976,-0.0388110873917122,-0.3943110281819485,-0.2896409972956408,-0.003800964926742402,-1,1,-1,1,-13,13,-13,13,-13,12,-12,13
1783308124.5055907,35.0,0.0,0.0,35.0,0.0,0,10.283857861322469,10.283857861322469,10.283857861322469,10.283857861322469,10.630000114440918,11.3100004196167,11.0,11.09000015258789,-0.34614225311844926,-1.0261425582942305,-0.7161421386775313,-0.8061422912654219,-0.12114978859145724,-0.35914989540298065,-0.25064974853713595,-0.2821498019428976,-0.04192636766977824,-0.4035463112065966,-0.2960862765437386,-0.0110562455481312,-1,1,-1,1,-13,13,-13,13,-13,12,-12,13
1783308124.5256057,35.0,0.0,0.0,35.0,0.0,0,10.283857861322469,10.283857861322469,10.283857861322469,10.283857861322469,10.630000114440918,11.3100004196167,11.0,11.09000015258789,-0.34614225311844926,-1.0261425582942305,-0.7161421386775313,-0.8061422912654219,-0.12114978859145724,-0.35914989540298065,-0.25064974853713595,-0.2821498019428976,-0.04504164794784428,-0.4127815942312447,-0.3025315557918364,-0.018311526169519997,-1,1,-1,1,-13,13,-13,13,-13,12,-12,13
1783308124.5455844,35.0,0.0,0.0,35.0,0.0,0,10.283857861322469,10.283857861322469,10.283857861322469,10.283857861322469,10.609999656677246,10.859999656677246,10.640000343322754,10.479999542236328,-0.3261417953547774,-0.5761417953547774,-0.3561424820002852,-0.19614168091385942,-0.11414962837417207,-0.20164962837417208,-0.12464986870009981,-0.0686495883198508,-0.04797692410603727,-0.4179668703894377,-0.30573683812983893,-0.02007680129774473,-1,1,-1,1,-13,13,-13,13,-13,12,-13,13
1783308124.565614,35.0,0.0,0.0,35.0,0.0,0,10.283857861322469,10.283857861322469,10.283857861322469,10.283857861322469,10.609999656677246,10.859999656677246,10.640000343322754,10.479999542236328,-0.3261417953547774,-0.5761417953547774,-0.3561424820002852,-0.19614168091385942,-0.11414962837417207,-0.20164962837417208,-0.12464986870009981,-0.0686495883198508,-0.05091220026423027,-0.42315214654763067,-0.3089421204678415,-0.021842076425969463,-1,1,-1,1,-13,13,-13,13,-13,12,-13,13
1783308124.5856771,35.0,0.0,0.0,35.0,0.0,0,10.283857861322469,10.283857861322469,10.283857861322469,10.283857861322469,9.920000076293945,11.0,10.170000076293945,10.510000228881836,0.3638577850285234,-0.7161421386775313,0.1138577850285234,-0.22614236755936723,0.12735022475998317,-0.25064974853713595,0.039850224759983184,-0.07914982864577852,-0.047637480198973556,-0.42959742579572846,-0.30791740040258475,-0.02387735773400377,-1,1,-1,1,-13,13,-13,13,-13,12,-13,13
1783308124.6055958,35.0,0.0,0.0,35.0,0.0,0,10.283857861322469,10.283857861322469,10.283857861322469,10.283857861322469,9.920000076293945,11.0,10.170000076293945,10.510000228881836,0.3638577850285234,-0.7161421386775313,0.1138577850285234,-0.22614236755936723,0.12735022475998317,-0.25064974853713595,0.039850224759983184,-0.07914982864577852,-0.044362760133716844,-0.43604270504382625,-0.306892680337328,-0.025912639042038076,-1,1,-1,1,-13,13,-13,13,-13,12,-13,13
1783308124.6255987,35.0,0.0,0.0,35.0,0.0,0,10.283857861322469,10.283857861322469,10.283857861322469,10.283857861322469,9.920000076293945,11.0,10.170000076293945,10.510000228881836,0.3638577850285234,-0.7161421386775313,0.1138577850285234,-0.22614236755936723,0.12735022475998317,-0.25064974853713595,0.039850224759983184,-0.07914982864577852,-0.04108804006846013,-0.44248798429192404,-0.3058679602720713,-0.027947920350072382,-1,1,-1,1,-13,13,-13,13,-13,12,-13,13
1783308124.6456,35.0,0.0,0.0,35.0,0.0,0,10.283857861322469,10.283857861322469,10.283857861322469,10.283857861322469,9.890000343322754,11.09000015258789,10.0600004196167,10.300000190734863,0.3938575179997148,-0.8061422912654219,0.2238574417057695,-0.016142329412394574,0.13785013129990017,-0.2821498019428976,0.07835010459701931,-0.005649815294338101,-0.0375433224064627,-0.44974326491331285,-0.30385324329671937,-0.028093201314783933,-1,1,-1,1,-13,13,-13,13,-13,12,-13,13
1783308124.6655917,35.0,0.0,0.0,35.0,0.0,0,10.283857861322469,10.283857861322469,10.283857861322469,10.283857861322469,9.890000343322754,11.09000015258789,10.0600004196167,10.300000190734863,0.3938575179997148,-0.8061422912654219,0.2238574417057695,-0.016142329412394574,0.13785013129990017,-0.2821498019428976,0.07835010459701931,-0.005649815294338101,-0.03399860474446527,-0.45699854553470165,-0.30183852632136743,-0.028238482279495485,-1,1,-1,1,-13,13,-13,13,-13,12,-13,13
1783308124.685655,35.0,0.0,0.0,35.0,0.0,0,10.283857861322469,10.283857861322469,10.283857861322469,10.283857861322469,9.859999656677246,10.479999542236328,10.210000038146973,10.149999618530273,0.4238582046452226,-0.19614168091385942,0.07385782317549605,0.13385824279219527,0.1483503716258279,-0.0686495883198508,0.025850238111423618,0.046850384977268344,-0.030183880902658264,-0.45876382066292637,-0.301173805912788,-0.02703375809436573,-1,1,-1,1,-13,13,-13,13,-13,12,-13,13
1783308124.7055933,35.0,0.0,0.0,35.0,0.0,0,10.283857861322469,10.283857861322469,10.283857861322469,10.283857861322469,9.859999656677246,10.479999542236328,10.210000038146973,10.149999618530273,0.4238582046452226,-0.19614168091385942,0.07385782317549605,0.13385824279219527,0.1483503716258279,-0.0686495883198508,0.025850238111423618,0.046850384977268344,-0.02636915706085126,-0.4605290957911511,-0.3005090855042085,-0.025829033909235972,-1,1,-1,1,-13,13,-13,13,-13,12,-13,13
1783308124.7255898,35.0,0.0,0.0,35.0,0.0,0,10.283857861322469,10.283857861322469,10.283857861322469,10.283857861322469,9.859999656677246,10.479999542236328,10.210000038146973,10.149999618530273,0.4238582046452226,-0.19614168091385942,0.07385782317549605,0.13385824279219527,0.1483503716258279,-0.0686495883198508,0.025850238111423618,0.046850384977268344,-0.022554433219044254,-0.4622943709193758,-0.29984436509562906,-0.024624309724106216,-1,1,-1,1,-13,13,-13,13,-13,12,-13,13
1783308124.7456033,35.0,0.0,0.0,35.0,0.0,0,10.283857861322469,10.283857861322469,10.283857861322469,10.283857861322469,10.529999732971191,10.279999732971191,10.09000015258789,9.819999694824219,-0.2461418716487227,0.0038581283512773012,0.19385770873457808,0.46385816649824996,-0.08614965507705294,0.0013503449229470554,0.06785019805710232,0.16235035827438749,-0.024769710063882757,-0.4622596477642143,-0.29809964571701786,-0.020449586225621968,-1,1,-1,1,-13,13,-13,13,-13,13,-13,13
1783308124.7655933,35.0,0.0,0.0,35.0,0.0,0,10.283857861322469,10.283857861322469,10.283857861322469,10.283857861322469,10.529999732971191,10.279999732971191,10.09000015258789,9.819999694824219,-0.2461418716487227,0.0038581283512773012,0.19385770873457808,0.46385816649824996,-0.08614965507705294,0.0013503449229470554,0.06785019805710232,0.16235035827438749,-0.02698498690872126,-0.4622249246090528,-0.29635492633840665,-0.01627486272713772,-1,1,-1,1,-13,13,-13,13,-13,13,-13,13
1783308124.7856574,35.0,0.0,0.0,35.0,0.0,0,10.283857861322469,10.283857861322469,10.283857861322469,10.283857861322469,10.3100004196167,10.140000343322754,10.460000038146973,10.050000190734863,-0.02614255829423051,0.1438575179997148,-0.17614217682450395,0.23385767058760543,-0.009149895402980678,0.05035013129990018,-0.061649761888576377,0.0818501847056619,-0.027220269933369335,-0.46093020694705533,-0.2979402059298272,-0.01417014369184927,-1,1,-1,1,-13,13,-13,13,-13,13,-13,13
1783308124.8055933,35.0,0.0,0.0,35.0,0.0,0,10.283857861322469,10.283857861322469,10.283857861322469,10.283857861322469,10.3100004196167,10.140000343322754,10.460000038146973,10.050000190734863,-0.02614255829423051,0.1438575179997148,-0.17614217682450395,0.23385767058760543,-0.009149895402980678,0.05035013129990018,-0.061649761888576377,0.0818501847056619,-0.02745555295801741,-0.4596354892850579,-0.2995254855212477,-0.012065424656560821,-1,1,-1,1,-13,13,-13,13,-13,13,-13,13
1783308124.8256357,35.0,0.0,0.0,35.0,0.0,0,10.283857861322469,10.283857861322469,10.283857861322469,10.283857861322469,10.3100004196167,10.140000343322754,10.460000038146973,10.050000190734863,-0.02614255829423051,0.1438575179997148,-0.17614217682450395,0.23385767058760543,-0.009149895402980678,0.05035013129990018,-0.061649761888576377,0.0818501847056619,-0.027690835982665484,-0.4583407716230604,-0.3011107651126682,-0.009960705621272372,-1,1,-1,1,-13,13,-13,13,-13,13,-13,13
1783308124.8456137,35.0,0.0,0.0,35.0,0.0,0,10.283857861322469,10.283857861322469,10.283857861322469,10.283857861322469,10.15999984741211,10.270000457763672,10.489999771118164,9.979999542236328,0.12385801391035933,0.013857403558796832,-0.20614190979569536,0.3038583190861406,0.04335030486862576,0.004850091245578891,-0.07214966842849337,0.10635041168014919,-0.02657611385747225,-0.45821605499103124,-0.30296604230082946,-0.007225980749497107,-1,1,-1,1,-13,13,-13,13,-13,13,-13,13
1783308124.8655927,35.0,0.0,0.0,35.0,0.0,0,10.283857861322469,10.283857861322469,10.283857861322469,10.283857861322469,10.15999984741211,10.270000457763672,10.489999771118164,9.979999542236328,0.12385801391035933,0.013857403558796832,-0.20614190979569536,0.3038583190861406,0.04335030486862576,0.004850091245578891,-0.07214966842849337,0.10635041168014919,-0.02546139173227902,-0.45809133835900206,-0.3048213194889907,-0.004491255877721841,-1,1,-1,1,-13,13,-13,13,-13,13,-13,13
1783308124.8856704,35.0,0.0,0.0,35.0,0.0,0,10.283857861322469,10.283857861322469,10.283857861322469,10.283857861322469,10.510000228881836,10.359999656677246,10.510000228881836,10.149999618530273,-0.22614236755936723,-0.07614179535477739,-0.22614236755936723,0.13385824279219527,-0.07914982864577852,-0.026649628374172084,-0.07914982864577852,0.046850384977268344,-0.027496673040313325,-0.45877661451719504,-0.30685660079702504,-0.003286531692592083,-1,1,-1,1,-13,13,-13,13,-13,13,-13,13
1783308124.9055984,35.0,0.0,0.0,35.0,0.0,0,10.283857861322469,10.283857861322469,10.283857861322469,10.283857861322469,10.510000228881836,10.359999656677246,10.510000228881836,10.149999618530273,-0.22614236755936723,-0.07614179535477739,-0.22614236755936723,0.13385824279219527,-0.07914982864577852,-0.026649628374172084,-0.07914982864577852,0.046850384977268344,-0.02953195434834763,-0.459461890675388,-0.30889188210505936,-0.0020818075074623254,-1,1,-1,1,-13,13,-13,13,-13,13,-13,13
1783308124.925587,35.0,0.0,0.0,35.0,0.0,0,10.283857861322469,10.283857861322469,10.283857861322469,10.283857861322469,10.510000228881836,10.359999656677246,10.510000228881836,10.149999618530273,-0.22614236755936723,-0.07614179535477739,-0.22614236755936723,0.13385824279219527,-0.07914982864577852,-0.026649628374172084,-0.07914982864577852,0.046850384977268344,-0.031567235656381934,-0.460147166833581,-0.3109271634130937,-0.0008770833223325678,-1,1,-1,1,-13,13,-13,13,-13,13,-13,13
1783308124.9456055,35.0,0.0,0.0,35.0,0.0,0,10.283857861322469,10.283857861322469,10.283857861322469,10.283857861322469,10.529999732971191,10.420000076293945,10.529999732971191,10.279999732971191,-0.2461418716487227,-0.1361422149714766,-0.2461418716487227,0.0038581283512773012,-0.08614965507705294,-0.04764977524001681,-0.08614965507705294,0.0013503449229470554,-0.03378251250122044,-0.4613724467683243,-0.3131424402579322,-0.0008423601671710721,-1,1,-1,1,-13,13,-13,13,-13,12,-13,13
1783308124.9656012,35.0,0.0,0.0,35.0,0.0,0,10.283857861322469,10.283857861322469,10.283857861322469,10.283857861322469,10.529999732971191,10.420000076293945,10.529999732971191,10.279999732971191,-0.2461418716487227,-0.1361422149714766,-0.2461418716487227,0.0038581283512773012,-0.08614965507705294,-0.04764977524001681,-0.08614965507705294,0.0013503449229470554,-0.03599778934605895,-0.4625977267030676,-0.3153577171027707,-0.0008076370120095764,-1,1,-1,1,-13,13,-13,13,-13,12,-13,13
1783308124.9856584,35.0,0.0,0.0,35.0,0.0,0,10.283857861322469,10.283857861322469,10.283857861322469,10.283857861322469,10.539999961853027,10.6899995803833,10.3100004196167,10.140000343322754,-0.25614210053055864,-0.4061417190608321,-0.02614255829423051,0.1438575179997148,-0.08964973518569552,-0.1421496016712912,-0.009149895402980678,0.05035013129990018,-0.038303068250833974,-0.46625300217461507,-0.3155930001274188,0.0004870806499878567,-1,1,-1,1,-13,13,-13,13,-13,12,-13,13
1783308125.005595,35.0,0.0,0.0,35.0,0.0,0,10.283857861322469,10.283857861322469,10.283857861322469,10.283857861322469,10.539999961853027,10.6899995803833,10.3100004196167,10.140000343322754,-0.25614210053055864,-0.4061417190608321,-0.02614255829423051,0.1438575179997148,-0.08964973518569552,-0.1421496016712912,-0.009149895402980678,0.05035013129990018,-0.040608347155609,-0.46990827764616255,-0.3158282831520669,0.0017817983119852898,-1,1,-1,1,-13,13,-13,13,-13,12,-13,13
1783308125.0255914,35.0,0.0,0.0,35.0,0.0,0,10.283857861322469,10.283857861322469,10.283857861322469,10.283857861322469,10.539999961853027,10.6899995803833,10.3100004196167,10.140000343322754,-0.25614210053055864,-0.4061417190608321,-0.02614255829423051,0.1438575179997148,-0.08964973518569552,-0.1421496016712912,-0.009149895402980678,0.05035013129990018,-0.04291362606038403,-0.47356355311771003,-0.316063566176715,0.0030765159739827228,-1,1,-1,1,-13,13,-13,13,-13,12,-13,13
1783308125.0455995,35.0,0.0,0.0,35.0,0.0,0,10.283857861322469,10.283857861322469,10.283857861322469,10.283857861322469,10.550000190734863,10.430000305175781,10.619999885559082,10.039999961853027,-0.2661423294123946,-0.14614244385331254,-0.3361420242366133,0.24385789946944136,-0.09314981529433809,-0.05114985534865939,-0.11764970848281465,0.08535026481430447,-0.04530890702509558,-0.4748788351123899,-0.31908884439484453,0.005271237069207695,-1,1,-1,1,-13,13,-13,13,-13,12,-13,13
1783308125.0655944,35.0,0.0,0.0,35.0,0.0,0,10.283857861322469,10.283857861322469,10.283857861322469,10.283857861322469,10.550000190734863,10.430000305175781,10.619999885559082,10.039999961853027,-0.2661423294123946,-0.14614244385331254,-0.3361420242366133,0.24385789946944136,-0.09314981529433809,-0.05114985534865939,-0.11764970848281465,0.08535026481430447,-0.047704187989807134,-0.4761941171070697,-0.32211412261297406,0.007465958164432667,-1,1,-1,1,-13,13,-13,13,-13,12,-13,13
1783308125.0856514,35.0,0.0,0.0,35.0,0.0,0,10.283857861322469,10.283857861322469,10.283857861322469,10.283857861322469,10.550000190734863,10.470000267028809,10.829999923706055,10.199999809265137,-0.2661423294123946,-0.1861424057063399,-0.546142062383586,0.08385805205733199,-0.09314981529433809,-0.06514984199721896,-0.19114972183425508,0.029350318220066195,-0.05009946895451869,-0.47786939875842677,-0.32702940117442636,0.008220680632948655,-1,1,-1,1,-13,13,-13,13,-13,12,-12,13
1783308125.105628,35.0,0.0,0.0,35.0,0.0,0,10.283857861322469,10.283857861322469,10.283857861322469,10.283857861322469,10.550000190734863,10.470000267028809,10.829999923706055,10.199999809265137,-0.2661423294123946,-0.1861424057063399,-0.546142062383586,0.08385805205733199,-0.09314981529433809,-0.06514984199721896,-0.19114972183425508,0.029350318220066195,-0.05249474991923024,-0.4795446804097838,-0.33194467973587866,0.008975403101464642,-1,1,-1,1,-13,13,-13,13,-13,12,-12,13
1783308125.1255877,35.0,0.0,0.0,35.0,0.0,0,10.283857861322469,10.283857861322469,10.283857861322469,10.283857861322469,10.550000190734863,10.470000267028809,10.829999923706055,10.199999809265137,-0.2661423294123946,-0.1861424057063399,-0.546142062383586,0.08385805205733199,-0.09314981529433809,-0.06514984199721896,-0.19114972183425508,0.029350318220066195,-0.054890030883941794,-0.48121996206114087,-0.33685995829733095,0.00973012556998063,-1,1,-1,1,-13,13,-13,13,-13,12,-12,13
1783308125.1456017,35.0,0.0,0.0,35.0,0.0,0,10.283857861322469,10.283857861322469,10.283857861322469,10.283857861322469,10.329999923706055,10.949999809265137,10.300000190734863,10.529999732971191,-0.04614206238358598,-0.666141947942668,-0.016142329412394574,-0.2461418716487227,-0.01614972183425509,-0.23314968177993378,-0.005649815294338101,-0.08614965507705294,-0.055305309445394066,-0.48721523959262486,-0.3370052392620425,0.007514848725142125,-1,1,-1,1,-13,13,-13,13,-13,12,-13,13
1783308125.1655898,35.0,0.0,0.0,35.0,0.0,0,10.283857861322469,10.283857861322469,10.283857861322469,10.283857861322469,10.329999923706055,10.949999809265137,10.300000190734863,10.529999732971191,-0.04614206238358598,-0.666141947942668,-0.016142329412394574,-0.2461418716487227,-0.01614972183425509,-0.23314968177993378,-0.005649815294338101,-0.08614965507705294,-0.05572058800684634,-0.49321051712410885,-0.33715052022675407,0.005299571880303621,-1,1,-1,1,-13,13,-13,13,-13,12,-13,13
1783308125.1856534,35.0,0.0,0.0,35.0,0.0,0,10.283857861322469,10.283857861322469,10.283857861322469,10.283857861322469,10.170000076293945,11.0600004196167,10.380000114440918,10.770000457763672,0.1138577850285234,-0.7761425582942305,-0.09614225311844926,-0.48614259644120317,0.039850224759983184,-0.2716498954029807,-0.03364978859145724,-0.1701499087544211,-0.05469586794158963,-0.500195800148757,-0.3380158005048201,0.0009242885123327922,-1,1,-1,1,-13,13,-13,13,-13,12,-13,13
1783308125.2055817,35.0,0.0,0.0,35.0,0.0,0,10.283857861322469,10.283857861322469,10.283857861322469,10.283857861322469,10.170000076293945,11.0600004196167,10.380000114440918,10.770000457763672,0.1138577850285234,-0.7761425582942305,-0.09614225311844926,-0.48614259644120317,0.039850224759983184,-0.2716498954029807,-0.03364978859145724,-0.1701499087544211,-0.05367114787633292,-0.507181083173405,-0.33888108078288615,-0.0034509948556380367,-1,1,-1,1,-13,13,-13,13,-13,12,-13,13
1783308125.2255688,35.0,0.0,0.0,35.0,0.0,0,10.283857861322469,10.283857861322469,10.283857861322469,10.283857861322469,10.170000076293945,11.0600004196167,10.380000114440918,10.770000457763672,0.1138577850285234,-0.7761425582942305,-0.09614225311844926,-0.48614259644120317,0.039850224759983184,-0.2716498954029807,-0.03364978859145724,-0.1701499087544211,-0.05264642781107621,-0.5141663661980531,-0.3397463610609522,-0.007826278223608867,-1,1,-1,1,-13,13,-13,13,-13,12,-13,13
1783308125.2455752,35.0,0.0,0.0,35.0,0.0,0,10.283857861322469,10.283857861322469,10.283857861322469,10.283857861322469,10.970000267028809,10.6899995803833,10.430000305175781,10.710000038146973,-0.6861424057063399,-0.4061417190608321,-0.14614244385331254,-0.42614217682450395,-0.24014984199721895,-0.1421496016712912,-0.05114985534865939,-0.14914976188857637,-0.05882170946243327,-0.5178216416696007,-0.341061643055632,-0.011661557815029403,-1,1,-1,1,-13,13,-13,13,-13,12,-13,13
1783308125.265573,35.0,0.0,0.0,35.0,0.0,0,10.283857861322469,10.283857861322469,10.283857861322469,10.283857861322469,10.970000267028809,10.6899995803833,10.430000305175781,10.710000038146973,-0.6861424057063399,-0.4061417190608321,-0.14614244385331254,-0.42614217682450395,-0.24014984199721895,-0.1421496016712912,-0.05114985534865939,-0.14914976188857637,-0.06499699111379033,-0.5214769171411482,-0.34237692505031186,-0.015496837406449939,-1,1,-1,1,-13,13,-13,13,-13,12,-13,13
1783308125.2856543,35.0,0.0,0.0,35.0,0.0,0,10.283857861322469,10.283857861322469,10.283857861322469,10.283857861322469,10.399999618530273,10.880000114440918,10.470000267028809,11.119999885559082,-0.11614175720780473,-0.5961422531184493,-0.1861424057063399,-0.8361420242366133,-0.04064961502273165,-0.20864978859145722,-0.06514984199721896,-0.29264970848281463,-0.06604226692866057,-0.5268421974192142,-0.3440522067016689,-0.02302211562457946,-1,1,-1,1,-13,13,-13,13,-13,12,-13,13
1783308125.3055804,35.0,0.0,0.0,35.0,0.0,0,10.283857861322469,10.283857861322469,10.283857861322469,10.283857861322469,10.399999618530273,10.880000114440918,10.470000267028809,11.119999885559082,-0.11614175720780473,-0.5961422531184493,-0.1861424057063399,-0.8361420242366133,-0.04064961502273165,-0.20864978859145722,-0.06514984199721896,-0.29264970848281463,-0.0670875427435308,-0.5322074776972803,-0.34572748835302597,-0.030547393842708978,-1,1,-1,1,-13,13,-13,13,-13,12,-13,13
1783308125.3255765,35.0,0.0,0.0,35.0,0.0,0,10.283857861322469,10.283857861322469,10.283857861322469,10.283857861322469,10.399999618530273,10.880000114440918,10.470000267028809,11.119999885559082,-0.11614175720780473,-0.5961422531184493,-0.1861424057063399,-0.8361420242366133,-0.04064961502273165,-0.20864978859145722,-0.06514984199721896,-0.29264970848281463,-0.06813281855840105,-0.5375727579753463,-0.347402770004383,-0.038072672060838496,-1,1,-1,1,-13,13,-13,13,-13,12,-13,13
1783308125.3455904,35.0,0.0,0.0,35.0,0.0,0,10.283857861322469,10.283857861322469,10.283857861322469,10.283857861322469,10.220000267028809,11.239999771118164,10.270000457763672,10.729999542236328,0.06385759429366011,-0.9561419097956954,0.013857403558796832,-0.4461416809138594,0.022350158002781038,-0.33464966842849336,0.004850091245578891,-0.1561495883198508,-0.06755810020975811,-0.5461780351635076,-0.34727805337235385,-0.04208794718906323,-1,1,-1,1,-13,13,-13,13,-13,12,-13,13
1783308125.3655849,35.0,0.0,0.0,35.0,0.0,0,10.283857861322469,10.283857861322469,10.283857861322469,10.283857861322469,10.220000267028809,11.239999771118164,10.270000457763672,10.729999542236328,0.06385759429366011,-0.9561419097956954,0.013857403558796832,-0.4461416809138594,0.022350158002781038,-0.33464966842849336,0.004850091245578891,-0.1561495883198508,-0.06698338186111517,-0.5547833123516689,-0.34715333674032467,-0.046103222317287966,-1,1,-1,1,-13,13,-13,13,-13,12,-13,13
1783308125.3856628,35.0,0.0,0.0,35.0,0.0,0,10.283857861322469,10.283857861322469,10.283857861322469,10.283857861322469,10.550000190734863,10.8100004196167,10.59000015258789,10.449999809265137,-0.2661423294123946,-0.5261425582942305,-0.3061422912654219,-0.166141947942668,-0.09314981529433809,-0.18414989540298066,-0.10714980194289767,-0.0581496817799338,-0.06937866282582672,-0.559518595376317,-0.34990861736171347,-0.04759849984877198,-1,1,-1,1,-13,13,-13,13,-13,12,-13,13
1783308125.4055798,35.0,0.0,0.0,35.0,0.0,0,10.283857861322469,10.283857861322469,10.283857861322469,10.283857861322469,10.550000190734863,10.8100004196167,10.59000015258789,10.449999809265137,-0.2661423294123946,-0.5261425582942305,-0.3061422912654219,-0.166141947942668,-0.09314981529433809,-0.18414989540298066,-0.10714980194289767,-0.0581496817799338,-0.07177394379053827,-0.5642538784009651,-0.35266389798310227,-0.04909377738025599,-1,1,-1,1,-13,13,-13,13,-13,12,-13,13
1783308125.4256368,35.0,0.0,0.0,35.0,0.0,0,10.283857861322469,10.283857861322469,10.283857861322469,10.283857861322469,10.550000190734863,10.8100004196167,10.59000015258789,10.449999809265137,-0.2661423294123946,-0.5261425582942305,-0.3061422912654219,-0.166141947942668,-0.09314981529433809,-0.18414989540298066,-0.10714980194289767,-0.0581496817799338,-0.07416922475524981,-0.5689891614256132,-0.35541917860449107,-0.050589054911740004,-1,1,-1,1,-13,13,-13,13,-13,12,-13,13
1783308125.4456015,35.0,0.0,0.0,35.0,0.0,0,10.283857861322469,10.283857861322469,10.283857861322469,10.283857861322469,10.779999732971191,10.739999771118164,10.579999923706055,10.489999771118164,-0.4961418716487227,-0.45614190979569536,-0.296142062383586,-0.20614190979569536,-0.17364965507705293,-0.15964966842849337,-0.10364972183425508,-0.07214966842849337,-0.07863450160008832,-0.5730944386137744,-0.35808445716594334,-0.052444332099901264,-1,1,-1,1,-13,13,-13,13,-13,12,-13,13
1783308125.4655826,35.0,0.0,0.0,35.0,0.0,0,10.283857861322469,10.283857861322469,10.283857861322469,10.283857861322469,10.779999732971191,10.739999771118164,10.579999923706055,10.489999771118164,-0.4961418716487227,-0.45614190979569536,-0.296142062383586,-0.20614190979569536,-0.17364965507705293,-0.15964966842849337,-0.10364972183425508,-0.07214966842849337,-0.08309977844492683,-0.5771997158019356,-0.3607497357273956,-0.054299609288062524,-1,1,-1,1,-13,13,-13,13,-13,12,-13,13
1783308125.4857028,35.0,0.0,0.0,35.0,0.0,0,10.283857861322469,10.283857861322469,10.283857861322469,10.283857861322469,10.489999771118164,10.6899995803833,10.350000381469727,10.960000038146973,-0.20614190979569536,-0.4061417190608321,-0.06614252014725786,-0.676142176824504,-0.07214966842849337,-0.1421496016712912,-0.023149882051540248,-0.23664976188857637,-0.08495505563308808,-0.5808549912734832,-0.3613450184087209,-0.06038488887948306,-1,1,-1,1,-13,13,-13,13,-13,12,-13,13
1783308125.505608,35.0,0.0,0.0,35.0,0.0,0,10.283857861322469,10.283857861322469,10.283857861322469,10.283857861322469,10.489999771118164,10.6899995803833,10.350000381469727,10.960000038146973,-0.20614190979569536,-0.4061417190608321,-0.06614252014725786,-0.676142176824504,-0.07214966842849337,-0.1421496016712912,-0.023149882051540248,-0.23664976188857637,-0.08681033282124934,-0.5845102667450307,-0.3619403010900462,-0.06647016847090359,-1,1,-1,1,-13,13,-13,13,-13,12,-13,13
1783308125.5255876,35.0,0.0,0.0,35.0,0.0,0,10.283857861322469,10.283857861322469,10.283857861322469,10.283857861322469,10.489999771118164,10.6899995803833,10.350000381469727,10.960000038146973,-0.20614190979569536,-0.4061417190608321,-0.06614252014725786,-0.676142176824504,-0.07214966842849337,-0.1421496016712912,-0.023149882051540248,-0.23664976188857637,-0.08866561000941059,-0.5881655422165782,-0.3625355837713715,-0.07255544806232413,-1,1,-1,1,-13,13,-13,13,-13,12,-13,13
1783308125.5456314,35.0,0.0,0.0,35.0,0.0,0,10.283857861322469,10.283857861322469,10.283857861322469,10.283857861322469,10.289999961853027,10.880000114440918,10.1899995803833,10.84000015258789,-0.006142100530558636,-0.5961422531184493,0.09385828093916793,-0.5561422912654219,-0.0021497351856955226,-0.20864978859145722,0.03285039832870877,-0.19464980194289766,-0.08872088891418561,-0.5935308224946443,-0.361690859242919,-0.07756072868371293,-1,1,-1,1,-13,13,-13,13,-13,12,-13,13
1783308125.565628,35.0,0.0,0.0,35.0,0.0,0,10.283857861322469,10.283857861322469,10.283857861322469,10.283857861322469,10.289999961853027,10.880000114440918,10.1899995803833,10.84000015258789,-0.006142100530558636,-0.5961422531184493,0.09385828093916793,-0.5561422912654219,-0.0021497351856955226,-0.20864978859145722,0.03285039832870877,-0.19464980194289766,-0.08877616781896064,-0.5988961027727103,-0.36084613471446647,-0.08256600930510173,-1,1,-1,1,-13,13,-13,13,-13,12,-13,13
1783308125.5856724,35.0,0.0,0.0,35.0,0.0,0,10.283857861322469,10.283857861322469,10.283857861322469,10.283857861322469,10.600000381469727,10.329999923706055,10.529999732971191,10.529999732971191,-0.31614252014725786,-0.04614206238358598,-0.2461418716487227,-0.2461418716487227,-0.11064988205154024,-0.01614972183425509,-0.08614965507705294,-0.08614965507705294,-0.09162145050028596,-0.5993113813341626,-0.363061411559305,-0.08478128614994024,-1,1,-1,1,-13,13,-13,13,-13,12,-13,13
1783308125.6055923,35.0,0.0,0.0,35.0,0.0,0,10.283857861322469,10.283857861322469,10.283857861322469,10.283857861322469,10.600000381469727,10.329999923706055,10.529999732971191,10.529999732971191,-0.31614252014725786,-0.04614206238358598,-0.2461418716487227,-0.2461418716487227,-0.11064988205154024,-0.01614972183425509,-0.08614965507705294,-0.08614965507705294,-0.09446673318161128,-0.5997266598956149,-0.3652766884041435,-0.08699656299477874,-1,1,-1,1,-13,13,-13,13,-13,12,-13,13
1783308125.6255872,35.0,0.0,0.0,35.0,0.0,0,10.283857861322469,10.283857861322469,10.283857861322469,10.283857861322469,10.600000381469727,10.329999923706055,10.529999732971191,10.529999732971191,-0.31614252014725786,-0.04614206238358598,-0.2461418716487227,-0.2461418716487227,-0.11064988205154024,-0.01614972183425509,-0.08614965507705294,-0.08614965507705294,-0.0973120158629366,-0.6001419384570672,-0.36749196524898203,-0.08921183983961725,-1,1,-1,1,-13,13,-13,13,-13,12,-13,13
1783308125.6456072,35.0,0.0,0.0,35.0,0.0,0,10.283857861322469,10.283857861322469,10.283857861322469,10.283857861322469,10.59000015258789,10.399999618530273,10.539999961853027,10.539999961853027,-0.3061422912654219,-0.11614175720780473,-0.25614210053055864,-0.25614210053055864,-0.10714980194289767,-0.04064961502273165,-0.08964973518569552,-0.08964973518569552,-0.1000672964843254,-0.6011872142719374,-0.3697972441537571,-0.09151711874439228,-1,1,-1,1,-13,13,-13,13,-13,12,-13,13
1783308125.6655762,35.0,0.0,0.0,35.0,0.0,0,10.283857861322469,10.283857861322469,10.283857861322469,10.283857861322469,10.59000015258789,10.399999618530273,10.539999961853027,10.539999961853027,-0.3061422912654219,-0.11614175720780473,-0.25614210053055864,-0.25614210053055864,-0.10714980194289767,-0.04064961502273165,-0.08964973518569552,-0.08964973518569552,-0.1028225771057142,-0.6022324900868077,-0.37210252305853214,-0.0938223976491673,-1,1,-1,1,-13,13,-13,13,-13,12,-13,13
1783308125.6856728,35.0,0.0,0.0,35.0,0.0,0,10.283857861322469,10.283857861322469,10.283857861322469,10.283857861322469,9.899999618530273,10.899999618530273,10.319999694824219,10.319999694824219,0.38385824279219527,-0.6161417572078047,-0.03614183350175004,-0.03614183350175004,0.13435038497726834,-0.21564961502273164,-0.012649641725612514,-0.012649641725612514,-0.09936785292058445,-0.6077777659016779,-0.3724277995600479,-0.09414767415068305,-1,1,-1,1,-13,13,-13,13,-13,12,-13,13
1783308125.70559,35.0,0.0,0.0,35.0,0.0,0,10.283857861322469,10.283857861322469,10.283857861322469,10.283857861322469,9.899999618530273,10.899999618530273,10.319999694824219,10.319999694824219,0.38385824279219527,-0.6161417572078047,-0.03614183350175004,-0.03614183350175004,0.13435038497726834,-0.21564961502273164,-0.012649641725612514,-0.012649641725612514,-0.09591312873545468,-0.6133230417165481,-0.37275307606156366,-0.0944729506521988,-1,1,-1,1,-13,13,-13,13,-13,12,-13,13
1783308125.7256021,35.0,0.0,0.0,35.0,0.0,0,10.283857861322469,10.283857861322469,10.283857861322469,10.283857861322469,9.899999618530273,10.899999618530273,10.319999694824219,10.319999694824219,0.38385824279219527,-0.6161417572078047,-0.03614183350175004,-0.03614183350175004,0.13435038497726834,-0.21564961502273164,-0.012649641725612514,-0.012649641725612514,-0.09245840455032492,-0.6188683175314182,-0.3730783525630794,-0.09479822715371454,-1,1,-1,1,-13,13,-13,13,-13,12,-13,13
1783308125.7456234,35.0,0.0,0.0,35.0,0.0,0,10.283857861322469,10.283857861322469,10.283857861322469,10.283857861322469,9.869999885559082,10.579999923706055,10.390000343322754,10.399999618530273,0.4138579757633867,-0.296142062383586,-0.1061424820002852,-0.11614175720780473,0.14485029151718531,-0.10364972183425508,-0.037149868700099814,-0.04064961502273165,-0.08873368276845443,-0.6215335960928705,-0.374033634901082,-0.09584350296858478,-1,1,-1,1,-13,13,-13,13,-13,12,-13,13
1783308125.7655854,35.0,0.0,0.0,35.0,0.0,0,10.283857861322469,10.283857861322469,10.283857861322469,10.283857861322469,9.869999885559082,10.579999923706055,10.390000343322754,10.399999618530273,0.4138579757633867,-0.296142062383586,-0.1061424820002852,-0.11614175720780473,0.14485029151718531,-0.10364972183425508,-0.037149868700099814,-0.04064961502273165,-0.08500896098658395,-0.6241988746543228,-0.37498891723908456,-0.09688877878345502,-1,1,-1,1,-13,13,-13,13,-13,12,-13,13
1783308125.7856717,35.0,0.0,0.0,35.0,0.0,0,10.283857861322469,10.283857861322469,10.283857861322469,10.283857861322469,10.539999961853027,10.350000381469727,10.449999809265137,10.220000267028809,-0.25614210053055864,-0.06614252014725786,-0.166141947942668,0.06385759429366011,-0.08964973518569552,-0.023149882051540248,-0.0581496817799338,0.022350158002781038,-0.08731423989135897,-0.6247941573356481,-0.37648419477056855,-0.09631406043481208,-1,1,-1,1,-13,13,-13,13,-13,12,-13,13
1783308125.8055866,35.0,0.0,0.0,35.0,0.0,0,10.283857861322469,10.283857861322469,10.283857861322469,10.283857861322469,10.539999961853027,10.350000381469727,10.449999809265137,10.220000267028809,-0.25614210053055864,-0.06614252014725786,-0.166141947942668,0.06385759429366011,-0.08964973518569552,-0.023149882051540248,-0.0581496817799338,0.022350158002781038,-0.089619518796134,-0.6253894400169735,-0.37797947230205253,-0.09573934208616915,-1,1,-1,1,-13,13,-13,13,-13,12,-13,13
1783308125.8255882,35.0,0.0,0.0,35.0,0.0,0,10.283857861322469,10.283857861322469,10.283857861322469,10.283857861322469,10.539999961853027,10.350000381469727,10.449999809265137,10.220000267028809,-0.25614210053055864,-0.06614252014725786,-0.166141947942668,0.06385759429366011,-0.08964973518569552,-0.023149882051540248,-0.0581496817799338,0.022350158002781038,-0.09192479770090903,-0.6259847226982989,-0.3794747498335365,-0.09516462373752621,-1,1,-1,1,-13,13,-13,13,-13,12,-13,13
1783308125.845594,35.0,0.0,0.0,35.0,0.0,0,10.283857861322469,10.283857861322469,10.283857861322469,10.283857861322469,10.539999961853027,9.960000038146973,10.260000228881836,10.100000381469727,-0.25614210053055864,0.32385782317549605,0.02385763244063277,0.18385747985274214,-0.08964973518569552,0.11335023811142361,0.008350171354221468,0.06435011794845975,-0.09423007660568405,-0.6230700022897194,-0.3792600311415708,-0.09350990641885153,-1,1,-1,1,-13,13,-13,13,-13,12,-13,13
1783308125.8655891,35.0,0.0,0.0,35.0,0.0,0,10.283857861322469,10.283857861322469,10.283857861322469,10.283857861322469,10.539999961853027,9.960000038146973,10.260000228881836,10.100000381469727,-0.25614210053055864,0.32385782317549605,0.02385763244063277,0.18385747985274214,-0.08964973518569552,0.11335023811142361,0.008350171354221468,0.06435011794845975,-0.09653535551045908,-0.62015528188114,-0.3790453124496051,-0.09185518910017684,-1,1,-1,1,-13,13,-13,13,-13,12,-13,13
1783308125.885655,35.0,0.0,0.0,35.0,0.0,0,10.283857861322469,10.283857861322469,10.283857861322469,10.283857861322469,10.100000381469727,10.140000343322754,9.899999618530273,10.239999771118164,0.18385747985274214,0.1438575179997148,0.38385824279219527,0.043858090204304645,0.06435011794845975,0.05035013129990018,0.13435038497726834,0.015350331571506625,-0.0948806381917844,-0.6188605642191426,-0.37559058826447533,-0.09146046628833811,-1,1,-1,1,-13,13,-13,13,-13,12,-13,13
1783308125.9055936,35.0,0.0,0.0,35.0,0.0,0,10.283857861322469,10.283857861322469,10.283857861322469,10.283857861322469,10.100000381469727,10.140000343322754,9.899999618530273,10.239999771118164,0.18385747985274214,0.1438575179997148,0.38385824279219527,0.043858090204304645,0.06435011794845975,0.05035013129990018,0.13435038497726834,0.015350331571506625,-0.09322592087310971,-0.6175658465571452,-0.37213586407934557,-0.09106574347649937,-1,1,-1,1,-13,13,-13,13,-13,12,-13,13
1783308125.9255874,35.0,0.0,0.0,35.0,0.0,0,10.283857861322469,10.283857861322469,10.283857861322469,10.283857861322469,10.100000381469727,10.140000343322754,9.899999618530273,10.239999771118164,0.18385747985274214,0.1438575179997148,0.38385824279219527,0.043858090204304645,0.06435011794845975,0.05035013129990018,0.13435038497726834,0.015350331571506625,-0.09157120355443503,-0.6162711288951478,-0.3686811398942158,-0.09067102066466064,-1,1,-1,1,-13,13,-13,13,-13,12,-13,13
1783308125.945725,35.0,0.0,0.0,35.0,0.0,0,10.283857861322469,10.283857861322469,10.283857861322469,10.283857861322469,10.239999771118164,9.819999694824219,10.319999694824219,10.109999656677246,0.043858090204304645,0.46385816649824996,-0.03614183350175004,0.1738582046452226,0.015350331571506625,0.16235035827438749,-0.012649641725612514,0.06085037162582791,-0.0911764807425963,-0.6120964053966635,-0.36900641639573156,-0.08910629682285363,-1,1,-1,1,-13,13,-13,13,-13,13,-13,13
1783308125.9656043,35.0,0.0,0.0,35.0,0.0,0,10.283857861322469,10.283857861322469,10.283857861322469,10.283857861322469,10.239999771118164,9.819999694824219,10.319999694824219,10.109999656677246,0.043858090204304645,0.46385816649824996,-0.03614183350175004,0.1738582046452226,0.015350331571506625,0.16235035827438749,-0.012649641725612514,0.06085037162582791,-0.09078175793075756,-0.6079216818981793,-0.3693316928972473,-0.08754157298104663,-1,1,-1,1,-13,13,-13,13,-13,13,-13,13
1783308125.985732,35.0,0.0,0.0,35.0,0.0,0,10.283857861322469,10.283857861322469,10.283857861322469,10.283857861322469,10.5600004196167,9.8100004196167,10.399999618530273,10.020000457763672,-0.2761425582942305,0.4738574417057695,-0.11614175720780473,0.26385740355879683,-0.09664989540298068,0.16585010459701932,-0.04064961502273165,0.09235009124557889,-0.09326704095540564,-0.6036569649228274,-0.37037696871211756,-0.08516685634901745,-1,1,-1,1,-13,13,-13,13,-13,13,-13,13
1783308126.0057232,35.0,0.0,0.0,35.0,0.0,0,10.283857861322469,10.283857861322469,10.283857861322469,10.283857861322469,10.5600004196167,9.8100004196167,10.399999618530273,10.020000457763672,-0.2761425582942305,0.4738574417057695,-0.11614175720780473,0.26385740355879683,-0.09664989540298068,0.16585010459701932,-0.04064961502273165,0.09235009124557889,-0.09575232398005372,-0.5993922479474755,-0.3714222445269878,-0.08279213971698828,-1,1,-1,1,-13,13,-13,13,-13,13,-13,13
1783308126.0257277,35.0,0.0,0.0,35.0,0.0,0,10.283857861322469,10.283857861322469,10.283857861322469,10.283857861322469,10.5600004196167,9.8100004196167,10.399999618530273,10.020000457763672,-0.2761425582942305,0.4738574417057695,-0.11614175720780473,0.26385740355879683,-0.09664989540298068,0.16585010459701932,-0.04064961502273165,0.09235009124557889,-0.0982376070047018,-0.5951275309721236,-0.37246752034185804,-0.0804174230849591,-1,1,-1,1,-13,13,-13,13,-13,13,-13,13
1783308126.0456283,35.0,0.0,0.0,35.0,0.0,0,10.283857861322469,10.283857861322469,10.283857861322469,10.283857861322469,10.34000015258789,10.270000457763672,10.449999809265137,9.960000038146973,-0.05614229126542192,0.013857403558796832,-0.166141947942668,0.32385782317549605,-0.01964980194289767,0.004850091245578891,-0.0581496817799338,0.11335023811142361,-0.0987428876260906,-0.5950028143400944,-0.373962797873342,-0.07750270267637963,-1,1,-1,1,-13,13,-13,13,-13,12,-13,13
1783308126.0655942,35.0,0.0,0.0,35.0,0.0,0,10.283857861322469,10.283857861322469,10.283857861322469,10.283857861322469,10.34000015258789,10.270000457763672,10.449999809265137,9.960000038146973,-0.05614229126542192,0.013857403558796832,-0.166141947942668,0.32385782317549605,-0.01964980194289767,0.004850091245578891,-0.0581496817799338,0.11335023811142361,-0.0992481682474794,-0.5948780977080652,-0.375458075404826,-0.07458798226780015,-1,1,-1,1,-13,13,-13,13,-13,12,-13,13
1783308126.0856626,35.0,0.0,0.0,35.0,0.0,0,10.283857861322469,10.283857861322469,10.283857861322469,10.283857861322469,9.5,11.039999961853027,10.029999732971191,9.90999984741211,0.7838578613224687,-0.7561421005305586,0.2538581283512773,0.37385801391035933,0.274350251462864,-0.2646497351856955,0.08885034492294705,0.13085030486862576,-0.09219344749557717,-0.6016833766128402,-0.3731733522496645,-0.07122326014260692,-1,1,-1,1,-13,13,-13,13,-13,12,-13,13
1783308126.1056027,35.0,0.0,0.0,35.0,0.0,0,10.283857861322469,10.283857861322469,10.283857861322469,10.283857861322469,9.5,11.039999961853027,10.029999732971191,9.90999984741211,0.7838578613224687,-0.7561421005305586,0.2538581283512773,0.37385801391035933,0.274350251462864,-0.2646497351856955,0.08885034492294705,0.13085030486862576,-0.08513872674367495,-0.6084886555176152,-0.37088862909450304,-0.06785853801741369,-1,1,-1,1,-13,13,-13,13,-13,12,-13,13
1783308126.1257312,35.0,0.0,0.0,35.0,0.0,0,10.283857861322469,10.283857861322469,10.283857861322469,10.283857861322469,9.5,11.039999961853027,10.029999732971191,9.90999984741211,0.7838578613224687,-0.7561421005305586,0.2538581283512773,0.37385801391035933,0.274350251462864,-0.2646497351856955,0.08885034492294705,0.13085030486862576,-0.07808400599177273,-0.6152939344223902,-0.36860390593934156,-0.06449381589222046,-1,1,-1,1,-13,13,-13,13,-13,12,-13,13
1783308126.1455848,35.0,0.0,0.0,35.0,0.0,0,10.283857861322469,10.283857861322469,10.283857861322469,10.283857861322469,9.369999885559082,10.670000076293945,9.960000038146973,10.109999656677246,0.9138579757633867,-0.3861422149714766,0.32385782317549605,0.1738582046452226,0.3198502915171853,-0.1351497752400168,0.11335023811142361,0.06085037162582791,-0.06985928420990226,-0.6187692143571335,-0.3656891855307621,-0.06292909205041346,-1,1,-1,1,-13,13,-13,13,-13,12,-13,13
1783308126.1655982,35.0,0.0,0.0,35.0,0.0,0,10.283857861322469,10.283857861322469,10.283857861322469,10.283857861322469,9.369999885559082,10.670000076293945,9.960000038146973,10.109999656677246,0.9138579757633867,-0.3861422149714766,0.32385782317549605,0.1738582046452226,0.3198502915171853,-0.1351497752400168,0.11335023811142361,0.06085037162582791,-0.061634562428031774,-0.6222444942918768,-0.3627744651221826,-0.061364368208606454,-1,1,-1,1,-13,13,-13,13,-13,12,-13,13
1783308126.1857822,35.0,0.0,0.0,35.0,0.0,0,10.283857861322469,10.283857861322469,10.283857861322469,10.283857861322469,9.5,10.40999984741211,9.920000076293945,9.789999961853027,0.7838578613224687,-0.12614198608964067,0.3638577850285234,0.49385789946944136,0.274350251462864,-0.044149695131374234,0.12735022475998317,0.17285026481430446,-0.05457984167612956,-0.6233797721666835,-0.3594997450569259,-0.05691964711338148,-1,1,-1,1,-13,13,-13,13,-13,12,-13,13
1783308126.2056005,35.0,0.0,0.0,35.0,0.0,0,10.283857861322469,10.283857861322469,10.283857861322469,10.283857861322469,9.5,10.40999984741211,9.920000076293945,9.789999961853027,0.7838578613224687,-0.12614198608964067,0.3638577850285234,0.49385789946944136,0.274350251462864,-0.044149695131374234,0.12735022475998317,0.17285026481430446,-0.04752512092422734,-0.6245150500414902,-0.3562250249916692,-0.05247492601815651,-1,1,-1,1,-13,13,-13,13,-13,12,-13,13
1783308126.2256742,35.0,0.0,0.0,35.0,0.0,0,10.283857861322469,10.283857861322469,10.283857861322469,10.283857861322469,9.5,10.40999984741211,9.920000076293945,9.789999961853027,0.7838578613224687,-0.12614198608964067,0.3638577850285234,0.49385789946944136,0.274350251462864,-0.044149695131374234,0.12735022475998317,0.17285026481430446,-0.040470400172325116,-0.6256503279162969,-0.3529503049264125,-0.04803020492293154,-1,1,-1,1,-13,13,-13,13,-13,12,-13,13
1783308126.2455885,35.0,0.0,0.0,35.0,0.0,0,10.283857861322469,10.283857861322469,10.283857861322469,10.283857861322469,9.369999885559082,10.229999542236328,9.890000343322754,9.569999694824219,0.9138579757633867,0.05385831908614058,0.3938575179997148,0.71385816649825,0.3198502915171853,0.018850411680149202,0.13785013129990017,0.24985035827438748,-0.032245678390454634,-0.6251656030445216,-0.34940558726441506,-0.04160548142444729,-1,1,-1,1,-13,13,-13,13,-13,12,-13,13
1783308126.2655962,35.0,0.0,0.0,35.0,0.0,0,10.283857861322469,10.283857861322469,10.283857861322469,10.283857861322469,9.369999885559082,10.229999542236328,9.890000343322754,9.569999694824219,0.9138579757633867,0.05385831908614058,0.3938575179997148,0.71385816649825,0.3198502915171853,0.018850411680149202,0.13785013129990017,0.24985035827438748,-0.02402095660858415,-0.6246808781727463,-0.34586086960241763,-0.03518075792596304,-1,1,-1,1,-13,13,-13,13,-13,12,-13,13
1783308126.2857635,35.0,0.0,0.0,35.0,0.0,0,10.283857861322469,10.283857861322469,10.283857861322469,10.283857861322469,9.949999809265137,10.109999656677246,10.09000015258789,9.869999885559082,0.333858052057332,0.1738582046452226,0.19385770873457808,0.4138579757633867,0.11685031822006618,0.06085037162582791,0.06785019805710232,0.14485029151718531,-0.021016234140068164,-0.6231161543309393,-0.3441161502238064,-0.031456036144092564,-1,1,-1,1,-13,13,-13,13,-13,12,-13,13
1783308126.3057027,35.0,0.0,0.0,35.0,0.0,0,10.283857861322469,10.283857861322469,10.283857861322469,10.283857861322469,9.949999809265137,10.109999656677246,10.09000015258789,9.869999885559082,0.333858052057332,0.1738582046452226,0.19385770873457808,0.4138579757633867,0.11685031822006618,0.06085037162582791,0.06785019805710232,0.14485029151718531,-0.018011511671552176,-0.6215514304891322,-0.3423714308451952,-0.027731314362222082,-1,1,-1,1,-13,13,-13,13,-13,12,-13,13
1783308126.3255868,35.0,0.0,0.0,35.0,0.0,0,10.283857861322469,10.283857861322469,10.283857861322469,10.283857861322469,9.949999809265137,10.109999656677246,10.09000015258789,9.869999885559082,0.333858052057332,0.1738582046452226,0.19385770873457808,0.4138579757633867,0.11685031822006618,0.06085037162582791,0.06785019805710232,0.14485029151718531,-0.015006789203036188,-0.6199867066473251,-0.340626711466584,-0.0240065925803516,-1,1,-1,1,-13,13,-13,13,-13,12,-13,13
1783308126.34564,35.0,0.0,0.0,35.0,0.0,0,10.283857861322469,10.283857861322469,10.283857861322469,10.283857861322469,10.140000343322754,10.239999771118164,10.010000228881836,9.850000381469727,0.1438575179997148,0.043858090204304645,0.27385763244063277,0.43385747985274214,0.05035013129990018,0.015350331571506625,0.09585017135422147,0.15185011794845973,-0.013712071541038755,-0.6195919838354864,-0.33816199277461834,-0.02010187526167692,-1,1,-1,1,-13,13,-13,13,-13,12,-13,13
1783308126.3657055,35.0,0.0,0.0,35.0,0.0,0,10.283857861322469,10.283857861322469,10.283857861322469,10.283857861322469,10.140000343322754,10.239999771118164,10.010000228881836,9.850000381469727,0.1438575179997148,0.043858090204304645,0.27385763244063277,0.43385747985274214,0.05035013129990018,0.015350331571506625,0.09585017135422147,0.15185011794845973,-0.012417353879041321,-0.6191972610236477,-0.33569727408265265,-0.016197157943002242,-1,1,-1,1,-13,13,-13,13,-13,12,-13,13
1783308126.3856385,35.0,0.0,0.0,35.0,0.0,0,10.283857861322469,10.283857861322469,10.283857861322469,10.283857861322469,10.039999961853027,9.890000343322754,10.170000076293945,9.84000015258789,0.24385789946944136,0.3938575179997148,0.1138577850285234,0.4438577087345781,0.08535026481430447,0.13785013129990017,0.039850224759983184,0.15535019805710232,-0.01022263278381635,-0.6156525433616502,-0.33467255401739593,-0.01220243856439104,-1,1,-1,1,-13,13,-13,13,-13,13,-13,13
1783308126.405588,35.0,0.0,0.0,35.0,0.0,0,10.283857861322469,10.283857861322469,10.283857861322469,10.283857861322469,10.039999961853027,9.890000343322754,10.170000076293945,9.84000015258789,0.24385789946944136,0.3938575179997148,0.1138577850285234,0.4438577087345781,0.08535026481430447,0.13785013129990017,0.039850224759983184,0.15535019805710232,-0.008027911688591377,-0.6121078256996527,-0.3336478339521392,-0.008207719185779838,-1,1,-1,1,-13,13,-13,13,-13,13,-13,13
1783308126.4256775,35.0,0.0,0.0,35.0,0.0,0,10.283857861322469,10.283857861322469,10.283857861322469,10.283857861322469,10.039999961853027,9.890000343322754,10.170000076293945,9.84000015258789,0.24385789946944136,0.3938575179997148,0.1138577850285234,0.4438577087345781,0.08535026481430447,0.13785013129990017,0.039850224759983184,0.15535019805710232,-0.005833190593366405,-0.6085631080376552,-0.3326231138868825,-0.004212999807168635,-1,1,-1,1,-13,13,-13,13,-13,13,-13,13
1783308126.4457066,35.0,0.0,0.0,35.0,0.0,0,10.283857861322469,10.283857861322469,10.283857861322469,10.283857861322469,9.970000267028809,10.09000015258789,10.289999961853027,9.380000114440918,0.3138575942936601,0.19385770873457808,-0.006142100530558636,0.9038577468815507,0.10985015800278103,0.06785019805710232,-0.0021497351856955226,0.31635021140854275,-0.0030084722447234636,-0.606818388659044,-0.3326783927916575,0.003921719914765322,-1,1,-1,1,-13,13,-13,13,-13,12,-13,13
1783308126.4656694,35.0,0.0,0.0,35.0,0.0,0,10.283857861322469,10.283857861322469,10.283857861322469,10.283857861322469,9.970000267028809,10.09000015258789,10.289999961853027,9.380000114440918,0.3138575942936601,0.19385770873457808,-0.006142100530558636,0.9038577468815507,0.10985015800278103,0.06785019805710232,-0.0021497351856955226,0.31635021140854275,-0.00018375389608052232,-0.6050736692804328,-0.33273367169643253,0.012056439636699279,-1,1,-1,1,-13,13,-13,13,-13,12,-13,13
1783308126.4856343,35.0,0.0,0.0,35.0,0.0,0,10.283857861322469,10.283857861322469,10.283857861322469,10.283857861322469,9.920000076293945,9.779999732971191,10.369999885559082,9.510000228881836,0.3638577850285234,0.5038581283512773,-0.08614202423661332,0.7738576324406328,0.12735022475998317,0.17635034492294704,-0.03014970848281466,0.27085017135422146,0.0030909661691761884,-0.6005389461252714,-0.33350894991456204,0.019021158328664974,-1,1,-1,1,-13,13,-13,13,-13,13,-13,13
1783308126.5055861,35.0,0.0,0.0,35.0,0.0,0,10.283857861322469,10.283857861322469,10.283857861322469,10.283857861322469,9.920000076293945,9.779999732971191,10.369999885559082,9.510000228881836,0.3638577850285234,0.5038581283512773,-0.08614202423661332,0.7738576324406328,0.12735022475998317,0.17635034492294704,-0.03014970848281466,0.27085017135422146,0.006365686234432899,-0.5960042229701099,-0.33428422813269154,0.02598587702063067,-1,1,-1,1,-13,13,-13,13,-13,13,-13,13
1783308126.5255861,35.0,0.0,0.0,35.0,0.0,0,10.283857861322469,10.283857861322469,10.283857861322469,10.283857861322469,9.920000076293945,9.779999732971191,10.369999885559082,9.510000228881836,0.3638577850285234,0.5038581283512773,-0.08614202423661332,0.7738576324406328,0.12735022475998317,0.17635034492294704,-0.03014970848281466,0.27085017135422146,0.00964040629968961,-0.5914694998149485,-0.33505950635082105,0.03295059571259636,-1,1,-1,1,-13,13,-13,13,-13,13,-13,13
1783308126.5456061,35.0,0.0,0.0,35.0,0.0,0,10.283857861322469,10.283857861322469,10.283857861322469,10.283857861322469,10.34000015258789,9.5600004196167,10.210000038146973,9.369999885559082,-0.05614229126542192,0.7238574417057695,0.07385782317549605,0.9138579757633867,-0.01964980194289767,0.2533501045970193,0.025850238111423618,0.3198502915171853,0.009135125678300814,-0.5849547828395966,-0.3343947859422416,0.041175317494466845,-1,1,-1,1,-13,13,-13,13,-13,13,-13,13
1783308126.5656555,35.0,0.0,0.0,35.0,0.0,0,10.283857861322469,10.283857861322469,10.283857861322469,10.283857861322469,10.34000015258789,9.5600004196167,10.210000038146973,9.369999885559082,-0.05614229126542192,0.7238574417057695,0.07385782317549605,0.9138579757633867,-0.01964980194289767,0.2533501045970193,0.025850238111423618,0.3198502915171853,0.008629845056912017,-0.5784400658642447,-0.33373006553366213,0.04940003927633733,-1,1,-1,1,-13,13,-13,13,-13,13,-13,13
1783308126.585691,35.0,0.0,0.0,35.0,0.0,0,10.283857861322469,10.283857861322469,10.283857861322469,10.283857861322469,10.40999984741211,9.640000343322754,10.09000015258789,9.279999732971191,-0.12614198608964067,0.6438575179997148,0.19385770873457808,1.0038581283512773,-0.044149695131374234,0.22535013129990017,0.06785019805710232,0.35135034492294703,0.007494567182105252,-0.5726453482022472,-0.33198534615505093,0.058434762431498824,-1,1,-1,1,-13,13,-13,13,-13,13,-13,13
1783308126.6055915,35.0,0.0,0.0,35.0,0.0,0,10.283857861322469,10.283857861322469,10.283857861322469,10.283857861322469,10.40999984741211,9.640000343322754,10.09000015258789,9.279999732971191,-0.12614198608964067,0.6438575179997148,0.19385770873457808,1.0038581283512773,-0.044149695131374234,0.22535013129990017,0.06785019805710232,0.35135034492294703,0.006359289307298486,-0.5668506305402498,-0.3302406267764397,0.06746948558666033,-1,1,-1,1,-13,13,-13,13,-13,13,-13,13
1783308126.6257105,35.0,0.0,0.0,35.0,0.0,0,10.283857861322469,10.283857861322469,10.283857861322469,10.283857861322469,10.40999984741211,9.640000343322754,10.09000015258789,9.279999732971191,-0.12614198608964067,0.6438575179997148,0.19385770873457808,1.0038581283512773,-0.044149695131374234,0.22535013129990017,0.06785019805710232,0.35135034492294703,0.00522401143249172,-0.5610559128782523,-0.3284959073978285,0.07650420874182182,-1,1,-1,1,-13,13,-13,13,-13,13,-13,13
1783308126.645639,35.0,0.0,0.0,35.0,0.0,0,10.283857861322469,10.283857861322469,10.283857861322469,10.283857861322469,10.229999542236328,9.920000076293945,10.0,9.4399995803833,0.05385831908614058,0.3638577850285234,0.2838578613224687,0.8438582809391679,0.018850411680149202,0.12735022475998317,0.09935025146286404,0.29535039832870874,0.005708736304266986,-0.5577811928129955,-0.3259411866459263,0.08409893327027433,-1,1,-1,1,-13,13,-13,13,-13,13,-13,13
1783308126.665744,35.0,0.0,0.0,35.0,0.0,0,10.283857861322469,10.283857861322469,10.283857861322469,10.283857861322469,10.229999542236328,9.920000076293945,10.0,9.4399995803833,0.05385831908614058,0.3638577850285234,0.2838578613224687,0.8438582809391679,0.018850411680149202,0.12735022475998317,0.09935025146286404,0.29535039832870874,0.006193461176042251,-0.5545064727477388,-0.3233864658940241,0.09169365779872685,-1,1,-1,1,-13,13,-13,13,-13,13,-13,13
1783308126.6859863,35.0,0.0,0.0,35.0,0.0,0,10.283857861322469,10.283857861322469,10.283857861322469,10.283857861322469,10.329999923706055,9.880000114440918,9.949999809265137,9.779999732971191,-0.04614206238358598,0.40385774688155074,0.333858052057332,0.5038581283512773,-0.01614972183425509,0.14135021140854276,0.11685031822006618,0.17635034492294704,0.005778182614589978,-0.5508717530258048,-0.3203817434255081,0.09622838095388835,-1,1,-1,1,-13,13,-13,13,-13,13,-13,13
1783308126.7057424,35.0,0.0,0.0,35.0,0.0,0,10.283857861322469,10.283857861322469,10.283857861322469,10.283857861322469,10.329999923706055,9.880000114440918,9.949999809265137,9.779999732971191,-0.04614206238358598,0.40385774688155074,0.333858052057332,0.5038581283512773,-0.01614972183425509,0.14135021140854276,0.11685031822006618,0.17635034492294704,0.005362904053137704,-0.5472370333038709,-0.31737702095699216,0.10076310410904984,-1,1,-1,1,-13,13,-13,13,-13,13,-13,13
1783308126.7257493,35.0,0.0,0.0,35.0,0.0,0,10.283857861322469,10.283857861322469,10.283857861322469,10.283857861322469,10.329999923706055,9.880000114440918,9.949999809265137,9.779999732971191,-0.04614206238358598,0.40385774688155074,0.333858052057332,0.5038581283512773,-0.01614972183425509,0.14135021140854276,0.11685031822006618,0.17635034492294704,0.004947625491685431,-0.5436023135819369,-0.3143722984884762,0.10529782726421134,-1,1,-1,1,-13,13,-13,13,-13,13,-13,13
1783308126.745703,35.0,0.0,0.0,35.0,0.0,0,10.283857861322469,10.283857861322469,10.283857861322469,10.283857861322469,10.170000076293945,10.09000015258789,9.90999984741211,9.789999961853027,0.1138577850285234,0.19385770873457808,0.37385801391035933,0.49385789946944136,0.039850224759983184,0.06785019805710232,0.13085030486862576,0.17285026481430446,0.005972345556942141,-0.5418575942033257,-0.31100757636328297,0.10974254835943631,-1,1,-1,1,-13,13,-13,13,-13,13,-13,13
1783308126.7656295,35.0,0.0,0.0,35.0,0.0,0,10.283857861322469,10.283857861322469,10.283857861322469,10.283857861322469,10.170000076293945,10.09000015258789,9.90999984741211,9.789999961853027,0.1138577850285234,0.19385770873457808,0.37385801391035933,0.49385789946944136,0.039850224759983184,0.06785019805710232,0.13085030486862576,0.17285026481430446,0.006997065622198852,-0.5401128748247145,-0.30764285423808974,0.11418726945466129,-1,1,-1,1,-13,13,-13,13,-13,13,-13,13
1783308126.785675,35.0,0.0,0.0,35.0,0.0,0,10.283857861322469,10.283857861322469,10.283857861322469,10.283857861322469,9.84000015258789,10.229999542236328,9.880000114440918,10.020000457763672,0.4438577087345781,0.05385831908614058,0.40385774688155074,0.26385740355879683,0.15535019805710232,0.018850411680149202,0.14135021140854276,0.09235009124557889,0.010991785000810054,-0.5396281499529392,-0.30400813451615577,0.11656198608669047,-1,1,-1,1,-13,13,-13,13,-13,12,-13,13
1783308126.8057435,35.0,0.0,0.0,35.0,0.0,0,10.283857861322469,10.283857861322469,10.283857861322469,10.283857861322469,9.84000015258789,10.229999542236328,9.880000114440918,10.020000457763672,0.4438577087345781,0.05385831908614058,0.40385774688155074,0.26385740355879683,0.15535019805710232,0.018850411680149202,0.14135021140854276,0.09235009124557889,0.014986504379421256,-0.5391434250811639,-0.3003734147942218,0.11893670271871964,-1,1,-1,1,-13,13,-13,13,-13,12,-13,13
1783308126.825599,35.0,0.0,0.0,35.0,0.0,0,10.283857861322469,10.283857861322469,10.283857861322469,10.283857861322469,9.84000015258789,10.229999542236328,9.880000114440918,10.020000457763672,0.4438577087345781,0.05385831908614058,0.40385774688155074,0.26385740355879683,0.15535019805710232,0.018850411680149202,0.14135021140854276,0.09235009124557889,0.018981223758032458,-0.5386587002093886,-0.29673869507228784,0.12131141935074882,-1,1,-1,1,-13,13,-13,13,-13,12,-13,13
1783308126.845629,35.0,0.0,0.0,35.0,0.0,0,10.283857861322469,10.283857861322469,10.283857861322469,10.283857861322469,9.600000381469727,10.789999961853027,9.630000114440918,10.180000305175781,0.6838574798527421,-0.5061421005305586,0.6538577468815507,0.10385755614668746,0.23935011794845973,-0.17714973518569552,0.22885021140854275,0.03635014465134061,0.02513594107670714,-0.5432139791141636,-0.2908539753503539,0.12224613735606901,-1,1,-1,1,-13,13,-13,13,-13,12,-13,13
1783308126.8657157,35.0,0.0,0.0,35.0,0.0,0,10.283857861322469,10.283857861322469,10.283857861322469,10.283857861322469,9.600000381469727,10.789999961853027,9.630000114440918,10.180000305175781,0.6838574798527421,-0.5061421005305586,0.6538577468815507,0.10385755614668746,0.23935011794845973,-0.17714973518569552,0.22885021140854275,0.03635014465134061,0.03129065839538182,-0.5477692580189386,-0.28496925562841996,0.1231808553613892,-1,1,-1,1,-13,13,-13,13,-13,12,-13,13
1783308126.8856013,35.0,0.0,0.0,35.0,0.0,0,10.283857861322469,10.283857861322469,10.283857861322469,10.283857861322469,9.670000076293945,10.489999771118164,9.90999984741211,10.069999694824219,0.6138577850285234,-0.20614190979569536,0.37385801391035933,0.21385816649824996,0.21485022475998317,-0.07214966842849337,0.13085030486862576,0.07485035827438748,0.03681537846063853,-0.5496245352070999,-0.28160453350322673,0.12510557885987345,-1,1,-1,1,-13,13,-13,13,-13,12,-13,13
1783308126.9056084,35.0,0.0,0.0,35.0,0.0,0,10.283857861322469,10.283857861322469,10.283857861322469,10.283857861322469,9.670000076293945,10.489999771118164,9.90999984741211,10.069999694824219,0.6138577850285234,-0.20614190979569536,0.37385801391035933,0.21385816649824996,0.21485022475998317,-0.07214966842849337,0.13085030486862576,0.07485035827438748,0.042340098525895244,-0.5514798123952611,-0.2782398113780335,0.1270303023583577,-1,1,-1,1,-13,13,-13,13,-13,12,-13,13
1783308126.9255962,35.0,0.0,0.0,35.0,0.0,0,10.283857861322469,10.283857861322469,10.283857861322469,10.283857861322469,9.670000076293945,10.489999771118164,9.90999984741211,10.069999694824219,0.6138577850285234,-0.20614190979569536,0.37385801391035933,0.21385816649824996,0.21485022475998317,-0.07214966842849337,0.13085030486862576,0.07485035827438748,0.04786481859115196,-0.5533350895834224,-0.27487508925284027,0.12895502585684193,-1,1,-1,1,-13,13,-13,13,-13,12,-13,13
1783308126.9457004,35.0,0.0,0.0,35.0,0.0,0,10.283857861322469,10.283857861322469,10.283857861322469,10.283857861322469,10.390000343322754,10.289999961853027,10.109999656677246,9.989999771118164,-0.1061424820002852,-0.006142100530558636,0.1738582046452226,0.29385809020430464,-0.037149868700099814,-0.0021497351856955226,0.06085037162582791,0.10285033157150662,0.04690953625314939,-0.5533903684881974,-0.27331036541103326,0.13159974866868068,-1,1,-1,1,-13,13,-13,13,-13,12,-13,13
1783308126.9657428,35.0,0.0,0.0,35.0,0.0,0,10.283857861322469,10.283857861322469,10.283857861322469,10.283857861322469,10.390000343322754,10.289999961853027,10.109999656677246,9.989999771118164,-0.1061424820002852,-0.006142100530558636,0.1738582046452226,0.29385809020430464,-0.037149868700099814,-0.0021497351856955226,0.06085037162582791,0.10285033157150662,0.04595425391514683,-0.5534456473929725,-0.27174564156922626,0.13424447148051943,-1,1,-1,1,-13,13,-13,13,-13,12,-13,13
1783308126.9856822,35.0,0.0,0.0,35.0,0.0,0,10.283857861322469,10.283857861322469,10.283857861322469,10.283857861322469,9.760000228881836,10.600000381469727,10.25,10.390000343322754,0.5238576324406328,-0.31614252014725786,0.03385786132246871,-0.1061424820002852,0.18335017135422146,-0.11064988205154024,0.011850251462864047,-0.037149868700099814,0.05066897260711252,-0.5562909300742979,-0.271440920817324,0.13328918914251686,-1,1,-1,1,-13,13,-13,13,-13,12,-13,13
1783308127.005691,35.0,0.0,0.0,35.0,0.0,0,10.283857861322469,10.283857861322469,10.283857861322469,10.283857861322469,9.760000228881836,10.600000381469727,10.25,10.390000343322754,0.5238576324406328,-0.31614252014725786,0.03385786132246871,-0.1061424820002852,0.18335017135422146,-0.11064988205154024,0.011850251462864047,-0.037149868700099814,0.05538369129907821,-0.5591362127556232,-0.2711362000654218,0.1323339068045143,-1,1,-1,1,-13,13,-13,13,-13,12,-13,13
1783308127.0257165,35.0,0.0,0.0,35.0,0.0,0,10.283857861322469,10.283857861322469,10.283857861322469,10.283857861322469,9.760000228881836,10.600000381469727,10.25,10.390000343322754,0.5238576324406328,-0.31614252014725786,0.03385786132246871,-0.1061424820002852,0.18335017135422146,-0.11064988205154024,0.011850251462864047,-0.037149868700099814,0.060098409991043905,-0.5619814954369485,-0.27083147931351953,0.13137862446651172,-1,1,-1,1,-13,13,-13,13,-13,12,-13,13
1783308127.0457196,35.0,0.0,0.0,35.0,0.0,0,10.283857861322469,10.283857861322469,10.283857861322469,10.283857861322469,10.0,10.59000015258789,10.569999694824219,9.989999771118164,0.2838578613224687,-0.3061422912654219,-0.28614183350175004,0.29385809020430464,0.09935025146286404,-0.10714980194289767,-0.10014964172561251,0.10285033157150662,0.06265313074294612,-0.5647367760583373,-0.27340675581503526,0.13402334727835047,-1,1,-1,1,-13,13,-13,13,-13,12,-13,13
1783308127.0657074,35.0,0.0,0.0,35.0,0.0,0,10.283857861322469,10.283857861322469,10.283857861322469,10.283857861322469,10.0,10.59000015258789,10.569999694824219,9.989999771118164,0.2838578613224687,-0.3061422912654219,-0.28614183350175004,0.29385809020430464,0.09935025146286404,-0.10714980194289767,-0.10014964172561251,0.10285033157150662,0.06520785149484834,-0.567492056679726,-0.275982032316551,0.13666807009018922,-1,1,-1,1,-13,13,-13,13,-13,12,-13,13
1783308127.0856626,35.0,0.0,0.0,35.0,0.0,0,10.283857861322469,10.283857861322469,10.283857861322469,10.283857861322469,10.399999618530273,10.359999656677246,10.34000015258789,9.9399995803833,-0.11614175720780473,-0.07614179535477739,-0.05614229126542192,0.3438582809391679,-0.04064961502273165,-0.026649628374172084,-0.01964980194289767,0.12035039832870877,0.0641625756799781,-0.568177332837919,-0.27648731293793977,0.13976279461864174,-1,1,-1,1,-13,13,-13,13,-13,12,-13,13
1783308127.105627,35.0,0.0,0.0,35.0,0.0,0,10.283857861322469,10.283857861322469,10.283857861322469,10.283857861322469,10.399999618530273,10.359999656677246,10.34000015258789,9.9399995803833,-0.11614175720780473,-0.07614179535477739,-0.05614229126542192,0.3438582809391679,-0.04064961502273165,-0.026649628374172084,-0.01964980194289767,0.12035039832870877,0.06311729986510786,-0.5688626089961121,-0.27699259355932854,0.14285751914709427,-1,1,-1,1,-13,13,-13,13,-13,12,-13,13
1783308127.1256328,35.0,0.0,0.0,35.0,0.0,0,10.283857861322469,10.283857861322469,10.283857861322469,10.283857861322469,10.399999618530273,10.359999656677246,10.34000015258789,9.9399995803833,-0.11614175720780473,-0.07614179535477739,-0.05614229126542192,0.3438582809391679,-0.04064961502273165,-0.026649628374172084,-0.01964980194289767,0.12035039832870877,0.062072024050237616,-0.5695478851543051,-0.2774978741807173,0.1459522436755468,-1,1,-1,1,-13,13,-13,13,-13,12,-13,13
1783308127.1455956,35.0,0.0,0.0,35.0,0.0,0,10.283857861322469,10.283857861322469,10.283857861322469,10.283857861322469,10.680000305175781,10.1899995803833,10.40999984741211,10.350000381469727,-0.39614244385331254,0.09385828093916793,-0.12614198608964067,-0.06614252014725786,-0.13864985534865937,0.03285039832870877,-0.044149695131374234,-0.023149882051540248,0.0585067420555578,-0.5687031606258526,-0.2786331520555241,0.14535696099422146,-1,1,-1,1,-13,13,-13,13,-13,12,-13,13
1783308127.1656528,35.0,0.0,0.0,35.0,0.0,0,10.283857861322469,10.283857861322469,10.283857861322469,10.283857861322469,10.680000305175781,10.1899995803833,10.40999984741211,10.350000381469727,-0.39614244385331254,0.09385828093916793,-0.12614198608964067,-0.06614252014725786,-0.13864985534865937,0.03285039832870877,-0.044149695131374234,-0.023149882051540248,0.05494146006087799,-0.5678584360974,-0.27976842993033085,0.14476167831289613,-1,1,-1,1,-13,13,-13,13,-13,12,-13,13
1783308127.1856499,35.0,0.0,0.0,35.0,0.0,0,10.283857861322469,10.283857861322469,10.283857861322469,10.283857861322469,10.640000343322754,10.760000228881836,10.460000038146973,10.420000076293945,-0.3561424820002852,-0.47614236755936723,-0.17614217682450395,-0.1361422149714766,-0.12464986870009981,-0.1666498286457785,-0.061649761888576377,-0.04764977524001681,0.05173617772287542,-0.5721437174054343,-0.28135370952175137,0.14353639837815285,-1,1,-1,1,-13,13,-13,13,-13,12,-13,13
1783308127.2056768,35.0,0.0,0.0,35.0,0.0,0,10.283857861322469,10.283857861322469,10.283857861322469,10.283857861322469,10.640000343322754,10.760000228881836,10.460000038146973,10.420000076293945,-0.3561424820002852,-0.47614236755936723,-0.17614217682450395,-0.1361422149714766,-0.12464986870009981,-0.1666498286457785,-0.061649761888576377,-0.04764977524001681,0.04853089538487285,-0.5764289987134686,-0.2829389891131719,0.14231111844340957,-1,1,-1,1,-13,13,-13,13,-13,12,-13,13
1783308127.225702,35.0,0.0,0.0,35.0,0.0,0,10.283857861322469,10.283857861322469,10.283857861322469,10.283857861322469,10.640000343322754,10.760000228881836,10.460000038146973,10.420000076293945,-0.3561424820002852,-0.47614236755936723,-0.17614217682450395,-0.1361422149714766,-0.12464986870009981,-0.1666498286457785,-0.061649761888576377,-0.04764977524001681,0.045325613046870286,-0.5807142800215029,-0.2845242687045924,0.1410858385086663,-1,1,-1,1,-13,13,-13,13,-13,12,-13,13
1783308127.245699,35.0,0.0,0.0,35.0,0.0,0,10.283857861322469,10.283857861322469,10.283857861322469,10.283857861322469,10.619999885559082,10.470000267028809,10.489999771118164,10.6899995803833,-0.3361420242366133,-0.1861424057063399,-0.20614190979569536,-0.4061417190608321,-0.11764970848281465,-0.06514984199721896,-0.07214966842849337,-0.1421496016712912,0.042300334828740765,-0.58238956167286,-0.28637954589275366,0.1374305630371188,-1,1,-1,1,-13,13,-13,13,-13,12,-13,13
1783308127.2657008,35.0,0.0,0.0,35.0,0.0,0,10.283857861322469,10.283857861322469,10.283857861322469,10.283857861322469,10.619999885559082,10.470000267028809,10.489999771118164,10.6899995803833,-0.3361420242366133,-0.1861424057063399,-0.20614190979569536,-0.4061417190608321,-0.11764970848281465,-0.06514984199721896,-0.07214966842849337,-0.1421496016712912,0.039275056610611245,-0.5840648433242172,-0.2882348230809149,0.13377528756557133,-1,1,-1,1,-13,13,-13,13,-13,12,-13,13
1783308127.285809,35.0,0.0,0.0,35.0,0.0,0,10.283857861322469,10.283857861322469,10.283857861322469,10.283857861322469,11.279999732971191,10.050000190734863,10.739999771118164,10.420000076293945,-0.9961418716487227,0.23385767058760543,-0.45614190979569536,-0.1361422149714766,-0.3486496550770529,0.0818501847056619,-0.15964966842849337,-0.04764977524001681,0.03030977976577274,-0.5819601242889287,-0.2923401002690762,0.13255000763082805,-1,1,-1,1,-13,13,-13,13,-13,12,-13,13
1783308127.305752,35.0,0.0,0.0,35.0,0.0,0,10.283857861322469,10.283857861322469,10.283857861322469,10.283857861322469,11.279999732971191,10.050000190734863,10.739999771118164,10.420000076293945,-0.9961418716487227,0.23385767058760543,-0.45614190979569536,-0.1361422149714766,-0.3486496550770529,0.0818501847056619,-0.15964966842849337,-0.04764977524001681,0.021344502920934233,-0.5798554052536403,-0.2964453774572375,0.13132472769608478,-1,1,-1,1,-13,13,-13,13,-13,13,-13,13
1783308127.3256357,35.0,0.0,0.0,35.0,0.0,0,10.283857861322469,10.283857861322469,10.283857861322469,10.283857861322469,11.279999732971191,10.050000190734863,10.739999771118164,10.420000076293945,-0.9961418716487227,0.23385767058760543,-0.45614190979569536,-0.1361422149714766,-0.3486496550770529,0.0818501847056619,-0.15964966842849337,-0.04764977524001681,0.012379226076095729,-0.5777506862183519,-0.30055065464539876,0.1300994477613415,-1,1,-1,1,-13,13,-13,13,-13,13,-13,13
1783308127.3456035,35.0,0.0,0.0,35.0,0.0,0,10.283857861322469,10.283857861322469,10.283857861322469,10.283857861322469,10.84000015258789,10.65999984741211,10.460000038146973,10.920000076293945,-0.5561422912654219,-0.37614198608964067,-0.17614217682450395,-0.6361422149714766,-0.19464980194289766,-0.13164969513137423,-0.061649761888576377,-0.2226497752400168,0.007373945454706931,-0.5811359640931587,-0.3021359342368193,0.12437416782659821,-1,1,-1,1,-13,13,-13,13,-13,12,-13,13
1783308127.3657622,35.0,0.0,0.0,35.0,0.0,0,10.283857861322469,10.283857861322469,10.283857861322469,10.283857861322469,10.84000015258789,10.65999984741211,10.460000038146973,10.920000076293945,-0.5561422912654219,-0.37614198608964067,-0.17614217682450395,-0.6361422149714766,-0.19464980194289766,-0.13164969513137423,-0.061649761888576377,-0.2226497752400168,0.0023686648333181327,-0.5845212419679655,-0.3037212138282398,0.11864888789185493,-1,1,-1,1,-13,13,-13,13,-13,12,-13,13
1783308127.3856797,35.0,0.0,0.0,35.0,0.0,0,10.283857861322469,10.283857861322469,10.283857861322469,10.283857861322469,10.760000228881836,10.859999656677246,10.720000267028809,10.8100004196167,-0.47614236755936723,-0.5761417953547774,-0.4361424057063399,-0.5261425582942305,-0.1666498286457785,-0.20164962837417208,-0.15264984199721895,-0.18414989540298066,-0.001916616474716172,-0.5897065181261585,-0.3076464954795969,0.11391360486720686,-1,1,-1,1,-13,13,-13,13,-13,12,-13,13
1783308127.405712,35.0,0.0,0.0,35.0,0.0,0,10.283857861322469,10.283857861322469,10.283857861322469,10.283857861322469,10.760000228881836,10.859999656677246,10.720000267028809,10.8100004196167,-0.47614236755936723,-0.5761417953547774,-0.4361424057063399,-0.5261425582942305,-0.1666498286457785,-0.20164962837417208,-0.15264984199721895,-0.18414989540298066,-0.006201897782750477,-0.5948917942843515,-0.31157177713095396,0.1091783218425588,-1,1,-1,1,-13,13,-13,13,-13,12,-13,13
1783308127.4257617,35.0,0.0,0.0,35.0,0.0,0,10.283857861322469,10.283857861322469,10.283857861322469,10.283857861322469,10.760000228881836,10.859999656677246,10.720000267028809,10.8100004196167,-0.47614236755936723,-0.5761417953547774,-0.4361424057063399,-0.5261425582942305,-0.1666498286457785,-0.20164962837417208,-0.15264984199721895,-0.18414989540298066,-0.010487179090784782,-0.6000770704425444,-0.31549705878231105,0.10444303881791073,-1,1,-1,1,-13,13,-13,13,-13,12,-13,13
1783308127.4457047,35.0,0.0,0.0,35.0,0.0,0,10.283857861322469,10.283857861322469,10.283857861322469,10.283857861322469,10.930000305175781,10.539999961853027,10.899999618530273,10.739999771118164,-0.6461424438533125,-0.25614210053055864,-0.6161417572078047,-0.45614190979569536,-0.22614985534865936,-0.08964973518569552,-0.21564961502273164,-0.15964966842849337,-0.016302461085464594,-0.6023823493473195,-0.3210423345971813,0.10033776162974947,-1,1,-1,1,-13,13,-13,13,-13,12,-12,13
1783308127.4656427,35.0,0.0,0.0,35.0,0.0,0,10.283857861322469,10.283857861322469,10.283857861322469,10.283857861322469,10.930000305175781,10.539999961853027,10.899999618530273,10.739999771118164,-0.6461424438533125,-0.25614210053055864,-0.6161417572078047,-0.45614190979569536,-0.22614985534865936,-0.08964973518569552,-0.21564961502273164,-0.15964966842849337,-0.022117743080144407,-0.6046876282520945,-0.32658761041205153,0.09623248444158822,-1,1,-1,1,-13,13,-13,13,-13,12,-12,13
1783308127.485808,35.0,0.0,0.0,35.0,0.0,0,10.283857861322469,10.283857861322469,10.283857861322469,10.283857861322469,10.59000015258789,11.0,10.350000381469727,10.90999984741211,-0.3061422912654219,-0.7161421386775313,-0.06614252014725786,-0.6261419860896407,-0.10714980194289767,-0.25064974853713595,-0.023149882051540248,-0.21914969513137422,-0.024873023701533204,-0.6111329075001923,-0.32718289309337684,0.09059720656678145,-1,1,-1,1,-13,13,-13,13,-13,12,-13,13
1783308127.5055988,35.0,0.0,0.0,35.0,0.0,0,10.283857861322469,10.283857861322469,10.283857861322469,10.283857861322469,10.59000015258789,11.0,10.350000381469727,10.90999984741211,-0.3061422912654219,-0.7161421386775313,-0.06614252014725786,-0.6261419860896407,-0.10714980194289767,-0.25064974853713595,-0.023149882051540248,-0.21914969513137422,-0.027628304322922,-0.6175781867482901,-0.32777817577470214,0.08496192869197469,-1,1,-1,1,-13,13,-13,13,-13,12,-13,13
1783308127.5257125,35.0,0.0,0.0,35.0,0.0,0,10.283857861322469,10.283857861322469,10.283857861322469,10.283857861322469,10.59000015258789,11.0,10.350000381469727,10.90999984741211,-0.3061422912654219,-0.7161421386775313,-0.06614252014725786,-0.6261419860896407,-0.10714980194289767,-0.25064974853713595,-0.023149882051540248,-0.21914969513137422,-0.030383584944310798,-0.6240234659963879,-0.32837345845602744,0.07932665081716793,-1,1,-1,1,-13,13,-13,13,-13,12,-13,13
1783308127.5456264,35.0,0.0,0.0,35.0,0.0,0,10.283857861322469,10.283857861322469,10.283857861322469,10.283857861322469,10.130000114440918,11.319999694824219,9.960000038146973,10.8100004196167,0.15385774688155074,-1.03614183350175,0.32385782317549605,-0.5261425582942305,0.05385021140854276,-0.3626496417256125,0.11335023811142361,-0.18414989540298066,-0.02899886522237684,-0.6333487424979036,-0.32545873804744796,0.07459136779251985,-1,1,-1,1,-13,13,-13,13,-13,12,-13,13
1783308127.5657895,35.0,0.0,0.0,35.0,0.0,0,10.283857861322469,10.283857861322469,10.283857861322469,10.283857861322469,10.130000114440918,11.319999694824219,9.960000038146973,10.8100004196167,0.15385774688155074,-1.03614183350175,0.32385782317549605,-0.5261425582942305,0.05385021140854276,-0.3626496417256125,0.11335023811142361,-0.18414989540298066,-0.027614145500442885,-0.6426740189994193,-0.3225440176388685,0.06985608476787178,-1,1,-1,1,-13,13,-13,13,-13,12,-13,13
1783308127.5857103,35.0,0.0,0.0,35.0,0.0,0,10.283857861322469,10.283857861322469,10.283857861322469,10.283857861322469,9.8100004196167,10.869999885559082,10.59000015258789,10.739999771118164,0.4738574417057695,-0.5861420242366133,-0.3061422912654219,-0.45614190979569536,0.16585010459701932,-0.20514970848281466,-0.10714980194289767,-0.15964966842849337,-0.02334942852509096,-0.6479492972175489,-0.3252992982602573,0.06575080757971052,-1,1,-1,1,-13,13,-13,13,-13,12,-13,13
1783308127.6056511,35.0,0.0,0.0,35.0,0.0,0,10.283857861322469,10.283857861322469,10.283857861322469,10.283857861322469,9.8100004196167,10.869999885559082,10.59000015258789,10.739999771118164,0.4738574417057695,-0.5861420242366133,-0.3061422912654219,-0.45614190979569536,0.16585010459701932,-0.20514970848281466,-0.10714980194289767,-0.15964966842849337,-0.019084711549739033,-0.6532245754356785,-0.3280545788816461,0.06164553039154927,-1,1,-1,1,-13,13,-13,13,-13,12,-13,13
1783308127.625614,35.0,0.0,0.0,35.0,0.0,0,10.283857861322469,10.283857861322469,10.283857861322469,10.283857861322469,9.8100004196167,10.869999885559082,10.59000015258789,10.739999771118164,0.4738574417057695,-0.5861420242366133,-0.3061422912654219,-0.45614190979569536,0.16585010459701932,-0.20514970848281466,-0.10714980194289767,-0.15964966842849337,-0.014819994574387107,-0.658499853653808,-0.3308098595030349,0.057540253203388014,-1,1,-1,1,-13,13,-13,13,-13,12,-13,13
1783308127.6455853,35.0,0.0,0.0,35.0,0.0,0,10.283857861322469,10.283857861322469,10.283857861322469,10.283857861322469,10.489999771118164,10.329999923706055,10.59000015258789,10.229999542236328,-0.20614190979569536,-0.04614206238358598,-0.3061422912654219,0.05385831908614058,-0.07214966842849337,-0.01614972183425509,-0.10714980194289767,0.018850411680149202,-0.016675271762548363,-0.6589151322152603,-0.3335651401244237,0.058024978075163276,-1,1,-1,1,-13,13,-13,13,-13,12,-13,13
1783308127.6656559,35.0,0.0,0.0,35.0,0.0,0,10.283857861322469,10.283857861322469,10.283857861322469,10.283857861322469,10.489999771118164,10.329999923706055,10.59000015258789,10.229999542236328,-0.20614190979569536,-0.04614206238358598,-0.3061422912654219,0.05385831908614058,-0.07214966842849337,-0.01614972183425509,-0.10714980194289767,0.018850411680149202,-0.018530548950709623,-0.6593304107767126,-0.3363204207458125,0.05850970294693854,-1,1,-1,1,-13,13,-13,13,-13,12,-13,13
1783308127.685689,35.0,0.0,0.0,35.0,0.0,0,10.283857861322469,10.283857861322469,10.283857861322469,10.283857861322469,9.829999923706055,10.619999885559082,10.130000114440918,10.329999923706055,0.453857937616414,-0.3361420242366133,0.15385774688155074,-0.04614206238358598,0.1588502781657449,-0.11764970848281465,0.05385021140854276,-0.01614972183425509,-0.014445827512161898,-0.6623556889948421,-0.33493570102387854,0.05809442438548627,-1,1,-1,1,-13,13,-13,13,-13,12,-13,13
1783308127.7057662,35.0,0.0,0.0,35.0,0.0,0,10.283857861322469,10.283857861322469,10.283857861322469,10.283857861322469,9.829999923706055,10.619999885559082,10.130000114440918,10.329999923706055,0.453857937616414,-0.3361420242366133,0.15385774688155074,-0.04614206238358598,0.1588502781657449,-0.11764970848281465,0.05385021140854276,-0.01614972183425509,-0.010361106073614172,-0.6653809672129716,-0.3335509813019446,0.057679145824033995,-1,1,-1,1,-13,13,-13,13,-13,12,-13,13
1783308127.7255926,35.0,0.0,0.0,35.0,0.0,0,10.283857861322469,10.283857861322469,10.283857861322469,10.283857861322469,9.829999923706055,10.619999885559082,10.130000114440918,10.329999923706055,0.453857937616414,-0.3361420242366133,0.15385774688155074,-0.04614206238358598,0.1588502781657449,-0.11764970848281465,0.05385021140854276,-0.01614972183425509,-0.006276384635066446,-0.668406245431101,-0.33216626158001067,0.05726386726258172,-1,1,-1,1,-13,13,-13,13,-13,12,-13,13
1783308127.7457366,35.0,0.0,0.0,35.0,0.0,0,10.283857861322469,10.283857861322469,10.283857861322469,10.283857861322469,8.920000076293945,11.289999961853027,9.8100004196167,10.180000305175781,1.3638577850285234,-1.0061421005305586,0.4738574417057695,0.10385755614668746,0.4773502247599832,-0.3521497351856955,0.16585010459701932,0.03635014465134061,0.005998335430190265,-0.677461524335876,-0.32790154460465876,0.05819858526790191,-1,1,-1,1,-13,13,-13,13,-13,12,-13,13
1783308127.7657795,0.0,0.0,0.0,0.0,0.0,0,0.0,0.0,0.0,0.0,8.920000076293945,11.289999961853027,9.8100004196167,10.180000305175781,-8.920000076293945,-11.289999961853027,-9.8100004196167,-10.180000305175781,-3.1220000267028807,-3.9514999866485594,-3.4335001468658444,-3.5630001068115233,0.0,0.0,0.0,0.0,-1,1,-1,1,0,0,0,0,0,0,0,0
1783308127.7856658,0.0,0.0,0.0,0.0,0.0,0,0.0,0.0,0.0,0.0,9.1899995803833,10.619999885559082,9.579999923706055,9.609999656677246,-9.1899995803833,-10.619999885559082,-9.579999923706055,-9.609999656677246,-3.216499853134155,-3.7169999599456784,-3.352999973297119,-3.363499879837036,0.0,0.0,0.0,0.0,-1,1,-1,1,0,0,0,0,0,0,0,0
1783308127.805575,0.0,0.0,0.0,0.0,0.0,0,0.0,0.0,0.0,0.0,9.1899995803833,10.619999885559082,9.579999923706055,9.609999656677246,-9.1899995803833,-10.619999885559082,-9.579999923706055,-9.609999656677246,-3.216499853134155,-3.7169999599456784,-3.352999973297119,-3.363499879837036,0.0,0.0,0.0,0.0,-1,1,-1,1,0,0,0,0,0,0,0,0
1783308127.825733,0.0,0.0,0.0,0.0,0.0,0,0.0,0.0,0.0,0.0,9.1899995803833,10.619999885559082,9.579999923706055,9.609999656677246,-9.1899995803833,-10.619999885559082,-9.579999923706055,-9.609999656677246,-3.216499853134155,-3.7169999599456784,-3.352999973297119,-3.363499879837036,0.0,0.0,0.0,0.0,-1,1,-1,1,0,0,0,0,0,0,0,0
1783308127.845688,0.0,0.0,0.0,0.0,0.0,0,0.0,0.0,0.0,0.0,8.020000457763672,9.020000457763672,8.739999771118164,8.770000457763672,-8.020000457763672,-9.020000457763672,-8.739999771118164,-8.770000457763672,-2.807000160217285,-3.157000160217285,-3.0589999198913573,-3.069500160217285,0.0,0.0,0.0,0.0,-1,1,-1,1,0,0,0,0,0,0,0,0
1783308127.8656816,0.0,0.0,0.0,0.0,0.0,0,0.0,0.0,0.0,0.0,8.020000457763672,9.020000457763672,8.739999771118164,8.770000457763672,-8.020000457763672,-9.020000457763672,-8.739999771118164,-8.770000457763672,-2.807000160217285,-3.157000160217285,-3.0589999198913573,-3.069500160217285,0.0,0.0,0.0,0.0,-1,1,-1,1,0,0,0,0,0,0,0,0
1783308127.885732,0.0,0.0,0.0,0.0,0.0,0,0.0,0.0,0.0,0.0,5.840000152587891,7.440000057220459,6.800000190734863,7.269999980926514,-5.840000152587891,-7.440000057220459,-6.800000190734863,-7.269999980926514,-2.0440000534057616,-2.6040000200271605,-2.380000066757202,-2.54449999332428,0.0,0.0,0.0,0.0,-1,1,-1,1,0,0,0,0,0,0,0,0
1783308127.905718,0.0,0.0,0.0,0.0,0.0,0,0.0,0.0,0.0,0.0,5.840000152587891,7.440000057220459,6.800000190734863,7.269999980926514,-5.840000152587891,-7.440000057220459,-6.800000190734863,-7.269999980926514,-2.0440000534057616,-2.6040000200271605,-2.380000066757202,-2.54449999332428,0.0,0.0,0.0,0.0,-1,1,-1,1,0,0,0,0,0,0,0,0
1783308127.9257085,0.0,0.0,0.0,0.0,0.0,0,0.0,0.0,0.0,0.0,5.840000152587891,7.440000057220459,6.800000190734863,7.269999980926514,-5.840000152587891,-7.440000057220459,-6.800000190734863,-7.269999980926514,-2.0440000534057616,-2.6040000200271605,-2.380000066757202,-2.54449999332428,0.0,0.0,0.0,0.0,-1,1,-1,1,0,0,0,0,0,0,0,0
1783308127.9457262,0.0,0.0,0.0,0.0,0.0,0,0.0,0.0,0.0,0.0,4.090000152587891,5.440000057220459,4.989999771118164,5.090000152587891,-4.090000152587891,-5.440000057220459,-4.989999771118164,-5.090000152587891,-1.4315000534057616,-1.9040000200271605,-1.7464999198913573,-1.7815000534057617,0.0,0.0,0.0,0.0,-1,1,-1,1,0,0,0,0,0,0,0,0
1783308127.965628,0.0,0.0,0.0,0.0,0.0,0,0.0,0.0,0.0,0.0,4.090000152587891,5.440000057220459,4.989999771118164,5.090000152587891,-4.090000152587891,-5.440000057220459,-4.989999771118164,-5.090000152587891,-1.4315000534057616,-1.9040000200271605,-1.7464999198913573,-1.7815000534057617,0.0,0.0,0.0,0.0,-1,1,-1,1,0,0,0,0,0,0,0,0
1783308127.9857345,0.0,0.0,0.0,0.0,0.0,0,0.0,0.0,0.0,0.0,2.859999895095825,3.809999942779541,3.490000009536743,3.559999942779541,-2.859999895095825,-3.809999942779541,-3.490000009536743,-3.559999942779541,-1.0009999632835387,-1.3334999799728393,-1.22150000333786,-1.2459999799728392,0.0,0.0,0.0,0.0,-1,1,-1,1,0,0,0,0,0,0,0,0
1783308128.0055923,0.0,0.0,0.0,0.0,0.0,0,0.0,0.0,0.0,0.0,2.859999895095825,3.809999942779541,3.490000009536743,3.559999942779541,-2.859999895095825,-3.809999942779541,-3.490000009536743,-3.559999942779541,-1.0009999632835387,-1.3334999799728393,-1.22150000333786,-1.2459999799728392,0.0,0.0,0.0,0.0,-1,1,-1,1,0,0,0,0,0,0,0,0
1783308128.0256033,0.0,0.0,0.0,0.0,0.0,0,0.0,0.0,0.0,0.0,2.859999895095825,3.809999942779541,3.490000009536743,3.559999942779541,-2.859999895095825,-3.809999942779541,-3.490000009536743,-3.559999942779541,-1.0009999632835387,-1.3334999799728393,-1.22150000333786,-1.2459999799728392,0.0,0.0,0.0,0.0,-1,1,-1,1,0,0,0,0,0,0,0,0
1783308128.0455768,0.0,0.0,0.0,0.0,0.0,0,0.0,0.0,0.0,0.0,2.0,2.6600000858306885,2.440000057220459,2.490000009536743,-2.0,-2.6600000858306885,-2.440000057220459,-2.490000009536743,-0.7,-0.931000030040741,-0.8540000200271606,-0.87150000333786,0.0,0.0,0.0,0.0,-1,1,-1,1,0,0,0,0,0,0,0,0
1783308128.065606,0.0,0.0,0.0,0.0,0.0,0,0.0,0.0,0.0,0.0,2.0,2.6600000858306885,2.440000057220459,2.490000009536743,-2.0,-2.6600000858306885,-2.440000057220459,-2.490000009536743,-0.7,-0.931000030040741,-0.8540000200271606,-0.87150000333786,0.0,0.0,0.0,0.0,-1,1,-1,1,0,0,0,0,0,0,0,0
1783308128.0856853,0.0,0.0,0.0,0.0,0.0,0,0.0,0.0,0.0,0.0,1.399999976158142,1.8600000143051147,1.7100000381469727,1.75,-1.399999976158142,-1.8600000143051147,-1.7100000381469727,-1.75,-0.4899999916553497,-0.6510000050067901,-0.5985000133514404,-0.6124999999999999,0.0,0.0,0.0,0.0,-1,1,-1,1,0,0,0,0,0,0,0,0
1783308128.1055915,0.0,0.0,0.0,0.0,0.0,0,0.0,0.0,0.0,0.0,1.399999976158142,1.8600000143051147,1.7100000381469727,1.75,-1.399999976158142,-1.8600000143051147,-1.7100000381469727,-1.75,-0.4899999916553497,-0.6510000050067901,-0.5985000133514404,-0.6124999999999999,0.0,0.0,0.0,0.0,-1,1,-1,1,0,0,0,0,0,0,0,0
1783308128.1256144,0.0,0.0,0.0,0.0,0.0,0,0.0,0.0,0.0,0.0,1.399999976158142,1.8600000143051147,1.7100000381469727,1.75,-1.399999976158142,-1.8600000143051147,-1.7100000381469727,-1.75,-0.4899999916553497,-0.6510000050067901,-0.5985000133514404,-0.6124999999999999,0.0,0.0,0.0,0.0,-1,1,-1,1,0,0,0,0,0,0,0,0
1783308128.145793,0.0,0.0,0.0,0.0,0.0,0,0.0,0.0,0.0,0.0,0.9800000190734863,1.309999942779541,1.2000000476837158,1.2200000286102295,-0.9800000190734863,-1.309999942779541,-1.2000000476837158,-1.2200000286102295,-0.34300000667572017,-0.4584999799728393,-0.42000001668930054,-0.4270000100135803,0.0,0.0,0.0,0.0,-1,1,-1,1,0,0,0,0,0,0,0,0
1783308128.1656039,0.0,0.0,0.0,0.0,0.0,0,0.0,0.0,0.0,0.0,0.9800000190734863,1.309999942779541,1.2000000476837158,1.2200000286102295,-0.9800000190734863,-1.309999942779541,-1.2000000476837158,-1.2200000286102295,-0.34300000667572017,-0.4584999799728393,-0.42000001668930054,-0.4270000100135803,0.0,0.0,0.0,0.0,-1,1,-1,1,0,0,0,0,0,0,0,0
1783308128.1856668,0.0,0.0,0.0,0.0,0.0,0,0.0,0.0,0.0,0.0,0.6899999976158142,0.9100000262260437,0.8399999737739563,0.8600000143051147,-0.6899999976158142,-0.9100000262260437,-0.8399999737739563,-0.8600000143051147,-0.24149999916553497,-0.31850000917911525,-0.2939999908208847,-0.30100000500679014,0.0,0.0,0.0,0.0,-1,1,-1,1,0,0,0,0,0,0,0,0
1783308128.205601,0.0,0.0,0.0,0.0,0.0,0,0.0,0.0,0.0,0.0,0.6899999976158142,0.9100000262260437,0.8399999737739563,0.8600000143051147,-0.6899999976158142,-0.9100000262260437,-0.8399999737739563,-0.8600000143051147,-0.24149999916553497,-0.31850000917911525,-0.2939999908208847,-0.30100000500679014,0.0,0.0,0.0,0.0,-1,1,-1,1,0,0,0,0,0,0,0,0
1783308128.2256777,0.0,0.0,0.0,0.0,0.0,0,0.0,0.0,0.0,0.0,0.6899999976158142,0.9100000262260437,0.8399999737739563,0.8600000143051147,-0.6899999976158142,-0.9100000262260437,-0.8399999737739563,-0.8600000143051147,-0.24149999916553497,-0.31850000917911525,-0.2939999908208847,-0.30100000500679014,0.0,0.0,0.0,0.0,-1,1,-1,1,0,0,0,0,0,0,0,0
1783308128.245589,0.0,0.0,0.0,0.0,0.0,0,0.0,0.0,0.0,0.0,0.47999998927116394,0.6399999856948853,0.5899999737739563,0.6000000238418579,-0.47999998927116394,-0.6399999856948853,-0.5899999737739563,-0.6000000238418579,-0.16799999624490736,-0.22399999499320983,-0.2064999908208847,-0.21000000834465027,0.0,0.0,0.0,0.0,-1,1,-1,1,0,0,0,0,0,0,0,0
1783308128.2657,0.0,0.0,0.0,0.0,0.0,0,0.0,0.0,0.0,0.0,0.47999998927116394,0.6399999856948853,0.5899999737739563,0.6000000238418579,-0.47999998927116394,-0.6399999856948853,-0.5899999737739563,-0.6000000238418579,-0.16799999624490736,-0.22399999499320983,-0.2064999908208847,-0.21000000834465027,0.0,0.0,0.0,0.0,-1,1,-1,1,0,0,0,0,0,0,0,0
1783308128.2856805,0.0,0.0,0.12,0.0,0.0,1,10.225092959257768,-10.225092959257768,10.225092959257768,-10.225092959257768,0.3400000035762787,0.44999998807907104,0.4099999964237213,0.41999998688697815,9.88509295568149,-10.67509294733684,9.815092962834047,-10.645092946144747,3.459782534488521,-3.7362825315678934,3.435282536991916,-3.725782531150661,0.08896583660113341,-0.09607583652603156,0.08833583666550643,-0.09580583651530272,-1,1,-1,1,-18,-18,-18,-18,-22,-22,-22,-22
1783308128.305728,0.0,0.0,0.12,0.0,0.0,1,10.225092959257768,-10.225092959257768,10.225092959257768,-10.225092959257768,0.3400000035762787,0.44999998807907104,0.4099999964237213,0.41999998688697815,9.88509295568149,-10.67509294733684,9.815092962834047,-10.645092946144747,3.459782534488521,-3.7362825315678934,3.435282536991916,-3.725782531150661,0.17793167320226683,-0.19215167305206313,0.17667167333101286,-0.19161167303060544,-1,1,-1,1,-18,-18,-18,-18,-22,-22,-22,-22
1783308128.3257582,0.0,0.0,0.12,0.0,0.0,1,10.225092959257768,-10.225092959257768,10.225092959257768,-10.225092959257768,0.3400000035762787,0.44999998807907104,0.4099999964237213,0.41999998688697815,9.88509295568149,-10.67509294733684,9.815092962834047,-10.645092946144747,3.459782534488521,-3.7362825315678934,3.435282536991916,-3.725782531150661,0.2668975098034002,-0.2882275095780947,0.2650075099965193,-0.28741750954590817,-1,1,-1,1,-18,-18,-18,-18,-22,-22,-22,-22
1783308128.3456497,0.0,0.0,0.12,0.0,0.0,1,10.225092959257768,-10.225092959257768,10.225092959257768,-10.225092959257768,0.46000000834465027,0.3100000023841858,0.28999999165534973,0.28999999165534973,9.765092950913118,-10.535092961641954,9.935092967602419,-10.515092950913118,3.417782532819591,-3.6872825365746835,3.4772825386608464,-3.680282532819591,0.3547833463616183,-0.3830433462328723,0.3544233467049411,-0.3820533461041262,-1,1,-1,1,-18,-18,-18,-18,-22,-22,-22,-22
1783308128.3656373,0.0,0.0,0.12,0.0,0.0,1,10.225092959257768,-10.225092959257768,10.225092959257768,-10.225092959257768,0.46000000834465027,0.3100000023841858,0.28999999165534973,0.28999999165534973,9.765092950913118,-10.535092961641954,9.935092967602419,-10.515092950913118,3.417782532819591,-3.6872825365746835,3.4772825386608464,-3.680282532819591,0.44266918291983637,-0.4778591828876499,0.44383918341336287,-0.4766891826623443,-1,1,-1,1,-18,-18,-18,-18,-22,-22,-22,-22
1783308128.3858027,0.0,0.0,0.12,0.0,0.0,1,10.225092959257768,-10.225092959257768,10.225092959257768,-10.225092959257768,2.5899999141693115,-0.9100000262260437,1.559999942779541,-1.3799999952316284,7.635093045088457,-9.315092933031725,8.665093016478227,-8.84509296402614,2.67228256578096,-3.2602825265611033,3.0327825557673793,-3.095782537409149,0.5113850203256325,-0.5616950192849354,0.5218250205616669,-0.5562950193385795,-1,1,-1,1,-18,-18,-18,-18,-21,-22,-22,-22
1783308128.4056406,0.0,0.0,0.12,0.0,0.0,1,10.225092959257768,-10.225092959257768,10.225092959257768,-10.225092959257768,2.5899999141693115,-0.9100000262260437,1.559999942779541,-1.3799999952316284,7.635093045088457,-9.315092933031725,8.665093016478227,-8.84509296402614,2.67228256578096,-3.2602825265611033,3.0327825557673793,-3.095782537409149,0.5801008577314286,-0.6455308556822209,0.599810857709971,-0.6359008560148147,-1,1,-1,1,-18,-18,-18,-18,-21,-22,-22,-22
1783308128.4259381,0.0,0.0,0.12,0.0,0.0,1,10.225092959257768,-10.225092959257768,10.225092959257768,-10.225092959257768,2.5899999141693115,-0.9100000262260437,1.559999942779541,-1.3799999952316284,7.635093045088457,-9.315092933031725,8.665093016478227,-8.84509296402614,2.67228256578096,-3.2602825265611033,3.0327825557673793,-3.095782537409149,0.6488166951372247,-0.7293666920795064,0.6777966948582751,-0.7155066926910499,-1,1,-1,1,-18,-18,-18,-18,-21,-22,-22,-22
1783308128.4458306,0.0,0.0,0.12,0.0,0.0,1,10.225092959257768,-10.225092959257768,10.225092959257768,-10.225092959257768,2.940000057220459,-2.9000000953674316,4.039999961853027,-3.4600000381469727,7.285092902037309,-7.325092863890337,6.185092997404741,-6.765092921110796,2.549782515713058,-2.563782502361618,2.164782549091659,-2.3677825223887785,0.7143825312555605,-0.7952925278545194,0.7334625318349177,-0.7763925289810472,-1,1,-1,1,-18,-18,-18,-18,-21,-21,-21,-21
1783308128.4656904,0.0,0.0,0.12,0.0,0.0,1,10.225092959257768,-10.225092959257768,10.225092959257768,-10.225092959257768,2.940000057220459,-2.9000000953674316,4.039999961853027,-3.4600000381469727,7.285092902037309,-7.325092863890337,6.185092997404741,-6.765092921110796,2.549782515713058,-2.563782502361618,2.164782549091659,-2.3677825223887785,0.7799483673738963,-0.8612183636295324,0.7891283688115603,-0.8372783652710443,-1,1,-1,1,-18,-18,-18,-18,-21,-21,-21,-21
1783308128.485814,0.0,0.0,0.12,0.0,0.0,1,10.225092959257768,-10.225092959257768,10.225092959257768,-10.225092959257768,3.4200000762939453,-4.75,4.860000133514404,-5.590000152587891,6.805092882963823,-5.475092959257768,5.365092825743364,-4.635092806669878,2.381782509037338,-1.916282535740219,1.8777824890101773,-1.622282482334457,0.8411942033205707,-0.9104942002628523,0.8374142042432506,-0.8789942005310731,-1,1,-1,1,-18,-18,-18,-18,-21,-21,-21,-21
1783308128.5057013,0.0,0.0,0.12,0.0,0.0,1,10.225092959257768,-10.225092959257768,10.225092959257768,-10.225092959257768,3.4200000762939453,-4.75,4.860000133514404,-5.590000152587891,6.805092882963823,-5.475092959257768,5.365092825743364,-4.635092806669878,2.381782509037338,-1.916282535740219,1.8777824890101773,-1.622282482334457,0.9024400392672451,-0.9597700368961722,0.8857000396749409,-0.920710035791102,-1,1,-1,1,-18,-18,-18,-18,-21,-21,-21,-21
1783308128.5257049,0.0,0.0,0.12,0.0,0.0,1,10.225092959257768,-10.225092959257768,10.225092959257768,-10.225092959257768,3.4200000762939453,-4.75,4.860000133514404,-5.590000152587891,6.805092882963823,-5.475092959257768,5.365092825743364,-4.635092806669878,2.381782509037338,-1.916282535740219,1.8777824890101773,-1.622282482334457,0.9636858752139196,-1.0090458735294923,0.9339858751066312,-0.9624258710511309,-1,1,-1,1,-18,-18,-18,-18,-21,-21,-21,-21
1783308128.5457008,0.0,0.0,0.12,0.0,0.0,1,10.225092959257768,-10.225092959257768,10.225092959257768,-10.225092959257768,4.659999847412109,-6.039999961853027,5.440000057220459,-7.539999961853027,5.565093111845659,-4.185092997404741,4.785092902037309,-2.685092997404741,1.9477825891459806,-1.4647825490916593,1.6747825157130583,-0.9397825490916593,1.0137717132205306,-1.046711710506135,0.977051711224967,-0.9865917080277735,-1,1,-1,1,-18,-18,-18,-18,-21,-21,-21,-20
1783308128.5656064,0.0,0.0,0.12,0.0,0.0,1,10.225092959257768,-10.225092959257768,10.225092959257768,-10.225092959257768,4.659999847412109,-6.039999961853027,5.440000057220459,-7.539999961853027,5.565093111845659,-4.185092997404741,4.785092902037309,-2.685092997404741,1.9477825891459806,-1.4647825490916593,1.6747825157130583,-0.9397825490916593,1.0638575512271415,-1.0843775474827777,1.0201175473433028,-1.0107575450044162,-1,1,-1,1,-18,-18,-18,-18,-21,-21,-21,-20
1783308128.5857244,0.0,0.0,0.12,0.0,0.0,1,10.225092959257768,-10.225092959257768,10.225092959257768,-10.225092959257768,6.429999828338623,-8.079999923706055,7.210000038146973,-8.4399995803833,3.7950931309191454,-2.1450930355517137,3.0150929211107957,-1.7850933788744676,1.3282825958217008,-0.7507825624430997,1.0552825223887785,-0.6247826826060636,1.0980133894054138,-1.1036833848027432,1.0472533836333,-1.0268233854142863,-1,1,-1,1,-18,-18,-18,-18,-20,-20,-20,-20
1783308128.605581,0.0,0.0,0.12,0.0,0.0,1,10.225092959257768,-10.225092959257768,10.225092959257768,-10.225092959257768,6.429999828338623,-8.079999923706055,7.210000038146973,-8.4399995803833,3.7950931309191454,-2.1450930355517137,3.0150929211107957,-1.7850933788744676,1.3282825958217008,-0.7507825624430997,1.0552825223887785,-0.6247826826060636,1.132169227583686,-1.1229892221227087,1.0743892199232972,-1.0428892258241564,-1,1,-1,1,-18,-18,-18,-18,-20,-20,-20,-20
1783308128.625762,0.0,0.0,0.12,0.0,0.0,1,10.225092959257768,-10.225092959257768,10.225092959257768,-10.225092959257768,6.429999828338623,-8.079999923706055,7.210000038146973,-8.4399995803833,3.7950931309191454,-2.1450930355517137,3.0150929211107957,-1.7850933788744676,1.3282825958217008,-0.7507825624430997,1.0552825223887785,-0.6247826826060636,1.1663250657619584,-1.1422950594426742,1.1015250562132943,-1.0589550662340266,-1,1,-1,1,-18,-18,-18,-18,-20,-20,-20,-20
1783308128.6455917,0.0,0.0,0.12,0.0,0.0,1,10.225092959257768,-10.225092959257768,10.225092959257768,-10.225092959257768,8.350000381469727,-9.729999542236328,9.569999694824219,-10.4399995803833,1.8750925777880418,-0.4950934170214403,0.6550932644335496,0.21490662112553238,0.6562824022258146,-0.1732826959575041,0.22928264255174235,0.07521731739393633,1.1832008989620508,-1.1467509001958671,1.1074208955931963,-1.0570209066438967,-1,1,-1,1,-18,-18,-18,-18,-20,-19,-19,-19
1783308128.665749,0.0,0.0,0.12,0.0,0.0,1,10.225092959257768,-10.225092959257768,10.225092959257768,-10.225092959257768,8.350000381469727,-9.729999542236328,9.569999694824219,-10.4399995803833,1.8750925777880418,-0.4950934170214403,0.6550932644335496,0.21490662112553238,0.6562824022258146,-0.1732826959575041,0.22928264255174235,0.07521731739393633,1.2000767321621433,-1.15120674094906,1.1133167349730984,-1.0550867470537668,-1,1,-1,1,-18,-18,-18,-18,-20,-19,-19,-19
1783308128.6857953,0.0,0.0,0.12,0.0,0.0,1,10.225092959257768,-10.225092959257768,10.225092959257768,-10.225092959257768,9.920000076293945,-11.109999656677246,10.779999732971191,-12.0600004196167,0.3050928829638231,0.8849066974194777,-0.554906773713423,1.8349074603589308,0.10678250903733807,0.30971734409681717,-0.19421737079969803,0.6422176111256257,1.2028225681088176,-1.1432425806722848,1.1083225740096776,-1.0385725799105365,-1,1,-1,1,-18,-18,-18,-18,-19,-19,-19,-18
1783308128.7056057,0.0,0.0,0.12,0.0,0.0,1,10.225092959257768,-10.225092959257768,10.225092959257768,-10.225092959257768,9.920000076293945,-11.109999656677246,10.779999732971191,-12.0600004196167,0.3050928829638231,0.8849066974194777,-0.554906773713423,1.8349074603589308,0.10678250903733807,0.30971734409681717,-0.19421737079969803,0.6422176111256257,1.205568404055492,-1.1352784203955095,1.1033284130462568,-1.0220584127673062,-1,1,-1,1,-18,-18,-18,-18,-19,-19,-19,-18
1783308128.7255723,0.0,0.0,0.12,0.0,0.0,1,10.225092959257768,-10.225092959257768,10.225092959257768,-10.225092959257768,9.920000076293945,-11.109999656677246,10.779999732971191,-12.0600004196167,0.3050928829638231,0.8849066974194777,-0.554906773713423,1.8349074603589308,0.10678250903733807,0.30971734409681717,-0.19421737079969803,0.6422176111256257,1.2083142400021663,-1.1273142601187343,1.098334252082836,-1.005544245624076,-1,1,-1,1,-18,-18,-18,-18,-19,-19,-19,-18
1783308128.7457824,0.0,0.0,0.12,0.0,0.0,1,10.225092959257768,-10.225092959257768,10.225092959257768,-10.225092959257768,11.020000457763672,-11.399999618530273,11.619999885559082,-11.84000015258789,-0.7949074985059035,1.174906659272505,-1.3949069263013136,1.6149071933301222,-0.2782176244770662,0.41121733074537675,-0.4882174242054597,0.5652175176655427,1.201160072515613,-1.1167401001852817,1.0857800897461243,-0.9910100808841049,-1,1,-1,1,-18,-18,-18,-18,-19,-19,-19,-18
1783308128.7656527,0.0,0.0,0.12,0.0,0.0,1,10.225092959257768,-10.225092959257768,10.225092959257768,-10.225092959257768,11.020000457763672,-11.399999618530273,11.619999885559082,-11.84000015258789,-0.7949074985059035,1.174906659272505,-1.3949069263013136,1.6149071933301222,-0.2782176244770662,0.41121733074537675,-0.4882174242054597,0.5652175176655427,1.19400590502906,-1.1061659402518291,1.0732259274094125,-0.9764759161441339,-1,1,-1,1,-18,-18,-18,-18,-19,-19,-19,-18
1783308128.7856667,0.0,0.0,0.12,0.0,0.0,1,10.225092959257768,-10.225092959257768,10.225092959257768,-10.225092959257768,11.34000015258789,-12.279999732971191,12.65999984741211,-13.039999961853027,-1.1149071933301222,2.054906773713423,-2.434906888154341,2.814907002595259,-0.39021751766554275,0.719217370799698,-0.8522174108540193,0.9852174509083406,1.1839717402890888,-1.0876717792884083,1.0513117654160233,-0.9511417531207765,-1,1,-1,1,-18,-18,-18,-18,-19,-18,-18,-18
1783308128.8056448,0.0,0.0,0.12,0.0,0.0,1,10.225092959257768,-10.225092959257768,10.225092959257768,-10.225092959257768,11.34000015258789,-12.279999732971191,12.65999984741211,-13.039999961853027,-1.1149071933301222,2.054906773713423,-2.434906888154341,2.814907002595259,-0.39021751766554275,0.719217370799698,-0.8522174108540193,0.9852174509083406,1.1739375755491177,-1.0691776183249875,1.0293976034226342,-0.9258075900974192,-1,1,-1,1,-18,-18,-18,-18,-19,-18,-18,-18
1783308128.8257632,0.0,0.0,0.12,0.0,0.0,1,10.225092959257768,-10.225092959257768,10.225092959257768,-10.225092959257768,11.34000015258789,-12.279999732971191,12.65999984741211,-13.039999961853027,-1.1149071933301222,2.054906773713423,-2.434906888154341,2.814907002595259,-0.39021751766554275,0.719217370799698,-0.8522174108540193,0.9852174509083406,1.1639034108091466,-1.0506834573615667,1.007483441429245,-0.9004734270740619,-1,1,-1,1,-18,-18,-18,-18,-19,-18,-18,-18
1783308128.8456342,0.0,0.0,0.12,0.0,0.0,1,10.225092959257768,-10.225092959257768,10.225092959257768,-10.225092959257768,12.010000228881836,-12.670000076293945,13.15999984741211,-14.109999656677246,-1.7849072696240675,2.444907117036177,-2.934906888154341,3.8849066974194777,-0.6247175443684236,0.8557174909626619,-1.0272174108540193,1.359717344096817,1.14783924538253,-1.0286792933082411,0.981069279435856,-0.8655092667972866,-1,1,-1,1,-18,-18,-18,-18,-19,-18,-18,-18
1783308128.86582,0.0,0.0,0.12,0.0,0.0,1,10.225092959257768,-10.225092959257768,10.225092959257768,-10.225092959257768,12.010000228881836,-12.670000076293945,13.15999984741211,-14.109999656677246,-1.7849072696240675,2.444907117036177,-2.934906888154341,3.8849066974194777,-0.6247175443684236,0.8557174909626619,-1.0272174108540193,1.359717344096817,1.1317750799559132,-1.0066751292549156,0.9546551174424669,-0.8305451065205113,-1,1,-1,1,-18,-18,-18,-18,-19,-18,-18,-18
1783308128.88565,0.0,0.0,0.12,0.0,0.0,1,10.225092959257768,-10.225092959257768,10.225092959257768,-10.225092959257768,12.260000228881836,-12.489999771118164,13.520000457763672,-13.729999542236328,-2.0349072696240675,2.2649068118603957,-3.2949074985059035,3.5049065829785597,-0.7122175443684235,0.7927173841511385,-1.1532176244770662,1.226717304042496,1.1134609145292966,-0.9862909679481721,0.9250009499559138,-0.7990009472737043,-1,1,-1,1,-18,-18,-18,-18,-18,-18,-18,-18
1783308128.9057727,0.0,0.0,0.12,0.0,0.0,1,10.225092959257768,-10.225092959257768,10.225092959257768,-10.225092959257768,12.260000228881836,-12.489999771118164,13.520000457763672,-13.729999542236328,-2.0349072696240675,2.2649068118603957,-3.2949074985059035,3.5049065829785597,-0.7122175443684235,0.7927173841511385,-1.1532176244770662,1.226717304042496,1.09514674910268,-0.9659068066414285,0.8953467824693606,-0.7674567880268972,-1,1,-1,1,-18,-18,-18,-18,-18,-18,-18,-18
1783308128.925715,0.0,0.0,0.12,0.0,0.0,1,10.225092959257768,-10.225092959257768,10.225092959257768,-10.225092959257768,12.260000228881836,-12.489999771118164,13.520000457763672,-13.729999542236328,-2.0349072696240675,2.2649068118603957,-3.2949074985059035,3.5049065829785597,-0.7122175443684235,0.7927173841511385,-1.1532176244770662,1.226717304042496,1.0768325836760635,-0.9455226453346849,0.8656926149828075,-0.7359126287800901,-1,1,-1,1,-18,-18,-18,-18,-18,-18,-18,-18
1783308128.9457254,0.0,0.0,0.12,0.0,0.0,1,10.225092959257768,-10.225092959257768,10.225092959257768,-10.225092959257768,12.430000305175781,-12.819999694824219,13.760000228881836,-14.140000343322754,-2.204907345918013,2.5949067355664504,-3.5349072696240675,3.9149073840649855,-0.7717175710713045,0.9082173574482576,-1.2372175443684235,1.3702175844227449,1.0569884175628015,-0.9221684847145868,0.8338784495561908,-0.7006784623235053,-1,1,-1,1,-18,-18,-18,-18,-18,-18,-18,-18
1783308128.9656372,0.0,0.0,0.12,0.0,0.0,1,10.225092959257768,-10.225092959257768,10.225092959257768,-10.225092959257768,12.430000305175781,-12.819999694824219,13.760000228881836,-14.140000343322754,-2.204907345918013,2.5949067355664504,-3.5349072696240675,3.9149073840649855,-0.7717175710713045,0.9082173574482576,-1.2372175443684235,1.3702175844227449,1.0371442514495395,-0.8988143240944887,0.8020642841295742,-0.6654442958669204,-1,1,-1,1,-18,-18,-18,-18,-18,-18,-18,-18
1783308128.985809,0.0,0.0,0.12,0.0,0.0,1,10.225092959257768,-10.225092959257768,10.225092959257768,-10.225092959257768,12.779999732971191,-13.279999732971191,13.260000228881836,-13.739999771118164,-2.554906773713423,3.054906773713423,-3.0349072696240675,3.5149068118603957,-0.894217370799698,1.069217370799698,-1.0622175443684236,1.2302173841511383,1.0141500904861187,-0.8713201631310679,0.7747501187029576,-0.6338101345601769,-1,1,-1,1,-18,-18,-18,-18,-18,-18,-18,-18
1783308129.0057316,0.0,0.0,0.12,0.0,0.0,1,10.225092959257768,-10.225092959257768,10.225092959257768,-10.225092959257768,12.779999732971191,-13.279999732971191,13.260000228881836,-13.739999771118164,-2.554906773713423,3.054906773713423,-3.0349072696240675,3.5149068118603957,-0.894217370799698,1.069217370799698,-1.0622175443684236,1.2302173841511383,0.9911559295226979,-0.843826002167647,0.747435953276341,-0.6021759732534333,-1,1,-1,1,-18,-18,-18,-18,-18,-18,-18,-18
1783308129.025651,0.0,0.0,0.12,0.0,0.0,1,10.225092959257768,-10.225092959257768,10.225092959257768,-10.225092959257768,12.779999732971191,-13.279999732971191,13.260000228881836,-13.739999771118164,-2.554906773713423,3.054906773713423,-3.0349072696240675,3.5149068118603957,-0.894217370799698,1.069217370799698,-1.0622175443684236,1.2302173841511383,0.9681617685592772,-0.8163318412042262,0.7201217878497245,-0.5705418119466897,-1,1,-1,1,-18,-18,-18,-18,-18,-18,-18,-18
1783308129.0455937,0.0,0.0,0.12,0.0,0.0,1,10.225092959257768,-10.225092959257768,10.225092959257768,-10.225092959257768,13.020000457763672,-12.6899995803833,12.220000267028809,-12.109999656677246,-2.7949074985059035,2.4649066211255324,-1.9949073077710402,1.8849066974194777,-0.9782176244770662,0.8627173173939363,-0.698217557719864,0.6597173440968171,0.943007601072724,-0.7941476816140964,0.7021676220797851,-0.5535776516699145,-1,1,-1,1,-18,-18,-18,-18,-18,-18,-18,-18
1783308129.0655677,0.0,0.0,0.12,0.0,0.0,1,10.225092959257768,-10.225092959257768,10.225092959257768,-10.225092959257768,13.020000457763672,-12.6899995803833,12.220000267028809,-12.109999656677246,-2.7949074985059035,2.4649066211255324,-1.9949073077710402,1.8849066974194777,-0.9782176244770662,0.8627173173939363,-0.698217557719864,0.6597173440968171,0.9178534335861708,-0.7719635220239667,0.6842134563098458,-0.5366134913931392,-1,1,-1,1,-18,-18,-18,-18,-18,-18,-18,-18
1783308129.0857644,0.0,0.0,0.12,0.0,0.0,1,10.225092959257768,-10.225092959257768,10.225092959257768,-10.225092959257768,12.960000038146973,-12.960000038146973,10.59000015258789,-10.289999961853027,-2.7349070788892043,2.7349070788892043,-0.3649071933301222,0.06490700259525894,-0.9572174776112214,0.9572174776112214,-0.12771751766554276,0.02271745090834063,0.893239269876168,-0.7473493583139639,0.6809292915698747,-0.5360293283697819,-1,1,-1,1,-18,-18,-18,-18,-18,-18,-19,-19
1783308129.1056376,0.0,0.0,0.12,0.0,0.0,1,10.225092959257768,-10.225092959257768,10.225092959257768,-10.225092959257768,12.960000038146973,-12.960000038146973,10.59000015258789,-10.289999961853027,-2.7349070788892043,2.7349070788892043,-0.3649071933301222,0.06490700259525894,-0.9572174776112214,0.9572174776112214,-0.12771751766554276,0.02271745090834063,0.8686251061661652,-0.7227351946039611,0.6776451268299036,-0.5354451653464246,-1,1,-1,1,-18,-18,-18,-18,-18,-18,-19,-19
1783308129.1257236,0.0,0.0,0.12,0.0,0.0,1,10.225092959257768,-10.225092959257768,10.225092959257768,-10.225092959257768,12.960000038146973,-12.960000038146973,10.59000015258789,-10.289999961853027,-2.7349070788892043,2.7349070788892043,-0.3649071933301222,0.06490700259525894,-0.9572174776112214,0.9572174776112214,-0.12771751766554276,0.02271745090834063,0.8440109424561624,-0.6981210308939583,0.6743609620899326,-0.5348610023230673,-1,1,-1,1,-18,-18,-18,-18,-18,-18,-19,-19
1783308129.1457074,0.0,0.0,0.12,0.0,0.0,1,10.225092959257768,-10.225092959257768,10.225092959257768,-10.225092959257768,13.149999618530273,-13.600000381469727,8.550000190734863,-9.6899995803833,-2.924906659272505,3.374907422211958,1.6750927685229051,-0.5350933788744676,-1.0237173307453766,1.1812175977741852,0.5862824689830167,-0.18728268260606365,0.8176867825227099,-0.6677468640940506,0.6894367970066387,-0.5396768427329375,-1,1,-1,1,-18,-18,-18,-18,-18,-18,-19,-19
1783308129.1657598,0.0,0.0,0.12,0.0,0.0,1,10.225092959257768,-10.225092959257768,10.225092959257768,-10.225092959257768,13.149999618530273,-13.600000381469727,8.550000190734863,-9.6899995803833,-2.924906659272505,3.374907422211958,1.6750927685229051,-0.5350933788744676,-1.0237173307453766,1.1812175977741852,0.5862824689830167,-0.18728268260606365,0.7913626225892574,-0.6373726972941429,0.7045126319233449,-0.5444926831428076,-1,1,-1,1,-18,-18,-18,-18,-18,-18,-19,-19
1783308129.1856425,0.0,0.0,0.12,0.0,0.0,1,10.225092959257768,-10.225092959257768,10.225092959257768,-10.225092959257768,12.829999923706055,-13.59000015258789,7.119999885559082,-8.819999694824219,-2.6049069644482863,3.3649071933301222,3.1050930736986864,-1.4050932644335496,-0.9117174375569002,1.1777175176655428,1.0867825757945402,-0.49178264255174237,0.7679184599092228,-0.6070885325541718,0.7324584695866331,-0.5571385225227096,-1,1,-1,1,-18,-18,-18,-18,-18,-18,-20,-19
1783308129.2056098,0.0,0.0,0.12,0.0,0.0,1,10.225092959257768,-10.225092959257768,10.225092959257768,-10.225092959257768,12.829999923706055,-13.59000015258789,7.119999885559082,-8.819999694824219,-2.6049069644482863,3.3649071933301222,3.1050930736986864,-1.4050932644335496,-0.9117174375569002,1.1777175176655428,1.0867825757945402,-0.49178264255174237,0.7444742972291882,-0.5768043678142007,0.7604043072499213,-0.5697843619026115,-1,1,-1,1,-18,-18,-18,-18,-18,-18,-20,-19
1783308129.22568,0.0,0.0,0.12,0.0,0.0,1,10.225092959257768,-10.225092959257768,10.225092959257768,-10.225092959257768,12.829999923706055,-13.59000015258789,7.119999885559082,-8.819999694824219,-2.6049069644482863,3.3649071933301222,3.1050930736986864,-1.4050932644335496,-0.9117174375569002,1.1777175176655428,1.0867825757945402,-0.49178264255174237,0.7210301345491537,-0.5465202030742297,0.7883501449132094,-0.5824302012825134,-1,1,-1,1,-18,-18,-18,-18,-18,-18,-20,-19
1783308129.245792,0.0,0.0,0.12,0.0,0.0,1,10.225092959257768,-10.225092959257768,10.225092959257768,-10.225092959257768,11.920000076293945,-13.369999885559082,7.019999980926514,-8.210000038146973,-1.694907117036177,3.1449069263013136,3.2050929783312547,-2.0150929211107957,-0.5932174909626619,1.1007174242054596,1.121782542415939,-0.7052825223887784,0.7057759704958281,-0.5182160407375178,0.8171959817181907,-0.6005660375725106,-1,1,-1,1,-18,-18,-18,-18,-18,-18,-20,-19
1783308129.2656474,0.0,0.0,0.12,0.0,0.0,1,10.225092959257768,-10.225092959257768,10.225092959257768,-10.225092959257768,11.920000076293945,-13.369999885559082,7.019999980926514,-8.210000038146973,-1.694907117036177,3.1449069263013136,3.2050929783312547,-2.0150929211107957,-0.5932174909626619,1.1007174242054596,1.121782542415939,-0.7052825223887784,0.6905218064425025,-0.48991187840080597,0.8460418185231721,-0.6187018738625077,-1,1,-1,1,-18,-18,-18,-18,-18,-18,-20,-19
1783308129.2857707,0.0,0.0,0.12,0.0,0.0,1,10.225092959257768,-10.225092959257768,10.225092959257768,-10.225092959257768,12.1899995803833,-12.75,7.630000114440918,-8.010000228881836,-1.9649066211255324,2.5249070407422316,2.5950928448168504,-2.2150927303759325,-0.6877173173939363,0.883717464259781,0.9082824956858976,-0.7752824556315763,0.6728376468523727,-0.46718771503412587,0.8693976541265237,-0.6386377084358912,-1,1,-1,1,-18,-18,-18,-18,-18,-18,-20,-19
1783308129.305726,0.0,0.0,0.12,0.0,0.0,1,10.225092959257768,-10.225092959257768,10.225092959257768,-10.225092959257768,12.1899995803833,-12.75,7.630000114440918,-8.010000228881836,-1.9649066211255324,2.5249070407422316,2.5950928448168504,-2.2150927303759325,-0.6877173173939363,0.883717464259781,0.9082824956858976,-0.7752824556315763,0.6551534872622429,-0.4444635516674458,0.8927534897298753,-0.6585735430092746,-1,1,-1,1,-18,-18,-18,-18,-18,-18,-20,-19
1783308129.3257105,0.0,0.0,0.12,0.0,0.0,1,10.225092959257768,-10.225092959257768,10.225092959257768,-10.225092959257768,12.1899995803833,-12.75,7.630000114440918,-8.010000228881836,-1.9649066211255324,2.5249070407422316,2.5950928448168504,-2.2150927303759325,-0.6877173173939363,0.883717464259781,0.9082824956858976,-0.7752824556315763,0.6374693276721131,-0.4217393883007657,0.916109325333227,-0.6785093775826581,-1,1,-1,1,-18,-18,-18,-18,-18,-18,-20,-19
1783308129.34572,0.0,0.0,0.12,0.0,0.0,1,10.225092959257768,-10.225092959257768,10.225092959257768,-10.225092959257768,12.15999984741211,-12.550000190734863,7.829999923706055,-8.100000381469727,-1.934906888154341,2.324907231477095,2.3950930355517137,-2.125092577788042,-0.6772174108540193,0.8137175310169832,0.8382825624430997,-0.7437824022258146,0.620055165678724,-0.4008152232174718,0.9376651626531924,-0.6976352107827505,-1,1,-1,1,-18,-18,-18,-18,-18,-18,-20,-19
1783308129.3656135,0.0,0.0,0.12,0.0,0.0,1,10.225092959257768,-10.225092959257768,10.225092959257768,-10.225092959257768,12.15999984741211,-12.550000190734863,7.829999923706055,-8.100000381469727,-1.934906888154341,2.324907231477095,2.3950930355517137,-2.125092577788042,-0.6772174108540193,0.8137175310169832,0.8382825624430997,-0.7437824022258146,0.6026410036853349,-0.37989105813417795,0.9592209999731579,-0.7167610439828429,-1,1,-1,1,-18,-18,-18,-18,-18,-18,-20,-19
1783308129.38574,0.0,0.0,0.12,0.0,0.0,1,10.225092959257768,-10.225092959257768,10.225092959257768,-10.225092959257768,12.359999656677246,-12.40999984741211,6.840000152587891,-7.710000038146973,-2.1349066974194777,2.184906888154341,3.3850928066698778,-2.5150929211107957,-0.7472173440968172,0.7647174108540193,1.184782482334457,-0.8802825223887785,0.5834268434085597,-0.3602268961407889,0.9896868352331868,-0.7393968802728401,-1,1,-1,1,-18,-18,-18,-18,-18,-18,-20,-20
1783308129.4056535,0.0,0.0,0.12,0.0,0.0,1,10.225092959257768,-10.225092959257768,10.225092959257768,-10.225092959257768,12.359999656677246,-12.40999984741211,6.840000152587891,-7.710000038146973,-2.1349066974194777,2.184906888154341,3.3850928066698778,-2.5150929211107957,-0.7472173440968172,0.7647174108540193,1.184782482334457,-0.8802825223887785,0.5642126831317844,-0.34056273414739985,1.0201526704932158,-0.7620327165628373,-1,1,-1,1,-18,-18,-18,-18,-18,-18,-20,-20
1783308129.4256032,0.0,0.0,0.12,0.0,0.0,1,10.225092959257768,-10.225092959257768,10.225092959257768,-10.225092959257768,12.359999656677246,-12.40999984741211,6.840000152587891,-7.710000038146973,-2.1349066974194777,2.184906888154341,3.3850928066698778,-2.5150929211107957,-0.7472173440968172,0.7647174108540193,1.184782482334457,-0.8802825223887785,0.5449985228550092,-0.3208985721540108,1.0506185057532447,-0.7846685528528345,-1,1,-1,1,-18,-18,-18,-18,-18,-18,-20,-20
1783308129.4456046,0.0,0.0,0.12,0.0,0.0,1,10.225092959257768,-10.225092959257768,10.225092959257768,-10.225092959257768,11.819999694824219,-12.529999732971191,6.150000095367432,-6.75,-1.5949067355664504,2.304906773713423,4.075092863890337,-3.4750929592577684,-0.5582173574482576,0.806717370799698,1.4262825023616177,-1.216282535740219,0.5306443622349111,-0.30015441119059,1.0872943415282577,-0.8159443894861544,-1,1,-1,1,-18,-18,-18,-18,-18,-18,-21,-20
1783308129.4656734,0.0,0.0,0.12,0.0,0.0,1,10.225092959257768,-10.225092959257768,10.225092959257768,-10.225092959257768,11.819999694824219,-12.529999732971191,6.150000095367432,-6.75,-1.5949067355664504,2.304906773713423,4.075092863890337,-3.4750929592577684,-0.5582173574482576,0.806717370799698,1.4262825023616177,-1.216282535740219,0.516290201614813,-0.2794102502271692,1.1239701773032706,-0.8472202261194743,-1,1,-1,1,-18,-18,-18,-18,-18,-18,-21,-20
1783308129.4856994,0.0,0.0,0.12,0.0,0.0,1,10.225092959257768,-10.225092959257768,10.225092959257768,-10.225092959257768,12.119999885559082,-11.720000267028809,5.210000038146973,-6.090000152587891,-1.8949069263013136,1.4949073077710402,5.015092921110796,-4.135092806669878,-0.6632174242054597,0.523217557719864,1.7552825223887785,-1.4472824823344572,0.4992360392781012,-0.26595608445722985,1.1691060135932678,-0.8844360613795033,-1,1,-1,1,-18,-18,-18,-18,-18,-18,-21,-20
1783308129.505698,0.0,0.0,0.12,0.0,0.0,1,10.225092959257768,-10.225092959257768,10.225092959257768,-10.225092959257768,12.119999885559082,-11.720000267028809,5.210000038146973,-6.090000152587891,-1.8949069263013136,1.4949073077710402,5.015092921110796,-4.135092806669878,-0.6632174242054597,0.523217557719864,1.7552825223887785,-1.4472824823344572,0.48218187694138936,-0.2525019186872905,1.214241849883265,-0.9216518966395322,-1,1,-1,1,-18,-18,-18,-18,-18,-18,-21,-20
1783308129.5256088,0.0,0.0,0.12,0.0,0.0,1,10.225092959257768,-10.225092959257768,10.225092959257768,-10.225092959257768,12.119999885559082,-11.720000267028809,5.210000038146973,-6.090000152587891,-1.8949069263013136,1.4949073077710402,5.015092921110796,-4.135092806669878,-0.6632174242054597,0.523217557719864,1.7552825223887785,-1.4472824823344572,0.46512771460467756,-0.23904775291735114,1.2593776861732622,-0.9588677318995611,-1,1,-1,1,-18,-18,-18,-18,-18,-18,-21,-20
1783308129.5457098,0.0,0.0,0.12,0.0,0.0,1,10.225092959257768,-10.225092959257768,10.225092959257768,-10.225092959257768,11.880000114440918,-11.819999694824219,5.679999828338623,-5.619999885559082,-1.6549071551831496,1.5949067355664504,4.545093130919145,-4.605093073698686,-0.5792175043141023,0.5582173574482576,1.5907825958217008,-1.61178257579454,0.4502335502080292,-0.22469359229725308,1.3002835243515345,-1.0003135695628493,-1,1,-1,1,-18,-18,-18,-18,-18,-18,-21,-21
1783308129.5655541,0.0,0.0,0.12,0.0,0.0,1,10.225092959257768,-10.225092959257768,10.225092959257768,-10.225092959257768,11.880000114440918,-11.819999694824219,5.679999828338623,-5.619999885559082,-1.6549071551831496,1.5949067355664504,4.545093130919145,-4.605093073698686,-0.5792175043141023,0.5582173574482576,1.5907825958217008,-1.61178257579454,0.4353393858113808,-0.21033943167715502,1.3411893625298068,-1.0417594072261376,-1,1,-1,1,-18,-18,-18,-18,-18,-18,-21,-21
1783308129.5857573,0.0,0.0,0.12,0.0,0.0,1,10.225092959257768,-10.225092959257768,10.225092959257768,-10.225092959257768,12.170000076293945,-11.220000267028809,6.46999979019165,-5.739999771118164,-1.944907117036177,0.9949073077710402,3.755093169066118,-4.485093188139604,-0.6807174909626619,0.34821755771986407,1.3142826091731412,-1.5697826158488615,0.4178352217580552,-0.20138526590721567,1.3749852010514019,-1.082125245919394,-1,1,-1,1,-18,-18,-18,-18,-18,-18,-21,-21
1783308129.6057208,0.0,0.0,0.12,0.0,0.0,1,10.225092959257768,-10.225092959257768,10.225092959257768,-10.225092959257768,12.170000076293945,-11.220000267028809,6.46999979019165,-5.739999771118164,-1.944907117036177,0.9949073077710402,3.755093169066118,-4.485093188139604,-0.6807174909626619,0.34821755771986407,1.3142826091731412,-1.5697826158488615,0.4003310577047296,-0.19243110013727632,1.408781039572997,-1.1224910846126503,-1,1,-1,1,-18,-18,-18,-18,-18,-18,-21,-21
1783308129.6256049,0.0,0.0,0.12,0.0,0.0,1,10.225092959257768,-10.225092959257768,10.225092959257768,-10.225092959257768,12.170000076293945,-11.220000267028809,6.46999979019165,-5.739999771118164,-1.944907117036177,0.9949073077710402,3.755093169066118,-4.485093188139604,-0.6807174909626619,0.34821755771986407,1.3142826091731412,-1.5697826158488615,0.382826893651404,-0.18347693436733697,1.442576878094592,-1.1628569233059067,-1,1,-1,1,-18,-18,-18,-18,-18,-18,-21,-21
1783308129.6458197,0.0,0.0,0.12,0.0,0.0,1,10.225092959257768,-10.225092959257768,10.225092959257768,-10.225092959257768,11.460000038146973,-10.350000381469727,7.699999809265137,-6.510000228881836,-1.2349070788892043,0.12490742221195816,2.5250931499926317,-3.7150927303759325,-0.4322174776112215,0.04371759777418535,0.883782602497421,-1.3002824556315762,0.37171272994140114,-0.18235276756742935,1.4653027164445256,-1.1962927578792901,-1,1,-1,1,-18,-18,-18,-18,-18,-18,-20,-20
1783308129.6656036,0.0,0.0,0.12,0.0,0.0,1,10.225092959257768,-10.225092959257768,10.225092959257768,-10.225092959257768,11.460000038146973,-10.350000381469727,7.699999809265137,-6.510000228881836,-1.2349070788892043,0.12490742221195816,2.5250931499926317,-3.7150927303759325,-0.4322174776112215,0.04371759777418535,0.883782602497421,-1.3002824556315762,0.3605985662313983,-0.18122860076752173,1.4880285547944592,-1.2297285924526735,-1,1,-1,1,-18,-18,-18,-18,-18,-18,-20,-21
1783308129.6863055,0.0,0.0,0.12,0.0,0.0,1,10.225092959257768,-10.225092959257768,10.225092959257768,-10.225092959257768,11.869999885559082,-10.40999984741211,8.329999923706055,-7.949999809265137,-1.6449069263013136,0.18490688815434098,1.8950930355517137,-2.2750931499926317,-0.5757174242054597,0.06471741085401934,0.6632825624430998,-0.796282602497421,0.34579440389468646,-0.17956443877413267,1.5050843921144246,-1.2502044308026072,-1,1,-1,1,-18,-18,-18,-18,-18,-18,-20,-20
1783308129.7057824,0.0,0.0,0.12,0.0,0.0,1,10.225092959257768,-10.225092959257768,10.225092959257768,-10.225092959257768,11.869999885559082,-10.40999984741211,8.329999923706055,-7.949999809265137,-1.6449069263013136,0.18490688815434098,1.8950930355517137,-2.2750931499926317,-0.5757174242054597,0.06471741085401934,0.6632825624430998,-0.796282602497421,0.33099024155797463,-0.1779002767807436,1.52214022943439,-1.270680269152541,-1,1,-1,1,-18,-18,-18,-18,-18,-18,-20,-20
1783308129.7257264,0.0,0.0,0.12,0.0,0.0,1,10.225092959257768,-10.225092959257768,10.225092959257768,-10.225092959257768,11.869999885559082,-10.40999984741211,8.329999923706055,-7.949999809265137,-1.6449069263013136,0.18490688815434098,1.8950930355517137,-2.2750931499926317,-0.5757174242054597,0.06471741085401934,0.6632825624430998,-0.796282602497421,0.3161860792212628,-0.17623611478735454,1.5391960667543554,-1.2911561075024747,-1,1,-1,1,-18,-18,-18,-18,-18,-18,-20,-20
1783308129.7456093,0.0,0.0,0.12,0.0,0.0,1,10.225092959257768,-10.225092959257768,10.225092959257768,-10.225092959257768,12.15999984741211,-10.90999984741211,9.229999542236328,-8.0600004196167,-1.934906888154341,0.684906888154341,0.9950934170214403,-2.165092539641069,-0.6772174108540193,0.23971741085401932,0.34828269595750405,-0.7577823888743742,0.2987719172278737,-0.17007195279396548,1.5481519075075483,-1.3106419403592442,-1,1,-1,1,-18,-18,-18,-18,-18,-18,-20,-20
1783308129.7657475,0.0,0.0,0.12,0.0,0.0,1,10.225092959257768,-10.225092959257768,10.225092959257768,-10.225092959257768,12.15999984741211,-10.90999984741211,9.229999542236328,-8.0600004196167,-1.934906888154341,0.684906888154341,0.9950934170214403,-2.165092539641069,-0.6772174108540193,0.23971741085401932,0.34828269595750405,-0.7577823888743742,0.28135775523448464,-0.1639077908005764,1.5571077482607412,-1.3301277732160137,-1,1,-1,1,-18,-18,-18,-18,-18,-18,-20,-20
1783308129.7857153,0.0,0.0,0.12,0.0,0.0,1,10.225092959257768,-10.225092959257768,10.225092959257768,-10.225092959257768,12.359999656677246,-11.029999732971191,10.3100004196167,-8.579999923706055,-2.1349066974194777,0.804906773713423,-0.08490746035893082,-1.6450930355517137,-0.7472173440968172,0.28171737079969805,-0.029717611125625785,-0.5757825624430998,0.26214359495770934,-0.1566636298371556,1.5563435811175108,-1.344933610535979,-1,1,-1,1,-18,-18,-18,-18,-18,-18,-20,-20
1783308129.8055813,0.0,0.0,0.12,0.0,0.0,1,10.225092959257768,-10.225092959257768,10.225092959257768,-10.225092959257768,12.359999656677246,-11.029999732971191,10.3100004196167,-8.579999923706055,-2.1349066974194777,0.804906773713423,-0.08490746035893082,-1.6450930355517137,-0.7472173440968172,0.28171737079969805,-0.029717611125625785,-0.5757825624430998,0.24292943468093403,-0.14941946887373478,1.5555794139742805,-1.3597394478559444,-1,1,-1,1,-18,-18,-18,-18,-18,-18,-20,-20
1783308129.8256564,0.0,0.0,0.12,0.0,0.0,1,10.225092959257768,-10.225092959257768,10.225092959257768,-10.225092959257768,12.359999656677246,-11.029999732971191,10.3100004196167,-8.579999923706055,-2.1349066974194777,0.804906773713423,-0.08490746035893082,-1.6450930355517137,-0.7472173440968172,0.28171737079969805,-0.029717611125625785,-0.5757825624430998,0.22371527440415873,-0.14217530791031396,1.55481524683105,-1.3745452851759097,-1,1,-1,1,-18,-18,-18,-18,-18,-18,-20,-20
1783308129.845586,0.0,0.0,0.12,0.0,0.0,1,10.225092959257768,-10.225092959257768,10.225092959257768,-10.225092959257768,12.729999542236328,-11.119999885559082,10.84000015258789,-9.180000305175781,-2.5049065829785597,0.8949069263013136,-0.6149071933301222,-1.0450926540819871,-0.8767173040424958,0.3132174242054597,-0.21521751766554276,-0.3657824289286955,0.2011711151573517,-0.13412114557360214,1.549281082091079,-1.3839511190626477,-1,1,-1,1,-18,-18,-18,-18,-18,-18,-19,-20
1783308129.865581,0.0,0.0,0.12,0.0,0.0,1,10.225092959257768,-10.225092959257768,10.225092959257768,-10.225092959257768,12.729999542236328,-11.119999885559082,10.84000015258789,-9.180000305175781,-2.5049065829785597,0.8949069263013136,-0.6149071933301222,-1.0450926540819871,-0.8767173040424958,0.3132174242054597,-0.21521751766554276,-0.3657824289286955,0.17862695591054467,-0.1260669832368903,1.5437469173511078,-1.3933569529493857,-1,1,-1,1,-18,-18,-18,-18,-18,-18,-19,-20
1783308129.8856657,0.0,0.0,0.12,0.0,0.0,1,10.225092959257768,-10.225092959257768,10.225092959257768,-10.225092959257768,12.760000228881836,-11.180000305175781,10.979999542236328,-9.819999694824219,-2.5349072696240675,0.9549073459180129,-0.7549065829785597,-0.40509326443354965,-0.8872175443684236,0.33421757107130445,-0.2642173040424959,-0.14178264255174236,0.15581279048392807,-0.11747281712362818,1.5369527581043008,-1.3970027923292876,-1,1,-1,1,-18,-18,-18,-18,-18,-18,-19,-20
1783308129.9056487,0.0,0.0,0.12,0.0,0.0,1,10.225092959257768,-10.225092959257768,10.225092959257768,-10.225092959257768,12.760000228881836,-11.180000305175781,10.979999542236328,-9.819999694824219,-2.5349072696240675,0.9549073459180129,-0.7549065829785597,-0.40509326443354965,-0.8872175443684236,0.33421757107130445,-0.2642173040424959,-0.14178264255174236,0.13299862505731147,-0.10887865101036606,1.5301585988574937,-1.4006486317091895,-1,1,-1,1,-18,-18,-18,-18,-18,-18,-19,-20
1783308129.9257133,0.0,0.0,0.12,0.0,0.0,1,10.225092959257768,-10.225092959257768,10.225092959257768,-10.225092959257768,12.760000228881836,-11.180000305175781,10.979999542236328,-9.819999694824219,-2.5349072696240675,0.9549073459180129,-0.7549065829785597,-0.40509326443354965,-0.8872175443684236,0.33421757107130445,-0.2642173040424959,-0.14178264255174236,0.11018445963069486,-0.10028448489710394,1.5233644396106867,-1.4042944710890914,-1,1,-1,1,-18,-18,-18,-18,-18,-18,-19,-20
1783308129.945595,0.0,0.0,0.12,0.0,0.0,1,10.225092959257768,-10.225092959257768,10.225092959257768,-10.225092959257768,13.010000228881836,-11.449999809265137,11.989999771118164,-10.5,-2.7849072696240675,1.2249068500073683,-1.7649068118603957,0.2749070407422316,-0.9747175443684236,0.42871739750257887,-0.6177173841511384,0.09621746425978106,0.08512029420407825,-0.08926032324703763,1.5074802783039432,-1.4018203077224114,-1,1,-1,1,-18,-18,-18,-18,-18,-18,-19,-19
1783308129.965744,0.0,0.0,0.12,0.0,0.0,1,10.225092959257768,-10.225092959257768,10.225092959257768,-10.225092959257768,13.010000228881836,-11.449999809265137,11.989999771118164,-10.5,-2.7849072696240675,1.2249068500073683,-1.7649068118603957,0.2749070407422316,-0.9747175443684236,0.42871739750257887,-0.6177173841511384,0.09621746425978106,0.06005612877746165,-0.07823616159697132,1.4915961169971996,-1.3993461443557313,-1,1,-1,1,-18,-18,-18,-18,-18,-18,-19,-19
1783308129.985704,0.0,0.0,0.12,0.0,0.0,1,10.225092959257768,-10.225092959257768,10.225092959257768,-10.225092959257768,12.5,-11.180000305175781,12.239999771118164,-11.420000076293945,-2.2749070407422316,0.9549073459180129,-2.0149068118603957,1.194907117036177,-0.796217464259781,0.33421757107130445,-0.7052173841511384,0.4182174909626619,0.03958196541078156,-0.0696419954837092,1.473461955690456,-1.3885919803024058,-1,1,-1,1,-18,-18,-18,-18,-18,-18,-19,-19
1783308130.0056386,0.0,0.0,0.12,0.0,0.0,1,10.225092959257768,-10.225092959257768,10.225092959257768,-10.225092959257768,12.5,-11.180000305175781,12.239999771118164,-11.420000076293945,-2.2749070407422316,0.9549073459180129,-2.0149068118603957,1.194907117036177,-0.796217464259781,0.33421757107130445,-0.7052173841511384,0.4182174909626619,0.01910780204410147,-0.06104782937044708,1.4553277943837124,-1.3778378162490803,-1,1,-1,1,-18,-18,-18,-18,-18,-18,-19,-19
1783308130.0256112,0.0,0.0,0.12,0.0,0.0,1,10.225092959257768,-10.225092959257768,10.225092959257768,-10.225092959257768,12.5,-11.180000305175781,12.239999771118164,-11.420000076293945,-2.2749070407422316,0.9549073459180129,-2.0149068118603957,1.194907117036177,-0.796217464259781,0.33421757107130445,-0.7052173841511384,0.4182174909626619,-0.00136636132257862,-0.052453663257184965,1.4371936330769688,-1.3670836521957548,-1,1,-1,1,-18,-18,-18,-18,-18,-18,-19,-19
1783308130.045611,0.0,0.0,0.12,0.0,0.0,1,10.225092959257768,-10.225092959257768,10.225092959257768,-10.225092959257768,11.6899995803833,-11.680000305175781,11.970000267028809,-11.390000343322754,-1.4649066211255324,1.4549073459180129,-1.7449073077710402,1.1649073840649855,-0.5127173173939363,0.5092175710713045,-0.610717557719864,0.4077175844227449,-0.014550520912708411,-0.03935949714392285,1.4214894673070295,-1.3565994857391699,-1,1,-1,1,-18,-18,-18,-18,-18,-18,-19,-19
1783308130.0656543,0.0,0.0,0.12,0.0,0.0,1,10.225092959257768,-10.225092959257768,10.225092959257768,-10.225092959257768,11.6899995803833,-11.680000305175781,11.970000267028809,-11.390000343322754,-1.4649066211255324,1.4549073459180129,-1.7449073077710402,1.1649073840649855,-0.5127173173939363,0.5092175710713045,-0.610717557719864,0.4077175844227449,-0.027734680502838203,-0.026265331030660737,1.4057853015370902,-1.346115319282585,-1,1,-1,1,-18,-18,-18,-18,-18,-18,-19,-19
1783308130.085675,0.0,0.0,0.12,0.0,0.0,1,10.225092959257768,-10.225092959257768,10.225092959257768,-10.225092959257768,11.8100004196167,-11.569999694824219,11.770000457763672,-11.369999885559082,-1.5849074603589308,1.3449067355664504,-1.5449074985059035,1.1449069263013136,-0.5547176111256258,0.4707173574482576,-0.5407176244770662,0.40071742420545975,-0.04199884764606858,-0.014161170410562682,1.391881134050537,-1.3358111569458733,-1,1,-1,1,-18,-18,-18,-18,-18,-18,-19,-19
1783308130.105613,0.0,0.0,0.12,0.0,0.0,1,10.225092959257768,-10.225092959257768,10.225092959257768,-10.225092959257768,11.8100004196167,-11.569999694824219,11.770000457763672,-11.369999885559082,-1.5849074603589308,1.3449067355664504,-1.5449074985059035,1.1449069263013136,-0.5547176111256258,0.4707173574482576,-0.5407176244770662,0.40071742420545975,-0.05626301478929896,-0.0020570097904646263,1.3779769665639838,-1.3255069946091615,-1,1,-1,1,-18,-18,-18,-18,-18,-18,-19,-19
1783308130.1256142,0.0,0.0,0.12,0.0,0.0,1,10.225092959257768,-10.225092959257768,10.225092959257768,-10.225092959257768,11.8100004196167,-11.569999694824219,11.770000457763672,-11.369999885559082,-1.5849074603589308,1.3449067355664504,-1.5449074985059035,1.1449069263013136,-0.5547176111256258,0.4707173574482576,-0.5407176244770662,0.40071742420545975,-0.07052718193252934,0.01004715082963343,1.3640727990774306,-1.3152028322724498,-1,1,-1,1,-18,-18,-18,-18,-18,-18,-19,-19
1783308130.1456056,0.0,0.0,0.12,0.0,0.0,1,10.225092959257768,-10.225092959257768,10.225092959257768,-10.225092959257768,12.109999656677246,-11.949999809265137,12.319999694824219,-11.579999923706055,-1.8849066974194777,1.7249068500073683,-2.0949067355664504,1.3549069644482863,-0.6597173440968171,0.6037173975025789,-0.7332173574482576,0.47421743755690016,-0.08749134220930464,0.025571312479699744,1.3452186384573326,-1.3030086695924152,-1,1,-1,1,-18,-18,-18,-18,-18,-18,-19,-19
1783308130.165658,0.0,0.0,0.12,0.0,0.0,1,10.225092959257768,-10.225092959257768,10.225092959257768,-10.225092959257768,12.109999656677246,-11.949999809265137,12.319999694824219,-11.579999923706055,-1.8849066974194777,1.7249068500073683,-2.0949067355664504,1.3549069644482863,-0.6597173440968171,0.6037173975025789,-0.7332173574482576,0.47421743755690016,-0.10445550248607995,0.04109547412976606,1.3263644778372345,-1.2908145069123806,-1,1,-1,1,-18,-18,-18,-18,-18,-18,-19,-19
1783308130.1857617,0.0,0.0,0.12,0.0,0.0,1,10.225092959257768,-10.225092959257768,10.225092959257768,-10.225092959257768,12.5600004196167,-12.210000038146973,10.65999984741211,-11.5,-2.334907460358931,1.9849070788892043,-0.434906888154341,1.2749070407422316,-0.8172176111256257,0.6947174776112215,-0.15221741085401932,0.44621746425978104,-0.12546966962931033,0.0589596378397689,1.3224503158438454,-1.2793403435457005,-1,1,-1,1,-18,-18,-18,-18,-18,-18,-19,-19
1783308130.2057526,0.0,0.0,0.12,0.0,0.0,1,10.225092959257768,-10.225092959257768,10.225092959257768,-10.225092959257768,12.5600004196167,-12.210000038146973,10.65999984741211,-11.5,-2.334907460358931,1.9849070788892043,-0.434906888154341,1.2749070407422316,-0.8172176111256257,0.6947174776112215,-0.15221741085401932,0.44621746425978104,-0.1464838367725407,0.07682380154977174,1.3185361538504563,-1.2678661801790203,-1,1,-1,1,-18,-18,-18,-18,-18,-18,-19,-19
1783308130.2256067,0.0,0.0,0.12,0.0,0.0,1,10.225092959257768,-10.225092959257768,10.225092959257768,-10.225092959257768,12.5600004196167,-12.210000038146973,10.65999984741211,-11.5,-2.334907460358931,1.9849070788892043,-0.434906888154341,1.2749070407422316,-0.8172176111256257,0.6947174776112215,-0.15221741085401932,0.44621746425978104,-0.16749800391577108,0.09468796525977458,1.3146219918570672,-1.2563920168123401,-1,1,-1,1,-18,-18,-18,-18,-18,-18,-19,-19
1783308130.2456064,0.0,0.0,0.12,0.0,0.0,1,10.225092959257768,-10.225092959257768,10.225092959257768,-10.225092959257768,11.960000038146973,-12.619999885559082,10.399999618530273,-10.539999961853027,-1.7349070788892043,2.3949069263013136,-0.17490665927250504,0.31490700259525894,-0.6072174776112215,0.8382174242054597,-0.06121733074537676,0.11021745090834062,-0.18311216762577393,0.1162421275964864,1.3130478319236147,-1.2535578537889829,-1,1,-1,1,-18,-18,-18,-18,-18,-18,-19,-19
1783308130.265634,0.0,0.0,0.12,0.0,0.0,1,10.225092959257768,-10.225092959257768,10.225092959257768,-10.225092959257768,11.960000038146973,-12.619999885559082,10.399999618530273,-10.539999961853027,-1.7349070788892043,2.3949069263013136,-0.17490665927250504,0.31490700259525894,-0.6072174776112215,0.8382174242054597,-0.06121733074537676,0.11021745090834062,-0.19872633133577677,0.13779628993319823,1.3114736719901623,-1.2507236907656256,-1,1,-1,1,-18,-18,-18,-18,-18,-18,-19,-19
1783308130.285763,0.0,0.0,0.12,0.0,0.0,1,10.225092959257768,-10.225092959257768,10.225092959257768,-10.225092959257768,12.220000267028809,-12.229999542236328,10.680000305175781,-11.0,-1.9949073077710402,2.0049065829785597,-0.45490734591801285,0.7749070407422316,-0.698217557719864,0.7017173040424959,-0.1592175710713045,0.27121746425978105,-0.21668049710571613,0.15584044918000528,1.3073795058769002,-1.2437495273989456,-1,1,-1,1,-18,-18,-18,-18,-18,-18,-19,-19
1783308130.3055978,0.0,0.0,0.12,0.0,0.0,1,10.225092959257768,-10.225092959257768,10.225092959257768,-10.225092959257768,12.220000267028809,-12.229999542236328,10.680000305175781,-11.0,-1.9949073077710402,2.0049065829785597,-0.45490734591801285,0.7749070407422316,-0.698217557719864,0.7017173040424959,-0.1592175710713045,0.27121746425978105,-0.2346346628756555,0.17388460842681233,1.3032853397636381,-1.2367753640322656,-1,1,-1,1,-18,-18,-18,-18,-18,-18,-19,-19
1783308130.3255894,0.0,0.0,0.12,0.0,0.0,1,10.225092959257768,-10.225092959257768,10.225092959257768,-10.225092959257768,12.220000267028809,-12.229999542236328,10.680000305175781,-11.0,-1.9949073077710402,2.0049065829785597,-0.45490734591801285,0.7749070407422316,-0.698217557719864,0.7017173040424959,-0.1592175710713045,0.27121746425978105,-0.25258882864559484,0.19192876767361938,1.299191173650376,-1.2298012006655856,-1,1,-1,1,-18,-18,-18,-18,-18,-18,-19,-19
1783308130.3455997,0.0,0.0,0.12,0.0,0.0,1,10.225092959257768,-10.225092959257768,10.225092959257768,-10.225092959257768,11.5,-12.869999885559082,11.100000381469727,-12.0,-1.2749070407422316,2.6449069263013136,-0.8749074222119582,1.7749070407422316,-0.44621746425978104,0.9257174242054597,-0.30621759777418533,0.621217464259781,-0.26406299201227496,0.2157329300103312,1.2913170068504685,-1.2138270372989055,-1,1,-1,1,-18,-18,-18,-18,-18,-18,-19,-19
1783308130.3657324,0.0,0.0,0.12,0.0,0.0,1,10.225092959257768,-10.225092959257768,10.225092959257768,-10.225092959257768,11.5,-12.869999885559082,11.100000381469727,-12.0,-1.2749070407422316,2.6449069263013136,-0.8749074222119582,1.7749070407422316,-0.44621746425978104,0.9257174242054597,-0.30621759777418533,0.621217464259781,-0.27553715537895507,0.239537092347043,1.2834428400505609,-1.1978528739322254,-1,1,-1,1,-18,-18,-18,-18,-18,-18,-19,-19
1783308130.3856518,0.0,0.0,0.12,0.0,0.0,1,10.225092959257768,-10.225092959257768,10.225092959257768,-10.225092959257768,11.670000076293945,-11.720000267028809,10.260000228881836,-11.569999694824219,-1.444907117036177,1.4949073077710402,-0.03490726962406754,1.3449067355664504,-0.5057174909626619,0.523217557719864,-0.012217544368423637,0.4707173574482576,-0.2885413194322807,0.25299125811698236,1.2831286746239443,-1.1857487133121274,-1,1,-1,1,-18,-18,-18,-18,-18,-18,-19,-19
1783308130.4056077,0.0,0.0,0.12,0.0,0.0,1,10.225092959257768,-10.225092959257768,10.225092959257768,-10.225092959257768,11.670000076293945,-11.720000267028809,10.260000228881836,-11.569999694824219,-1.444907117036177,1.4949073077710402,-0.03490726962406754,1.3449067355664504,-0.5057174909626619,0.523217557719864,-0.012217544368423637,0.4707173574482576,-0.3015454834856063,0.2664454238869217,1.2828145091973278,-1.1736445526920294,-1,1,-1,1,-18,-18,-18,-18,-18,-18,-19,-19
1783308130.4256036,0.0,0.0,0.12,0.0,0.0,1,10.225092959257768,-10.225092959257768,10.225092959257768,-10.225092959257768,11.670000076293945,-11.720000267028809,10.260000228881836,-11.569999694824219,-1.444907117036177,1.4949073077710402,-0.03490726962406754,1.3449067355664504,-0.5057174909626619,0.523217557719864,-0.012217544368423637,0.4707173574482576,-0.3145496475389319,0.27989958965686107,1.2825003437707112,-1.1615403920719314,-1,1,-1,1,-18,-18,-18,-18,-18,-18,-19,-19
1783308130.4456027,0.0,0.0,0.12,0.0,0.0,1,10.225092959257768,-10.225092959257768,10.225092959257768,-10.225092959257768,11.109999656677246,-12.050000190734863,10.579999923706055,-10.59000015258789,-0.8849066974194777,1.8249072314770949,-0.3549069644482863,0.3649071933301222,-0.30971734409681717,0.6387175310169831,-0.12421743755690019,0.12771751766554276,-0.3225138078157072,0.29632375474015493,1.2793061810906767,-1.1582562273319603,-1,1,-1,1,-18,-18,-18,-18,-18,-18,-19,-19
1783308130.465642,0.0,0.0,0.12,0.0,0.0,1,10.225092959257768,-10.225092959257768,10.225092959257768,-10.225092959257768,11.109999656677246,-12.050000190734863,10.579999923706055,-10.59000015258789,-0.8849066974194777,1.8249072314770949,-0.3549069644482863,0.3649071933301222,-0.30971734409681717,0.6387175310169831,-0.12421743755690019,0.12771751766554276,-0.33047796809248253,0.3127479198234488,1.2761120184106423,-1.1549720625919893,-1,1,-1,1,-18,-18,-18,-18,-18,-18,-19,-19
1783308130.4857862,0.0,0.0,0.12,0.0,0.0,1,10.225092959257768,-10.225092959257768,10.225092959257768,-10.225092959257768,12.079999923706055,-11.829999923706055,10.569999694824219,-10.359999656677246,-1.8549069644482863,1.6049069644482863,-0.34490673556645035,0.1349066974194777,-0.6492174375569002,0.5617174375569002,-0.12071735744825761,0.04721734409681719,-0.34717213077251713,0.32719208250348336,1.2730078577905442,-1.153757902315214,-1,1,-1,1,-18,-18,-18,-18,-18,-18,-19,-19
1783308130.5056138,0.0,0.0,0.12,0.0,0.0,1,10.225092959257768,-10.225092959257768,10.225092959257768,-10.225092959257768,12.079999923706055,-11.829999923706055,10.569999694824219,-10.359999656677246,-1.8549069644482863,1.6049069644482863,-0.34490673556645035,0.1349066974194777,-0.6492174375569002,0.5617174375569002,-0.12071735744825761,0.04721734409681719,-0.3638662934525517,0.34163624518351793,1.269903697170446,-1.1525437420384388,-1,1,-1,1,-18,-18,-18,-18,-18,-18,-19,-19
1783308130.5256128,0.0,0.0,0.12,0.0,0.0,1,10.225092959257768,-10.225092959257768,10.225092959257768,-10.225092959257768,12.079999923706055,-11.829999923706055,10.569999694824219,-10.359999656677246,-1.8549069644482863,1.6049069644482863,-0.34490673556645035,0.1349066974194777,-0.6492174375569002,0.5617174375569002,-0.12071735744825761,0.04721734409681719,-0.3805604561325863,0.3560804078635525,1.266799536550348,-1.1513295817616636,-1,1,-1,1,-18,-18,-18,-18,-18,-18,-19,-19
1783308130.5456038,0.0,0.0,0.12,0.0,0.0,1,10.225092959257768,-10.225092959257768,10.225092959257768,-10.225092959257768,12.3100004196167,-12.130000114440918,10.569999694824219,-10.649999618530273,-2.084907460358931,1.9049071551831496,-0.34490673556645035,0.42490665927250504,-0.7297176111256257,0.6667175043141023,-0.12071735744825761,0.14871733074537674,-0.3993246232758167,0.37322457226020084,1.2636953759302498,-1.147505421828211,-1,1,-1,1,-18,-18,-18,-18,-18,-18,-19,-19
1783308130.5656095,0.0,0.0,0.12,0.0,0.0,1,10.225092959257768,-10.225092959257768,10.225092959257768,-10.225092959257768,12.3100004196167,-12.130000114440918,10.569999694824219,-10.649999618530273,-2.084907460358931,1.9049071551831496,-0.34490673556645035,0.42490665927250504,-0.7297176111256257,0.6667175043141023,-0.12071735744825761,0.14871733074537674,-0.41808879041904706,0.3903687366568492,1.2605912153101517,-1.1436812618947585,-1,1,-1,1,-18,-18,-18,-18,-18,-18,-19,-19
1783308130.585691,0.0,0.0,0.12,0.0,0.0,1,10.225092959257768,-10.225092959257768,10.225092959257768,-10.225092959257768,12.010000228881836,-10.979999542236328,11.020000457763672,-10.619999885559082,-1.7849072696240675,0.7549065829785597,-0.7949074985059035,0.39490692630131363,-0.6247175443684236,0.2642173040424959,-0.2782176244770662,0.13821742420545977,-0.43415295584566366,0.3971628959036562,1.2534370478235985,-1.1401270995580466,-1,1,-1,1,-18,-18,-18,-18,-18,-18,-19,-19
1783308130.6055903,0.0,0.0,0.12,0.0,0.0,1,10.225092959257768,-10.225092959257768,10.225092959257768,-10.225092959257768,12.010000228881836,-10.979999542236328,11.020000457763672,-10.619999885559082,-1.7849072696240675,0.7549065829785597,-0.7949074985059035,0.39490692630131363,-0.6247175443684236,0.2642173040424959,-0.2782176244770662,0.13821742420545977,-0.45021712127228025,0.40395705515046326,1.2462828803370454,-1.1365729372213347,-1,1,-1,1,-18,-18,-18,-18,-18,-18,-19,-19
1783308130.6257617,0.0,0.0,0.12,0.0,0.0,1,10.225092959257768,-10.225092959257768,10.225092959257768,-10.225092959257768,12.010000228881836,-10.979999542236328,11.020000457763672,-10.619999885559082,-1.7849072696240675,0.7549065829785597,-0.7949074985059035,0.39490692630131363,-0.6247175443684236,0.2642173040424959,-0.2782176244770662,0.13821742420545977,-0.46628128669889685,0.4107512143972703,1.2391287128504922,-1.1330187748846228,-1,1,-1,1,-18,-18,-18,-18,-18,-18,-19,-19
1783308130.6456041,0.0,0.0,0.12,0.0,0.0,1,10.225092959257768,-10.225092959257768,10.225092959257768,-10.225092959257768,12.029999732971191,-10.859999656677246,11.789999961853027,-10.380000114440918,-1.804906773713423,0.6349066974194777,-1.564907002595259,0.15490715518314957,-0.631717370799698,0.22221734409681718,-0.5477174509083406,0.05421750431410235,-0.48252544766231764,0.4164653746740456,1.225044549827135,-1.1316246104879744,-1,1,-1,1,-18,-18,-18,-18,-18,-18,-19,-19
1783308130.6656942,0.0,0.0,0.12,0.0,0.0,1,10.225092959257768,-10.225092959257768,10.225092959257768,-10.225092959257768,12.029999732971191,-10.859999656677246,11.789999961853027,-10.380000114440918,-1.804906773713423,0.6349066974194777,-1.564907002595259,0.15490715518314957,-0.631717370799698,0.22221734409681718,-0.5477174509083406,0.05421750431410235,-0.49876960862573844,0.4221795349508209,1.2109603868037777,-1.130230446091326,-1,1,-1,1,-18,-18,-18,-18,-18,-18,-19,-19
1783308130.685667,0.0,0.0,0.12,0.0,0.0,1,10.225092959257768,-10.225092959257768,10.225092959257768,-10.225092959257768,12.039999961853027,-11.0,11.199999809265137,-9.979999542236328,-1.814907002595259,0.7749070407422316,-0.9749068500073683,-0.24509341702144027,-0.6352174509083406,0.27121746425978105,-0.3412173975025789,-0.0857826959575041,-0.5151037716490958,0.429153698317501,1.2021862251537114,-1.1324362868445188,-1,1,-1,1,-18,-18,-18,-18,-18,-18,-19,-19
1783308130.7057452,0.0,0.0,0.12,0.0,0.0,1,10.225092959257768,-10.225092959257768,10.225092959257768,-10.225092959257768,12.039999961853027,-11.0,11.199999809265137,-9.979999542236328,-1.814907002595259,0.7749070407422316,-0.9749068500073683,-0.24509341702144027,-0.6352174509083406,0.27121746425978105,-0.3412173975025789,-0.0857826959575041,-0.5314379346724531,0.4361278616841811,1.1934120635036451,-1.1346421275977117,-1,1,-1,1,-18,-18,-18,-18,-18,-18,-19,-19
1783308130.7256634,0.0,0.0,0.12,0.0,0.0,1,10.225092959257768,-10.225092959257768,10.225092959257768,-10.225092959257768,12.039999961853027,-11.0,11.199999809265137,-9.979999542236328,-1.814907002595259,0.7749070407422316,-0.9749068500073683,-0.24509341702144027,-0.6352174509083406,0.27121746425978105,-0.3412173975025789,-0.0857826959575041,-0.5477720976958105,0.4431020250508612,1.1846379018535789,-1.1368479683509045,-1,1,-1,1,-18,-18,-18,-18,-18,-18,-19,-19
1783308130.7456315,0.0,0.0,0.12,0.0,0.0,1,10.225092959257768,-10.225092959257768,10.225092959257768,-10.225092959257768,11.829999923706055,-10.420000076293945,10.5600004196167,-9.479999542236328,-1.6049069644482863,0.1949071170361769,-0.3349074603589308,-0.7450934170214403,-0.5617174375569002,0.06821749096266191,-0.11721761112562577,-0.2607826959575041,-0.562216260375845,0.4448561891041868,1.1816237347103484,-1.1435538091040975,-1,1,-1,1,-18,-18,-18,-18,-18,-18,-19,-19
1783308130.7656093,0.0,0.0,0.12,0.0,0.0,1,10.225092959257768,-10.225092959257768,10.225092959257768,-10.225092959257768,11.829999923706055,-10.420000076293945,10.5600004196167,-9.479999542236328,-1.6049069644482863,0.1949071170361769,-0.3349074603589308,-0.7450934170214403,-0.5617174375569002,0.06821749096266191,-0.11721761112562577,-0.2607826959575041,-0.5766604230558796,0.44661035315751235,1.178609567567118,-1.1502596498572906,-1,1,-1,1,-18,-18,-18,-18,-18,-18,-19,-19
1783308130.785713,0.0,0.0,0.12,0.0,0.0,1,10.225092959257768,-10.225092959257768,10.225092959257768,-10.225092959257768,10.770000457763672,-9.329999923706055,10.5600004196167,-9.350000381469727,-0.5449074985059035,-0.8950930355517137,-0.3349074603589308,-0.8750925777880418,-0.1907176244770662,-0.31328256244309977,-0.11721761112562577,-0.3062824022258146,-0.5815645905424327,0.43855451583754695,1.1755954004238875,-1.158135483057383,-1,1,-1,1,-18,-18,-18,-18,-18,-18,-19,-19
1783308130.805794,0.0,0.0,0.12,0.0,0.0,1,10.225092959257768,-10.225092959257768,10.225092959257768,-10.225092959257768,10.770000457763672,-9.329999923706055,10.5600004196167,-9.350000381469727,-0.5449074985059035,-0.8950930355517137,-0.3349074603589308,-0.8750925777880418,-0.1907176244770662,-0.31328256244309977,-0.11721761112562577,-0.3062824022258146,-0.5864687580289858,0.43049867851758156,1.172581233280657,-1.1660113162574752,-1,1,-1,1,-18,-18,-18,-18,-18,-18,-19,-19
1783308130.8256576,0.0,0.0,0.12,0.0,0.0,1,10.225092959257768,-10.225092959257768,10.225092959257768,-10.225092959257768,10.770000457763672,-9.329999923706055,10.5600004196167,-9.350000381469727,-0.5449074985059035,-0.8950930355517137,-0.3349074603589308,-0.8750925777880418,-0.1907176244770662,-0.31328256244309977,-0.11721761112562577,-0.3062824022258146,-0.5913729255155389,0.42244284119761616,1.1695670661374267,-1.1738871494575676,-1,1,-1,1,-18,-18,-18,-18,-18,-18,-19,-19
1783308130.8456078,0.0,0.0,0.12,0.0,0.0,1,10.225092959257768,-10.225092959257768,10.225092959257768,-10.225092959257768,9.579999923706055,-8.569999694824219,11.010000228881836,-9.260000228881836,0.6450930355517137,-1.6550932644335496,-0.7849072696240675,-0.9650927303759325,0.22578256244309977,-0.5792826425517423,-0.2747175443684236,-0.33778245563157633,-0.5855670881955735,0.4075470018177142,1.16250290071081,-1.182572984030951,-1,1,-1,1,-18,-18,-18,-18,-18,-18,-19,-20
1783308130.8656094,0.0,0.0,0.12,0.0,0.0,1,10.225092959257768,-10.225092959257768,10.225092959257768,-10.225092959257768,9.579999923706055,-8.569999694824219,11.010000228881836,-9.260000228881836,0.6450930355517137,-1.6550932644335496,-0.7849072696240675,-0.9650927303759325,0.22578256244309977,-0.5792826425517423,-0.2747175443684236,-0.33778245563157633,-0.579761250875608,0.39265116243781223,1.1554387352841935,-1.1912588186043342,-1,1,-1,1,-18,-18,-18,-18,-18,-18,-19,-20
1783308130.885639,0.0,0.0,0.12,0.0,0.0,1,10.225092959257768,-10.225092959257768,10.225092959257768,-10.225092959257768,9.1899995803833,-8.489999771118164,9.970000267028809,-9.199999809265137,1.0350933788744676,-1.7350931881396043,0.2550926922289598,-1.0250931499926317,0.36228268260606367,-0.6072826158488615,0.08928244228013593,-0.35878260249742105,-0.5704454104657378,0.3770353237445558,1.1577345695142542,-1.200484656954268,-1,1,-1,1,-18,-18,-18,-18,-18,-18,-19,-20
1783308130.905784,0.0,0.0,0.12,0.0,0.0,1,10.225092959257768,-10.225092959257768,10.225092959257768,-10.225092959257768,9.1899995803833,-8.489999771118164,9.970000267028809,-9.199999809265137,1.0350933788744676,-1.7350931881396043,0.2550926922289598,-1.0250931499926317,0.36228268260606367,-0.6072826158488615,0.08928244228013593,-0.35878260249742105,-0.5611295700558676,0.36141948505129934,1.160030403744315,-1.2097104953042017,-1,1,-1,1,-18,-18,-18,-18,-18,-18,-19,-20
1783308130.925565,0.0,0.0,0.12,0.0,0.0,1,10.225092959257768,-10.225092959257768,10.225092959257768,-10.225092959257768,9.1899995803833,-8.489999771118164,9.970000267028809,-9.199999809265137,1.0350933788744676,-1.7350931881396043,0.2550926922289598,-1.0250931499926317,0.36228268260606367,-0.6072826158488615,0.08928244228013593,-0.35878260249742105,-0.5518137296459974,0.3458036463580429,1.1623262379743757,-1.2189363336541355,-1,1,-1,1,-18,-18,-18,-18,-18,-18,-19,-20
1783308130.9457378,0.0,0.0,0.12,0.0,0.0,1,10.225092959257768,-10.225092959257768,10.225092959257768,-10.225092959257768,9.609999656677246,-8.880000114440918,9.25,-8.930000305175781,0.6150933025805223,-1.3450928448168504,0.9750929592577684,-1.2950926540819871,0.2152826559031828,-0.47078249568589764,0.34128253574021894,-0.45328242892869547,-0.5462778899227727,0.33369781075469124,1.1711020746076957,-1.2305921675408733,-1,1,-1,1,-18,-18,-18,-18,-18,-18,-20,-20
1783308130.965611,0.0,0.0,0.12,0.0,0.0,1,10.225092959257768,-10.225092959257768,10.225092959257768,-10.225092959257768,9.609999656677246,-8.880000114440918,9.25,-8.930000305175781,0.6150933025805223,-1.3450928448168504,0.9750929592577684,-1.2950926540819871,0.2152826559031828,-0.47078249568589764,0.34128253574021894,-0.45328242892869547,-0.540742050199548,0.3215919751513396,1.1798779112410156,-1.2422480014276112,-1,1,-1,1,-18,-18,-18,-18,-18,-18,-20,-20
1783308130.9856634,0.0,0.0,0.12,0.0,0.0,1,10.225092959257768,-10.225092959257768,10.225092959257768,-10.225092959257768,9.670000076293945,-9.15999984741211,8.960000038146973,-8.520000457763672,0.5550928829638231,-1.065093111845659,1.2650929211107957,-1.7050925014940965,0.19428250903733807,-0.3727825891459806,0.44278252238877847,-0.5967823755229338,-0.5357462142528736,0.31200613714472863,1.1912637475310128,-1.257593833941058,-1,1,-1,1,-18,-18,-18,-18,-18,-18,-20,-20
1783308131.0057144,0.0,0.0,0.12,0.0,0.0,1,10.225092959257768,-10.225092959257768,10.225092959257768,-10.225092959257768,9.670000076293945,-9.15999984741211,8.960000038146973,-8.520000457763672,0.5550928829638231,-1.065093111845659,1.2650929211107957,-1.7050925014940965,0.19428250903733807,-0.3727825891459806,0.44278252238877847,-0.5967823755229338,-0.5307503783061992,0.3024202991381177,1.20264958382101,-1.2729396664545047,-1,1,-1,1,-18,-18,-18,-18,-18,-18,-20,-20
1783308131.0256,0.0,0.0,0.12,0.0,0.0,1,10.225092959257768,-10.225092959257768,10.225092959257768,-10.225092959257768,9.670000076293945,-9.15999984741211,8.960000038146973,-8.520000457763672,0.5550928829638231,-1.065093111845659,1.2650929211107957,-1.7050925014940965,0.19428250903733807,-0.3727825891459806,0.44278252238877847,-0.5967823755229338,-0.5257545423595248,0.29283446113150674,1.2140354201110073,-1.2882854989679515,-1,1,-1,1,-18,-18,-18,-18,-18,-18,-20,-20
1783308131.0456038,0.0,0.0,0.12,0.0,0.0,1,10.225092959257768,-10.225092959257768,10.225092959257768,-10.225092959257768,10.390000343322754,-9.359999656677246,9.670000076293945,-8.229999542236328,-0.1649073840649855,-0.8650933025805223,0.5550928829638231,-1.9950934170214403,-0.057717584422744925,-0.30278265590318276,0.19428250903733807,-0.698282695957504,-0.5272387088161097,0.285048621408282,1.2190312560576817,-1.3062413397211445,-1,1,-1,1,-18,-18,-18,-18,-18,-18,-19,-20
1783308131.065602,0.0,0.0,0.12,0.0,0.0,1,10.225092959257768,-10.225092959257768,10.225092959257768,-10.225092959257768,10.390000343322754,-9.359999656677246,9.670000076293945,-8.229999542236328,-0.1649073840649855,-0.8650933025805223,0.5550928829638231,-1.9950934170214403,-0.057717584422744925,-0.30278265590318276,0.19428250903733807,-0.698282695957504,-0.5287228752726946,0.2772627816850573,1.224027092004356,-1.3241971804743375,-1,1,-1,1,-18,-18,-18,-18,-18,-18,-19,-20
1783308131.0858564,0.0,0.0,0.12,0.0,0.0,1,10.225092959257768,-10.225092959257768,10.225092959257768,-10.225092959257768,10.670000076293945,-9.270000457763672,10.390000343322754,-8.699999809265137,-0.4449071170361769,-0.9550925014940965,-0.1649073840649855,-1.5250931499926317,-0.1557174909626619,-0.3342823755229338,-0.057717584422744925,-0.533782602497421,-0.5327270393260202,0.26866694917161044,1.2225429255477713,-1.3379230188242712,-1,1,-1,1,-18,-18,-18,-18,-18,-18,-19,-20
1783308131.1058316,0.0,0.0,0.12,0.0,0.0,1,10.225092959257768,-10.225092959257768,10.225092959257768,-10.225092959257768,10.670000076293945,-9.270000457763672,10.390000343322754,-8.699999809265137,-0.4449071170361769,-0.9550925014940965,-0.1649073840649855,-1.5250931499926317,-0.1557174909626619,-0.3342823755229338,-0.057717584422744925,-0.533782602497421,-0.5367312033793458,0.26007111665816357,1.2210587590911866,-1.351648857174205,-1,1,-1,1,-18,-18,-18,-18,-18,-18,-19,-20
1783308131.1257124,0.0,0.0,0.12,0.0,0.0,1,10.225092959257768,-10.225092959257768,10.225092959257768,-10.225092959257768,10.670000076293945,-9.270000457763672,10.390000343322754,-8.699999809265137,-0.4449071170361769,-0.9550925014940965,-0.1649073840649855,-1.5250931499926317,-0.1557174909626619,-0.3342823755229338,-0.057717584422744925,-0.533782602497421,-0.5407353674326714,0.2514752841447167,1.2195745926346018,-1.3653746955241386,-1,1,-1,1,-18,-18,-18,-18,-18,-18,-19,-20
1783308131.145602,0.0,0.0,0.12,0.0,0.0,1,10.225092959257768,-10.225092959257768,10.225092959257768,-10.225092959257768,10.1899995803833,-9.199999809265137,10.670000076293945,-9.489999771118164,0.03509337887446762,-1.0250931499926317,-0.4449071170361769,-0.7350931881396043,0.012282682606063666,-0.35878260249742105,-0.1557174909626619,-0.25728261584886153,-0.5404195270228012,0.24224944579478302,1.2155704285812763,-1.371990534217395,-1,1,-1,1,-18,-18,-18,-18,-18,-18,-19,-20
1783308131.1657202,0.0,0.0,0.12,0.0,0.0,1,10.225092959257768,-10.225092959257768,10.225092959257768,-10.225092959257768,10.1899995803833,-9.199999809265137,10.670000076293945,-9.489999771118164,0.03509337887446762,-1.0250931499926317,-0.4449071170361769,-0.7350931881396043,0.012282682606063666,-0.35878260249742105,-0.1557174909626619,-0.25728261584886153,-0.540103686612931,0.23302360744484935,1.2115662645279508,-1.3786063729106515,-1,1,-1,1,-18,-18,-18,-18,-18,-18,-19,-20
1783308131.1856678,0.0,0.0,0.12,0.0,0.0,1,10.225092959257768,-10.225092959257768,10.225092959257768,-10.225092959257768,10.069999694824219,-8.479999542236328,11.09000015258789,-10.039999961853027,0.15509326443354965,-1.7450934170214403,-0.8649071933301222,-0.18509299740474106,0.05428264255174237,-0.610782695957504,-0.3027175176655428,-0.06478254909165937,-0.538707847233029,0.21731776669165637,1.2037820997879798,-1.3802722098872942,-1,1,-1,1,-18,-18,-18,-18,-18,-18,-19,-19
1783308131.205748,0.0,0.0,0.12,0.0,0.0,1,10.225092959257768,-10.225092959257768,10.225092959257768,-10.225092959257768,10.069999694824219,-8.479999542236328,11.09000015258789,-10.039999961853027,0.15509326443354965,-1.7450934170214403,-0.8649071933301222,-0.18509299740474106,0.05428264255174237,-0.610782695957504,-0.3027175176655428,-0.06478254909165937,-0.537312007853127,0.2016119259384634,1.1959979350480088,-1.3819380468639368,-1,1,-1,1,-18,-18,-18,-18,-18,-18,-19,-19
1783308131.225632,0.0,0.0,0.12,0.0,0.0,1,10.225092959257768,-10.225092959257768,10.225092959257768,-10.225092959257768,10.069999694824219,-8.479999542236328,11.09000015258789,-10.039999961853027,0.15509326443354965,-1.7450934170214403,-0.8649071933301222,-0.18509299740474106,0.05428264255174237,-0.610782695957504,-0.3027175176655428,-0.06478254909165937,-0.5359161684732251,0.1859060851852704,1.1882137703080378,-1.3836038838405795,-1,1,-1,1,-18,-18,-18,-18,-18,-18,-19,-19
1783308131.245978,0.0,0.0,0.12,0.0,0.0,1,10.225092959257768,-10.225092959257768,10.225092959257768,-10.225092959257768,9.09000015258789,-7.96999979019165,11.609999656677246,-10.420000076293945,1.1350928066698778,-2.255093169066118,-1.3849066974194777,0.1949071170361769,0.3972824823344572,-0.7892826091731413,-0.48471734409681716,0.06821749096266191,-0.5257003332131962,0.16561024666367535,1.1757496100312625,-1.381849719787254,-1,1,-1,1,-18,-18,-18,-18,-18,-19,-19,-19
1783308131.2655654,0.0,0.0,0.12,0.0,0.0,1,10.225092959257768,-10.225092959257768,10.225092959257768,-10.225092959257768,9.09000015258789,-7.96999979019165,11.609999656677246,-10.420000076293945,1.1350928066698778,-2.255093169066118,-1.3849066974194777,0.1949071170361769,0.3972824823344572,-0.7892826091731413,-0.48471734409681716,0.06821749096266191,-0.5154844979531673,0.1453144081420803,1.1632854497544873,-1.3800955557339283,-1,1,-1,1,-18,-18,-18,-18,-18,-19,-19,-19
1783308131.285697,0.0,0.0,0.12,0.0,0.0,1,10.225092959257768,-10.225092959257768,10.225092959257768,-10.225092959257768,8.630000114440918,-7.849999904632568,11.069999694824219,-10.239999771118164,1.5950928448168504,-2.3750930546252,-0.8449067355664504,0.014906811860395663,0.5582824956858976,-0.8312825691188199,-0.2957173574482576,0.005217384151138482,-0.5011286623498157,0.1239385706504535,1.1556812891343893,-1.3799613944271847,-1,1,-1,1,-18,-18,-18,-18,-18,-19,-19,-19
1783308131.305791,0.0,0.0,0.12,0.0,0.0,1,10.225092959257768,-10.225092959257768,10.225092959257768,-10.225092959257768,8.630000114440918,-7.849999904632568,11.069999694824219,-10.239999771118164,1.5950928448168504,-2.3750930546252,-0.8449067355664504,0.014906811860395663,0.5582824956858976,-0.8312825691188199,-0.2957173574482576,0.005217384151138482,-0.48677282674646405,0.10256273315882669,1.1480771285142912,-1.379827233120441,-1,1,-1,1,-18,-18,-18,-18,-18,-19,-19,-19
1783308131.3256114,0.0,0.0,0.12,0.0,0.0,1,10.225092959257768,-10.225092959257768,10.225092959257768,-10.225092959257768,8.630000114440918,-7.849999904632568,11.069999694824219,-10.239999771118164,1.5950928448168504,-2.3750930546252,-0.8449067355664504,0.014906811860395663,0.5582824956858976,-0.8312825691188199,-0.2957173574482576,0.005217384151138482,-0.4724169911431124,0.08118689566719989,1.1404729678941932,-1.3796930718136975,-1,1,-1,1,-18,-18,-18,-18,-18,-19,-19,-19
1783308131.3457282,0.0,0.0,0.12,0.0,0.0,1,10.225092959257768,-10.225092959257768,10.225092959257768,-10.225092959257768,8.979999542236328,-8.65999984741211,11.149999618530273,-10.5600004196167,1.2450934170214403,-1.565093111845659,-0.924906659272505,0.3349074603589308,0.4357826959575041,-0.5477825891459807,-0.32371733074537673,0.11721761112562577,-0.46121115038991944,0.06710105766058895,1.1321488079607407,-1.376678904670467,-1,1,-1,1,-18,-18,-18,-18,-18,-18,-19,-19
1783308131.365695,0.0,0.0,0.12,0.0,0.0,1,10.225092959257768,-10.225092959257768,10.225092959257768,-10.225092959257768,8.979999542236328,-8.65999984741211,11.149999618530273,-10.5600004196167,1.2450934170214403,-1.565093111845659,-0.924906659272505,0.3349074603589308,0.4357826959575041,-0.5477825891459807,-0.32371733074537673,0.11721761112562577,-0.45000530963672647,0.05301521965397802,1.1238246480272882,-1.3736647375272366,-1,1,-1,1,-18,-18,-18,-18,-18,-18,-19,-19
1783308131.385698,0.0,0.0,0.12,0.0,0.0,1,10.225092959257768,-10.225092959257768,10.225092959257768,-10.225092959257768,9.680000305175781,-9.010000228881836,10.75,-10.34000015258789,0.5450926540819871,-1.2150927303759325,-0.5249070407422316,0.11490719333012223,0.19078242892869549,-0.42528245563157635,-0.18371746425978105,0.040217517665542775,-0.4450994757499886,0.042079385080594625,1.119100484660608,-1.3726305727872654,-1,1,-1,1,-18,-18,-18,-18,-18,-18,-19,-19
1783308131.4056544,0.0,0.0,0.12,0.0,0.0,1,10.225092959257768,-10.225092959257768,10.225092959257768,-10.225092959257768,9.680000305175781,-9.010000228881836,10.75,-10.34000015258789,0.5450926540819871,-1.2150927303759325,-0.5249070407422316,0.11490719333012223,0.19078242892869549,-0.42528245563157635,-0.18371746425978105,0.040217517665542775,-0.4401936418632507,0.031143550507211234,1.114376321293928,-1.3715964080472942,-1,1,-1,1,-18,-18,-18,-18,-18,-18,-19,-19
1783308131.425596,0.0,0.0,0.12,0.0,0.0,1,10.225092959257768,-10.225092959257768,10.225092959257768,-10.225092959257768,9.680000305175781,-9.010000228881836,10.75,-10.34000015258789,0.5450926540819871,-1.2150927303759325,-0.5249070407422316,0.11490719333012223,0.19078242892869549,-0.42528245563157635,-0.18371746425978105,0.040217517665542775,-0.43528780797651284,0.020207715933827843,1.1096521579272478,-1.370562243307323,-1,1,-1,1,-18,-18,-18,-18,-18,-18,-19,-19
1783308131.4456692,0.0,0.0,0.12,0.0,0.0,1,10.225092959257768,-10.225092959257768,10.225092959257768,-10.225092959257768,10.170000076293945,-9.930000305175781,10.920000076293945,-9.949999809265137,0.05509288296382309,-0.29509265408198715,-0.6949071170361769,-0.2750931499926317,0.01928250903733808,-0.10328242892869549,-0.2432174909626619,-0.09628260249742109,-0.43479197202983844,0.017551882047089958,1.1033979938739222,-1.3730380816572567,-1,1,-1,1,-18,-18,-18,-18,-18,-18,-19,-19
1783308131.4656143,0.0,0.0,0.12,0.0,0.0,1,10.225092959257768,-10.225092959257768,10.225092959257768,-10.225092959257768,10.170000076293945,-9.930000305175781,10.920000076293945,-9.949999809265137,0.05509288296382309,-0.29509265408198715,-0.6949071170361769,-0.2750931499926317,0.01928250903733808,-0.10328242892869549,-0.2432174909626619,-0.09628260249742109,-0.43429613608316403,0.014896048160352074,1.0971438298205967,-1.3755139200071904,-1,1,-1,1,-18,-18,-18,-18,-18,-18,-19,-19
1783308131.4856951,0.0,0.0,0.12,0.0,0.0,1,10.225092959257768,-10.225092959257768,10.225092959257768,-10.225092959257768,10.970000267028809,-10.569999694824219,10.359999656677246,-9.680000305175781,-0.7449073077710402,0.34490673556645035,-0.1349066974194777,-0.5450926540819871,-0.26071755771986405,0.12071735744825761,-0.04721734409681719,-0.19078242892869549,-0.4410003018531034,0.01800020878045013,1.0959296695438214,-1.3804197538939282,-1,1,-1,1,-18,-18,-18,-18,-18,-18,-19,-20
1783308131.505757,0.0,0.0,0.12,0.0,0.0,1,10.225092959257768,-10.225092959257768,10.225092959257768,-10.225092959257768,10.970000267028809,-10.569999694824219,10.359999656677246,-9.680000305175781,-0.7449073077710402,0.34490673556645035,-0.1349066974194777,-0.5450926540819871,-0.26071755771986405,0.12071735744825761,-0.04721734409681719,-0.19078242892869549,-0.4477044676230428,0.021104369400548183,1.0947155092670462,-1.385325587780666,-1,1,-1,1,-18,-18,-18,-18,-18,-18,-19,-20
1783308131.5256116,0.0,0.0,0.12,0.0,0.0,1,10.225092959257768,-10.225092959257768,10.225092959257768,-10.225092959257768,10.970000267028809,-10.569999694824219,10.359999656677246,-9.680000305175781,-0.7449073077710402,0.34490673556645035,-0.1349066974194777,-0.5450926540819871,-0.26071755771986405,0.12071735744825761,-0.04721734409681719,-0.19078242892869549,-0.45440863339298215,0.024208530020646237,1.093501348990271,-1.3902314216674039,-1,1,-1,1,-18,-18,-18,-18,-18,-18,-19,-20
1783308131.5457058,0.0,0.0,0.12,0.0,0.0,1,10.225092959257768,-10.225092959257768,10.225092959257768,-10.225092959257768,11.079999923706055,-11.25,9.970000267028809,-9.720000267028809,-0.8549069644482863,1.0249070407422316,0.2550926922289598,-0.5050926922289598,-0.29921743755690017,0.358717464259781,0.08928244228013593,-0.17678244228013593,-0.46210279607301674,0.03343269338732632,1.0957971832203317,-1.3947772558974645,-1,1,-1,1,-18,-18,-18,-18,-18,-18,-19,-20
1783308131.5656114,0.0,0.0,0.12,0.0,0.0,1,10.225092959257768,-10.225092959257768,10.225092959257768,-10.225092959257768,11.079999923706055,-11.25,9.970000267028809,-9.720000267028809,-0.8549069644482863,1.0249070407422316,0.2550926922289598,-0.5050926922289598,-0.29921743755690017,0.358717464259781,0.08928244228013593,-0.17678244228013593,-0.46979695875305133,0.042656856754006406,1.0980930174503925,-1.399323090127525,-1,1,-1,1,-18,-18,-18,-18,-18,-18,-19,-20
1783308131.5856678,0.0,0.0,0.12,0.0,0.0,1,10.225092959257768,-10.225092959257768,10.225092959257768,-10.225092959257768,11.149999618530273,-11.270000457763672,9.699999809265137,-9.520000457763672,-0.924906659272505,1.0449074985059035,0.5250931499926317,-0.7050925014940965,-0.32371733074537673,0.3657176244770662,0.18378260249742107,-0.24678237552293378,-0.47812111868650387,0.052061024240559535,1.1028188558003262,-1.405668922640972,-1,1,-1,1,-18,-18,-18,-18,-18,-18,-19,-20
1783308131.6057122,0.0,0.0,0.12,0.0,0.0,1,10.225092959257768,-10.225092959257768,10.225092959257768,-10.225092959257768,11.149999618530273,-11.270000457763672,9.699999809265137,-9.520000457763672,-0.924906659272505,1.0449074985059035,0.5250931499926317,-0.7050925014940965,-0.32371733074537673,0.3657176244770662,0.18378260249742107,-0.24678237552293378,-0.4864452786199564,0.061465191727112664,1.10754469415026,-1.4120147551544189,-1,1,-1,1,-18,-18,-18,-18,-18,-18,-19,-20
1783308131.6256394,0.0,0.0,0.12,0.0,0.0,1,10.225092959257768,-10.225092959257768,10.225092959257768,-10.225092959257768,11.149999618530273,-11.270000457763672,9.699999809265137,-9.520000457763672,-0.924906659272505,1.0449074985059035,0.5250931499926317,-0.7050925014940965,-0.32371733074537673,0.3657176244770662,0.18378260249742107,-0.24678237552293378,-0.49476943855340894,0.0708693592136658,1.1122705325001938,-1.4183605876678658,-1,1,-1,1,-18,-18,-18,-18,-18,-18,-19,-20
1783308131.6456068,0.0,0.0,0.12,0.0,0.0,1,10.225092959257768,-10.225092959257768,10.225092959257768,-10.225092959257768,10.75,-11.289999961853027,9.5,-9.15999984741211,-0.5249070407422316,1.064907002595259,0.7250929592577684,-1.065093111845659,-0.18371746425978105,0.37271745090834063,0.2537825357402189,-0.3727825891459806,-0.499493601920089,0.08045352223702314,1.1187963691335137,-1.4279464256744767,-1,1,-1,1,-18,-18,-18,-18,-18,-18,-19,-20
1783308131.6656017,0.0,0.0,0.12,0.0,0.0,1,10.225092959257768,-10.225092959257768,10.225092959257768,-10.225092959257768,10.75,-11.289999961853027,9.5,-9.15999984741211,-0.5249070407422316,1.064907002595259,0.7250929592577684,-1.065093111845659,-0.18371746425978105,0.37271745090834063,0.2537825357402189,-0.3727825891459806,-0.5042177652867691,0.09003768526038047,1.1253222057668335,-1.4375322636810877,-1,1,-1,1,-18,-18,-18,-18,-18,-18,-19,-20
1783308131.6856642,0.0,0.0,0.12,0.0,0.0,1,10.225092959257768,-10.225092959257768,10.225092959257768,-10.225092959257768,11.369999885559082,-11.300000190734863,9.600000381469727,-9.130000114440918,-1.1449069263013136,1.0749072314770949,0.6250925777880418,-1.0950928448168504,-0.40071742420545975,0.3762175310169832,0.21878240222581463,-0.3832824956858976,-0.5145219276234809,0.09971185034367433,1.130948038966926,-1.4473880992844392,-1,1,-1,1,-18,-18,-18,-18,-18,-18,-19,-20
1783308131.7056808,0.0,0.0,0.12,0.0,0.0,1,10.225092959257768,-10.225092959257768,10.225092959257768,-10.225092959257768,11.369999885559082,-11.300000190734863,9.600000381469727,-9.130000114440918,-1.1449069263013136,1.0749072314770949,0.6250925777880418,-1.0950928448168504,-0.40071742420545975,0.3762175310169832,0.21878240222581463,-0.3832824956858976,-0.5248260899601928,0.10938601542696819,1.1365738721670184,-1.4572439348877908,-1,1,-1,1,-18,-18,-18,-18,-18,-18,-19,-20
1783308131.7255964,0.0,0.0,0.0,0.0,0.0,0,0.0,0.0,0.0,0.0,11.369999885559082,-11.300000190734863,9.600000381469727,-9.130000114440918,-11.369999885559082,11.300000190734863,-9.600000381469727,9.130000114440918,-3.9794999599456786,3.955000066757202,-3.3600001335144043,3.195500040054321,0.0,0.0,0.0,0.0,-1,1,-1,1,0,0,0,0,0,0,0,0
1783308131.7455814,0.0,0.0,0.0,0.0,0.0,0,0.0,0.0,0.0,0.0,12.039999961853027,-11.979999542236328,9.210000038146973,-9.109999656677246,-12.039999961853027,11.979999542236328,-9.210000038146973,9.109999656677246,-4.21399998664856,4.192999839782715,-3.2235000133514404,3.188499879837036,0.0,0.0,0.0,0.0,-1,1,-1,1,0,0,0,0,0,0,0,0
1783308131.7655823,0.0,0.0,0.0,0.0,0.0,0,0.0,0.0,0.0,0.0,12.039999961853027,-11.979999542236328,9.210000038146973,-9.109999656677246,-12.039999961853027,11.979999542236328,-9.210000038146973,9.109999656677246,-4.21399998664856,4.192999839782715,-3.2235000133514404,3.188499879837036,0.0,0.0,0.0,0.0,-1,1,-1,1,0,0,0,0,0,0,0,0
1783308131.785804,0.0,0.0,0.0,0.0,0.0,0,0.0,0.0,0.0,0.0,11.369999885559082,-12.239999771118164,8.9399995803833,-8.640000343322754,-11.369999885559082,12.239999771118164,-8.9399995803833,8.640000343322754,-3.9794999599456786,4.283999919891357,-3.128999853134155,3.0240001201629636,0.0,0.0,0.0,0.0,-1,1,-1,1,0,0,0,0,0,0,0,0
1783308131.8055985,0.0,0.0,0.0,0.0,0.0,0,0.0,0.0,0.0,0.0,11.369999885559082,-12.239999771118164,8.9399995803833,-8.640000343322754,-11.369999885559082,12.239999771118164,-8.9399995803833,8.640000343322754,-3.9794999599456786,4.283999919891357,-3.128999853134155,3.0240001201629636,0.0,0.0,0.0,0.0,-1,1,-1,1,0,0,0,0,0,0,0,0
1783308131.825613,0.0,0.0,0.12,0.0,0.0,1,10.225092959257768,-10.225092959257768,10.225092959257768,-10.225092959257768,11.369999885559082,-12.239999771118164,8.9399995803833,-8.640000343322754,-1.1449069263013136,2.0149068118603957,1.2850933788744676,-1.5850926159350145,-0.40071742420545975,0.7052173841511384,0.44978268260606363,-0.554782415577255,-0.010304162336711824,0.01813416130674356,0.01156584040987021,-0.014265833543415133,-1,1,-1,1,-18,-18,-18,-18,-18,-18,-18,-19
1783308131.8456583,0.0,0.0,0.12,0.0,0.0,1,10.225092959257768,-10.225092959257768,10.225092959257768,-10.225092959257768,9.319999694824219,-9.25,6.260000228881836,-6.269999980926514,0.9050932644335496,-0.9750929592577684,3.9650927303759325,-3.9550929783312547,0.3167826425517424,-0.34128253574021894,1.3877824556315763,-1.384282542415939,-0.002158322956809877,0.009358324673423644,0.047251674983253604,-0.04986167034839643,-1,1,-1,1,-18,-18,-18,-18,-18,-18,-19,-19
1783308131.8655775,0.0,0.0,0.0,0.0,0.0,0,0.0,0.0,0.0,0.0,9.319999694824219,-9.25,6.260000228881836,-6.269999980926514,-9.319999694824219,9.25,-6.260000228881836,6.269999980926514,-3.2619998931884764,3.2375,-2.1910000801086422,2.1944999933242797,0.0,0.0,0.0,0.0,-1,1,-1,1,0,0,0,0,0,0,0,0
1783308131.88594,0.0,0.0,0.0,0.0,0.0,0,0.0,0.0,0.0,0.0,6.75,-6.46999979019165,4.610000133514404,-4.619999885559082,-6.75,6.46999979019165,-4.610000133514404,4.619999885559082,-2.3625,2.2644999265670775,-1.6135000467300413,1.6169999599456786,0.0,0.0,0.0,0.0,-1,1,-1,1,0,0,0,0,0,0,0,0
1783308131.9055865,0.0,0.0,0.0,0.0,0.0,0,0.0,0.0,0.0,0.0,6.75,-6.46999979019165,4.610000133514404,-4.619999885559082,-6.75,6.46999979019165,-4.610000133514404,4.619999885559082,-2.3625,2.2644999265670775,-1.6135000467300413,1.6169999599456786,0.0,0.0,0.0,0.0,-1,1,-1,1,0,0,0,0,0,0,0,0
1783308131.9256108,0.0,0.0,0.0,0.0,0.0,0,0.0,0.0,0.0,0.0,6.75,-6.46999979019165,4.610000133514404,-4.619999885559082,-6.75,6.46999979019165,-4.610000133514404,4.619999885559082,-2.3625,2.2644999265670775,-1.6135000467300413,1.6169999599456786,0.0,0.0,0.0,0.0,-1,1,-1,1,0,0,0,0,0,0,0,0
1783308131.945568,0.0,0.0,0.0,0.0,0.0,0,0.0,0.0,0.0,0.0,5.179999828338623,-4.980000019073486,3.680000066757202,-3.2300000190734863,-5.179999828338623,4.980000019073486,-3.680000066757202,3.2300000190734863,-1.812999939918518,1.74300000667572,-1.2880000233650206,1.13050000667572,0.0,0.0,0.0,0.0,-1,1,-1,1,0,0,0,0,0,0,0,0
1783308131.9657776,0.0,0.0,0.0,0.0,0.0,0,0.0,0.0,0.0,0.0,5.179999828338623,-4.980000019073486,3.680000066757202,-3.2300000190734863,-5.179999828338623,4.980000019073486,-3.680000066757202,3.2300000190734863,-1.812999939918518,1.74300000667572,-1.2880000233650206,1.13050000667572,0.0,0.0,0.0,0.0,-1,1,-1,1,0,0,0,0,0,0,0,0
1783308131.985684,0.0,0.0,0.12,0.0,0.0,1,10.225092959257768,-10.225092959257768,10.225092959257768,-10.225092959257768,3.619999885559082,-3.490000009536743,2.569999933242798,-2.259999990463257,6.605093073698686,-6.735092949721025,7.6550930260149705,-7.965092968794512,2.31178257579454,-2.3572825324023587,2.6792825591052396,-2.787782539078079,0.05944583766328818,-0.060615836547489234,0.06889583723413474,-0.0716858367191506,-1,1,-1,1,-18,-18,-18,-18,-20,-20,-21,-21
1783308132.0056093,0.0,0.0,0.12,0.0,0.0,1,10.225092959257768,-10.225092959257768,10.225092959257768,-10.225092959257768,3.619999885559082,-3.490000009536743,2.569999933242798,-2.259999990463257,6.605093073698686,-6.735092949721025,7.6550930260149705,-7.965092968794512,2.31178257579454,-2.3572825324023587,2.6792825591052396,-2.787782539078079,0.11889167532657637,-0.12123167309497847,0.13779167446826948,-0.1433716734383012,-1,1,-1,1,-18,-18,-18,-18,-20,-20,-21,-21
1783308132.0256484,0.0,0.0,0.0,0.0,0.0,0,0.0,0.0,0.0,0.0,3.619999885559082,-3.490000009536743,2.569999933242798,-2.259999990463257,-3.619999885559082,3.490000009536743,-2.569999933242798,2.259999990463257,-1.2669999599456787,1.22150000333786,-0.8994999766349792,0.7909999966621398,0.0,0.0,0.0,0.0,-1,1,-1,1,0,0,0,0,0,0,0,0
1783308132.0455582,0.0,0.0,0.0,0.0,0.0,0,0.0,0.0,0.0,0.0,2.759999990463257,-2.440000057220459,2.0299999713897705,-1.809999942779541,-2.759999990463257,2.440000057220459,-2.0299999713897705,1.809999942779541,-0.9659999966621399,0.8540000200271606,-0.7104999899864196,0.6334999799728394,0.0,0.0,0.0,0.0,-1,1,-1,1,0,0,0,0,0,0,0,0
1783308132.0656698,0.0,0.0,0.0,0.0,0.0,0,0.0,0.0,0.0,0.0,2.759999990463257,-2.440000057220459,2.0299999713897705,-1.809999942779541,-2.759999990463257,2.440000057220459,-2.0299999713897705,1.809999942779541,-0.9659999966621399,0.8540000200271606,-0.7104999899864196,0.6334999799728394,0.0,0.0,0.0,0.0,-1,1,-1,1,0,0,0,0,0,0,0,0
1783308132.0856314,0.0,0.0,0.0,0.0,0.0,0,0.0,0.0,0.0,0.0,3.2899999618530273,-2.390000104904175,1.8700000047683716,-1.7200000286102295,-3.2899999618530273,2.390000104904175,-1.8700000047683716,1.7200000286102295,-1.1514999866485596,0.8365000367164611,-0.65450000166893,0.6020000100135803,0.0,0.0,0.0,0.0,-1,1,-1,1,0,0,0,0,0,0,0,0
1783308132.1057868,0.0,0.0,0.0,0.0,0.0,0,0.0,0.0,0.0,0.0,3.2899999618530273,-2.390000104904175,1.8700000047683716,-1.7200000286102295,-3.2899999618530273,2.390000104904175,-1.8700000047683716,1.7200000286102295,-1.1514999866485596,0.8365000367164611,-0.65450000166893,0.6020000100135803,0.0,0.0,0.0,0.0,-1,1,-1,1,0,0,0,0,0,0,0,0
1783308132.1255636,0.0,0.0,0.0,0.0,0.0,0,0.0,0.0,0.0,0.0,3.2899999618530273,-2.390000104904175,1.8700000047683716,-1.7200000286102295,-3.2899999618530273,2.390000104904175,-1.8700000047683716,1.7200000286102295,-1.1514999866485596,0.8365000367164611,-0.65450000166893,0.6020000100135803,0.0,0.0,0.0,0.0,-1,1,-1,1,0,0,0,0,0,0,0,0
1783308132.1455998,0.0,0.0,0.0,0.0,0.0,0,0.0,0.0,0.0,0.0,2.299999952316284,-1.6699999570846558,1.309999942779541,-1.2000000476837158,-2.299999952316284,1.6699999570846558,-1.309999942779541,1.2000000476837158,-0.8049999833106994,0.5844999849796295,-0.4584999799728393,0.42000001668930054,0.0,0.0,0.0,0.0,-1,1,-1,1,0,0,0,0,0,0,0,0
1783308132.1657891,0.0,0.0,0.12,0.0,0.0,1,10.225092959257768,-10.225092959257768,10.225092959257768,-10.225092959257768,2.299999952316284,-1.6699999570846558,1.309999942779541,-1.2000000476837158,7.925093006941484,-8.555093002173113,8.915093016478227,-9.025092911574053,2.773782552429519,-2.9942825507605892,3.1202825557673792,-3.1587825190509182,0.07132583706247336,-0.07699583701955802,0.08023583714830405,-0.08122583620416648,-1,1,-1,1,-18,-18,-18,-18,-21,-21,-21,-21
1783308132.1856835,0.0,0.0,0.12,0.0,0.0,1,10.225092959257768,-10.225092959257768,10.225092959257768,-10.225092959257768,1.6100000143051147,-1.1699999570846558,0.9200000166893005,-0.8399999737739563,8.615092944952654,-9.055093002173113,9.305092942568468,-9.385092985483812,3.015282530733429,-3.169282550760589,3.2567825298989637,-3.284782544919334,0.14886167356704724,-0.15849167403911604,0.16398167363142024,-0.16569167307352078,-1,1,-1,1,-18,-18,-18,-18,-21,-21,-21,-21
1783308132.2056127,0.0,0.0,0.0,0.0,0.0,0,0.0,0.0,0.0,0.0,1.6100000143051147,-1.1699999570846558,0.9200000166893005,-0.8399999737739563,-1.6100000143051147,1.1699999570846558,-0.9200000166893005,0.8399999737739563,-0.5635000050067901,0.40949998497962947,-0.32200000584125515,0.2939999908208847,0.0,0.0,0.0,0.0,-1,1,-1,1,0,0,0,0,0,0,0,0
1783308132.225578,0.0,0.0,0.0,0.0,0.0,0,0.0,0.0,0.0,0.0,1.6100000143051147,-1.1699999570846558,0.9200000166893005,-0.8399999737739563,-1.6100000143051147,1.1699999570846558,-0.9200000166893005,0.8399999737739563,-0.5635000050067901,0.40949998497962947,-0.32200000584125515,0.2939999908208847,0.0,0.0,0.0,0.0,-1,1,-1,1,0,0,0,0,0,0,0,0
1783308132.2455914,0.0,0.0,0.0,0.0,0.0,0,0.0,0.0,0.0,0.0,1.5800000429153442,-1.2699999809265137,1.3200000524520874,-1.0399999618530273,-1.5800000429153442,1.2699999809265137,-1.3200000524520874,1.0399999618530273,-0.5530000150203704,0.44449999332427975,-0.46200001835823057,0.36399998664855954,0.0,0.0,0.0,0.0,-1,1,-1,1,0,0,0,0,0,0,0,0
1783308132.2655766,0.0,0.0,0.0,0.0,0.0,0,0.0,0.0,0.0,0.0,1.5800000429153442,-1.2699999809265137,1.3200000524520874,-1.0399999618530273,-1.5800000429153442,1.2699999809265137,-1.3200000524520874,1.0399999618530273,-0.5530000150203704,0.44449999332427975,-0.46200001835823057,0.36399998664855954,0.0,0.0,0.0,0.0,-1,1,-1,1,0,0,0,0,0,0,0,0
1783308132.2856,0.0,0.0,0.0,0.0,0.0,0,0.0,0.0,0.0,0.0,1.3300000429153442,-1.1200000047683716,0.9300000071525574,-0.7300000190734863,-1.3300000429153442,1.1200000047683716,-0.9300000071525574,0.7300000190734863,-0.4655000150203705,0.39200000166893,-0.32550000250339506,0.2555000066757202,0.0,0.0,0.0,0.0,-1,1,-1,1,0,0,0,0,0,0,0,0
1783308132.3058214,0.0,0.0,0.0,0.0,0.0,0,0.0,0.0,0.0,0.0,1.3300000429153442,-1.1200000047683716,0.9300000071525574,-0.7300000190734863,-1.3300000429153442,1.1200000047683716,-0.9300000071525574,0.7300000190734863,-0.4655000150203705,0.39200000166893,-0.32550000250339506,0.2555000066757202,0.0,0.0,0.0,0.0,-1,1,-1,1,0,0,0,0,0,0,0,0
1783308132.325589,0.0,0.0,0.0,0.0,0.0,0,0.0,0.0,0.0,0.0,1.3300000429153442,-1.1200000047683716,0.9300000071525574,-0.7300000190734863,-1.3300000429153442,1.1200000047683716,-0.9300000071525574,0.7300000190734863,-0.4655000150203705,0.39200000166893,-0.32550000250339506,0.2555000066757202,0.0,0.0,0.0,0.0,-1,1,-1,1,0,0,0,0,0,0,0,0
1783308132.3455768,0.0,0.0,0.0,0.0,0.0,0,0.0,0.0,0.0,0.0,0.9300000071525574,-0.7799999713897705,0.6499999761581421,-0.5099999904632568,-0.9300000071525574,0.7799999713897705,-0.6499999761581421,0.5099999904632568,-0.32550000250339506,0.27299998998641967,-0.2274999916553497,0.1784999966621399,0.0,0.0,0.0,0.0,-1,1,-1,1,0,0,0,0,0,0,0,0
1783308132.365577,0.0,0.0,0.0,0.0,0.0,0,0.0,0.0,0.0,0.0,0.9300000071525574,-0.7799999713897705,0.6499999761581421,-0.5099999904632568,-0.9300000071525574,0.7799999713897705,-0.6499999761581421,0.5099999904632568,-0.32550000250339506,0.27299998998641967,-0.2274999916553497,0.1784999966621399,0.0,0.0,0.0,0.0,-1,1,-1,1,0,0,0,0,0,0,0,0
1783308132.385655,0.0,0.0,0.0,0.0,0.0,0,0.0,0.0,0.0,0.0,0.6499999761581421,-0.550000011920929,0.44999998807907104,-0.36000001430511475,-0.6499999761581421,0.550000011920929,-0.44999998807907104,0.36000001430511475,-0.2274999916553497,0.19250000417232513,-0.15749999582767485,0.12600000500679015,0.0,0.0,0.0,0.0,-1,1,-1,1,0,0,0,0,0,0,0,0
1783308132.405677,0.0,0.0,0.0,0.0,0.0,0,0.0,0.0,0.0,0.0,0.6499999761581421,-0.550000011920929,0.44999998807907104,-0.36000001430511475,-0.6499999761581421,0.550000011920929,-0.44999998807907104,0.36000001430511475,-0.2274999916553497,0.19250000417232513,-0.15749999582767485,0.12600000500679015,0.0,0.0,0.0,0.0,-1,1,-1,1,0,0,0,0,0,0,0,0
1783308132.4255939,0.0,0.0,0.0,0.0,0.0,0,0.0,0.0,0.0,0.0,0.6499999761581421,-0.550000011920929,0.44999998807907104,-0.36000001430511475,-0.6499999761581421,0.550000011920929,-0.44999998807907104,0.36000001430511475,-0.2274999916553497,0.19250000417232513,-0.15749999582767485,0.12600000500679015,0.0,0.0,0.0,0.0,-1,1,-1,1,0,0,0,0,0,0,0,0
1783308132.44573,0.0,0.0,0.0,0.0,0.0,0,0.0,0.0,0.0,0.0,0.46000000834465027,-0.3799999952316284,0.3199999928474426,-0.25,-0.46000000834465027,0.3799999952316284,-0.3199999928474426,0.25,-0.16100000292062758,0.13299999833106993,-0.11199999749660491,0.0875,0.0,0.0,0.0,0.0,-1,1,-1,1,0,0,0,0,0,0,0,0
1783308132.4655757,0.0,0.0,0.0,0.0,0.0,0,0.0,0.0,0.0,0.0,0.46000000834465027,-0.3799999952316284,0.3199999928474426,-0.25,-0.46000000834465027,0.3799999952316284,-0.3199999928474426,0.25,-0.16100000292062758,0.13299999833106993,-0.11199999749660491,0.0875,0.0,0.0,0.0,0.0,-1,1,-1,1,0,0,0,0,0,0,0,0
1783308132.4856486,0.0,0.0,0.0,0.0,0.0,0,0.0,0.0,0.0,0.0,0.3199999928474426,-0.27000001072883606,0.2199999988079071,-0.18000000715255737,-0.3199999928474426,0.27000001072883606,-0.2199999988079071,0.18000000715255737,-0.11199999749660491,0.09450000375509261,-0.07699999958276749,0.06300000250339508,0.0,0.0,0.0,0.0,-1,1,-1,1,0,0,0,0,0,0,0,0
1783308132.505575,0.0,0.0,0.0,0.0,0.0,0,0.0,0.0,0.0,0.0,0.3199999928474426,-0.27000001072883606,0.2199999988079071,-0.18000000715255737,-0.3199999928474426,0.27000001072883606,-0.2199999988079071,0.18000000715255737,-0.11199999749660491,0.09450000375509261,-0.07699999958276749,0.06300000250339508,0.0,0.0,0.0,0.0,-1,1,-1,1,0,0,0,0,0,0,0,0
1783308132.5257173,0.0,0.0,0.0,0.0,0.0,0,0.0,0.0,0.0,0.0,0.3199999928474426,-0.27000001072883606,0.2199999988079071,-0.18000000715255737,-0.3199999928474426,0.27000001072883606,-0.2199999988079071,0.18000000715255737,-0.11199999749660491,0.09450000375509261,-0.07699999958276749,0.06300000250339508,0.0,0.0,0.0,0.0,-1,1,-1,1,0,0,0,0,0,0,0,0
1783308132.5455916,0.0,0.0,0.0,0.0,0.0,0,0.0,0.0,0.0,0.0,0.2199999988079071,-0.1899999976158142,0.1599999964237213,-0.11999999731779099,-0.2199999988079071,0.1899999976158142,-0.1599999964237213,0.11999999731779099,-0.07699999958276749,0.06649999916553496,-0.05599999874830246,0.04199999906122684,0.0,0.0,0.0,0.0,-1,1,-1,1,0,0,0,0,0,0,0,0
1783308132.5657294,0.0,0.0,0.0,0.0,0.0,0,0.0,0.0,0.0,0.0,0.2199999988079071,-0.1899999976158142,0.1599999964237213,-0.11999999731779099,-0.2199999988079071,0.1899999976158142,-0.1599999964237213,0.11999999731779099,-0.07699999958276749,0.06649999916553496,-0.05599999874830246,0.04199999906122684,0.0,0.0,0.0,0.0,-1,1,-1,1,0,0,0,0,0,0,0,0
1783308132.5857508,0.0,0.0,0.0,0.0,0.0,0,0.0,0.0,0.0,0.0,0.1599999964237213,-0.12999999523162842,0.10999999940395355,-0.09000000357627869,-0.1599999964237213,0.12999999523162842,-0.10999999940395355,0.09000000357627869,-0.05599999874830246,0.04549999833106994,-0.03849999979138374,0.03150000125169754,0.0,0.0,0.0,0.0,-1,1,-1,1,0,0,0,0,0,0,0,0
1783308132.6056094,0.0,0.0,0.0,0.0,0.0,0,0.0,0.0,0.0,0.0,0.1599999964237213,-0.12999999523162842,0.10999999940395355,-0.09000000357627869,-0.1599999964237213,0.12999999523162842,-0.10999999940395355,0.09000000357627869,-0.05599999874830246,0.04549999833106994,-0.03849999979138374,0.03150000125169754,0.0,0.0,0.0,0.0,-1,1,-1,1,0,0,0,0,0,0,0,0
1783308132.6256006,0.0,0.0,0.0,0.0,0.0,0,0.0,0.0,0.0,0.0,0.1599999964237213,-0.12999999523162842,0.10999999940395355,-0.09000000357627869,-0.1599999964237213,0.12999999523162842,-0.10999999940395355,0.09000000357627869,-0.05599999874830246,0.04549999833106994,-0.03849999979138374,0.03150000125169754,0.0,0.0,0.0,0.0,-1,1,-1,1,0,0,0,0,0,0,0,0
1783308132.6455863,0.0,0.0,0.0,0.0,0.0,0,0.0,0.0,0.0,0.0,0.10999999940395355,-0.09000000357627869,0.07999999821186066,-0.05999999865889549,-0.10999999940395355,0.09000000357627869,-0.07999999821186066,0.05999999865889549,-0.03849999979138374,0.03150000125169754,-0.02799999937415123,0.02099999953061342,0.0,0.0,0.0,0.0,-1,1,-1,1,0,0,0,0,0,0,0,0
1783308132.665685,0.0,0.0,0.0,0.0,0.0,0,0.0,0.0,0.0,0.0,0.10999999940395355,-0.09000000357627869,0.07999999821186066,-0.05999999865889549,-0.10999999940395355,0.09000000357627869,-0.07999999821186066,0.05999999865889549,-0.03849999979138374,0.03150000125169754,-0.02799999937415123,0.02099999953061342,0.0,0.0,0.0,0.0,-1,1,-1,1,0,0,0,0,0,0,0,0
1783308132.685662,0.0,0.0,0.0,0.0,0.0,0,0.0,0.0,0.0,0.0,0.07999999821186066,-0.05999999865889549,0.05000000074505806,-0.03999999910593033,-0.07999999821186066,0.05999999865889549,-0.05000000074505806,0.03999999910593033,-0.02799999937415123,0.02099999953061342,-0.01750000026077032,0.013999999687075614,0.0,0.0,0.0,0.0,-1,1,-1,1,0,0,0,0,0,0,0,0
1783308132.7057219,0.0,0.0,0.0,0.0,0.0,0,0.0,0.0,0.0,0.0,0.07999999821186066,-0.05999999865889549,0.05000000074505806,-0.03999999910593033,-0.07999999821186066,0.05999999865889549,-0.05000000074505806,0.03999999910593033,-0.02799999937415123,0.02099999953061342,-0.01750000026077032,0.013999999687075614,0.0,0.0,0.0,0.0,-1,1,-1,1,0,0,0,0,0,0,0,0
1783308132.7255847,0.0,0.0,0.0,0.0,0.0,0,0.0,0.0,0.0,0.0,0.07999999821186066,-0.05999999865889549,0.05000000074505806,-0.03999999910593033,-0.07999999821186066,0.05999999865889549,-0.05000000074505806,0.03999999910593033,-0.02799999937415123,0.02099999953061342,-0.01750000026077032,0.013999999687075614,0.0,0.0,0.0,0.0,-1,1,-1,1,0,0,0,0,0,0,0,0
1783308132.7455764,0.0,0.0,0.0,0.0,0.0,0,0.0,0.0,0.0,0.0,0.05000000074505806,-0.05000000074505806,0.03999999910593033,-0.029999999329447746,-0.05000000074505806,0.05000000074505806,-0.03999999910593033,0.029999999329447746,-0.01750000026077032,0.01750000026077032,-0.013999999687075614,0.01049999976530671,0.0,0.0,0.0,0.0,-1,1,-1,1,0,0,0,0,0,0,0,0
1783308132.765601,0.0,0.0,0.0,0.0,0.0,0,0.0,0.0,0.0,0.0,0.05000000074505806,-0.05000000074505806,0.03999999910593033,-0.029999999329447746,-0.05000000074505806,0.05000000074505806,-0.03999999910593033,0.029999999329447746,-0.01750000026077032,0.01750000026077032,-0.013999999687075614,0.01049999976530671,0.0,0.0,0.0,0.0,-1,1,-1,1,0,0,0,0,0,0,0,0
1783308132.7856388,0.0,0.0,0.0,0.0,0.0,0,0.0,0.0,0.0,0.0,0.03999999910593033,-0.029999999329447746,0.029999999329447746,-0.019999999552965164,-0.03999999910593033,0.029999999329447746,-0.029999999329447746,0.019999999552965164,-0.013999999687075614,0.01049999976530671,-0.01049999976530671,0.006999999843537807,0.0,0.0,0.0,0.0,-1,1,-1,1,0,0,0,0,0,0,0,0
1783308132.8055754,0.0,0.0,0.0,0.0,0.0,0,0.0,0.0,0.0,0.0,0.03999999910593033,-0.029999999329447746,0.029999999329447746,-0.019999999552965164,-0.03999999910593033,0.029999999329447746,-0.029999999329447746,0.019999999552965164,-0.013999999687075614,0.01049999976530671,-0.01049999976530671,0.006999999843537807,0.0,0.0,0.0,0.0,-1,1,-1,1,0,0,0,0,0,0,0,0
1783308132.825581,0.0,0.0,0.0,0.0,0.0,0,0.0,0.0,0.0,0.0,0.03999999910593033,-0.029999999329447746,0.029999999329447746,-0.019999999552965164,-0.03999999910593033,0.029999999329447746,-0.029999999329447746,0.019999999552965164,-0.013999999687075614,0.01049999976530671,-0.01049999976530671,0.006999999843537807,0.0,0.0,0.0,0.0,-1,1,-1,1,0,0,0,0,0,0,0,0
1783308132.8459668,0.0,0.0,0.0,0.0,0.0,0,0.0,0.0,0.0,0.0,0.029999999329447746,-0.019999999552965164,0.019999999552965164,-0.009999999776482582,-0.029999999329447746,0.019999999552965164,-0.019999999552965164,0.009999999776482582,-0.01049999976530671,0.006999999843537807,-0.006999999843537807,0.0034999999217689036,0.0,0.0,0.0,0.0,-1,1,-1,1,0,0,0,0,0,0,0,0
1783308132.8655565,0.0,0.0,0.0,0.0,0.0,0,0.0,0.0,0.0,0.0,0.029999999329447746,-0.019999999552965164,0.019999999552965164,-0.009999999776482582,-0.029999999329447746,0.019999999552965164,-0.019999999552965164,0.009999999776482582,-0.01049999976530671,0.006999999843537807,-0.006999999843537807,0.0034999999217689036,0.0,0.0,0.0,0.0,-1,1,-1,1,0,0,0,0,0,0,0,0
1783308132.885683,0.0,0.0,0.0,0.0,0.0,0,0.0,0.0,0.0,0.0,0.019999999552965164,-0.019999999552965164,0.009999999776482582,-0.009999999776482582,-0.019999999552965164,0.019999999552965164,-0.009999999776482582,0.009999999776482582,-0.006999999843537807,0.006999999843537807,-0.0034999999217689036,0.0034999999217689036,0.0,0.0,0.0,0.0,-1,1,-1,1,0,0,0,0,0,0,0,0
1783308132.9057395,0.0,0.0,0.0,0.0,0.0,0,0.0,0.0,0.0,0.0,0.019999999552965164,-0.019999999552965164,0.009999999776482582,-0.009999999776482582,-0.019999999552965164,0.019999999552965164,-0.009999999776482582,0.009999999776482582,-0.006999999843537807,0.006999999843537807,-0.0034999999217689036,0.0034999999217689036,0.0,0.0,0.0,0.0,-1,1,-1,1,0,0,0,0,0,0,0,0
1783308132.9256089,0.0,0.0,0.0,0.0,0.0,0,0.0,0.0,0.0,0.0,0.019999999552965164,-0.019999999552965164,0.009999999776482582,-0.009999999776482582,-0.019999999552965164,0.019999999552965164,-0.009999999776482582,0.009999999776482582,-0.006999999843537807,0.006999999843537807,-0.0034999999217689036,0.0034999999217689036,0.0,0.0,0.0,0.0,-1,1,-1,1,0,0,0,0,0,0,0,0
1783308132.9456134,0.0,0.0,0.0,0.0,0.0,0,0.0,0.0,0.0,0.0,0.009999999776482582,-0.009999999776482582,0.009999999776482582,-0.009999999776482582,-0.009999999776482582,0.009999999776482582,-0.009999999776482582,0.009999999776482582,-0.0034999999217689036,0.0034999999217689036,-0.0034999999217689036,0.0034999999217689036,0.0,0.0,0.0,0.0,-1,1,-1,1,0,0,0,0,0,0,0,0
1783308132.9655738,0.0,0.0,0.0,0.0,0.0,0,0.0,0.0,0.0,0.0,0.009999999776482582,-0.009999999776482582,0.009999999776482582,-0.009999999776482582,-0.009999999776482582,0.009999999776482582,-0.009999999776482582,0.009999999776482582,-0.0034999999217689036,0.0034999999217689036,-0.0034999999217689036,0.0034999999217689036,0.0,0.0,0.0,0.0,-1,1,-1,1,0,0,0,0,0,0,0,0
1783308132.9856672,0.0,0.0,0.0,0.0,0.0,0,0.0,0.0,0.0,0.0,0.009999999776482582,-0.009999999776482582,0.009999999776482582,-0.0,-0.009999999776482582,0.009999999776482582,-0.009999999776482582,0.0,-0.0034999999217689036,0.0034999999217689036,-0.0034999999217689036,0.0,0.0,0.0,0.0,0.0,-1,1,-1,1,0,0,0,0,0,0,0,0
