t,vx_mm_s,vy_mm_s,wz_rad_s,velocity_mm_s,direction_deg,is_rotation_only,rpm_ref_M1,rpm_ref_M2,rpm_ref_M3,rpm_ref_M4,rpm_meas_M1,rpm_meas_M2,rpm_meas_M3,rpm_meas_M4,err_M1,err_M2,err_M3,err_M4,p_M1,p_M2,p_M3,p_M4,i_M1,i_M2,i_M3,i_M4,motor_sign_M1,motor_sign_M2,motor_sign_M3,motor_sign_M4,duty_ol_base_M1,duty_ol_base_M2,duty_ol_base_M3,duty_ol_base_M4,duty_pi_M1,duty_pi_M2,duty_pi_M3,duty_pi_M4
1783308228.1456883,0.0,0.0,0.0,0.0,0.0,0,0.0,0.0,0.0,0.0,0.0,0.0,-0.0,0.0,0.0,0.0,0.0,0.0,0.0,0.0,0.0,0.0,0.0,0.0,0.0,0.0,-1,1,-1,1,0,0,0,0,0,0,0,0
1783308228.16564,0.0,0.0,0.0,0.0,0.0,0,0.0,0.0,0.0,0.0,0.0,0.0,-0.0,0.0,0.0,0.0,0.0,0.0,0.0,0.0,0.0,0.0,0.0,0.0,0.0,0.0,-1,1,-1,1,0,0,0,0,0,0,0,0
1783308228.185646,0.0,0.0,0.0,0.0,0.0,0,0.0,0.0,0.0,0.0,0.0,0.0,-0.0,0.0,0.0,0.0,0.0,0.0,0.0,0.0,0.0,0.0,0.0,0.0,0.0,0.0,-1,1,-1,1,0,0,0,0,0,0,0,0
1783308228.2056828,0.0,0.0,0.0,0.0,0.0,0,0.0,0.0,0.0,0.0,0.0,0.0,-0.0,0.0,0.0,0.0,0.0,0.0,0.0,0.0,0.0,0.0,0.0,0.0,0.0,0.0,-1,1,-1,1,0,0,0,0,0,0,0,0
1783308228.2255793,0.0,0.0,0.0,0.0,0.0,0,0.0,0.0,0.0,0.0,0.0,0.0,-0.0,0.0,0.0,0.0,0.0,0.0,0.0,0.0,0.0,0.0,0.0,0.0,0.0,0.0,-1,1,-1,1,0,0,0,0,0,0,0,0
1783308228.2456806,0.0,0.0,0.0,0.0,0.0,0,0.0,0.0,0.0,0.0,0.0,0.0,-0.0,0.0,0.0,0.0,0.0,0.0,0.0,0.0,0.0,0.0,0.0,0.0,0.0,0.0,-1,1,-1,1,0,0,0,0,0,0,0,0
1783308228.2655811,0.0,0.0,0.0,0.0,0.0,0,0.0,0.0,0.0,0.0,0.0,0.0,-0.0,0.0,0.0,0.0,0.0,0.0,0.0,0.0,0.0,0.0,0.0,0.0,0.0,0.0,-1,1,-1,1,0,0,0,0,0,0,0,0
1783308228.2856474,0.0,0.0,0.0,0.0,0.0,0,0.0,0.0,0.0,0.0,0.0,0.0,-0.0,0.0,0.0,0.0,0.0,0.0,0.0,0.0,0.0,0.0,0.0,0.0,0.0,0.0,-1,1,-1,1,0,0,0,0,0,0,0,0
1783308228.305586,0.0,0.0,0.0,0.0,0.0,0,0.0,0.0,0.0,0.0,0.0,0.0,-0.0,0.0,0.0,0.0,0.0,0.0,0.0,0.0,0.0,0.0,0.0,0.0,0.0,0.0,-1,1,-1,1,0,0,0,0,0,0,0,0
1783308228.3255942,0.0,0.0,0.0,0.0,0.0,0,0.0,0.0,0.0,0.0,0.0,0.0,-0.0,0.0,0.0,0.0,0.0,0.0,0.0,0.0,0.0,0.0,0.0,0.0,0.0,0.0,-1,1,-1,1,0,0,0,0,0,0,0,0
1783308228.3455904,0.0,0.0,0.0,0.0,0.0,0,0.0,0.0,0.0,0.0,0.0,0.0,-0.0,0.0,0.0,0.0,0.0,0.0,0.0,0.0,0.0,0.0,0.0,0.0,0.0,0.0,-1,1,-1,1,0,0,0,0,0,0,0,0
1783308228.3655715,0.0,0.0,0.0,0.0,0.0,0,0.0,0.0,0.0,0.0,0.0,0.0,-0.0,0.0,0.0,0.0,0.0,0.0,0.0,0.0,0.0,0.0,0.0,0.0,0.0,0.0,-1,1,-1,1,0,0,0,0,0,0,0,0
1783308228.3857303,0.0,0.0,0.0,0.0,0.0,0,0.0,0.0,0.0,0.0,0.0,0.0,-0.0,0.0,0.0,0.0,0.0,0.0,0.0,0.0,0.0,0.0,0.0,0.0,0.0,0.0,-1,1,-1,1,0,0,0,0,0,0,0,0
1783308228.4055803,0.0,0.0,0.0,0.0,0.0,0,0.0,0.0,0.0,0.0,0.0,0.0,-0.0,0.0,0.0,0.0,0.0,0.0,0.0,0.0,0.0,0.0,0.0,0.0,0.0,0.0,-1,1,-1,1,0,0,0,0,0,0,0,0
1783308228.42558,0.0,0.0,0.0,0.0,0.0,0,0.0,0.0,0.0,0.0,0.0,0.0,-0.0,0.0,0.0,0.0,0.0,0.0,0.0,0.0,0.0,0.0,0.0,0.0,0.0,0.0,-1,1,-1,1,0,0,0,0,0,0,0,0
1783308228.4455724,0.0,0.0,0.0,0.0,0.0,0,0.0,0.0,0.0,0.0,0.0,0.0,-0.0,0.0,0.0,0.0,0.0,0.0,0.0,0.0,0.0,0.0,0.0,0.0,0.0,0.0,-1,1,-1,1,0,0,0,0,0,0,0,0
1783308228.4655695,0.0,0.0,0.0,0.0,0.0,0,0.0,0.0,0.0,0.0,0.0,0.0,-0.0,0.0,0.0,0.0,0.0,0.0,0.0,0.0,0.0,0.0,0.0,0.0,0.0,0.0,-1,1,-1,1,0,0,0,0,0,0,0,0
1783308228.4856594,0.0,0.0,0.0,0.0,0.0,0,0.0,0.0,0.0,0.0,0.0,0.0,-0.0,0.0,0.0,0.0,0.0,0.0,0.0,0.0,0.0,0.0,0.0,0.0,0.0,0.0,-1,1,-1,1,0,0,0,0,0,0,0,0
1783308228.505594,0.0,0.0,0.0,0.0,0.0,0,0.0,0.0,0.0,0.0,0.0,0.0,-0.0,0.0,0.0,0.0,0.0,0.0,0.0,0.0,0.0,0.0,0.0,0.0,0.0,0.0,-1,1,-1,1,0,0,0,0,0,0,0,0
1783308228.5257168,0.0,0.0,0.0,0.0,0.0,0,0.0,0.0,0.0,0.0,0.0,0.0,-0.0,0.0,0.0,0.0,0.0,0.0,0.0,0.0,0.0,0.0,0.0,0.0,0.0,0.0,-1,1,-1,1,0,0,0,0,0,0,0,0
1783308228.5455818,0.0,0.0,0.0,0.0,0.0,0,0.0,0.0,0.0,0.0,0.0,0.0,-0.0,0.0,0.0,0.0,0.0,0.0,0.0,0.0,0.0,0.0,0.0,0.0,0.0,0.0,-1,1,-1,1,0,0,0,0,0,0,0,0
1783308228.5655913,0.0,0.0,0.0,0.0,0.0,0,0.0,0.0,0.0,0.0,0.0,0.0,-0.0,0.0,0.0,0.0,0.0,0.0,0.0,0.0,0.0,0.0,0.0,0.0,0.0,0.0,-1,1,-1,1,0,0,0,0,0,0,0,0
1783308228.5856922,0.0,0.0,0.0,0.0,0.0,0,0.0,0.0,0.0,0.0,0.0,0.0,-0.0,0.0,0.0,0.0,0.0,0.0,0.0,0.0,0.0,0.0,0.0,0.0,0.0,0.0,-1,1,-1,1,0,0,0,0,0,0,0,0
1783308228.6055777,0.0,0.0,0.0,0.0,0.0,0,0.0,0.0,0.0,0.0,0.0,0.0,-0.0,0.0,0.0,0.0,0.0,0.0,0.0,0.0,0.0,0.0,0.0,0.0,0.0,0.0,-1,1,-1,1,0,0,0,0,0,0,0,0
1783308228.6255758,0.0,0.0,0.0,0.0,0.0,0,0.0,0.0,0.0,0.0,0.0,0.0,-0.0,0.0,0.0,0.0,0.0,0.0,0.0,0.0,0.0,0.0,0.0,0.0,0.0,0.0,-1,1,-1,1,0,0,0,0,0,0,0,0
1783308228.6455963,0.0,0.0,0.0,0.0,0.0,0,0.0,0.0,0.0,0.0,0.0,0.0,-0.0,0.0,0.0,0.0,0.0,0.0,0.0,0.0,0.0,0.0,0.0,0.0,0.0,0.0,-1,1,-1,1,0,0,0,0,0,0,0,0
1783308228.6656353,0.0,0.0,0.0,0.0,0.0,0,0.0,0.0,0.0,0.0,0.0,0.0,-0.0,0.0,0.0,0.0,0.0,0.0,0.0,0.0,0.0,0.0,0.0,0.0,0.0,0.0,-1,1,-1,1,0,0,0,0,0,0,0,0
1783308228.6856527,0.0,0.0,0.0,0.0,0.0,0,0.0,0.0,0.0,0.0,0.0,0.0,-0.0,0.0,0.0,0.0,0.0,0.0,0.0,0.0,0.0,0.0,0.0,0.0,0.0,0.0,-1,1,-1,1,0,0,0,0,0,0,0,0
1783308228.7055788,0.0,0.0,0.0,0.0,0.0,0,0.0,0.0,0.0,0.0,0.0,0.0,-0.0,0.0,0.0,0.0,0.0,0.0,0.0,0.0,0.0,0.0,0.0,0.0,0.0,0.0,-1,1,-1,1,0,0,0,0,0,0,0,0
1783308228.7256496,0.0,0.0,0.0,0.0,0.0,0,0.0,0.0,0.0,0.0,0.0,0.0,-0.0,0.0,0.0,0.0,0.0,0.0,0.0,0.0,0.0,0.0,0.0,0.0,0.0,0.0,-1,1,-1,1,0,0,0,0,0,0,0,0
1783308228.7455711,0.0,0.0,0.0,0.0,0.0,0,0.0,0.0,0.0,0.0,0.0,0.0,-0.0,0.0,0.0,0.0,0.0,0.0,0.0,0.0,0.0,0.0,0.0,0.0,0.0,0.0,-1,1,-1,1,0,0,0,0,0,0,0,0
1783308228.7655878,0.0,0.0,0.0,0.0,0.0,0,0.0,0.0,0.0,0.0,0.0,0.0,-0.0,0.0,0.0,0.0,0.0,0.0,0.0,0.0,0.0,0.0,0.0,0.0,0.0,0.0,-1,1,-1,1,0,0,0,0,0,0,0,0
1783308228.7856557,0.0,0.0,0.0,0.0,0.0,0,0.0,0.0,0.0,0.0,0.0,0.0,-0.0,0.0,0.0,0.0,0.0,0.0,0.0,0.0,0.0,0.0,0.0,0.0,0.0,0.0,-1,1,-1,1,0,0,0,0,0,0,0,0
1783308228.805693,0.0,0.0,0.0,0.0,0.0,0,0.0,0.0,0.0,0.0,0.0,0.0,-0.0,0.0,0.0,0.0,0.0,0.0,0.0,0.0,0.0,0.0,0.0,0.0,0.0,0.0,-1,1,-1,1,0,0,0,0,0,0,0,0
1783308228.8255804,0.0,0.0,0.0,0.0,0.0,0,0.0,0.0,0.0,0.0,0.0,0.0,-0.0,0.0,0.0,0.0,0.0,0.0,0.0,0.0,0.0,0.0,0.0,0.0,0.0,0.0,-1,1,-1,1,0,0,0,0,0,0,0,0
1783308228.8456604,0.0,0.0,0.0,0.0,0.0,0,0.0,0.0,0.0,0.0,0.0,0.0,-0.0,0.0,0.0,0.0,0.0,0.0,0.0,0.0,0.0,0.0,0.0,0.0,0.0,0.0,-1,1,-1,1,0,0,0,0,0,0,0,0
1783308228.8655722,0.0,0.0,0.0,0.0,0.0,0,0.0,0.0,0.0,0.0,0.0,0.0,-0.0,0.0,0.0,0.0,0.0,0.0,0.0,0.0,0.0,0.0,0.0,0.0,0.0,0.0,-1,1,-1,1,0,0,0,0,0,0,0,0
1783308228.8856506,0.0,0.0,0.0,0.0,0.0,0,0.0,0.0,0.0,0.0,0.0,0.0,-0.0,0.0,0.0,0.0,0.0,0.0,0.0,0.0,0.0,0.0,0.0,0.0,0.0,0.0,-1,1,-1,1,0,0,0,0,0,0,0,0
1783308228.9056034,0.0,0.0,0.0,0.0,0.0,0,0.0,0.0,0.0,0.0,0.0,0.0,-0.0,0.0,0.0,0.0,0.0,0.0,0.0,0.0,0.0,0.0,0.0,0.0,0.0,0.0,-1,1,-1,1,0,0,0,0,0,0,0,0
1783308228.925654,35.0,0.0,0.0,35.0,0.0,0,10.283857861322469,10.283857861322469,10.283857861322469,10.283857861322469,0.0,0.0,-0.0,0.0,10.283857861322469,10.283857861322469,10.283857861322469,10.283857861322469,3.5993502514628637,3.5993502514628637,3.5993502514628637,3.5993502514628637,0.09255472075190221,0.09255472075190221,0.09255472075190221,0.09255472075190221,-1,1,-1,1,-13,13,-13,13,-17,17,-17,17
1783308228.9456537,35.0,0.0,0.0,35.0,0.0,0,10.283857861322469,10.283857861322469,10.283857861322469,10.283857861322469,0.0,0.0,-0.0,0.0,10.283857861322469,10.283857861322469,10.283857861322469,10.283857861322469,3.5993502514628637,3.5993502514628637,3.5993502514628637,3.5993502514628637,0.18510944150380443,0.18510944150380443,0.18510944150380443,0.18510944150380443,-1,1,-1,1,-13,13,-13,13,-17,17,-17,17
1783308228.9656003,35.0,0.0,0.0,35.0,0.0,0,10.283857861322469,10.283857861322469,10.283857861322469,10.283857861322469,0.0,0.0,-0.0,0.0,10.283857861322469,10.283857861322469,10.283857861322469,10.283857861322469,3.5993502514628637,3.5993502514628637,3.5993502514628637,3.5993502514628637,0.27766416225570667,0.27766416225570667,0.27766416225570667,0.27766416225570667,-1,1,-1,1,-13,13,-13,13,-17,17,-17,17
1783308228.985655,35.0,0.0,0.0,35.0,0.0,0,10.283857861322469,10.283857861322469,10.283857861322469,10.283857861322469,0.23000000417232513,0.0,0.23000000417232513,0.0,10.053857857150144,10.283857861322469,10.053857857150144,10.283857861322469,3.51885025000255,3.5993502514628637,3.51885025000255,3.5993502514628637,0.368148882970058,0.37021888300760886,0.368148882970058,0.37021888300760886,-1,1,-1,1,-13,13,-13,13,-17,17,-17,17
1783308229.0057008,35.0,0.0,0.0,35.0,0.0,0,10.283857861322469,10.283857861322469,10.283857861322469,10.283857861322469,0.23000000417232513,0.0,0.23000000417232513,0.0,10.053857857150144,10.283857861322469,10.053857857150144,10.283857861322469,3.51885025000255,3.5993502514628637,3.51885025000255,3.5993502514628637,0.4586336036844093,0.46277360375951104,0.4586336036844093,0.46277360375951104,-1,1,-1,1,-13,13,-13,13,-17,17,-17,17
1783308229.0255833,35.0,0.0,0.0,35.0,0.0,0,10.283857861322469,10.283857861322469,10.283857861322469,10.283857861322469,0.23000000417232513,0.0,0.23000000417232513,0.0,10.053857857150144,10.283857861322469,10.053857857150144,10.283857861322469,3.51885025000255,3.5993502514628637,3.51885025000255,3.5993502514628637,0.5491183243987606,0.5553283245114132,0.5491183243987606,0.5553283245114132,-1,1,-1,1,-13,13,-13,13,-17,17,-17,17
1783308229.0456991,35.0,0.0,0.0,35.0,0.0,0,10.283857861322469,10.283857861322469,10.283857861322469,10.283857861322469,0.6100000143051147,0.6800000071525574,0.3799999952316284,0.44999998807907104,9.673857847017354,9.603857854169911,9.90385786609084,9.833857873243398,3.385850246456074,3.361350248959469,3.466350253131794,3.441850255635189,0.6361830450219168,0.6417630451989425,0.6382530451935782,0.6438330453706038,-1,1,-1,1,-13,13,-13,13,-17,17,-17,17
1783308229.0656095,35.0,0.0,0.0,35.0,0.0,0,10.283857861322469,10.283857861322469,10.283857861322469,10.283857861322469,0.6100000143051147,0.6800000071525574,0.3799999952316284,0.44999998807907104,9.673857847017354,9.603857854169911,9.90385786609084,9.833857873243398,3.385850246456074,3.361350248959469,3.466350253131794,3.441850255635189,0.723247765645073,0.7281977658864717,0.7273877659883957,0.7323377662297944,-1,1,-1,1,-13,13,-13,13,-17,17,-17,17
1783308229.0857499,35.0,0.0,0.0,35.0,0.0,0,10.283857861322469,10.283857861322469,10.283857861322469,10.283857861322469,0.8799999952316284,0.9300000071525574,0.7200000286102295,0.5400000214576721,9.40385786609084,9.353857854169911,9.56385783271224,9.743857839864797,3.2913502531317937,3.273850248959469,3.3473502414492837,3.4103502439526787,0.8078824864398906,0.8123824865740009,0.8134624864828058,0.8200324867885775,-1,1,-1,1,-13,13,-13,13,-17,17,-17,17
1783308229.1056132,35.0,0.0,0.0,35.0,0.0,0,10.283857861322469,10.283857861322469,10.283857861322469,10.283857861322469,0.8799999952316284,0.9300000071525574,0.7200000286102295,0.5400000214576721,9.40385786609084,9.353857854169911,9.56385783271224,9.743857839864797,3.2913502531317937,3.273850248959469,3.3473502414492837,3.4103502439526787,0.8925172072347082,0.8965672072615302,0.899537206977216,0.9077272073473607,-1,1,-1,1,-13,13,-13,13,-17,17,-17,17
1783308229.1256661,35.0,0.0,0.0,35.0,0.0,0,10.283857861322469,10.283857861322469,10.283857861322469,10.283857861322469,0.8799999952316284,0.9300000071525574,0.7200000286102295,0.5400000214576721,9.40385786609084,9.353857854169911,9.56385783271224,9.743857839864797,3.2913502531317937,3.273850248959469,3.3473502414492837,3.4103502439526787,0.9771519280295258,0.9807519279490594,0.9856119274716261,0.9954219279061438,-1,1,-1,1,-13,13,-13,13,-17,17,-17,17
1783308229.1456091,35.0,0.0,0.0,35.0,0.0,0,10.283857861322469,10.283857861322469,10.283857861322469,10.283857861322469,1.0700000524520874,1.100000023841858,0.9599999785423279,1.059999942779541,9.213857808870381,9.18385783748061,9.32385788278014,9.223857918542928,3.2248502331046334,3.2143502431182136,3.263350258973049,3.2283502714900245,1.060076648309359,1.0634066484863849,1.0695266484166472,1.0784366491730302,-1,1,-1,1,-13,13,-13,13,-17,17,-17,17
1783308229.1655917,35.0,0.0,0.0,35.0,0.0,0,10.283857861322469,10.283857861322469,10.283857861322469,10.283857861322469,1.0700000524520874,1.100000023841858,0.9599999785423279,1.059999942779541,9.213857808870381,9.18385783748061,9.32385788278014,9.223857918542928,3.2248502331046334,3.2143502431182136,3.263350258973049,3.2283502714900245,1.1430013685891924,1.1460613690237105,1.1534413693616685,1.1614513704399165,-1,1,-1,1,-13,13,-13,13,-17,17,-17,17
1783308229.1857817,35.0,0.0,0.0,35.0,0.0,0,10.283857861322469,10.283857861322469,10.283857861322469,10.283857861322469,1.2000000476837158,1.4500000476837158,1.1200000047683716,1.190000057220459,9.083857813638753,8.833857813638753,9.163857856554097,9.09385780410201,3.179350234773563,3.0918502347735632,3.207350249793934,3.1828502314357032,1.224756088911941,1.2255660893464593,1.2359160900706554,1.2432960906768347,-1,1,-1,1,-13,13,-13,13,-17,17,-17,17
1783308229.2055564,35.0,0.0,0.0,35.0,0.0,0,10.283857861322469,10.283857861322469,10.283857861322469,10.283857861322469,1.2000000476837158,1.4500000476837158,1.1200000047683716,1.190000057220459,9.083857813638753,8.833857813638753,9.163857856554097,9.09385780410201,3.179350234773563,3.0918502347735632,3.207350249793934,3.1828502314357032,1.3065108092346898,1.305070809669208,1.3183908107796423,1.3251408109137528,-1,1,-1,1,-13,13,-13,13,-17,17,-18,18
1783308229.2256126,35.0,0.0,0.0,35.0,0.0,0,10.283857861322469,10.283857861322469,10.283857861322469,10.283857861322469,1.2000000476837158,1.4500000476837158,1.1200000047683716,1.190000057220459,9.083857813638753,8.833857813638753,9.163857856554097,9.09385780410201,3.179350234773563,3.0918502347735632,3.207350249793934,3.1828502314357032,1.3882655295574384,1.3845755299919569,1.4008655314886291,1.406985531150671,-1,1,-1,1,-13,13,-13,13,-18,17,-18,18
1783308229.2455657,35.0,0.0,0.0,35.0,0.0,0,10.283857861322469,10.283857861322469,10.283857861322469,10.283857861322469,1.75,1.9199999570846558,1.9199999570846558,1.7400000095367432,8.533857861322469,8.363857904237813,8.363857904237813,8.543857851785726,2.986850251462864,2.9273502664832343,2.9273502664832343,2.990350248125004,1.4650702503093407,1.4598502511300973,1.4761402526267695,1.4838802518167424,-1,1,-1,1,-13,13,-13,13,-17,17,-17,17
1783308229.2656417,35.0,0.0,0.0,35.0,0.0,0,10.283857861322469,10.283857861322469,10.283857861322469,10.283857861322469,1.75,1.9199999570846558,1.9199999570846558,1.7400000095367432,8.533857861322469,8.363857904237813,8.363857904237813,8.543857851785726,2.986850251462864,2.9273502664832343,2.9273502664832343,2.990350248125004,1.541874971061243,1.5351249722682376,1.5514149737649099,1.560774972482814,-1,1,-1,1,-13,13,-13,13,-18,17,-17,18
1783308229.285671,35.0,0.0,0.0,35.0,0.0,0,10.283857861322469,10.283857861322469,10.283857861322469,10.283857861322469,2.5799999237060547,2.4800000190734863,2.4800000190734863,2.3499999046325684,7.703857937616414,7.803857842248982,7.803857842248982,7.9338579566899,2.696350278165745,2.731350244787144,2.731350244787144,2.776850284841465,1.6112096924997907,1.6053596928484786,1.6216496943451508,1.632179694093023,-1,1,-1,1,-13,13,-13,13,-17,17,-17,17
1783308229.3056474,35.0,0.0,0.0,35.0,0.0,0,10.283857861322469,10.283857861322469,10.283857861322469,10.283857861322469,2.5799999237060547,2.4800000190734863,2.4800000190734863,2.3499999046325684,7.703857937616414,7.803857842248982,7.803857842248982,7.9338579566899,2.696350278165745,2.731350244787144,2.731350244787144,2.776850284841465,1.6805444139383385,1.6755944134287195,1.6918844149253918,1.7035844157032323,-1,1,-1,1,-13,13,-13,13,-17,17,-17,17
1783308229.325714,35.0,0.0,0.0,35.0,0.0,0,10.283857861322469,10.283857861322469,10.283857861322469,10.283857861322469,2.5799999237060547,2.4800000190734863,2.4800000190734863,2.3499999046325684,7.703857937616414,7.803857842248982,7.803857842248982,7.9338579566899,2.696350278165745,2.731350244787144,2.731350244787144,2.776850284841465,1.7498791353768863,1.7458291340089604,1.7621191355056327,1.7749891373134414,-1,1,-1,1,-13,13,-13,13,-17,17,-17,18
1783308229.345601,35.0,0.0,0.0,35.0,0.0,0,10.283857861322469,10.283857861322469,10.283857861322469,10.283857861322469,3.390000104904175,3.319999933242798,3.5399999618530273,3.2300000190734863,6.893857756418294,6.963857928079671,6.743857899469441,7.053857842248982,2.4128502147464026,2.437350274827885,2.360350264814304,2.4688502447871437,1.811923855184651,1.8085038553616775,1.8228138566008576,1.8384738578936823,-1,1,-1,1,-13,13,-13,13,-17,17,-17,17
1783308229.365712,35.0,0.0,0.0,35.0,0.0,0,10.283857861322469,10.283857861322469,10.283857861322469,10.283857861322469,3.390000104904175,3.319999933242798,3.5399999618530273,3.2300000190734863,6.893857756418294,6.963857928079671,6.743857899469441,7.053857842248982,2.4128502147464026,2.437350274827885,2.360350264814304,2.4688502447871437,1.8739685749924158,1.8711785767143945,1.8835085776960825,1.9019585784739232,-1,1,-1,1,-13,13,-13,13,-17,17,-17,17
1783308229.3856723,35.0,0.0,0.0,35.0,0.0,0,10.283857861322469,10.283857861322469,10.283857861322469,10.283857861322469,4.409999847412109,4.360000133514404,4.519999980926514,4.53000020980835,5.873858013910359,5.923857727808064,5.763857880395955,5.753857651514119,2.055850304868626,2.0733502047328223,2.0173502581385843,2.0138501780299416,1.926833297117609,1.924493296264667,1.9353832986196462,1.9537432973375504,-1,1,-1,1,-13,13,-13,13,-17,17,-17,17
1783308229.4056282,35.0,0.0,0.0,35.0,0.0,0,10.283857861322469,10.283857861322469,10.283857861322469,10.283857861322469,4.409999847412109,4.360000133514404,4.519999980926514,4.53000020980835,5.873858013910359,5.923857727808064,5.763857880395955,5.753857651514119,2.055850304868626,2.0733502047328223,2.0173502581385843,2.0138501780299416,1.9796980192428022,1.9778080158149396,1.98725801954321,2.0055280162011773,-1,1,-1,1,-13,13,-13,13,-17,17,-17,17
1783308229.4255967,35.0,0.0,0.0,35.0,0.0,0,10.283857861322469,10.283857861322469,10.283857861322469,10.283857861322469,4.409999847412109,4.360000133514404,4.519999980926514,4.53000020980835,5.873858013910359,5.923857727808064,5.763857880395955,5.753857651514119,2.055850304868626,2.0733502047328223,2.0173502581385843,2.0138501780299416,2.0325627413679954,2.031122735365212,2.0391327404667736,2.057312735064804,-1,1,-1,1,-13,13,-13,13,-17,17,-17,17
1783308229.4456356,35.0,0.0,0.0,35.0,0.0,0,10.283857861322469,10.283857861322469,10.283857861322469,10.283857861322469,5.809999942779541,5.769999980926514,5.880000114440918,5.429999828338623,4.473857918542928,4.513857880395955,4.403857746881551,4.853858032983846,1.5658502714900246,1.5798502581385843,1.5413502114085427,1.6988503115443458,2.0728274626348817,2.071747456288776,2.0787674601887076,2.1009974573616588,-1,1,-1,1,-13,13,-13,13,-17,17,-17,17
1783308229.4657176,35.0,0.0,0.0,35.0,0.0,0,10.283857861322469,10.283857861322469,10.283857861322469,10.283857861322469,5.809999942779541,5.769999980926514,5.880000114440918,5.429999828338623,4.473857918542928,4.513857880395955,4.403857746881551,4.853858032983846,1.5658502714900246,1.5798502581385843,1.5413502114085427,1.6988503115443458,2.113092183901768,2.1123721772123396,2.1184021799106416,2.1446821796585134,-1,1,-1,1,-13,13,-13,13,-17,17,-17,17
1783308229.4856923,35.0,0.0,0.0,35.0,0.0,0,10.283857861322469,10.283857861322469,10.283857861322469,10.283857861322469,6.78000020980835,7.210000038146973,7.059999942779541,6.75,3.503857651514119,3.073857823175496,3.2238579185429277,3.5338578613224687,1.2263501780299415,1.0758502381114234,1.1283502714900246,1.2368502514628639,2.144626902765395,2.140036897620919,2.147416901177528,2.1764869004104157,-1,1,-1,1,-13,13,-13,13,-16,16,-16,16
1783308229.50571,35.0,0.0,0.0,35.0,0.0,0,10.283857861322469,10.283857861322469,10.283857861322469,10.283857861322469,6.78000020980835,7.210000038146973,7.059999942779541,6.75,3.503857651514119,3.073857823175496,3.2238579185429277,3.5338578613224687,1.2263501780299415,1.0758502381114234,1.1283502714900246,1.2368502514628639,2.176161621629022,2.167701618029499,2.1764316224444142,2.208291621162318,-1,1,-1,1,-13,13,-13,13,-16,16,-16,16
1783308229.5256093,35.0,0.0,0.0,35.0,0.0,0,10.283857861322469,10.283857861322469,10.283857861322469,10.283857861322469,6.78000020980835,7.210000038146973,7.059999942779541,6.75,3.503857651514119,3.073857823175496,3.2238579185429277,3.5338578613224687,1.2263501780299415,1.0758502381114234,1.1283502714900246,1.2368502514628639,2.207696340492649,2.1953663384380784,2.2054463437113005,2.2400963419142204,-1,1,-1,1,-13,13,-13,13,-16,16,-16,16
1783308229.5456092,35.0,0.0,0.0,35.0,0.0,0,10.283857861322469,10.283857861322469,10.283857861322469,10.283857861322469,7.690000057220459,8.220000267028809,7.880000114440918,7.889999866485596,2.5938578041020097,2.06385759429366,2.4038577468815507,2.393857994836873,0.9078502314357033,0.722350158002781,0.8413502114085427,0.8378502981929055,2.231041060729567,2.2139410567867213,2.2270810634332343,2.2616410638677524,-1,1,-1,1,-13,13,-13,13,-16,16,-16,16
1783308229.5656424,35.0,0.0,0.0,35.0,0.0,0,10.283857861322469,10.283857861322469,10.283857861322469,10.283857861322469,7.690000057220459,8.220000267028809,7.880000114440918,7.889999866485596,2.5938578041020097,2.06385759429366,2.4038577468815507,2.393857994836873,0.9078502314357033,0.722350158002781,0.8413502114085427,0.8378502981929055,2.254385780966485,2.232515775135364,2.248715783155168,2.2831857858212845,-1,1,-1,1,-13,13,-13,13,-16,16,-16,16
1783308229.5856726,35.0,0.0,0.0,35.0,0.0,0,10.283857861322469,10.283857861322469,10.283857861322469,10.283857861322469,8.779999732971191,8.920000076293945,8.6899995803833,8.6899995803833,1.5038581283512773,1.3638577850285234,1.593858280939168,1.593858280939168,0.526350344922947,0.4773502247599832,0.5578503983287088,0.5578503983287088,2.2679205041216464,2.244790495200621,2.2630605076836208,2.297530510349737,-1,1,-1,1,-13,13,-13,13,-16,16,-16,16
1783308229.6056788,35.0,0.0,0.0,35.0,0.0,0,10.283857861322469,10.283857861322469,10.283857861322469,10.283857861322469,8.779999732971191,8.920000076293945,8.6899995803833,8.6899995803833,1.5038581283512773,1.3638577850285234,1.593858280939168,1.593858280939168,0.526350344922947,0.4773502247599832,0.5578503983287088,0.5578503983287088,2.281455227276808,2.257065215265878,2.2774052322120735,2.31187523487819,-1,1,-1,1,-13,13,-13,13,-16,16,-16,16
1783308229.625599,35.0,0.0,0.0,35.0,0.0,0,10.283857861322469,10.283857861322469,10.283857861322469,10.283857861322469,8.779999732971191,8.920000076293945,8.6899995803833,8.6899995803833,1.5038581283512773,1.3638577850285234,1.593858280939168,1.593858280939168,0.526350344922947,0.4773502247599832,0.5578503983287088,0.5578503983287088,2.2949899504319693,2.2693399353311348,2.291749956740526,2.3262199594066426,-1,1,-1,1,-13,13,-13,13,-16,16,-16,16
1783308229.6456873,35.0,0.0,0.0,35.0,0.0,0,10.283857861322469,10.283857861322469,10.283857861322469,10.283857861322469,9.770000457763672,9.869999885559082,10.15999984741211,9.479999542236328,0.5138574035587968,0.4138579757633867,0.12385801391035933,0.8038583190861406,0.17985009124557888,0.14485029151718531,0.04335030486862576,0.2813504116801492,2.2996146670639983,2.273064657113005,2.2928646788657194,2.333454684278418,-1,1,-1,1,-13,13,-13,13,-15,15,-15,16
1783308229.6656034,35.0,0.0,0.0,35.0,0.0,0,10.283857861322469,10.283857861322469,10.283857861322469,10.283857861322469,9.770000457763672,9.869999885559082,10.15999984741211,9.479999542236328,0.5138574035587968,0.4138579757633867,0.12385801391035933,0.8038583190861406,0.17985009124557888,0.14485029151718531,0.04335030486862576,0.2813504116801492,2.3042393836960273,2.2767893788948754,2.2939794009909127,2.3406894091501935,-1,1,-1,1,-13,13,-13,13,-15,15,-15,16
1783308229.6856651,35.0,0.0,0.0,35.0,0.0,0,10.283857861322469,10.283857861322469,10.283857861322469,10.283857861322469,10.6899995803833,10.300000190734863,10.729999542236328,9.8100004196167,-0.4061417190608321,-0.016142329412394574,-0.4461416809138594,0.4738574417057695,-0.1421496016712912,-0.005649815294338101,-0.1561495883198508,0.16585010459701932,2.30058410822448,2.276644097930164,2.289964125862688,2.3449541261255455,-1,1,-1,1,-13,13,-13,13,-15,15,-15,16
1783308229.7055967,35.0,0.0,0.0,35.0,0.0,0,10.283857861322469,10.283857861322469,10.283857861322469,10.283857861322469,10.6899995803833,10.300000190734863,10.729999542236328,9.8100004196167,-0.4061417190608321,-0.016142329412394574,-0.4461416809138594,0.4738574417057695,-0.1421496016712912,-0.005649815294338101,-0.1561495883198508,0.16585010459701932,2.2969288327529322,2.2764988169654528,2.2859488507344636,2.3492188431008976,-1,1,-1,1,-13,13,-13,13,-15,15,-15,16
1783308229.7256784,35.0,0.0,0.0,35.0,0.0,0,10.283857861322469,10.283857861322469,10.283857861322469,10.283857861322469,10.6899995803833,10.300000190734863,10.729999542236328,9.8100004196167,-0.4061417190608321,-0.016142329412394574,-0.4461416809138594,0.4738574417057695,-0.1421496016712912,-0.005649815294338101,-0.1561495883198508,0.16585010459701932,2.2932735572813847,2.2763535360007414,2.281933575606239,2.3534835600762496,-1,1,-1,1,-13,13,-13,13,-15,15,-15,16
1783308229.7455947,35.0,0.0,0.0,35.0,0.0,0,10.283857861322469,10.283857861322469,10.283857861322469,10.283857861322469,11.329999923706055,11.0600004196167,11.59000015258789,10.710000038146973,-1.046142062383586,-0.7761425582942305,-1.306142291265422,-0.42614217682450395,-0.3661497218342551,-0.2716498954029807,-0.4571498019428976,-0.14914976188857637,2.2838582787199324,2.2693682529760935,2.2701782949848504,2.349648280484829,-1,1,-1,1,-13,13,-13,13,-15,15,-15,15
1783308229.7655911,35.0,0.0,0.0,35.0,0.0,0,10.283857861322469,10.283857861322469,10.283857861322469,10.283857861322469,11.329999923706055,11.0600004196167,11.59000015258789,10.710000038146973,-1.046142062383586,-0.7761425582942305,-1.306142291265422,-0.42614217682450395,-0.3661497218342551,-0.2716498954029807,-0.4571498019428976,-0.14914976188857637,2.27444300015848,2.2623829699514455,2.2584230143634616,2.345813000893408,-1,1,-1,1,-13,13,-13,13,-15,15,-15,15
1783308229.785732,35.0,0.0,0.0,35.0,0.0,0,10.283857861322469,10.283857861322469,10.283857861322469,10.283857861322469,11.779999732971191,11.819999694824219,11.960000038146973,11.350000381469727,-1.4961418716487227,-1.53614183350175,-1.676142176824504,-1.0661425201472579,-0.523649655077053,-0.5376496417256125,-0.5866497618885763,-0.3731498820515402,2.2609777233136414,2.24855769344993,2.243337734772041,2.3362177182120827,-1,1,-1,1,-13,13,-13,13,-15,15,-15,15
1783308229.8056004,35.0,0.0,0.0,35.0,0.0,0,10.283857861322469,10.283857861322469,10.283857861322469,10.283857861322469,11.779999732971191,11.819999694824219,11.960000038146973,11.350000381469727,-1.4961418716487227,-1.53614183350175,-1.676142176824504,-1.0661425201472579,-0.523649655077053,-0.5376496417256125,-0.5866497618885763,-0.3731498820515402,2.2475124464688028,2.234732416948414,2.22825245518062,2.326622435530757,-1,1,-1,1,-13,13,-13,13,-15,15,-15,15
1783308229.8256621,35.0,0.0,0.0,35.0,0.0,0,10.283857861322469,10.283857861322469,10.283857861322469,10.283857861322469,11.779999732971191,11.819999694824219,11.960000038146973,11.350000381469727,-1.4961418716487227,-1.53614183350175,-1.676142176824504,-1.0661425201472579,-0.523649655077053,-0.5376496417256125,-0.5866497618885763,-0.3731498820515402,2.234047169623964,2.2209071404468985,2.2131671755891995,2.3170271528494317,-1,1,-1,1,-13,13,-13,13,-15,15,-15,15
1783308229.8456786,35.0,0.0,0.0,35.0,0.0,0,10.283857861322469,10.283857861322469,10.283857861322469,10.283857861322469,11.869999885559082,12.569999694824219,12.0,11.789999961853027,-1.5861420242366133,-2.28614183350175,-1.7161421386775313,-1.5061421005305586,-0.5551497084828146,-0.8001496417256124,-0.6006497485371359,-0.5271497351856955,2.2197718914058346,2.2003318639453826,2.197721896341102,2.3034718739446567,-1,1,-1,1,-13,13,-13,13,-15,14,-15,15
1783308229.8655982,35.0,0.0,0.0,35.0,0.0,0,10.283857861322469,10.283857861322469,10.283857861322469,10.283857861322469,11.869999885559082,12.569999694824219,12.0,11.789999961853027,-1.5861420242366133,-2.28614183350175,-1.7161421386775313,-1.5061421005305586,-0.5551497084828146,-0.8001496417256124,-0.6006497485371359,-0.5271497351856955,2.205496613187705,2.1797565874438667,2.182276617093004,2.2899165950398817,-1,1,-1,1,-13,13,-13,13,-15,14,-15,15
1783308229.8856735,35.0,0.0,0.0,35.0,0.0,0,10.283857861322469,10.283857861322469,10.283857861322469,10.283857861322469,12.380000114440918,12.199999809265137,12.930000305175781,11.880000114440918,-2.0961422531184493,-1.916141947942668,-2.6461424438533125,-1.5961422531184493,-0.7336497885914572,-0.6706496817799338,-0.9261498553486593,-0.5586497885914572,2.186631332909639,2.1625113099123827,2.158461335098324,2.275551314761816,-1,1,-1,1,-13,13,-13,13,-14,14,-14,15
1783308229.9056704,35.0,0.0,0.0,35.0,0.0,0,10.283857861322469,10.283857861322469,10.283857861322469,10.283857861322469,12.380000114440918,12.199999809265137,12.930000305175781,11.880000114440918,-2.0961422531184493,-1.916141947942668,-2.6461424438533125,-1.5961422531184493,-0.7336497885914572,-0.6706496817799338,-0.9261498553486593,-0.5586497885914572,2.167766052631573,2.1452660323808987,2.134646053103644,2.26118603448375,-1,1,-1,1,-13,13,-13,13,-14,14,-14,15
1783308229.9256537,35.0,0.0,0.0,35.0,0.0,0,10.283857861322469,10.283857861322469,10.283857861322469,10.283857861322469,12.380000114440918,12.199999809265137,12.930000305175781,11.880000114440918,-2.0961422531184493,-1.916141947942668,-2.6461424438533125,-1.5961422531184493,-0.7336497885914572,-0.6706496817799338,-0.9261498553486593,-0.5586497885914572,2.148900772353507,2.1280207548494148,2.110830771108964,2.246820754205684,-1,1,-1,1,-13,13,-13,13,-14,14,-14,15
1783308229.945574,35.0,0.0,0.0,35.0,0.0,0,10.283857861322469,10.283857861322469,10.283857861322469,10.283857861322469,12.739999771118164,12.609999656677246,12.899999618530273,12.15999984741211,-2.4561419097956954,-2.3261417953547774,-2.6161417572078047,-1.8761419860896407,-0.8596496684284933,-0.814149628374172,-0.9156496150227316,-0.6566496951313742,2.126795495165346,2.107085478691222,2.087285495294094,2.229935476330877,-1,1,-1,1,-13,13,-13,13,-14,14,-14,15
1783308229.9656386,35.0,0.0,0.0,35.0,0.0,0,10.283857861322469,10.283857861322469,10.283857861322469,10.283857861322469,12.739999771118164,12.609999656677246,12.899999618530273,12.15999984741211,-2.4561419097956954,-2.3261417953547774,-2.6161417572078047,-1.8761419860896407,-0.8596496684284933,-0.814149628374172,-0.9156496150227316,-0.6566496951313742,2.104690217977185,2.086150202533029,2.0637402194792234,2.21305019845607,-1,1,-1,1,-13,13,-13,13,-14,14,-14,15
1783308229.9856584,35.0,0.0,0.0,35.0,0.0,0,10.283857861322469,10.283857861322469,10.283857861322469,10.283857861322469,12.770000457763672,12.229999542236328,13.100000381469727,12.359999656677246,-2.486142596441203,-1.9461416809138594,-2.816142520147258,-2.0761417953547774,-0.8701499087544211,-0.6811495883198507,-0.9856498820515401,-0.726649628374172,2.0823149346092142,2.0686349274048044,2.038394936797898,2.1943649222978774,-1,1,-1,1,-13,13,-13,13,-14,14,-14,14
1783308230.0056982,35.0,0.0,0.0,35.0,0.0,0,10.283857861322469,10.283857861322469,10.283857861322469,10.283857861322469,12.770000457763672,12.229999542236328,13.100000381469727,12.359999656677246,-2.486142596441203,-1.9461416809138594,-2.816142520147258,-2.0761417953547774,-0.8701499087544211,-0.6811495883198507,-0.9856498820515401,-0.726649628374172,2.0599396512412436,2.0511196522765798,2.013049654116573,2.1756796461396846,-1,1,-1,1,-13,13,-13,13,-14,14,-14,14
1783308230.0256548,35.0,0.0,0.0,35.0,0.0,0,10.283857861322469,10.283857861322469,10.283857861322469,10.283857861322469,12.770000457763672,12.229999542236328,13.100000381469727,12.359999656677246,-2.486142596441203,-1.9461416809138594,-2.816142520147258,-2.0761417953547774,-0.8701499087544211,-0.6811495883198507,-0.9856498820515401,-0.726649628374172,2.037564367873273,2.033604377148355,1.9877043714352476,2.1569943699814917,-1,1,-1,1,-13,13,-13,13,-14,14,-14,14
1783308230.0455785,35.0,0.0,0.0,35.0,0.0,0,10.283857861322469,10.283857861322469,10.283857861322469,10.283857861322469,12.789999961853027,12.630000114440918,13.25,12.5,-2.5061421005305586,-2.3461422531184493,-2.9661421386775313,-2.2161421386775313,-0.8771497351856955,-0.8211497885914572,-1.0381497485371358,-0.7756497485371359,2.015009088968498,2.012489096870289,1.9610090921871497,2.137049090733394,-1,1,-1,1,-13,13,-13,13,-14,14,-14,14
1783308230.0656261,35.0,0.0,0.0,35.0,0.0,0,10.283857861322469,10.283857861322469,10.283857861322469,10.283857861322469,12.789999961853027,12.630000114440918,13.25,12.5,-2.5061421005305586,-2.3461422531184493,-2.9661421386775313,-2.2161421386775313,-0.8771497351856955,-0.8211497885914572,-1.0381497485371358,-0.7756497485371359,1.992453810063723,1.991373816592223,1.934313812939052,2.117103811485296,-1,1,-1,1,-13,13,-13,13,-14,14,-14,14
1783308230.0856562,35.0,0.0,0.0,35.0,0.0,0,10.283857861322469,10.283857861322469,10.283857861322469,10.283857861322469,12.569999694824219,13.149999618530273,12.899999618530273,13.050000190734863,-2.28614183350175,-2.8661417572078047,-2.6161417572078047,-2.7661423294123946,-0.8001496417256124,-1.0031496150227317,-0.9156496150227316,-0.9681498152943381,1.9718785335622073,1.9655785407773527,1.9107685371241818,2.0922085305205846,-1,1,-1,1,-13,13,-13,13,-14,14,-14,14
1783308230.105605,35.0,0.0,0.0,35.0,0.0,0,10.283857861322469,10.283857861322469,10.283857861322469,10.283857861322469,12.569999694824219,13.149999618530273,12.899999618530273,13.050000190734863,-2.28614183350175,-2.8661417572078047,-2.6161417572078047,-2.7661423294123946,-0.8001496417256124,-1.0031496150227317,-0.9156496150227316,-0.9681498152943381,1.9513032570606916,1.9397832649624824,1.8872232613093116,2.0673132495558733,-1,1,-1,1,-13,13,-13,13,-14,14,-14,14
1783308230.1255972,35.0,0.0,0.0,35.0,0.0,0,10.283857861322469,10.283857861322469,10.283857861322469,10.283857861322469,12.569999694824219,13.149999618530273,12.899999618530273,13.050000190734863,-2.28614183350175,-2.8661417572078047,-2.6161417572078047,-2.7661423294123946,-0.8001496417256124,-1.0031496150227317,-0.9156496150227316,-0.9681498152943381,1.930727980559176,1.9139879891476121,1.8636779854944414,2.042417968591162,-1,1,-1,1,-13,13,-13,13,-14,14,-14,14
1783308230.1455903,35.0,0.0,0.0,35.0,0.0,0,10.283857861322469,10.283857861322469,10.283857861322469,10.283857861322469,12.649999618530273,13.279999732971191,13.100000381469727,13.4399995803833,-2.3661417572078047,-2.9961418716487227,-2.816142520147258,-3.156141719060832,-0.8281496150227317,-1.048649655077053,-0.9856498820515401,-1.1046496016712912,1.9094327047443056,1.8870227123027736,1.838332702813116,2.0140126931196143,-1,1,-1,1,-13,13,-13,13,-14,14,-14,14
1783308230.1657438,35.0,0.0,0.0,35.0,0.0,0,10.283857861322469,10.283857861322469,10.283857861322469,10.283857861322469,12.649999618530273,13.279999732971191,13.100000381469727,13.4399995803833,-2.3661417572078047,-2.9961418716487227,-2.816142520147258,-3.156141719060832,-0.8281496150227317,-1.048649655077053,-0.9856498820515401,-1.1046496016712912,1.8881374289294353,1.8600574354579351,1.8129874201317906,1.9856074176480667,-1,1,-1,1,-13,13,-13,13,-14,14,-14,14
1783308230.1857045,35.0,0.0,0.0,35.0,0.0,0,10.283857861322469,10.283857861322469,10.283857861322469,10.283857861322469,13.15999984741211,13.600000381469727,13.25,13.479999542236328,-2.8761419860896407,-3.316142520147258,-2.9661421386775313,-3.1961416809138594,-1.0066496951313741,-1.16064988205154,-1.0381497485371358,-1.1186495883198506,1.8622521510546286,1.8302121527766098,1.7862921408836927,1.956842142519842,-1,1,-1,1,-13,13,-13,13,-14,14,-14,14
1783308230.2056856,35.0,0.0,0.0,35.0,0.0,0,10.283857861322469,10.283857861322469,10.283857861322469,10.283857861322469,13.15999984741211,13.600000381469727,13.25,13.479999542236328,-2.8761419860896407,-3.316142520147258,-2.9661421386775313,-3.1961416809138594,-1.0066496951313741,-1.16064988205154,-1.0381497485371358,-1.1186495883198506,1.8363668731798217,1.8003668700952844,1.759596861635595,1.928076867391617,-1,1,-1,1,-13,13,-13,13,-14,14,-14,14
1783308230.2255805,35.0,0.0,0.0,35.0,0.0,0,10.283857861322469,10.283857861322469,10.283857861322469,10.283857861322469,13.15999984741211,13.600000381469727,13.25,13.479999542236328,-2.8761419860896407,-3.316142520147258,-2.9661421386775313,-3.1961416809138594,-1.0066496951313741,-1.16064988205154,-1.0381497485371358,-1.1186495883198506,1.8104815953050148,1.770521587413959,1.7329015823874974,1.8993115922633923,-1,1,-1,1,-13,13,-13,13,-14,14,-14,14
1783308230.2456355,35.0,0.0,0.0,35.0,0.0,0,10.283857861322469,10.283857861322469,10.283857861322469,10.283857861322469,13.510000228881836,13.59000015258789,13.350000381469727,13.739999771118164,-3.2261423675593672,-3.306142291265422,-3.066142520147258,-3.4561419097956954,-1.1291498286457784,-1.1571498019428976,-1.0731498820515402,-1.2096496684284932,1.7814463139969805,1.7407663067925703,1.705306299706172,1.868206315075231,-1,1,-1,1,-13,13,-13,13,-14,14,-14,14
1783308230.265587,35.0,0.0,0.0,35.0,0.0,0,10.283857861322469,10.283857861322469,10.283857861322469,10.283857861322469,13.510000228881836,13.59000015258789,13.350000381469727,13.739999771118164,-3.2261423675593672,-3.306142291265422,-3.066142520147258,-3.4561419097956954,-1.1291498286457784,-1.1571498019428976,-1.0731498820515402,-1.2096496684284932,1.7524110326889462,1.7110110261711815,1.6777110170248468,1.8371010378870698,-1,1,-1,1,-13,13,-13,13,-14,14,-14,14
1783308230.2856717,35.0,0.0,0.0,35.0,0.0,0,10.283857861322469,10.283857861322469,10.283857861322469,10.283857861322469,13.3100004196167,13.359999656677246,13.1899995803833,13.470000267028809,-3.0261425582942305,-3.0761417953547774,-2.906141719060832,-3.18614240570634,-1.0591498954029805,-1.076649628374172,-1.017149601671291,-1.1151498419972188,1.725175749664298,1.6833257500129886,1.6515557415532993,1.8084257562357127,-1,1,-1,1,-13,13,-13,13,-14,14,-14,14
1783308230.305609,35.0,0.0,0.0,35.0,0.0,0,10.283857861322469,10.283857861322469,10.283857861322469,10.283857861322469,13.3100004196167,13.359999656677246,13.1899995803833,13.470000267028809,-3.0261425582942305,-3.0761417953547774,-2.906141719060832,-3.18614240570634,-1.0591498954029805,-1.076649628374172,-1.017149601671291,-1.1151498419972188,1.69794046663965,1.6556404738547956,1.6254004660817518,1.7797504745843555,-1,1,-1,1,-13,13,-13,13,-14,14,-14,14
1783308230.3255947,35.0,0.0,0.0,35.0,0.0,0,10.283857861322469,10.283857861322469,10.283857861322469,10.283857861322469,13.3100004196167,13.359999656677246,13.1899995803833,13.470000267028809,-3.0261425582942305,-3.0761417953547774,-2.906141719060832,-3.18614240570634,-1.0591498954029805,-1.076649628374172,-1.017149601671291,-1.1151498419972188,1.670705183615002,1.6279551976966027,1.5992451906102043,1.7510751929329984,-1,1,-1,1,-13,13,-13,13,-14,14,-14,14
1783308230.3457074,35.0,0.0,0.0,35.0,0.0,0,10.283857861322469,10.283857861322469,10.283857861322469,10.283857861322469,13.619999885559082,13.430000305175781,13.760000228881836,13.279999732971191,-3.3361420242366133,-3.1461424438533125,-3.4761423675593672,-2.9961418716487227,-1.1676497084828146,-1.1011498553486594,-1.2166498286457785,-1.048649655077053,1.6406799053968724,1.5996399157019228,1.56795990930217,1.7241099160881599,-1,1,-1,1,-13,13,-13,13,-13,13,-13,14
1783308230.3655956,35.0,0.0,0.0,35.0,0.0,0,10.283857861322469,10.283857861322469,10.283857861322469,10.283857861322469,13.619999885559082,13.430000305175781,13.760000228881836,13.279999732971191,-3.3361420242366133,-3.1461424438533125,-3.4761423675593672,-2.9961418716487227,-1.1676497084828146,-1.1011498553486594,-1.2166498286457785,-1.048649655077053,1.6106546271787427,1.5713246337072428,1.536674627994136,1.6971446392433214,-1,1,-1,1,-13,13,-13,13,-13,13,-13,14
1783308230.3856838,35.0,0.0,0.0,35.0,0.0,0,10.283857861322469,10.283857861322469,10.283857861322469,10.283857861322469,13.829999923706055,13.479999542236328,13.710000038146973,13.369999885559082,-3.546142062383586,-3.1961416809138594,-3.426142176824504,-3.0861420242366133,-1.241149721834255,-1.1186495883198506,-1.1991497618885762,-1.0801497084828147,1.5787393486172905,1.542559358579018,1.5058393484027153,1.6693693610251918,-1,1,-1,1,-13,13,-13,13,-13,13,-13,14
1783308230.405701,35.0,0.0,0.0,35.0,0.0,0,10.283857861322469,10.283857861322469,10.283857861322469,10.283857861322469,13.829999923706055,13.479999542236328,13.710000038146973,13.369999885559082,-3.546142062383586,-3.1961416809138594,-3.426142176824504,-3.0861420242366133,-1.241149721834255,-1.1186495883198506,-1.1991497618885762,-1.0801497084828147,1.5468240700558382,1.5137940834507932,1.4750040688112946,1.6415940828070623,-1,1,-1,1,-13,13,-13,13,-13,13,-13,14
1783308230.4255936,35.0,0.0,0.0,35.0,0.0,0,10.283857861322469,10.283857861322469,10.283857861322469,10.283857861322469,13.829999923706055,13.479999542236328,13.710000038146973,13.369999885559082,-3.546142062383586,-3.1961416809138594,-3.426142176824504,-3.0861420242366133,-1.241149721834255,-1.1186495883198506,-1.1991497618885762,-1.0801497084828147,1.514908791494386,1.4850288083225684,1.444168789219874,1.6138188045889328,-1,1,-1,1,-13,13,-13,13,-13,13,-13,14
1783308230.4455905,35.0,0.0,0.0,35.0,0.0,0,10.283857861322469,10.283857861322469,10.283857861322469,10.283857861322469,13.989999771118164,13.739999771118164,13.670000076293945,13.210000038146973,-3.7061419097956954,-3.4561419097956954,-3.3861422149714766,-2.926142176824504,-1.2971496684284933,-1.2096496684284932,-1.1851497752400166,-1.0241497618885764,1.4815535143062246,1.4539235311344072,1.4136935092851308,1.5874835249975123,-1,1,-1,1,-13,13,-13,13,-13,13,-13,14
1783308230.4656105,35.0,0.0,0.0,35.0,0.0,0,10.283857861322469,10.283857861322469,10.283857861322469,10.283857861322469,13.989999771118164,13.739999771118164,13.670000076293945,13.210000038146973,-3.7061419097956954,-3.4561419097956954,-3.3861422149714766,-2.926142176824504,-1.2971496684284933,-1.2096496684284932,-1.1851497752400166,-1.0241497618885764,1.4481982371180633,1.422818253946246,1.3832182293503876,1.5611482454060919,-1,1,-1,1,-13,13,-13,13,-13,13,-13,14
1783308230.4858003,35.0,0.0,0.0,35.0,0.0,0,10.283857861322469,10.283857861322469,10.283857861322469,10.283857861322469,13.640000343322754,13.920000076293945,13.869999885559082,13.550000190734863,-3.356142482000285,-3.6361422149714766,-3.5861420242366133,-3.2661423294123946,-1.1746498687000997,-1.2726497752400168,-1.2551497084828145,-1.143149815294338,1.4179929547800607,1.3900929740115027,1.3509429511322582,1.5317529644413803,-1,1,-1,1,-13,13,-13,13,-13,13,-13,13
1783308230.5056274,35.0,0.0,0.0,35.0,0.0,0,10.283857861322469,10.283857861322469,10.283857861322469,10.283857861322469,13.640000343322754,13.920000076293945,13.869999885559082,13.550000190734863,-3.356142482000285,-3.6361422149714766,-3.5861420242366133,-3.2661423294123946,-1.1746498687000997,-1.2726497752400168,-1.2551497084828145,-1.143149815294338,1.3877876724420581,1.3573676940767594,1.3186676729141287,1.5023576834766688,-1,1,-1,1,-13,13,-13,13,-13,13,-13,13
1783308230.5256333,35.0,0.0,0.0,35.0,0.0,0,10.283857861322469,10.283857861322469,10.283857861322469,10.283857861322469,13.640000343322754,13.920000076293945,13.869999885559082,13.550000190734863,-3.356142482000285,-3.6361422149714766,-3.5861420242366133,-3.2661423294123946,-1.1746498687000997,-1.2726497752400168,-1.2551497084828145,-1.143149815294338,1.3575823901040556,1.3246424141420161,1.2863923946959992,1.4729624025119572,-1,1,-1,1,-13,13,-13,13,-13,13,-13,13
1783308230.5456457,35.0,0.0,0.0,35.0,0.0,0,10.283857861322469,10.283857861322469,10.283857861322469,10.283857861322469,14.079999923706055,13.59000015258789,14.010000228881836,13.329999923706055,-3.796142062383586,-3.306142291265422,-3.7261423675593672,-3.046142062383586,-1.328649721834255,-1.1571498019428976,-1.3041498286457784,-1.066149721834255,1.3234171115426032,1.2948871335206273,1.252857113387965,1.4455471239505049,-1,1,-1,1,-13,13,-13,13,-13,13,-13,13
1783308230.5656016,35.0,0.0,0.0,35.0,0.0,0,10.283857861322469,10.283857861322469,10.283857861322469,10.283857861322469,14.079999923706055,13.59000015258789,14.010000228881836,13.329999923706055,-3.796142062383586,-3.306142291265422,-3.7261423675593672,-3.046142062383586,-1.328649721834255,-1.1571498019428976,-1.3041498286457784,-1.066149721834255,1.2892518329811509,1.2651318528992386,1.2193218320799306,1.4181318453890526,-1,1,-1,1,-13,13,-13,13,-13,13,-13,13
1783308230.585654,35.0,0.0,0.0,35.0,0.0,0,10.283857861322469,10.283857861322469,10.283857861322469,10.283857861322469,13.930000305175781,13.59000015258789,13.880000114440918,13.180000305175781,-3.6461424438533125,-3.306142291265422,-3.5961422531184493,-2.8961424438533125,-1.2761498553486592,-1.1571498019428976,-1.2586497885914572,-1.0136498553486593,1.256436550986471,1.2353765722778498,1.1869565518018645,1.3920665633943727,-1,1,-1,1,-13,13,-13,13,-13,13,-13,13
1783308230.6055884,35.0,0.0,0.0,35.0,0.0,0,10.283857861322469,10.283857861322469,10.283857861322469,10.283857861322469,13.930000305175781,13.59000015258789,13.880000114440918,13.180000305175781,-3.6461424438533125,-3.306142291265422,-3.5961422531184493,-2.8961424438533125,-1.2761498553486592,-1.1571498019428976,-1.2586497885914572,-1.0136498553486593,1.2236212689917911,1.205621291656461,1.1545912715237985,1.366001281399693,-1,1,-1,1,-13,13,-13,13,-13,13,-13,13
1783308230.6256125,35.0,0.0,0.0,35.0,0.0,0,10.283857861322469,10.283857861322469,10.283857861322469,10.283857861322469,13.930000305175781,13.59000015258789,13.880000114440918,13.180000305175781,-3.6461424438533125,-3.306142291265422,-3.5961422531184493,-2.8961424438533125,-1.2761498553486592,-1.1571498019428976,-1.2586497885914572,-1.0136498553486593,1.1908059869971113,1.1758660110350723,1.1222259912457324,1.339935999405013,-1,1,-1,1,-13,13,-13,13,-13,13,-13,13
1783308230.6455867,35.0,0.0,0.0,35.0,0.0,0,10.283857861322469,10.283857861322469,10.283857861322469,10.283857861322469,14.050000190734863,13.59000015258789,13.789999961853027,13.529999732971191,-3.7661423294123946,-3.306142291265422,-3.5061421005305586,-3.2461418716487227,-1.318149815294338,-1.1571498019428976,-1.2271497351856955,-1.136149655077053,1.1569107060323998,1.1461107304136835,1.0906707123409574,1.3107207225601745,-1,1,-1,1,-13,13,-13,13,-13,13,-13,13
1783308230.665589,35.0,0.0,0.0,35.0,0.0,0,10.283857861322469,10.283857861322469,10.283857861322469,10.283857861322469,14.050000190734863,13.59000015258789,13.789999961853027,13.529999732971191,-3.7661423294123946,-3.306142291265422,-3.5061421005305586,-3.2461418716487227,-1.318149815294338,-1.1571498019428976,-1.2271497351856955,-1.136149655077053,1.1230154250676883,1.1163554497922947,1.0591154334361823,1.2815054457153359,-1,1,-1,1,-13,13,-13,13,-13,13,-13,13
1783308230.685682,35.0,0.0,0.0,35.0,0.0,0,10.283857861322469,10.283857861322469,10.283857861322469,10.283857861322469,14.140000343322754,13.359999656677246,13.729999542236328,13.09000015258789,-3.856142482000285,-3.0761417953547774,-3.4461416809138594,-2.806142291265422,-1.3496498687000997,-1.076649628374172,-1.2061495883198508,-0.9821498019428976,1.0883101427296857,1.0886701736341018,1.0281001583079576,1.256250165093947,-1,1,-1,1,-13,13,-13,13,-13,13,-13,13
1783308230.7056134,35.0,0.0,0.0,35.0,0.0,0,10.283857861322469,10.283857861322469,10.283857861322469,10.283857861322469,14.140000343322754,13.359999656677246,13.729999542236328,13.09000015258789,-3.856142482000285,-3.0761417953547774,-3.4461416809138594,-2.806142291265422,-1.3496498687000997,-1.076649628374172,-1.2061495883198508,-0.9821498019428976,1.0536048603916832,1.0609848974759089,0.9970848831797329,1.2309948844725582,-1,1,-1,1,-13,13,-13,13,-13,13,-13,13
1783308230.7255986,35.0,0.0,0.0,35.0,0.0,0,10.283857861322469,10.283857861322469,10.283857861322469,10.283857861322469,14.140000343322754,13.359999656677246,13.729999542236328,13.09000015258789,-3.856142482000285,-3.0761417953547774,-3.4461416809138594,-2.806142291265422,-1.3496498687000997,-1.076649628374172,-1.2061495883198508,-0.9821498019428976,1.0188995780536807,1.033299621317716,0.9660696080515081,1.2057396038511694,-1,1,-1,1,-13,13,-13,13,-13,13,-13,13
1783308230.7455847,35.0,0.0,0.0,35.0,0.0,0,10.283857861322469,10.283857861322469,10.283857861322469,10.283857861322469,14.420000076293945,12.970000267028809,13.6899995803833,13.010000228881836,-4.136142214971477,-2.68614240570634,-3.406141719060832,-2.7261423675593672,-1.4476497752400168,-0.9401498419972188,-1.1921496016712911,-0.9541498286457785,0.9816742981189374,1.009124339666359,0.9354143325799607,1.181204322543135,-1,1,-1,1,-13,13,-13,13,-13,13,-13,13
1783308230.765677,35.0,0.0,0.0,35.0,0.0,0,10.283857861322469,10.283857861322469,10.283857861322469,10.283857861322469,14.420000076293945,12.970000267028809,13.6899995803833,13.010000228881836,-4.136142214971477,-2.68614240570634,-3.406141719060832,-2.7261423675593672,-1.4476497752400168,-0.9401498419972188,-1.1921496016712911,-0.9541498286457785,0.944449018184194,0.9849490580150019,0.9047590571084132,1.1566690412351006,-1,1,-1,1,-13,13,-13,13,-12,13,-13,13
1783308230.7856655,35.0,0.0,0.0,35.0,0.0,0,10.283857861322469,10.283857861322469,10.283857861322469,10.283857861322469,13.720000267028809,13.380000114440918,13.65999984741211,13.1899995803833,-3.43614240570634,-3.0961422531184493,-3.3761419860896407,-2.906141719060832,-1.202649841997219,-1.083649788591457,-1.1816496951313742,-1.017149601671291,0.9135237365328369,0.9570837777369359,0.8743737792336064,1.1305137657635531,-1,1,-1,1,-13,13,-13,13,-13,13,-13,13
1783308230.8056083,35.0,0.0,0.0,35.0,0.0,0,10.283857861322469,10.283857861322469,10.283857861322469,10.283857861322469,13.720000267028809,13.380000114440918,13.65999984741211,13.1899995803833,-3.43614240570634,-3.0961422531184493,-3.3761419860896407,-2.906141719060832,-1.202649841997219,-1.083649788591457,-1.1816496951313742,-1.017149601671291,0.8825984548814798,0.9292184974588699,0.8439885013587995,1.1043584902920056,-1,1,-1,1,-13,13,-13,13,-13,13,-13,13
1783308230.8256485,35.0,0.0,0.0,35.0,0.0,0,10.283857861322469,10.283857861322469,10.283857861322469,10.283857861322469,13.720000267028809,13.380000114440918,13.65999984741211,13.1899995803833,-3.43614240570634,-3.0961422531184493,-3.3761419860896407,-2.906141719060832,-1.202649841997219,-1.083649788591457,-1.1816496951313742,-1.017149601671291,0.8516731732301227,0.9013532171808039,0.8136032234839927,1.0782032148204581,-1,1,-1,1,-13,13,-13,13,-13,13,-13,13
1783308230.8456266,35.0,0.0,0.0,35.0,0.0,0,10.283857861322469,10.283857861322469,10.283857861322469,10.283857861322469,13.449999809265137,12.989999771118164,13.40999984741211,12.630000114440918,-3.166141947942668,-2.7061419097956954,-3.1261419860896407,-2.3461422531184493,-1.1081496817799337,-0.9471496684284934,-1.094149695131374,-0.8211497885914572,0.8231778956986386,0.8769979399926426,0.785467945609186,1.057087934542392,-1,1,-1,1,-13,13,-13,13,-13,13,-13,13
1783308230.8655975,35.0,0.0,0.0,35.0,0.0,0,10.283857861322469,10.283857861322469,10.283857861322469,10.283857861322469,13.449999809265137,12.989999771118164,13.40999984741211,12.630000114440918,-3.166141947942668,-2.7061419097956954,-3.1261419860896407,-2.3461422531184493,-1.1081496817799337,-0.9471496684284934,-1.094149695131374,-0.8211497885914572,0.7946826181671546,0.8526426628044814,0.7573326677343792,1.035972654264326,-1,1,-1,1,-13,13,-13,13,-13,13,-13,13
1783308230.885633,35.0,0.0,0.0,35.0,0.0,0,10.283857861322469,10.283857861322469,10.283857861322469,10.283857861322469,13.489999771118164,12.9399995803833,13.460000038146973,12.6899995803833,-3.2061419097956954,-2.656141719060832,-3.176142176824504,-2.406141719060832,-1.1221496684284933,-0.9296496016712912,-1.1116497618885763,-0.8421496016712912,0.7658273409789933,0.8287373873329339,0.7287473881429587,1.0143173787927784,-1,1,-1,1,-13,13,-13,13,-13,13,-13,13
1783308230.9056997,35.0,0.0,0.0,35.0,0.0,0,10.283857861322469,10.283857861322469,10.283857861322469,10.283857861322469,13.489999771118164,12.9399995803833,13.460000038146973,12.6899995803833,-3.2061419097956954,-2.656141719060832,-3.176142176824504,-2.406141719060832,-1.1221496684284933,-0.9296496016712912,-1.1116497618885763,-0.8421496016712912,0.736972063790832,0.8048321118613864,0.7001621085515382,0.992662103321231,-1,1,-1,1,-13,13,-13,13,-13,13,-13,13
1783308230.9256434,35.0,0.0,0.0,35.0,0.0,0,10.283857861322469,10.283857861322469,10.283857861322469,10.283857861322469,13.489999771118164,12.9399995803833,13.460000038146973,12.6899995803833,-3.2061419097956954,-2.656141719060832,-3.176142176824504,-2.406141719060832,-1.1221496684284933,-0.9296496016712912,-1.1116497618885763,-0.8421496016712912,0.7081167866026707,0.7809268363898388,0.6715768289601176,0.9710068278496835,-1,1,-1,1,-13,13,-13,13,-13,13,-13,13
1783308230.945585,35.0,0.0,0.0,35.0,0.0,0,10.283857861322469,10.283857861322469,10.283857861322469,10.283857861322469,13.069999694824219,13.140000343322754,13.050000190734863,12.729999542236328,-2.78614183350175,-2.856142482000285,-2.7661423294123946,-2.4461416809138594,-0.9751496417256125,-0.9996498687000998,-0.9681498152943381,-0.8561495883198508,0.683041510101155,0.7552215540518362,0.646681547995406,0.9489915527214587,-1,1,-1,1,-13,13,-13,13,-13,13,-13,13
1783308230.9656432,35.0,0.0,0.0,35.0,0.0,0,10.283857861322469,10.283857861322469,10.283857861322469,10.283857861322469,13.069999694824219,13.140000343322754,13.050000190734863,12.729999542236328,-2.78614183350175,-2.856142482000285,-2.7661423294123946,-2.4461416809138594,-0.9751496417256125,-0.9996498687000998,-0.9681498152943381,-0.8561495883198508,0.6579662335996392,0.7295162717138336,0.6217862670306944,0.926976277593234,-1,1,-1,1,-13,13,-13,13,-13,13,-13,13
1783308230.9856658,35.0,0.0,0.0,35.0,0.0,0,10.283857861322469,10.283857861322469,10.283857861322469,10.283857861322469,13.220000267028809,12.59000015258789,13.430000305175781,12.3100004196167,-2.93614240570634,-2.306142291265422,-3.1461424438533125,-2.0261425582942305,-1.0276498419972189,-0.8071498019428976,-1.1011498553486594,-0.7091498954029807,0.6315409519482822,0.7087609910924448,0.5934709850360146,0.9087409945685859,-1,1,-1,1,-13,13,-13,13,-13,13,-12,13
1783308231.0056548,35.0,0.0,0.0,35.0,0.0,0,10.283857861322469,10.283857861322469,10.283857861322469,10.283857861322469,13.220000267028809,12.59000015258789,13.430000305175781,12.3100004196167,-2.93614240570634,-2.306142291265422,-3.1461424438533125,-2.0261425582942305,-1.0276498419972189,-0.8071498019428976,-1.1011498553486594,-0.7091498954029807,0.6051156702969251,0.6880057104710561,0.5651557030413348,0.8905057115439379,-1,1,-1,1,-13,13,-13,13,-13,13,-12,13
1783308231.0255935,35.0,0.0,0.0,35.0,0.0,0,10.283857861322469,10.283857861322469,10.283857861322469,10.283857861322469,13.220000267028809,12.59000015258789,13.430000305175781,12.3100004196167,-2.93614240570634,-2.306142291265422,-3.1461424438533125,-2.0261425582942305,-1.0276498419972189,-0.8071498019428976,-1.1011498553486594,-0.7091498954029807,0.5786903886455681,0.6672504298496673,0.536840421046655,0.8722704285192898,-1,1,-1,1,-13,13,-13,13,-13,13,-12,13
1783308231.0456972,35.0,0.0,0.0,35.0,0.0,0,10.283857861322469,10.283857861322469,10.283857861322469,10.283857861322469,13.100000381469727,12.210000038146973,12.800000190734863,12.239999771118164,-2.816142520147258,-1.926142176824504,-2.5161423294123946,-1.9561419097956954,-0.9856498820515401,-0.6741497618885763,-0.8806498152943381,-0.6846496684284933,0.5533451059642428,0.6499151502582468,0.5141951400819434,0.8546651513311285,-1,1,-1,1,-13,13,-13,13,-13,13,-13,13
1783308231.065586,35.0,0.0,0.0,35.0,0.0,0,10.283857861322469,10.283857861322469,10.283857861322469,10.283857861322469,13.100000381469727,12.210000038146973,12.800000190734863,12.239999771118164,-2.816142520147258,-1.926142176824504,-2.5161423294123946,-1.9561419097956954,-0.9856498820515401,-0.6741497618885763,-0.8806498152943381,-0.6846496684284933,0.5279998232829175,0.6325798706668262,0.49154985911723187,0.8370598741429672,-1,1,-1,1,-13,13,-13,13,-13,13,-13,13
1783308231.0856838,35.0,0.0,0.0,35.0,0.0,0,10.283857861322469,10.283857861322469,10.283857861322469,10.283857861322469,12.34000015258789,12.619999885559082,12.130000114440918,12.420000076293945,-2.056142291265422,-2.3361420242366133,-1.8461422531184493,-2.1361422149714766,-0.7196498019428976,-0.8176497084828146,-0.6461497885914572,-0.7476497752400167,0.5094945426615287,0.6115545924486967,0.47493457883916584,0.8178345942082239,-1,1,-1,1,-13,13,-13,13,-13,13,-13,13
1783308231.1056018,35.0,0.0,0.0,35.0,0.0,0,10.283857861322469,10.283857861322469,10.283857861322469,10.283857861322469,12.34000015258789,12.619999885559082,12.130000114440918,12.420000076293945,-2.056142291265422,-2.3361420242366133,-1.8461422531184493,-2.1361422149714766,-0.7196498019428976,-0.8176497084828146,-0.6461497885914572,-0.7476497752400167,0.49098926204013993,0.5905293142305672,0.4583192985610998,0.7986093142734806,-1,1,-1,1,-13,13,-13,13,-13,13,-13,13
1783308231.1255872,35.0,0.0,0.0,35.0,0.0,0,10.283857861322469,10.283857861322469,10.283857861322469,10.283857861322469,12.34000015258789,12.619999885559082,12.130000114440918,12.420000076293945,-2.056142291265422,-2.3361420242366133,-1.8461422531184493,-2.1361422149714766,-0.7196498019428976,-0.8176497084828146,-0.6461497885914572,-0.7476497752400167,0.47248398141875114,0.5695040360124377,0.4417040182830338,0.7793840343387373,-1,1,-1,1,-13,13,-13,13,-13,13,-13,13
1783308231.1456335,35.0,0.0,0.0,35.0,0.0,0,10.283857861322469,10.283857861322469,10.283857861322469,10.283857861322469,12.260000228881836,11.779999732971191,12.109999656677246,11.859999656677246,-1.9761423675593672,-1.4961418716487227,-1.8261417953547774,-1.5761417953547774,-0.6916498286457785,-0.523649655077053,-0.639149628374172,-0.5516496283741721,0.45469870011071684,0.5560387591675992,0.4252687421248408,0.7651987581805443,-1,1,-1,1,-13,13,-13,13,-13,13,-13,13
1783308231.1655774,35.0,0.0,0.0,35.0,0.0,0,10.283857861322469,10.283857861322469,10.283857861322469,10.283857861322469,12.260000228881836,11.779999732971191,12.109999656677246,11.859999656677246,-1.9761423675593672,-1.4961418716487227,-1.8261417953547774,-1.5761417953547774,-0.6916498286457785,-0.523649655077053,-0.639149628374172,-0.5516496283741721,0.43691341880268253,0.5425734823227606,0.40883346596664777,0.7510134820223513,-1,1,-1,1,-13,13,-13,13,-13,13,-13,13
1783308231.1856577,35.0,0.0,0.0,35.0,0.0,0,10.283857861322469,10.283857861322469,10.283857861322469,10.283857861322469,12.65999984741211,10.739999771118164,11.880000114440918,11.470000267028809,-2.3761419860896407,-0.45614190979569536,-1.5961422531184493,-1.1861424057063399,-0.8316496951313742,-0.15964966842849337,-0.5586497885914572,-0.41514984199721894,0.41552814092787577,0.5384682051345994,0.3944681856885817,0.7403382003709942,-1,1,-1,1,-13,13,-13,13,-13,13,-13,13
1783308231.2057612,35.0,0.0,0.0,35.0,0.0,0,10.283857861322469,10.283857861322469,10.283857861322469,10.283857861322469,12.65999984741211,10.739999771118164,11.880000114440918,11.470000267028809,-2.3761419860896407,-0.45614190979569536,-1.5961422531184493,-1.1861424057063399,-0.8316496951313742,-0.15964966842849337,-0.5586497885914572,-0.41514984199721894,0.394142863053069,0.5343629279464381,0.38010290541051567,0.7296629187196371,-1,1,-1,1,-13,13,-13,13,-13,13,-13,13
1783308231.225611,35.0,0.0,0.0,35.0,0.0,0,10.283857861322469,10.283857861322469,10.283857861322469,10.283857861322469,12.65999984741211,10.739999771118164,11.880000114440918,11.470000267028809,-2.3761419860896407,-0.45614190979569536,-1.5961422531184493,-1.1861424057063399,-0.8316496951313742,-0.15964966842849337,-0.5586497885914572,-0.41514984199721894,0.37275758517826224,0.5302576507582769,0.3657376251324496,0.71898763706828,-1,1,-1,1,-13,13,-13,13,-13,13,-13,13
1783308231.2456665,35.0,0.0,0.0,35.0,0.0,0,10.283857861322469,10.283857861322469,10.283857861322469,10.283857861322469,12.029999732971191,11.140000343322754,11.710000038146973,11.880000114440918,-1.7461418716487227,-0.8561424820002852,-1.426142176824504,-1.5961422531184493,-0.6111496550770529,-0.2996498687000998,-0.49914976188857635,-0.5586497885914572,0.35704230833342376,0.5225523684202743,0.35290234554102906,0.7046223567902139,-1,1,-1,1,-13,13,-13,13,-13,13,-13,13
1783308231.2655933,35.0,0.0,0.0,35.0,0.0,0,10.283857861322469,10.283857861322469,10.283857861322469,10.283857861322469,12.029999732971191,11.140000343322754,11.710000038146973,11.880000114440918,-1.7461418716487227,-0.8561424820002852,-1.426142176824504,-1.5961422531184493,-0.6111496550770529,-0.2996498687000998,-0.49914976188857635,-0.5586497885914572,0.34132703148858523,0.5148470860822717,0.3400670659496085,0.6902570765121478,-1,1,-1,1,-13,13,-13,13,-13,13,-13,13
1783308231.2856543,35.0,0.0,0.0,35.0,0.0,0,10.283857861322469,10.283857861322469,10.283857861322469,10.283857861322469,11.819999694824219,11.1899995803833,11.59000015258789,11.029999732971191,-1.53614183350175,-0.9061417190608321,-1.306142291265422,-0.7461418716487227,-0.5376496417256125,-0.3171496016712912,-0.4571498019428976,-0.26114965507705296,0.32750175498706946,0.5066918106107242,0.3283117853282197,0.6835417996673093,-1,1,-1,1,-13,13,-13,13,-13,13,-13,13
1783308231.3056078,35.0,0.0,0.0,35.0,0.0,0,10.283857861322469,10.283857861322469,10.283857861322469,10.283857861322469,11.819999694824219,11.1899995803833,11.59000015258789,11.029999732971191,-1.53614183350175,-0.9061417190608321,-1.306142291265422,-0.7461418716487227,-0.5376496417256125,-0.3171496016712912,-0.4571498019428976,-0.26114965507705296,0.3136764784855537,0.49853653513917673,0.3165565047068309,0.6768265228224708,-1,1,-1,1,-13,13,-13,13,-13,13,-13,13
1783308231.325832,35.0,0.0,0.0,35.0,0.0,0,10.283857861322469,10.283857861322469,10.283857861322469,10.283857861322469,11.819999694824219,11.1899995803833,11.59000015258789,11.029999732971191,-1.53614183350175,-0.9061417190608321,-1.306142291265422,-0.7461418716487227,-0.5376496417256125,-0.3171496016712912,-0.4571498019428976,-0.26114965507705296,0.2998512019840379,0.49038125966762924,0.3048012240854421,0.6701112459776323,-1,1,-1,1,-13,13,-13,13,-13,13,-13,13
1783308231.3455849,35.0,0.0,0.0,35.0,0.0,0,10.283857861322469,10.283857861322469,10.283857861322469,10.283857861322469,12.119999885559082,11.0,12.420000076293945,10.4399995803833,-1.8361420242366133,-0.7161421386775313,-2.1361422149714766,-0.15614171906083207,-0.6426497084828147,-0.25064974853713595,-0.7476497752400167,-0.05464960167129122,0.28332592376590837,0.48393598041953145,0.2855759441506988,0.6687059705060848,-1,1,-1,1,-13,13,-13,13,-13,13,-13,14
1783308231.365673,35.0,0.0,0.0,35.0,0.0,0,10.283857861322469,10.283857861322469,10.283857861322469,10.283857861322469,12.119999885559082,11.0,12.420000076293945,10.4399995803833,-1.8361420242366133,-0.7161421386775313,-2.1361422149714766,-0.15614171906083207,-0.6426497084828147,-0.25064974853713595,-0.7476497752400167,-0.05464960167129122,0.2668006455477788,0.47749070117143366,0.26635066421595555,0.6673006950345374,-1,1,-1,1,-13,13,-13,13,-13,13,-13,14
1783308231.385736,35.0,0.0,0.0,35.0,0.0,0,10.283857861322469,10.283857861322469,10.283857861322469,10.283857861322469,11.65999984741211,11.100000381469727,11.859999656677246,10.699999809265137,-1.3761419860896407,-0.8161425201472579,-1.5761417953547774,-0.416141947942668,-0.4816496951313742,-0.28564988205154024,-0.5516496283741721,-0.1456496817799338,0.25441536767297207,0.4701454184901083,0.25216538805776256,0.6635554175030534,-1,1,-1,1,-13,13,-13,13,-13,13,-13,14
1783308231.4056275,35.0,0.0,0.0,35.0,0.0,0,10.283857861322469,10.283857861322469,10.283857861322469,10.283857861322469,11.65999984741211,11.100000381469727,11.859999656677246,10.699999809265137,-1.3761419860896407,-0.8161425201472579,-1.5761417953547774,-0.416141947942668,-0.4816496951313742,-0.28564988205154024,-0.5516496283741721,-0.1456496817799338,0.24203008979816532,0.462800135808783,0.23798011189956958,0.6598101399715693,-1,1,-1,1,-13,13,-13,13,-13,13,-13,14
1783308231.4255805,35.0,0.0,0.0,35.0,0.0,0,10.283857861322469,10.283857861322469,10.283857861322469,10.283857861322469,11.65999984741211,11.100000381469727,11.859999656677246,10.699999809265137,-1.3761419860896407,-0.8161425201472579,-1.5761417953547774,-0.416141947942668,-0.4816496951313742,-0.28564988205154024,-0.5516496283741721,-0.1456496817799338,0.22964481192335856,0.45545485312745765,0.2237948357413766,0.6560648624400853,-1,1,-1,1,-13,13,-13,13,-13,13,-13,14
1783308231.4455636,0.0,0.0,0.0,0.0,0.0,0,0.0,0.0,0.0,0.0,11.329999923706055,11.619999885559082,11.470000267028809,11.119999885559082,-11.329999923706055,-11.619999885559082,-11.470000267028809,-11.119999885559082,-3.965499973297119,-4.0669999599456785,-4.014500093460083,-3.8919999599456783,0.0,0.0,0.0,0.0,-1,1,-1,1,0,0,0,0,0,0,0,0
1783308231.4656856,0.0,0.0,0.0,0.0,0.0,0,0.0,0.0,0.0,0.0,11.329999923706055,11.619999885559082,11.470000267028809,11.119999885559082,-11.329999923706055,-11.619999885559082,-11.470000267028809,-11.119999885559082,-3.965499973297119,-4.0669999599456785,-4.014500093460083,-3.8919999599456783,0.0,0.0,0.0,0.0,-1,1,-1,1,0,0,0,0,0,0,0,0
1783308231.485677,0.0,0.0,0.0,0.0,0.0,0,0.0,0.0,0.0,0.0,11.550000190734863,11.300000190734863,11.199999809265137,11.180000305175781,-11.550000190734863,-11.300000190734863,-11.199999809265137,-11.180000305175781,-4.042500066757202,-3.955000066757202,-3.9199999332427975,-3.913000106811523,0.0,0.0,0.0,0.0,-1,1,-1,1,0,0,0,0,0,0,0,0
1783308231.505674,0.0,0.0,0.0,0.0,0.0,0,0.0,0.0,0.0,0.0,11.550000190734863,11.300000190734863,11.199999809265137,11.180000305175781,-11.550000190734863,-11.300000190734863,-11.199999809265137,-11.180000305175781,-4.042500066757202,-3.955000066757202,-3.9199999332427975,-3.913000106811523,0.0,0.0,0.0,0.0,-1,1,-1,1,0,0,0,0,0,0,0,0
1783308231.5255878,0.0,0.0,0.0,0.0,0.0,0,0.0,0.0,0.0,0.0,11.550000190734863,11.300000190734863,11.199999809265137,11.180000305175781,-11.550000190734863,-11.300000190734863,-11.199999809265137,-11.180000305175781,-4.042500066757202,-3.955000066757202,-3.9199999332427975,-3.913000106811523,0.0,0.0,0.0,0.0,-1,1,-1,1,0,0,0,0,0,0,0,0
1783308231.54559,0.0,0.0,0.0,0.0,0.0,0,0.0,0.0,0.0,0.0,10.119999885559082,9.5,10.329999923706055,9.859999656677246,-10.119999885559082,-9.5,-10.329999923706055,-9.859999656677246,-3.5419999599456786,-3.3249999999999997,-3.6154999732971187,-3.450999879837036,0.0,0.0,0.0,0.0,-1,1,-1,1,0,0,0,0,0,0,0,0
1783308231.565581,0.0,0.0,0.0,0.0,0.0,0,0.0,0.0,0.0,0.0,10.119999885559082,9.5,10.329999923706055,9.859999656677246,-10.119999885559082,-9.5,-10.329999923706055,-9.859999656677246,-3.5419999599456786,-3.3249999999999997,-3.6154999732971187,-3.450999879837036,0.0,0.0,0.0,0.0,-1,1,-1,1,0,0,0,0,0,0,0,0
1783308231.5856724,0.0,0.0,0.0,0.0,0.0,0,0.0,0.0,0.0,0.0,8.449999809265137,8.229999542236328,8.140000343322754,8.039999961853027,-8.449999809265137,-8.229999542236328,-8.140000343322754,-8.039999961853027,-2.9574999332427976,-2.880499839782715,-2.849000120162964,-2.813999986648559,0.0,0.0,0.0,0.0,-1,1,-1,1,0,0,0,0,0,0,0,0
1783308231.6056464,0.0,0.0,0.0,0.0,0.0,0,0.0,0.0,0.0,0.0,8.449999809265137,8.229999542236328,8.140000343322754,8.039999961853027,-8.449999809265137,-8.229999542236328,-8.140000343322754,-8.039999961853027,-2.9574999332427976,-2.880499839782715,-2.849000120162964,-2.813999986648559,0.0,0.0,0.0,0.0,-1,1,-1,1,0,0,0,0,0,0,0,0
1783308231.6255736,0.0,0.0,0.0,0.0,0.0,0,0.0,0.0,0.0,0.0,8.449999809265137,8.229999542236328,8.140000343322754,8.039999961853027,-8.449999809265137,-8.229999542236328,-8.140000343322754,-8.039999961853027,-2.9574999332427976,-2.880499839782715,-2.849000120162964,-2.813999986648559,0.0,0.0,0.0,0.0,-1,1,-1,1,0,0,0,0,0,0,0,0
1783308231.6456044,0.0,0.0,0.0,0.0,0.0,0,0.0,0.0,0.0,0.0,6.139999866485596,6.440000057220459,5.699999809265137,6.300000190734863,-6.139999866485596,-6.440000057220459,-5.699999809265137,-6.300000190734863,-2.1489999532699584,-2.2540000200271604,-1.9949999332427977,-2.205000066757202,0.0,0.0,0.0,0.0,-1,1,-1,1,0,0,0,0,0,0,0,0
1783308231.6655948,0.0,0.0,0.0,0.0,0.0,0,0.0,0.0,0.0,0.0,6.139999866485596,6.440000057220459,5.699999809265137,6.300000190734863,-6.139999866485596,-6.440000057220459,-5.699999809265137,-6.300000190734863,-2.1489999532699584,-2.2540000200271604,-1.9949999332427977,-2.205000066757202,0.0,0.0,0.0,0.0,-1,1,-1,1,0,0,0,0,0,0,0,0
1783308231.6856532,0.0,0.0,0.0,0.0,0.0,0,0.0,0.0,0.0,0.0,4.300000190734863,4.28000020980835,3.990000009536743,4.409999847412109,-4.300000190734863,-4.28000020980835,-3.990000009536743,-4.409999847412109,-1.505000066757202,-1.4980000734329222,-1.39650000333786,-1.5434999465942383,0.0,0.0,0.0,0.0,-1,1,-1,1,0,0,0,0,0,0,0,0
1783308231.7055733,0.0,0.0,0.0,0.0,0.0,0,0.0,0.0,0.0,0.0,4.300000190734863,4.28000020980835,3.990000009536743,4.409999847412109,-4.300000190734863,-4.28000020980835,-3.990000009536743,-4.409999847412109,-1.505000066757202,-1.4980000734329222,-1.39650000333786,-1.5434999465942383,0.0,0.0,0.0,0.0,-1,1,-1,1,0,0,0,0,0,0,0,0
1783308231.7256103,0.0,0.0,0.0,0.0,0.0,0,0.0,0.0,0.0,0.0,4.300000190734863,4.28000020980835,3.990000009536743,4.409999847412109,-4.300000190734863,-4.28000020980835,-3.990000009536743,-4.409999847412109,-1.505000066757202,-1.4980000734329222,-1.39650000333786,-1.5434999465942383,0.0,0.0,0.0,0.0,-1,1,-1,1,0,0,0,0,0,0,0,0
1783308231.7457545,0.0,0.0,0.0,0.0,0.0,0,0.0,0.0,0.0,0.0,3.009999990463257,3.0,2.7899999618530273,3.0899999141693115,-3.009999990463257,-3.0,-2.7899999618530273,-3.0899999141693115,-1.05349999666214,-1.0499999999999998,-0.9764999866485595,-1.081499969959259,0.0,0.0,0.0,0.0,-1,1,-1,1,0,0,0,0,0,0,0,0
1783308231.7655826,0.0,0.0,0.0,0.0,0.0,0,0.0,0.0,0.0,0.0,3.009999990463257,3.0,2.7899999618530273,3.0899999141693115,-3.009999990463257,-3.0,-2.7899999618530273,-3.0899999141693115,-1.05349999666214,-1.0499999999999998,-0.9764999866485595,-1.081499969959259,0.0,0.0,0.0,0.0,-1,1,-1,1,0,0,0,0,0,0,0,0
1783308231.7857602,0.0,0.0,0.0,0.0,0.0,0,0.0,0.0,0.0,0.0,2.109999895095825,2.0999999046325684,1.9500000476837158,2.1600000858306885,-2.109999895095825,-2.0999999046325684,-1.9500000476837158,-2.1600000858306885,-0.7384999632835387,-0.7349999666213989,-0.6825000166893005,-0.7560000300407409,0.0,0.0,0.0,0.0,-1,1,-1,1,0,0,0,0,0,0,0,0
1783308231.805602,0.0,0.0,0.0,0.0,0.0,0,0.0,0.0,0.0,0.0,2.109999895095825,2.0999999046325684,1.9500000476837158,2.1600000858306885,-2.109999895095825,-2.0999999046325684,-1.9500000476837158,-2.1600000858306885,-0.7384999632835387,-0.7349999666213989,-0.6825000166893005,-0.7560000300407409,0.0,0.0,0.0,0.0,-1,1,-1,1,0,0,0,0,0,0,0,0
1783308231.8255992,0.0,0.0,0.0,0.0,0.0,0,0.0,0.0,0.0,0.0,2.109999895095825,2.0999999046325684,1.9500000476837158,2.1600000858306885,-2.109999895095825,-2.0999999046325684,-1.9500000476837158,-2.1600000858306885,-0.7384999632835387,-0.7349999666213989,-0.6825000166893005,-0.7560000300407409,0.0,0.0,0.0,0.0,-1,1,-1,1,0,0,0,0,0,0,0,0
1783308231.8455887,0.0,0.0,0.0,0.0,0.0,0,0.0,0.0,0.0,0.0,1.4700000286102295,1.4700000286102295,1.3700000047683716,1.5099999904632568,-1.4700000286102295,-1.4700000286102295,-1.3700000047683716,-1.5099999904632568,-0.5145000100135803,-0.5145000100135803,-0.47950000166893003,-0.5284999966621399,0.0,0.0,0.0,0.0,-1,1,-1,1,0,0,0,0,0,0,0,0
1783308231.8657165,0.0,0.0,0.0,0.0,0.0,0,0.0,0.0,0.0,0.0,1.4700000286102295,1.4700000286102295,1.3700000047683716,1.5099999904632568,-1.4700000286102295,-1.4700000286102295,-1.3700000047683716,-1.5099999904632568,-0.5145000100135803,-0.5145000100135803,-0.47950000166893003,-0.5284999966621399,0.0,0.0,0.0,0.0,-1,1,-1,1,0,0,0,0,0,0,0,0
1783308231.885751,0.0,0.0,0.0,0.0,0.0,0,0.0,0.0,0.0,0.0,1.0299999713897705,1.0299999713897705,0.9599999785423279,1.059999942779541,-1.0299999713897705,-1.0299999713897705,-0.9599999785423279,-1.059999942779541,-0.36049998998641963,-0.36049998998641963,-0.3359999924898147,-0.37099997997283934,0.0,0.0,0.0,0.0,-1,1,-1,1,0,0,0,0,0,0,0,0
1783308231.9055948,0.0,0.0,0.0,0.0,0.0,0,0.0,0.0,0.0,0.0,1.0299999713897705,1.0299999713897705,0.9599999785423279,1.059999942779541,-1.0299999713897705,-1.0299999713897705,-0.9599999785423279,-1.059999942779541,-0.36049998998641963,-0.36049998998641963,-0.3359999924898147,-0.37099997997283934,0.0,0.0,0.0,0.0,-1,1,-1,1,0,0,0,0,0,0,0,0
1783308231.925711,0.0,0.0,0.0,0.0,0.0,0,0.0,0.0,0.0,0.0,1.0299999713897705,1.0299999713897705,0.9599999785423279,1.059999942779541,-1.0299999713897705,-1.0299999713897705,-0.9599999785423279,-1.059999942779541,-0.36049998998641963,-0.36049998998641963,-0.3359999924898147,-0.37099997997283934,0.0,0.0,0.0,0.0,-1,1,-1,1,0,0,0,0,0,0,0,0
1783308231.9456356,0.0,0.0,0.12,0.0,0.0,1,10.225092959257768,-10.225092959257768,10.225092959257768,-10.225092959257768,0.7200000286102295,0.7200000286102295,0.6700000166893005,0.7400000095367432,9.505092930647539,-10.945092987867998,9.555092942568468,-10.965092968794512,3.3267825257266384,-3.830782545753799,3.3442825298989636,-3.837782539078079,0.08554583637582786,-0.09850583689081198,0.08599583648311622,-0.09868583671915061,-1,1,-1,1,-18,-18,-18,-18,-21,-22,-21,-22
1783308231.9656413,0.0,0.0,0.12,0.0,0.0,1,10.225092959257768,-10.225092959257768,10.225092959257768,-10.225092959257768,0.7200000286102295,0.7200000286102295,0.6700000166893005,0.7400000095367432,9.505092930647539,-10.945092987867998,9.555092942568468,-10.965092968794512,3.3267825257266384,-3.830782545753799,3.3442825298989636,-3.837782539078079,0.1710916727516557,-0.19701167378162396,0.17199167296623244,-0.19737167343830123,-1,1,-1,1,-18,-18,-18,-18,-21,-22,-22,-22
1783308231.985656,0.0,0.0,0.12,0.0,0.0,1,10.225092959257768,-10.225092959257768,10.225092959257768,-10.225092959257768,0.5099999904632568,0.5,0.4699999988079071,0.5199999809265137,9.715092968794512,-10.725092959257768,9.755092960449861,-10.745092940184282,3.400282539078079,-3.7537825357402186,3.4142825361574514,-3.7607825290644983,0.2585275094708063,-0.2935375104149439,0.2597875096102812,-0.29407750989995973,-1,1,-1,1,-18,-18,-18,-18,-22,-22,-22,-22
1783308232.0056958,0.0,0.0,0.12,0.0,0.0,1,10.225092959257768,-10.225092959257768,10.225092959257768,-10.225092959257768,0.5099999904632568,0.5,0.4699999988079071,0.5199999809265137,9.715092968794512,-10.725092959257768,9.755092960449861,-10.745092940184282,3.400282539078079,-3.7537825357402186,3.4142825361574514,-3.7607825290644983,0.34596334618995694,-0.39006334704826384,0.34758334625432996,-0.39078334636161827,-1,1,-1,1,-18,-18,-18,-18,-22,-22,-22,-22
1783308232.0257092,0.0,0.0,0.12,0.0,0.0,1,10.225092959257768,-10.225092959257768,10.225092959257768,-10.225092959257768,0.5099999904632568,0.5,0.4699999988079071,0.5199999809265137,9.715092968794512,-10.725092959257768,9.755092960449861,-10.745092940184282,3.400282539078079,-3.7537825357402186,3.4142825361574514,-3.7607825290644983,0.43339918290910756,-0.48658918368158377,0.43537918289837874,-0.4874891828232768,-1,1,-1,1,-18,-18,-18,-18,-22,-22,-22,-22
1783308232.0456328,0.0,0.0,0.12,0.0,0.0,1,10.225092959257768,-10.225092959257768,10.225092959257768,-10.225092959257768,1.940000057220459,-0.33000001311302185,2.140000104904175,-1.0,8.28509290203731,-9.895092946144747,8.085092854353594,-9.225092959257768,2.899782515713058,-3.463282531150661,2.8297824990237577,-3.2287825357402187,0.5079650190274434,-0.5756450201968865,0.5081450185875611,-0.5705150194565968,-1,1,-1,1,-18,-18,-18,-18,-21,-22,-21,-22
1783308232.0656447,0.0,0.0,0.12,0.0,0.0,1,10.225092959257768,-10.225092959257768,10.225092959257768,-10.225092959257768,1.940000057220459,-0.33000001311302185,2.140000104904175,-1.0,8.28509290203731,-9.895092946144747,8.085092854353594,-9.225092959257768,2.899782515713058,-3.463282531150661,2.8297824990237577,-3.2287825357402187,0.5825308551457792,-0.6647008567121891,0.5809108542767435,-0.6535408560899167,-1,1,-1,1,-18,-18,-18,-18,-21,-22,-21,-22
1783308232.085664,0.0,0.0,0.12,0.0,0.0,1,10.225092959257768,-10.225092959257768,10.225092959257768,-10.225092959257768,2.7200000286102295,-2.0399999618530273,3.5399999618530273,-2.509999990463257,7.505092930647539,-8.185092997404741,6.685092997404741,-7.715092968794512,2.6267825257266386,-2.864782549091659,2.3397825490916593,-2.7002825390780787,0.6500766915216071,-0.7383666936888318,0.6410766912533862,-0.7229766928090674,-1,1,-1,1,-18,-18,-18,-18,-21,-22,-21,-21
1783308232.1056557,0.0,0.0,0.12,0.0,0.0,1,10.225092959257768,-10.225092959257768,10.225092959257768,-10.225092959257768,2.7200000286102295,-2.0399999618530273,3.5399999618530273,-2.509999990463257,7.505092930647539,-8.185092997404741,6.685092997404741,-7.715092968794512,2.6267825257266386,-2.864782549091659,2.3397825490916593,-2.7002825390780787,0.717622527897435,-0.8120325306654744,0.7012425282300289,-0.7924125295282181,-1,1,-1,1,-18,-18,-18,-18,-21,-22,-21,-21
1783308232.1259594,0.0,0.0,0.12,0.0,0.0,1,10.225092959257768,-10.225092959257768,10.225092959257768,-10.225092959257768,2.7200000286102295,-2.0399999618530273,3.5399999618530273,-2.509999990463257,7.505092930647539,-8.185092997404741,6.685092997404741,-7.715092968794512,2.6267825257266386,-2.864782549091659,2.3397825490916593,-2.7002825390780787,0.7851683642732629,-0.8856983676421171,0.7614083652066715,-0.8618483662473687,-1,1,-1,1,-18,-18,-18,-18,-21,-22,-21,-22
1783308232.1457734,0.0,0.0,0.12,0.0,0.0,1,10.225092959257768,-10.225092959257768,10.225092959257768,-10.225092959257768,3.940000057220459,-3.690000057220459,5.190000057220459,-4.46999979019165,6.285092902037309,-6.535092902037309,5.035092902037309,-5.755093169066118,2.199782515713058,-2.2872825157130583,1.7622825157130582,-2.0142826091731414,0.8417342003915986,-0.9445142037604528,0.8067242013250073,-0.9136442047689638,-1,1,-1,1,-18,-18,-18,-18,-21,-21,-21,-21
1783308232.165704,0.0,0.0,0.12,0.0,0.0,1,10.225092959257768,-10.225092959257768,10.225092959257768,-10.225092959257768,3.940000057220459,-3.690000057220459,5.190000057220459,-4.46999979019165,6.285092902037309,-6.535092902037309,5.035092902037309,-5.755093169066118,2.199782515713058,-2.2872825157130583,1.7622825157130582,-2.0142826091731414,0.8983000365099344,-1.0033300398787885,0.8520400374433431,-0.9654400432905589,-1,1,-1,1,-18,-18,-18,-18,-21,-21,-21,-21
1783308232.1856701,0.0,0.0,0.12,0.0,0.0,1,10.225092959257768,-10.225092959257768,10.225092959257768,-10.225092959257768,5.46999979019165,-5.980000019073486,7.480000019073486,-8.109999656677246,4.755093169066118,-4.245092940184282,2.745092940184282,-2.1150933025805223,1.6642826091731413,-1.4857825290644986,0.9607825290644987,-0.7402826559031828,0.9410958750315295,-1.041535876340447,0.8767458739050017,-0.9844758830137836,-1,1,-1,1,-18,-18,-18,-18,-21,-21,-20,-20
1783308232.205606,0.0,0.0,0.12,0.0,0.0,1,10.225092959257768,-10.225092959257768,10.225092959257768,-10.225092959257768,5.46999979019165,-5.980000019073486,7.480000019073486,-8.109999656677246,4.755093169066118,-4.245092940184282,2.745092940184282,-2.1150933025805223,1.6642826091731413,-1.4857825290644986,0.9607825290644987,-0.7402826559031828,0.9838917135531245,-1.0797417128021056,0.9014517103666603,-1.0035117227370083,-1,1,-1,1,-18,-18,-18,-18,-21,-21,-20,-20
1783308232.2255864,0.0,0.0,0.12,0.0,0.0,1,10.225092959257768,-10.225092959257768,10.225092959257768,-10.225092959257768,5.46999979019165,-5.980000019073486,7.480000019073486,-8.109999656677246,4.755093169066118,-4.245092940184282,2.745092940184282,-2.1150933025805223,1.6642826091731413,-1.4857825290644986,0.9607825290644987,-0.7402826559031828,1.0266875520747196,-1.1179475492637643,0.9261575468283189,-1.022547562460233,-1,1,-1,1,-18,-18,-18,-18,-21,-21,-20,-20
1783308232.245627,0.0,0.0,0.12,0.0,0.0,1,10.225092959257768,-10.225092959257768,10.225092959257768,-10.225092959257768,7.909999847412109,-8.489999771118164,9.09000015258789,-10.210000038146973,2.315093111845659,-1.7350931881396043,1.1350928066698778,-0.015092921110795743,0.8102825891459806,-0.6072826158488615,0.3972824823344572,-0.00528252238877851,1.0475233900813306,-1.1335633879570206,0.9363733820883477,-1.0226833987502302,-1,1,-1,1,-18,-18,-18,-18,-20,-20,-19,-19
1783308232.2657337,0.0,0.0,0.12,0.0,0.0,1,10.225092959257768,-10.225092959257768,10.225092959257768,-10.225092959257768,7.909999847412109,-8.489999771118164,9.09000015258789,-10.210000038146973,2.315093111845659,-1.7350931881396043,1.1350928066698778,-0.015092921110795743,0.8102825891459806,-0.6072826158488615,0.3972824823344572,-0.00528252238877851,1.0683592280879415,-1.149179226650277,0.9465892173483766,-1.0228192350402274,-1,1,-1,1,-18,-18,-18,-18,-20,-20,-19,-19
1783308232.2856646,0.0,0.0,0.12,0.0,0.0,1,10.225092959257768,-10.225092959257768,10.225092959257768,-10.225092959257768,10.289999961853027,-10.239999771118164,10.890000343322754,-11.220000267028809,-0.06490700259525894,0.014906811860395663,-0.6649073840649855,0.9949073077710402,-0.02271745090834063,0.005217384151138482,-0.2327175844227449,0.34821755771986407,1.067775065064584,-1.1490450653435333,0.9406050508917918,-1.013865069270288,-1,1,-1,1,-18,-18,-18,-18,-19,-19,-19,-19
1783308232.3056698,0.0,0.0,0.12,0.0,0.0,1,10.225092959257768,-10.225092959257768,10.225092959257768,-10.225092959257768,10.289999961853027,-10.239999771118164,10.890000343322754,-11.220000267028809,-0.06490700259525894,0.014906811860395663,-0.6649073840649855,0.9949073077710402,-0.02271745090834063,0.005217384151138482,-0.2327175844227449,0.34821755771986407,1.0671909020412267,-1.1489109040367897,0.934620884435207,-1.0049109035003485,-1,1,-1,1,-18,-18,-18,-18,-19,-19,-19,-19
1783308232.3256118,0.0,0.0,0.12,0.0,0.0,1,10.225092959257768,-10.225092959257768,10.225092959257768,-10.225092959257768,10.289999961853027,-10.239999771118164,10.890000343322754,-11.220000267028809,-0.06490700259525894,0.014906811860395663,-0.6649073840649855,0.9949073077710402,-0.02271745090834063,0.005217384151138482,-0.2327175844227449,0.34821755771986407,1.0666067390178693,-1.1487767427300462,0.9286367179786221,-0.9959567377304092,-1,1,-1,1,-18,-18,-18,-18,-19,-19,-19,-19
1783308232.345699,0.0,0.0,0.12,0.0,0.0,1,10.225092959257768,-10.225092959257768,10.225092959257768,-10.225092959257768,12.40999984741211,-11.930000305175781,11.920000076293945,-12.15999984741211,-2.184906888154341,1.7049073459180129,-1.694907117036177,1.934906888154341,-0.7647174108540193,0.5967175710713044,-0.5932174909626619,0.6772174108540193,1.0469425770244802,-1.133432576616784,0.9133825539252965,-0.9785425757370201,-1,1,-1,1,-18,-18,-18,-18,-18,-19,-18,-18
1783308232.365604,0.0,0.0,0.12,0.0,0.0,1,10.225092959257768,-10.225092959257768,10.225092959257768,-10.225092959257768,12.40999984741211,-11.930000305175781,11.920000076293945,-12.15999984741211,-2.184906888154341,1.7049073459180129,-1.694907117036177,1.934906888154341,-0.7647174108540193,0.5967175710713044,-0.5932174909626619,0.6772174108540193,1.0272784150310912,-1.118088410503522,0.898128389871971,-0.961128413743631,-1,1,-1,1,-18,-18,-18,-18,-18,-19,-18,-18
1783308232.3856802,0.0,0.0,0.12,0.0,0.0,1,10.225092959257768,-10.225092959257768,10.225092959257768,-10.225092959257768,13.890000343322754,-13.329999923706055,12.420000076293945,-11.90999984741211,-3.6649073840649855,3.1049069644482863,-2.194907117036177,1.684906888154341,-1.2827175844227447,1.0867174375569002,-0.7682174909626619,0.5897174108540193,0.9942942485745063,-1.0901442478234875,0.8783742258186453,-0.9459642517502419,-1,1,-1,1,-18,-18,-18,-18,-18,-18,-18,-18
1783308232.4057305,0.0,0.0,0.12,0.0,0.0,1,10.225092959257768,-10.225092959257768,10.225092959257768,-10.225092959257768,13.890000343322754,-13.329999923706055,12.420000076293945,-11.90999984741211,-3.6649073840649855,3.1049069644482863,-2.194907117036177,1.684906888154341,-1.2827175844227447,1.0867174375569002,-0.7682174909626619,0.5897174108540193,0.9613100821179215,-1.062200085143453,0.8586200617653197,-0.9308000897568528,-1,1,-1,1,-18,-18,-18,-18,-18,-18,-18,-18
1783308232.4255714,0.0,0.0,0.12,0.0,0.0,1,10.225092959257768,-10.225092959257768,10.225092959257768,-10.225092959257768,13.890000343322754,-13.329999923706055,12.420000076293945,-11.90999984741211,-3.6649073840649855,3.1049069644482863,-2.194907117036177,1.684906888154341,-1.2827175844227447,1.0867174375569002,-0.7682174909626619,0.5897174108540193,0.9283259156613366,-1.0342559224634185,0.838865897711994,-0.9156359277634637,-1,1,-1,1,-18,-18,-18,-18,-18,-18,-18,-18
1783308232.4456143,0.0,0.0,0.12,0.0,0.0,1,10.225092959257768,-10.225092959257768,10.225092959257768,-10.225092959257768,14.710000038146973,-14.760000228881836,12.770000457763672,-11.960000038146973,-4.484907078889204,4.5349072696240675,-2.5449074985059035,1.7349070788892043,-1.5697174776112215,1.5872175443684235,-0.8907176244770661,0.6072174776112215,0.8879617519513338,-0.9934417570368018,0.8159617302254409,-0.9000217640534609,-1,1,-1,1,-18,-18,-18,-18,-18,-18,-18,-18
1783308232.4656467,0.0,0.0,0.12,0.0,0.0,1,10.225092959257768,-10.225092959257768,10.225092959257768,-10.225092959257768,14.710000038146973,-14.760000228881836,12.770000457763672,-11.960000038146973,-4.484907078889204,4.5349072696240675,-2.5449074985059035,1.7349070788892043,-1.5697174776112215,1.5872175443684235,-0.8907176244770661,0.6072174776112215,0.8475975882413309,-0.9526275916101852,0.7930575627388878,-0.8844076003434581,-1,1,-1,1,-18,-18,-18,-18,-18,-18,-18,-18
1783308232.4856958,0.0,0.0,0.12,0.0,0.0,1,10.225092959257768,-10.225092959257768,10.225092959257768,-10.225092959257768,15.960000038146973,-14.859999656677246,11.880000114440918,-11.989999771118164,-5.734907078889204,4.634906697419478,-1.6549071551831496,1.7649068118603957,-2.0072174776112215,1.622217344096817,-0.5792175043141023,0.6177173841511384,0.7959834245313281,-0.9109134313334099,0.7781633983422395,-0.8685234390367146,-1,1,-1,1,-18,-18,-18,-18,-18,-18,-18,-18
1783308232.50563,0.0,0.0,0.12,0.0,0.0,1,10.225092959257768,-10.225092959257768,10.225092959257768,-10.225092959257768,15.960000038146973,-14.859999656677246,11.880000114440918,-11.989999771118164,-5.734907078889204,4.634906697419478,-1.6549071551831496,1.7649068118603957,-2.0072174776112215,1.622217344096817,-0.5792175043141023,0.6177173841511384,0.7443692608213253,-0.8691992710566345,0.7632692339455911,-0.8526392777299711,-1,1,-1,1,-18,-18,-18,-18,-18,-18,-18,-18
1783308232.5256128,0.0,0.0,0.12,0.0,0.0,1,10.225092959257768,-10.225092959257768,10.225092959257768,-10.225092959257768,15.960000038146973,-14.859999656677246,11.880000114440918,-11.989999771118164,-5.734907078889204,4.634906697419478,-1.6549071551831496,1.7649068118603957,-2.0072174776112215,1.622217344096817,-0.5792175043141023,0.6177173841511384,0.6927550971113224,-0.8274851107798592,0.7483750695489427,-0.8367551164232275,-1,1,-1,1,-18,-18,-18,-18,-18,-18,-18,-18
1783308232.545598,0.0,0.0,0.12,0.0,0.0,1,10.225092959257768,-10.225092959257768,10.225092959257768,-10.225092959257768,15.920000076293945,-15.84000015258789,10.8100004196167,-10.890000343322754,-5.694907117036177,5.614907193330122,-0.5849074603589308,0.6649073840649855,-1.9932174909626619,1.9652175176655426,-0.20471761112562578,0.2327175844227449,0.6415009330579968,-0.7769509460398881,0.7431109024057123,-0.8307709499666427,-1,1,-1,1,-18,-18,-18,-18,-18,-18,-19,-19
1783308232.5656302,0.0,0.0,0.12,0.0,0.0,1,10.225092959257768,-10.225092959257768,10.225092959257768,-10.225092959257768,15.920000076293945,-15.84000015258789,10.8100004196167,-10.890000343322754,-5.694907117036177,5.614907193330122,-0.5849074603589308,0.6649073840649855,-1.9932174909626619,1.9652175176655426,-0.20471761112562578,0.2327175844227449,0.5902467690046712,-0.726416781299917,0.7378467352624819,-0.8247867835100579,-1,1,-1,1,-18,-18,-18,-18,-18,-18,-19,-19
1783308232.5856965,0.0,0.0,0.12,0.0,0.0,1,10.225092959257768,-10.225092959257768,10.225092959257768,-10.225092959257768,16.350000381469727,-16.06999969482422,9.380000114440918,-9.430000305175781,-6.124907422211958,5.84490673556645,0.8450928448168504,-0.7950926540819871,-2.1437175977741854,2.0457173574482574,0.29578249568589765,-0.2782824289286955,0.5351226022047636,-0.673812620679819,0.7454525708658336,-0.8319426173967958,-1,1,-1,1,-18,-18,-18,-18,-18,-18,-19,-19
1783308232.605581,0.0,0.0,0.12,0.0,0.0,1,10.225092959257768,-10.225092959257768,10.225092959257768,-10.225092959257768,16.350000381469727,-16.06999969482422,9.380000114440918,-9.430000305175781,-6.124907422211958,5.84490673556645,0.8450928448168504,-0.7950926540819871,-2.1437175977741854,2.0457173574482574,0.29578249568589765,-0.2782824289286955,0.479998435404856,-0.6212084600597209,0.7530584064691853,-0.8390984512835337,-1,1,-1,1,-18,-18,-18,-18,-18,-18,-19,-19
1783308232.625592,0.0,0.0,0.12,0.0,0.0,1,10.225092959257768,-10.225092959257768,10.225092959257768,-10.225092959257768,16.350000381469727,-16.06999969482422,9.380000114440918,-9.430000305175781,-6.124907422211958,5.84490673556645,0.8450928448168504,-0.7950926540819871,-2.1437175977741854,2.0457173574482574,0.29578249568589765,-0.2782824289286955,0.42487426860494837,-0.5686042994396228,0.760664242072537,-0.8462542851702716,-1,1,-1,1,-18,-18,-18,-18,-18,-18,-19,-19
1783308232.645598,0.0,0.0,0.12,0.0,0.0,1,10.225092959257768,-10.225092959257768,10.225092959257768,-10.225092959257768,16.200000762939453,-16.459999084472656,8.600000381469727,-8.640000343322754,-5.974907803681685,6.234906125214888,1.6250925777880418,-1.5850926159350145,-2.0912177312885896,2.1822171438252105,0.5687824022258146,-0.554782415577255,0.3711000983718132,-0.5124901443126888,0.7752900752726294,-0.8605201187136867,-1,1,-1,1,-18,-18,-18,-18,-18,-18,-19,-19
1783308232.6655843,0.0,0.0,0.12,0.0,0.0,1,10.225092959257768,-10.225092959257768,10.225092959257768,-10.225092959257768,16.200000762939453,-16.459999084472656,8.600000381469727,-8.640000343322754,-5.974907803681685,6.234906125214888,1.6250925777880418,-1.5850926159350145,-2.0912177312885896,2.1822171438252105,0.5687824022258146,-0.554782415577255,0.317325928138678,-0.45637598918575484,0.7899159084727218,-0.8747859522571019,-1,1,-1,1,-18,-18,-18,-18,-18,-18,-19,-19
1783308232.6857336,0.0,0.0,0.12,0.0,0.0,1,10.225092959257768,-10.225092959257768,10.225092959257768,-10.225092959257768,16.31999969482422,-16.049999237060547,8.739999771118164,-8.760000228881836,-6.09490673556645,5.8249062778027785,1.4850931881396043,-1.4650927303759325,-2.1332173574482574,2.0387171972309726,0.5197826158488615,-0.5127824556315763,0.2624717675185799,-0.4039518326855298,0.8032817471659782,-0.8879717868304853,-1,1,-1,1,-18,-18,-18,-18,-18,-18,-19,-19
1783308232.705605,0.0,0.0,0.12,0.0,0.0,1,10.225092959257768,-10.225092959257768,10.225092959257768,-10.225092959257768,16.31999969482422,-16.049999237060547,8.739999771118164,-8.760000228881836,-6.09490673556645,5.8249062778027785,1.4850931881396043,-1.4650927303759325,-2.1332173574482574,2.0387171972309726,0.5197826158488615,-0.5127824556315763,0.20761760689848185,-0.3515276761853048,0.8166475858592347,-0.9011576214038687,-1,1,-1,1,-18,-18,-18,-18,-18,-18,-19,-19
1783308232.7257042,0.0,0.0,0.12,0.0,0.0,1,10.225092959257768,-10.225092959257768,10.225092959257768,-10.225092959257768,16.31999969482422,-16.049999237060547,8.739999771118164,-8.760000228881836,-6.09490673556645,5.8249062778027785,1.4850931881396043,-1.4650927303759325,-2.1332173574482574,2.0387171972309726,0.5197826158488615,-0.5127824556315763,0.15276344627838379,-0.29910351968507976,0.8300134245524912,-0.9143434559772521,-1,1,-1,1,-18,-18,-18,-18,-18,-18,-19,-19
1783308232.7456028,0.0,0.0,0.12,0.0,0.0,1,10.225092959257768,-10.225092959257768,10.225092959257768,-10.225092959257768,15.5,-15.079999923706055,9.289999961853027,-8.399999618530273,-5.274907040742232,4.854906964448286,0.935092997404741,-1.825093340727495,-1.8462174642597808,1.6992174375569,0.3272825490916593,-0.6387826692546232,0.1052892829117037,-0.2554093570050452,0.8384292615291339,-0.9307692960437995,-1,1,-1,1,-18,-18,-18,-18,-18,-18,-19,-20
1783308232.7657044,0.0,0.0,0.12,0.0,0.0,1,10.225092959257768,-10.225092959257768,10.225092959257768,-10.225092959257768,15.5,-15.079999923706055,9.289999961853027,-8.399999618530273,-5.274907040742232,4.854906964448286,0.935092997404741,-1.825093340727495,-1.8462174642597808,1.6992174375569,0.3272825490916593,-0.6387826692546232,0.05781511954502361,-0.21171519432501062,0.8468450985057766,-0.947195136110347,-1,1,-1,1,-18,-18,-18,-18,-18,-18,-19,-20
1783308232.7856789,0.0,0.0,0.12,0.0,0.0,1,10.225092959257768,-10.225092959257768,10.225092959257768,-10.225092959257768,15.380000114440918,-14.180000305175781,8.989999771118164,-7.460000038146973,-5.15490715518315,3.954907345918013,1.2350931881396043,-2.7650929211107957,-1.8042175043141022,1.3842175710713045,0.4322826158488615,-0.9677825223887785,0.01142095514837526,-0.17612102821174852,0.857960937199033,-0.9720809724003442,-1,1,-1,1,-18,-18,-18,-18,-18,-18,-19,-20
1783308232.8056107,0.0,0.0,0.12,0.0,0.0,1,10.225092959257768,-10.225092959257768,10.225092959257768,-10.225092959257768,15.380000114440918,-14.180000305175781,8.989999771118164,-7.460000038146973,-5.15490715518315,3.954907345918013,1.2350931881396043,-2.7650929211107957,-1.8042175043141022,1.3842175710713045,0.4322826158488615,-0.9677825223887785,-0.03497320924827309,-0.14052686209848642,0.8690767758922894,-0.9969668086903414,-1,1,-1,1,-18,-18,-18,-18,-18,-18,-19,-20
1783308232.8257475,0.0,0.0,0.12,0.0,0.0,1,10.225092959257768,-10.225092959257768,10.225092959257768,-10.225092959257768,15.380000114440918,-14.180000305175781,8.989999771118164,-7.460000038146973,-5.15490715518315,3.954907345918013,1.2350931881396043,-2.7650929211107957,-1.8042175043141022,1.3842175710713045,0.4322826158488615,-0.9677825223887785,-0.08136737364492144,-0.1049326959852243,0.8801926145855458,-1.0218526449803385,-1,1,-1,1,-18,-18,-18,-18,-18,-18,-19,-20
1783308232.8456457,0.0,0.0,0.12,0.0,0.0,1,10.225092959257768,-10.225092959257768,10.225092959257768,-10.225092959257768,15.520000457763672,-14.0,9.010000228881836,-6.579999923706055,-5.2949074985059035,3.7749070407422316,1.2150927303759325,-3.6450930355517137,-1.8532176244770662,1.321217464259781,0.42528245563157635,-1.2757825624430996,-0.12902154113147457,-0.0709585326185442,0.8911284491589292,-1.0546584823003038,-1,1,-1,1,-18,-18,-18,-18,-18,-18,-19,-20
1783308232.8657393,0.0,0.0,0.12,0.0,0.0,1,10.225092959257768,-10.225092959257768,10.225092959257768,-10.225092959257768,15.520000457763672,-14.0,9.010000228881836,-6.579999923706055,-5.2949074985059035,3.7749070407422316,1.2150927303759325,-3.6450930355517137,-1.8532176244770662,1.321217464259781,0.42528245563157635,-1.2757825624430996,-0.1766757086180277,-0.03698436925186412,0.9020642837323126,-1.0874643196202691,-1,1,-1,1,-18,-18,-18,-18,-18,-18,-19,-20
1783308232.8856916,0.0,0.0,0.12,0.0,0.0,1,10.225092959257768,-10.225092959257768,10.225092959257768,-10.225092959257768,15.170000076293945,-13.199999809265137,9.020000457763672,-6.420000076293945,-4.944907117036177,2.9749068500073683,1.2050925014940965,-3.805092882963823,-1.730717490962662,1.041217397502579,0.42178237552293374,-1.331782509037338,-0.2211798726713533,-0.010210207601797808,0.9129101162457595,-1.1217101555669435,-1,1,-1,1,-18,-18,-18,-18,-18,-18,-19,-20
1783308232.9056013,0.0,0.0,0.12,0.0,0.0,1,10.225092959257768,-10.225092959257768,10.225092959257768,-10.225092959257768,15.170000076293945,-13.199999809265137,9.020000457763672,-6.420000076293945,-4.944907117036177,2.9749068500073683,1.2050925014940965,-3.805092882963823,-1.730717490962662,1.041217397502579,0.42178237552293374,-1.331782509037338,-0.2656840367246789,0.016563954048268506,0.9237559487592063,-1.155955991513618,-1,1,-1,1,-18,-18,-18,-18,-18,-18,-19,-20
1783308232.925611,0.0,0.0,0.12,0.0,0.0,1,10.225092959257768,-10.225092959257768,10.225092959257768,-10.225092959257768,15.170000076293945,-13.199999809265137,9.020000457763672,-6.420000076293945,-4.944907117036177,2.9749068500073683,1.2050925014940965,-3.805092882963823,-1.730717490962662,1.041217397502579,0.42178237552293374,-1.331782509037338,-0.31018820077800446,0.04333811569833482,0.9346017812726531,-1.1902018274602923,-1,1,-1,1,-18,-18,-18,-18,-18,-18,-19,-21
1783308232.9456985,0.0,0.0,0.12,0.0,0.0,1,10.225092959257768,-10.225092959257768,10.225092959257768,-10.225092959257768,14.920000076293945,-12.859999656677246,9.260000228881836,-6.53000020980835,-4.694907117036177,2.6349066974194777,0.9650927303759325,-3.695092749449419,-1.6432174909626618,0.9222173440968171,0.33778245563157633,-1.2932824623072965,-0.35244236483133007,0.06705227597511013,0.9432876158460365,-1.223457662205337,-1,1,-1,1,-18,-18,-18,-18,-18,-18,-19,-21
1783308232.9656048,0.0,0.0,0.12,0.0,0.0,1,10.225092959257768,-10.225092959257768,10.225092959257768,-10.225092959257768,14.920000076293945,-12.859999656677246,9.260000228881836,-6.53000020980835,-4.694907117036177,2.6349066974194777,0.9650927303759325,-3.695092749449419,-1.6432174909626618,0.9222173440968171,0.33778245563157633,-1.2932824623072965,-0.3946965288846557,0.09076643625188544,0.9519734504194198,-1.2567134969503817,-1,1,-1,1,-18,-18,-18,-18,-18,-18,-19,-21
1783308232.9856594,0.0,0.0,0.12,0.0,0.0,1,10.225092959257768,-10.225092959257768,10.225092959257768,-10.225092959257768,14.289999961853027,-12.630000114440918,8.970000267028809,-7.289999961853027,-4.064907002595259,2.4049071551831496,1.2550926922289598,-2.935092997404741,-1.4227174509083405,0.8417175043141023,0.4392824422801359,-1.0272825490916593,-0.431280691908013,0.11241060064853378,0.9632692846494805,-1.2831293339270244,-1,1,-1,1,-18,-18,-18,-18,-18,-18,-19,-20
1783308233.0056417,0.0,0.0,0.12,0.0,0.0,1,10.225092959257768,-10.225092959257768,10.225092959257768,-10.225092959257768,14.289999961853027,-12.630000114440918,8.970000267028809,-7.289999961853027,-4.064907002595259,2.4049071551831496,1.2550926922289598,-2.935092997404741,-1.4227174509083405,0.8417175043141023,0.4392824422801359,-1.0272825490916593,-0.4678648549313703,0.13405476504518213,0.9745651188795411,-1.3095451709036672,-1,1,-1,1,-18,-18,-18,-18,-18,-18,-19,-20
1783308233.0256023,0.0,0.0,0.12,0.0,0.0,1,10.225092959257768,-10.225092959257768,10.225092959257768,-10.225092959257768,14.289999961853027,-12.630000114440918,8.970000267028809,-7.289999961853027,-4.064907002595259,2.4049071551831496,1.2550926922289598,-2.935092997404741,-1.4227174509083405,0.8417175043141023,0.4392824422801359,-1.0272825490916593,-0.5044490179547276,0.15569892944183047,0.9858609531096018,-1.33596100788031,-1,1,-1,1,-18,-18,-18,-18,-18,-18,-19,-20
1783308233.0456088,0.0,0.0,0.12,0.0,0.0,1,10.225092959257768,-10.225092959257768,10.225092959257768,-10.225092959257768,14.079999923706055,-11.779999732971191,9.899999618530273,-6.909999847412109,-3.8549069644482863,1.554906773713423,0.32509334072749496,-3.315093111845659,-1.3492174375569002,0.544217370799698,0.11378266925462323,-1.1602825891459805,-0.5391431806347622,0.16969309040525127,0.9887867931761493,-1.3657968458869207,-1,1,-1,1,-18,-18,-18,-18,-18,-18,-19,-21
1783308233.0656044,0.0,0.0,0.12,0.0,0.0,1,10.225092959257768,-10.225092959257768,10.225092959257768,-10.225092959257768,14.079999923706055,-11.779999732971191,9.899999618530273,-6.909999847412109,-3.8549069644482863,1.554906773713423,0.32509334072749496,-3.315093111845659,-1.3492174375569002,0.544217370799698,0.11378266925462323,-1.1602825891459805,-0.5738373433147967,0.1836872513686721,0.9917126332426968,-1.3956326838935316,-1,1,-1,1,-18,-18,-18,-18,-18,-18,-19,-21
1783308233.0856805,0.0,0.0,0.12,0.0,0.0,1,10.225092959257768,-10.225092959257768,10.225092959257768,-10.225092959257768,13.930000305175781,-10.279999732971191,11.229999542236328,-6.880000114440918,-3.704907345918013,0.05490677371342301,-1.0049065829785597,-3.3450928448168504,-1.2967175710713044,0.019217370799698052,-0.3517173040424959,-1.1707824956858977,-0.6071815094280588,0.1841814123320929,0.9826684739958897,-1.4257385194968832,-1,1,-1,1,-18,-18,-18,-18,-18,-18,-19,-21
1783308233.1057718,0.0,0.0,0.12,0.0,0.0,1,10.225092959257768,-10.225092959257768,10.225092959257768,-10.225092959257768,13.930000305175781,-10.279999732971191,11.229999542236328,-6.880000114440918,-3.704907345918013,0.05490677371342301,-1.0049065829785597,-3.3450928448168504,-1.2967175710713044,0.019217370799698052,-0.3517173040424959,-1.1707824956858977,-0.6405256755413209,0.1846755732955137,0.9736243147490827,-1.455844355100235,-1,1,-1,1,-18,-18,-18,-18,-18,-18,-19,-21
1783308233.1256351,0.0,0.0,0.12,0.0,0.0,1,10.225092959257768,-10.225092959257768,10.225092959257768,-10.225092959257768,13.930000305175781,-10.279999732971191,11.229999542236328,-6.880000114440918,-3.704907345918013,0.05490677371342301,-1.0049065829785597,-3.3450928448168504,-1.2967175710713044,0.019217370799698052,-0.3517173040424959,-1.1707824956858977,-0.673869841654583,0.18516973425893452,0.9645801555022757,-1.4859501907035866,-1,1,-1,1,-18,-18,-18,-18,-18,-18,-19,-21
1783308233.1456125,0.0,0.0,0.12,0.0,0.0,1,10.225092959257768,-10.225092959257768,10.225092959257768,-10.225092959257768,13.149999618530273,-8.779999732971191,11.9399995803833,-7.079999923706055,-2.924906659272505,-1.445093226286577,-1.7149066211255324,-3.1450930355517137,-1.0237173307453766,-0.5057826292003019,-0.6002173173939362,-1.1007825624430998,-0.7001940015880355,0.1721638952223553,0.9491459959121459,-1.514256028023552,-1,1,-1,1,-18,-18,-18,-18,-18,-18,-18,-21
1783308233.1656363,0.0,0.0,0.12,0.0,0.0,1,10.225092959257768,-10.225092959257768,10.225092959257768,-10.225092959257768,13.149999618530273,-8.779999732971191,11.9399995803833,-7.079999923706055,-2.924906659272505,-1.445093226286577,-1.7149066211255324,-3.1450930355517137,-1.0237173307453766,-0.5057826292003019,-0.6002173173939362,-1.1007825624430998,-0.726518161521488,0.1591580561857761,0.933711836322016,-1.5425618653435174,-1,1,-1,1,-18,-18,-18,-18,-18,-18,-18,-21
1783308233.185674,0.0,0.0,0.12,0.0,0.0,1,10.225092959257768,-10.225092959257768,10.225092959257768,-10.225092959257768,12.149999618530273,-7.960000038146973,12.430000305175781,-7.670000076293945,-1.924906659272505,-2.2650929211107957,-2.204907345918013,-2.555092882963823,-0.6737173307453768,-0.7927825223887784,-0.7717175710713045,-0.894282509037338,-0.7438423214549406,0.13877221989577895,0.9138676702087539,-1.5655577012901918,-1,1,-1,1,-18,-18,-18,-18,-18,-19,-18,-20
1783308233.2057095,0.0,0.0,0.12,0.0,0.0,1,10.225092959257768,-10.225092959257768,10.225092959257768,-10.225092959257768,12.149999618530273,-7.960000038146973,12.430000305175781,-7.670000076293945,-1.924906659272505,-2.2650929211107957,-2.204907345918013,-2.555092882963823,-0.6737173307453768,-0.7927825223887784,-0.7717175710713045,-0.894282509037338,-0.7611664813883932,0.1183863836057818,0.8940235040954918,-1.5885535372368662,-1,1,-1,1,-18,-18,-18,-18,-18,-19,-18,-20
1783308233.2256126,0.0,0.0,0.12,0.0,0.0,1,10.225092959257768,-10.225092959257768,10.225092959257768,-10.225092959257768,12.149999618530273,-7.960000038146973,12.430000305175781,-7.670000076293945,-1.924906659272505,-2.2650929211107957,-2.204907345918013,-2.555092882963823,-0.6737173307453768,-0.7927825223887784,-0.7717175710713045,-0.894282509037338,-0.7784906413218458,0.09800054731578464,0.8741793379822297,-1.6115493731835406,-1,1,-1,1,-18,-18,-18,-18,-18,-19,-18,-21
1783308233.2455916,0.0,0.0,0.12,0.0,0.0,1,10.225092959257768,-10.225092959257768,10.225092959257768,-10.225092959257768,12.579999923706055,-7.380000114440918,13.90999984741211,-8.770000457763672,-2.3549069644482863,-2.8450928448168504,-3.684906888154341,-1.4550925014940965,-0.8242174375569001,-0.9957824956858976,-1.2897174108540193,-0.5092823755229338,-0.7996848040018804,0.07239471171243299,0.8410151759888406,-1.6246452056969876,-1,1,-1,1,-18,-18,-18,-18,-18,-19,-18,-20
1783308233.2656076,0.0,0.0,0.12,0.0,0.0,1,10.225092959257768,-10.225092959257768,10.225092959257768,-10.225092959257768,12.579999923706055,-7.380000114440918,13.90999984741211,-8.770000457763672,-2.3549069644482863,-2.8450928448168504,-3.684906888154341,-1.4550925014940965,-0.8242174375569001,-0.9957824956858976,-1.2897174108540193,-0.5092823755229338,-0.820878966681915,0.046788876109081334,0.8078510139954515,-1.6377410382104345,-1,1,-1,1,-18,-18,-18,-18,-18,-19,-18,-20
1783308233.2857895,0.0,0.0,0.12,0.0,0.0,1,10.225092959257768,-10.225092959257768,10.225092959257768,-10.225092959257768,12.199999809265137,-8.34000015258789,13.8100004196167,-9.3100004196167,-1.9749068500073683,-1.8850928066698778,-3.584907460358931,-0.9150925396410692,-0.6912173975025788,-0.6597824823344571,-1.2547176111256257,-0.3202823888743742,-0.8386531283319812,0.029823040849052435,0.7755868468522211,-1.645976871067204,-1,1,-1,1,-18,-18,-18,-18,-18,-19,-18,-20
1783308233.3056142,0.0,0.0,0.12,0.0,0.0,1,10.225092959257768,-10.225092959257768,10.225092959257768,-10.225092959257768,12.199999809265137,-8.34000015258789,13.8100004196167,-9.3100004196167,-1.9749068500073683,-1.8850928066698778,-3.584907460358931,-0.9150925396410692,-0.6912173975025788,-0.6597824823344571,-1.2547176111256257,-0.3202823888743742,-0.8564272899820475,0.012857205589023535,0.7433226797089907,-1.6542127039239736,-1,1,-1,1,-18,-18,-18,-18,-18,-19,-18,-20
1783308233.325778,0.0,0.0,0.12,0.0,0.0,1,10.225092959257768,-10.225092959257768,10.225092959257768,-10.225092959257768,12.199999809265137,-8.34000015258789,13.8100004196167,-9.3100004196167,-1.9749068500073683,-1.8850928066698778,-3.584907460358931,-0.9150925396410692,-0.6912173975025788,-0.6597824823344571,-1.2547176111256257,-0.3202823888743742,-0.8742014516321138,-0.004108629671005365,0.7110585125657602,-1.6624485367807431,-1,1,-1,1,-18,-18,-18,-18,-18,-19,-18,-20
1783308233.3456123,0.0,0.0,0.12,0.0,0.0,1,10.225092959257768,-10.225092959257768,10.225092959257768,-10.225092959257768,12.619999885559082,-9.229999542236328,12.84000015258789,-9.229999542236328,-2.3949069263013136,-0.9950934170214403,-2.6149071933301222,-0.9950934170214403,-0.8382174242054597,-0.34828269595750405,-0.9152175176655427,-0.34828269595750405,-0.8957556139688256,-0.013064470424198327,0.6875243478257892,-1.671404377533936,-1,1,-1,1,-18,-18,-18,-18,-18,-18,-18,-20
1783308233.3656406,0.0,0.0,0.12,0.0,0.0,1,10.225092959257768,-10.225092959257768,10.225092959257768,-10.225092959257768,12.619999885559082,-9.229999542236328,12.84000015258789,-9.229999542236328,-2.3949069263013136,-0.9950934170214403,-2.6149071933301222,-0.9950934170214403,-0.8382174242054597,-0.34828269595750405,-0.9152175176655427,-0.34828269595750405,-0.9173097763055374,-0.02202031117739129,0.6639901830858181,-1.680360218287129,-1,1,-1,1,-18,-18,-18,-18,-18,-18,-18,-20
1783308233.3856673,0.0,0.0,0.12,0.0,0.0,1,10.225092959257768,-10.225092959257768,10.225092959257768,-10.225092959257768,13.130000114440918,-10.539999961853027,12.15999984741211,-9.180000305175781,-2.9049071551831496,0.31490700259525894,-1.934906888154341,-1.0450926540819871,-1.0167175043141023,0.11021745090834062,-0.6772174108540193,-0.3657824289286955,-0.9434539407021858,-0.01918614815403396,0.6465760210924291,-1.6897660521738669,-1,1,-1,1,-18,-18,-18,-18,-18,-18,-18,-20
1783308233.4056468,0.0,0.0,0.12,0.0,0.0,1,10.225092959257768,-10.225092959257768,10.225092959257768,-10.225092959257768,13.130000114440918,-10.539999961853027,12.15999984741211,-9.180000305175781,-2.9049071551831496,0.31490700259525894,-1.934906888154341,-1.0450926540819871,-1.0167175043141023,0.11021745090834062,-0.6772174108540193,-0.3657824289286955,-0.9695981050988342,-0.01635198513067663,0.62916185909904,-1.6991718860606049,-1,1,-1,1,-18,-18,-18,-18,-18,-18,-18,-20
1783308233.4257064,0.0,0.0,0.12,0.0,0.0,1,10.225092959257768,-10.225092959257768,10.225092959257768,-10.225092959257768,13.130000114440918,-10.539999961853027,12.15999984741211,-9.180000305175781,-2.9049071551831496,0.31490700259525894,-1.934906888154341,-1.0450926540819871,-1.0167175043141023,0.11021745090834062,-0.6772174108540193,-0.3657824289286955,-0.9957422694954825,-0.013517822107319298,0.6117476971056509,-1.7085777199473429,-1,1,-1,1,-18,-18,-18,-18,-18,-18,-18,-20
1783308233.4455962,0.0,0.0,0.12,0.0,0.0,1,10.225092959257768,-10.225092959257768,10.225092959257768,-10.225092959257768,13.5,-11.680000305175781,11.680000305175781,-10.270000457763672,-3.2749070407422316,1.4549073459180129,-1.4549073459180129,0.044907498505903476,-1.1462174642597809,0.5092175710713045,-0.5092175710713045,0.015717624477066216,-1.0252164328621627,-0.00042365599405718227,0.5986535309923888,-1.7081735524607897,-1,1,-1,1,-18,-18,-18,-18,-18,-18,-18,-20
1783308233.4656303,0.0,0.0,0.12,0.0,0.0,1,10.225092959257768,-10.225092959257768,10.225092959257768,-10.225092959257768,13.5,-11.680000305175781,11.680000305175781,-10.270000457763672,-3.2749070407422316,1.4549073459180129,-1.4549073459180129,0.044907498505903476,-1.1462174642597809,0.5092175710713045,-0.5092175710713045,0.015717624477066216,-1.0546905962288429,0.012670510119204934,0.5855593648791267,-1.7077693849742366,-1,1,-1,1,-18,-18,-18,-18,-18,-18,-18,-20
1783308233.485706,0.0,0.0,0.12,0.0,0.0,1,10.225092959257768,-10.225092959257768,10.225092959257768,-10.225092959257768,13.75,-12.699999809265137,11.800000190734863,-10.359999656677246,-3.5249070407422316,2.4749068500073683,-1.5749072314770949,0.1349066974194777,-1.233717464259781,0.8662173975025789,-0.5512175310169831,0.04721734409681719,-1.086414759595523,0.034944671769271254,0.5713851997958329,-1.7065552246974613,-1,1,-1,1,-18,-18,-18,-18,-18,-18,-18,-20
1783308233.505592,0.0,0.0,0.12,0.0,0.0,1,10.225092959257768,-10.225092959257768,10.225092959257768,-10.225092959257768,13.75,-12.699999809265137,11.800000190734863,-10.359999656677246,-3.5249070407422316,2.4749068500073683,-1.5749072314770949,0.1349066974194777,-1.233717464259781,0.8662173975025789,-0.5512175310169831,0.04721734409681719,-1.118138922962203,0.057218833419337575,0.5572110347125391,-1.7053410644206861,-1,1,-1,1,-18,-18,-18,-18,-18,-18,-18,-20
1783308233.5257947,0.0,0.0,0.12,0.0,0.0,1,10.225092959257768,-10.225092959257768,10.225092959257768,-10.225092959257768,13.75,-12.699999809265137,11.800000190734863,-10.359999656677246,-3.5249070407422316,2.4749068500073683,-1.5749072314770949,0.1349066974194777,-1.233717464259781,0.8662173975025789,-0.5512175310169831,0.04721734409681719,-1.149863086328883,0.0794929950694039,0.5430368696292452,-1.7041269041439109,-1,1,-1,1,-18,-18,-18,-18,-18,-18,-18,-20
1783308233.5455813,0.0,0.0,0.12,0.0,0.0,1,10.225092959257768,-10.225092959257768,10.225092959257768,-10.225092959257768,13.930000305175781,-12.970000267028809,11.880000114440918,-10.649999618530273,-3.704907345918013,2.74490730777104,-1.6549071551831496,0.42490665927250504,-1.2967175710713044,0.960717557719864,-0.5792175043141023,0.14871733074537674,-1.183207252442145,0.10419716083934326,0.5281427052325969,-1.7003027442104583,-1,1,-1,1,-18,-18,-18,-18,-18,-18,-18,-20
1783308233.5657043,0.0,0.0,0.12,0.0,0.0,1,10.225092959257768,-10.225092959257768,10.225092959257768,-10.225092959257768,13.930000305175781,-12.970000267028809,11.880000114440918,-10.649999618530273,-3.704907345918013,2.74490730777104,-1.6549071551831496,0.42490665927250504,-1.2967175710713044,0.960717557719864,-0.5792175043141023,0.14871733074537674,-1.2165514185554072,0.1289013266092826,0.5132485408359485,-1.6964785842770058,-1,1,-1,1,-18,-18,-18,-18,-18,-18,-18,-20
1783308233.5856776,0.0,0.0,0.12,0.0,0.0,1,10.225092959257768,-10.225092959257768,10.225092959257768,-10.225092959257768,13.600000381469727,-13.609999656677246,10.8100004196167,-11.079999923706055,-3.374907422211958,3.3849066974194777,-0.5849074603589308,0.8549069644482863,-1.1812175977741852,1.184717344096817,-0.20471761112562578,0.29921743755690017,-1.2469255853553147,0.1593654868860579,0.5079843736927181,-1.6887844215969712,-1,1,-1,1,-18,-18,-18,-18,-18,-18,-18,-19
1783308233.6056027,0.0,0.0,0.12,0.0,0.0,1,10.225092959257768,-10.225092959257768,10.225092959257768,-10.225092959257768,13.600000381469727,-13.609999656677246,10.8100004196167,-11.079999923706055,-3.374907422211958,3.3849066974194777,-0.5849074603589308,0.8549069644482863,-1.1812175977741852,1.184717344096817,-0.20471761112562578,0.29921743755690017,-1.2772997521552223,0.18982964716283318,0.5027202065494877,-1.6810902589169365,-1,1,-1,1,-18,-18,-18,-18,-18,-18,-18,-19
1783308233.6257184,0.0,0.0,0.12,0.0,0.0,1,10.225092959257768,-10.225092959257768,10.225092959257768,-10.225092959257768,13.600000381469727,-13.609999656677246,10.8100004196167,-11.079999923706055,-3.374907422211958,3.3849066974194777,-0.5849074603589308,0.8549069644482863,-1.1812175977741852,1.184717344096817,-0.20471761112562578,0.29921743755690017,-1.3076739189551299,0.22029380743960847,0.4974560394062573,-1.6733960962369019,-1,1,-1,1,-18,-18,-18,-18,-18,-18,-18,-19
1783308233.645597,0.0,0.0,0.12,0.0,0.0,1,10.225092959257768,-10.225092959257768,10.225092959257768,-10.225092959257768,13.59000015258789,-14.279999732971191,11.1899995803833,-11.149999618530273,-3.3649071933301222,4.054906773713423,-0.9649066211255324,0.924906659272505,-1.1777175176655428,1.419217370799698,-0.3377173173939363,0.32371733074537673,-1.337958083695101,0.2567879684030293,0.4887718798161275,-1.6650719363034494,-1,1,-1,1,-18,-18,-18,-18,-18,-18,-18,-19
1783308233.6655993,0.0,0.0,0.12,0.0,0.0,1,10.225092959257768,-10.225092959257768,10.225092959257768,-10.225092959257768,13.59000015258789,-14.279999732971191,11.1899995803833,-11.149999618530273,-3.3649071933301222,4.054906773713423,-0.9649066211255324,0.924906659272505,-1.1777175176655428,1.419217370799698,-0.3377173173939363,0.32371733074537673,-1.3682422484350723,0.29328212936645015,0.4800877202259977,-1.656747776369997,-1,1,-1,1,-18,-18,-18,-18,-18,-18,-18,-19
1783308233.6856585,0.0,0.0,0.12,0.0,0.0,1,10.225092959257768,-10.225092959257768,10.225092959257768,-10.225092959257768,14.039999961853027,-14.520000457763672,11.680000305175781,-11.880000114440918,-3.814907002595259,4.2949074985059035,-1.4549073459180129,1.6549071551831496,-1.3352174509083405,1.503217624477066,-0.5092175710713045,0.5792175043141023,-1.4025764114584296,0.3319362968530033,0.4669935541127356,-1.6418536119733487,-1,1,-1,1,-18,-18,-18,-18,-18,-18,-18,-19
1783308233.7057087,0.0,0.0,0.12,0.0,0.0,1,10.225092959257768,-10.225092959257768,10.225092959257768,-10.225092959257768,14.039999961853027,-14.520000457763672,11.680000305175781,-11.880000114440918,-3.814907002595259,4.2949074985059035,-1.4549073459180129,1.6549071551831496,-1.3352174509083405,1.503217624477066,-0.5092175710713045,0.5792175043141023,-1.436910574481787,0.37059046433955645,0.45389938799947344,-1.6269594475767004,-1,1,-1,1,-18,-18,-18,-18,-18,-18,-18,-19
1783308233.7256389,0.0,0.0,0.12,0.0,0.0,1,10.225092959257768,-10.225092959257768,10.225092959257768,-10.225092959257768,14.039999961853027,-14.520000457763672,11.680000305175781,-11.880000114440918,-3.814907002595259,4.2949074985059035,-1.4549073459180129,1.6549071551831496,-1.3352174509083405,1.503217624477066,-0.5092175710713045,0.5792175043141023,-1.4712447375051443,0.4092446318261096,0.4408052218862113,-1.6120652831800522,-1,1,-1,1,-18,-18,-18,-18,-18,-18,-18,-19
1783308233.7456114,0.0,0.0,0.12,0.0,0.0,1,10.225092959257768,-10.225092959257768,10.225092959257768,-10.225092959257768,13.680000305175781,-15.149999618530273,11.350000381469727,-12.619999885559082,-3.454907345918013,4.924906659272505,-1.1249074222119582,2.3949069263013136,-1.2092175710713045,1.7237173307453766,-0.39371759777418536,0.8382174242054597,-1.5023389036184065,0.45356879175956216,0.43068105508630367,-1.5905111208433402,-1,1,-1,1,-18,-18,-18,-18,-18,-18,-18,-19
1783308233.7655907,0.0,0.0,0.12,0.0,0.0,1,10.225092959257768,-10.225092959257768,10.225092959257768,-10.225092959257768,13.680000305175781,-15.149999618530273,11.350000381469727,-12.619999885559082,-3.454907345918013,4.924906659272505,-1.1249074222119582,2.3949069263013136,-1.2092175710713045,1.7237173307453766,-0.39371759777418536,0.8382174242054597,-1.5334330697316687,0.49789295169301473,0.42055688828639604,-1.5689569585066283,-1,1,-1,1,-18,-18,-18,-18,-18,-18,-18,-19
1783308233.7856812,0.0,0.0,0.12,0.0,0.0,1,10.225092959257768,-10.225092959257768,10.225092959257768,-10.225092959257768,13.880000114440918,-15.359999656677246,11.569999694824219,-12.460000038146973,-3.6549071551831496,5.134906697419478,-1.3449067355664504,2.2349070788892043,-1.2792175043141023,1.797217344096817,-0.4707173574482576,0.7822174776112214,-1.566327234128317,0.54410711196979,0.408452727666298,-1.5488427947966255,-1,1,-1,1,-18,-18,-18,-18,-18,-18,-18,-19
1783308233.8056653,0.0,0.0,0.12,0.0,0.0,1,10.225092959257768,-10.225092959257768,10.225092959257768,-10.225092959257768,13.880000114440918,-15.359999656677246,11.569999694824219,-12.460000038146973,-3.6549071551831496,5.134906697419478,-1.3449067355664504,2.2349070788892043,-1.2792175043141023,1.797217344096817,-0.4707173574482576,0.7822174776112214,-1.5992213985249653,0.5903212722465653,0.3963485670461999,-1.5287286310866226,-1,1,-1,1,-18,-18,-18,-18,-18,-18,-18,-19
1783308233.8256145,0.0,0.0,0.12,0.0,0.0,1,10.225092959257768,-10.225092959257768,10.225092959257768,-10.225092959257768,13.880000114440918,-15.359999656677246,11.569999694824219,-12.460000038146973,-3.6549071551831496,5.134906697419478,-1.3449067355664504,2.2349070788892043,-1.2792175043141023,1.797217344096817,-0.4707173574482576,0.7822174776112214,-1.6321155629216135,0.6365354325233405,0.38424440642610186,-1.5086144673766197,-1,1,-1,1,-18,-18,-18,-18,-18,-18,-18,-19
1783308233.84561,0.0,0.0,0.12,0.0,0.0,1,10.225092959257768,-10.225092959257768,10.225092959257768,-10.225092959257768,14.020000457763672,-15.279999732971191,11.9399995803833,-13.470000267028809,-3.7949074985059035,5.054906773713423,-1.7149066211255324,3.24490730777104,-1.328217624477066,1.7692173707996979,-0.6002173173939362,1.135717557719864,-1.6662697304081666,0.6820295934867614,0.3688102468359721,-1.4794103016066804,-1,1,-1,1,-18,-18,-18,-18,-18,-18,-18,-18
1783308233.8656301,0.0,0.0,0.12,0.0,0.0,1,10.225092959257768,-10.225092959257768,10.225092959257768,-10.225092959257768,14.020000457763672,-15.279999732971191,11.9399995803833,-13.470000267028809,-3.7949074985059035,5.054906773713423,-1.7149066211255324,3.24490730777104,-1.328217624477066,1.7692173707996979,-0.6002173173939362,1.135717557719864,-1.7004238978947197,0.7275237544501822,0.3533760872458423,-1.450206135836741,-1,1,-1,1,-18,-18,-18,-18,-18,-18,-18,-18
1783308233.8857584,0.0,0.0,0.12,0.0,0.0,1,10.225092959257768,-10.225092959257768,10.225092959257768,-10.225092959257768,13.430000305175781,-15.899999618530273,12.4399995803833,-13.510000228881836,-3.204907345918013,5.674906659272505,-2.2149066211255324,3.2849072696240675,-1.1217175710713043,1.9862173307453765,-0.7752173173939363,1.1497175443684235,-1.7292680640079818,0.7785979143836348,0.3334419276557125,-1.4206419704101245,-1,1,-1,1,-18,-18,-18,-18,-18,-18,-18,-18
1783308233.9056115,0.0,0.0,0.12,0.0,0.0,1,10.225092959257768,-10.225092959257768,10.225092959257768,-10.225092959257768,13.430000305175781,-15.899999618530273,12.4399995803833,-13.510000228881836,-3.204907345918013,5.674906659272505,-2.2149066211255324,3.2849072696240675,-1.1217175710713043,1.9862173307453765,-0.7752173173939363,1.1497175443684235,-1.758112230121244,0.8296720743170873,0.3135077680655827,-1.391077804983508,-1,1,-1,1,-18,-18,-18,-18,-18,-18,-18,-18
1783308233.9256341,0.0,0.0,0.12,0.0,0.0,1,10.225092959257768,-10.225092959257768,10.225092959257768,-10.225092959257768,13.430000305175781,-15.899999618530273,12.4399995803833,-13.510000228881836,-3.204907345918013,5.674906659272505,-2.2149066211255324,3.2849072696240675,-1.1217175710713043,1.9862173307453765,-0.7752173173939363,1.1497175443684235,-1.786956396234506,0.8807462342505399,0.29357360847545294,-1.3615136395568914,-1,1,-1,1,-18,-18,-18,-18,-18,-18,-18,-18
1783308233.9456706,0.0,0.0,0.12,0.0,0.0,1,10.225092959257768,-10.225092959257768,10.225092959257768,-10.225092959257768,14.15999984741211,-15.430000305175781,11.199999809265137,-13.079999923706055,-3.934906888154341,5.204907345918013,-0.9749068500073683,2.8549069644482863,-1.3772174108540192,1.8217175710713043,-0.3412173975025789,0.9992174375569002,-1.822370558227895,0.927590400363802,0.2847994468253866,-1.3358194768768568,-1,1,-1,1,-18,-18,-18,-18,-18,-18,-18,-18
1783308233.9655814,0.0,0.0,0.12,0.0,0.0,1,10.225092959257768,-10.225092959257768,10.225092959257768,-10.225092959257768,14.15999984741211,-15.430000305175781,11.199999809265137,-13.079999923706055,-3.934906888154341,5.204907345918013,-0.9749068500073683,2.8549069644482863,-1.3772174108540192,1.8217175710713043,-0.3412173975025789,0.9992174375569002,-1.857784720221284,0.9744345664770642,0.27602528517532027,-1.310125314196822,-1,1,-1,1,-18,-18,-18,-18,-18,-18,-18,-18
1783308233.985722,0.0,0.0,0.12,0.0,0.0,1,10.225092959257768,-10.225092959257768,10.225092959257768,-10.225092959257768,13.3100004196167,-15.329999923706055,11.6899995803833,-13.229999542236328,-3.084907460358931,5.104906964448286,-1.4649066211255324,3.0049065829785597,-1.0797176111256257,1.7867174375569002,-0.5127173173939363,1.0517173040424959,-1.8855488873645143,1.0203787291570987,0.26284112558519046,-1.283081154950015,-1,1,-1,1,-18,-18,-18,-18,-18,-18,-18,-18
1783308234.0055835,0.0,0.0,0.12,0.0,0.0,1,10.225092959257768,-10.225092959257768,10.225092959257768,-10.225092959257768,13.3100004196167,-15.329999923706055,11.6899995803833,-13.229999542236328,-3.084907460358931,5.104906964448286,-1.4649066211255324,3.0049065829785597,-1.0797176111256257,1.7867174375569002,-0.5127173173939363,1.0517173040424959,-1.9133130545077446,1.0663228918371332,0.24965696599506068,-1.2560369957032078,-1,1,-1,1,-18,-18,-18,-18,-18,-18,-18,-18
1783308234.025635,0.0,0.0,0.12,0.0,0.0,1,10.225092959257768,-10.225092959257768,10.225092959257768,-10.225092959257768,13.3100004196167,-15.329999923706055,11.6899995803833,-13.229999542236328,-3.084907460358931,5.104906964448286,-1.4649066211255324,3.0049065829785597,-1.0797176111256257,1.7867174375569002,-0.5127173173939363,1.0517173040424959,-1.9410772216509748,1.1122670545171678,0.2364728064049309,-1.2289928364564007,-1,1,-1,1,-18,-18,-18,-18,-18,-18,-18,-18
1783308234.045626,0.0,0.0,0.12,0.0,0.0,1,10.225092959257768,-10.225092959257768,10.225092959257768,-10.225092959257768,13.390000343322754,-15.260000228881836,11.350000381469727,-13.109999656677246,-3.1649073840649855,5.0349072696240675,-1.1249074222119582,2.8849066974194777,-1.107717584422745,1.7622175443684236,-0.39371759777418536,1.0097173440968172,-1.9695613881075598,1.1575812199437845,0.22634863960502327,-1.2030286761796254,-1,1,-1,1,-18,-18,-18,-18,-18,-18,-18,-18
1783308234.0656097,0.0,0.0,0.12,0.0,0.0,1,10.225092959257768,-10.225092959257768,10.225092959257768,-10.225092959257768,13.390000343322754,-15.260000228881836,11.350000381469727,-13.109999656677246,-3.1649073840649855,5.0349072696240675,-1.1249074222119582,2.8849066974194777,-1.107717584422745,1.7622175443684236,-0.39371759777418536,1.0097173440968172,-1.9980455545641447,1.2028953853704012,0.21622447280511564,-1.17706451590285,-1,1,-1,1,-18,-18,-18,-18,-18,-18,-18,-18
1783308234.085789,0.0,0.0,0.12,0.0,0.0,1,10.225092959257768,-10.225092959257768,10.225092959257768,-10.225092959257768,13.0,-14.529999732971191,11.119999885559082,-12.350000381469727,-2.7749070407422316,4.304906773713423,-0.8949069263013136,2.124907422211958,-0.971217464259781,1.506717370799698,-0.3132174242054597,0.7437175977741853,-2.0230197179308247,1.241639546333822,0.2081703104684038,-1.1579403491029425,-1,1,-1,1,-18,-18,-18,-18,-18,-18,-18,-18
1783308234.1055927,0.0,0.0,0.12,0.0,0.0,1,10.225092959257768,-10.225092959257768,10.225092959257768,-10.225092959257768,13.0,-14.529999732971191,11.119999885559082,-12.350000381469727,-2.7749070407422316,4.304906773713423,-0.8949069263013136,2.124907422211958,-0.971217464259781,1.506717370799698,-0.3132174242054597,0.7437175977741853,-2.0479938812975047,1.2803837072972426,0.20011614813169198,-1.138816182303035,-1,1,-1,1,-18,-18,-18,-18,-18,-18,-18,-18
1783308234.1257832,0.0,0.0,0.12,0.0,0.0,1,10.225092959257768,-10.225092959257768,10.225092959257768,-10.225092959257768,13.0,-14.529999732971191,11.119999885559082,-12.350000381469727,-2.7749070407422316,4.304906773713423,-0.8949069263013136,2.124907422211958,-0.971217464259781,1.506717370799698,-0.3132174242054597,0.7437175977741853,-2.0729680446641847,1.3191278682606633,0.19206198579498016,-1.1196920155031274,-1,1,-1,1,-18,-18,-18,-18,-18,-18,-18,-18
1783308234.1456015,0.0,0.0,0.12,0.0,0.0,1,10.225092959257768,-10.225092959257768,10.225092959257768,-10.225092959257768,12.720000267028809,-14.25,10.949999809265137,-12.039999961853027,-2.49490730777104,4.024907040742232,-0.7249068500073683,1.814907002595259,-0.873217557719864,1.408717464259781,-0.2537173975025789,0.6352174509083406,-2.095422210434124,1.3553520316273433,0.18553782414491385,-1.10335785247977,-1,1,-1,1,-18,-18,-18,-18,-18,-18,-18,-18
1783308234.1658034,0.0,0.0,0.12,0.0,0.0,1,10.225092959257768,-10.225092959257768,10.225092959257768,-10.225092959257768,12.720000267028809,-14.25,10.949999809265137,-12.039999961853027,-2.49490730777104,4.024907040742232,-0.7249068500073683,1.814907002595259,-0.873217557719864,1.408717464259781,-0.2537173975025789,0.6352174509083406,-2.1178763762040633,1.3915761949940233,0.17901366249484754,-1.0870236894564127,-1,1,-1,1,-18,-18,-18,-18,-18,-18,-18,-18
1783308234.1856735,0.0,0.0,0.12,0.0,0.0,1,10.225092959257768,-10.225092959257768,10.225092959257768,-10.225092959257768,12.75,-14.050000190734863,10.84000015258789,-11.600000381469727,-2.5249070407422316,3.824907231477095,-0.6149071933301222,1.3749074222119582,-0.883717464259781,1.3387175310169832,-0.21521751766554276,0.4812175977741853,-2.1406005395707433,1.4260003600773172,0.17347949775487645,-1.0746495226565052,-1,1,-1,1,-18,-18,-18,-18,-18,-18,-18,-19
1783308234.2056243,0.0,0.0,0.12,0.0,0.0,1,10.225092959257768,-10.225092959257768,10.225092959257768,-10.225092959257768,12.75,-14.050000190734863,10.84000015258789,-11.600000381469727,-2.5249070407422316,3.824907231477095,-0.6149071933301222,1.3749074222119582,-0.883717464259781,1.3387175310169832,-0.21521751766554276,0.4812175977741853,-2.163324702937423,1.4604245251606112,0.16794533301490536,-1.0622753558565976,-1,1,-1,1,-18,-18,-18,-18,-18,-18,-18,-19
1783308234.225728,0.0,0.0,0.12,0.0,0.0,1,10.225092959257768,-10.225092959257768,10.225092959257768,-10.225092959257768,12.75,-14.050000190734863,10.84000015258789,-11.600000381469727,-2.5249070407422316,3.824907231477095,-0.6149071933301222,1.3749074222119582,-0.883717464259781,1.3387175310169832,-0.21521751766554276,0.4812175977741853,-2.186048866304103,1.494848690243905,0.16241116827493426,-1.04990118905669,-1,1,-1,1,-18,-18,-18,-18,-18,-18,-18,-19
1783308234.2456276,0.0,0.0,0.12,0.0,0.0,1,10.225092959257768,-10.225092959257768,10.225092959257768,-10.225092959257768,12.779999732971191,-12.779999732971191,10.300000190734863,-10.829999923706055,-2.554906773713423,2.554906773713423,-0.07490723147709488,0.6049069644482863,-0.894217370799698,0.894217370799698,-0.02621753101698321,0.2117174375569002,-2.209043027267524,1.5178428512073259,0.16173700319164042,-1.0444570263766555,-1,1,-1,1,-18,-18,-18,-18,-18,-18,-18,-19
1783308234.2656493,0.0,0.0,0.12,0.0,0.0,1,10.225092959257768,-10.225092959257768,10.225092959257768,-10.225092959257768,12.779999732971191,-12.779999732971191,10.300000190734863,-10.829999923706055,-2.554906773713423,2.554906773713423,-0.07490723147709488,0.6049069644482863,-0.894217370799698,0.894217370799698,-0.02621753101698321,0.2117174375569002,-2.232037188230945,1.5408370121707466,0.16106283810834657,-1.039012863696621,-1,1,-1,1,-18,-18,-18,-18,-18,-18,-18,-19
1783308234.2856677,0.0,0.0,0.12,0.0,0.0,1,10.225092959257768,-10.225092959257768,10.225092959257768,-10.225092959257768,12.109999656677246,-12.569999694824219,10.380000114440918,-9.850000381469727,-1.8849066974194777,2.3449067355664504,-0.15490715518314957,-0.37509257778804184,-0.6597173440968171,0.8207173574482576,-0.05421750431410235,-0.13128240222581464,-2.2490013485077203,1.5619411727908448,0.1596686737116982,-1.0423886968967133,-1,1,-1,1,-18,-18,-18,-18,-18,-18,-18,-19
1783308234.3057003,0.0,0.0,0.12,0.0,0.0,1,10.225092959257768,-10.225092959257768,10.225092959257768,-10.225092959257768,12.109999656677246,-12.569999694824219,10.380000114440918,-9.850000381469727,-1.8849066974194777,2.3449067355664504,-0.15490715518314957,-0.37509257778804184,-0.6597173440968171,0.8207173574482576,-0.05421750431410235,-0.13128240222581464,-2.2659655087844954,1.583045333410943,0.15827450931504985,-1.0457645300968057,-1,1,-1,1,-18,-18,-18,-18,-18,-18,-18,-19
1783308234.3256683,0.0,0.0,0.12,0.0,0.0,1,10.225092959257768,-10.225092959257768,10.225092959257768,-10.225092959257768,12.109999656677246,-12.569999694824219,10.380000114440918,-9.850000381469727,-1.8849066974194777,2.3449067355664504,-0.15490715518314957,-0.37509257778804184,-0.6597173440968171,0.8207173574482576,-0.05421750431410235,-0.13128240222581464,-2.2829296690612706,1.604149494031041,0.1568803449184015,-1.049140363296898,-1,1,-1,1,-18,-18,-18,-18,-18,-18,-18,-19
1783308234.3455963,0.0,0.0,0.12,0.0,0.0,1,10.225092959257768,-10.225092959257768,10.225092959257768,-10.225092959257768,12.100000381469727,-11.970000267028809,10.210000038146973,-10.0600004196167,-1.8749074222119582,1.7449073077710402,0.015092921110795743,-0.16509253964106918,-0.6562175977741853,0.610717557719864,0.00528252238877851,-0.05778238887437421,-2.2998038358611783,1.6198536598009803,0.15701618120839866,-1.0506261961536678,-1,1,-1,1,-18,-18,-18,-18,-18,-18,-18,-19
1783308234.365612,0.0,0.0,0.12,0.0,0.0,1,10.225092959257768,-10.225092959257768,10.225092959257768,-10.225092959257768,12.100000381469727,-11.970000267028809,10.210000038146973,-10.0600004196167,-1.8749074222119582,1.7449073077710402,0.015092921110795743,-0.16509253964106918,-0.6562175977741853,0.610717557719864,0.00528252238877851,-0.05778238887437421,-2.316678002661086,1.6355578255709196,0.15715201749839583,-1.0521120290104375,-1,1,-1,1,-18,-18,-18,-18,-18,-18,-18,-19
1783308234.3856564,0.0,0.0,0.12,0.0,0.0,1,10.225092959257768,-10.225092959257768,10.225092959257768,-10.225092959257768,12.09000015258789,-11.550000190734863,11.0,-9.989999771118164,-1.8649071933301222,1.3249072314770949,-0.7749070407422316,-0.23509318813960434,-0.6527175176655428,0.46371753101698315,-0.27121746425978105,-0.08228261584886151,-2.333462167401057,1.6474819906542133,0.15017785413171575,-1.054227867703694,-1,1,-1,1,-18,-18,-18,-18,-18,-18,-18,-19
1783308234.4056013,0.0,0.0,0.12,0.0,0.0,1,10.225092959257768,-10.225092959257768,10.225092959257768,-10.225092959257768,12.09000015258789,-11.550000190734863,11.0,-9.989999771118164,-1.8649071933301222,1.3249072314770949,-0.7749070407422316,-0.23509318813960434,-0.6527175176655428,0.46371753101698315,-0.27121746425978105,-0.08228261584886151,-2.350246332141028,1.659406155737507,0.14320369076503567,-1.0563437063969505,-1,1,-1,1,-18,-18,-18,-18,-18,-18,-18,-19
1783308234.4256012,0.0,0.0,0.12,0.0,0.0,1,10.225092959257768,-10.225092959257768,10.225092959257768,-10.225092959257768,12.09000015258789,-11.550000190734863,11.0,-9.989999771118164,-1.8649071933301222,1.3249072314770949,-0.7749070407422316,-0.23509318813960434,-0.6527175176655428,0.46371753101698315,-0.27121746425978105,-0.08228261584886151,-2.3670304968809988,1.6713303208208008,0.1362295273983556,-1.058459545090207,-1,1,-1,1,-18,-18,-18,-18,-18,-18,-18,-19
1783308234.445598,0.0,0.0,0.12,0.0,0.0,1,10.225092959257768,-10.225092959257768,10.225092959257768,-10.225092959257768,11.640000343322754,-11.25,11.09000015258789,-10.15999984741211,-1.4149073840649855,1.0249070407422316,-0.8649071933301222,-0.06509311184565902,-0.4952175844227449,0.358717464259781,-0.3027175176655428,-0.022782589145980657,-2.3797646633375837,1.6805544841874809,0.1284453626583845,-1.0590453830968178,-1,1,-1,1,-18,-18,-18,-18,-18,-18,-18,-19
1783308234.4656038,0.0,0.0,0.12,0.0,0.0,1,10.225092959257768,-10.225092959257768,10.225092959257768,-10.225092959257768,11.640000343322754,-11.25,11.09000015258789,-10.15999984741211,-1.4149073840649855,1.0249070407422316,-0.8649071933301222,-0.06509311184565902,-0.4952175844227449,0.358717464259781,-0.3027175176655428,-0.022782589145980657,-2.3924988297941687,1.689778647554161,0.1206611979184134,-1.0596312211034287,-1,1,-1,1,-18,-18,-18,-18,-18,-18,-18,-19
1783308234.4856803,0.0,0.0,0.12,0.0,0.0,1,10.225092959257768,-10.225092959257768,10.225092959257768,-10.225092959257768,11.989999771118164,-11.050000190734863,10.260000228881836,-8.699999809265137,-1.7649068118603957,0.8249072314770949,-0.03490726962406754,-1.5250931499926317,-0.6177173841511384,0.28871753101698316,-0.012217544368423637,-0.533782602497421,-2.4083829911009125,1.6972028126374548,0.12034703249179679,-1.0733570594533623,-1,1,-1,1,-18,-18,-18,-18,-18,-18,-18,-20
1783308234.50563,0.0,0.0,0.12,0.0,0.0,1,10.225092959257768,-10.225092959257768,10.225092959257768,-10.225092959257768,11.989999771118164,-11.050000190734863,10.260000228881836,-8.699999809265137,-1.7649068118603957,0.8249072314770949,-0.03490726962406754,-1.5250931499926317,-0.6177173841511384,0.28871753101698316,-0.012217544368423637,-0.533782602497421,-2.4242671524076562,1.7046269777207486,0.12003286706518018,-1.087082897803296,-1,1,-1,1,-18,-18,-18,-18,-18,-18,-18,-20
1783308234.525637,0.0,0.0,0.12,0.0,0.0,1,10.225092959257768,-10.225092959257768,10.225092959257768,-10.225092959257768,11.989999771118164,-11.050000190734863,10.260000228881836,-8.699999809265137,-1.7649068118603957,0.8249072314770949,-0.03490726962406754,-1.5250931499926317,-0.6177173841511384,0.28871753101698316,-0.012217544368423637,-0.533782602497421,-2.4401513137144,1.7120511428040424,0.11971870163856357,-1.1008087361532297,-1,1,-1,1,-18,-18,-18,-18,-18,-18,-18,-20
1783308234.545606,0.0,0.0,0.12,0.0,0.0,1,10.225092959257768,-10.225092959257768,10.225092959257768,-10.225092959257768,12.239999771118164,-11.359999656677246,9.4399995803833,-7.449999809265137,-2.0149068118603957,1.1349066974194777,0.7850933788744676,-2.7750931499926317,-0.7052173841511384,0.3972173440968172,0.27478268260606364,-0.971282602497421,-2.4582854750211434,1.7222653030808177,0.12678454204843378,-1.1257845745031634,-1,1,-1,1,-18,-18,-18,-18,-18,-18,-18,-20
1783308234.5656662,0.0,0.0,0.12,0.0,0.0,1,10.225092959257768,-10.225092959257768,10.225092959257768,-10.225092959257768,12.239999771118164,-11.359999656677246,9.4399995803833,-7.449999809265137,-2.0149068118603957,1.1349066974194777,0.7850933788744676,-2.7750931499926317,-0.7052173841511384,0.3972173440968172,0.27478268260606364,-0.971282602497421,-2.4764196363278868,1.732479463357593,0.133850382458304,-1.150760412853097,-1,1,-1,1,-18,-18,-18,-18,-18,-18,-18,-20
1783308234.5857089,0.0,0.0,0.12,0.0,0.0,1,10.225092959257768,-10.225092959257768,10.225092959257768,-10.225092959257768,13.100000381469727,-12.25,8.869999885559082,-7.929999828338623,-2.874907422211958,2.0249070407422316,1.3550930736986864,-2.2950931309191454,-1.0062175977741854,0.708717464259781,0.4742825757945402,-0.8032825958217008,-2.5022938031277944,1.750703626724273,0.14604622012159219,-1.1714162510313693,-1,1,-1,1,-18,-18,-18,-18,-18,-18,-19,-20
1783308234.6055906,0.0,0.0,0.12,0.0,0.0,1,10.225092959257768,-10.225092959257768,10.225092959257768,-10.225092959257768,13.100000381469727,-12.25,8.869999885559082,-7.929999828338623,-2.874907422211958,2.0249070407422316,1.3550930736986864,-2.2950931309191454,-1.0062175977741854,0.708717464259781,0.4742825757945402,-0.8032825958217008,-2.528167969927702,1.768927790090953,0.15824205778488037,-1.1920720892096415,-1,1,-1,1,-18,-18,-18,-18,-18,-18,-19,-20
1783308234.6255822,0.0,0.0,0.12,0.0,0.0,1,10.225092959257768,-10.225092959257768,10.225092959257768,-10.225092959257768,13.100000381469727,-12.25,8.869999885559082,-7.929999828338623,-2.874907422211958,2.0249070407422316,1.3550930736986864,-2.2950931309191454,-1.0062175977741854,0.708717464259781,0.4742825757945402,-0.8032825958217008,-2.5540421367276096,1.787151953457633,0.17043789544816856,-1.2127279273879137,-1,1,-1,1,-18,-18,-18,-18,-18,-18,-19,-20
1783308234.6455972,0.0,0.0,0.12,0.0,0.0,1,10.225092959257768,-10.225092959257768,10.225092959257768,-10.225092959257768,13.25,-12.649999618530273,8.930000305175781,-8.720000267028809,-3.0249070407422316,2.424906659272505,1.2950926540819871,-1.5050926922289598,-1.058717464259781,0.8487173307453767,0.45328242892869547,-0.5267824422801359,-2.5812663000942897,1.8089761133910855,0.18209372933490645,-1.2262737616179744,-1,1,-1,1,-18,-18,-18,-18,-18,-18,-19,-20
1783308234.6655838,0.0,0.0,0.12,0.0,0.0,1,10.225092959257768,-10.225092959257768,10.225092959257768,-10.225092959257768,13.25,-12.649999618530273,8.930000305175781,-8.720000267028809,-3.0249070407422316,2.424906659272505,1.2950926540819871,-1.5050926922289598,-1.058717464259781,0.8487173307453767,0.45328242892869547,-0.5267824422801359,-2.60849046346097,1.830800273324538,0.19374956322164433,-1.2398195958480351,-1,1,-1,1,-18,-18,-18,-18,-18,-18,-19,-20
1783308234.685659,0.0,0.0,0.12,0.0,0.0,1,10.225092959257768,-10.225092959257768,10.225092959257768,-10.225092959257768,13.569999694824219,-13.380000114440918,9.1899995803833,-8.140000343322754,-3.3449067355664504,3.1549071551831496,1.0350933788744676,-2.0850926159350145,-1.1707173574482574,1.1042175043141023,0.36228268260606367,-0.729782415577255,-2.638594624081068,1.8591944377211864,0.20306540363151454,-1.2585854293914502,-1,1,-1,1,-18,-18,-18,-18,-18,-18,-19,-20
1783308234.7055836,0.0,0.0,0.12,0.0,0.0,1,10.225092959257768,-10.225092959257768,10.225092959257768,-10.225092959257768,13.569999694824219,-13.380000114440918,9.1899995803833,-8.140000343322754,-3.3449067355664504,3.1549071551831496,1.0350933788744676,-2.0850926159350145,-1.1707173574482574,1.1042175043141023,0.36228268260606367,-0.729782415577255,-2.6686987847011663,1.8875886021178347,0.21238124404138475,-1.2773512629348653,-1,1,-1,1,-18,-18,-18,-18,-18,-18,-19,-20
1783308234.725588,0.0,0.0,0.12,0.0,0.0,1,10.225092959257768,-10.225092959257768,10.225092959257768,-10.225092959257768,13.569999694824219,-13.380000114440918,9.1899995803833,-8.140000343322754,-3.3449067355664504,3.1549071551831496,1.0350933788744676,-2.0850926159350145,-1.1707173574482574,1.1042175043141023,0.36228268260606367,-0.729782415577255,-2.6988029453212645,1.915982766514483,0.22169708445125497,-1.2961170964782804,-1,1,-1,1,-18,-18,-18,-18,-18,-18,-19,-20
1783308234.7455893,0.0,0.0,0.12,0.0,0.0,1,10.225092959257768,-10.225092959257768,10.225092959257768,-10.225092959257768,14.260000228881836,-13.4399995803833,8.699999809265137,-8.1899995803833,-4.0349072696240675,3.2149066211255324,1.5250931499926317,-2.0350933788744676,-1.4122175443684235,1.1252173173939362,0.533782602497421,-0.7122826826060636,-2.7351171107478813,1.9449169261046129,0.23542292280118865,-1.3144329368881507,-1,1,-1,1,-18,-18,-18,-18,-18,-18,-19,-20
1783308234.7655706,0.0,0.0,0.12,0.0,0.0,1,10.225092959257768,-10.225092959257768,10.225092959257768,-10.225092959257768,14.260000228881836,-13.4399995803833,8.699999809265137,-8.1899995803833,-4.0349072696240675,3.2149066211255324,1.5250931499926317,-2.0350933788744676,-1.4122175443684235,1.1252173173939362,0.533782602497421,-0.7122826826060636,-2.771431276174498,1.9738510856947427,0.24914876115112233,-1.3327487772980209,-1,1,-1,1,-18,-18,-18,-18,-18,-18,-19,-20
1783308234.785674,0.0,0.0,0.12,0.0,0.0,1,10.225092959257768,-10.225092959257768,10.225092959257768,-10.225092959257768,14.729999542236328,-13.9399995803833,9.9399995803833,-8.680000305175781,-4.50490658297856,3.7149066211255324,0.2850933788744676,-1.5450926540819871,-1.5767173040424958,1.3002173173939362,0.09978268260606366,-0.5407824289286954,-2.811975435421305,2.0072852452848724,0.25171460156099257,-1.3466546111847588,-1,1,-1,1,-18,-18,-18,-18,-18,-18,-18,-20
1783308234.8055944,0.0,0.0,0.12,0.0,0.0,1,10.225092959257768,-10.225092959257768,10.225092959257768,-10.225092959257768,14.729999542236328,-13.9399995803833,9.9399995803833,-8.680000305175781,-4.50490658297856,3.7149066211255324,0.2850933788744676,-1.5450926540819871,-1.5767173040424958,1.3002173173939362,0.09978268260606366,-0.5407824289286954,-2.852519594668112,2.040719404875002,0.2542804419708628,-1.3605604450714968,-1,1,-1,1,-18,-18,-18,-18,-18,-18,-18,-20
1783308234.8255863,0.0,0.0,0.12,0.0,0.0,1,10.225092959257768,-10.225092959257768,10.225092959257768,-10.225092959257768,14.729999542236328,-13.9399995803833,9.9399995803833,-8.680000305175781,-4.50490658297856,3.7149066211255324,0.2850933788744676,-1.5450926540819871,-1.5767173040424958,1.3002173173939362,0.09978268260606366,-0.5407824289286954,-2.893063753914919,2.074153564465132,0.25684628238073304,-1.3744662789582347,-1,1,-1,1,-18,-18,-18,-18,-18,-18,-18,-20
1783308234.8455877,0.0,0.0,0.12,0.0,0.0,1,10.225092959257768,-10.225092959257768,10.225092959257768,-10.225092959257768,14.84000015258789,-14.289999961853027,10.350000381469727,-9.239999771118164,-4.614907193330122,4.064907002595259,-0.12490742221195816,-0.9850931881396043,-1.6152175176655428,1.4227174509083405,-0.04371759777418535,-0.3447826158488615,-2.93459791865489,2.1107377274884893,0.2557221155808254,-1.3833321176514912,-1,1,-1,1,-18,-18,-18,-18,-18,-18,-18,-20
1783308234.8655884,0.0,0.0,0.12,0.0,0.0,1,10.225092959257768,-10.225092959257768,10.225092959257768,-10.225092959257768,14.84000015258789,-14.289999961853027,10.350000381469727,-9.239999771118164,-4.614907193330122,4.064907002595259,-0.12490742221195816,-0.9850931881396043,-1.6152175176655428,1.4227174509083405,-0.04371759777418535,-0.3447826158488615,-2.976132083394861,2.1473218905118467,0.2545979487809178,-1.3921979563447477,-1,1,-1,1,-18,-18,-18,-18,-18,-18,-18,-20
1783308234.8856623,0.0,0.0,0.12,0.0,0.0,1,10.225092959257768,-10.225092959257768,10.225092959257768,-10.225092959257768,14.920000076293945,-14.529999732971191,9.289999961853027,-8.729999542236328,-4.694907117036177,4.304906773713423,0.935092997404741,-1.4950934170214403,-1.6432174909626618,1.506717370799698,0.3272825490916593,-0.5232826959575041,-3.0183862474481864,2.1860660514752674,0.26301378575756046,-1.4056537970979408,-1,1,-1,1,-18,-18,-18,-18,-18,-18,-19,-20
1783308234.9055963,0.0,0.0,0.12,0.0,0.0,1,10.225092959257768,-10.225092959257768,10.225092959257768,-10.225092959257768,14.920000076293945,-14.529999732971191,9.289999961853027,-8.729999542236328,-4.694907117036177,4.304906773713423,0.935092997404741,-1.4950934170214403,-1.6432174909626618,1.506717370799698,0.3272825490916593,-0.5232826959575041,-3.060640411501512,2.224810212438688,0.2714296227342031,-1.4191096378511339,-1,1,-1,1,-18,-18,-18,-18,-18,-18,-19,-20
1783308234.9255934,0.0,0.0,0.12,0.0,0.0,1,10.225092959257768,-10.225092959257768,10.225092959257768,-10.225092959257768,14.920000076293945,-14.529999732971191,9.289999961853027,-8.729999542236328,-4.694907117036177,4.304906773713423,0.935092997404741,-1.4950934170214403,-1.6432174909626618,1.506717370799698,0.3272825490916593,-0.5232826959575041,-3.102894575554837,2.263554373402109,0.2798454597108458,-1.432565478604327,-1,1,-1,1,-18,-18,-18,-18,-18,-18,-19,-20
1783308234.9455872,0.0,0.0,0.12,0.0,0.0,1,10.225092959257768,-10.225092959257768,10.225092959257768,-10.225092959257768,15.199999809265137,-14.020000457763672,9.670000076293945,-8.380000114440918,-4.974906850007368,3.7949074985059035,0.5550928829638231,-1.8450928448168504,-1.7412173975025789,1.328217624477066,0.19428250903733807,-0.6457824956858976,-3.1476687372049037,2.297708540888662,0.2848412956575202,-1.4491713142076785,-1,1,-1,1,-18,-18,-18,-18,-18,-18,-18,-20
1783308234.965587,0.0,0.0,0.12,0.0,0.0,1,10.225092959257768,-10.225092959257768,10.225092959257768,-10.225092959257768,15.199999809265137,-14.020000457763672,9.670000076293945,-8.380000114440918,-4.974906850007368,3.7949074985059035,0.5550928829638231,-1.8450928448168504,-1.7412173975025789,1.328217624477066,0.19428250903733807,-0.6457824956858976,-3.19244289885497,2.331862708375215,0.2898371316041946,-1.4657771498110301,-1,1,-1,1,-18,-18,-18,-18,-18,-18,-18,-20
1783308234.9856489,0.0,0.0,0.12,0.0,0.0,1,10.225092959257768,-10.225092959257768,10.225092959257768,-10.225092959257768,14.260000228881836,-13.4399995803833,10.619999885559082,-8.8100004196167,-4.0349072696240675,3.2149066211255324,-0.39490692630131363,-1.4150925396410692,-1.4122175443684235,1.1252173173939362,-0.13821742420545977,-0.4952823888743742,-3.2287570642815866,2.3607968679653446,0.2862829692674828,-1.4785129826677998,-1,1,-1,1,-18,-18,-18,-18,-18,-18,-18,-20
1783308235.0056283,0.0,0.0,0.12,0.0,0.0,1,10.225092959257768,-10.225092959257768,10.225092959257768,-10.225092959257768,14.260000228881836,-13.4399995803833,10.619999885559082,-8.8100004196167,-4.0349072696240675,3.2149066211255324,-0.39490692630131363,-1.4150925396410692,-1.4122175443684235,1.1252173173939362,-0.13821742420545977,-0.4952823888743742,-3.2650712297082034,2.3897310275554746,0.282728806930771,-1.4912488155245696,-1,1,-1,1,-18,-18,-18,-18,-18,-18,-18,-20
1783308235.0255897,0.0,0.0,0.12,0.0,0.0,1,10.225092959257768,-10.225092959257768,10.225092959257768,-10.225092959257768,14.260000228881836,-13.4399995803833,10.619999885559082,-8.8100004196167,-4.0349072696240675,3.2149066211255324,-0.39490692630131363,-1.4150925396410692,-1.4122175443684235,1.1252173173939362,-0.13821742420545977,-0.4952823888743742,-3.30138539513482,2.4186651871456046,0.2791746445940592,-1.5039846483813393,-1,1,-1,1,-18,-18,-18,-18,-18,-18,-18,-20
1783308235.0455956,0.0,0.0,0.12,0.0,0.0,1,10.225092959257768,-10.225092959257768,10.225092959257768,-10.225092959257768,14.0600004196167,-13.029999732971191,10.380000114440918,-9.789999961853027,-3.834907460358931,2.804906773713423,-0.15490715518314957,-0.43509299740474106,-1.3422176111256257,0.981717370799698,-0.05421750431410235,-0.15228254909165936,-3.3358995622780507,2.4439093481090253,0.27778048019741086,-1.507900485357982,-1,1,-1,1,-18,-18,-18,-18,-18,-18,-18,-20
1783308235.0655737,0.0,0.0,0.0,0.0,0.0,0,0.0,0.0,0.0,0.0,14.0600004196167,-13.029999732971191,10.380000114440918,-9.789999961853027,-14.0600004196167,13.029999732971191,-10.380000114440918,9.789999961853027,-4.921000146865844,4.560499906539917,-3.633000040054321,3.4264999866485595,0.0,0.0,0.0,0.0,-1,1,-1,1,0,0,0,0,0,0,0,0
1783308235.0856433,0.0,0.0,0.0,0.0,0.0,0,0.0,0.0,0.0,0.0,13.460000038146973,-12.520000457763672,11.34000015258789,-9.34000015258789,-13.460000038146973,12.520000457763672,-11.34000015258789,9.34000015258789,-4.71100001335144,4.3820001602172844,-3.9690000534057615,3.2690000534057617,0.0,0.0,0.0,0.0,-1,1,-1,1,0,0,0,0,0,0,0,0
1783308235.1055782,0.0,0.0,0.0,0.0,0.0,0,0.0,0.0,0.0,0.0,13.460000038146973,-12.520000457763672,11.34000015258789,-9.34000015258789,-13.460000038146973,12.520000457763672,-11.34000015258789,9.34000015258789,-4.71100001335144,4.3820001602172844,-3.9690000534057615,3.2690000534057617,0.0,0.0,0.0,0.0,-1,1,-1,1,0,0,0,0,0,0,0,0
1783308235.1255815,0.0,0.0,0.0,0.0,0.0,0,0.0,0.0,0.0,0.0,13.460000038146973,-12.520000457763672,11.34000015258789,-9.34000015258789,-13.460000038146973,12.520000457763672,-11.34000015258789,9.34000015258789,-4.71100001335144,4.3820001602172844,-3.9690000534057615,3.2690000534057617,0.0,0.0,0.0,0.0,-1,1,-1,1,0,0,0,0,0,0,0,0
1783308235.1455846,0.0,0.0,0.0,0.0,0.0,0,0.0,0.0,0.0,0.0,12.140000343322754,-10.800000190734863,9.970000267028809,-7.900000095367432,-12.140000343322754,10.800000190734863,-9.970000267028809,7.900000095367432,-4.249000120162964,3.780000066757202,-3.489500093460083,2.765000033378601,0.0,0.0,0.0,0.0,-1,1,-1,1,0,0,0,0,0,0,0,0
1783308235.1656287,0.0,0.0,0.12,0.0,0.0,1,10.225092959257768,-10.225092959257768,10.225092959257768,-10.225092959257768,12.140000343322754,-10.800000190734863,9.970000267028809,-7.900000095367432,-1.9149073840649855,0.5749072314770949,0.2550926922289598,-2.3250928638903368,-0.6702175844227449,0.2012175310169832,0.08928244228013593,-0.8137825023616179,-0.01723416645658487,0.005174165083293855,0.002295834230060638,-0.02092583577501303,-1,1,-1,1,-18,-18,-18,-18,-18,-18,-18,-19
1783308235.185663,0.0,0.0,0.12,0.0,0.0,1,10.225092959257768,-10.225092959257768,10.225092959257768,-10.225092959257768,8.729999542236328,-7.329999923706055,6.980000019073486,-5.53000020980835,1.4950934170214403,-2.8950930355517137,3.245092940184282,-4.695092749449419,0.5232826959575041,-1.0132825624430997,1.1357825290644987,-1.6432824623072966,-0.0037783257033919063,-0.020881672236671568,0.03150167069171918,-0.0631816705200578,-1,1,-1,1,-18,-18,-18,-18,-19,-19,-19,-20
1783308235.205577,0.0,0.0,0.0,0.0,0.0,0,0.0,0.0,0.0,0.0,8.729999542236328,-7.329999923706055,6.980000019073486,-5.53000020980835,-8.729999542236328,7.329999923706055,-6.980000019073486,5.53000020980835,-3.0554998397827147,2.565499973297119,-2.44300000667572,1.9355000734329222,0.0,0.0,0.0,0.0,-1,1,-1,1,0,0,0,0,0,0,0,0
1783308235.225573,0.0,0.0,0.0,0.0,0.0,0,0.0,0.0,0.0,0.0,8.729999542236328,-7.329999923706055,6.980000019073486,-5.53000020980835,-8.729999542236328,7.329999923706055,-6.980000019073486,5.53000020980835,-3.0554998397827147,2.565499973297119,-2.44300000667572,1.9355000734329222,0.0,0.0,0.0,0.0,-1,1,-1,1,0,0,0,0,0,0,0,0
1783308235.2455857,0.0,0.0,0.0,0.0,0.0,0,0.0,0.0,0.0,0.0,6.559999942779541,-5.590000152587891,5.110000133514404,-4.099999904632568,-6.559999942779541,5.590000152587891,-5.110000133514404,4.099999904632568,-2.295999979972839,1.9565000534057615,-1.7885000467300414,1.4349999666213988,0.0,0.0,0.0,0.0,-1,1,-1,1,0,0,0,0,0,0,0,0
1783308235.2655716,0.0,0.0,0.0,0.0,0.0,0,0.0,0.0,0.0,0.0,6.559999942779541,-5.590000152587891,5.110000133514404,-4.099999904632568,-6.559999942779541,5.590000152587891,-5.110000133514404,4.099999904632568,-2.295999979972839,1.9565000534057615,-1.7885000467300414,1.4349999666213988,0.0,0.0,0.0,0.0,-1,1,-1,1,0,0,0,0,0,0,0,0
1783308235.2856362,0.0,0.0,0.0,0.0,0.0,0,0.0,0.0,0.0,0.0,4.590000152587891,-4.139999866485596,3.3499999046325684,-2.869999885559082,-4.590000152587891,4.139999866485596,-3.3499999046325684,2.869999885559082,-1.6065000534057616,1.4489999532699585,-1.1724999666213989,1.0044999599456788,0.0,0.0,0.0,0.0,-1,1,-1,1,0,0,0,0,0,0,0,0
1783308235.3055727,0.0,0.0,0.0,0.0,0.0,0,0.0,0.0,0.0,0.0,4.590000152587891,-4.139999866485596,3.3499999046325684,-2.869999885559082,-4.590000152587891,4.139999866485596,-3.3499999046325684,2.869999885559082,-1.6065000534057616,1.4489999532699585,-1.1724999666213989,1.0044999599456788,0.0,0.0,0.0,0.0,-1,1,-1,1,0,0,0,0,0,0,0,0
1783308235.3256052,0.0,0.0,0.12,0.0,0.0,1,10.225092959257768,-10.225092959257768,10.225092959257768,-10.225092959257768,4.590000152587891,-4.139999866485596,3.3499999046325684,-2.869999885559082,5.635092806669878,-6.085093092772173,6.8750930546252,-7.355093073698686,1.9722824823344571,-2.12978258247026,2.4062825691188197,-2.5742825757945402,0.05071583526002891,-0.05476583783494956,0.061875837491626805,-0.06619583766328818,-1,1,-1,1,-18,-18,-18,-18,-20,-20,-20,-21
1783308235.3456025,0.0,0.0,0.12,0.0,0.0,1,10.225092959257768,-10.225092959257768,10.225092959257768,-10.225092959257768,3.2100000381469727,-2.9000000953674316,2.3499999046325684,-2.009999990463257,7.015092921110796,-7.325092863890337,7.8750930546252,-8.215092968794512,2.4552825223887784,-2.563782502361618,2.7562825691188197,-2.875282539078079,0.11385167155002607,-0.12069167360996258,0.1327516749832536,-0.1401316743824388,-1,1,-1,1,-18,-18,-18,-18,-21,-21,-21,-21
1783308235.3655753,0.0,0.0,0.0,0.0,0.0,0,0.0,0.0,0.0,0.0,3.2100000381469727,-2.9000000953674316,2.3499999046325684,-2.009999990463257,-3.2100000381469727,2.9000000953674316,-2.3499999046325684,2.009999990463257,-1.1235000133514403,1.0150000333786011,-0.8224999666213989,0.7034999966621398,0.0,0.0,0.0,0.0,-1,1,-1,1,0,0,0,0,0,0,0,0
1783308235.3856335,0.0,0.0,0.0,0.0,0.0,0,0.0,0.0,0.0,0.0,2.25,-2.25,2.0999999046325684,-1.6299999952316284,-2.25,2.25,-2.0999999046325684,1.6299999952316284,-0.7875,0.7875,-0.7349999666213989,0.5704999983310699,0.0,0.0,0.0,0.0,-1,1,-1,1,0,0,0,0,0,0,0,0
1783308235.405574,0.0,0.0,0.0,0.0,0.0,0,0.0,0.0,0.0,0.0,2.25,-2.25,2.0999999046325684,-1.6299999952316284,-2.25,2.25,-2.0999999046325684,1.6299999952316284,-0.7875,0.7875,-0.7349999666213989,0.5704999983310699,0.0,0.0,0.0,0.0,-1,1,-1,1,0,0,0,0,0,0,0,0
1783308235.4255745,0.0,0.0,0.0,0.0,0.0,0,0.0,0.0,0.0,0.0,2.25,-2.25,2.0999999046325684,-1.6299999952316284,-2.25,2.25,-2.0999999046325684,1.6299999952316284,-0.7875,0.7875,-0.7349999666213989,0.5704999983310699,0.0,0.0,0.0,0.0,-1,1,-1,1,0,0,0,0,0,0,0,0
1783308235.4455798,0.0,0.0,0.0,0.0,0.0,0,0.0,0.0,0.0,0.0,1.7999999523162842,-1.5800000429153442,1.4700000286102295,-1.1399999856948853,-1.7999999523162842,1.5800000429153442,-1.4700000286102295,1.1399999856948853,-0.6299999833106994,0.5530000150203704,-0.5145000100135803,0.3989999949932098,0.0,0.0,0.0,0.0,-1,1,-1,1,0,0,0,0,0,0,0,0
1783308235.4655674,0.0,0.0,0.0,0.0,0.0,0,0.0,0.0,0.0,0.0,1.7999999523162842,-1.5800000429153442,1.4700000286102295,-1.1399999856948853,-1.7999999523162842,1.5800000429153442,-1.4700000286102295,1.1399999856948853,-0.6299999833106994,0.5530000150203704,-0.5145000100135803,0.3989999949932098,0.0,0.0,0.0,0.0,-1,1,-1,1,0,0,0,0,0,0,0,0
1783308235.4856286,0.0,0.0,0.0,0.0,0.0,0,0.0,0.0,0.0,0.0,1.2599999904632568,-1.100000023841858,1.0299999713897705,-0.800000011920929,-1.2599999904632568,1.100000023841858,-1.0299999713897705,0.800000011920929,-0.44099999666213985,0.38500000834465026,-0.36049998998641963,0.2800000041723251,0.0,0.0,0.0,0.0,-1,1,-1,1,0,0,0,0,0,0,0,0
1783308235.5056033,0.0,0.0,0.12,0.0,0.0,1,10.225092959257768,-10.225092959257768,10.225092959257768,-10.225092959257768,1.2599999904632568,-1.100000023841858,1.0299999713897705,-0.800000011920929,8.965092968794512,-9.12509293541591,9.195092987867998,-9.42509294733684,3.1377825390780787,-3.1937825273955687,3.218282545753799,-3.298782531567894,0.08068583671915061,-0.0821258364187432,0.08275583689081199,-0.08482583652603155,-1,1,-1,1,-18,-18,-18,-18,-21,-21,-21,-21
1783308235.5256023,0.0,0.0,0.12,0.0,0.0,1,10.225092959257768,-10.225092959257768,10.225092959257768,-10.225092959257768,1.2599999904632568,-1.100000023841858,1.0299999713897705,-0.800000011920929,8.965092968794512,-9.12509293541591,9.195092987867998,-9.42509294733684,3.1377825390780787,-3.1937825273955687,3.218282545753799,-3.298782531567894,0.16137167343830122,-0.1642516728374864,0.16551167378162399,-0.1696516730520631,-1,1,-1,1,-18,-18,-18,-18,-21,-21,-21,-21
1783308235.5455801,0.0,0.0,0.0,0.0,0.0,0,0.0,0.0,0.0,0.0,0.8799999952316284,-0.7699999809265137,0.7200000286102295,-0.5600000023841858,-0.8799999952316284,0.7699999809265137,-0.7200000286102295,0.5600000023841858,-0.30799999833106995,0.26949999332427976,-0.2520000100135803,0.196000000834465,0.0,0.0,0.0,0.0,-1,1,-1,1,0,0,0,0,0,0,0,0
1783308235.5655742,0.0,0.0,0.0,0.0,0.0,0,0.0,0.0,0.0,0.0,0.8799999952316284,-0.7699999809265137,0.7200000286102295,-0.5600000023841858,-0.8799999952316284,0.7699999809265137,-0.7200000286102295,0.5600000023841858,-0.30799999833106995,0.26949999332427976,-0.2520000100135803,0.196000000834465,0.0,0.0,0.0,0.0,-1,1,-1,1,0,0,0,0,0,0,0,0
1783308235.585633,0.0,0.0,0.0,0.0,0.0,0,0.0,0.0,0.0,0.0,0.6200000047683716,-0.7699999809265137,0.7300000190734863,-0.8399999737739563,-0.6200000047683716,0.7699999809265137,-0.7300000190734863,0.8399999737739563,-0.21700000166893005,0.26949999332427976,-0.2555000066757202,0.2939999908208847,0.0,0.0,0.0,0.0,-1,1,-1,1,0,0,0,0,0,0,0,0
1783308235.605575,0.0,0.0,0.0,0.0,0.0,0,0.0,0.0,0.0,0.0,0.6200000047683716,-0.7699999809265137,0.7300000190734863,-0.8399999737739563,-0.6200000047683716,0.7699999809265137,-0.7300000190734863,0.8399999737739563,-0.21700000166893005,0.26949999332427976,-0.2555000066757202,0.2939999908208847,0.0,0.0,0.0,0.0,-1,1,-1,1,0,0,0,0,0,0,0,0
1783308235.6255667,0.0,0.0,0.0,0.0,0.0,0,0.0,0.0,0.0,0.0,0.6200000047683716,-0.7699999809265137,0.7300000190734863,-0.8399999737739563,-0.6200000047683716,0.7699999809265137,-0.7300000190734863,0.8399999737739563,-0.21700000166893005,0.26949999332427976,-0.2555000066757202,0.2939999908208847,0.0,0.0,0.0,0.0,-1,1,-1,1,0,0,0,0,0,0,0,0
1783308235.6455817,0.0,0.0,0.0,0.0,0.0,0,0.0,0.0,0.0,0.0,0.4300000071525574,-0.5400000214576721,0.5099999904632568,-0.5899999737739563,-0.4300000071525574,0.5400000214576721,-0.5099999904632568,0.5899999737739563,-0.15050000250339507,0.18900000751018523,-0.1784999966621399,0.2064999908208847,0.0,0.0,0.0,0.0,-1,1,-1,1,0,0,0,0,0,0,0,0
1783308235.6655705,0.0,0.0,0.0,0.0,0.0,0,0.0,0.0,0.0,0.0,0.4300000071525574,-0.5400000214576721,0.5099999904632568,-0.5899999737739563,-0.4300000071525574,0.5400000214576721,-0.5099999904632568,0.5899999737739563,-0.15050000250339507,0.18900000751018523,-0.1784999966621399,0.2064999908208847,0.0,0.0,0.0,0.0,-1,1,-1,1,0,0,0,0,0,0,0,0
1783308235.6856382,0.0,0.0,0.0,0.0,0.0,0,0.0,0.0,0.0,0.0,0.30000001192092896,-0.3799999952316284,0.36000001430511475,-0.4099999964237213,-0.30000001192092896,0.3799999952316284,-0.36000001430511475,0.4099999964237213,-0.10500000417232513,0.13299999833106993,-0.12600000500679015,0.14349999874830244,0.0,0.0,0.0,0.0,-1,1,-1,1,0,0,0,0,0,0,0,0
1783308235.7055645,0.0,0.0,0.0,0.0,0.0,0,0.0,0.0,0.0,0.0,0.30000001192092896,-0.3799999952316284,0.36000001430511475,-0.4099999964237213,-0.30000001192092896,0.3799999952316284,-0.36000001430511475,0.4099999964237213,-0.10500000417232513,0.13299999833106993,-0.12600000500679015,0.14349999874830244,0.0,0.0,0.0,0.0,-1,1,-1,1,0,0,0,0,0,0,0,0
1783308235.725564,0.0,0.0,0.0,0.0,0.0,0,0.0,0.0,0.0,0.0,0.30000001192092896,-0.3799999952316284,0.36000001430511475,-0.4099999964237213,-0.30000001192092896,0.3799999952316284,-0.36000001430511475,0.4099999964237213,-0.10500000417232513,0.13299999833106993,-0.12600000500679015,0.14349999874830244,0.0,0.0,0.0,0.0,-1,1,-1,1,0,0,0,0,0,0,0,0
1783308235.7455726,0.0,0.0,0.0,0.0,0.0,0,0.0,0.0,0.0,0.0,0.20999999344348907,-0.25999999046325684,0.25,-0.28999999165534973,-0.20999999344348907,0.25999999046325684,-0.25,0.28999999165534973,-0.07349999770522117,0.09099999666213988,-0.0875,0.1014999970793724,0.0,0.0,0.0,0.0,-1,1,-1,1,0,0,0,0,0,0,0,0
1783308235.7655702,0.0,0.0,0.0,0.0,0.0,0,0.0,0.0,0.0,0.0,0.20999999344348907,-0.25999999046325684,0.25,-0.28999999165534973,-0.20999999344348907,0.25999999046325684,-0.25,0.28999999165534973,-0.07349999770522117,0.09099999666213988,-0.0875,0.1014999970793724,0.0,0.0,0.0,0.0,-1,1,-1,1,0,0,0,0,0,0,0,0
1783308235.7856286,0.0,0.0,0.0,0.0,0.0,0,0.0,0.0,0.0,0.0,0.15000000596046448,-0.18000000715255737,0.18000000715255737,-0.20000000298023224,-0.15000000596046448,0.18000000715255737,-0.18000000715255737,0.20000000298023224,-0.05250000208616257,0.06300000250339508,-0.06300000250339508,0.07000000104308128,0.0,0.0,0.0,0.0,-1,1,-1,1,0,0,0,0,0,0,0,0
1783308235.8055751,0.0,0.0,0.0,0.0,0.0,0,0.0,0.0,0.0,0.0,0.15000000596046448,-0.18000000715255737,0.18000000715255737,-0.20000000298023224,-0.15000000596046448,0.18000000715255737,-0.18000000715255737,0.20000000298023224,-0.05250000208616257,0.06300000250339508,-0.06300000250339508,0.07000000104308128,0.0,0.0,0.0,0.0,-1,1,-1,1,0,0,0,0,0,0,0,0
1783308235.8256063,0.0,0.0,0.0,0.0,0.0,0,0.0,0.0,0.0,0.0,0.15000000596046448,-0.18000000715255737,0.18000000715255737,-0.20000000298023224,-0.15000000596046448,0.18000000715255737,-0.18000000715255737,0.20000000298023224,-0.05250000208616257,0.06300000250339508,-0.06300000250339508,0.07000000104308128,0.0,0.0,0.0,0.0,-1,1,-1,1,0,0,0,0,0,0,0,0
1783308235.8455741,0.0,0.0,0.0,0.0,0.0,0,0.0,0.0,0.0,0.0,0.10000000149011612,-0.12999999523162842,0.11999999731779099,-0.14000000059604645,-0.10000000149011612,0.12999999523162842,-0.11999999731779099,0.14000000059604645,-0.03500000052154064,0.04549999833106994,-0.04199999906122684,0.04900000020861625,0.0,0.0,0.0,0.0,-1,1,-1,1,0,0,0,0,0,0,0,0
1783308235.8655605,0.0,0.0,0.0,0.0,0.0,0,0.0,0.0,0.0,0.0,0.10000000149011612,-0.12999999523162842,0.11999999731779099,-0.14000000059604645,-0.10000000149011612,0.12999999523162842,-0.11999999731779099,0.14000000059604645,-0.03500000052154064,0.04549999833106994,-0.04199999906122684,0.04900000020861625,0.0,0.0,0.0,0.0,-1,1,-1,1,0,0,0,0,0,0,0,0
1783308235.8856401,0.0,0.0,0.0,0.0,0.0,0,0.0,0.0,0.0,0.0,0.07000000029802322,-0.09000000357627869,0.09000000357627869,-0.10000000149011612,-0.07000000029802322,0.09000000357627869,-0.09000000357627869,0.10000000149011612,-0.024500000104308126,0.03150000125169754,-0.03150000125169754,0.03500000052154064,0.0,0.0,0.0,0.0,-1,1,-1,1,0,0,0,0,0,0,0,0
1783308235.9055636,0.0,0.0,0.0,0.0,0.0,0,0.0,0.0,0.0,0.0,0.07000000029802322,-0.09000000357627869,0.09000000357627869,-0.10000000149011612,-0.07000000029802322,0.09000000357627869,-0.09000000357627869,0.10000000149011612,-0.024500000104308126,0.03150000125169754,-0.03150000125169754,0.03500000052154064,0.0,0.0,0.0,0.0,-1,1,-1,1,0,0,0,0,0,0,0,0
1783308235.9255657,0.0,0.0,0.0,0.0,0.0,0,0.0,0.0,0.0,0.0,0.07000000029802322,-0.09000000357627869,0.09000000357627869,-0.10000000149011612,-0.07000000029802322,0.09000000357627869,-0.09000000357627869,0.10000000149011612,-0.024500000104308126,0.03150000125169754,-0.03150000125169754,0.03500000052154064,0.0,0.0,0.0,0.0,-1,1,-1,1,0,0,0,0,0,0,0,0
1783308235.945575,0.0,0.0,0.0,0.0,0.0,0,0.0,0.0,0.0,0.0,0.05000000074505806,-0.05999999865889549,0.05999999865889549,-0.07000000029802322,-0.05000000074505806,0.05999999865889549,-0.05999999865889549,0.07000000029802322,-0.01750000026077032,0.02099999953061342,-0.02099999953061342,0.024500000104308126,0.0,0.0,0.0,0.0,-1,1,-1,1,0,0,0,0,0,0,0,0
1783308235.965572,0.0,0.0,0.0,0.0,0.0,0,0.0,0.0,0.0,0.0,0.05000000074505806,-0.05999999865889549,0.05999999865889549,-0.07000000029802322,-0.05000000074505806,0.05999999865889549,-0.05999999865889549,0.07000000029802322,-0.01750000026077032,0.02099999953061342,-0.02099999953061342,0.024500000104308126,0.0,0.0,0.0,0.0,-1,1,-1,1,0,0,0,0,0,0,0,0
1783308235.985643,0.0,0.0,0.0,0.0,0.0,0,0.0,0.0,0.0,0.0,0.03999999910593033,-0.03999999910593033,0.03999999910593033,-0.05000000074505806,-0.03999999910593033,0.03999999910593033,-0.03999999910593033,0.05000000074505806,-0.013999999687075614,0.013999999687075614,-0.013999999687075614,0.01750000026077032,0.0,0.0,0.0,0.0,-1,1,-1,1,0,0,0,0,0,0,0,0
1783308236.0056026,0.0,0.0,0.0,0.0,0.0,0,0.0,0.0,0.0,0.0,0.03999999910593033,-0.03999999910593033,0.03999999910593033,-0.05000000074505806,-0.03999999910593033,0.03999999910593033,-0.03999999910593033,0.05000000074505806,-0.013999999687075614,0.013999999687075614,-0.013999999687075614,0.01750000026077032,0.0,0.0,0.0,0.0,-1,1,-1,1,0,0,0,0,0,0,0,0
1783308236.025588,0.0,0.0,0.0,0.0,0.0,0,0.0,0.0,0.0,0.0,0.03999999910593033,-0.03999999910593033,0.03999999910593033,-0.05000000074505806,-0.03999999910593033,0.03999999910593033,-0.03999999910593033,0.05000000074505806,-0.013999999687075614,0.013999999687075614,-0.013999999687075614,0.01750000026077032,0.0,0.0,0.0,0.0,-1,1,-1,1,0,0,0,0,0,0,0,0
1783308236.0455604,0.0,0.0,0.0,0.0,0.0,0,0.0,0.0,0.0,0.0,0.019999999552965164,-0.029999999329447746,0.029999999329447746,-0.029999999329447746,-0.019999999552965164,0.029999999329447746,-0.029999999329447746,0.029999999329447746,-0.006999999843537807,0.01049999976530671,-0.01049999976530671,0.01049999976530671,0.0,0.0,0.0,0.0,-1,1,-1,1,0,0,0,0,0,0,0,0
1783308236.0655751,0.0,0.0,0.0,0.0,0.0,0,0.0,0.0,0.0,0.0,0.019999999552965164,-0.029999999329447746,0.029999999329447746,-0.029999999329447746,-0.019999999552965164,0.029999999329447746,-0.029999999329447746,0.029999999329447746,-0.006999999843537807,0.01049999976530671,-0.01049999976530671,0.01049999976530671,0.0,0.0,0.0,0.0,-1,1,-1,1,0,0,0,0,0,0,0,0
1783308236.0856495,0.0,0.0,0.0,0.0,0.0,0,0.0,0.0,0.0,0.0,0.019999999552965164,-0.019999999552965164,0.019999999552965164,-0.019999999552965164,-0.019999999552965164,0.019999999552965164,-0.019999999552965164,0.019999999552965164,-0.006999999843537807,0.006999999843537807,-0.006999999843537807,0.006999999843537807,0.0,0.0,0.0,0.0,-1,1,-1,1,0,0,0,0,0,0,0,0
1783308236.105574,0.0,0.0,0.0,0.0,0.0,0,0.0,0.0,0.0,0.0,0.019999999552965164,-0.019999999552965164,0.019999999552965164,-0.019999999552965164,-0.019999999552965164,0.019999999552965164,-0.019999999552965164,0.019999999552965164,-0.006999999843537807,0.006999999843537807,-0.006999999843537807,0.006999999843537807,0.0,0.0,0.0,0.0,-1,1,-1,1,0,0,0,0,0,0,0,0
1783308236.1255918,0.0,0.0,0.0,0.0,0.0,0,0.0,0.0,0.0,0.0,0.019999999552965164,-0.019999999552965164,0.019999999552965164,-0.019999999552965164,-0.019999999552965164,0.019999999552965164,-0.019999999552965164,0.019999999552965164,-0.006999999843537807,0.006999999843537807,-0.006999999843537807,0.006999999843537807,0.0,0.0,0.0,0.0,-1,1,-1,1,0,0,0,0,0,0,0,0
1783308236.1455984,35.0,0.0,0.0,35.0,0.0,0,10.283857861322469,10.283857861322469,10.283857861322469,10.283857861322469,0.009999999776482582,-0.019999999552965164,0.009999999776482582,-0.019999999552965164,10.273857861545986,10.303857860875434,10.273857861545986,10.303857860875434,3.595850251541095,3.6063502513064014,3.595850251541095,3.6063502513064014,0.09246472075391388,0.09273472074787892,0.09246472075391388,0.09273472074787892,-1,1,-1,1,-13,13,-13,13,-17,17,-17,17
1783308236.165587,35.0,0.0,0.0,35.0,0.0,0,10.283857861322469,10.283857861322469,10.283857861322469,10.283857861322469,0.009999999776482582,-0.019999999552965164,0.009999999776482582,-0.019999999552965164,10.273857861545986,10.303857860875434,10.273857861545986,10.303857860875434,3.595850251541095,3.6063502513064014,3.595850251541095,3.6063502513064014,0.18492944150782775,0.18546944149575784,0.18492944150782775,0.18546944149575784,-1,1,-1,1,-13,13,-13,13,-17,17,-17,17
1783308236.1856647,35.0,0.0,0.0,35.0,0.0,0,10.283857861322469,10.283857861322469,10.283857861322469,10.283857861322469,0.23000000417232513,-0.009999999776482582,0.009999999776482582,-0.009999999776482582,10.053857857150144,10.293857861098951,10.273857861545986,10.293857861098951,3.51885025000255,3.6028502513846328,3.595850251541095,3.6028502513846328,0.27541416222217907,0.2781141622456484,0.27739416226174163,0.2781141622456484,-1,1,-1,1,-13,13,-13,13,-17,17,-17,17
1783308236.2055967,35.0,0.0,0.0,35.0,0.0,0,10.283857861322469,10.283857861322469,10.283857861322469,10.283857861322469,0.23000000417232513,-0.009999999776482582,0.009999999776482582,-0.009999999776482582,10.053857857150144,10.293857861098951,10.273857861545986,10.293857861098951,3.51885025000255,3.6028502513846328,3.595850251541095,3.6028502513846328,0.3658988829365304,0.37075888299553894,0.3698588830156555,0.37075888299553894,-1,1,-1,1,-13,13,-13,13,-17,17,-17,17
1783308236.2255926,35.0,0.0,0.0,35.0,0.0,0,10.283857861322469,10.283857861322469,10.283857861322469,10.283857861322469,0.23000000417232513,-0.009999999776482582,0.009999999776482582,-0.009999999776482582,10.053857857150144,10.293857861098951,10.273857861545986,10.293857861098951,3.51885025000255,3.6028502513846328,3.595850251541095,3.6028502513846328,0.4563836036508817,0.4634036037454295,0.4623236037695694,0.4634036037454295,-1,1,-1,1,-13,13,-13,13,-17,17,-17,17
1783308236.2456083,35.0,0.0,0.0,35.0,0.0,0,10.283857861322469,10.283857861322469,10.283857861322469,10.283857861322469,0.1599999964237213,1.5800000429153442,0.23000000417232513,1.350000023841858,10.123857864898747,8.703857818407124,10.053857857150144,8.93385783748061,3.5433502527145615,3.0463502364424935,3.51885025000255,3.1268502431182137,0.5474983244349705,0.5417383241110936,0.5528083244839207,0.5438083242827549,-1,1,-1,1,-13,13,-13,13,-17,17,-17,17
1783308236.2655926,35.0,0.0,0.0,35.0,0.0,0,10.283857861322469,10.283857861322469,10.283857861322469,10.283857861322469,0.1599999964237213,1.5800000429153442,0.23000000417232513,1.350000023841858,10.123857864898747,8.703857818407124,10.053857857150144,8.93385783748061,3.5433502527145615,3.0463502364424935,3.51885025000255,3.1268502431182137,0.6386130452190593,0.6200730444767577,0.643293045198272,0.6242130448200804,-1,1,-1,1,-13,13,-13,13,-17,17,-17,17
1783308236.2856588,35.0,0.0,0.0,35.0,0.0,0,10.283857861322469,10.283857861322469,10.283857861322469,10.283857861322469,0.7900000214576721,2.690000057220459,0.8399999737739563,2.299999952316284,9.493857839864797,7.59385780410201,9.443857887548512,7.9838579090061845,3.322850243952679,2.6578502314357033,3.3053502606419793,2.7943502681521646,0.7240577657778424,0.6884177647136758,0.7282877661862086,0.6960677660011361,-1,1,-1,1,-13,13,-13,13,-17,16,-17,16
1783308236.3055978,35.0,0.0,0.0,35.0,0.0,0,10.283857861322469,10.283857861322469,10.283857861322469,10.283857861322469,0.7900000214576721,2.690000057220459,0.8399999737739563,2.299999952316284,9.493857839864797,7.59385780410201,9.443857887548512,7.9838579090061845,3.322850243952679,2.6578502314357033,3.3053502606419793,2.7943502681521646,0.8095024863366256,0.7567624849505938,0.8132824871741452,0.7679224871821917,-1,1,-1,1,-13,13,-13,13,-17,16,-17,17
1783308236.3255966,35.0,0.0,0.0,35.0,0.0,0,10.283857861322469,10.283857861322469,10.283857861322469,10.283857861322469,0.7900000214576721,2.690000057220459,0.8399999737739563,2.299999952316284,9.493857839864797,7.59385780410201,9.443857887548512,7.9838579090061845,3.322850243952679,2.6578502314357033,3.3053502606419793,2.7943502681521646,0.8949472068954087,0.8251072051875119,0.8982772081620818,0.8397772083632473,-1,1,-1,1,-13,13,-13,13,-17,16,-17,17
1783308236.3456032,35.0,0.0,0.0,35.0,0.0,0,10.283857861322469,10.283857861322469,10.283857861322469,10.283857861322469,1.909999966621399,3.4700000286102295,1.5,3.4200000762939453,8.37385789470107,6.813857832712239,8.783857861322469,6.863857785028523,2.9308502631453743,2.3848502414492834,3.074350251462864,2.402350224759983,0.9703119279477184,0.8864319256819221,0.977331928913984,0.9015519284285041,-1,1,-1,1,-13,13,-13,13,-17,16,-17,16
1783308236.3655913,35.0,0.0,0.0,35.0,0.0,0,10.283857861322469,10.283857861322469,10.283857861322469,10.283857861322469,1.909999966621399,3.4700000286102295,1.5,3.4200000762939453,8.37385789470107,6.813857832712239,8.783857861322469,6.863857785028523,2.9308502631453743,2.3848502414492834,3.074350251462864,2.402350224759983,1.045676649000028,0.9477566461763323,1.0563866496658862,0.9633266484937608,-1,1,-1,1,-13,13,-13,13,-17,16,-17,16
1783308236.3856554,35.0,0.0,0.0,35.0,0.0,0,10.283857861322469,10.283857861322469,10.283857861322469,10.283857861322469,2.930000066757202,4.239999771118164,2.630000114440918,4.429999828338623,7.353857794565267,6.043858090204305,7.653857746881551,5.853858032983846,2.573850228097843,2.1153503315715065,2.6788502114085424,2.0488503115443457,1.1118613691511154,1.002151368988171,1.1252713693878202,1.0160113707906153,-1,1,-1,1,-13,13,-13,13,-17,16,-17,16
1783308236.4055934,35.0,0.0,0.0,35.0,0.0,0,10.283857861322469,10.283857861322469,10.283857861322469,10.283857861322469,2.930000066757202,4.239999771118164,2.630000114440918,4.429999828338623,7.353857794565267,6.043858090204305,7.653857746881551,5.853858032983846,2.573850228097843,2.1153503315715065,2.6788502114085424,2.0488503115443457,1.178046089302203,1.0565460918000096,1.1941560891097542,1.0686960930874698,-1,1,-1,1,-13,13,-13,13,-17,16,-17,16
1783308236.4256015,35.0,0.0,0.0,35.0,0.0,0,10.283857861322469,10.283857861322469,10.283857861322469,10.283857861322469,2.930000066757202,4.239999771118164,2.630000114440918,4.429999828338623,7.353857794565267,6.043858090204305,7.653857746881551,5.853858032983846,2.573850228097843,2.1153503315715065,2.6788502114085424,2.0488503115443457,1.2442308094532903,1.1109408146118482,1.2630408088316882,1.1213808153843243,-1,1,-1,1,-13,13,-13,13,-17,16,-17,16
1783308236.445587,35.0,0.0,0.0,35.0,0.0,0,10.283857861322469,10.283857861322469,10.283857861322469,10.283857861322469,4.090000152587891,4.78000020980835,3.880000114440918,4.460000038146973,6.193857708734578,5.503857651514119,6.403857746881551,5.823857823175496,2.1678501980571023,1.9263501780299415,2.2413502114085424,2.0383502381114234,1.2999755288319015,1.1604755334754753,1.3206755285536222,1.1737955357929037,-1,1,-1,1,-13,13,-13,13,-16,16,-17,16
1783308236.465592,35.0,0.0,0.0,35.0,0.0,0,10.283857861322469,10.283857861322469,10.283857861322469,10.283857861322469,4.090000152587891,4.78000020980835,3.880000114440918,4.460000038146973,6.193857708734578,5.503857651514119,6.403857746881551,5.823857823175496,2.1678501980571023,1.9263501780299415,2.2413502114085424,2.0383502381114234,1.3557202482105126,1.2100102523391023,1.3783102482755563,1.2262102562014832,-1,1,-1,1,-13,13,-13,13,-17,16,-17,16
1783308236.4857032,35.0,0.0,0.0,35.0,0.0,0,10.283857861322469,10.283857861322469,10.283857861322469,10.283857861322469,4.900000095367432,5.159999847412109,4.980000019073486,4.940000057220459,5.383857765955037,5.123858013910359,5.303857842248982,5.34385780410201,1.8843502180842628,1.7933503048686257,1.8563502447871436,1.8703502314357032,1.404174968104108,1.2561249744642955,1.426044968855797,1.2743049764384013,-1,1,-1,1,-13,13,-13,13,-16,16,-16,16
1783308236.5055974,35.0,0.0,0.0,35.0,0.0,0,10.283857861322469,10.283857861322469,10.283857861322469,10.283857861322469,4.900000095367432,5.159999847412109,4.980000019073486,4.940000057220459,5.383857765955037,5.123858013910359,5.303857842248982,5.34385780410201,1.8843502180842628,1.7933503048686257,1.8563502447871436,1.8703502314357032,1.4526296879977034,1.3022396965894887,1.4737796894360378,1.3223996966753195,-1,1,-1,1,-13,13,-13,13,-16,16,-16,16
1783308236.525596,35.0,0.0,0.0,35.0,0.0,0,10.283857861322469,10.283857861322469,10.283857861322469,10.283857861322469,4.900000095367432,5.159999847412109,4.980000019073486,4.940000057220459,5.383857765955037,5.123858013910359,5.303857842248982,5.34385780410201,1.8843502180842628,1.7933503048686257,1.8563502447871436,1.8703502314357032,1.5010844078912988,1.3483544187146819,1.5215144100162785,1.3704944169122377,-1,1,-1,1,-13,13,-13,13,-16,16,-16,16
1783308236.545599,35.0,0.0,0.0,35.0,0.0,0,10.283857861322469,10.283857861322469,10.283857861322469,10.283857861322469,5.690000057220459,5.650000095367432,5.519999980926514,5.269999980926514,4.59385780410201,4.633857765955037,4.763857880395955,5.013857880395955,1.6078502314357033,1.6218502180842629,1.6673502581385842,1.754850258138584,1.542429128128217,1.3900591386082772,1.564389130939842,1.4156191378358014,-1,1,-1,1,-13,13,-13,13,-16,16,-16,16
1783308236.565593,35.0,0.0,0.0,35.0,0.0,0,10.283857861322469,10.283857861322469,10.283857861322469,10.283857861322469,5.690000057220459,5.650000095367432,5.519999980926514,5.269999980926514,4.59385780410201,4.633857765955037,4.763857880395955,5.013857880395955,1.6078502314357033,1.6218502180842629,1.6673502581385842,1.754850258138584,1.5837738483651351,1.4317638585018726,1.6072638518634057,1.460743858759365,-1,1,-1,1,-13,13,-13,13,-16,16,-16,16
1783308236.585684,35.0,0.0,0.0,35.0,0.0,0,10.283857861322469,10.283857861322469,10.283857861322469,10.283857861322469,6.25,6.440000057220459,5.900000095367432,6.400000095367432,4.033857861322469,3.8438578041020097,4.383857765955037,3.883857765955037,1.411850251462864,1.3453502314357033,1.534350218084263,1.359350218084263,1.6200785691170374,1.4663585787387907,1.646718571757001,1.4956985786529604,-1,1,-1,1,-13,13,-13,13,-16,16,-16,16
1783308236.6055975,35.0,0.0,0.0,35.0,0.0,0,10.283857861322469,10.283857861322469,10.283857861322469,10.283857861322469,6.25,6.440000057220459,5.900000095367432,6.400000095367432,4.033857861322469,3.8438578041020097,4.383857765955037,3.883857765955037,1.411850251462864,1.3453502314357033,1.534350218084263,1.359350218084263,1.6563832898689397,1.5009532989757088,1.6861732916505963,1.5306532985465557,-1,1,-1,1,-13,13,-13,13,-16,16,-16,16
1783308236.625589,35.0,0.0,0.0,35.0,0.0,0,10.283857861322469,10.283857861322469,10.283857861322469,10.283857861322469,6.25,6.440000057220459,5.900000095367432,6.400000095367432,4.033857861322469,3.8438578041020097,4.383857765955037,3.883857765955037,1.411850251462864,1.3453502314357033,1.534350218084263,1.359350218084263,1.692688010620842,1.535548019212627,1.7256280115441915,1.565608018440151,-1,1,-1,1,-13,13,-13,13,-16,16,-16,16
1783308236.6456044,35.0,0.0,0.0,35.0,0.0,0,10.283857861322469,10.283857861322469,10.283857861322469,10.283857861322469,6.860000133514404,7.230000019073486,6.619999885559082,7.429999828338623,3.4238577278080644,3.0538578422489824,3.6638579757633867,2.8538580329838457,1.1983502047328225,1.0688502447871437,1.2823502915171852,0.9988503115443459,1.7235027301711145,1.5630327397928678,1.758602733326062,1.5912927407370057,-1,1,-1,1,-13,13,-13,13,-16,16,-16,16
1783308236.6655917,35.0,0.0,0.0,35.0,0.0,0,10.283857861322469,10.283857861322469,10.283857861322469,10.283857861322469,6.860000133514404,7.230000019073486,6.619999885559082,7.429999828338623,3.4238577278080644,3.0538578422489824,3.6638579757633867,2.8538580329838457,1.1983502047328225,1.0688502447871437,1.2823502915171852,0.9988503115443459,1.7543174497213871,1.5905174603731087,1.7915774551079326,1.6169774630338603,-1,1,-1,1,-13,13,-13,13,-16,16,-16,16
1783308236.6856675,35.0,0.0,0.0,35.0,0.0,0,10.283857861322469,10.283857861322469,10.283857861322469,10.283857861322469,7.980000019073486,8.0,7.579999923706055,7.909999847412109,2.3038578422489824,2.2838578613224687,2.703857937616414,2.3738580139103593,0.8063502447871438,0.799350251462864,0.9463502781657448,0.8308503048686258,1.775052170301628,1.6110721811250108,1.8159121765464803,1.6383421851590534,-1,1,-1,1,-13,13,-13,13,-16,15,-16,15
1783308236.705592,35.0,0.0,0.0,35.0,0.0,0,10.283857861322469,10.283857861322469,10.283857861322469,10.283857861322469,7.980000019073486,8.0,7.579999923706055,7.909999847412109,2.3038578422489824,2.2838578613224687,2.703857937616414,2.3738580139103593,0.8063502447871438,0.799350251462864,0.9463502781657448,0.8308503048686258,1.7957868908818688,1.631626901876913,1.840246897985028,1.6597069072842465,-1,1,-1,1,-13,13,-13,13,-16,15,-16,15
1783308236.7255955,35.0,0.0,0.0,35.0,0.0,0,10.283857861322469,10.283857861322469,10.283857861322469,10.283857861322469,7.980000019073486,8.0,7.579999923706055,7.909999847412109,2.3038578422489824,2.2838578613224687,2.703857937616414,2.3738580139103593,0.8063502447871438,0.799350251462864,0.9463502781657448,0.8308503048686258,1.8165216114621097,1.652181622628815,1.8645816194235756,1.6810716294094397,-1,1,-1,1,-13,13,-13,13,-16,15,-16,16
1783308236.745604,35.0,0.0,0.0,35.0,0.0,0,10.283857861322469,10.283857861322469,10.283857861322469,10.283857861322469,8.979999542236328,8.09000015258789,8.930000305175781,8.029999732971191,1.3038583190861406,2.193857708734578,1.3538575561466875,2.2538581283512773,0.45635041168014917,0.7678501980571023,0.47385014465134057,0.788850344922947,1.8282563363338848,1.6719263420074262,1.8767663374288959,1.7013563525646012,-1,1,-1,1,-13,13,-13,13,-15,15,-15,15
1783308236.7655916,35.0,0.0,0.0,35.0,0.0,0,10.283857861322469,10.283857861322469,10.283857861322469,10.283857861322469,8.979999542236328,8.09000015258789,8.930000305175781,8.029999732971191,1.3038583190861406,2.193857708734578,1.3538575561466875,2.2538581283512773,0.45635041168014917,0.7678501980571023,0.47385014465134057,0.788850344922947,1.83999106120566,1.6916710613860373,1.8889510554342162,1.7216410757197627,-1,1,-1,1,-13,13,-13,13,-15,15,-15,16
1783308236.7856586,35.0,0.0,0.0,35.0,0.0,0,10.283857861322469,10.283857861322469,10.283857861322469,10.283857861322469,9.680000305175781,8.829999923706055,9.420000076293945,8.569999694824219,0.6038575561466875,1.453857937616414,0.8638577850285234,1.71385816649825,0.2113501446513406,0.5088502781657449,0.3023502247599832,0.5998503582743875,1.8454257792109803,1.704755782824585,1.8967257754994729,1.737065799218247,-1,1,-1,1,-13,13,-13,13,-15,15,-15,15
1783308236.805593,35.0,0.0,0.0,35.0,0.0,0,10.283857861322469,10.283857861322469,10.283857861322469,10.283857861322469,9.680000305175781,8.829999923706055,9.420000076293945,8.569999694824219,0.6038575561466875,1.453857937616414,0.8638577850285234,1.71385816649825,0.2113501446513406,0.5088502781657449,0.3023502247599832,0.5998503582743875,1.8508604972163005,1.7178405042631326,1.9045004955647296,1.7524905227167313,-1,1,-1,1,-13,13,-13,13,-15,15,-15,15
1783308236.825592,35.0,0.0,0.0,35.0,0.0,0,10.283857861322469,10.283857861322469,10.283857861322469,10.283857861322469,9.680000305175781,8.829999923706055,9.420000076293945,8.569999694824219,0.6038575561466875,1.453857937616414,0.8638577850285234,1.71385816649825,0.2113501446513406,0.5088502781657449,0.3023502247599832,0.5998503582743875,1.8562952152216208,1.7309252257016803,1.9122752156299863,1.7679152462152157,-1,1,-1,1,-13,13,-13,13,-15,15,-15,15
1783308236.845598,35.0,0.0,0.0,35.0,0.0,0,10.283857861322469,10.283857861322469,10.283857861322469,10.283857861322469,9.949999809265137,9.579999923706055,9.539999961853027,10.069999694824219,0.333858052057332,0.703857937616414,0.7438578994694414,0.21385816649824996,0.11685031822006618,0.2463502781657449,0.26035026481430446,0.07485035827438748,1.8592999376901367,1.737259947140228,1.9189699367252113,1.7698399697137,-1,1,-1,1,-13,13,-13,13,-15,15,-15,15
1783308236.865583,35.0,0.0,0.0,35.0,0.0,0,10.283857861322469,10.283857861322469,10.283857861322469,10.283857861322469,9.949999809265137,9.579999923706055,9.539999961853027,10.069999694824219,0.333858052057332,0.703857937616414,0.7438578994694414,0.21385816649824996,0.11685031822006618,0.2463502781657449,0.26035026481430446,0.07485035827438748,1.8623046601586526,1.7435946685787755,1.9256646578204364,1.7717646932121842,-1,1,-1,1,-13,13,-13,13,-15,15,-15,15
1783308236.885663,35.0,0.0,0.0,35.0,0.0,0,10.283857861322469,10.283857861322469,10.283857861322469,10.283857861322469,10.8100004196167,9.649999618530273,10.529999732971191,9.770000457763672,-0.5261425582942305,0.6338582427921953,-0.2461418716487227,0.5138574035587968,-0.18414989540298066,0.22185038497726833,-0.08614965507705294,0.17985009124557888,1.8575693771340045,1.7492993927639053,1.923449380975598,1.7763894098442135,-1,1,-1,1,-13,13,-13,13,-15,15,-15,15
1783308236.9055836,35.0,0.0,0.0,35.0,0.0,0,10.283857861322469,10.283857861322469,10.283857861322469,10.283857861322469,10.8100004196167,9.649999618530273,10.529999732971191,9.770000457763672,-0.5261425582942305,0.6338582427921953,-0.2461418716487227,0.5138574035587968,-0.18414989540298066,0.22185038497726833,-0.08614965507705294,0.17985009124557888,1.8528340941093564,1.7550041169490351,1.9212341041307595,1.7810141264762427,-1,1,-1,1,-13,13,-13,13,-15,15,-15,15
1783308236.9255908,35.0,0.0,0.0,35.0,0.0,0,10.283857861322469,10.283857861322469,10.283857861322469,10.283857861322469,10.8100004196167,9.649999618530273,10.529999732971191,9.770000457763672,-0.5261425582942305,0.6338582427921953,-0.2461418716487227,0.5138574035587968,-0.18414989540298066,0.22185038497726833,-0.08614965507705294,0.17985009124557888,1.8480988110847083,1.760708841134165,1.919018827285921,1.785638843108272,-1,1,-1,1,-13,13,-13,13,-15,15,-15,15
1783308236.945595,35.0,0.0,0.0,35.0,0.0,0,10.283857861322469,10.283857861322469,10.283857861322469,10.283857861322469,11.1899995803833,9.699999809265137,11.220000267028809,9.779999732971191,-0.9061417190608321,0.583858052057332,-0.9361424057063399,0.5038581283512773,-0.3171496016712912,0.2043503182200662,-0.3276498419972189,0.17635034492294704,1.8399435356131608,1.765963563602681,1.910593545634564,1.7901735662634335,-1,1,-1,1,-13,13,-13,13,-15,15,-15,15
1783308236.9655828,35.0,0.0,0.0,35.0,0.0,0,10.283857861322469,10.283857861322469,10.283857861322469,10.283857861322469,11.1899995803833,9.699999809265137,11.220000267028809,9.779999732971191,-0.9061417190608321,0.583858052057332,-0.9361424057063399,0.5038581283512773,-0.3171496016712912,0.2043503182200662,-0.3276498419972189,0.17635034492294704,1.8317882601416133,1.771218286071197,1.902168263983207,1.794708289418595,-1,1,-1,1,-13,13,-13,13,-15,15,-15,15
1783308236.9856665,35.0,0.0,0.0,35.0,0.0,0,10.283857861322469,10.283857861322469,10.283857861322469,10.283857861322469,11.0,10.40999984741211,10.800000190734863,10.239999771118164,-0.7161421386775313,-0.12614198608964067,-0.5161423294123946,0.043858090204304645,-0.25064974853713595,-0.044149695131374234,-0.1806498152943381,0.015350331571506625,1.8253429808935155,1.77008300819639,1.8975229830184954,1.795103012230434,-1,1,-1,1,-13,13,-13,13,-15,15,-15,15
1783308237.0055854,35.0,0.0,0.0,35.0,0.0,0,10.283857861322469,10.283857861322469,10.283857861322469,10.283857861322469,11.0,10.40999984741211,10.800000190734863,10.239999771118164,-0.7161421386775313,-0.12614198608964067,-0.5161423294123946,0.043858090204304645,-0.25064974853713595,-0.044149695131374234,-0.1806498152943381,0.015350331571506625,1.8188977016454178,1.7689477303215833,1.892877702053784,1.7954977350422727,-1,1,-1,1,-13,13,-13,13,-15,15,-15,15
1783308237.025581,35.0,0.0,0.0,35.0,0.0,0,10.283857861322469,10.283857861322469,10.283857861322469,10.283857861322469,11.0,10.40999984741211,10.800000190734863,10.239999771118164,-0.7161421386775313,-0.12614198608964067,-0.5161423294123946,0.043858090204304645,-0.25064974853713595,-0.044149695131374234,-0.1806498152943381,0.015350331571506625,1.81245242239732,1.7678124524467764,1.8882324210890724,1.7958924578541116,-1,1,-1,1,-13,13,-13,13,-15,15,-15,15
1783308237.0455909,35.0,0.0,0.0,35.0,0.0,0,10.283857861322469,10.283857861322469,10.283857861322469,10.283857861322469,11.329999923706055,10.680000305175781,11.40999984741211,10.789999961853027,-1.046142062383586,-0.39614244385331254,-1.1261419860896407,-0.5061421005305586,-0.3661497218342551,-0.13864985534865937,-0.3941496951313742,-0.17714973518569552,1.8030371438358677,1.7642471704520966,1.8780971432142657,1.7913371789493366,-1,1,-1,1,-13,13,-13,13,-14,15,-14,15
1783308237.0655823,35.0,0.0,0.0,35.0,0.0,0,10.283857861322469,10.283857861322469,10.283857861322469,10.283857861322469,11.329999923706055,10.680000305175781,11.40999984741211,10.789999961853027,-1.046142062383586,-0.39614244385331254,-1.1261419860896407,-0.5061421005305586,-0.3661497218342551,-0.13864985534865937,-0.3941496951313742,-0.17714973518569552,1.7936218652744154,1.7606818884574167,1.867961865339459,1.7867819000445617,-1,1,-1,1,-13,13,-13,13,-14,15,-14,15
1783308237.0856547,35.0,0.0,0.0,35.0,0.0,0,10.283857861322469,10.283857861322469,10.283857861322469,10.283857861322469,12.229999542236328,11.100000381469727,12.289999961853027,10.720000267028809,-1.9461416809138594,-0.8161425201472579,-2.0061421005305586,-0.4361424057063399,-0.6811495883198507,-0.28564988205154024,-0.7021497351856955,-0.15264984199721895,1.7761065901461905,1.7533366057760913,1.849906586434684,1.7828566183932046,-1,1,-1,1,-13,13,-13,13,-14,14,-14,15
1783308237.105581,35.0,0.0,0.0,35.0,0.0,0,10.283857861322469,10.283857861322469,10.283857861322469,10.283857861322469,12.229999542236328,11.100000381469727,12.289999961853027,10.720000267028809,-1.9461416809138594,-0.8161425201472579,-2.0061421005305586,-0.4361424057063399,-0.6811495883198507,-0.28564988205154024,-0.7021497351856955,-0.15264984199721895,1.7585913150179657,1.745991323094766,1.831851307529909,1.7789313367418476,-1,1,-1,1,-13,13,-13,13,-14,14,-14,15
1783308237.1255867,35.0,0.0,0.0,35.0,0.0,0,10.283857861322469,10.283857861322469,10.283857861322469,10.283857861322469,12.229999542236328,11.100000381469727,12.289999961853027,10.720000267028809,-1.9461416809138594,-0.8161425201472579,-2.0061421005305586,-0.4361424057063399,-0.6811495883198507,-0.28564988205154024,-0.7021497351856955,-0.15264984199721895,1.741076039889741,1.7386460404134405,1.813796028625134,1.7750060550904905,-1,1,-1,1,-13,13,-13,13,-14,14,-14,15
1783308237.14563,35.0,0.0,0.0,35.0,0.0,0,10.283857861322469,10.283857861322469,10.283857861322469,10.283857861322469,12.180000305175781,11.619999885559082,12.220000267028809,11.579999923706055,-1.8961424438533125,-1.3361420242366133,-1.9361424057063399,-1.296142062383586,-0.6636498553486594,-0.4676497084828146,-0.6776498419972189,-0.45364972183425506,1.7240107578950612,1.726620762195311,1.7963707469737769,1.7633407765290383,-1,1,-1,1,-13,13,-13,13,-14,14,-14,14
1783308237.1655781,35.0,0.0,0.0,35.0,0.0,0,10.283857861322469,10.283857861322469,10.283857861322469,10.283857861322469,12.180000305175781,11.619999885559082,12.220000267028809,11.579999923706055,-1.8961424438533125,-1.3361420242366133,-1.9361424057063399,-1.296142062383586,-0.6636498553486594,-0.4676497084828146,-0.6776498419972189,-0.45364972183425506,1.7069454759003815,1.7145954839771813,1.7789454653224197,1.751675497967586,-1,1,-1,1,-13,13,-13,13,-14,14,-14,14
1783308237.1857004,35.0,0.0,0.0,35.0,0.0,0,10.283857861322469,10.283857861322469,10.283857861322469,10.283857861322469,12.380000114440918,12.4399995803833,12.399999618530273,12.180000305175781,-2.0961422531184493,-2.156141719060832,-2.1161417572078047,-1.8961424438533125,-0.7336497885914572,-0.7546496016712911,-0.7406496150227316,-0.6636498553486594,1.6880801956223155,1.6951902085056338,1.7599001895075495,1.7346102159729062,-1,1,-1,1,-13,13,-13,13,-14,14,-14,14
1783308237.2055967,35.0,0.0,0.0,35.0,0.0,0,10.283857861322469,10.283857861322469,10.283857861322469,10.283857861322469,12.380000114440918,12.4399995803833,12.399999618530273,12.180000305175781,-2.0961422531184493,-2.156141719060832,-2.1161417572078047,-1.8961424438533125,-0.7336497885914572,-0.7546496016712911,-0.7406496150227316,-0.6636498553486594,1.6692149153442495,1.6757849330340864,1.7408549136926792,1.7175449339782265,-1,1,-1,1,-13,13,-13,13,-14,14,-14,14
1783308237.225594,35.0,0.0,0.0,35.0,0.0,0,10.283857861322469,10.283857861322469,10.283857861322469,10.283857861322469,12.380000114440918,12.4399995803833,12.399999618530273,12.180000305175781,-2.0961422531184493,-2.156141719060832,-2.1161417572078047,-1.8961424438533125,-0.7336497885914572,-0.7546496016712911,-0.7406496150227316,-0.6636498553486594,1.6503496350661835,1.656379657562539,1.721809637877809,1.7004796519835468,-1,1,-1,1,-13,13,-13,13,-14,14,-14,14
1783308237.2456295,35.0,0.0,0.0,35.0,0.0,0,10.283857861322469,10.283857861322469,10.283857861322469,10.283857861322469,12.739999771118164,12.779999732971191,12.989999771118164,12.149999618530273,-2.4561419097956954,-2.4961418716487227,-2.7061419097956954,-1.8661417572078047,-0.8596496684284933,-0.873649655077053,-0.9471496684284934,-0.6531496150227316,1.6282443578780221,1.6339143807177003,1.6974543606896477,1.6836843761686766,-1,1,-1,1,-13,13,-13,13,-14,14,-14,14
1783308237.2655826,35.0,0.0,0.0,35.0,0.0,0,10.283857861322469,10.283857861322469,10.283857861322469,10.283857861322469,12.739999771118164,12.779999732971191,12.989999771118164,12.149999618530273,-2.4561419097956954,-2.4961418716487227,-2.7061419097956954,-1.8661417572078047,-0.8596496684284933,-0.873649655077053,-0.9471496684284934,-0.6531496150227316,1.6061390806898608,1.6114491038728618,1.6730990835014865,1.6668891003538064,-1,1,-1,1,-13,13,-13,13,-14,14,-14,14
1783308237.2856607,35.0,0.0,0.0,35.0,0.0,0,10.283857861322469,10.283857861322469,10.283857861322469,10.283857861322469,12.539999961853027,12.800000190734863,12.9399995803833,12.579999923706055,-2.2561421005305586,-2.5161423294123946,-2.656141719060832,-2.296142062383586,-0.7896497351856955,-0.8806498152943381,-0.9296496016712912,-0.8036497218342551,1.5858338017850857,1.5888038229081503,1.649193808029939,1.6462238217923542,-1,1,-1,1,-13,13,-13,13,-14,14,-14,14
1783308237.3055995,35.0,0.0,0.0,35.0,0.0,0,10.283857861322469,10.283857861322469,10.283857861322469,10.283857861322469,12.539999961853027,12.800000190734863,12.9399995803833,12.579999923706055,-2.2561421005305586,-2.5161423294123946,-2.656141719060832,-2.296142062383586,-0.7896497351856955,-0.8806498152943381,-0.9296496016712912,-0.8036497218342551,1.5655285228803106,1.5661585419434387,1.6252885325583917,1.6255585432309019,-1,1,-1,1,-13,13,-13,13,-14,14,-14,14
1783308237.3255982,35.0,0.0,0.0,35.0,0.0,0,10.283857861322469,10.283857861322469,10.283857861322469,10.283857861322469,12.539999961853027,12.800000190734863,12.9399995803833,12.579999923706055,-2.2561421005305586,-2.5161423294123946,-2.656141719060832,-2.296142062383586,-0.7896497351856955,-0.8806498152943381,-0.9296496016712912,-0.8036497218342551,1.5452232439755356,1.5435132609787272,1.6013832570868443,1.6048932646694496,-1,1,-1,1,-13,13,-13,13,-14,14,-14,14
1783308237.3456063,35.0,0.0,0.0,35.0,0.0,0,10.283857861322469,10.283857861322469,10.283857861322469,10.283857861322469,13.079999923706055,13.029999732971191,13.130000114440918,12.880000114440918,-2.796142062383586,-2.7461418716487227,-2.8461422531184493,-2.5961422531184493,-0.978649721834255,-0.9611496550770529,-0.9961497885914572,-0.9086497885914572,1.5200579654140833,1.5187979841338888,1.5757679768087782,1.5815279843913836,-1,1,-1,1,-13,13,-13,13,-14,14,-14,14
1783308237.3655922,35.0,0.0,0.0,35.0,0.0,0,10.283857861322469,10.283857861322469,10.283857861322469,10.283857861322469,13.079999923706055,13.029999732971191,13.130000114440918,12.880000114440918,-2.796142062383586,-2.7461418716487227,-2.8461422531184493,-2.5961422531184493,-0.978649721834255,-0.9611496550770529,-0.9961497885914572,-0.9086497885914572,1.494892686852631,1.4940827072890503,1.5501526965307122,1.5581627041133177,-1,1,-1,1,-13,13,-13,13,-14,14,-14,14
1783308237.3856626,35.0,0.0,0.0,35.0,0.0,0,10.283857861322469,10.283857861322469,10.283857861322469,10.283857861322469,13.680000305175781,12.75,13.720000267028809,12.1899995803833,-3.3961424438533125,-2.4661421386775313,-3.43614240570634,-1.906141719060832,-1.1886498553486593,-0.8631497485371359,-1.202649841997219,-0.6671496016712912,1.4643274048579513,1.4718874280409526,1.5192274148793552,1.5410074286417703,-1,1,-1,1,-13,13,-13,13,-13,14,-13,14
1783308237.4055965,35.0,0.0,0.0,35.0,0.0,0,10.283857861322469,10.283857861322469,10.283857861322469,10.283857861322469,13.680000305175781,12.75,13.720000267028809,12.1899995803833,-3.3961424438533125,-2.4661421386775313,-3.43614240570634,-1.906141719060832,-1.1886498553486593,-0.8631497485371359,-1.202649841997219,-0.6671496016712912,1.4337621228632715,1.449692148792855,1.4883021332279982,1.523852153170223,-1,1,-1,1,-13,13,-13,13,-13,14,-13,14
1783308237.425591,35.0,0.0,0.0,35.0,0.0,0,10.283857861322469,10.283857861322469,10.283857861322469,10.283857861322469,13.680000305175781,12.75,13.720000267028809,12.1899995803833,-3.3961424438533125,-2.4661421386775313,-3.43614240570634,-1.906141719060832,-1.1886498553486593,-0.8631497485371359,-1.202649841997219,-0.6671496016712912,1.4031968408685918,1.4274968695447572,1.4573768515766412,1.5066968776986756,-1,1,-1,1,-13,13,-13,13,-13,14,-13,14
1783308237.4455996,35.0,0.0,0.0,35.0,0.0,0,10.283857861322469,10.283857861322469,10.283857861322469,10.283857861322469,13.199999809265137,13.0,13.680000305175781,12.380000114440918,-2.916141947942668,-2.7161421386775313,-3.3961424438533125,-2.0961422531184493,-1.0206496817799338,-0.9506497485371359,-1.1886498553486593,-0.7336497885914572,1.3769515633371077,1.4030515902966594,1.4268115695819614,1.4878315974206096,-1,1,-1,1,-13,13,-13,13,-13,13,-13,14
1783308237.465605,35.0,0.0,0.0,35.0,0.0,0,10.283857861322469,10.283857861322469,10.283857861322469,10.283857861322469,13.199999809265137,13.0,13.680000305175781,12.380000114440918,-2.916141947942668,-2.7161421386775313,-3.3961424438533125,-2.0961422531184493,-1.0206496817799338,-0.9506497485371359,-1.1886498553486593,-0.7336497885914572,1.3507062858056236,1.3786063110485616,1.3962462875872816,1.4689663171425436,-1,1,-1,1,-13,13,-13,13,-13,13,-13,14
1783308237.4856622,35.0,0.0,0.0,35.0,0.0,0,10.283857861322469,10.283857861322469,10.283857861322469,10.283857861322469,13.319999694824219,13.170000076293945,13.649999618530273,12.970000267028809,-3.03614183350175,-2.8861422149714766,-3.3661417572078047,-2.68614240570634,-1.0626496417256124,-1.0101497752400168,-1.1781496150227315,-0.9401498419972188,1.3233810093041078,1.3526310311138183,1.3659510117724114,1.4447910354911866,-1,1,-1,1,-13,13,-13,13,-13,13,-13,14
1783308237.5055811,35.0,0.0,0.0,35.0,0.0,0,10.283857861322469,10.283857861322469,10.283857861322469,10.283857861322469,13.319999694824219,13.170000076293945,13.649999618530273,12.970000267028809,-3.03614183350175,-2.8861422149714766,-3.3661417572078047,-2.68614240570634,-1.0626496417256124,-1.0101497752400168,-1.1781496150227315,-0.9401498419972188,1.2960557328025921,1.326655751179075,1.3356557359575412,1.4206157538398296,-1,1,-1,1,-13,13,-13,13,-13,13,-13,13
1783308237.5255868,35.0,0.0,0.0,35.0,0.0,0,10.283857861322469,10.283857861322469,10.283857861322469,10.283857861322469,13.319999694824219,13.170000076293945,13.649999618530273,12.970000267028809,-3.03614183350175,-2.8861422149714766,-3.3661417572078047,-2.68614240570634,-1.0626496417256124,-1.0101497752400168,-1.1781496150227315,-0.9401498419972188,1.2687304563010764,1.3006804712443318,1.305360460142671,1.3964404721884727,-1,1,-1,1,-13,13,-13,13,-13,13,-13,13
1783308237.5457196,35.0,0.0,0.0,35.0,0.0,0,10.283857861322469,10.283857861322469,10.283857861322469,10.283857861322469,13.619999885559082,13.069999694824219,13.859999656677246,12.930000305175781,-3.3361420242366133,-2.78614183350175,-3.5761417953547774,-2.6461424438533125,-1.1676497084828146,-0.9751496417256125,-1.251649628374172,-0.9261498553486593,1.2387051780829468,1.2756051947428162,1.273175183984478,1.372625190193793,-1,1,-1,1,-13,13,-13,13,-13,13,-13,13
1783308237.5656102,35.0,0.0,0.0,35.0,0.0,0,10.283857861322469,10.283857861322469,10.283857861322469,10.283857861322469,13.619999885559082,13.069999694824219,13.859999656677246,12.930000305175781,-3.3361420242366133,-2.78614183350175,-3.5761417953547774,-2.6461424438533125,-1.1676497084828146,-0.9751496417256125,-1.251649628374172,-0.9261498553486593,1.2086798998648172,1.2505299182413006,1.2409899078262852,1.3488099081991132,-1,1,-1,1,-13,13,-13,13,-13,13,-13,13
1783308237.5856752,35.0,0.0,0.0,35.0,0.0,0,10.283857861322469,10.283857861322469,10.283857861322469,10.283857861322469,13.609999656677246,13.0,14.229999542236328,12.899999618530273,-3.3261417953547774,-2.7161421386775313,-3.9461416809138594,-2.6161417572078047,-1.164149628374172,-0.9506497485371359,-1.3811495883198508,-0.9156496150227316,1.1787446237066241,1.2260846389932027,1.2054746326980603,1.325264632384243,-1,1,-1,1,-13,13,-13,13,-13,13,-13,13
1783308237.6057231,35.0,0.0,0.0,35.0,0.0,0,10.283857861322469,10.283857861322469,10.283857861322469,10.283857861322469,13.609999656677246,13.0,14.229999542236328,12.899999618530273,-3.3261417953547774,-2.7161421386775313,-3.9461416809138594,-2.6161417572078047,-1.164149628374172,-0.9506497485371359,-1.3811495883198508,-0.9156496150227316,1.1488093475484311,1.201639359745105,1.1699593575698355,1.3017193565693728,-1,1,-1,1,-13,13,-13,13,-13,13,-13,13
1783308237.6255972,35.0,0.0,0.0,35.0,0.0,0,10.283857861322469,10.283857861322469,10.283857861322469,10.283857861322469,13.609999656677246,13.0,14.229999542236328,12.899999618530273,-3.3261417953547774,-2.7161421386775313,-3.9461416809138594,-2.6161417572078047,-1.164149628374172,-0.9506497485371359,-1.3811495883198508,-0.9156496150227316,1.118874071390238,1.1771940804970071,1.1344440824416107,1.2781740807545026,-1,1,-1,1,-13,13,-13,13,-13,13,-13,13
1783308237.6456106,35.0,0.0,0.0,35.0,0.0,0,10.283857861322469,10.283857861322469,10.283857861322469,10.283857861322469,14.0600004196167,13.170000076293945,14.039999961853027,13.100000381469727,-3.7761425582942305,-2.8861422149714766,-3.7561421005305586,-2.816142520147258,-1.3216498954029805,-1.0101497752400168,-1.3146497351856954,-0.9856498820515401,1.08488878836559,1.1512188005622639,1.1006388035368357,1.2528287980731772,-1,1,-1,1,-13,13,-13,13,-13,13,-13,13
1783308237.6657147,35.0,0.0,0.0,35.0,0.0,0,10.283857861322469,10.283857861322469,10.283857861322469,10.283857861322469,14.0600004196167,13.170000076293945,14.039999961853027,13.100000381469727,-3.7761425582942305,-2.8861422149714766,-3.7561421005305586,-2.816142520147258,-1.3216498954029805,-1.0101497752400168,-1.3146497351856954,-0.9856498820515401,1.050903505340942,1.1252435206275206,1.0668335246320608,1.2274835153918517,-1,1,-1,1,-13,13,-13,13,-13,13,-13,13
1783308237.6856427,35.0,0.0,0.0,35.0,0.0,0,10.283857861322469,10.283857861322469,10.283857861322469,10.283857861322469,13.6899995803833,13.520000457763672,13.899999618530273,13.020000457763672,-3.406141719060832,-3.236142596441203,-3.6161417572078047,-2.736142596441203,-1.1921496016712911,-1.132649908754421,-1.2656496150227317,-0.957649908754421,1.0202482298693945,1.0961182372595497,1.0342882488171905,1.202858232023881,-1,1,-1,1,-13,13,-13,13,-13,13,-13,13
1783308237.7056649,35.0,0.0,0.0,35.0,0.0,0,10.283857861322469,10.283857861322469,10.283857861322469,10.283857861322469,13.6899995803833,13.520000457763672,13.899999618530273,13.020000457763672,-3.406141719060832,-3.236142596441203,-3.6161417572078047,-2.736142596441203,-1.1921496016712911,-1.132649908754421,-1.2656496150227317,-0.957649908754421,0.989592954397847,1.0669929538915788,1.0017429730023202,1.1782329486559102,-1,1,-1,1,-13,13,-13,13,-13,13,-13,13
1783308237.7256985,35.0,0.0,0.0,35.0,0.0,0,10.283857861322469,10.283857861322469,10.283857861322469,10.283857861322469,13.6899995803833,13.520000457763672,13.899999618530273,13.020000457763672,-3.406141719060832,-3.236142596441203,-3.6161417572078047,-2.736142596441203,-1.1921496016712911,-1.132649908754421,-1.2656496150227317,-0.957649908754421,0.9589376789262996,1.0378676705236078,0.96919769718745,1.1536076652879395,-1,1,-1,1,-13,13,-13,13,-13,13,-13,13
1783308237.7457552,35.0,0.0,0.0,35.0,0.0,0,10.283857861322469,10.283857861322469,10.283857861322469,10.283857861322469,13.65999984741211,13.539999961853027,13.8100004196167,12.960000038146973,-3.3761419860896407,-3.2561421005305586,-3.5261425582942305,-2.676142176824504,-1.1816496951313742,-1.1396497351856953,-1.2341498954029806,-0.9366497618885763,0.9285524010514927,1.0085623916188329,0.9374624141628018,1.1295223856965189,-1,1,-1,1,-13,13,-13,13,-13,13,-13,13
1783308237.7656944,35.0,0.0,0.0,35.0,0.0,0,10.283857861322469,10.283857861322469,10.283857861322469,10.283857861322469,13.65999984741211,13.539999961853027,13.8100004196167,12.960000038146973,-3.3761419860896407,-3.2561421005305586,-3.5261425582942305,-2.676142176824504,-1.1816496951313742,-1.1396497351856953,-1.2341498954029806,-0.9366497618885763,0.8981671231766859,0.9792571127140578,0.9057271311381537,1.1054371061050983,-1,1,-1,1,-13,13,-13,13,-13,13,-13,13
1783308237.7856553,35.0,0.0,0.0,35.0,0.0,0,10.283857861322469,10.283857861322469,10.283857861322469,10.283857861322469,13.640000343322754,13.329999923706055,13.739999771118164,12.920000076293945,-3.356142482000285,-3.046142062383586,-3.4561419097956954,-2.6361422149714766,-1.1746498687000997,-1.066149721834255,-1.2096496684284932,-0.9226497752400168,0.8679618408386833,0.9518418341526055,0.8746218539499925,1.0817118261703549,-1,1,-1,1,-13,13,-13,13,-13,13,-13,13
1783308237.8055894,35.0,0.0,0.0,35.0,0.0,0,10.283857861322469,10.283857861322469,10.283857861322469,10.283857861322469,13.640000343322754,13.329999923706055,13.739999771118164,12.920000076293945,-3.356142482000285,-3.046142062383586,-3.4561419097956954,-2.6361422149714766,-1.1746498687000997,-1.066149721834255,-1.2096496684284932,-0.9226497752400168,0.8377565585006808,0.9244265555911532,0.8435165767618312,1.0579865462356115,-1,1,-1,1,-13,13,-13,13,-13,13,-13,13
1783308237.825602,35.0,0.0,0.0,35.0,0.0,0,10.283857861322469,10.283857861322469,10.283857861322469,10.283857861322469,13.640000343322754,13.329999923706055,13.739999771118164,12.920000076293945,-3.356142482000285,-3.046142062383586,-3.4561419097956954,-2.6361422149714766,-1.1746498687000997,-1.066149721834255,-1.2096496684284932,-0.9226497752400168,0.8075512761626782,0.8970112770297008,0.81241129957367,1.0342612663008681,-1,1,-1,1,-13,13,-13,13,-13,13,-13,13
1783308237.8456888,35.0,0.0,0.0,35.0,0.0,0,10.283857861322469,10.283857861322469,10.283857861322469,10.283857861322469,13.390000343322754,13.180000305175781,13.470000267028809,12.899999618530273,-3.106142482000285,-2.8961424438533125,-3.18614240570634,-2.6161417572078047,-1.0871498687000998,-1.0136498553486593,-1.1151498419972188,-0.9156496150227316,0.7795959938246756,0.870945995035021,0.783736017922313,1.010715990485998,-1,1,-1,1,-13,13,-13,13,-13,13,-13,13
1783308237.8656855,35.0,0.0,0.0,35.0,0.0,0,10.283857861322469,10.283857861322469,10.283857861322469,10.283857861322469,13.390000343322754,13.180000305175781,13.470000267028809,12.899999618530273,-3.106142482000285,-2.8961424438533125,-3.18614240570634,-2.6161417572078047,-1.0871498687000998,-1.0136498553486593,-1.1151498419972188,-0.9156496150227316,0.751640711486673,0.8448807130403412,0.7550607362709559,0.9871707146711277,-1,1,-1,1,-13,13,-13,13,-13,13,-13,13
1783308237.8855999,35.0,0.0,0.0,35.0,0.0,0,10.283857861322469,10.283857861322469,10.283857861322469,10.283857861322469,13.449999809265137,13.069999694824219,13.5,12.420000076293945,-3.166141947942668,-2.78614183350175,-3.2161421386775313,-2.1361422149714766,-1.1081496817799337,-0.9751496417256125,-1.125649748537136,-0.7476497752400167,0.7231454339551889,0.8198054365388254,0.7261154570228582,0.9679454347363844,-1,1,-1,1,-13,13,-13,13,-13,13,-13,13
1783308237.9056885,35.0,0.0,0.0,35.0,0.0,0,10.283857861322469,10.283857861322469,10.283857861322469,10.283857861322469,13.449999809265137,13.069999694824219,13.5,12.420000076293945,-3.166141947942668,-2.78614183350175,-3.2161421386775313,-2.1361422149714766,-1.1081496817799337,-0.9751496417256125,-1.125649748537136,-0.7476497752400167,0.6946501564237049,0.7947301600373097,0.6971701777747604,0.9487201548016411,-1,1,-1,1,-13,13,-13,13,-13,13,-13,13
1783308237.9256346,35.0,0.0,0.0,35.0,0.0,0,10.283857861322469,10.283857861322469,10.283857861322469,10.283857861322469,13.449999809265137,13.069999694824219,13.5,12.420000076293945,-3.166141947942668,-2.78614183350175,-3.2161421386775313,-2.1361422149714766,-1.1081496817799337,-0.9751496417256125,-1.125649748537136,-0.7476497752400167,0.6661548788922208,0.7696548835357939,0.6682248985266627,0.9294948748668977,-1,1,-1,1,-13,13,-13,13,-13,13,-13,13
1783308237.945614,35.0,0.0,0.0,35.0,0.0,0,10.283857861322469,10.283857861322469,10.283857861322469,10.283857861322469,13.260000228881836,12.770000457763672,13.529999732971191,12.319999694824219,-2.9761423675593672,-2.486142596441203,-3.2461418716487227,-2.03614183350175,-1.0416498286457785,-0.8701499087544211,-1.136149655077053,-0.7126496417256125,0.6393695975841865,0.7472796001678231,0.6390096216818242,0.911169598365382,-1,1,-1,1,-13,13,-13,13,-13,13,-13,13
1783308237.9655893,35.0,0.0,0.0,35.0,0.0,0,10.283857861322469,10.283857861322469,10.283857861322469,10.283857861322469,13.260000228881836,12.770000457763672,13.529999732971191,12.319999694824219,-2.9761423675593672,-2.486142596441203,-3.2461418716487227,-2.03614183350175,-1.0416498286457785,-0.8701499087544211,-1.136149655077053,-0.7126496417256125,0.6125843162761523,0.7249043167998523,0.6097943448369857,0.8928443218638663,-1,1,-1,1,-13,13,-13,13,-13,13,-12,13
1783308237.985779,35.0,0.0,0.0,35.0,0.0,0,10.283857861322469,10.283857861322469,10.283857861322469,10.283857861322469,12.90999984741211,12.789999961853027,13.09000015258789,12.470000267028809,-2.6261419860896407,-2.5061421005305586,-2.806142291265422,-2.18614240570634,-0.9191496951313741,-0.8771497351856955,-0.9821498019428976,-0.7651498419972189,0.5889490384013455,0.7023490378950773,0.5845390642155969,0.8731690402125093,-1,1,-1,1,-13,13,-13,13,-13,13,-13,13
1783308238.0055885,35.0,0.0,0.0,35.0,0.0,0,10.283857861322469,10.283857861322469,10.283857861322469,10.283857861322469,12.90999984741211,12.789999961853027,13.09000015258789,12.470000267028809,-2.6261419860896407,-2.5061421005305586,-2.806142291265422,-2.18614240570634,-0.9191496951313741,-0.8771497351856955,-0.9821498019428976,-0.7651498419972189,0.5653137605265387,0.6797937589903023,0.559283783594208,0.8534937585611523,-1,1,-1,1,-13,13,-13,13,-13,13,-13,13
1783308238.0256658,35.0,0.0,0.0,35.0,0.0,0,10.283857861322469,10.283857861322469,10.283857861322469,10.283857861322469,12.90999984741211,12.789999961853027,13.09000015258789,12.470000267028809,-2.6261419860896407,-2.5061421005305586,-2.806142291265422,-2.18614240570634,-0.9191496951313741,-0.8771497351856955,-0.9821498019428976,-0.7651498419972189,0.5416784826517319,0.6572384800855272,0.5340285029728192,0.8338184769097953,-1,1,-1,1,-13,13,-13,13,-13,13,-13,13
1783308238.045624,35.0,0.0,0.0,35.0,0.0,0,10.283857861322469,10.283857861322469,10.283857861322469,10.283857861322469,12.880000114440918,12.350000381469727,12.789999961853027,11.899999618530273,-2.5961422531184493,-2.066142520147258,-2.5061421005305586,-1.6161417572078047,-0.9086497885914572,-0.7231498820515402,-0.8771497351856955,-0.5656496150227316,0.5183132023736658,0.638643197404202,0.5114732240680442,0.8192732010949251,-1,1,-1,1,-13,13,-13,13,-13,13,-13,13
1783308238.0657208,35.0,0.0,0.0,35.0,0.0,0,10.283857861322469,10.283857861322469,10.283857861322469,10.283857861322469,12.880000114440918,12.350000381469727,12.789999961853027,11.899999618530273,-2.5961422531184493,-2.066142520147258,-2.5061421005305586,-1.6161417572078047,-0.9086497885914572,-0.7231498820515402,-0.8771497351856955,-0.5656496150227316,0.4949479220955998,0.6200479147228766,0.48891794516326914,0.8047279252800549,-1,1,-1,1,-13,13,-13,13,-13,13,-13,13
1783308238.0857415,35.0,0.0,0.0,35.0,0.0,0,10.283857861322469,10.283857861322469,10.283857861322469,10.283857861322469,12.420000076293945,11.8100004196167,12.569999694824219,11.5,-2.1361422149714766,-1.5261425582942305,-2.28614183350175,-1.2161421386775313,-0.7476497752400167,-0.5341498954029806,-0.8001496417256124,-0.42564974853713594,0.4757226421608565,0.6063126316982285,0.4683426686617534,0.7937826460319571,-1,1,-1,1,-13,13,-13,13,-13,13,-13,13
1783308238.105643,35.0,0.0,0.0,35.0,0.0,0,10.283857861322469,10.283857861322469,10.283857861322469,10.283857861322469,12.420000076293945,11.8100004196167,12.569999694824219,11.5,-2.1361422149714766,-1.5261425582942305,-2.28614183350175,-1.2161421386775313,-0.7476497752400167,-0.5341498954029806,-0.8001496417256124,-0.42564974853713594,0.45649736222611326,0.5925773486735804,0.44776739216023764,0.7828373667838594,-1,1,-1,1,-13,13,-13,13,-13,13,-13,13
1783308238.126025,35.0,0.0,0.0,35.0,0.0,0,10.283857861322469,10.283857861322469,10.283857861322469,10.283857861322469,12.420000076293945,11.8100004196167,12.569999694824219,11.5,-2.1361422149714766,-1.5261425582942305,-2.28614183350175,-1.2161421386775313,-0.7476497752400167,-0.5341498954029806,-0.8001496417256124,-0.42564974853713594,0.43727208229137,0.5788420656489323,0.4271921156587219,0.7718920875357617,-1,1,-1,1,-13,13,-13,13,-13,13,-13,13
1783308238.1457748,35.0,0.0,0.0,35.0,0.0,0,10.283857861322469,10.283857861322469,10.283857861322469,10.283857861322469,12.09000015258789,12.119999885559082,12.420000076293945,11.449999809265137,-1.806142291265422,-1.8361420242366133,-2.1361422149714766,-1.166141947942668,-0.6321498019428976,-0.6426497084828147,-0.7476497752400167,-0.40814968177993377,0.4210168016699812,0.5623167874308027,0.4079668357239786,0.7613968100042776,-1,1,-1,1,-13,13,-13,13,-13,13,-13,13
1783308238.165704,35.0,0.0,0.0,35.0,0.0,0,10.283857861322469,10.283857861322469,10.283857861322469,10.283857861322469,12.09000015258789,12.119999885559082,12.420000076293945,11.449999809265137,-1.806142291265422,-1.8361420242366133,-2.1361422149714766,-1.166141947942668,-0.6321498019428976,-0.6426497084828147,-0.7476497752400167,-0.40814968177993377,0.40476152104859237,0.5457915092126732,0.38874155578923536,0.7509015324727936,-1,1,-1,1,-13,13,-13,13,-13,13,-13,13
1783308238.1856902,35.0,0.0,0.0,35.0,0.0,0,10.283857861322469,10.283857861322469,10.283857861322469,10.283857861322469,11.859999656677246,12.109999656677246,12.09000015258789,11.640000343322754,-1.5761417953547774,-1.8261417953547774,-1.806142291265422,-1.3561424820002852,-0.5516496283741721,-0.639149628374172,-0.6321498019428976,-0.4746498687000998,0.3905762448903994,0.5293562330544802,0.37248627516784655,0.738696250134791,-1,1,-1,1,-13,13,-13,13,-13,13,-13,13
1783308238.2056756,35.0,0.0,0.0,35.0,0.0,0,10.283857861322469,10.283857861322469,10.283857861322469,10.283857861322469,11.859999656677246,12.109999656677246,12.09000015258789,11.640000343322754,-1.5761417953547774,-1.8261417953547774,-1.806142291265422,-1.3561424820002852,-0.5516496283741721,-0.639149628374172,-0.6321498019428976,-0.4746498687000998,0.3763909687322064,0.5129209568962873,0.35623099454645774,0.7264909677967885,-1,1,-1,1,-13,13,-13,13,-13,13,-13,13
1783308238.2256968,35.0,0.0,0.0,35.0,0.0,0,10.283857861322469,10.283857861322469,10.283857861322469,10.283857861322469,11.859999656677246,12.109999656677246,12.09000015258789,11.640000343322754,-1.5761417953547774,-1.8261417953547774,-1.806142291265422,-1.3561424820002852,-0.5516496283741721,-0.639149628374172,-0.6321498019428976,-0.4746498687000998,0.3622056925740134,0.49648568073809424,0.3399757139250689,0.7142856854587859,-1,1,-1,1,-13,13,-13,13,-13,13,-13,13
1783308238.2457848,35.0,0.0,0.0,35.0,0.0,0,10.283857861322469,10.283857861322469,10.283857861322469,10.283857861322469,11.920000076293945,12.100000381469727,12.09000015258789,11.539999961853027,-1.6361422149714766,-1.8161425201472579,-1.806142291265422,-1.2561421005305586,-0.5726497752400168,-0.6356498820515402,-0.6321498019428976,-0.4396497351856955,0.3474804126392701,0.4801403980567689,0.3237204333036801,0.7029804065540108,-1,1,-1,1,-13,13,-13,13,-13,13,-13,13
1783308238.2656555,35.0,0.0,0.0,35.0,0.0,0,10.283857861322469,10.283857861322469,10.283857861322469,10.283857861322469,11.920000076293945,12.100000381469727,12.09000015258789,11.539999961853027,-1.6361422149714766,-1.8161425201472579,-1.806142291265422,-1.2561421005305586,-0.5726497752400168,-0.6356498820515402,-0.6321498019428976,-0.4396497351856955,0.33275513270452683,0.46379511537544355,0.3074651526822913,0.6916751276492358,-1,1,-1,1,-13,13,-13,13,-13,13,-13,13
1783308238.285791,35.0,0.0,0.0,35.0,0.0,0,10.283857861322469,10.283857861322469,10.283857861322469,10.283857861322469,11.970000267028809,12.319999694824219,12.079999923706055,11.930000305175781,-1.6861424057063399,-2.03614183350175,-1.796142062383586,-1.6461424438533125,-0.5901498419972189,-0.7126496417256125,-0.628649721834255,-0.5761498553486594,0.31757985105316977,0.44546983887392777,0.291299874120839,0.6768598456545559,-1,1,-1,1,-13,13,-13,13,-13,13,-13,13
1783308238.3057597,35.0,0.0,0.0,35.0,0.0,0,10.283857861322469,10.283857861322469,10.283857861322469,10.283857861322469,11.970000267028809,12.319999694824219,12.079999923706055,11.930000305175781,-1.6861424057063399,-2.03614183350175,-1.796142062383586,-1.6461424438533125,-0.5901498419972189,-0.7126496417256125,-0.628649721834255,-0.5761498553486594,0.3024045694018127,0.427144562372412,0.27513459555938674,0.6620445636598761,-1,1,-1,1,-13,13,-13,13,-13,13,-13,13
1783308238.3257413,35.0,0.0,0.0,35.0,0.0,0,10.283857861322469,10.283857861322469,10.283857861322469,10.283857861322469,11.970000267028809,12.319999694824219,12.079999923706055,11.930000305175781,-1.6861424057063399,-2.03614183350175,-1.796142062383586,-1.6461424438533125,-0.5901498419972189,-0.7126496417256125,-0.628649721834255,-0.5761498553486594,0.28722928775045564,0.4088192858708962,0.25896931699793446,0.6472292816651962,-1,1,-1,1,-13,13,-13,13,-13,13,-13,13
1783308238.345579,35.0,0.0,0.0,35.0,0.0,0,10.283857861322469,10.283857861322469,10.283857861322469,10.283857861322469,11.770000457763672,12.020000457763672,11.859999656677246,12.199999809265137,-1.4861425964412032,-1.7361425964412032,-1.5761417953547774,-1.916141947942668,-0.5201499087544211,-0.607649908754421,-0.5516496283741721,-0.6706496817799338,0.2738540043824848,0.3931940025029254,0.24478404083974148,0.6299840041337122,-1,1,-1,1,-13,13,-13,13,-13,13,-13,13
1783308238.3656995,35.0,0.0,0.0,35.0,0.0,0,10.283857861322469,10.283857861322469,10.283857861322469,10.283857861322469,11.770000457763672,12.020000457763672,11.859999656677246,12.199999809265137,-1.4861425964412032,-1.7361425964412032,-1.5761417953547774,-1.916141947942668,-0.5201499087544211,-0.607649908754421,-0.5516496283741721,-0.6706496817799338,0.26047872101451397,0.3775687191349546,0.2305987646815485,0.6127387266022283,-1,1,-1,1,-13,13,-13,13,-13,13,-13,13
1783308238.38569,35.0,0.0,0.0,35.0,0.0,0,10.283857861322469,10.283857861322469,10.283857861322469,10.283857861322469,12.319999694824219,12.260000228881836,12.149999618530273,11.9399995803833,-2.03614183350175,-1.9761423675593672,-1.8661417572078047,-1.656141719060832,-0.7126496417256125,-0.6916498286457785,-0.6531496150227316,-0.5796496016712912,0.24215344451299822,0.3597834378269203,0.21380348886667824,0.5978334511306808,-1,1,-1,1,-13,13,-13,13,-13,13,-13,13
1783308238.4056125,35.0,0.0,0.0,35.0,0.0,0,10.283857861322469,10.283857861322469,10.283857861322469,10.283857861322469,12.319999694824219,12.260000228881836,12.149999618530273,11.9399995803833,-2.03614183350175,-1.9761423675593672,-1.8661417572078047,-1.656141719060832,-0.7126496417256125,-0.6916498286457785,-0.6531496150227316,-0.5796496016712912,0.22382816801148248,0.341998156518886,0.197008213051808,0.5829281756591332,-1,1,-1,1,-13,13,-13,13,-13,13,-13,13
1783308238.4256632,35.0,0.0,0.0,35.0,0.0,0,10.283857861322469,10.283857861322469,10.283857861322469,10.283857861322469,12.319999694824219,12.260000228881836,12.149999618530273,11.9399995803833,-2.03614183350175,-1.9761423675593672,-1.8661417572078047,-1.656141719060832,-0.7126496417256125,-0.6916498286457785,-0.6531496150227316,-0.5796496016712912,0.20550289150996673,0.3242128752108517,0.18021293723693774,0.5680229001875857,-1,1,-1,1,-13,13,-13,13,-12,13,-13,13
1783308238.445714,35.0,0.0,0.0,35.0,0.0,0,10.283857861322469,10.283857861322469,10.283857861322469,10.283857861322469,12.239999771118164,12.210000038146973,12.130000114440918,12.199999809265137,-1.9561419097956954,-1.926142176824504,-1.8461422531184493,-1.916141947942668,-0.6846496684284933,-0.6741497618885763,-0.6461497885914572,-0.6706496817799338,0.18789761432180546,0.3068775956194311,0.16359765695887168,0.5507776226561018,-1,1,-1,1,-13,13,-13,13,-13,13,-13,13
1783308238.4656267,35.0,0.0,0.0,35.0,0.0,0,10.283857861322469,10.283857861322469,10.283857861322469,10.283857861322469,12.239999771118164,12.210000038146973,12.130000114440918,12.199999809265137,-1.9561419097956954,-1.926142176824504,-1.8461422531184493,-1.916141947942668,-0.6846496684284933,-0.6741497618885763,-0.6461497885914572,-0.6706496817799338,0.1702923371336442,0.28954231602801056,0.14698237668080563,0.5335323451246178,-1,1,-1,1,-13,13,-13,13,-12,13,-13,13
1783308238.4857712,35.0,0.0,0.0,35.0,0.0,0,10.283857861322469,10.283857861322469,10.283857861322469,10.283857861322469,12.1899995803833,11.9399995803833,11.880000114440918,11.710000038146973,-1.906141719060832,-1.656141719060832,-1.5961422531184493,-1.426142176824504,-0.6671496016712912,-0.5796496016712912,-0.5586497885914572,-0.49914976188857635,0.1531370616620967,0.2746370405564631,0.13261709640273958,0.5206970655331973,-1,1,-1,1,-13,13,-13,13,-12,13,-13,13
1783308238.5057132,35.0,0.0,0.0,35.0,0.0,0,10.283857861322469,10.283857861322469,10.283857861322469,10.283857861322469,12.1899995803833,11.9399995803833,11.880000114440918,11.710000038146973,-1.906141719060832,-1.656141719060832,-1.5961422531184493,-1.426142176824504,-0.6671496016712912,-0.5796496016712912,-0.5586497885914572,-0.49914976188857635,0.1359817861905492,0.2597317650849156,0.11825181612467353,0.5078617859417768,-1,1,-1,1,-13,13,-13,13,-12,13,-13,13
1783308238.5256433,35.0,0.0,0.0,35.0,0.0,0,10.283857861322469,10.283857861322469,10.283857861322469,10.283857861322469,12.1899995803833,11.9399995803833,11.880000114440918,11.710000038146973,-1.906141719060832,-1.656141719060832,-1.5961422531184493,-1.426142176824504,-0.6671496016712912,-0.5796496016712912,-0.5586497885914572,-0.49914976188857635,0.11882651071900172,0.2448264896133681,0.10388653584660748,0.4950265063503562,-1,1,-1,1,-13,13,-13,13,-12,13,-13,13
1783308238.5456064,35.0,0.0,0.0,35.0,0.0,0,10.283857861322469,10.283857861322469,10.283857861322469,10.283857861322469,12.609999656677246,11.75,12.390000343322754,11.819999694824219,-2.3261417953547774,-1.4661421386775313,-2.106142482000285,-1.53614183350175,-0.814149628374172,-0.5131497485371359,-0.7371498687000998,-0.5376496417256125,0.09789123456080871,0.2316312103652703,0.08493125350860492,0.48120122984884045,-1,1,-1,1,-13,13,-13,13,-12,13,-12,13
1783308238.5656033,35.0,0.0,0.0,35.0,0.0,0,10.283857861322469,10.283857861322469,10.283857861322469,10.283857861322469,12.609999656677246,11.75,12.390000343322754,11.819999694824219,-2.3261417953547774,-1.4661421386775313,-2.106142482000285,-1.53614183350175,-0.814149628374172,-0.5131497485371359,-0.7371498687000998,-0.5376496417256125,0.07695595840261571,0.21843593111717252,0.06597597117060236,0.4673759533473247,-1,1,-1,1,-13,13,-13,13,-12,13,-12,13
1783308238.5857844,35.0,0.0,0.0,35.0,0.0,0,10.283857861322469,10.283857861322469,10.283857861322469,10.283857861322469,12.449999809265137,11.850000381469727,12.529999732971191,11.670000076293945,-2.166141947942668,-1.5661425201472579,-2.2461418716487227,-1.3861422149714766,-0.7581496817799338,-0.5481498820515402,-0.7861496550770529,-0.4851497752400168,0.057460680871131695,0.2043406484358472,0.04576069432576385,0.4549006734125814,-1,1,-1,1,-13,13,-13,13,-12,13,-12,13
1783308238.6057062,35.0,0.0,0.0,35.0,0.0,0,10.283857861322469,10.283857861322469,10.283857861322469,10.283857861322469,12.449999809265137,11.850000381469727,12.529999732971191,11.670000076293945,-2.166141947942668,-1.5661425201472579,-2.2461418716487227,-1.3861422149714766,-0.7581496817799338,-0.5481498820515402,-0.7861496550770529,-0.4851497752400168,0.03796540333964768,0.1902453657545219,0.025545417480925346,0.4424253934778381,-1,1,-1,1,-13,13,-13,13,-12,13,-12,13
1783308238.6257422,35.0,0.0,0.0,35.0,0.0,0,10.283857861322469,10.283857861322469,10.283857861322469,10.283857861322469,12.449999809265137,11.850000381469727,12.529999732971191,11.670000076293945,-2.166141947942668,-1.5661425201472579,-2.2461418716487227,-1.3861422149714766,-0.7581496817799338,-0.5481498820515402,-0.7861496550770529,-0.4851497752400168,0.01847012580816367,0.17615008307319657,0.00533014063608684,0.4299501135430948,-1,1,-1,1,-13,13,-13,13,-12,13,-12,13
1783308238.6458461,35.0,0.0,0.0,35.0,0.0,0,10.283857861322469,10.283857861322469,10.283857861322469,10.283857861322469,12.34000015258789,11.920000076293945,12.15999984741211,11.569999694824219,-2.056142291265422,-1.6361422149714766,-1.8761419860896407,-1.28614183350175,-0.7196498019428976,-0.5726497752400168,-0.6566496951313742,-0.4501496417256125,-3.5154813225128645e-05,0.16142480313845328,-0.011555137238719926,0.4183748370415791,-1,1,-1,1,-13,13,-13,13,-12,13,-12,13
1783308238.6656945,35.0,0.0,0.0,35.0,0.0,0,10.283857861322469,10.283857861322469,10.283857861322469,10.283857861322469,12.34000015258789,11.920000076293945,12.15999984741211,11.569999694824219,-2.056142291265422,-1.6361422149714766,-1.8761419860896407,-1.28614183350175,-0.7196498019428976,-0.5726497752400168,-0.6566496951313742,-0.4501496417256125,-0.018540435434613926,0.14669952320371,-0.02844041511352669,0.40679956054006333,-1,1,-1,1,-13,13,-13,13,-12,13,-12,13
1783308238.6856914,35.0,0.0,0.0,35.0,0.0,0,10.283857861322469,10.283857861322469,10.283857861322469,10.283857861322469,12.260000228881836,11.739999771118164,12.59000015258789,11.720000267028809,-1.9761423675593672,-1.4561419097956954,-2.306142291265422,-1.4361424057063399,-0.6916498286457785,-0.5096496684284934,-0.8071498019428976,-0.502649841997219,-0.03632571674264823,0.13359424601554873,-0.04919569573491549,0.3938742788887063,-1,1,-1,1,-13,13,-13,13,-12,13,-12,13
1783308238.7057195,35.0,0.0,0.0,35.0,0.0,0,10.283857861322469,10.283857861322469,10.283857861322469,10.283857861322469,12.260000228881836,11.739999771118164,12.59000015258789,11.720000267028809,-1.9761423675593672,-1.4561419097956954,-2.306142291265422,-1.4361424057063399,-0.6916498286457785,-0.5096496684284934,-0.8071498019428976,-0.502649841997219,-0.054110998050682535,0.12048896882738747,-0.06995097635630429,0.38094899723734926,-1,1,-1,1,-13,13,-13,13,-12,13,-12,13
1783308238.7257378,35.0,0.0,0.0,35.0,0.0,0,10.283857861322469,10.283857861322469,10.283857861322469,10.283857861322469,12.260000228881836,11.739999771118164,12.59000015258789,11.720000267028809,-1.9761423675593672,-1.4561419097956954,-2.306142291265422,-1.4361424057063399,-0.6916498286457785,-0.5096496684284934,-0.8071498019428976,-0.502649841997219,-0.07189627935871684,0.1073836916392262,-0.09070625697769308,0.36802371558599223,-1,1,-1,1,-13,13,-13,13,-12,13,-12,13
1783308238.7456768,35.0,0.0,0.0,35.0,0.0,0,10.283857861322469,10.283857861322469,10.283857861322469,10.283857861322469,11.75,11.609999656677246,12.210000038146973,11.600000381469727,-1.4661421386775313,-1.3261417953547774,-1.926142176824504,-1.3161425201472579,-0.5131497485371359,-0.46414962837417206,-0.6741497618885763,-0.4606498820515402,-0.08509155860681462,0.09544841548103321,-0.10804153656911361,0.3561784329046669,-1,1,-1,1,-13,13,-13,13,-12,13,-12,13
1783308238.7656028,35.0,0.0,0.0,35.0,0.0,0,10.283857861322469,10.283857861322469,10.283857861322469,10.283857861322469,11.75,11.609999656677246,12.210000038146973,11.600000381469727,-1.4661421386775313,-1.3261417953547774,-1.926142176824504,-1.3161425201472579,-0.5131497485371359,-0.46414962837417206,-0.6741497618885763,-0.4606498820515402,-0.0982868378549124,0.08351313932284021,-0.12537681616053414,0.34433315022334154,-1,1,-1,1,-13,13,-13,13,-12,13,-12,13
1783308238.7856653,35.0,0.0,0.0,35.0,0.0,0,10.283857861322469,10.283857861322469,10.283857861322469,10.283857861322469,11.850000381469727,11.529999732971191,11.720000267028809,11.520000457763672,-1.5661425201472579,-1.2461418716487227,-1.4361424057063399,-1.2361425964412032,-0.5481498820515402,-0.43614965507705294,-0.502649841997219,-0.4326499087544211,-0.11238212053623772,0.07229786247800171,-0.1383020978118912,0.33320786685537074,-1,1,-1,1,-13,13,-13,13,-12,13,-12,13
1783308238.8057492,35.0,0.0,0.0,35.0,0.0,0,10.283857861322469,10.283857861322469,10.283857861322469,10.283857861322469,11.850000381469727,11.529999732971191,11.720000267028809,11.520000457763672,-1.5661425201472579,-1.2461418716487227,-1.4361424057063399,-1.2361425964412032,-0.5481498820515402,-0.43614965507705294,-0.502649841997219,-0.4326499087544211,-0.12647740321756304,0.06108258563316321,-0.15122737946324827,0.32208258348739993,-1,1,-1,1,-13,13,-13,13,-12,13,-12,13
1783308238.8257852,35.0,0.0,0.0,35.0,0.0,0,10.283857861322469,10.283857861322469,10.283857861322469,10.283857861322469,11.850000381469727,11.529999732971191,11.720000267028809,11.520000457763672,-1.5661425201472579,-1.2461418716487227,-1.4361424057063399,-1.2361425964412032,-0.5481498820515402,-0.43614965507705294,-0.502649841997219,-0.4326499087544211,-0.14057268589888836,0.04986730878832471,-0.16415266111460533,0.3109573001194291,-1,1,-1,1,-13,13,-13,13,-12,13,-12,13
1783308238.845644,35.0,0.0,0.0,35.0,0.0,0,10.283857861322469,10.283857861322469,10.283857861322469,10.283857861322469,11.6899995803833,11.239999771118164,11.819999694824219,11.460000038146973,-1.406141719060832,-0.9561419097956954,-1.53614183350175,-1.176142176824504,-0.4921496016712912,-0.33464966842849336,-0.5376496417256125,-0.4116497618885764,-0.15322796137043584,0.04126203160016345,-0.17797793761612107,0.3003720205280086,-1,1,-1,1,-13,13,-13,13,-12,13,-12,13
1783308238.8656821,35.0,0.0,0.0,35.0,0.0,0,10.283857861322469,10.283857861322469,10.283857861322469,10.283857861322469,11.6899995803833,11.239999771118164,11.819999694824219,11.460000038146973,-1.406141719060832,-0.9561419097956954,-1.53614183350175,-1.176142176824504,-0.4921496016712912,-0.33464966842849336,-0.5376496417256125,-0.4116497618885764,-0.16588323684198333,0.03265675441200219,-0.19180321411763682,0.28978674093658807,-1,1,-1,1,-13,13,-13,13,-12,13,-12,13
1783308238.8857908,35.0,0.0,0.0,35.0,0.0,0,10.283857861322469,10.283857861322469,10.283857861322469,10.283857861322469,11.8100004196167,11.260000228881836,11.899999618530273,10.960000038146973,-1.5261425582942305,-0.9761423675593672,-1.6161417572078047,-0.676142176824504,-0.5341498954029806,-0.34164982864577853,-0.5656496150227316,-0.23664976188857637,-0.1796185198666314,0.023871473103967887,-0.20634848993250707,0.28370146134516755,-1,1,-1,1,-13,13,-13,13,-12,13,-12,13
1783308238.9057033,35.0,0.0,0.0,35.0,0.0,0,10.283857861322469,10.283857861322469,10.283857861322469,10.283857861322469,11.8100004196167,11.260000228881836,11.899999618530273,10.960000038146973,-1.5261425582942305,-0.9761423675593672,-1.6161417572078047,-0.676142176824504,-0.5341498954029806,-0.34164982864577853,-0.5656496150227316,-0.23664976188857637,-0.19335380289127949,0.015086191795933582,-0.22089376574737732,0.277616181753747,-1,1,-1,1,-13,13,-13,13,-12,13,-12,13
1783308238.9256642,35.0,0.0,0.0,35.0,0.0,0,10.283857861322469,10.283857861322469,10.283857861322469,10.283857861322469,11.8100004196167,11.260000228881836,11.899999618530273,10.960000038146973,-1.5261425582942305,-0.9761423675593672,-1.6161417572078047,-0.676142176824504,-0.5341498954029806,-0.34164982864577853,-0.5656496150227316,-0.23664976188857637,-0.20708908591592756,0.006300910487899276,-0.23543904156224757,0.2715309021623265,-1,1,-1,1,-13,13,-13,13,-12,13,-12,13
1783308238.9456036,35.0,0.0,0.0,35.0,0.0,0,10.283857861322469,10.283857861322469,10.283857861322469,10.283857861322469,11.430000305175781,11.510000228881836,11.5,11.069999694824219,-1.1461424438533125,-1.2261423675593672,-1.2161421386775313,-0.78614183350175,-0.4011498553486594,-0.4291498286457785,-0.42564974853713594,-0.2751496417256125,-0.21740436791060738,-0.004734370820135029,-0.24638432081034534,0.26445562566081077,-1,1,-1,1,-13,13,-13,13,-12,13,-12,13
1783308238.9656725,35.0,0.0,0.0,35.0,0.0,0,10.283857861322469,10.283857861322469,10.283857861322469,10.283857861322469,11.430000305175781,11.510000228881836,11.5,11.069999694824219,-1.1461424438533125,-1.2261423675593672,-1.2161421386775313,-0.78614183350175,-0.4011498553486594,-0.4291498286457785,-0.42564974853713594,-0.2751496417256125,-0.2277196499052872,-0.015769652128169335,-0.25732960005844313,0.25738034915929503,-1,1,-1,1,-13,13,-13,13,-12,13,-12,13
1783308238.9856818,35.0,0.0,0.0,35.0,0.0,0,10.283857861322469,10.283857861322469,10.283857861322469,10.283857861322469,11.399999618530273,11.220000267028809,11.449999809265137,11.149999618530273,-1.1161417572078047,-0.9361424057063399,-1.166141947942668,-0.8661417572078047,-0.39064961502273166,-0.3276498419972189,-0.40814968177993377,-0.30314961502273163,-0.23776492572015745,-0.024194933779526397,-0.2678248775899271,0.24958507334442478,-1,1,-1,1,-13,13,-13,13,-12,13,-12,13
1783308239.0055997,35.0,0.0,0.0,35.0,0.0,0,10.283857861322469,10.283857861322469,10.283857861322469,10.283857861322469,11.399999618530273,11.220000267028809,11.449999809265137,11.149999618530273,-1.1161417572078047,-0.9361424057063399,-1.166141947942668,-0.8661417572078047,-0.39064961502273166,-0.3276498419972189,-0.40814968177993377,-0.30314961502273163,-0.2478102015350277,-0.032620215430883455,-0.2783201551214111,0.24178979752955454,-1,1,-1,1,-13,13,-13,13,-12,13,-12,13
1783308239.0256777,35.0,0.0,0.0,35.0,0.0,0,10.283857861322469,10.283857861322469,10.283857861322469,10.283857861322469,11.399999618530273,11.220000267028809,11.449999809265137,11.149999618530273,-1.1161417572078047,-0.9361424057063399,-1.166141947942668,-0.8661417572078047,-0.39064961502273166,-0.3276498419972189,-0.40814968177993377,-0.30314961502273163,-0.25785547734989794,-0.04104549708224051,-0.2888154326528951,0.2339945217146843,-1,1,-1,1,-13,13,-13,13,-12,13,-12,13
1783308239.0456114,35.0,0.0,0.0,35.0,0.0,0,10.283857861322469,10.283857861322469,10.283857861322469,10.283857861322469,11.600000381469727,11.25,11.630000114440918,10.75,-1.3161425201472579,-0.9661421386775313,-1.3461422531184493,-0.4661421386775313,-0.4606498820515402,-0.3381497485371359,-0.47114978859145723,-0.16314974853713593,-0.2697007600312233,-0.0497407763303383,-0.30093071293096113,0.2297992424665865,-1,1,-1,1,-13,13,-13,13,-12,13,-12,13
1783308239.0656934,35.0,0.0,0.0,35.0,0.0,0,10.283857861322469,10.283857861322469,10.283857861322469,10.283857861322469,11.600000381469727,11.25,11.630000114440918,10.75,-1.3161425201472579,-0.9661421386775313,-1.3461422531184493,-0.4661421386775313,-0.4606498820515402,-0.3381497485371359,-0.47114978859145723,-0.16314974853713593,-0.2815460427125486,-0.05843605557843608,-0.31304599320902715,0.22560396321848872,-1,1,-1,1,-13,13,-13,13,-12,13,-12,13
1783308239.085682,35.0,0.0,0.0,35.0,0.0,0,10.283857861322469,10.283857861322469,10.283857861322469,10.283857861322469,11.289999961853027,11.050000190734863,11.3100004196167,10.920000076293945,-1.0061421005305586,-0.7661423294123946,-1.0261425582942305,-0.6361422149714766,-0.3521497351856955,-0.26814981529433807,-0.35914989540298065,-0.2226497752400168,-0.29060132161732366,-0.06533133654314763,-0.32228127623367525,0.21987868328374544,-1,1,-1,1,-13,13,-13,13,-12,13,-12,13
1783308239.1057096,35.0,0.0,0.0,35.0,0.0,0,10.283857861322469,10.283857861322469,10.283857861322469,10.283857861322469,11.289999961853027,11.050000190734863,11.3100004196167,10.920000076293945,-1.0061421005305586,-0.7661423294123946,-1.0261425582942305,-0.6361422149714766,-0.3521497351856955,-0.26814981529433807,-0.35914989540298065,-0.2226497752400168,-0.2996566005220987,-0.07222661750785918,-0.33151655925832335,0.21415340334900215,-1,1,-1,1,-13,13,-13,13,-12,13,-12,13
1783308239.1257753,35.0,0.0,0.0,35.0,0.0,0,10.283857861322469,10.283857861322469,10.283857861322469,10.283857861322469,11.289999961853027,11.050000190734863,11.3100004196167,10.920000076293945,-1.0061421005305586,-0.7661423294123946,-1.0261425582942305,-0.6361422149714766,-0.3521497351856955,-0.26814981529433807,-0.35914989540298065,-0.2226497752400168,-0.3087118794268737,-0.07912189847257073,-0.34075184228297145,0.20842812341425887,-1,1,-1,1,-13,13,-13,13,-12,13,-12,13
1783308239.1456919,35.0,0.0,0.0,35.0,0.0,0,10.283857861322469,10.283857861322469,10.283857861322469,10.283857861322469,11.300000190734863,11.130000114440918,11.09000015258789,11.039999961853027,-1.0161423294123946,-0.8461422531184493,-0.8061422912654219,-0.7561421005305586,-0.3556498152943381,-0.29614978859145724,-0.2821498019428976,-0.2646497351856955,-0.3178571603915853,-0.08673717875063677,-0.34800712290436026,0.20162284450948384,-1,1,-1,1,-13,13,-13,13,-12,13,-12,13
1783308239.1657155,35.0,0.0,0.0,35.0,0.0,0,10.283857861322469,10.283857861322469,10.283857861322469,10.283857861322469,11.300000190734863,11.130000114440918,11.09000015258789,11.039999961853027,-1.0161423294123946,-0.8461422531184493,-0.8061422912654219,-0.7561421005305586,-0.3556498152943381,-0.29614978859145724,-0.2821498019428976,-0.2646497351856955,-0.32700244135629686,-0.09435245902870282,-0.35526240352574906,0.1948175656047088,-1,1,-1,1,-13,13,-13,13,-12,13,-12,13
1783308239.1856732,35.0,0.0,0.0,35.0,0.0,0,10.283857861322469,10.283857861322469,10.283857861322469,10.283857861322469,11.3100004196167,10.510000228881836,11.15999984741211,10.670000076293945,-1.0261425582942305,-0.22614236755936723,-0.8761419860896407,-0.3861422149714766,-0.35914989540298065,-0.07914982864577852,-0.3066496951313742,-0.1351497752400168,-0.33623772438094496,-0.09638774033673712,-0.3631476814005558,0.19134228566996553,-1,1,-1,1,-13,13,-13,13,-12,13,-12,13
1783308239.2056863,35.0,0.0,0.0,35.0,0.0,0,10.283857861322469,10.283857861322469,10.283857861322469,10.283857861322469,11.3100004196167,10.510000228881836,11.15999984741211,10.670000076293945,-1.0261425582942305,-0.22614236755936723,-0.8761419860896407,-0.3861422149714766,-0.35914989540298065,-0.07914982864577852,-0.3066496951313742,-0.1351497752400168,-0.34547300740559306,-0.09842302164477143,-0.37103295927536256,0.18786700573522225,-1,1,-1,1,-13,13,-13,13,-12,13,-12,13
1783308239.2256877,35.0,0.0,0.0,35.0,0.0,0,10.283857861322469,10.283857861322469,10.283857861322469,10.283857861322469,11.3100004196167,10.510000228881836,11.15999984741211,10.670000076293945,-1.0261425582942305,-0.22614236755936723,-0.8761419860896407,-0.3861422149714766,-0.35914989540298065,-0.07914982864577852,-0.3066496951313742,-0.1351497752400168,-0.35470829043024116,-0.10045830295280574,-0.3789182371501693,0.18439172580047897,-1,1,-1,1,-13,13,-13,13,-12,13,-12,13
1783308239.2456946,35.0,0.0,0.0,35.0,0.0,0,10.283857861322469,10.283857861322469,10.283857861322469,10.283857861322469,11.539999961853027,10.300000190734863,10.979999542236328,10.1899995803833,-1.2561421005305586,-0.016142329412394574,-0.6961416809138594,0.09385828093916793,-0.4396497351856955,-0.005649815294338101,-0.24364958831985079,0.03285039832870877,-0.36601356933501616,-0.10060358391751728,-0.38518351227839404,0.1852364503289315,-1,1,-1,1,-13,13,-13,13,-12,13,-12,13
1783308239.26567,35.0,0.0,0.0,35.0,0.0,0,10.283857861322469,10.283857861322469,10.283857861322469,10.283857861322469,11.539999961853027,10.300000190734863,10.979999542236328,10.1899995803833,-1.2561421005305586,-0.016142329412394574,-0.6961416809138594,0.09385828093916793,-0.4396497351856955,-0.005649815294338101,-0.24364958831985079,0.03285039832870877,-0.37731884823979117,-0.10074886488222883,-0.39144878740661876,0.186081174857384,-1,1,-1,1,-13,13,-13,13,-12,13,-12,13
1783308239.2857714,35.0,0.0,0.0,35.0,0.0,0,10.283857861322469,10.283857861322469,10.283857861322469,10.283857861322469,11.020000457763672,10.149999618530273,10.859999656677246,10.069999694824219,-0.7361425964412032,0.13385824279219527,-0.5761417953547774,0.21385816649824996,-0.2576499087544211,0.046850384977268344,-0.20164962837417208,0.07485035827438748,-0.383944131607762,-0.09954414069709906,-0.39663406356481173,0.18800589835586826,-1,1,-1,1,-13,13,-13,13,-12,13,-12,13
1783308239.3056116,35.0,0.0,0.0,35.0,0.0,0,10.283857861322469,10.283857861322469,10.283857861322469,10.283857861322469,11.020000457763672,10.149999618530273,10.859999656677246,10.069999694824219,-0.7361425964412032,0.13385824279219527,-0.5761417953547774,0.21385816649824996,-0.2576499087544211,0.046850384977268344,-0.20164962837417208,0.07485035827438748,-0.3905694149757328,-0.0983394165119693,-0.4018193397230047,0.1899306218543525,-1,1,-1,1,-13,13,-13,13,-12,13,-12,13
1783308239.325744,35.0,0.0,0.0,35.0,0.0,0,10.283857861322469,10.283857861322469,10.283857861322469,10.283857861322469,11.020000457763672,10.149999618530273,10.859999656677246,10.069999694824219,-0.7361425964412032,0.13385824279219527,-0.5761417953547774,0.21385816649824996,-0.2576499087544211,0.046850384977268344,-0.20164962837417208,0.07485035827438748,-0.3971946983437036,-0.09713469232683954,-0.4070046158811977,0.19185534535283674,-1,1,-1,1,-13,13,-13,13,-12,13,-12,13
1783308239.3457916,35.0,0.0,0.0,35.0,0.0,0,10.283857861322469,10.283857861322469,10.283857861322469,10.283857861322469,10.880000114440918,10.050000190734863,10.770000457763672,9.770000457763672,-0.5961422531184493,0.23385767058760543,-0.48614259644120317,0.5138574035587968,-0.20864978859145722,0.0818501847056619,-0.1701499087544211,0.17985009124557888,-0.4025599786217696,-0.09502997329155109,-0.4113798992491685,0.19648006198486592,-1,1,-1,1,-13,13,-13,13,-12,13,-12,13
1783308239.3655875,35.0,0.0,0.0,35.0,0.0,0,10.283857861322469,10.283857861322469,10.283857861322469,10.283857861322469,10.880000114440918,10.050000190734863,10.770000457763672,9.770000457763672,-0.5961422531184493,0.23385767058760543,-0.48614259644120317,0.5138574035587968,-0.20864978859145722,0.0818501847056619,-0.1701499087544211,0.17985009124557888,-0.40792525889983566,-0.09292525425626265,-0.41575518261713934,0.2011047786168951,-1,1,-1,1,-13,13,-13,13,-12,13,-12,13
1783308239.3856857,35.0,0.0,0.0,35.0,0.0,0,10.283857861322469,10.283857861322469,10.283857861322469,10.283857861322469,10.789999961853027,9.75,10.930000305175781,9.5600004196167,-0.5061421005305586,0.5338578613224687,-0.6461424438533125,0.7238574417057695,-0.17714973518569552,0.18685025146286405,-0.22614985534865936,0.2533501045970193,-0.4124805378046107,-0.08812053350436043,-0.42157046461181913,0.20761949559224702,-1,1,-1,1,-13,13,-13,13,-12,13,-12,13
1783308239.4056475,35.0,0.0,0.0,35.0,0.0,0,10.283857861322469,10.283857861322469,10.283857861322469,10.283857861322469,10.789999961853027,9.75,10.930000305175781,9.5600004196167,-0.5061421005305586,0.5338578613224687,-0.6461424438533125,0.7238574417057695,-0.17714973518569552,0.18685025146286405,-0.22614985534865936,0.2533501045970193,-0.4170358167093857,-0.08331581275245821,-0.4273857466064989,0.21413421256759893,-1,1,-1,1,-13,13,-13,13,-12,13,-12,13
1783308239.4257104,35.0,0.0,0.0,35.0,0.0,0,10.283857861322469,10.283857861322469,10.283857861322469,10.283857861322469,10.789999961853027,9.75,10.930000305175781,9.5600004196167,-0.5061421005305586,0.5338578613224687,-0.6461424438533125,0.7238574417057695,-0.17714973518569552,0.18685025146286405,-0.22614985534865936,0.2533501045970193,-0.42159109561416075,-0.07851109200055599,-0.4332010286011787,0.22064892954295084,-1,1,-1,1,-13,13,-13,13,-12,13,-12,13
1783308239.4455914,35.0,0.0,0.0,35.0,0.0,0,10.283857861322469,10.283857861322469,10.283857861322469,10.283857861322469,10.5,9.539999961853027,10.600000381469727,9.40999984741211,-0.2161421386775313,0.7438578994694414,-0.31614252014725786,0.8738580139103593,-0.07564974853713595,0.26035026481430446,-0.11064988205154024,0.30585030486862574,-0.42353637486225854,-0.07181637090533102,-0.43604631128250404,0.22851365166814408,-1,1,-1,1,-13,13,-13,13,-13,13,-12,14
1783308239.4655957,35.0,0.0,0.0,35.0,0.0,0,10.283857861322469,10.283857861322469,10.283857861322469,10.283857861322469,10.5,9.539999961853027,10.600000381469727,9.40999984741211,-0.2161421386775313,0.7438578994694414,-0.31614252014725786,0.8738580139103593,-0.07564974853713595,0.26035026481430446,-0.11064988205154024,0.30585030486862574,-0.4254816541103563,-0.06512164981010606,-0.4388915939638294,0.23637837379333732,-1,1,-1,1,-13,13,-13,13,-12,13,-12,14
1783308239.4856853,0.0,0.0,0.0,0.0,0.0,0,0.0,0.0,0.0,0.0,10.0600004196167,9.399999618530273,10.140000343322754,9.300000190734863,-10.0600004196167,-9.399999618530273,-10.140000343322754,-9.300000190734863,-3.5210001468658443,-3.2899998664855956,-3.5490001201629635,-3.255000066757202,0.0,0.0,0.0,0.0,-1,1,-1,1,0,0,0,0,0,0,0,0
1783308239.5057015,0.0,0.0,0.0,0.0,0.0,0,0.0,0.0,0.0,0.0,10.0600004196167,9.399999618530273,10.140000343322754,9.300000190734863,-10.0600004196167,-9.399999618530273,-10.140000343322754,-9.300000190734863,-3.5210001468658443,-3.2899998664855956,-3.5490001201629635,-3.255000066757202,0.0,0.0,0.0,0.0,-1,1,-1,1,0,0,0,0,0,0,0,0
1783308239.5257015,0.0,0.0,0.0,0.0,0.0,0,0.0,0.0,0.0,0.0,10.0600004196167,9.399999618530273,10.140000343322754,9.300000190734863,-10.0600004196167,-9.399999618530273,-10.140000343322754,-9.300000190734863,-3.5210001468658443,-3.2899998664855956,-3.5490001201629635,-3.255000066757202,0.0,0.0,0.0,0.0,-1,1,-1,1,0,0,0,0,0,0,0,0
1783308239.5455718,0.0,0.0,0.0,0.0,0.0,0,0.0,0.0,0.0,0.0,9.760000228881836,9.069999694824219,9.8100004196167,8.770000457763672,-9.760000228881836,-9.069999694824219,-9.8100004196167,-8.770000457763672,-3.4160000801086423,-3.1744998931884765,-3.4335001468658444,-3.069500160217285,0.0,0.0,0.0,0.0,-1,1,-1,1,0,0,0,0,0,0,0,0
1783308239.5655975,0.0,0.0,0.0,0.0,0.0,0,0.0,0.0,0.0,0.0,9.760000228881836,9.069999694824219,9.8100004196167,8.770000457763672,-9.760000228881836,-9.069999694824219,-9.8100004196167,-8.770000457763672,-3.4160000801086423,-3.1744998931884765,-3.4335001468658444,-3.069500160217285,0.0,0.0,0.0,0.0,-1,1,-1,1,0,0,0,0,0,0,0,0
1783308239.5856645,0.0,0.0,0.0,0.0,0.0,0,0.0,0.0,0.0,0.0,8.420000076293945,7.25,8.0,7.269999980926514,-8.420000076293945,-7.25,-8.0,-7.269999980926514,-2.947000026702881,-2.5374999999999996,-2.8,-2.54449999332428,0.0,0.0,0.0,0.0,-1,1,-1,1,0,0,0,0,0,0,0,0
1783308239.6055863,0.0,0.0,0.0,0.0,0.0,0,0.0,0.0,0.0,0.0,8.420000076293945,7.25,8.0,7.269999980926514,-8.420000076293945,-7.25,-8.0,-7.269999980926514,-2.947000026702881,-2.5374999999999996,-2.8,-2.54449999332428,0.0,0.0,0.0,0.0,-1,1,-1,1,0,0,0,0,0,0,0,0
1783308239.6255865,0.0,0.0,0.0,0.0,0.0,0,0.0,0.0,0.0,0.0,8.420000076293945,7.25,8.0,7.269999980926514,-8.420000076293945,-7.25,-8.0,-7.269999980926514,-2.947000026702881,-2.5374999999999996,-2.8,-2.54449999332428,0.0,0.0,0.0,0.0,-1,1,-1,1,0,0,0,0,0,0,0,0
1783308239.6455896,0.0,0.0,0.0,0.0,0.0,0,0.0,0.0,0.0,0.0,6.119999885559082,5.300000190734863,5.829999923706055,5.539999961853027,-6.119999885559082,-5.300000190734863,-5.829999923706055,-5.539999961853027,-2.1419999599456787,-1.855000066757202,-2.040499973297119,-1.9389999866485594,0.0,0.0,0.0,0.0,-1,1,-1,1,0,0,0,0,0,0,0,0
1783308239.6655722,0.0,0.0,0.0,0.0,0.0,0,0.0,0.0,0.0,0.0,6.119999885559082,5.300000190734863,5.829999923706055,5.539999961853027,-6.119999885559082,-5.300000190734863,-5.829999923706055,-5.539999961853027,-2.1419999599456787,-1.855000066757202,-2.040499973297119,-1.9389999866485594,0.0,0.0,0.0,0.0,-1,1,-1,1,0,0,0,0,0,0,0,0
1783308239.685786,0.0,0.0,0.0,0.0,0.0,0,0.0,0.0,0.0,0.0,4.28000020980835,3.7100000381469727,4.079999923706055,3.880000114440918,-4.28000020980835,-3.7100000381469727,-4.079999923706055,-3.880000114440918,-1.4980000734329222,-1.2985000133514404,-1.4279999732971191,-1.3580000400543213,0.0,0.0,0.0,0.0,-1,1,-1,1,0,0,0,0,0,0,0,0
1783308239.7055721,0.0,0.0,0.0,0.0,0.0,0,0.0,0.0,0.0,0.0,4.28000020980835,3.7100000381469727,4.079999923706055,3.880000114440918,-4.28000020980835,-3.7100000381469727,-4.079999923706055,-3.880000114440918,-1.4980000734329222,-1.2985000133514404,-1.4279999732971191,-1.3580000400543213,0.0,0.0,0.0,0.0,-1,1,-1,1,0,0,0,0,0,0,0,0
1783308239.7257376,0.0,0.0,0.0,0.0,0.0,0,0.0,0.0,0.0,0.0,4.28000020980835,3.7100000381469727,4.079999923706055,3.880000114440918,-4.28000020980835,-3.7100000381469727,-4.079999923706055,-3.880000114440918,-1.4980000734329222,-1.2985000133514404,-1.4279999732971191,-1.3580000400543213,0.0,0.0,0.0,0.0,-1,1,-1,1,0,0,0,0,0,0,0,0
1783308239.7459836,0.0,0.0,0.0,0.0,0.0,0,0.0,0.0,0.0,0.0,3.0,2.5999999046325684,2.859999895095825,2.7200000286102295,-3.0,-2.5999999046325684,-2.859999895095825,-2.7200000286102295,-1.0499999999999998,-0.9099999666213988,-1.0009999632835387,-0.9520000100135803,0.0,0.0,0.0,0.0,-1,1,-1,1,0,0,0,0,0,0,0,0
1783308239.7655404,0.0,0.0,0.0,0.0,0.0,0,0.0,0.0,0.0,0.0,3.0,2.5999999046325684,2.859999895095825,2.7200000286102295,-3.0,-2.5999999046325684,-2.859999895095825,-2.7200000286102295,-1.0499999999999998,-0.9099999666213988,-1.0009999632835387,-0.9520000100135803,0.0,0.0,0.0,0.0,-1,1,-1,1,0,0,0,0,0,0,0,0
1783308239.7857041,0.0,0.0,0.0,0.0,0.0,0,0.0,0.0,0.0,0.0,2.0999999046325684,1.8200000524520874,2.0,1.899999976158142,-2.0999999046325684,-1.8200000524520874,-2.0,-1.899999976158142,-0.7349999666213989,-0.6370000183582305,-0.7,-0.6649999916553497,0.0,0.0,0.0,0.0,-1,1,-1,1,0,0,0,0,0,0,0,0
1783308239.8055863,0.0,0.0,0.0,0.0,0.0,0,0.0,0.0,0.0,0.0,2.0999999046325684,1.8200000524520874,2.0,1.899999976158142,-2.0999999046325684,-1.8200000524520874,-2.0,-1.899999976158142,-0.7349999666213989,-0.6370000183582305,-0.7,-0.6649999916553497,0.0,0.0,0.0,0.0,-1,1,-1,1,0,0,0,0,0,0,0,0
1783308239.8257053,0.0,0.0,0.0,0.0,0.0,0,0.0,0.0,0.0,0.0,2.0999999046325684,1.8200000524520874,2.0,1.899999976158142,-2.0999999046325684,-1.8200000524520874,-2.0,-1.899999976158142,-0.7349999666213989,-0.6370000183582305,-0.7,-0.6649999916553497,0.0,0.0,0.0,0.0,-1,1,-1,1,0,0,0,0,0,0,0,0
1783308239.8456721,0.0,0.0,0.0,0.0,0.0,0,0.0,0.0,0.0,0.0,1.4700000286102295,1.2699999809265137,1.399999976158142,1.3300000429153442,-1.4700000286102295,-1.2699999809265137,-1.399999976158142,-1.3300000429153442,-0.5145000100135803,-0.44449999332427975,-0.4899999916553497,-0.4655000150203705,0.0,0.0,0.0,0.0,-1,1,-1,1,0,0,0,0,0,0,0,0
1783308239.8655684,0.0,0.0,0.0,0.0,0.0,0,0.0,0.0,0.0,0.0,1.4700000286102295,1.2699999809265137,1.399999976158142,1.3300000429153442,-1.4700000286102295,-1.2699999809265137,-1.399999976158142,-1.3300000429153442,-0.5145000100135803,-0.44449999332427975,-0.4899999916553497,-0.4655000150203705,0.0,0.0,0.0,0.0,-1,1,-1,1,0,0,0,0,0,0,0,0
1783308239.8856978,0.0,0.0,0.0,0.0,0.0,0,0.0,0.0,0.0,0.0,1.0299999713897705,0.8899999856948853,0.9800000190734863,0.9300000071525574,-1.0299999713897705,-0.8899999856948853,-0.9800000190734863,-0.9300000071525574,-0.36049998998641963,-0.3114999949932098,-0.34300000667572017,-0.32550000250339506,0.0,0.0,0.0,0.0,-1,1,-1,1,0,0,0,0,0,0,0,0
1783308239.9055707,0.0,0.0,0.0,0.0,0.0,0,0.0,0.0,0.0,0.0,1.0299999713897705,0.8899999856948853,0.9800000190734863,0.9300000071525574,-1.0299999713897705,-0.8899999856948853,-0.9800000190734863,-0.9300000071525574,-0.36049998998641963,-0.3114999949932098,-0.34300000667572017,-0.32550000250339506,0.0,0.0,0.0,0.0,-1,1,-1,1,0,0,0,0,0,0,0,0
1783308239.9256938,0.0,0.0,0.0,0.0,0.0,0,0.0,0.0,0.0,0.0,1.0299999713897705,0.8899999856948853,0.9800000190734863,0.9300000071525574,-1.0299999713897705,-0.8899999856948853,-0.9800000190734863,-0.9300000071525574,-0.36049998998641963,-0.3114999949932098,-0.34300000667572017,-0.32550000250339506,0.0,0.0,0.0,0.0,-1,1,-1,1,0,0,0,0,0,0,0,0
1783308239.9456637,0.0,0.0,0.0,0.0,0.0,0,0.0,0.0,0.0,0.0,0.7200000286102295,0.6200000047683716,0.6899999976158142,0.6499999761581421,-0.7200000286102295,-0.6200000047683716,-0.6899999976158142,-0.6499999761581421,-0.2520000100135803,-0.21700000166893005,-0.24149999916553497,-0.2274999916553497,0.0,0.0,0.0,0.0,-1,1,-1,1,0,0,0,0,0,0,0,0
1783308239.9655826,0.0,0.0,0.0,0.0,0.0,0,0.0,0.0,0.0,0.0,0.7200000286102295,0.6200000047683716,0.6899999976158142,0.6499999761581421,-0.7200000286102295,-0.6200000047683716,-0.6899999976158142,-0.6499999761581421,-0.2520000100135803,-0.21700000166893005,-0.24149999916553497,-0.2274999916553497,0.0,0.0,0.0,0.0,-1,1,-1,1,0,0,0,0,0,0,0,0
1783308239.9857876,0.0,0.0,0.12,0.0,0.0,1,10.225092959257768,-10.225092959257768,10.225092959257768,-10.225092959257768,0.5,0.4399999976158142,0.47999998927116394,0.46000000834465027,9.725092959257768,-10.665092956873583,9.745092969986604,-10.685092967602419,3.403782535740219,-3.7327825349057537,3.4107825394953113,-3.739782538660846,0.08752583663331992,-0.09598583661186226,0.08770583672987944,-0.09616583670842177,-1,1,-1,1,-18,-18,-18,-18,-21,-22,-21,-22
1783308240.0056775,0.0,0.0,0.12,0.0,0.0,1,10.225092959257768,-10.225092959257768,10.225092959257768,-10.225092959257768,0.5,0.4399999976158142,0.47999998927116394,0.46000000834465027,9.725092959257768,-10.665092956873583,9.745092969986604,-10.685092967602419,3.403782535740219,-3.7327825349057537,3.4107825394953113,-3.739782538660846,0.17505167326663984,-0.19197167322372452,0.1754116734597589,-0.19233167341684354,-1,1,-1,1,-18,-18,-18,-18,-22,-22,-22,-22
1783308240.0256872,0.0,0.0,0.12,0.0,0.0,1,10.225092959257768,-10.225092959257768,10.225092959257768,-10.225092959257768,0.5,0.4399999976158142,0.47999998927116394,0.46000000834465027,9.725092959257768,-10.665092956873583,9.745092969986604,-10.685092967602419,3.403782535740219,-3.7327825349057537,3.4107825394953113,-3.739782538660846,0.26257750989995976,-0.28795750983558677,0.26311751018963836,-0.2884975101252653,-1,1,-1,1,-18,-18,-18,-18,-22,-22,-22,-22
1783308240.0457082,0.0,0.0,0.12,0.0,0.0,1,10.225092959257768,-10.225092959257768,10.225092959257768,-10.225092959257768,0.5799999833106995,0.07999999821186066,0.7900000214576721,-0.12999999523162842,9.645092975947069,-10.305092957469629,9.435092937800096,-10.09509296402614,3.375782541581474,-3.60678253511437,3.3022825282300334,-3.5332825374091485,0.34938334668348336,-0.38070334645281345,0.3480333466298392,-0.37935334680150057,-1,1,-1,1,-18,-18,-18,-18,-22,-22,-22,-22
1783308240.0656905,0.0,0.0,0.12,0.0,0.0,1,10.225092959257768,-10.225092959257768,10.225092959257768,-10.225092959257768,0.5799999833106995,0.07999999821186066,0.7900000214576721,-0.12999999523162842,9.645092975947069,-10.305092957469629,9.435092937800096,-10.09509296402614,3.375782541581474,-3.60678253511437,3.3022825282300334,-3.5332825374091485,0.43618918346700697,-0.47344918307004014,0.43294918307004004,-0.4702091834777358,-1,1,-1,1,-18,-18,-18,-18,-22,-22,-22,-22
1783308240.0856,0.0,0.0,0.12,0.0,0.0,1,10.225092959257768,-10.225092959257768,10.225092959257768,-10.225092959257768,2.440000057220459,-1.5299999713897705,2.140000104904175,-1.6799999475479126,7.785092902037309,-8.695092987867998,8.085092854353594,-8.545093011709856,2.7247825157130583,-3.043282545753799,2.8297824990237577,-2.990782554098449,0.5062550195853428,-0.5517050199608521,0.5057150187592224,-0.5471150205831246,-1,1,-1,1,-18,-18,-18,-18,-21,-22,-21,-22
1783308240.105597,0.0,0.0,0.12,0.0,0.0,1,10.225092959257768,-10.225092959257768,10.225092959257768,-10.225092959257768,2.440000057220459,-1.5299999713897705,2.140000104904175,-1.6799999475479126,7.785092902037309,-8.695092987867998,8.085092854353594,-8.545093011709856,2.7247825157130583,-3.043282545753799,2.8297824990237577,-2.990782554098449,0.5763208557036786,-0.629960856851664,0.5784808544484048,-0.6240208576885132,-1,1,-1,1,-18,-18,-18,-18,-21,-22,-21,-22
1783308240.1257343,0.0,0.0,0.12,0.0,0.0,1,10.225092959257768,-10.225092959257768,10.225092959257768,-10.225092959257768,2.440000057220459,-1.5299999713897705,2.140000104904175,-1.6799999475479126,7.785092902037309,-8.695092987867998,8.085092854353594,-8.545093011709856,2.7247825157130583,-3.043282545753799,2.8297824990237577,-2.990782554098449,0.6463866918220145,-0.708216693742476,0.6512466901375872,-0.7009266947939019,-1,1,-1,1,-18,-18,-18,-18,-21,-22,-21,-22
1783308240.1456113,0.0,0.0,0.12,0.0,0.0,1,10.225092959257768,-10.225092959257768,10.225092959257768,-10.225092959257768,3.299999952316284,-2.880000114440918,2.630000114440918,-2.759999990463257,6.925093006941484,-7.34509284481685,7.59509284481685,-7.465092968794512,2.423782552429519,-2.5707824956858976,2.6582824956858975,-2.612782539078079,0.7087125288844879,-0.7743225293458277,0.7196025257409389,-0.7681125315130525,-1,1,-1,1,-18,-18,-18,-18,-21,-21,-21,-21
1783308240.165685,0.0,0.0,0.12,0.0,0.0,1,10.225092959257768,-10.225092959257768,10.225092959257768,-10.225092959257768,3.299999952316284,-2.880000114440918,2.630000114440918,-2.759999990463257,6.925093006941484,-7.34509284481685,7.59509284481685,-7.465092968794512,2.423782552429519,-2.5707824956858976,2.6582824956858975,-2.612782539078079,0.7710383659469613,-0.8404283649491794,0.7879583613442905,-0.835298368232203,-1,1,-1,1,-18,-18,-18,-18,-21,-21,-21,-21
1783308240.1858227,0.0,0.0,0.12,0.0,0.0,1,10.225092959257768,-10.225092959257768,10.225092959257768,-10.225092959257768,4.119999885559082,-4.510000228881836,3.880000114440918,-3.9700000286102295,6.105093073698686,-5.7150927303759325,6.34509284481685,-6.255092930647539,2.1367825757945402,-2.0002824556315764,2.2207824956858975,-2.1892825257266386,0.8259842036102495,-0.8918641995225628,0.8450641969476422,-0.8915942046080308,-1,1,-1,1,-18,-18,-18,-18,-21,-21,-21,-21
1783308240.2056267,0.0,0.0,0.12,0.0,0.0,1,10.225092959257768,-10.225092959257768,10.225092959257768,-10.225092959257768,4.119999885559082,-4.510000228881836,3.880000114440918,-3.9700000286102295,6.105093073698686,-5.7150927303759325,6.34509284481685,-6.255092930647539,2.1367825757945402,-2.0002824556315764,2.2207824956858975,-2.1892825257266386,0.8809300412735377,-0.9433000340959462,0.9021700325509939,-0.9478900409838587,-1,1,-1,1,-18,-18,-18,-18,-21,-21,-21,-21
1783308240.225735,0.0,0.0,0.12,0.0,0.0,1,10.225092959257768,-10.225092959257768,10.225092959257768,-10.225092959257768,4.119999885559082,-4.510000228881836,3.880000114440918,-3.9700000286102295,6.105093073698686,-5.7150927303759325,6.34509284481685,-6.255092930647539,2.1367825757945402,-2.0002824556315764,2.2207824956858975,-2.1892825257266386,0.9358758789368259,-0.9947358686693296,0.9592758681543456,-1.0041858773596866,-1,1,-1,1,-18,-18,-18,-18,-21,-21,-21,-21
1783308240.2456853,0.0,0.0,0.12,0.0,0.0,1,10.225092959257768,-10.225092959257768,10.225092959257768,-10.225092959257768,5.150000095367432,-6.329999923706055,5.659999847412109,-6.170000076293945,5.075092863890337,-3.8950930355517137,4.565093111845659,-4.055092882963823,1.7762825023616178,-1.3632825624430998,1.5977825891459805,-1.419282509037338,0.9815517147118389,-1.0297917059892951,1.0003617061609567,-1.040681713306361,-1,1,-1,1,-18,-18,-18,-18,-21,-20,-21,-20
1783308240.2657032,0.0,0.0,0.12,0.0,0.0,1,10.225092959257768,-10.225092959257768,10.225092959257768,-10.225092959257768,5.150000095367432,-6.329999923706055,5.659999847412109,-6.170000076293945,5.075092863890337,-3.8950930355517137,4.565093111845659,-4.055092882963823,1.7762825023616178,-1.3632825624430998,1.5977825891459805,-1.419282509037338,1.027227550486852,-1.0648475433092606,1.0414475441675677,-1.0771775492530355,-1,1,-1,1,-18,-18,-18,-18,-21,-20,-21,-20
1783308240.2856743,0.0,0.0,0.12,0.0,0.0,1,10.225092959257768,-10.225092959257768,10.225092959257768,-10.225092959257768,7.230000019073486,-7.599999904632568,7.579999923706055,-8.170000076293945,2.995092940184282,-2.6250930546252,2.6450930355517137,-2.055092882963823,1.0482825290644986,-0.91878256911882,0.9257825624430998,-0.719282509037338,1.0541833869485104,-1.0884733808008873,1.0652533814875331,-1.09567338519971,-1,1,-1,1,-18,-18,-18,-18,-20,-20,-20,-20
1783308240.305728,0.0,0.0,0.12,0.0,0.0,1,10.225092959257768,-10.225092959257768,10.225092959257768,-10.225092959257768,7.230000019073486,-7.599999904632568,7.579999923706055,-8.170000076293945,2.995092940184282,-2.6250930546252,2.6450930355517137,-2.055092882963823,1.0482825290644986,-0.91878256911882,0.9257825624430998,-0.719282509037338,1.0811392234101689,-1.112099218292514,1.0890592188074986,-1.1141692211463845,-1,1,-1,1,-18,-18,-18,-18,-20,-20,-20,-20
1783308240.3257155,0.0,0.0,0.12,0.0,0.0,1,10.225092959257768,-10.225092959257768,10.225092959257768,-10.225092959257768,7.230000019073486,-7.599999904632568,7.579999923706055,-8.170000076293945,2.995092940184282,-2.6250930546252,2.6450930355517137,-2.055092882963823,1.0482825290644986,-0.91878256911882,0.9257825624430998,-0.719282509037338,1.1080950598718273,-1.1357250557841407,1.112865056127464,-1.132665057093059,-1,1,-1,1,-18,-18,-18,-18,-20,-20,-20,-20
1783308240.3456523,0.0,0.0,0.12,0.0,0.0,1,10.225092959257768,-10.225092959257768,10.225092959257768,-10.225092959257768,9.130000114440918,-9.619999885559082,8.699999809265137,-9.119999885559082,1.0950928448168504,-0.6050930736986864,1.5250931499926317,-1.1050930736986864,0.3832824956858976,-0.2117825757945402,0.533782602497421,-0.38678257579454023,1.117950895475179,-1.141170893447429,1.1265908944773977,-1.1426108947563471,-1,1,-1,1,-18,-18,-18,-18,-20,-19,-20,-20
1783308240.3657002,0.0,0.0,0.12,0.0,0.0,1,10.225092959257768,-10.225092959257768,10.225092959257768,-10.225092959257768,9.130000114440918,-9.619999885559082,8.699999809265137,-9.119999885559082,1.0950928448168504,-0.6050930736986864,1.5250931499926317,-1.1050930736986864,0.3832824956858976,-0.2117825757945402,0.533782602497421,-0.38678257579454023,1.1278067310785305,-1.1466167311107172,1.1403167328273314,-1.1525567324196353,-1,1,-1,1,-18,-18,-18,-18,-20,-19,-20,-20
1783308240.38566,0.0,0.0,0.12,0.0,0.0,1,10.225092959257768,-10.225092959257768,10.225092959257768,-10.225092959257768,10.699999809265137,-11.489999771118164,10.170000076293945,-10.460000038146973,-0.4749068500073683,1.2649068118603957,0.05509288296382309,0.23490707888920426,-0.1662173975025789,0.4427173841511384,0.01928250903733808,0.08221747761122149,1.1235325694284641,-1.1352325698039736,1.1408125687740058,-1.1504425687096325,-1,1,-1,1,-18,-18,-18,-18,-19,-19,-19,-19
1783308240.4056017,0.0,0.0,0.12,0.0,0.0,1,10.225092959257768,-10.225092959257768,10.225092959257768,-10.225092959257768,10.699999809265137,-11.489999771118164,10.170000076293945,-10.460000038146973,-0.4749068500073683,1.2649068118603957,0.05509288296382309,0.23490707888920426,-0.1662173975025789,0.4427173841511384,0.01928250903733808,0.08221747761122149,1.1192584077783978,-1.12384840849723,1.1413084047206803,-1.1483284049996296,-1,1,-1,1,-18,-18,-18,-18,-19,-19,-19,-19
1783308240.425697,0.0,0.0,0.12,0.0,0.0,1,10.225092959257768,-10.225092959257768,10.225092959257768,-10.225092959257768,10.699999809265137,-11.489999771118164,10.170000076293945,-10.460000038146973,-0.4749068500073683,1.2649068118603957,0.05509288296382309,0.23490707888920426,-0.1662173975025789,0.4427173841511384,0.01928250903733808,0.08221747761122149,1.1149842461283315,-1.1124642471904864,1.1418042406673548,-1.1462142412896268,-1,1,-1,1,-18,-18,-18,-18,-19,-19,-19,-19
1783308240.4456077,0.0,0.0,0.12,0.0,0.0,1,10.225092959257768,-10.225092959257768,10.225092959257768,-10.225092959257768,11.5600004196167,-11.4399995803833,11.420000076293945,-11.170000076293945,-1.3349074603589308,1.2149066211255324,-1.194907117036177,0.9449071170361769,-0.46721761112562576,0.4252173173939363,-0.4182174909626619,0.3307174909626619,1.1029700789851011,-1.1015300876003566,1.1310500766140292,-1.1377100772363011,-1,1,-1,1,-18,-18,-18,-18,-19,-19,-19,-19
1783308240.4656866,0.0,0.0,0.12,0.0,0.0,1,10.225092959257768,-10.225092959257768,10.225092959257768,-10.225092959257768,11.5600004196167,-11.4399995803833,11.420000076293945,-11.170000076293945,-1.3349074603589308,1.2149066211255324,-1.194907117036177,0.9449071170361769,-0.46721761112562576,0.4252173173939363,-0.4182174909626619,0.3307174909626619,1.0909559118418708,-1.0905959280102269,1.1202959125607037,-1.1292059131829755,-1,1,-1,1,-18,-18,-18,-18,-19,-19,-19,-19
1783308240.4856622,0.0,0.0,0.12,0.0,0.0,1,10.225092959257768,-10.225092959257768,10.225092959257768,-10.225092959257768,12.170000076293945,-12.079999923706055,11.390000343322754,-11.670000076293945,-1.944907117036177,1.8549069644482863,-1.1649073840649855,1.444907117036177,-0.6807174909626619,0.6492174375569002,-0.4077175844227449,0.5057174909626619,1.0734517477885452,-1.0739017653301923,1.1098117461041188,-1.1162017491296499,-1,1,-1,1,-18,-18,-18,-18,-18,-18,-19,-19
1783308240.5056553,0.0,0.0,0.12,0.0,0.0,1,10.225092959257768,-10.225092959257768,10.225092959257768,-10.225092959257768,12.170000076293945,-12.079999923706055,11.390000343322754,-11.670000076293945,-1.944907117036177,1.8549069644482863,-1.1649073840649855,1.444907117036177,-0.6807174909626619,0.6492174375569002,-0.4077175844227449,0.5057174909626619,1.0559475837352197,-1.0572076026501578,1.099327579647534,-1.1031975850763243,-1,1,-1,1,-18,-18,-18,-18,-18,-18,-19,-19
1783308240.5255966,0.0,0.0,0.12,0.0,0.0,1,10.225092959257768,-10.225092959257768,10.225092959257768,-10.225092959257768,12.170000076293945,-12.079999923706055,11.390000343322754,-11.670000076293945,-1.944907117036177,1.8549069644482863,-1.1649073840649855,1.444907117036177,-0.6807174909626619,0.6492174375569002,-0.4077175844227449,0.5057174909626619,1.0384434196818941,-1.0405134399701232,1.088843413190949,-1.0901934210229987,-1,1,-1,1,-18,-18,-18,-18,-18,-18,-19,-19
1783308240.5455995,0.0,0.0,0.12,0.0,0.0,1,10.225092959257768,-10.225092959257768,10.225092959257768,-10.225092959257768,12.369999885559082,-13.210000038146973,12.949999809265137,-12.020000457763672,-2.1449069263013136,2.9849070788892043,-2.7249068500073683,1.7949074985059035,-0.7507174242054597,1.0447174776112214,-0.9537173975025789,0.6282176244770662,1.0191392573451823,-1.0136492762601204,1.0643192515408828,-1.0740392535364456,-1,1,-1,1,-18,-18,-18,-18,-18,-18,-18,-18
1783308240.5655897,0.0,0.0,0.12,0.0,0.0,1,10.225092959257768,-10.225092959257768,10.225092959257768,-10.225092959257768,12.369999885559082,-13.210000038146973,12.949999809265137,-12.020000457763672,-2.1449069263013136,2.9849070788892043,-2.7249068500073683,1.7949074985059035,-0.7507174242054597,1.0447174776112214,-0.9537173975025789,0.6282176244770662,0.9998350950084705,-0.9867851125501175,1.0397950898908166,-1.0578850860498925,-1,1,-1,1,-18,-18,-18,-18,-18,-18,-18,-18
1783308240.585717,0.0,0.0,0.12,0.0,0.0,1,10.225092959257768,-10.225092959257768,10.225092959257768,-10.225092959257768,13.40999984741211,-13.319999694824219,13.140000343322754,-12.9399995803833,-3.184906888154341,3.0949067355664504,-2.9149073840649855,2.7149066211255324,-1.1147174108540192,1.0832173574482575,-1.0202175844227448,0.9502173173939362,0.9711709330150814,-0.9589309519300194,1.0135609234342318,-1.0334509264597627,-1,1,-1,1,-18,-18,-18,-18,-18,-18,-18,-18
1783308240.6057522,0.0,0.0,0.12,0.0,0.0,1,10.225092959257768,-10.225092959257768,10.225092959257768,-10.225092959257768,13.40999984741211,-13.319999694824219,13.140000343322754,-12.9399995803833,-3.184906888154341,3.0949067355664504,-2.9149073840649855,2.7149066211255324,-1.1147174108540192,1.0832173574482575,-1.0202175844227448,0.9502173173939362,0.9425067710216923,-0.9310767913099214,0.9873267569776469,-1.0090167668696328,-1,1,-1,1,-18,-18,-18,-18,-18,-18,-18,-18
1783308240.6255863,0.0,0.0,0.12,0.0,0.0,1,10.225092959257768,-10.225092959257768,10.225092959257768,-10.225092959257768,13.40999984741211,-13.319999694824219,13.140000343322754,-12.9399995803833,-3.184906888154341,3.0949067355664504,-2.9149073840649855,2.7149066211255324,-1.1147174108540192,1.0832173574482575,-1.0202175844227448,0.9502173173939362,0.9138426090283033,-0.9032226306898233,0.9610925905210621,-0.984582607279503,-1,1,-1,1,-18,-18,-18,-18,-18,-18,-18,-18
1783308240.6456304,0.0,0.0,0.12,0.0,0.0,1,10.225092959257768,-10.225092959257768,10.225092959257768,-10.225092959257768,13.6899995803833,-13.630000114440918,13.960000038146973,-13.359999656677246,-3.4649066211255324,3.4049071551831496,-3.7349070788892043,3.1349066974194777,-1.2127173173939363,1.1917175043141022,-1.3072174776112213,1.0972173440968171,0.8826584494381735,-0.872578466293175,0.9274784268110593,-0.9563684470027277,-1,1,-1,1,-18,-18,-18,-18,-18,-18,-18,-18
1783308240.6656916,0.0,0.0,0.12,0.0,0.0,1,10.225092959257768,-10.225092959257768,10.225092959257768,-10.225092959257768,13.6899995803833,-13.630000114440918,13.960000038146973,-13.359999656677246,-3.4649066211255324,3.4049071551831496,-3.7349070788892043,3.1349066974194777,-1.2127173173939363,1.1917175043141022,-1.3072174776112213,1.0972173440968171,0.8514742898480437,-0.8419343018965267,0.8938642631010565,-0.9281542867259525,-1,1,-1,1,-18,-18,-18,-18,-18,-18,-18,-18
1783308240.6856844,0.0,0.0,0.12,0.0,0.0,1,10.225092959257768,-10.225092959257768,10.225092959257768,-10.225092959257768,13.65999984741211,-13.619999885559082,14.520000457763672,-13.430000305175781,-3.434906888154341,3.3949069263013136,-4.2949074985059035,3.204907345918013,-1.2022174108540193,1.1882174242054597,-1.503217624477066,1.1217175710713043,0.8205601278546547,-0.8113801395598149,0.8552100956145033,-0.8993101206126903,-1,1,-1,1,-18,-18,-18,-18,-18,-18,-18,-18
1783308240.7057068,0.0,0.0,0.12,0.0,0.0,1,10.225092959257768,-10.225092959257768,10.225092959257768,-10.225092959257768,13.65999984741211,-13.619999885559082,14.520000457763672,-13.430000305175781,-3.434906888154341,3.3949069263013136,-4.2949074985059035,3.204907345918013,-1.2022174108540193,1.1882174242054597,-1.503217624477066,1.1217175710713043,0.7896459658612657,-0.7808259772231031,0.8165559281279502,-0.8704659544994282,-1,1,-1,1,-18,-18,-18,-18,-18,-18,-18,-18
1783308240.7256587,0.0,0.0,0.12,0.0,0.0,1,10.225092959257768,-10.225092959257768,10.225092959257768,-10.225092959257768,13.65999984741211,-13.619999885559082,14.520000457763672,-13.430000305175781,-3.434906888154341,3.3949069263013136,-4.2949074985059035,3.204907345918013,-1.2022174108540193,1.1882174242054597,-1.503217624477066,1.1217175710713043,0.7587318038678766,-0.7502718148863913,0.777901760641397,-0.8416217883861661,-1,1,-1,1,-18,-18,-18,-18,-18,-18,-18,-18
1783308240.745595,0.0,0.0,0.12,0.0,0.0,1,10.225092959257768,-10.225092959257768,10.225092959257768,-10.225092959257768,13.40999984741211,-12.699999809265137,14.239999771118164,-13.699999809265137,-3.184906888154341,2.4749068500073683,-4.014906811860396,3.4749068500073683,-1.1147174108540192,0.8662173975025789,-1.4052173841511384,1.2162173975025787,0.7300676418744876,-0.7279976532363249,0.7417675993346535,-0.8103476267360997,-1,1,-1,1,-18,-18,-18,-18,-18,-18,-18,-18
1783308240.7656264,0.0,0.0,0.12,0.0,0.0,1,10.225092959257768,-10.225092959257768,10.225092959257768,-10.225092959257768,13.40999984741211,-12.699999809265137,14.239999771118164,-13.699999809265137,-3.184906888154341,2.4749068500073683,-4.014906811860396,3.4749068500073683,-1.1147174108540192,0.8662173975025789,-1.4052173841511384,1.2162173975025787,0.7014034798810985,-0.7057234915862586,0.70563343802791,-0.7790734650860334,-1,1,-1,1,-18,-18,-18,-18,-18,-18,-18,-18
1783308240.7857523,0.0,0.0,0.12,0.0,0.0,1,10.225092959257768,-10.225092959257768,10.225092959257768,-10.225092959257768,12.5600004196167,-12.289999961853027,15.399999618530273,-13.890000343322754,-2.334907460358931,2.064907002595259,-5.174906659272505,3.6649073840649855,-0.8172176111256257,0.7227174509083406,-1.8112173307453767,1.2827175844227447,0.6803893127378682,-0.6871393285629013,0.6590592780944575,-0.7460892986294485,-1,1,-1,1,-18,-18,-18,-18,-18,-18,-18,-18
1783308240.805758,0.0,0.0,0.12,0.0,0.0,1,10.225092959257768,-10.225092959257768,10.225092959257768,-10.225092959257768,12.5600004196167,-12.289999961853027,15.399999618530273,-13.890000343322754,-2.334907460358931,2.064907002595259,-5.174906659272505,3.6649073840649855,-0.8172176111256257,0.7227174509083406,-1.8112173307453767,1.2827175844227447,0.6593751455946378,-0.668555165539544,0.6124851181610049,-0.7131051321728636,-1,1,-1,1,-18,-18,-18,-18,-18,-18,-18,-18
1783308240.8256311,0.0,0.0,0.12,0.0,0.0,1,10.225092959257768,-10.225092959257768,10.225092959257768,-10.225092959257768,12.5600004196167,-12.289999961853027,15.399999618530273,-13.890000343322754,-2.334907460358931,2.064907002595259,-5.174906659272505,3.6649073840649855,-0.8172176111256257,0.7227174509083406,-1.8112173307453767,1.2827175844227447,0.6383609784514075,-0.6499710025161867,0.5659109582275523,-0.6801209657162788,-1,1,-1,1,-18,-18,-18,-18,-18,-18,-18,-18
1783308240.8455997,0.0,0.0,0.12,0.0,0.0,1,10.225092959257768,-10.225092959257768,10.225092959257768,-10.225092959257768,12.869999885559082,-12.220000267028809,15.079999923706055,-14.479999542236328,-2.6449069263013136,1.9949073077710402,-4.854906964448286,4.25490658297856,-0.9257174242054597,0.698217557719864,-1.6992174375569,1.4892173040424959,0.6145568161146957,-0.6320168367462473,0.5222167955475178,-0.6418268064694718,-1,1,-1,1,-18,-18,-18,-18,-18,-18,-18,-18
1783308240.865603,0.0,0.0,0.12,0.0,0.0,1,10.225092959257768,-10.225092959257768,10.225092959257768,-10.225092959257768,12.869999885559082,-12.220000267028809,15.079999923706055,-14.479999542236328,-2.6449069263013136,1.9949073077710402,-4.854906964448286,4.25490658297856,-0.9257174242054597,0.698217557719864,-1.6992174375569,1.4892173040424959,0.5907526537779839,-0.614062670976308,0.4785226328674832,-0.6035326472226648,-1,1,-1,1,-18,-18,-18,-18,-18,-18,-18,-18
1783308240.8856964,0.0,0.0,0.12,0.0,0.0,1,10.225092959257768,-10.225092959257768,10.225092959257768,-10.225092959257768,12.850000381469727,-11.729999542236328,15.09000015258789,-14.210000038146973,-2.624907422211958,1.5049065829785597,-4.864907193330122,3.9849070788892043,-0.9187175977741853,0.5267173040424958,-1.7027175176655427,1.3947174776112214,0.5671284869780763,-0.6005185117295009,0.4347384681275121,-0.567668483512662,-1,1,-1,1,-18,-18,-18,-18,-18,-18,-18,-18
1783308240.9056995,0.0,0.0,0.12,0.0,0.0,1,10.225092959257768,-10.225092959257768,10.225092959257768,-10.225092959257768,12.850000381469727,-11.729999542236328,15.09000015258789,-14.210000038146973,-2.624907422211958,1.5049065829785597,-4.864907193330122,3.9849070788892043,-0.9187175977741853,0.5267173040424958,-1.7027175176655427,1.3947174776112214,0.5435043201781686,-0.5869743524826938,0.390954303387541,-0.5318043198026592,-1,1,-1,1,-18,-18,-18,-18,-18,-18,-18,-18
1783308240.92564,0.0,0.0,0.12,0.0,0.0,1,10.225092959257768,-10.225092959257768,10.225092959257768,-10.225092959257768,12.850000381469727,-11.729999542236328,15.09000015258789,-14.210000038146973,-2.624907422211958,1.5049065829785597,-4.864907193330122,3.9849070788892043,-0.9187175977741853,0.5267173040424958,-1.7027175176655427,1.3947174776112214,0.519880153378261,-0.5734301932358867,0.3471701386475699,-0.49594015609265635,-1,1,-1,1,-18,-18,-18,-18,-18,-18,-18,-18
1783308240.9455893,0.0,0.0,0.12,0.0,0.0,1,10.225092959257768,-10.225092959257768,10.225092959257768,-10.225092959257768,13.069999694824219,-12.0600004196167,15.539999961853027,-14.020000457763672,-2.8449067355664504,1.8349074603589308,-5.314907002595259,3.7949074985059035,-0.9957173574482575,0.6422176111256257,-1.8602174509083405,1.328217624477066,0.4942759927581629,-0.5569160260926563,0.29933597562421255,-0.4617859886061032,-1,1,-1,1,-18,-18,-18,-18,-18,-18,-18,-18
1783308240.965614,0.0,0.0,0.12,0.0,0.0,1,10.225092959257768,-10.225092959257768,10.225092959257768,-10.225092959257768,13.069999694824219,-12.0600004196167,15.539999961853027,-14.020000457763672,-2.8449067355664504,1.8349074603589308,-5.314907002595259,3.7949074985059035,-0.9957173574482575,0.6422176111256257,-1.8602174509083405,1.328217624477066,0.46867183213806485,-0.5404018589494259,0.2515018126008552,-0.42763182111955006,-1,1,-1,1,-18,-18,-18,-18,-18,-18,-18,-18
1783308240.985669,0.0,0.0,0.12,0.0,0.0,1,10.225092959257768,-10.225092959257768,10.225092959257768,-10.225092959257768,13.680000305175781,-12.520000457763672,14.279999732971191,-13.670000076293945,-3.454907345918013,2.2949074985059035,-4.054906773713423,3.444907117036177,-1.2092175710713045,0.8032176244770661,-1.419217370799698,1.2057174909626618,0.43757766602480275,-0.5197476914628728,0.21500765163743438,-0.3966276570662245,-1,1,-1,1,-18,-18,-18,-18,-18,-18,-18,-18
1783308241.0056021,0.0,0.0,0.12,0.0,0.0,1,10.225092959257768,-10.225092959257768,10.225092959257768,-10.225092959257768,13.680000305175781,-12.520000457763672,14.279999732971191,-13.670000076293945,-3.454907345918013,2.2949074985059035,-4.054906773713423,3.444907117036177,-1.2092175710713045,0.8032176244770661,-1.419217370799698,1.2057174909626618,0.40648349991154065,-0.4990935239763197,0.17851349067401356,-0.3656234930128989,-1,1,-1,1,-18,-18,-18,-18,-18,-18,-18,-18
1783308241.0256019,0.0,0.0,0.12,0.0,0.0,1,10.225092959257768,-10.225092959257768,10.225092959257768,-10.225092959257768,13.680000305175781,-12.520000457763672,14.279999732971191,-13.670000076293945,-3.454907345918013,2.2949074985059035,-4.054906773713423,3.444907117036177,-1.2092175710713045,0.8032176244770661,-1.419217370799698,1.2057174909626618,0.37538933379827855,-0.47843935648976654,0.14201932971059275,-0.33461932895957336,-1,1,-1,1,-18,-18,-18,-18,-18,-18,-18,-18
1783308241.045612,0.0,0.0,0.12,0.0,0.0,1,10.225092959257768,-10.225092959257768,10.225092959257768,-10.225092959257768,14.5600004196167,-12.84000015258789,14.289999961853027,-12.279999732971191,-4.334907460358931,2.6149071933301222,-4.064907002595259,2.054906773713423,-1.5172176111256257,0.9152175176655427,-1.4227174509083405,0.719217370799698,0.3363751666550482,-0.45490519174979543,0.10543516668723542,-0.31612516799615253,-1,1,-1,1,-18,-18,-18,-18,-18,-18,-18,-18
1783308241.0656047,0.0,0.0,0.12,0.0,0.0,1,10.225092959257768,-10.225092959257768,10.225092959257768,-10.225092959257768,14.5600004196167,-12.84000015258789,14.289999961853027,-12.279999732971191,-4.334907460358931,2.6149071933301222,-4.064907002595259,2.054906773713423,-1.5172176111256257,0.9152175176655427,-1.4227174509083405,0.719217370799698,0.2973609995118178,-0.4313710270098243,0.06885100366387809,-0.2976310070327317,-1,1,-1,1,-18,-18,-18,-18,-18,-18,-18,-18
1783308241.0857596,0.0,0.0,0.12,0.0,0.0,1,10.225092959257768,-10.225092959257768,10.225092959257768,-10.225092959257768,14.9399995803833,-13.510000228881836,14.079999923706055,-12.220000267028809,-4.714906621125532,3.2849072696240675,-3.8549069644482863,1.9949073077710402,-1.6502173173939363,1.1497175443684235,-1.3492174375569002,0.698217557719864,0.254926839921688,-0.4018068615832077,0.03415684098384351,-0.27967684126279235,-1,1,-1,1,-18,-18,-18,-18,-18,-18,-18,-18
1783308241.1056328,0.0,0.0,0.12,0.0,0.0,1,10.225092959257768,-10.225092959257768,10.225092959257768,-10.225092959257768,14.9399995803833,-13.510000228881836,14.079999923706055,-12.220000267028809,-4.714906621125532,3.2849072696240675,-3.8549069644482863,1.9949073077710402,-1.6502173173939363,1.1497175443684235,-1.3492174375569002,0.698217557719864,0.21249268033155821,-0.3722426961565911,-0.0005373216961910704,-0.261722675492853,-1,1,-1,1,-18,-18,-18,-18,-18,-18,-18,-18
1783308241.1257398,0.0,0.0,0.12,0.0,0.0,1,10.225092959257768,-10.225092959257768,10.225092959257768,-10.225092959257768,14.9399995803833,-13.510000228881836,14.079999923706055,-12.220000267028809,-4.714906621125532,3.2849072696240675,-3.8549069644482863,1.9949073077710402,-1.6502173173939363,1.1497175443684235,-1.3492174375569002,0.698217557719864,0.1700585207414284,-0.3426785307299745,-0.03523148437622565,-0.24376850972291364,-1,1,-1,1,-18,-18,-18,-18,-18,-18,-18,-18
1783308241.1456108,0.0,0.0,0.12,0.0,0.0,1,10.225092959257768,-10.225092959257768,10.225092959257768,-10.225092959257768,15.899999618530273,-13.3100004196167,13.930000305175781,-11.720000267028809,-5.674906659272505,3.084907460358931,-3.704907345918013,1.4949073077710402,-1.9862173307453765,1.0797176111256257,-1.2967175710713044,0.523217557719864,0.11898436080797586,-0.31491436358674413,-0.06857565048948777,-0.2303143439529743,-1,1,-1,1,-18,-18,-18,-18,-18,-18,-18,-18
1783308241.1656086,0.0,0.0,0.12,0.0,0.0,1,10.225092959257768,-10.225092959257768,10.225092959257768,-10.225092959257768,15.899999618530273,-13.3100004196167,13.930000305175781,-11.720000267028809,-5.674906659272505,3.084907460358931,-3.704907345918013,1.4949073077710402,-1.9862173307453765,1.0797176111256257,-1.2967175710713044,0.523217557719864,0.06791020087452332,-0.28715019644351375,-0.10191981660274989,-0.21686017818303494,-1,1,-1,1,-18,-18,-18,-18,-18,-18,-18,-18
1783308241.1856697,0.0,0.0,0.12,0.0,0.0,1,10.225092959257768,-10.225092959257768,10.225092959257768,-10.225092959257768,15.649999618530273,-12.710000038146973,13.600000381469727,-10.920000076293945,-5.424906659272505,2.4849070788892043,-3.374907422211958,0.6949071170361769,-1.8987173307453766,0.8697174776112214,-1.1812175977741852,0.2432174909626619,0.01908604094107077,-0.2647860327335109,-0.13229398340265752,-0.21060601412970933,-1,1,-1,1,-18,-18,-18,-18,-18,-18,-18,-18
1783308241.2057612,0.0,0.0,0.12,0.0,0.0,1,10.225092959257768,-10.225092959257768,10.225092959257768,-10.225092959257768,15.649999618530273,-12.710000038146973,13.600000381469727,-10.920000076293945,-5.424906659272505,2.4849070788892043,-3.374907422211958,0.6949071170361769,-1.8987173307453766,0.8697174776112214,-1.1812175977741852,0.2432174909626619,-0.029738118992381782,-0.2424218690235081,-0.16266815020256514,-0.20435185007638373,-1,1,-1,1,-18,-18,-18,-18,-18,-18,-18,-18
1783308241.22574,0.0,0.0,0.12,0.0,0.0,1,10.225092959257768,-10.225092959257768,10.225092959257768,-10.225092959257768,15.649999618530273,-12.710000038146973,13.600000381469727,-10.920000076293945,-5.424906659272505,2.4849070788892043,-3.374907422211958,0.6949071170361769,-1.8987173307453766,0.8697174776112214,-1.1812175977741852,0.2432174909626619,-0.07856227892583434,-0.22005770531350527,-0.19304231700247276,-0.19809768602305813,-1,1,-1,1,-18,-18,-18,-18,-18,-18,-18,-18
1783308241.2455916,0.0,0.0,0.12,0.0,0.0,1,10.225092959257768,-10.225092959257768,10.225092959257768,-10.225092959257768,16.170000076293945,-12.520000457763672,14.050000190734863,-10.819999694824219,-5.944907117036177,2.2949074985059035,-3.824907231477095,0.5949067355664504,-2.080717490962662,0.8032176244770661,-1.3387175310169832,0.20821735744825762,-0.13206644297915993,-0.19940353782695214,-0.2274664820857666,-0.19274352540296008,-1,1,-1,1,-18,-18,-18,-18,-18,-18,-18,-18
1783308241.265956,0.0,0.0,0.12,0.0,0.0,1,10.225092959257768,-10.225092959257768,10.225092959257768,-10.225092959257768,16.170000076293945,-12.520000457763672,14.050000190734863,-10.819999694824219,-5.944907117036177,2.2949074985059035,-3.824907231477095,0.5949067355664504,-2.080717490962662,0.8032176244770661,-1.3387175310169832,0.20821735744825762,-0.1855706070324855,-0.178749370340399,-0.26189064716906046,-0.18738936478286203,-1,1,-1,1,-18,-18,-18,-18,-18,-18,-18,-18
1783308241.2857316,0.0,0.0,0.12,0.0,0.0,1,10.225092959257768,-10.225092959257768,10.225092959257768,-10.225092959257768,16.06999969482422,-11.930000305175781,13.229999542236328,-10.289999961853027,-5.84490673556645,1.7049073459180129,-3.0049065829785597,0.06490700259525894,-2.0457173574482574,0.5967175710713044,-1.0517173040424959,0.02271745090834063,-0.23817476765258355,-0.1634052042271369,-0.2889348064158675,-0.18680520175950469,-1,1,-1,1,-18,-18,-18,-18,-18,-18,-18,-18
1783308241.3056417,0.0,0.0,0.12,0.0,0.0,1,10.225092959257768,-10.225092959257768,10.225092959257768,-10.225092959257768,16.06999969482422,-11.930000305175781,13.229999542236328,-10.289999961853027,-5.84490673556645,1.7049073459180129,-3.0049065829785597,0.06490700259525894,-2.0457173574482574,0.5967175710713044,-1.0517173040424959,0.02271745090834063,-0.2907789282726816,-0.14806103811387478,-0.3159789656626745,-0.18622103873614734,-1,1,-1,1,-18,-18,-18,-18,-18,-18,-18,-18
1783308241.3256986,0.0,0.0,0.12,0.0,0.0,1,10.225092959257768,-10.225092959257768,10.225092959257768,-10.225092959257768,16.06999969482422,-11.930000305175781,13.229999542236328,-10.289999961853027,-5.84490673556645,1.7049073459180129,-3.0049065829785597,0.06490700259525894,-2.0457173574482574,0.5967175710713044,-1.0517173040424959,0.02271745090834063,-0.34338308889277963,-0.13271687200061266,-0.34302312490948156,-0.18563687571279,-1,1,-1,1,-18,-18,-18,-18,-18,-18,-18,-18
1783308241.3456287,0.0,0.0,0.12,0.0,0.0,1,10.225092959257768,-10.225092959257768,10.225092959257768,-10.225092959257768,16.459999084472656,-11.979999542236328,12.880000114440918,-8.109999656677246,-6.234906125214888,1.7549065829785597,-2.6549071551831496,-2.1150933025805223,-2.1822171438252105,0.6142173040424959,-0.9292175043141023,-0.7402826559031828,-0.39949724401971365,-0.11692271275380563,-0.3669172893061299,-0.2046727154360147,-1,1,-1,1,-18,-18,-18,-18,-18,-18,-18,-19
1783308241.365681,0.0,0.0,0.12,0.0,0.0,1,10.225092959257768,-10.225092959257768,10.225092959257768,-10.225092959257768,16.459999084472656,-11.979999542236328,12.880000114440918,-8.109999656677246,-6.234906125214888,1.7549065829785597,-2.6549071551831496,-2.1150933025805223,-2.1822171438252105,0.6142173040424959,-0.9292175043141023,-0.7402826559031828,-0.4556113991466476,-0.10112855350699859,-0.3908114537027782,-0.2237085551592394,-1,1,-1,1,-18,-18,-18,-18,-18,-18,-18,-19
1783308241.3856802,0.0,0.0,0.12,0.0,0.0,1,10.225092959257768,-10.225092959257768,10.225092959257768,-10.225092959257768,16.729999542236328,-10.649999618530273,11.739999771118164,-6.349999904632568,-6.50490658297856,0.42490665927250504,-1.5149068118603957,-3.8750930546252,-2.2767173040424957,0.14871733074537674,-0.5302173841511384,-1.3562825691188198,-0.5141555583934546,-0.09730439357354605,-0.40444561500952175,-0.2585843926508662,-1,1,-1,1,-18,-18,-18,-18,-18,-18,-18,-20
1783308241.4057198,0.0,0.0,0.12,0.0,0.0,1,10.225092959257768,-10.225092959257768,10.225092959257768,-10.225092959257768,16.729999542236328,-10.649999618530273,11.739999771118164,-6.349999904632568,-6.50490658297856,0.42490665927250504,-1.5149068118603957,-3.8750930546252,-2.2767173040424957,0.14871733074537674,-0.5302173841511384,-1.3562825691188198,-0.5726997176402616,-0.0934802336400935,-0.4180797763162653,-0.293460230142493,-1,1,-1,1,-18,-18,-18,-18,-18,-18,-18,-20
1783308241.4256306,0.0,0.0,0.12,0.0,0.0,1,10.225092959257768,-10.225092959257768,10.225092959257768,-10.225092959257768,16.729999542236328,-10.649999618530273,11.739999771118164,-6.349999904632568,-6.50490658297856,0.42490665927250504,-1.5149068118603957,-3.8750930546252,-2.2767173040424957,0.14871733074537674,-0.5302173841511384,-1.3562825691188198,-0.6312438768870686,-0.08965607370664096,-0.43171393762300886,-0.3283360676341198,-1,1,-1,1,-18,-18,-18,-18,-18,-18,-18,-20
1783308241.4457033,0.0,0.0,0.12,0.0,0.0,1,10.225092959257768,-10.225092959257768,10.225092959257768,-10.225092959257768,16.459999084472656,-10.399999618530273,11.390000343322754,-5.130000114440918,-6.234906125214888,0.17490665927250504,-1.1649073840649855,-5.09509284481685,-2.1822171438252105,0.06121733074537676,-0.4077175844227449,-1.7832824956858975,-0.6873580320140026,-0.08808191377318841,-0.4421981040795937,-0.3741919032374715,-1,1,-1,1,-18,-18,-18,-18,-18,-18,-18,-20
1783308241.4656134,0.0,0.0,0.12,0.0,0.0,1,10.225092959257768,-10.225092959257768,10.225092959257768,-10.225092959257768,16.459999084472656,-10.399999618530273,11.390000343322754,-5.130000114440918,-6.234906125214888,0.17490665927250504,-1.1649073840649855,-5.09509284481685,-2.1822171438252105,0.06121733074537676,-0.4077175844227449,-1.7832824956858975,-0.7434721871409365,-0.08650775383973587,-0.45268227053617854,-0.42004773884082314,-1,1,-1,1,-18,-18,-18,-18,-18,-18,-18,-20
1783308241.4856627,0.0,0.0,0.12,0.0,0.0,1,10.225092959257768,-10.225092959257768,10.225092959257768,-10.225092959257768,16.959999084472656,-9.319999694824219,11.59000015258789,-4.71999979019165,-6.734906125214888,-0.9050932644335496,-1.3649071933301222,-5.505093169066118,-2.3572171438252107,-0.3167826425517424,-0.47771751766554277,-1.9267826091731413,-0.8040863422678706,-0.09465359321963782,-0.46496643527614967,-0.4695935773624182,-1,1,-1,1,-18,-18,-18,-18,-18,-18,-18,-20
1783308241.5056305,0.0,0.0,0.12,0.0,0.0,1,10.225092959257768,-10.225092959257768,10.225092959257768,-10.225092959257768,16.959999084472656,-9.319999694824219,11.59000015258789,-4.71999979019165,-6.734906125214888,-0.9050932644335496,-1.3649071933301222,-5.505093169066118,-2.3572171438252107,-0.3167826425517424,-0.47771751766554277,-1.9267826091731413,-0.8647004973948046,-0.10279943259953976,-0.4772506000161208,-0.5191394158840132,-1,1,-1,1,-18,-18,-18,-18,-18,-18,-18,-20
1783308241.5257707,0.0,0.0,0.12,0.0,0.0,1,10.225092959257768,-10.225092959257768,10.225092959257768,-10.225092959257768,16.959999084472656,-9.319999694824219,11.59000015258789,-4.71999979019165,-6.734906125214888,-0.9050932644335496,-1.3649071933301222,-5.505093169066118,-2.3572171438252107,-0.3167826425517424,-0.47771751766554277,-1.9267826091731413,-0.9253146525217386,-0.1109452719794417,-0.4895347647560919,-0.5686852544056084,-1,1,-1,1,-18,-18,-18,-18,-18,-18,-18,-20
1783308241.5457551,0.0,0.0,0.12,0.0,0.0,1,10.225092959257768,-10.225092959257768,10.225092959257768,-10.225092959257768,15.949999809265137,-9.010000228881836,13.100000381469727,-6.019999980926514,-5.724906850007368,-1.2150927303759325,-2.874907422211958,-4.205092978331255,-2.003717397502579,-0.42528245563157635,-1.0062175977741854,-1.471782542415939,-0.976838814171805,-0.1218811065528251,-0.5154089315559995,-0.6065310912105897,-1,1,-1,1,-18,-18,-18,-18,-18,-19,-18,-20
1783308241.5655825,0.0,0.0,0.12,0.0,0.0,1,10.225092959257768,-10.225092959257768,10.225092959257768,-10.225092959257768,15.949999809265137,-9.010000228881836,13.100000381469727,-6.019999980926514,-5.724906850007368,-1.2150927303759325,-2.874907422211958,-4.205092978331255,-2.003717397502579,-0.42528245563157635,-1.0062175977741854,-1.471782542415939,-1.0283629758218713,-0.13281694112620848,-0.5412830983559072,-0.644376928015571,-1,1,-1,1,-18,-18,-18,-18,-18,-19,-18,-20
1783308241.5856397,0.0,0.0,0.12,0.0,0.0,1,10.225092959257768,-10.225092959257768,10.225092959257768,-10.225092959257768,15.6899995803833,-8.350000381469727,13.239999771118164,-6.710000038146973,-5.464906621125532,-1.8750925777880418,-3.0149068118603957,-3.5150929211107957,-1.9127173173939362,-0.6562824022258146,-1.0552173841511383,-1.2302825223887783,-1.0775471354120012,-0.14969277432630085,-0.5684172596626507,-0.6760127643055682,-1,1,-1,1,-18,-18,-18,-18,-18,-19,-18,-20
1783308241.605693,0.0,0.0,0.12,0.0,0.0,1,10.225092959257768,-10.225092959257768,10.225092959257768,-10.225092959257768,15.6899995803833,-8.350000381469727,13.239999771118164,-6.710000038146973,-5.464906621125532,-1.8750925777880418,-3.0149068118603957,-3.5150929211107957,-1.9127173173939362,-0.6562824022258146,-1.0552173841511383,-1.2302825223887783,-1.126731295002131,-0.16656860752639321,-0.5955514209693942,-0.7076486005955653,-1,1,-1,1,-18,-18,-18,-18,-18,-19,-18,-20
1783308241.6256049,0.0,0.0,0.12,0.0,0.0,1,10.225092959257768,-10.225092959257768,10.225092959257768,-10.225092959257768,15.6899995803833,-8.350000381469727,13.239999771118164,-6.710000038146973,-5.464906621125532,-1.8750925777880418,-3.0149068118603957,-3.5150929211107957,-1.9127173173939362,-0.6562824022258146,-1.0552173841511383,-1.2302825223887783,-1.175915454592261,-0.18344444072648558,-0.6226855822761377,-0.7392844368855624,-1,1,-1,1,-18,-18,-18,-18,-18,-19,-18,-20
1783308241.6456282,0.0,0.0,0.12,0.0,0.0,1,10.225092959257768,-10.225092959257768,10.225092959257768,-10.225092959257768,15.0600004196167,-8.5600004196167,14.479999542236328,-7.639999866485596,-4.834907460358931,-1.6650925396410692,-4.25490658297856,-2.5850930927721727,-1.6922176111256257,-0.5827823888743742,-1.4892173040424959,-0.9047825824702603,-1.2194296217354914,-0.1984302735832552,-0.6609797415229447,-0.762550274720512,-1,1,-1,1,-18,-18,-18,-18,-18,-19,-18,-20
1783308241.6657462,0.0,0.0,0.12,0.0,0.0,1,10.225092959257768,-10.225092959257768,10.225092959257768,-10.225092959257768,15.0600004196167,-8.5600004196167,14.479999542236328,-7.639999866485596,-4.834907460358931,-1.6650925396410692,-4.25490658297856,-2.5850930927721727,-1.6922176111256257,-0.5827823888743742,-1.4892173040424959,-0.9047825824702603,-1.2629437888787218,-0.21341610644002484,-0.6992739007697517,-0.7858161125554615,-1,1,-1,1,-18,-18,-18,-18,-18,-19,-18,-20
1783308241.6856859,0.0,0.0,0.12,0.0,0.0,1,10.225092959257768,-10.225092959257768,10.225092959257768,-10.225092959257768,14.619999885559082,-8.930000305175781,13.760000228881836,-8.520000457763672,-4.394906926301314,-1.2950926540819871,-3.5349072696240675,-1.7050925014940965,-1.5382174242054596,-0.45328242892869547,-1.2372175443684235,-0.5967823755229338,-1.3024979512154335,-0.22507194032676273,-0.7310880661963683,-0.8011619450689084,-1,1,-1,1,-18,-18,-18,-18,-18,-19,-18,-19
1783308241.7055922,0.0,0.0,0.12,0.0,0.0,1,10.225092959257768,-10.225092959257768,10.225092959257768,-10.225092959257768,14.619999885559082,-8.930000305175781,13.760000228881836,-8.520000457763672,-4.394906926301314,-1.2950926540819871,-3.5349072696240675,-1.7050925014940965,-1.5382174242054596,-0.45328242892869547,-1.2372175443684235,-0.5967823755229338,-1.3420521135521453,-0.2367277742135006,-0.762902231622985,-0.8165077775823553,-1,1,-1,1,-18,-18,-18,-18,-18,-19,-18,-19
1783308241.7256374,0.0,0.0,0.12,0.0,0.0,1,10.225092959257768,-10.225092959257768,10.225092959257768,-10.225092959257768,14.619999885559082,-8.930000305175781,13.760000228881836,-8.520000457763672,-4.394906926301314,-1.2950926540819871,-3.5349072696240675,-1.7050925014940965,-1.5382174242054596,-0.45328242892869547,-1.2372175443684235,-0.5967823755229338,-1.381606275888857,-0.2483836081002385,-0.7947163970496016,-0.8318536100958022,-1,1,-1,1,-18,-18,-18,-18,-18,-19,-18,-19
1783308241.7456973,0.0,0.0,0.12,0.0,0.0,1,10.225092959257768,-10.225092959257768,10.225092959257768,-10.225092959257768,14.989999771118164,-9.880000114440918,13.930000305175781,-8.899999618530273,-4.764906811860396,-0.34509284481685043,-3.704907345918013,-1.325093340727495,-1.6677173841511383,-0.12078249568589765,-1.2967175710713044,-0.4637826692546232,-1.4244904371956006,-0.25148944370359017,-0.8280605631628637,-0.8437794501623497,-1,1,-1,1,-18,-18,-18,-18,-18,-18,-18,-19
1783308241.7655988,0.0,0.0,0.12,0.0,0.0,1,10.225092959257768,-10.225092959257768,10.225092959257768,-10.225092959257768,14.989999771118164,-9.880000114440918,13.930000305175781,-8.899999618530273,-4.764906811860396,-0.34509284481685043,-3.704907345918013,-1.325093340727495,-1.6677173841511383,-0.12078249568589765,-1.2967175710713044,-0.4637826692546232,-1.4673745985023443,-0.2545952793069418,-0.8614047292761258,-0.8557052902288971,-1,1,-1,1,-18,-18,-18,-18,-18,-18,-18,-19
1783308241.7858164,0.0,0.0,0.12,0.0,0.0,1,10.225092959257768,-10.225092959257768,10.225092959257768,-10.225092959257768,15.020000457763672,-10.760000228881836,14.050000190734863,-9.859999656677246,-4.7949074985059035,0.5349072696240675,-3.824907231477095,-0.3650933025805223,-1.6782176244770661,0.18721754436842364,-1.3387175310169832,-0.1277826559031828,-1.5105287659888975,-0.2497811138803252,-0.8958288943594196,-0.8589911299521218,-1,1,-1,1,-18,-18,-18,-18,-18,-18,-18,-19
1783308241.8056254,0.0,0.0,0.12,0.0,0.0,1,10.225092959257768,-10.225092959257768,10.225092959257768,-10.225092959257768,15.020000457763672,-10.760000228881836,14.050000190734863,-9.859999656677246,-4.7949074985059035,0.5349072696240675,-3.824907231477095,-0.3650933025805223,-1.6782176244770661,0.18721754436842364,-1.3387175310169832,-0.1277826559031828,-1.5536829334754507,-0.2449669484537086,-0.9302530594427134,-0.8622769696753465,-1,1,-1,1,-18,-18,-18,-18,-18,-18,-18,-19
1783308241.8256917,0.0,0.0,0.12,0.0,0.0,1,10.225092959257768,-10.225092959257768,10.225092959257768,-10.225092959257768,15.020000457763672,-10.760000228881836,14.050000190734863,-9.859999656677246,-4.7949074985059035,0.5349072696240675,-3.824907231477095,-0.3650933025805223,-1.6782176244770661,0.18721754436842364,-1.3387175310169832,-0.1277826559031828,-1.596837100962004,-0.24015278302709198,-0.9646772245260072,-0.8655628093985712,-1,1,-1,1,-18,-18,-18,-18,-18,-18,-18,-19
1783308241.8456087,0.0,0.0,0.12,0.0,0.0,1,10.225092959257768,-10.225092959257768,10.225092959257768,-10.225092959257768,15.039999961853027,-11.380000114440918,14.369999885559082,-10.520000457763672,-4.814907002595259,1.1549071551831496,-4.144906926301314,0.2949074985059035,-1.6852174509083406,0.4042175043141023,-1.4507174242054597,0.10321762447706621,-1.6401712639853612,-0.22975861863044364,-1.001981386862719,-0.8629086419120181,-1,1,-1,1,-18,-18,-18,-18,-18,-18,-18,-19
1783308241.8657138,0.0,0.0,0.12,0.0,0.0,1,10.225092959257768,-10.225092959257768,10.225092959257768,-10.225092959257768,15.039999961853027,-11.380000114440918,14.369999885559082,-10.520000457763672,-4.814907002595259,1.1549071551831496,-4.144906926301314,0.2949074985059035,-1.6852174509083406,0.4042175043141023,-1.4507174242054597,0.10321762447706621,-1.6835054270087184,-0.2193644542337953,-1.0392855491994308,-0.860254474425465,-1,1,-1,1,-18,-18,-18,-18,-18,-18,-18,-19
1783308241.885663,0.0,0.0,0.12,0.0,0.0,1,10.225092959257768,-10.225092959257768,10.225092959257768,-10.225092959257768,15.279999732971191,-11.59000015258789,14.579999923706055,-10.989999771118164,-5.054906773713423,1.3649071933301222,-4.354906964448286,0.7649068118603957,-1.7692173707996979,0.47771751766554277,-1.5242174375569002,0.26771738415113844,-1.7289995879721392,-0.2070802894938242,-1.0784797118794653,-0.8533703131187215,-1,1,-1,1,-18,-18,-18,-18,-18,-18,-18,-19
1783308241.9057329,0.0,0.0,0.12,0.0,0.0,1,10.225092959257768,-10.225092959257768,10.225092959257768,-10.225092959257768,15.279999732971191,-11.59000015258789,14.579999923706055,-10.989999771118164,-5.054906773713423,1.3649071933301222,-4.354906964448286,0.7649068118603957,-1.7692173707996979,0.47771751766554277,-1.5242174375569002,0.26771738415113844,-1.77449374893556,-0.1947961247538531,-1.1176738745594998,-0.846486151811978,-1,1,-1,1,-18,-18,-18,-18,-18,-18,-18,-19
1783308241.9257166,0.0,0.0,0.12,0.0,0.0,1,10.225092959257768,-10.225092959257768,10.225092959257768,-10.225092959257768,15.279999732971191,-11.59000015258789,14.579999923706055,-10.989999771118164,-5.054906773713423,1.3649071933301222,-4.354906964448286,0.7649068118603957,-1.7692173707996979,0.47771751766554277,-1.5242174375569002,0.26771738415113844,-1.8199879098989806,-0.182511960013882,-1.1568680372395344,-0.8396019905052344,-1,1,-1,1,-18,-18,-18,-18,-18,-18,-18,-19
1783308241.9456055,0.0,0.0,0.12,0.0,0.0,1,10.225092959257768,-10.225092959257768,10.225092959257768,-10.225092959257768,15.449999809265137,-11.279999732971191,14.279999732971191,-11.09000015258789,-5.224906850007368,1.054906773713423,-4.054906773713423,0.8649071933301222,-1.8287173975025788,0.369217370799698,-1.419217370799698,0.3027175176655428,-1.867012071549047,-0.1730177990504612,-1.1933621982029552,-0.8318178257652633,-1,1,-1,1,-18,-18,-18,-18,-18,-18,-18,-19
1783308241.9656255,0.0,0.0,0.12,0.0,0.0,1,10.225092959257768,-10.225092959257768,10.225092959257768,-10.225092959257768,15.449999809265137,-11.279999732971191,14.279999732971191,-11.09000015258789,-5.224906850007368,1.054906773713423,-4.054906773713423,0.8649071933301222,-1.8287173975025788,0.369217370799698,-1.419217370799698,0.3027175176655428,-1.9140362331991134,-0.16352363808704037,-1.229856359166376,-0.8240336610252922,-1,1,-1,1,-18,-18,-18,-18,-18,-18,-18,-19
1783308241.985663,0.0,0.0,0.12,0.0,0.0,1,10.225092959257768,-10.225092959257768,10.225092959257768,-10.225092959257768,14.4399995803833,-11.520000457763672,14.75,-11.609999656677246,-4.214906621125532,1.2949074985059035,-4.524907040742232,1.3849066974194777,-1.4752173173939362,0.4532176244770662,-1.5837174642597809,0.48471734409681716,-1.9519703927892431,-0.15186947060048725,-1.2705805225330562,-0.8115695007485169,-1,1,-1,1,-18,-18,-18,-18,-18,-18,-18,-18
1783308242.0055957,0.0,0.0,0.12,0.0,0.0,1,10.225092959257768,-10.225092959257768,10.225092959257768,-10.225092959257768,14.4399995803833,-11.520000457763672,14.75,-11.609999656677246,-4.214906621125532,1.2949074985059035,-4.524907040742232,1.3849066974194777,-1.4752173173939362,0.4532176244770662,-1.5837174642597809,0.48471734409681716,-1.9899045523793728,-0.14021530311393413,-1.3113046858997364,-0.7991053404717415,-1,1,-1,1,-18,-18,-18,-18,-18,-18,-18,-18
1783308242.0256116,0.0,0.0,0.12,0.0,0.0,1,10.225092959257768,-10.225092959257768,10.225092959257768,-10.225092959257768,14.4399995803833,-11.520000457763672,14.75,-11.609999656677246,-4.214906621125532,1.2949074985059035,-4.524907040742232,1.3849066974194777,-1.4752173173939362,0.4532176244770662,-1.5837174642597809,0.48471734409681716,-2.0278387119695025,-0.128561135627381,-1.3520288492664165,-0.7866411801949662,-1,1,-1,1,-18,-18,-18,-18,-18,-18,-18,-18
1783308242.0455914,0.0,0.0,0.12,0.0,0.0,1,10.225092959257768,-10.225092959257768,10.225092959257768,-10.225092959257768,13.960000038146973,-11.229999542236328,15.079999923706055,-12.199999809265137,-3.7349070788892043,1.0049065829785597,-4.854906964448286,1.9749068500073683,-1.3072174776112213,0.3517173040424959,-1.6992174375569,0.6912173975025788,-2.0614528756795054,-0.11951697638057396,-1.3957230119464512,-0.7688670185448999,-1,1,-1,1,-18,-18,-18,-18,-18,-18,-18,-18
1783308242.0656095,0.0,0.0,0.12,0.0,0.0,1,10.225092959257768,-10.225092959257768,10.225092959257768,-10.225092959257768,13.960000038146973,-11.229999542236328,15.079999923706055,-12.199999809265137,-3.7349070788892043,1.0049065829785597,-4.854906964448286,1.9749068500073683,-1.3072174776112213,0.3517173040424959,-1.6992174375569,0.6912173975025788,-2.0950670393895083,-0.11047281713376692,-1.4394171746264859,-0.7510928568948336,-1,1,-1,1,-18,-18,-18,-18,-18,-18,-18,-18
1783308242.0856721,0.0,0.0,0.12,0.0,0.0,1,10.225092959257768,-10.225092959257768,10.225092959257768,-10.225092959257768,13.619999885559082,-11.260000228881836,14.40999984741211,-12.15999984741211,-3.3949069263013136,1.0349072696240675,-4.184906888154341,1.934906888154341,-1.1882174242054597,0.3622175443684236,-1.4647174108540193,0.6772174108540193,-2.1256212017262204,-0.1011586517071503,-1.477081336619875,-0.7336786949014446,-1,1,-1,1,-18,-18,-18,-18,-18,-18,-18,-18
1783308242.1056964,0.0,0.0,0.12,0.0,0.0,1,10.225092959257768,-10.225092959257768,10.225092959257768,-10.225092959257768,13.619999885559082,-11.260000228881836,14.40999984741211,-12.15999984741211,-3.3949069263013136,1.0349072696240675,-4.184906888154341,1.934906888154341,-1.1882174242054597,0.3622175443684236,-1.4647174108540193,0.6772174108540193,-2.1561753640629324,-0.09184448628053368,-1.514745498613264,-0.7162645329080555,-1,1,-1,1,-18,-18,-18,-18,-18,-18,-18,-18
1783308242.1256144,0.0,0.0,0.12,0.0,0.0,1,10.225092959257768,-10.225092959257768,10.225092959257768,-10.225092959257768,13.619999885559082,-11.260000228881836,14.40999984741211,-12.15999984741211,-3.3949069263013136,1.0349072696240675,-4.184906888154341,1.934906888154341,-1.1882174242054597,0.3622175443684236,-1.4647174108540193,0.6772174108540193,-2.1867295263996445,-0.08253032085391707,-1.552409660606653,-0.6988503709146664,-1,1,-1,1,-18,-18,-18,-18,-18,-18,-18,-18
1783308242.1456013,0.0,0.0,0.12,0.0,0.0,1,10.225092959257768,-10.225092959257768,10.225092959257768,-10.225092959257768,13.380000114440918,-11.960000038146973,14.609999656677246,-12.140000343322754,-3.1549071551831496,1.7349070788892043,-4.384906697419478,1.9149073840649855,-1.1042175043141023,0.6072174776112215,-1.5347173440968171,0.6702175844227449,-2.215123690796293,-0.06691615714391423,-1.5918738208834284,-0.6816162044580816,-1,1,-1,1,-18,-18,-18,-18,-18,-18,-18,-18
1783308242.1656117,0.0,0.0,0.12,0.0,0.0,1,10.225092959257768,-10.225092959257768,10.225092959257768,-10.225092959257768,13.380000114440918,-11.960000038146973,14.609999656677246,-12.140000343322754,-3.1549071551831496,1.7349070788892043,-4.384906697419478,1.9149073840649855,-1.1042175043141023,0.6072174776112215,-1.5347173440968171,0.6702175844227449,-2.243517855192941,-0.05130199343391139,-1.6313379811602038,-0.6643820380014968,-1,1,-1,1,-18,-18,-18,-18,-18,-18,-18,-18
1783308242.1856666,0.0,0.0,0.12,0.0,0.0,1,10.225092959257768,-10.225092959257768,10.225092959257768,-10.225092959257768,13.4399995803833,-11.539999961853027,14.300000190734863,-12.569999694824219,-3.2149066211255324,1.314907002595259,-4.074907231477095,2.3449067355664504,-1.1252173173939362,0.4602174509083406,-1.4262175310169831,0.8207173574482576,-2.272452014783071,-0.03946783041055406,-1.6680121462434976,-0.6432778773813987,-1,1,-1,1,-18,-18,-18,-18,-18,-18,-18,-18
1783308242.2056897,0.0,0.0,0.12,0.0,0.0,1,10.225092959257768,-10.225092959257768,10.225092959257768,-10.225092959257768,13.4399995803833,-11.539999961853027,14.300000190734863,-12.569999694824219,-3.2149066211255324,1.314907002595259,-4.074907231477095,2.3449067355664504,-1.1252173173939362,0.4602174509083406,-1.4262175310169831,0.8207173574482576,-2.301386174373201,-0.027633667387196727,-1.7046863113267914,-0.6221737167613007,-1,1,-1,1,-18,-18,-18,-18,-18,-18,-18,-18
1783308242.2256134,0.0,0.0,0.12,0.0,0.0,1,10.225092959257768,-10.225092959257768,10.225092959257768,-10.225092959257768,13.4399995803833,-11.539999961853027,14.300000190734863,-12.569999694824219,-3.2149066211255324,1.314907002595259,-4.074907231477095,2.3449067355664504,-1.1252173173939362,0.4602174509083406,-1.4262175310169831,0.8207173574482576,-2.330320333963331,-0.015799504363839395,-1.7413604764100852,-0.6010695561412027,-1,1,-1,1,-18,-18,-18,-18,-18,-18,-18,-18
1783308242.245754,0.0,0.0,0.12,0.0,0.0,1,10.225092959257768,-10.225092959257768,10.225092959257768,-10.225092959257768,12.579999923706055,-10.800000190734863,14.09000015258789,-13.100000381469727,-2.3549069644482863,0.5749072314770949,-3.8649071933301222,2.874907422211958,-0.8242174375569001,0.2012175310169832,-1.3527175176655426,1.0062175977741854,-2.351514496643366,-0.01062533928054554,-1.7761446411500563,-0.5751953893412951,-1,1,-1,1,-18,-18,-18,-18,-18,-18,-18,-18
1783308242.265606,0.0,0.0,0.12,0.0,0.0,1,10.225092959257768,-10.225092959257768,10.225092959257768,-10.225092959257768,12.579999923706055,-10.800000190734863,14.09000015258789,-13.100000381469727,-2.3549069644482863,0.5749072314770949,-3.8649071933301222,2.874907422211958,-0.8242174375569001,0.2012175310169832,-1.3527175176655426,1.0062175977741854,-2.3727086593234006,-0.005451174197251684,-1.8109288058900275,-0.5493212225413875,-1,1,-1,1,-18,-18,-18,-18,-18,-18,-18,-18
1783308242.2858453,0.0,0.0,0.12,0.0,0.0,1,10.225092959257768,-10.225092959257768,10.225092959257768,-10.225092959257768,12.199999809265137,-10.5,14.84000015258789,-12.569999694824219,-1.9749068500073683,0.2749070407422316,-4.614907193330122,2.3449067355664504,-0.6912173975025788,0.09621746425978106,-1.6152175176655428,0.8207173574482576,-2.390482820973467,-0.0029770108305715998,-1.8524629706299987,-0.5282170619212895,-1,1,-1,1,-18,-18,-18,-18,-18,-18,-18,-18
1783308242.3057296,0.0,0.0,0.12,0.0,0.0,1,10.225092959257768,-10.225092959257768,10.225092959257768,-10.225092959257768,12.199999809265137,-10.5,14.84000015258789,-12.569999694824219,-1.9749068500073683,0.2749070407422316,-4.614907193330122,2.3449067355664504,-0.6912173975025788,0.09621746425978106,-1.6152175176655428,0.8207173574482576,-2.4082569826235334,-0.0005028474638915153,-1.8939971353699698,-0.5071129013011915,-1,1,-1,1,-18,-18,-18,-18,-18,-18,-18,-18
1783308242.3256278,0.0,0.0,0.12,0.0,0.0,1,10.225092959257768,-10.225092959257768,10.225092959257768,-10.225092959257768,12.199999809265137,-10.5,14.84000015258789,-12.569999694824219,-1.9749068500073683,0.2749070407422316,-4.614907193330122,2.3449067355664504,-0.6912173975025788,0.09621746425978106,-1.6152175176655428,0.8207173574482576,-2.4260311442736,0.001971315902788569,-1.935531300109941,-0.4860087406810934,-1,1,-1,1,-18,-18,-18,-18,-18,-18,-18,-18
1783308242.3457994,0.0,0.0,0.12,0.0,0.0,1,10.225092959257768,-10.225092959257768,10.225092959257768,-10.225092959257768,11.9399995803833,-10.069999694824219,14.6899995803833,-13.100000381469727,-1.7149066211255324,-0.15509326443354965,-4.464906621125532,2.874907422211958,-0.6002173173939362,-0.05428264255174237,-1.5627173173939362,1.0062175977741854,-2.4414653038637297,0.0005754765228866221,-1.9757154597000708,-0.4601345738811858,-1,1,-1,1,-18,-18,-18,-18,-18,-18,-18,-18
1783308242.3656049,0.0,0.0,0.12,0.0,0.0,1,10.225092959257768,-10.225092959257768,10.225092959257768,-10.225092959257768,11.9399995803833,-10.069999694824219,14.6899995803833,-13.100000381469727,-1.7149066211255324,-0.15509326443354965,-4.464906621125532,2.874907422211958,-0.6002173173939362,-0.05428264255174237,-1.5627173173939362,1.0062175977741854,-2.4568994634538597,-0.0008203628570153249,-2.0158996192902006,-0.43426040708127817,-1,1,-1,1,-18,-18,-18,-18,-18,-18,-18,-18
1783308242.3856344,0.0,0.0,0.12,0.0,0.0,1,10.225092959257768,-10.225092959257768,10.225092959257768,-10.225092959257768,11.529999732971191,-10.220000267028809,15.489999771118164,-13.470000267028809,-1.304906773713423,-0.005092692228959805,-5.264906811860396,3.24490730777104,-0.45671737079969804,-0.0017824422801359318,-1.8427173841511384,1.135717557719864,-2.4686436244172807,-0.0008661970870759631,-2.063283780596944,-0.4050562413113388,-1,1,-1,1,-18,-18,-18,-18,-18,-18,-18,-18
1783308242.405603,0.0,0.0,0.12,0.0,0.0,1,10.225092959257768,-10.225092959257768,10.225092959257768,-10.225092959257768,11.529999732971191,-10.220000267028809,15.489999771118164,-13.470000267028809,-1.304906773713423,-0.005092692228959805,-5.264906811860396,3.24490730777104,-0.45671737079969804,-0.0017824422801359318,-1.8427173841511384,1.135717557719864,-2.4803877853807017,-0.0009120313171366013,-2.110667941903688,-0.3758520755413995,-1,1,-1,1,-18,-18,-18,-18,-18,-18,-18,-18
1783308242.4256465,0.0,0.0,0.12,0.0,0.0,1,10.225092959257768,-10.225092959257768,10.225092959257768,-10.225092959257768,11.529999732971191,-10.220000267028809,15.489999771118164,-13.470000267028809,-1.304906773713423,-0.005092692228959805,-5.264906811860396,3.24490730777104,-0.45671737079969804,-0.0017824422801359318,-1.8427173841511384,1.135717557719864,-2.4921319463441227,-0.0009578655471972395,-2.1580521032104314,-0.34664790977146015,-1,1,-1,1,-18,-18,-18,-18,-18,-18,-18,-18
1783308242.445599,0.0,0.0,0.12,0.0,0.0,1,10.225092959257768,-10.225092959257768,10.225092959257768,-10.225092959257768,11.460000038146973,-9.640000343322754,14.920000076293945,-13.960000038146973,-1.2349070788892043,-0.5850926159350145,-4.694907117036177,3.7349070788892043,-0.4322174776112215,-0.20478241557725507,-1.6432174909626618,1.3072174776112213,-2.5032461100541257,-0.00622369909061237,-2.2003062672637568,-0.3130337460614573,-1,1,-1,1,-18,-18,-18,-18,-18,-18,-18,-18
1783308242.4655876,0.0,0.0,0.12,0.0,0.0,1,10.225092959257768,-10.225092959257768,10.225092959257768,-10.225092959257768,11.460000038146973,-9.640000343322754,14.920000076293945,-13.960000038146973,-1.2349070788892043,-0.5850926159350145,-4.694907117036177,3.7349070788892043,-0.4322174776112215,-0.20478241557725507,-1.6432174909626618,1.3072174776112213,-2.5143602737641286,-0.0114895326340275,-2.242560431317082,-0.2794195823514544,-1,1,-1,1,-18,-18,-18,-18,-18,-18,-18,-18
1783308242.4857175,0.0,0.0,0.12,0.0,0.0,1,10.225092959257768,-10.225092959257768,10.225092959257768,-10.225092959257768,10.970000267028809,-9.239999771118164,15.199999809265137,-13.850000381469727,-0.7449073077710402,-0.9850931881396043,-4.974906850007368,3.624907422211958,-0.26071755771986405,-0.3447826158488615,-1.7412173975025789,1.2687175977741854,-2.521064439534068,-0.02035537132728394,-2.2873345929671487,-0.2467954155515468,-1,1,-1,1,-18,-18,-18,-18,-18,-18,-18,-18
1783308242.5055852,0.0,0.0,0.12,0.0,0.0,1,10.225092959257768,-10.225092959257768,10.225092959257768,-10.225092959257768,10.970000267028809,-9.239999771118164,15.199999809265137,-13.850000381469727,-0.7449073077710402,-0.9850931881396043,-4.974906850007368,3.624907422211958,-0.26071755771986405,-0.3447826158488615,-1.7412173975025789,1.2687175977741854,-2.527768605304007,-0.02922121002054038,-2.332108754617215,-0.21417124875163918,-1,1,-1,1,-18,-18,-18,-18,-18,-18,-18,-18
1783308242.5256755,0.0,0.0,0.12,0.0,0.0,1,10.225092959257768,-10.225092959257768,10.225092959257768,-10.225092959257768,10.970000267028809,-9.239999771118164,15.199999809265137,-13.850000381469727,-0.7449073077710402,-0.9850931881396043,-4.974906850007368,3.624907422211958,-0.26071755771986405,-0.3447826158488615,-1.7412173975025789,1.2687175977741854,-2.534472771073946,-0.03808704871379682,-2.376882916267281,-0.18154708195173155,-1,1,-1,1,-18,-18,-18,-18,-18,-18,-18,-18
1783308242.54564,0.0,0.0,0.12,0.0,0.0,1,10.225092959257768,-10.225092959257768,10.225092959257768,-10.225092959257768,10.619999885559082,-9.1899995803833,15.390000343322754,-13.989999771118164,-0.39490692630131363,-1.0350933788744676,-5.1649073840649855,3.7649068118603957,-0.13821742420545977,-0.36228268260606367,-1.8077175844227449,1.3177173841511385,-2.538026933410658,-0.047402889123667025,-2.423367082723866,-0.14766292064498798,-1,1,-1,1,-18,-18,-18,-18,-18,-18,-18,-18
1783308242.5656,0.0,0.0,0.12,0.0,0.0,1,10.225092959257768,-10.225092959257768,10.225092959257768,-10.225092959257768,10.619999885559082,-9.1899995803833,15.390000343322754,-13.989999771118164,-0.39490692630131363,-1.0350933788744676,-5.1649073840649855,3.7649068118603957,-0.13821742420545977,-0.36228268260606367,-1.8077175844227449,1.3177173841511385,-2.54158109574737,-0.05671872953353724,-2.4698512491804507,-0.11377875933824441,-1,1,-1,1,-18,-18,-18,-18,-18,-18,-18,-18
1783308242.5856783,0.0,0.0,0.12,0.0,0.0,1,10.225092959257768,-10.225092959257768,10.225092959257768,-10.225092959257768,10.829999923706055,-9.149999618530273,15.529999732971191,-13.869999885559082,-0.6049069644482863,-1.075093340727495,-5.304906773713423,3.6449069263013136,-0.2117174375569002,-0.3762826692546232,-1.856717370799698,1.2757174242054596,-2.5470252584274045,-0.06639456960008469,-2.5175954101438713,-0.08097459700153259,-1,1,-1,1,-18,-18,-18,-18,-18,-18,-18,-18
1783308242.6057277,0.0,0.0,0.12,0.0,0.0,1,10.225092959257768,-10.225092959257768,10.225092959257768,-10.225092959257768,10.829999923706055,-9.149999618530273,15.529999732971191,-13.869999885559082,-0.6049069644482863,-1.075093340727495,-5.304906773713423,3.6449069263013136,-0.2117174375569002,-0.3762826692546232,-1.856717370799698,1.2757174242054596,-2.552469421107439,-0.07607040966663214,-2.565339571107292,-0.048170434664820766,-1,1,-1,1,-18,-18,-18,-18,-18,-18,-18,-18
1783308242.6256266,0.0,0.0,0.12,0.0,0.0,1,10.225092959257768,-10.225092959257768,10.225092959257768,-10.225092959257768,10.829999923706055,-9.149999618530273,15.529999732971191,-13.869999885559082,-0.6049069644482863,-1.075093340727495,-5.304906773713423,3.6449069263013136,-0.2117174375569002,-0.3762826692546232,-1.856717370799698,1.2757174242054596,-2.5579135837874736,-0.0857462497331796,-2.6130837320707125,-0.015366272328108943,-1,1,-1,1,-18,-18,-18,-18,-18,-18,-18,-18
1783308242.6456406,0.0,0.0,0.12,0.0,0.0,1,10.225092959257768,-10.225092959257768,10.225092959257768,-10.225092959257768,12.34000015258789,-9.119999885559082,15.850000381469727,-13.5600004196167,-2.1149071933301222,-1.1050930736986864,-5.624907422211958,3.334907460358931,-0.7402175176655428,-0.38678257579454023,-1.9687175977741853,1.1672176111256256,-2.5769477485274446,-0.09569208739646777,-2.66370789887062,0.014647894815121437,-1,1,-1,1,-18,-18,-18,-18,-18,-18,-18,-18
1783308242.6657333,0.0,0.0,0.12,0.0,0.0,1,10.225092959257768,-10.225092959257768,10.225092959257768,-10.225092959257768,12.34000015258789,-9.119999885559082,15.850000381469727,-13.5600004196167,-2.1149071933301222,-1.1050930736986864,-5.624907422211958,3.334907460358931,-0.7402175176655428,-0.38678257579454023,-1.9687175977741853,1.1672176111256256,-2.5959819132674156,-0.10563792505975594,-2.714332065670528,0.04466206195835182,-1,1,-1,1,-18,-18,-18,-18,-18,-18,-18,-18
1783308242.6856797,0.0,0.0,0.12,0.0,0.0,1,10.225092959257768,-10.225092959257768,10.225092959257768,-10.225092959257768,12.029999732971191,-9.100000381469727,14.949999809265137,-12.210000038146973,-1.804906773713423,-1.1250925777880418,-4.724906850007368,1.9849070788892043,-0.631717370799698,-0.3937824022258146,-1.6537173975025787,0.6947174776112215,-2.6122260742308363,-0.11576375825984832,-2.7568562273205943,0.06252622566835465,-1,1,-1,1,-18,-18,-18,-18,-18,-19,-18,-18
1783308242.7056417,0.0,0.0,0.12,0.0,0.0,1,10.225092959257768,-10.225092959257768,10.225092959257768,-10.225092959257768,12.029999732971191,-9.100000381469727,14.949999809265137,-12.210000038146973,-1.804906773713423,-1.1250925777880418,-4.724906850007368,1.9849070788892043,-0.631717370799698,-0.3937824022258146,-1.6537173975025787,0.6947174776112215,-2.628470235194257,-0.1258895914599407,-2.7993803889706608,0.08039038937835749,-1,1,-1,1,-18,-18,-18,-18,-18,-19,-18,-18
1783308242.7256634,0.0,0.0,0.12,0.0,0.0,1,10.225092959257768,-10.225092959257768,10.225092959257768,-10.225092959257768,12.029999732971191,-9.100000381469727,14.949999809265137,-12.210000038146973,-1.804906773713423,-1.1250925777880418,-4.724906850007368,1.9849070788892043,-0.631717370799698,-0.3937824022258146,-1.6537173975025787,0.6947174776112215,-2.644714396157678,-0.13601542466003308,-2.841904550620727,0.09825455308836033,-1,1,-1,1,-18,-18,-18,-18,-18,-19,-18,-18
1783308242.7456026,0.0,0.0,0.12,0.0,0.0,1,10.225092959257768,-10.225092959257768,10.225092959257768,-10.225092959257768,12.039999961853027,-9.09000015258789,14.079999923706055,-10.579999923706055,-1.814907002595259,-1.1350928066698778,-3.8549069644482863,0.3549069644482863,-0.6352174509083406,-0.3972824823344572,-1.3492174375569002,0.12421743755690019,-2.6610485591810353,-0.14623125992006197,-2.876598713300762,0.1014487157683949,-1,1,-1,1,-18,-18,-18,-18,-18,-19,-18,-18
1783308242.7657683,0.0,0.0,0.12,0.0,0.0,1,10.225092959257768,-10.225092959257768,10.225092959257768,-10.225092959257768,12.039999961853027,-9.09000015258789,14.079999923706055,-10.579999923706055,-1.814907002595259,-1.1350928066698778,-3.8549069644482863,0.3549069644482863,-0.6352174509083406,-0.3972824823344572,-1.3492174375569002,0.12421743755690019,-2.677382722204393,-0.15644709518009087,-2.911292875980797,0.10464287844842947,-1,1,-1,1,-18,-18,-18,-18,-18,-19,-18,-18
1783308242.7856896,0.0,0.0,0.12,0.0,0.0,1,10.225092959257768,-10.225092959257768,10.225092959257768,-10.225092959257768,12.960000038146973,-9.979999542236328,13.479999542236328,-10.350000381469727,-2.7349070788892043,-0.24509341702144027,-3.2549065829785597,0.12490742221195816,-0.9572174776112214,-0.0857826959575041,-1.1392173040424958,0.04371759777418535,-2.701996885914396,-0.15865293593328383,-2.940587035227604,0.10576704524833709,-1,1,-1,1,-18,-18,-18,-18,-18,-18,-18,-18
1783308242.8057513,0.0,0.0,0.12,0.0,0.0,1,10.225092959257768,-10.225092959257768,10.225092959257768,-10.225092959257768,12.960000038146973,-9.979999542236328,13.479999542236328,-10.350000381469727,-2.7349070788892043,-0.24509341702144027,-3.2549065829785597,0.12490742221195816,-0.9572174776112214,-0.0857826959575041,-1.1392173040424958,0.04371759777418535,-2.726611049624399,-0.1608587766864768,-2.969881194474411,0.10689121204824471,-1,1,-1,1,-18,-18,-18,-18,-18,-18,-18,-18
1783308242.825587,0.0,0.0,0.12,0.0,0.0,1,10.225092959257768,-10.225092959257768,10.225092959257768,-10.225092959257768,12.960000038146973,-9.979999542236328,13.479999542236328,-10.350000381469727,-2.7349070788892043,-0.24509341702144027,-3.2549065829785597,0.12490742221195816,-0.9572174776112214,-0.0857826959575041,-1.1392173040424958,0.04371759777418535,-2.751225213334402,-0.16306461743966977,-2.999175353721218,0.10801537884815234,-1,1,-1,1,-18,-18,-18,-18,-18,-18,-18,-18
1783308242.8457372,0.0,0.0,0.12,0.0,0.0,1,10.225092959257768,-10.225092959257768,10.225092959257768,-10.225092959257768,13.369999885559082,-10.380000114440918,12.380000114440918,-9.960000038146973,-3.1449069263013136,0.15490715518314957,-2.1549071551831496,-0.26509292111079574,-1.1007174242054596,0.05421750431410235,-0.7542175043141023,-0.0927825223887785,-2.779529375671114,-0.1616704530430214,-3.0185695181178662,0.10562954255815517,-1,1,-1,1,-18,-18,-18,-18,-18,-18,-18,-18
1783308242.865629,0.0,0.0,0.12,0.0,0.0,1,10.225092959257768,-10.225092959257768,10.225092959257768,-10.225092959257768,13.369999885559082,-10.380000114440918,12.380000114440918,-9.960000038146973,-3.1449069263013136,0.15490715518314957,-2.1549071551831496,-0.26509292111079574,-1.1007174242054596,0.05421750431410235,-0.7542175043141023,-0.0927825223887785,-2.807833538007826,-0.16027628864637306,-3.0379636825145147,0.103243706268158,-1,1,-1,1,-18,-18,-18,-18,-18,-18,-18,-18
1783308242.8857398,0.0,0.0,0.12,0.0,0.0,1,10.225092959257768,-10.225092959257768,10.225092959257768,-10.225092959257768,13.4399995803833,-10.890000343322754,11.84000015258789,-9.460000038146973,-3.2149066211255324,0.6649073840649855,-1.6149071933301222,-0.7650929211107957,-1.1252173173939362,0.2327175844227449,-0.5652175176655427,-0.2677825223887785,-2.8367676975979554,-0.1542921221897882,-3.052497847254486,0.09635786997816084,-1,1,-1,1,-18,-18,-18,-18,-18,-18,-18,-18
1783308242.9055853,0.0,0.0,0.12,0.0,0.0,1,10.225092959257768,-10.225092959257768,10.225092959257768,-10.225092959257768,13.4399995803833,-10.890000343322754,11.84000015258789,-9.460000038146973,-3.2149066211255324,0.6649073840649855,-1.6149071933301222,-0.7650929211107957,-1.1252173173939362,0.2327175844227449,-0.5652175176655427,-0.2677825223887785,-2.8657018571880855,-0.14830795573320332,-3.067032011994457,0.08947203368816369,-1,1,-1,1,-18,-18,-18,-18,-18,-18,-18,-18
1783308242.9256358,0.0,0.0,0.12,0.0,0.0,1,10.225092959257768,-10.225092959257768,10.225092959257768,-10.225092959257768,13.4399995803833,-10.890000343322754,11.84000015258789,-9.460000038146973,-3.2149066211255324,0.6649073840649855,-1.6149071933301222,-0.7650929211107957,-1.1252173173939362,0.2327175844227449,-0.5652175176655427,-0.2677825223887785,-2.8946360167782155,-0.14232378927661846,-3.0815661767344285,0.08258619739816653,-1,1,-1,1,-18,-18,-18,-18,-18,-18,-18,-18
1783308242.9457273,0.0,0.0,0.12,0.0,0.0,1,10.225092959257768,-10.225092959257768,10.225092959257768,-10.225092959257768,13.260000228881836,-10.569999694824219,12.130000114440918,-9.119999885559082,-3.0349072696240675,0.34490673556645035,-1.9049071551831496,-1.1050930736986864,-1.0622175443684236,0.12071735744825761,-0.6667175043141023,-0.38678257579454023,-2.921950182204832,-0.1392196286565204,-3.098710341131077,0.07264035973487835,-1,1,-1,1,-18,-18,-18,-18,-18,-18,-18,-18
1783308242.965603,0.0,0.0,0.12,0.0,0.0,1,10.225092959257768,-10.225092959257768,10.225092959257768,-10.225092959257768,13.260000228881836,-10.569999694824219,12.130000114440918,-9.119999885559082,-3.0349072696240675,0.34490673556645035,-1.9049071551831496,-1.1050930736986864,-1.0622175443684236,0.12071735744825761,-0.6667175043141023,-0.38678257579454023,-2.9492643476314484,-0.13611546803642235,-3.115854505527725,0.06269452207159018,-1,1,-1,1,-18,-18,-18,-18,-18,-18,-18,-18
1783308242.9857166,0.0,0.0,0.12,0.0,0.0,1,10.225092959257768,-10.225092959257768,10.225092959257768,-10.225092959257768,13.350000381469727,-9.890000343322754,11.890000343322754,-8.1899995803833,-3.124907422211958,-0.3350926159350145,-1.6649073840649855,-2.0350933788744676,-1.0937175977741853,-0.11728241557725506,-0.5827175844227449,-0.7122826826060636,-2.977388514431356,-0.1391313015798375,-3.13083867198431,0.044378681661719974,-1,1,-1,1,-18,-18,-18,-18,-18,-18,-18,-19
1783308243.005574,0.0,0.0,0.0,0.0,0.0,0,0.0,0.0,0.0,0.0,13.350000381469727,-9.890000343322754,11.890000343322754,-8.1899995803833,-13.350000381469727,9.890000343322754,-11.890000343322754,8.1899995803833,-4.672500133514404,3.4615001201629636,-4.161500120162963,2.866499853134155,0.0,0.0,0.0,0.0,-1,1,-1,1,0,0,0,0,0,0,0,0
1783308243.0255778,0.0,0.0,0.0,0.0,0.0,0,0.0,0.0,0.0,0.0,13.350000381469727,-9.890000343322754,11.890000343322754,-8.1899995803833,-13.350000381469727,9.890000343322754,-11.890000343322754,8.1899995803833,-4.672500133514404,3.4615001201629636,-4.161500120162963,2.866499853134155,0.0,0.0,0.0,0.0,-1,1,-1,1,0,0,0,0,0,0,0,0
1783308243.0455744,0.0,0.0,0.0,0.0,0.0,0,0.0,0.0,0.0,0.0,13.420000076293945,-9.40999984741211,11.720000267028809,-8.0,-13.420000076293945,9.40999984741211,-11.720000267028809,8.0,-4.697000026702881,3.2934999465942383,-4.102000093460083,2.8,0.0,0.0,0.0,0.0,-1,1,-1,1,0,0,0,0,0,0,0,0
1783308243.0655644,0.0,0.0,0.0,0.0,0.0,0,0.0,0.0,0.0,0.0,13.420000076293945,-9.40999984741211,11.720000267028809,-8.0,-13.420000076293945,9.40999984741211,-11.720000267028809,8.0,-4.697000026702881,3.2934999465942383,-4.102000093460083,2.8,0.0,0.0,0.0,0.0,-1,1,-1,1,0,0,0,0,0,0,0,0
1783308243.0858064,0.0,0.0,0.0,0.0,0.0,0,0.0,0.0,0.0,0.0,11.65999984741211,-8.170000076293945,10.470000267028809,-6.28000020980835,-11.65999984741211,8.170000076293945,-10.470000267028809,6.28000020980835,-4.080999946594238,2.8595000267028805,-3.6645000934600827,2.1980000734329224,0.0,0.0,0.0,0.0,-1,1,-1,1,0,0,0,0,0,0,0,0
1783308243.1056027,0.0,0.0,0.12,0.0,0.0,1,10.225092959257768,-10.225092959257768,10.225092959257768,-10.225092959257768,11.65999984741211,-8.170000076293945,10.470000267028809,-6.28000020980835,-1.434906888154341,-2.055092882963823,-0.2449073077710402,-3.945092749449419,-0.5022174108540193,-0.719282509037338,-0.08571755771986406,-1.3807824623072964,-0.01291416199338907,-0.018495835946674408,-0.002204165769939362,-0.03550583474504477,-1,1,-1,1,-18,-18,-18,-18,-18,-19,-18,-19
1783308243.1256404,0.0,0.0,0.12,0.0,0.0,1,10.225092959257768,-10.225092959257768,10.225092959257768,-10.225092959257768,11.65999984741211,-8.170000076293945,10.470000267028809,-6.28000020980835,-1.434906888154341,-2.055092882963823,-0.2449073077710402,-3.945092749449419,-0.5022174108540193,-0.719282509037338,-0.08571755771986406,-1.3807824623072964,-0.02582832398677814,-0.036991671893348815,-0.004408331539878724,-0.07101166949008954,-1,1,-1,1,-18,-18,-18,-18,-18,-19,-18,-19
1783308243.1455832,0.0,0.0,0.0,0.0,0.0,0,0.0,0.0,0.0,0.0,8.390000343322754,-5.71999979019165,7.329999923706055,-4.389999866485596,-8.390000343322754,5.71999979019165,-7.329999923706055,4.389999866485596,-2.9365001201629637,2.0019999265670774,-2.565499973297119,1.5364999532699584,0.0,0.0,0.0,0.0,-1,1,-1,1,0,0,0,0,0,0,0,0
1783308243.1655827,0.0,0.0,0.0,0.0,0.0,0,0.0,0.0,0.0,0.0,8.390000343322754,-5.71999979019165,7.329999923706055,-4.389999866485596,-8.390000343322754,5.71999979019165,-7.329999923706055,4.389999866485596,-2.9365001201629637,2.0019999265670774,-2.565499973297119,1.5364999532699584,0.0,0.0,0.0,0.0,-1,1,-1,1,0,0,0,0,0,0,0,0
1783308243.1857212,0.0,0.0,0.0,0.0,0.0,0,0.0,0.0,0.0,0.0,6.320000171661377,-4.909999847412109,5.809999942779541,-4.659999847412109,-6.320000171661377,4.909999847412109,-5.809999942779541,4.659999847412109,-2.2120000600814818,1.718499946594238,-2.0334999799728393,1.6309999465942382,0.0,0.0,0.0,0.0,-1,1,-1,1,0,0,0,0,0,0,0,0
1783308243.2055933,0.0,0.0,0.0,0.0,0.0,0,0.0,0.0,0.0,0.0,6.320000171661377,-4.909999847412109,5.809999942779541,-4.659999847412109,-6.320000171661377,4.909999847412109,-5.809999942779541,4.659999847412109,-2.2120000600814818,1.718499946594238,-2.0334999799728393,1.6309999465942382,0.0,0.0,0.0,0.0,-1,1,-1,1,0,0,0,0,0,0,0,0
1783308243.2255814,0.0,0.0,0.0,0.0,0.0,0,0.0,0.0,0.0,0.0,6.320000171661377,-4.909999847412109,5.809999942779541,-4.659999847412109,-6.320000171661377,4.909999847412109,-5.809999942779541,4.659999847412109,-2.2120000600814818,1.718499946594238,-2.0334999799728393,1.6309999465942382,0.0,0.0,0.0,0.0,-1,1,-1,1,0,0,0,0,0,0,0,0
1783308243.2457001,0.0,0.0,0.0,0.0,0.0,0,0.0,0.0,0.0,0.0,4.429999828338623,-3.440000057220459,3.8399999141693115,-3.490000009536743,-4.429999828338623,3.440000057220459,-3.8399999141693115,3.490000009536743,-1.550499939918518,1.2040000200271606,-1.3439999699592589,1.22150000333786,0.0,0.0,0.0,0.0,-1,1,-1,1,0,0,0,0,0,0,0,0
1783308243.2656364,0.0,0.0,0.12,0.0,0.0,1,10.225092959257768,-10.225092959257768,10.225092959257768,-10.225092959257768,4.429999828338623,-3.440000057220459,3.8399999141693115,-3.490000009536743,5.795093130919145,-6.785092902037309,6.385093045088457,-6.735092949721025,2.028282595821701,-2.374782515713058,2.23478256578096,-2.3572825324023587,0.05215583817827232,-0.06106583611833579,0.05746583740579611,-0.060615836547489234,-1,1,-1,1,-18,-18,-18,-18,-20,-20,-20,-20
1783308243.2856655,0.0,0.0,0.12,0.0,0.0,1,10.225092959257768,-10.225092959257768,10.225092959257768,-10.225092959257768,3.0999999046325684,-2.4100000858306885,2.690000057220459,-2.2200000286102295,7.1250930546252,-7.81509287342708,7.535092902037309,-8.005092930647539,2.49378256911882,-2.7352825056994776,2.637282515713058,-2.8017825257266384,0.11628167566989911,-0.1314016719791795,0.1252816735241319,-0.1326616729233171,-1,1,-1,1,-18,-18,-18,-18,-21,-21,-21,-21
1783308243.3055813,0.0,0.0,0.0,0.0,0.0,0,0.0,0.0,0.0,0.0,3.0999999046325684,-2.4100000858306885,2.690000057220459,-2.2200000286102295,-3.0999999046325684,2.4100000858306885,-2.690000057220459,2.2200000286102295,-1.0849999666213987,0.8435000300407409,-0.9415000200271606,0.7770000100135803,0.0,0.0,0.0,0.0,-1,1,-1,1,0,0,0,0,0,0,0,0
1783308243.3256748,0.0,0.0,0.0,0.0,0.0,0,0.0,0.0,0.0,0.0,3.0999999046325684,-2.4100000858306885,2.690000057220459,-2.2200000286102295,-3.0999999046325684,2.4100000858306885,-2.690000057220459,2.2200000286102295,-1.0849999666213987,0.8435000300407409,-0.9415000200271606,0.7770000100135803,0.0,0.0,0.0,0.0,-1,1,-1,1,0,0,0,0,0,0,0,0
1783308243.345586,0.0,0.0,0.0,0.0,0.0,0,0.0,0.0,0.0,0.0,2.619999885559082,-2.140000104904175,2.559999942779541,-1.7799999713897705,-2.619999885559082,2.140000104904175,-2.559999942779541,1.7799999713897705,-0.9169999599456786,0.7490000367164611,-0.8959999799728393,0.6229999899864196,0.0,0.0,0.0,0.0,-1,1,-1,1,0,0,0,0,0,0,0,0
1783308243.3656874,0.0,0.0,0.0,0.0,0.0,0,0.0,0.0,0.0,0.0,2.619999885559082,-2.140000104904175,2.559999942779541,-1.7799999713897705,-2.619999885559082,2.140000104904175,-2.559999942779541,1.7799999713897705,-0.9169999599456786,0.7490000367164611,-0.8959999799728393,0.6229999899864196,0.0,0.0,0.0,0.0,-1,1,-1,1,0,0,0,0,0,0,0,0
1783308243.385646,0.0,0.0,0.0,0.0,0.0,0,0.0,0.0,0.0,0.0,1.840000033378601,-1.5,1.7899999618530273,-1.2400000095367432,-1.840000033378601,1.5,-1.7899999618530273,1.2400000095367432,-0.6440000116825103,0.5249999999999999,-0.6264999866485595,0.4340000033378601,0.0,0.0,0.0,0.0,-1,1,-1,1,0,0,0,0,0,0,0,0
1783308243.4056714,0.0,0.0,0.0,0.0,0.0,0,0.0,0.0,0.0,0.0,1.840000033378601,-1.5,1.7899999618530273,-1.2400000095367432,-1.840000033378601,1.5,-1.7899999618530273,1.2400000095367432,-0.6440000116825103,0.5249999999999999,-0.6264999866485595,0.4340000033378601,0.0,0.0,0.0,0.0,-1,1,-1,1,0,0,0,0,0,0,0,0
1783308243.4256978,0.0,0.0,0.0,0.0,0.0,0,0.0,0.0,0.0,0.0,1.840000033378601,-1.5,1.7899999618530273,-1.2400000095367432,-1.840000033378601,1.5,-1.7899999618530273,1.2400000095367432,-0.6440000116825103,0.5249999999999999,-0.6264999866485595,0.4340000033378601,0.0,0.0,0.0,0.0,-1,1,-1,1,0,0,0,0,0,0,0,0
1783308243.4455886,0.0,0.0,0.12,0.0,0.0,1,10.225092959257768,-10.225092959257768,10.225092959257768,-10.225092959257768,1.2799999713897705,-1.0499999523162842,1.25,-0.8700000047683716,8.945092987867998,-9.175093006941484,8.975092959257768,-9.355092954489397,3.130782545753799,-3.211282552429519,3.1412825357402188,-3.274282534071289,0.08050583689081199,-0.08257583706247337,0.08077583663331993,-0.08419583659040457,-1,1,-1,1,-18,-18,-18,-18,-21,-21,-21,-21
1783308243.465679,0.0,0.0,0.12,0.0,0.0,1,10.225092959257768,-10.225092959257768,10.225092959257768,-10.225092959257768,1.2799999713897705,-1.0499999523162842,1.25,-0.8700000047683716,8.945092987867998,-9.175093006941484,8.975092959257768,-9.355092954489397,3.130782545753799,-3.211282552429519,3.1412825357402188,-3.274282534071289,0.16101167378162398,-0.16515167412494675,0.16155167326663986,-0.16839167318080914,-1,1,-1,1,-18,-18,-18,-18,-21,-21,-21,-21
1783308243.4856577,0.0,0.0,0.0,0.0,0.0,0,0.0,0.0,0.0,0.0,0.8999999761581421,-0.9599999785423279,0.8799999952316284,-0.6100000143051147,-0.8999999761581421,0.9599999785423279,-0.8799999952316284,0.6100000143051147,-0.3149999916553497,0.3359999924898147,-0.30799999833106995,0.21350000500679014,0.0,0.0,0.0,0.0,-1,1,-1,1,0,0,0,0,0,0,0,0
1783308243.5056524,0.0,0.0,0.0,0.0,0.0,0,0.0,0.0,0.0,0.0,0.8999999761581421,-0.9599999785423279,0.8799999952316284,-0.6100000143051147,-0.8999999761581421,0.9599999785423279,-0.8799999952316284,0.6100000143051147,-0.3149999916553497,0.3359999924898147,-0.30799999833106995,0.21350000500679014,0.0,0.0,0.0,0.0,-1,1,-1,1,0,0,0,0,0,0,0,0
1783308243.5255785,0.0,0.0,0.0,0.0,0.0,0,0.0,0.0,0.0,0.0,0.8999999761581421,-0.9599999785423279,0.8799999952316284,-0.6100000143051147,-0.8999999761581421,0.9599999785423279,-0.8799999952316284,0.6100000143051147,-0.3149999916553497,0.3359999924898147,-0.30799999833106995,0.21350000500679014,0.0,0.0,0.0,0.0,-1,1,-1,1,0,0,0,0,0,0,0,0
1783308243.545782,0.0,0.0,0.0,0.0,0.0,0,0.0,0.0,0.0,0.0,1.0800000429153442,-0.6700000166893005,1.0700000524520874,-0.4300000071525574,-1.0800000429153442,0.6700000166893005,-1.0700000524520874,0.4300000071525574,-0.37800001502037045,0.23450000584125516,-0.37450001835823055,0.15050000250339507,0.0,0.0,0.0,0.0,-1,1,-1,1,0,0,0,0,0,0,0,0
1783308243.565593,0.0,0.0,0.0,0.0,0.0,0,0.0,0.0,0.0,0.0,1.0800000429153442,-0.6700000166893005,1.0700000524520874,-0.4300000071525574,-1.0800000429153442,0.6700000166893005,-1.0700000524520874,0.4300000071525574,-0.37800001502037045,0.23450000584125516,-0.37450001835823055,0.15050000250339507,0.0,0.0,0.0,0.0,-1,1,-1,1,0,0,0,0,0,0,0,0
1783308243.5857239,0.0,0.0,0.0,0.0,0.0,0,0.0,0.0,0.0,0.0,0.7599999904632568,-0.4699999988079071,0.75,-0.30000001192092896,-0.7599999904632568,0.4699999988079071,-0.75,0.30000001192092896,-0.26599999666213986,0.16449999958276748,-0.26249999999999996,0.10500000417232513,0.0,0.0,0.0,0.0,-1,1,-1,1,0,0,0,0,0,0,0,0
1783308243.6056023,0.0,0.0,0.0,0.0,0.0,0,0.0,0.0,0.0,0.0,0.7599999904632568,-0.4699999988079071,0.75,-0.30000001192092896,-0.7599999904632568,0.4699999988079071,-0.75,0.30000001192092896,-0.26599999666213986,0.16449999958276748,-0.26249999999999996,0.10500000417232513,0.0,0.0,0.0,0.0,-1,1,-1,1,0,0,0,0,0,0,0,0
1783308243.625677,0.0,0.0,0.0,0.0,0.0,0,0.0,0.0,0.0,0.0,0.7599999904632568,-0.4699999988079071,0.75,-0.30000001192092896,-0.7599999904632568,0.4699999988079071,-0.75,0.30000001192092896,-0.26599999666213986,0.16449999958276748,-0.26249999999999996,0.10500000417232513,0.0,0.0,0.0,0.0,-1,1,-1,1,0,0,0,0,0,0,0,0
1783308243.6455877,0.0,0.0,0.0,0.0,0.0,0,0.0,0.0,0.0,0.0,0.5299999713897705,-0.33000001311302185,0.5199999809265137,-0.20999999344348907,-0.5299999713897705,0.33000001311302185,-0.5199999809265137,0.20999999344348907,-0.18549998998641967,0.11550000458955764,-0.18199999332427977,0.07349999770522117,0.0,0.0,0.0,0.0,-1,1,-1,1,0,0,0,0,0,0,0,0
1783308243.6655884,0.0,0.0,0.0,0.0,0.0,0,0.0,0.0,0.0,0.0,0.5299999713897705,-0.33000001311302185,0.5199999809265137,-0.20999999344348907,-0.5299999713897705,0.33000001311302185,-0.5199999809265137,0.20999999344348907,-0.18549998998641967,0.11550000458955764,-0.18199999332427977,0.07349999770522117,0.0,0.0,0.0,0.0,-1,1,-1,1,0,0,0,0,0,0,0,0
1783308243.685729,0.0,0.0,0.0,0.0,0.0,0,0.0,0.0,0.0,0.0,0.3700000047683716,-0.23000000417232513,0.3700000047683716,-0.15000000596046448,-0.3700000047683716,0.23000000417232513,-0.3700000047683716,0.15000000596046448,-0.12950000166893005,0.08050000146031379,-0.12950000166893005,0.05250000208616257,0.0,0.0,0.0,0.0,-1,1,-1,1,0,0,0,0,0,0,0,0
1783308243.7055953,0.0,0.0,0.0,0.0,0.0,0,0.0,0.0,0.0,0.0,0.3700000047683716,-0.23000000417232513,0.3700000047683716,-0.15000000596046448,-0.3700000047683716,0.23000000417232513,-0.3700000047683716,0.15000000596046448,-0.12950000166893005,0.08050000146031379,-0.12950000166893005,0.05250000208616257,0.0,0.0,0.0,0.0,-1,1,-1,1,0,0,0,0,0,0,0,0
1783308243.7256758,0.0,0.0,0.0,0.0,0.0,0,0.0,0.0,0.0,0.0,0.3700000047683716,-0.23000000417232513,0.3700000047683716,-0.15000000596046448,-0.3700000047683716,0.23000000417232513,-0.3700000047683716,0.15000000596046448,-0.12950000166893005,0.08050000146031379,-0.12950000166893005,0.05250000208616257,0.0,0.0,0.0,0.0,-1,1,-1,1,0,0,0,0,0,0,0,0
1783308243.7455792,0.0,0.0,0.0,0.0,0.0,0,0.0,0.0,0.0,0.0,0.25999999046325684,-0.1599999964237213,0.25999999046325684,-0.10000000149011612,-0.25999999046325684,0.1599999964237213,-0.25999999046325684,0.10000000149011612,-0.09099999666213988,0.05599999874830246,-0.09099999666213988,0.03500000052154064,0.0,0.0,0.0,0.0,-1,1,-1,1,0,0,0,0,0,0,0,0
1783308243.7655995,0.0,0.0,0.0,0.0,0.0,0,0.0,0.0,0.0,0.0,0.25999999046325684,-0.1599999964237213,0.25999999046325684,-0.10000000149011612,-0.25999999046325684,0.1599999964237213,-0.25999999046325684,0.10000000149011612,-0.09099999666213988,0.05599999874830246,-0.09099999666213988,0.03500000052154064,0.0,0.0,0.0,0.0,-1,1,-1,1,0,0,0,0,0,0,0,0
1783308243.7857354,0.0,0.0,0.0,0.0,0.0,0,0.0,0.0,0.0,0.0,0.18000000715255737,-0.10999999940395355,0.18000000715255737,-0.07000000029802322,-0.18000000715255737,0.10999999940395355,-0.18000000715255737,0.07000000029802322,-0.06300000250339508,0.03849999979138374,-0.06300000250339508,0.024500000104308126,0.0,0.0,0.0,0.0,-1,1,-1,1,0,0,0,0,0,0,0,0
1783308243.8056345,0.0,0.0,0.0,0.0,0.0,0,0.0,0.0,0.0,0.0,0.18000000715255737,-0.10999999940395355,0.18000000715255737,-0.07000000029802322,-0.18000000715255737,0.10999999940395355,-0.18000000715255737,0.07000000029802322,-0.06300000250339508,0.03849999979138374,-0.06300000250339508,0.024500000104308126,0.0,0.0,0.0,0.0,-1,1,-1,1,0,0,0,0,0,0,0,0
1783308243.8255677,0.0,0.0,0.0,0.0,0.0,0,0.0,0.0,0.0,0.0,0.18000000715255737,-0.10999999940395355,0.18000000715255737,-0.07000000029802322,-0.18000000715255737,0.10999999940395355,-0.18000000715255737,0.07000000029802322,-0.06300000250339508,0.03849999979138374,-0.06300000250339508,0.024500000104308126,0.0,0.0,0.0,0.0,-1,1,-1,1,0,0,0,0,0,0,0,0
1783308243.8457036,0.0,0.0,0.0,0.0,0.0,0,0.0,0.0,0.0,0.0,0.12999999523162842,-0.07999999821186066,0.12999999523162842,-0.05000000074505806,-0.12999999523162842,0.07999999821186066,-0.12999999523162842,0.05000000074505806,-0.04549999833106994,0.02799999937415123,-0.04549999833106994,0.01750000026077032,0.0,0.0,0.0,0.0,-1,1,-1,1,0,0,0,0,0,0,0,0
1783308243.8656018,0.0,0.0,0.0,0.0,0.0,0,0.0,0.0,0.0,0.0,0.12999999523162842,-0.07999999821186066,0.12999999523162842,-0.05000000074505806,-0.12999999523162842,0.07999999821186066,-0.12999999523162842,0.05000000074505806,-0.04549999833106994,0.02799999937415123,-0.04549999833106994,0.01750000026077032,0.0,0.0,0.0,0.0,-1,1,-1,1,0,0,0,0,0,0,0,0
1783308243.8857253,0.0,0.0,0.0,0.0,0.0,0,0.0,0.0,0.0,0.0,0.09000000357627869,-0.05999999865889549,0.09000000357627869,-0.03999999910593033,-0.09000000357627869,0.05999999865889549,-0.09000000357627869,0.03999999910593033,-0.03150000125169754,0.02099999953061342,-0.03150000125169754,0.013999999687075614,0.0,0.0,0.0,0.0,-1,1,-1,1,0,0,0,0,0,0,0,0
1783308243.9055758,0.0,0.0,0.0,0.0,0.0,0,0.0,0.0,0.0,0.0,0.09000000357627869,-0.05999999865889549,0.09000000357627869,-0.03999999910593033,-0.09000000357627869,0.05999999865889549,-0.09000000357627869,0.03999999910593033,-0.03150000125169754,0.02099999953061342,-0.03150000125169754,0.013999999687075614,0.0,0.0,0.0,0.0,-1,1,-1,1,0,0,0,0,0,0,0,0
1783308243.9255726,0.0,0.0,0.0,0.0,0.0,0,0.0,0.0,0.0,0.0,0.09000000357627869,-0.05999999865889549,0.09000000357627869,-0.03999999910593033,-0.09000000357627869,0.05999999865889549,-0.09000000357627869,0.03999999910593033,-0.03150000125169754,0.02099999953061342,-0.03150000125169754,0.013999999687075614,0.0,0.0,0.0,0.0,-1,1,-1,1,0,0,0,0,0,0,0,0
1783308243.9455922,0.0,0.0,0.0,0.0,0.0,0,0.0,0.0,0.0,0.0,0.05999999865889549,-0.03999999910593033,0.05999999865889549,-0.019999999552965164,-0.05999999865889549,0.03999999910593033,-0.05999999865889549,0.019999999552965164,-0.02099999953061342,0.013999999687075614,-0.02099999953061342,0.006999999843537807,0.0,0.0,0.0,0.0,-1,1,-1,1,0,0,0,0,0,0,0,0
1783308243.965629,0.0,0.0,0.0,0.0,0.0,0,0.0,0.0,0.0,0.0,0.05999999865889549,-0.03999999910593033,0.05999999865889549,-0.019999999552965164,-0.05999999865889549,0.03999999910593033,-0.05999999865889549,0.019999999552965164,-0.02099999953061342,0.013999999687075614,-0.02099999953061342,0.006999999843537807,0.0,0.0,0.0,0.0,-1,1,-1,1,0,0,0,0,0,0,0,0
1783308243.9857378,0.0,0.0,0.0,0.0,0.0,0,0.0,0.0,0.0,0.0,0.03999999910593033,-0.029999999329447746,0.03999999910593033,-0.019999999552965164,-0.03999999910593033,0.029999999329447746,-0.03999999910593033,0.019999999552965164,-0.013999999687075614,0.01049999976530671,-0.013999999687075614,0.006999999843537807,0.0,0.0,0.0,0.0,-1,1,-1,1,0,0,0,0,0,0,0,0
1783308244.00561,35.0,0.0,0.0,35.0,0.0,0,10.283857861322469,10.283857861322469,10.283857861322469,10.283857861322469,0.03999999910593033,-0.029999999329447746,0.03999999910593033,-0.019999999552965164,10.243857862216538,10.313857860651916,10.243857862216538,10.303857860875434,3.5853502517757883,3.6098502512281705,3.5853502517757883,3.6063502513064014,0.09219472075994885,0.09282472074586724,0.09219472075994885,0.09273472074787892,-1,1,-1,1,-13,13,-13,13,-17,17,-17,17
1783308244.0257268,35.0,0.0,0.0,35.0,0.0,0,10.283857861322469,10.283857861322469,10.283857861322469,10.283857861322469,0.03999999910593033,-0.029999999329447746,0.03999999910593033,-0.019999999552965164,10.243857862216538,10.313857860651916,10.243857862216538,10.303857860875434,3.5853502517757883,3.6098502512281705,3.5853502517757883,3.6063502513064014,0.1843894415198977,0.18564944149173448,0.1843894415198977,0.18546944149575784,-1,1,-1,1,-13,13,-13,13,-17,17,-17,17
1783308244.0455887,35.0,0.0,0.0,35.0,0.0,0,10.283857861322469,10.283857861322469,10.283857861322469,10.283857861322469,0.029999999329447746,-0.019999999552965164,0.029999999329447746,-0.009999999776482582,10.253857861993021,10.303857860875434,10.253857861993021,10.293857861098951,3.588850251697557,3.6063502513064014,3.588850251697557,3.6028502513846328,0.2766741622778349,0.2783841622396134,0.2766741622778349,0.2781141622456484,-1,1,-1,1,-13,13,-13,13,-17,17,-17,17
1783308244.0657551,35.0,0.0,0.0,35.0,0.0,0,10.283857861322469,10.283857861322469,10.283857861322469,10.283857861322469,0.029999999329447746,-0.019999999552965164,0.029999999329447746,-0.009999999776482582,10.253857861993021,10.303857860875434,10.253857861993021,10.293857861098951,3.588850251697557,3.6063502513064014,3.588850251697557,3.6028502513846328,0.3689588830357721,0.3711188829874923,0.3689588830357721,0.37075888299553894,-1,1,-1,1,-13,13,-13,13,-17,17,-17,17
1783308244.0856717,35.0,0.0,0.0,35.0,0.0,0,10.283857861322469,10.283857861322469,10.283857861322469,10.283857861322469,0.25,1.1200000047683716,0.4699999988079071,1.1200000047683716,10.033857861322469,9.163857856554097,9.813857862514562,9.163857856554097,3.511850251462864,3.207350249793934,3.4348502518800963,3.207350249793934,0.45926360378767433,0.45359360369647916,0.45728360379840316,0.4532336037045258,-1,1,-1,1,-13,13,-13,13,-17,17,-17,17
1783308244.1056368,35.0,0.0,0.0,35.0,0.0,0,10.283857861322469,10.283857861322469,10.283857861322469,10.283857861322469,0.25,1.1200000047683716,0.4699999988079071,1.1200000047683716,10.033857861322469,9.163857856554097,9.813857862514562,9.163857856554097,3.511850251462864,3.207350249793934,3.4348502518800963,3.207350249793934,0.5495683245395766,0.536068324405466,0.5456083245610343,0.5357083244135127,-1,1,-1,1,-13,13,-13,13,-17,17,-17,17
1783308244.1256893,35.0,0.0,0.0,35.0,0.0,0,10.283857861322469,10.283857861322469,10.283857861322469,10.283857861322469,0.25,1.1200000047683716,0.4699999988079071,1.1200000047683716,10.033857861322469,9.163857856554097,9.813857862514562,9.163857856554097,3.511850251462864,3.207350249793934,3.4348502518800963,3.207350249793934,0.6398730452914788,0.6185430451144529,0.6339330453236653,0.6181830451224996,-1,1,-1,1,-13,13,-13,13,-17,17,-17,17
1783308244.1455908,35.0,0.0,0.0,35.0,0.0,0,10.283857861322469,10.283857861322469,10.283857861322469,10.283857861322469,0.8500000238418579,2.369999885559082,0.7799999713897705,1.690000057220459,9.43385783748061,7.913857975763387,9.503857889932698,8.59385780410201,3.3018502431182135,2.769850291517185,3.326350261476444,3.0078502314357034,0.7247777658288043,0.6897677668963234,0.7194677663330596,0.6955277653594176,-1,1,-1,1,-13,13,-13,13,-17,16,-17,17
1783308244.1658087,35.0,0.0,0.0,35.0,0.0,0,10.283857861322469,10.283857861322469,10.283857861322469,10.283857861322469,0.8500000238418579,2.369999885559082,0.7799999713897705,1.690000057220459,9.43385783748061,7.913857975763387,9.503857889932698,8.59385780410201,3.3018502431182135,2.769850291517185,3.326350261476444,3.0078502314357034,0.8096824863661297,0.7609924886781938,0.8050024873424539,0.7728724855963357,-1,1,-1,1,-13,13,-13,13,-17,17,-17,17
1783308244.1856983,35.0,0.0,0.0,35.0,0.0,0,10.283857861322469,10.283857861322469,10.283857861322469,10.283857861322469,1.9600000381469727,2.7899999618530273,2.130000114440918,2.0899999141693115,8.323857823175496,7.493857899469441,8.15385774688155,8.193857947153157,2.9133502381114234,2.6228502648143044,2.8538502114085427,2.8678502815036047,0.8845972067747092,0.8284372097734187,0.8783872070643879,0.8466172071207141,-1,1,-1,1,-13,13,-13,13,-17,16,-17,17
1783308244.205991,35.0,0.0,0.0,35.0,0.0,0,10.283857861322469,10.283857861322469,10.283857861322469,10.283857861322469,1.9600000381469727,2.7899999618530273,2.130000114440918,2.0899999141693115,8.323857823175496,7.493857899469441,8.15385774688155,8.193857947153157,2.9133502381114234,2.6228502648143044,2.8538502114085427,2.8678502815036047,0.9595119271832887,0.8958819308686437,0.9517719267863218,0.9203619286450925,-1,1,-1,1,-13,13,-13,13,-17,17,-17,17
1783308244.225757,35.0,0.0,0.0,35.0,0.0,0,10.283857861322469,10.283857861322469,10.283857861322469,10.283857861322469,1.9600000381469727,2.7899999618530273,2.130000114440918,2.0899999141693115,8.323857823175496,7.493857899469441,8.15385774688155,8.193857947153157,2.9133502381114234,2.6228502648143044,2.8538502114085427,2.8678502815036047,1.0344266475918682,0.9633266519638686,1.0251566465082558,0.9941066501694709,-1,1,-1,1,-13,13,-13,13,-17,17,-17,17
1783308244.2456381,35.0,0.0,0.0,35.0,0.0,0,10.283857861322469,10.283857861322469,10.283857861322469,10.283857861322469,3.180000066757202,3.5399999618530273,3.309999942779541,3.049999952316284,7.103857794565267,6.743857899469441,6.973857918542928,7.2338579090061845,2.486350228097843,2.360350264814304,2.4408502714900244,2.5318502681521644,1.0983613677429556,1.0240213730590935,1.087921367775142,1.0592113713505265,-1,1,-1,1,-13,13,-13,13,-17,16,-17,17
1783308244.2656045,35.0,0.0,0.0,35.0,0.0,0,10.283857861322469,10.283857861322469,10.283857861322469,10.283857861322469,3.180000066757202,3.5399999618530273,3.309999942779541,3.049999952316284,7.103857794565267,6.743857899469441,6.973857918542928,7.2338579090061845,2.486350228097843,2.360350264814304,2.4408502714900244,2.5318502681521644,1.162296087894043,1.0847160941543184,1.1506860890420283,1.124316092531582,-1,1,-1,1,-13,13,-13,13,-17,16,-17,17
1783308244.2856395,35.0,0.0,0.0,35.0,0.0,0,10.283857861322469,10.283857861322469,10.283857861322469,10.283857861322469,4.260000228881836,4.739999771118164,4.349999904632568,4.400000095367432,6.023857632440633,5.543858090204305,5.9338579566899,5.883857765955037,2.108350171354221,1.9403503315715065,2.076850284841465,2.059350218084263,1.2165108065860086,1.134610816966157,1.2040908106522374,1.1772708124251774,-1,1,-1,1,-13,13,-13,13,-16,16,-16,16
1783308244.3056047,35.0,0.0,0.0,35.0,0.0,0,10.283857861322469,10.283857861322469,10.283857861322469,10.283857861322469,4.260000228881836,4.739999771118164,4.349999904632568,4.400000095367432,6.023857632440633,5.543858090204305,5.9338579566899,5.883857765955037,2.108350171354221,1.9403503315715065,2.076850284841465,2.059350218084263,1.2707255252779743,1.1845055397779958,1.2574955322624466,1.2302255323187727,-1,1,-1,1,-13,13,-13,13,-16,16,-16,16
1783308244.325634,35.0,0.0,0.0,35.0,0.0,0,10.283857861322469,10.283857861322469,10.283857861322469,10.283857861322469,4.260000228881836,4.739999771118164,4.349999904632568,4.400000095367432,6.023857632440633,5.543858090204305,5.9338579566899,5.883857765955037,2.108350171354221,1.9403503315715065,2.076850284841465,2.059350218084263,1.32494024396994,1.2344002625898345,1.3109002538726557,1.283180252212368,-1,1,-1,1,-13,13,-13,13,-16,16,-16,16
1783308244.3457422,35.0,0.0,0.0,35.0,0.0,0,10.283857861322469,10.283857861322469,10.283857861322469,10.283857861322469,5.929999828338623,6.039999961853027,6.21999979019165,6.019999980926514,4.353858032983846,4.243857899469441,4.063858071130818,4.263857880395955,1.5238503115443458,1.4853502648143044,1.4223503248957863,1.4923502581385841,1.3641249662667947,1.2725949836850594,1.347474976512833,1.3215549731359317,-1,1,-1,1,-13,13,-13,13,-16,16,-16,16
1783308244.3656046,35.0,0.0,0.0,35.0,0.0,0,10.283857861322469,10.283857861322469,10.283857861322469,10.283857861322469,5.929999828338623,6.039999961853027,6.21999979019165,6.019999980926514,4.353858032983846,4.243857899469441,4.063858071130818,4.263857880395955,1.5238503115443458,1.4853502648143044,1.4223503248957863,1.4923502581385841,1.4033096885636493,1.3107897047802843,1.3840496991530105,1.3599296940594954,-1,1,-1,1,-13,13,-13,13,-16,16,-16,16
1783308244.385609,35.0,0.0,0.0,35.0,0.0,0,10.283857861322469,10.283857861322469,10.283857861322469,10.283857861322469,7.320000171661377,7.389999866485596,7.289999961853027,7.389999866485596,2.9638576896610918,2.893857994836873,2.9938578994694414,2.893857994836873,1.037350191381382,1.0128502981929055,1.0478502648143044,1.0128502981929055,1.4299844077705992,1.3368344267338161,1.4109944202482354,1.3859744160130272,-1,1,-1,1,-13,13,-13,13,-15,15,-15,15
1783308244.405687,35.0,0.0,0.0,35.0,0.0,0,10.283857861322469,10.283857861322469,10.283857861322469,10.283857861322469,7.320000171661377,7.389999866485596,7.289999961853027,7.389999866485596,2.9638576896610918,2.893857994836873,2.9938578994694414,2.893857994836873,1.037350191381382,1.0128502981929055,1.0478502648143044,1.0128502981929055,1.456659126977549,1.362879148687348,1.4379391413434603,1.412019137966559,-1,1,-1,1,-13,13,-13,13,-15,15,-15,15
1783308244.425611,35.0,0.0,0.0,35.0,0.0,0,10.283857861322469,10.283857861322469,10.283857861322469,10.283857861322469,7.320000171661377,7.389999866485596,7.289999961853027,7.389999866485596,2.9638576896610918,2.893857994836873,2.9938578994694414,2.893857994836873,1.037350191381382,1.0128502981929055,1.0478502648143044,1.0128502981929055,1.483333846184499,1.3889238706408797,1.4648838624386853,1.4380638599200908,-1,1,-1,1,-13,13,-13,13,-16,15,-16,15
1783308244.4457166,35.0,0.0,0.0,35.0,0.0,0,10.283857861322469,10.283857861322469,10.283857861322469,10.283857861322469,8.520000457763672,8.800000190734863,8.5,8.34000015258789,1.7638574035587968,1.4838576705876054,1.7838578613224687,1.943857708734578,0.6173500912455788,0.5193501847056619,0.624350251462864,0.6803501980571023,1.4992085628165281,1.4022785896761683,1.4809385831905875,1.455558579298702,-1,1,-1,1,-13,13,-13,13,-15,15,-15,15
1783308244.465608,35.0,0.0,0.0,35.0,0.0,0,10.283857861322469,10.283857861322469,10.283857861322469,10.283857861322469,8.520000457763672,8.800000190734863,8.5,8.34000015258789,1.7638574035587968,1.4838576705876054,1.7838578613224687,1.943857708734578,0.6173500912455788,0.5193501847056619,0.624350251462864,0.6803501980571023,1.5150832794485574,1.4156333087114568,1.4969933039424896,1.4730532986773133,-1,1,-1,1,-13,13,-13,13,-15,15,-15,15
1783308244.4856613,35.0,0.0,0.0,35.0,0.0,0,10.283857861322469,10.283857861322469,10.283857861322469,10.283857861322469,9.359999656677246,9.5600004196167,9.569999694824219,9.6899995803833,0.9238582046452226,0.7238574417057695,0.71385816649825,0.5938582809391679,0.3233503716258279,0.2533501045970193,0.24985035827438748,0.20785039832870877,1.5233980032903645,1.4221480256868086,1.5034180274409739,1.4783980232057659,-1,1,-1,1,-13,13,-13,13,-15,15,-15,15
1783308244.5055952,35.0,0.0,0.0,35.0,0.0,0,10.283857861322469,10.283857861322469,10.283857861322469,10.283857861322469,9.359999656677246,9.5600004196167,9.569999694824219,9.6899995803833,0.9238582046452226,0.7238574417057695,0.71385816649825,0.5938582809391679,0.3233503716258279,0.2533501045970193,0.24985035827438748,0.20785039832870877,1.5317127271321715,1.4286627426621605,1.509842750939458,1.4837427477342184,-1,1,-1,1,-13,13,-13,13,-15,15,-15,15
1783308244.5255883,35.0,0.0,0.0,35.0,0.0,0,10.283857861322469,10.283857861322469,10.283857861322469,10.283857861322469,9.359999656677246,9.5600004196167,9.569999694824219,9.6899995803833,0.9238582046452226,0.7238574417057695,0.71385816649825,0.5938582809391679,0.3233503716258279,0.2533501045970193,0.24985035827438748,0.20785039832870877,1.5400274509739786,1.4351774596375124,1.5162674744379423,1.489087472262671,-1,1,-1,1,-13,13,-13,13,-15,15,-15,15
1783308244.5456097,35.0,0.0,0.0,35.0,0.0,0,10.283857861322469,10.283857861322469,10.283857861322469,10.283857861322469,10.630000114440918,10.760000228881836,10.319999694824219,10.859999656677246,-0.34614225311844926,-0.47614236755936723,-0.03614183350175004,-0.5761417953547774,-0.12114978859145724,-0.1666498286457785,-0.012649641725612514,-0.20164962837417208,1.5369121706959126,1.4308921783294781,1.5159421979364265,1.483902196104478,-1,1,-1,1,-13,13,-13,13,-14,14,-15,14
1783308244.56563,35.0,0.0,0.0,35.0,0.0,0,10.283857861322469,10.283857861322469,10.283857861322469,10.283857861322469,10.630000114440918,10.760000228881836,10.319999694824219,10.859999656677246,-0.34614225311844926,-0.47614236755936723,-0.03614183350175004,-0.5761417953547774,-0.12114978859145724,-0.1666498286457785,-0.012649641725612514,-0.20164962837417208,1.5337968904178465,1.4266068970214438,1.5156169214349107,1.478716919946285,-1,1,-1,1,-13,13,-13,13,-14,14,-15,14
1783308244.5856605,35.0,0.0,0.0,35.0,0.0,0,10.283857861322469,10.283857861322469,10.283857861322469,10.283857861322469,11.510000228881836,11.380000114440918,11.300000190734863,11.449999809265137,-1.2261423675593672,-1.0961422531184493,-1.0161423294123946,-1.166141947942668,-0.4291498286457785,-0.3836497885914572,-0.3556498152943381,-0.40814968177993377,1.5227616091098122,1.4167416167433777,1.5064716404701992,1.4682216424148011,-1,1,-1,1,-13,13,-13,13,-14,14,-14,14
1783308244.6056056,35.0,0.0,0.0,35.0,0.0,0,10.283857861322469,10.283857861322469,10.283857861322469,10.283857861322469,11.510000228881836,11.380000114440918,11.300000190734863,11.449999809265137,-1.2261423675593672,-1.0961422531184493,-1.0161423294123946,-1.166141947942668,-0.4291498286457785,-0.3836497885914572,-0.3556498152943381,-0.40814968177993377,1.5117263278017778,1.4068763364653116,1.4973263595054878,1.4577263648833172,-1,1,-1,1,-13,13,-13,13,-14,14,-14,14
1783308244.625601,35.0,0.0,0.0,35.0,0.0,0,10.283857861322469,10.283857861322469,10.283857861322469,10.283857861322469,11.510000228881836,11.380000114440918,11.300000190734863,11.449999809265137,-1.2261423675593672,-1.0961422531184493,-1.0161423294123946,-1.166141947942668,-0.4291498286457785,-0.3836497885914572,-0.3556498152943381,-0.40814968177993377,1.5006910464937435,1.3970110561872455,1.4881810785407763,1.4472310873518333,-1,1,-1,1,-13,13,-13,13,-14,14,-14,14
1783308244.6456735,35.0,0.0,0.0,35.0,0.0,0,10.283857861322469,10.283857861322469,10.283857861322469,10.283857861322469,12.359999656677246,12.039999961853027,12.210000038146973,12.319999694824219,-2.0761417953547774,-1.7561421005305586,-1.926142176824504,-2.03614183350175,-0.726649628374172,-0.6146497351856954,-0.6741497618885763,-0.7126496417256125,1.4820057703355505,1.3812057772824704,1.4708457989493557,1.4289058108503174,-1,1,-1,1,-13,13,-13,13,-14,14,-14,14
1783308244.6657379,35.0,0.0,0.0,35.0,0.0,0,10.283857861322469,10.283857861322469,10.283857861322469,10.283857861322469,12.359999656677246,12.039999961853027,12.210000038146973,12.319999694824219,-2.0761417953547774,-1.7561421005305586,-1.926142176824504,-2.03614183350175,-0.726649628374172,-0.6146497351856954,-0.6741497618885763,-0.7126496417256125,1.4633204941773574,1.3654004983776953,1.4535105193579352,1.4105805343488016,-1,1,-1,1,-13,13,-13,13,-14,14,-14,14
1783308244.685674,35.0,0.0,0.0,35.0,0.0,0,10.283857861322469,10.283857861322469,10.283857861322469,10.283857861322469,13.180000305175781,12.729999542236328,13.079999923706055,12.920000076293945,-2.8961424438533125,-2.4461416809138594,-2.796142062383586,-2.6361422149714766,-1.0136498553486593,-0.8561495883198508,-0.978649721834255,-0.9226497752400168,1.4372552121826776,1.3433852232494705,1.428345240796483,1.3868552544140582,-1,1,-1,1,-13,13,-13,13,-13,13,-13,13
1783308244.7056518,35.0,0.0,0.0,35.0,0.0,0,10.283857861322469,10.283857861322469,10.283857861322469,10.283857861322469,13.180000305175781,12.729999542236328,13.079999923706055,12.920000076293945,-2.8961424438533125,-2.4461416809138594,-2.796142062383586,-2.6361422149714766,-1.0136498553486593,-0.8561495883198508,-0.978649721834255,-0.9226497752400168,1.4111899301879978,1.3213699481212458,1.4031799622350307,1.3631299744793148,-1,1,-1,1,-13,13,-13,13,-13,13,-13,13
1783308244.725599,35.0,0.0,0.0,35.0,0.0,0,10.283857861322469,10.283857861322469,10.283857861322469,10.283857861322469,13.180000305175781,12.729999542236328,13.079999923706055,12.920000076293945,-2.8961424438533125,-2.4461416809138594,-2.796142062383586,-2.6361422149714766,-1.0136498553486593,-0.8561495883198508,-0.978649721834255,-0.9226497752400168,1.385124648193318,1.299354672993021,1.3780146836735785,1.3394046945445715,-1,1,-1,1,-13,13,-13,13,-13,13,-13,13
1783308244.745816,35.0,0.0,0.0,35.0,0.0,0,10.283857861322469,10.283857861322469,10.283857861322469,10.283857861322469,14.430000305175781,12.760000228881836,13.460000038146973,12.899999618530273,-4.1461424438533125,-2.4761423675593672,-3.176142176824504,-2.6161417572078047,-1.4511498553486593,-0.8666498286457784,-1.1116497618885763,-0.9156496150227316,1.3478093661986381,1.2770693916849867,1.349429404082158,1.3158594187297012,-1,1,-1,1,-13,13,-13,13,-13,13,-13,13
1783308244.765626,35.0,0.0,0.0,35.0,0.0,0,10.283857861322469,10.283857861322469,10.283857861322469,10.283857861322469,14.430000305175781,12.760000228881836,13.460000038146973,12.899999618530273,-4.1461424438533125,-2.4761423675593672,-3.176142176824504,-2.6161417572078047,-1.4511498553486593,-0.8666498286457784,-1.1116497618885763,-0.9156496150227316,1.3104940842039583,1.2547841103769524,1.3208441244907374,1.292314142914831,-1,1,-1,1,-13,13,-13,13,-13,13,-13,13
1783308244.7856667,35.0,0.0,0.0,35.0,0.0,0,10.283857861322469,10.283857861322469,10.283857861322469,10.283857861322469,13.949999809265137,13.460000038146973,13.949999809265137,13.550000190734863,-3.666141947942668,-3.176142176824504,-3.666141947942668,-3.2661423294123946,-1.2831496817799337,-1.1116497618885763,-1.2831496817799337,-1.143149815294338,1.2774988066724742,1.2261988307855318,1.2878488469592533,1.2629188619501195,-1,1,-1,1,-13,13,-13,13,-13,13,-13,13
1783308244.8057482,35.0,0.0,0.0,35.0,0.0,0,10.283857861322469,10.283857861322469,10.283857861322469,10.283857861322469,13.949999809265137,13.460000038146973,13.949999809265137,13.550000190734863,-3.666141947942668,-3.176142176824504,-3.666141947942668,-3.2661423294123946,-1.2831496817799337,-1.1116497618885763,-1.2831496817799337,-1.143149815294338,1.24450352914099,1.1976135511941113,1.2548535694277692,1.233523580985408,-1,1,-1,1,-13,13,-13,13,-13,13,-13,13
1783308244.8258083,35.0,0.0,0.0,35.0,0.0,0,10.283857861322469,10.283857861322469,10.283857861322469,10.283857861322469,13.949999809265137,13.460000038146973,13.949999809265137,13.550000190734863,-3.666141947942668,-3.176142176824504,-3.666141947942668,-3.2661423294123946,-1.2831496817799337,-1.1116497618885763,-1.2831496817799337,-1.143149815294338,1.211508251609506,1.1690282716026907,1.221858291896285,1.2041283000206964,-1,1,-1,1,-13,13,-13,13,-13,13,-13,13
1783308244.8456006,35.0,0.0,0.0,35.0,0.0,0,10.283857861322469,10.283857861322469,10.283857861322469,10.283857861322469,14.520000457763672,13.729999542236328,14.289999961853027,13.789999961853027,-4.236142596441203,-3.4461416809138594,-4.006142100530559,-3.5061421005305586,-1.482649908754421,-1.2061495883198508,-1.4021497351856955,-1.2271497351856955,1.173382968241535,1.138012996474466,1.18580301299151,1.1725730211159213,-1,1,-1,1,-13,13,-13,13,-13,13,-13,13
1783308244.8655932,35.0,0.0,0.0,35.0,0.0,0,10.283857861322469,10.283857861322469,10.283857861322469,10.283857861322469,14.520000457763672,13.729999542236328,14.289999961853027,13.789999961853027,-4.236142596441203,-3.4461416809138594,-4.006142100530559,-3.5061421005305586,-1.482649908754421,-1.2061495883198508,-1.4021497351856955,-1.2271497351856955,1.1352576848735643,1.1069977213462414,1.149747734086735,1.1410177422111463,-1,1,-1,1,-13,13,-13,13,-13,13,-13,13
1783308244.885814,35.0,0.0,0.0,35.0,0.0,0,10.283857861322469,10.283857861322469,10.283857861322469,10.283857861322469,14.239999771118164,13.90999984741211,14.3100004196167,14.180000305175781,-3.9561419097956954,-3.6261419860896407,-4.0261425582942305,-3.8961424438533125,-1.3846496684284932,-1.269149695131374,-1.4091498954029806,-1.3636498553486593,1.099652407685403,1.0743624434714347,1.1135124510620868,1.1059524602164665,-1,1,-1,1,-13,13,-13,13,-13,13,-13,13
1783308244.905623,35.0,0.0,0.0,35.0,0.0,0,10.283857861322469,10.283857861322469,10.283857861322469,10.283857861322469,14.239999771118164,13.90999984741211,14.3100004196167,14.180000305175781,-3.9561419097956954,-3.6261419860896407,-4.0261425582942305,-3.8961424438533125,-1.3846496684284932,-1.269149695131374,-1.4091498954029806,-1.3636498553486593,1.0640471304972419,1.041727165596628,1.0772771680374387,1.0708871782217868,-1,1,-1,1,-13,13,-13,13,-13,13,-13,13
1783308244.9256067,35.0,0.0,0.0,35.0,0.0,0,10.283857861322469,10.283857861322469,10.283857861322469,10.283857861322469,14.239999771118164,13.90999984741211,14.3100004196167,14.180000305175781,-3.9561419097956954,-3.6261419860896407,-4.0261425582942305,-3.8961424438533125,-1.3846496684284932,-1.269149695131374,-1.4091498954029806,-1.3636498553486593,1.0284418533090807,1.0090918877218213,1.0410418850127905,1.035821896227107,-1,1,-1,1,-13,13,-13,13,-13,13,-13,13
1783308244.9457386,35.0,0.0,0.0,35.0,0.0,0,10.283857861322469,10.283857861322469,10.283857861322469,10.283857861322469,14.720000267028809,14.260000228881836,14.539999961853027,14.680000305175781,-4.43614240570634,-3.9761423675593672,-4.256142100530559,-4.3961424438533125,-1.5526498419972188,-1.3916498286457784,-1.4896497351856954,-1.5386498553486594,0.9885165716577236,0.9733066064137871,1.0027366061080154,0.9962566142324273,-1,1,-1,1,-13,13,-13,13,-12,13,-13,12
1783308244.9655821,35.0,0.0,0.0,35.0,0.0,0,10.283857861322469,10.283857861322469,10.283857861322469,10.283857861322469,14.720000267028809,14.260000228881836,14.539999961853027,14.680000305175781,-4.43614240570634,-3.9761423675593672,-4.256142100530559,-4.3961424438533125,-1.5526498419972188,-1.3916498286457784,-1.4896497351856954,-1.5386498553486594,0.9485912900063664,0.9375213251057528,0.9644313272032403,0.9566913322377475,-1,1,-1,1,-13,13,-13,13,-12,13,-12,12
1783308244.9856682,35.0,0.0,0.0,35.0,0.0,0,10.283857861322469,10.283857861322469,10.283857861322469,10.283857861322469,15.510000228881836,14.0600004196167,14.260000228881836,14.350000381469727,-5.226142367559367,-3.7761425582942305,-3.9761423675593672,-4.066142520147258,-1.8291498286457784,-1.3216498954029805,-1.3916498286457784,-1.4231498820515402,0.9015560086983321,0.9035360420811047,0.928646045895206,0.9200960495564222,-1,1,-1,1,-13,13,-13,13,-12,13,-13,12
1783308245.005754,35.0,0.0,0.0,35.0,0.0,0,10.283857861322469,10.283857861322469,10.283857861322469,10.283857861322469,15.510000228881836,14.0600004196167,14.260000228881836,14.350000381469727,-5.226142367559367,-3.7761425582942305,-3.9761423675593672,-4.066142520147258,-1.8291498286457784,-1.3216498954029805,-1.3916498286457784,-1.4231498820515402,0.8545207273902977,0.8695507590564566,0.8928607645871718,0.8835007668750969,-1,1,-1,1,-13,13,-13,13,-12,13,-13,12
1783308245.0256007,35.0,0.0,0.0,35.0,0.0,0,10.283857861322469,10.283857861322469,10.283857861322469,10.283857861322469,15.510000228881836,14.0600004196167,14.260000228881836,14.350000381469727,-5.226142367559367,-3.7761425582942305,-3.9761423675593672,-4.066142520147258,-1.8291498286457784,-1.3216498954029805,-1.3916498286457784,-1.4231498820515402,0.8074854460822634,0.8355654760318085,0.8570754832791375,0.8469054841937717,-1,1,-1,1,-13,13,-13,13,-12,13,-12,12
1783308245.0456517,35.0,0.0,0.0,35.0,0.0,0,10.283857861322469,10.283857861322469,10.283857861322469,10.283857861322469,15.15999984741211,14.140000343322754,14.729999542236328,14.350000381469727,-4.876141986089641,-3.856142482000285,-4.446141680913859,-4.066142520147258,-1.706649695131374,-1.3496498687000997,-1.5561495883198506,-1.4231498820515402,0.7636001682074566,0.800860193693806,0.8170602081509127,0.8103102015124464,-1,1,-1,1,-13,13,-13,13,-12,12,-12,12
1783308245.0656016,35.0,0.0,0.0,35.0,0.0,0,10.283857861322469,10.283857861322469,10.283857861322469,10.283857861322469,15.15999984741211,14.140000343322754,14.729999542236328,14.350000381469727,-4.876141986089641,-3.856142482000285,-4.446141680913859,-4.066142520147258,-1.706649695131374,-1.3496498687000997,-1.5561495883198506,-1.4231498820515402,0.7197148903326498,0.7661549113558035,0.777044933022688,0.7737149188311211,-1,1,-1,1,-13,13,-13,13,-12,12,-12,12
1783308245.0856936,35.0,0.0,0.0,35.0,0.0,0,10.283857861322469,10.283857861322469,10.283857861322469,10.283857861322469,15.369999885559082,14.430000305175781,15.069999694824219,14.119999885559082,-5.086142024236613,-4.1461424438533125,-4.78614183350175,-3.8361420242366133,-1.7801497084828146,-1.4511498553486593,-1.6751496417256124,-1.3426497084828146,0.6739396121145202,0.7288396293611237,0.7339696565211722,0.7391896406129915,-1,1,-1,1,-13,13,-13,13,-12,12,-12,12
1783308245.1056337,35.0,0.0,0.0,35.0,0.0,0,10.283857861322469,10.283857861322469,10.283857861322469,10.283857861322469,15.369999885559082,14.430000305175781,15.069999694824219,14.119999885559082,-5.086142024236613,-4.1461424438533125,-4.78614183350175,-3.8361420242366133,-1.7801497084828146,-1.4511498553486593,-1.6751496417256124,-1.3426497084828146,0.6281643338963907,0.6915243473664439,0.6908943800196564,0.704664362394862,-1,1,-1,1,-13,13,-13,13,-12,12,-12,12
1783308245.1256008,35.0,0.0,0.0,35.0,0.0,0,10.283857861322469,10.283857861322469,10.283857861322469,10.283857861322469,15.369999885559082,14.430000305175781,15.069999694824219,14.119999885559082,-5.086142024236613,-4.1461424438533125,-4.78614183350175,-3.8361420242366133,-1.7801497084828146,-1.4511498553486593,-1.6751496417256124,-1.3426497084828146,0.5823890556782612,0.654209065371764,0.6478191035181406,0.6701390841767324,-1,1,-1,1,-13,13,-13,13,-12,12,-12,12
1783308245.1457343,35.0,0.0,0.0,35.0,0.0,0,10.283857861322469,10.283857861322469,10.283857861322469,10.283857861322469,15.0600004196167,13.949999809265137,14.850000381469727,13.960000038146973,-4.7761425582942305,-3.666141947942668,-4.566142520147258,-3.676142176824504,-1.6716498954029806,-1.2831496817799337,-1.59814988205154,-1.2866497618885764,0.5394037726536131,0.62121378784028,0.6067238208368153,0.6370538045853119,-1,1,-1,1,-13,13,-13,13,-12,12,-12,12
1783308245.1655943,35.0,0.0,0.0,35.0,0.0,0,10.283857861322469,10.283857861322469,10.283857861322469,10.283857861322469,15.0600004196167,13.949999809265137,14.850000381469727,13.960000038146973,-4.7761425582942305,-3.666141947942668,-4.566142520147258,-3.676142176824504,-1.6716498954029806,-1.2831496817799337,-1.59814988205154,-1.2866497618885764,0.49641848962896495,0.588218510308796,0.56562853815549,0.6039685249938914,-1,1,-1,1,-13,13,-13,13,-12,12,-12,12
1783308245.1856627,35.0,0.0,0.0,35.0,0.0,0,10.283857861322469,10.283857861322469,10.283857861322469,10.283857861322469,14.619999885559082,13.84000015258789,14.699999809265137,13.619999885559082,-4.336142024236613,-3.556142291265422,-4.416141947942668,-3.3361420242366133,-1.5176497084828147,-1.2446498019428975,-1.5456496817799337,-1.1676497084828146,0.45739321141083544,0.5562132296874072,0.5258832606240059,0.5739432467757619,-1,1,-1,1,-13,13,-13,13,-12,12,-12,12
1783308245.2055979,35.0,0.0,0.0,35.0,0.0,0,10.283857861322469,10.283857861322469,10.283857861322469,10.283857861322469,14.619999885559082,13.84000015258789,14.699999809265137,13.619999885559082,-4.336142024236613,-3.556142291265422,-4.416141947942668,-3.3361420242366133,-1.5176497084828147,-1.2446498019428975,-1.5456496817799337,-1.1676497084828146,0.41836793319270593,0.5242079490660183,0.48613798309252193,0.5439179685576324,-1,1,-1,1,-13,13,-13,13,-12,12,-12,12
1783308245.2256968,35.0,0.0,0.0,35.0,0.0,0,10.283857861322469,10.283857861322469,10.283857861322469,10.283857861322469,14.619999885559082,13.84000015258789,14.699999809265137,13.619999885559082,-4.336142024236613,-3.556142291265422,-4.416141947942668,-3.3361420242366133,-1.5176497084828147,-1.2446498019428975,-1.5456496817799337,-1.1676497084828146,0.3793426549745764,0.4922026684446295,0.44639270556103794,0.5138926903395029,-1,1,-1,1,-13,13,-13,13,-12,12,-12,12
1783308245.2455933,35.0,0.0,0.0,35.0,0.0,0,10.283857861322469,10.283857861322469,10.283857861322469,10.283857861322469,13.850000381469727,13.539999961853027,13.90999984741211,13.15999984741211,-3.566142520147258,-3.2561421005305586,-3.6261419860896407,-2.8761419860896407,-1.2481498820515402,-1.1396497351856953,-1.269149695131374,-1.0066496951313741,0.3472473722932511,0.4628973895398545,0.4137574276862312,0.48800741246469614,-1,1,-1,1,-13,13,-13,13,-12,12,-12,12
1783308245.2656398,35.0,0.0,0.0,35.0,0.0,0,10.283857861322469,10.283857861322469,10.283857861322469,10.283857861322469,13.850000381469727,13.539999961853027,13.90999984741211,13.15999984741211,-3.566142520147258,-3.2561421005305586,-3.6261419860896407,-2.8761419860896407,-1.2481498820515402,-1.1396497351856953,-1.269149695131374,-1.0066496951313741,0.31515208961192576,0.43359211063507946,0.38112214981142445,0.4621221345898894,-1,1,-1,1,-13,13,-13,13,-12,12,-12,12
1783308245.2856567,35.0,0.0,0.0,35.0,0.0,0,10.283857861322469,10.283857861322469,10.283857861322469,10.283857861322469,13.319999694824219,13.100000381469727,13.359999656677246,13.0600004196167,-3.03614183350175,-2.816142520147258,-3.0761417953547774,-2.7761425582942305,-1.0626496417256124,-0.9856498820515401,-1.076649628374172,-0.9716498954029806,0.28782681311041003,0.40824682795375417,0.35343687365323145,0.4371368515652413,-1,1,-1,1,-13,13,-13,13,-12,12,-12,12
1783308245.3056414,35.0,0.0,0.0,35.0,0.0,0,10.283857861322469,10.283857861322469,10.283857861322469,10.283857861322469,13.319999694824219,13.100000381469727,13.359999656677246,13.0600004196167,-3.03614183350175,-2.816142520147258,-3.0761417953547774,-2.7761425582942305,-1.0626496417256124,-0.9856498820515401,-1.076649628374172,-0.9716498954029806,0.2605015366088943,0.38290154527242887,0.32575159749503846,0.4121515685405932,-1,1,-1,1,-13,13,-13,13,-12,12,-12,12
1783308245.3256397,35.0,0.0,0.0,35.0,0.0,0,10.283857861322469,10.283857861322469,10.283857861322469,10.283857861322469,13.319999694824219,13.100000381469727,13.359999656677246,13.0600004196167,-3.03614183350175,-2.816142520147258,-3.0761417953547774,-2.7761425582942305,-1.0626496417256124,-0.9856498820515401,-1.076649628374172,-0.9716498954029806,0.23317626010737855,0.35755626259110357,0.29806632133684546,0.3871662855159451,-1,1,-1,1,-13,13,-13,13,-12,12,-12,12
1783308245.345636,35.0,0.0,0.0,35.0,0.0,0,10.283857861322469,10.283857861322469,10.283857861322469,10.283857861322469,12.720000267028809,12.569999694824219,12.75,12.3100004196167,-2.43614240570634,-2.28614183350175,-2.4661421386775313,-2.0261425582942305,-0.8526498419972189,-0.8001496417256124,-0.8631497485371359,-0.7091498954029807,0.21125097845602148,0.3369809860895878,0.2758710420887477,0.36893100249129707,-1,1,-1,1,-13,13,-13,13,-12,13,-12,13
1783308245.3655908,35.0,0.0,0.0,35.0,0.0,0,10.283857861322469,10.283857861322469,10.283857861322469,10.283857861322469,12.720000267028809,12.569999694824219,12.75,12.3100004196167,-2.43614240570634,-2.28614183350175,-2.4661421386775313,-2.0261425582942305,-0.8526498419972189,-0.8001496417256124,-0.8631497485371359,-0.7091498954029807,0.1893256968046644,0.31640570958807207,0.2536757628406499,0.350695719466649,-1,1,-1,1,-13,13,-13,13,-12,13,-12,13
1783308245.3856802,35.0,0.0,0.0,35.0,0.0,0,10.283857861322469,10.283857861322469,10.283857861322469,10.283857861322469,12.069999694824219,12.1899995803833,12.319999694824219,11.5600004196167,-1.78614183350175,-1.906141719060832,-2.03614183350175,-1.2761425582942305,-0.6251496417256125,-0.6671496016712912,-0.7126496417256125,-0.44664989540298067,0.17325042030314866,0.2992504341165246,0.23535048633913416,0.33921043644200094,-1,1,-1,1,-13,13,-13,13,-13,13,-13,13
1783308245.4055946,35.0,0.0,0.0,35.0,0.0,0,10.283857861322469,10.283857861322469,10.283857861322469,10.283857861322469,12.069999694824219,12.1899995803833,12.319999694824219,11.5600004196167,-1.78614183350175,-1.906141719060832,-2.03614183350175,-1.2761425582942305,-0.6251496417256125,-0.6671496016712912,-0.7126496417256125,-0.44664989540298067,0.15717514380163292,0.2820951586449771,0.21702520983761842,0.32772515341735287,-1,1,-1,1,-13,13,-13,13,-13,13,-13,13
1783308245.4257052,35.0,0.0,0.0,35.0,0.0,0,10.283857861322469,10.283857861322469,10.283857861322469,10.283857861322469,12.069999694824219,12.1899995803833,12.319999694824219,11.5600004196167,-1.78614183350175,-1.906141719060832,-2.03614183350175,-1.2761425582942305,-0.6251496417256125,-0.6671496016712912,-0.7126496417256125,-0.44664989540298067,0.14109986730011717,0.2649398831734296,0.19869993333610267,0.3162398703927048,-1,1,-1,1,-13,13,-13,13,-13,13,-12,13
1783308245.4456003,35.0,0.0,0.0,35.0,0.0,0,10.283857861322469,10.283857861322469,10.283857861322469,10.283857861322469,11.399999618530273,11.479999542236328,11.569999694824219,10.8100004196167,-1.1161417572078047,-1.1961416809138594,-1.28614183350175,-0.5261425582942305,-0.39064961502273166,-0.4186495883198508,-0.4501496417256125,-0.18414989540298066,0.13105459148524692,0.25417460804520486,0.18712465683458693,0.3115045873680567,-1,1,-1,1,-13,13,-13,13,-13,13,-13,13
1783308245.4658258,35.0,0.0,0.0,35.0,0.0,0,10.283857861322469,10.283857861322469,10.283857861322469,10.283857861322469,11.399999618530273,11.479999542236328,11.569999694824219,10.8100004196167,-1.1161417572078047,-1.1961416809138594,-1.28614183350175,-0.5261425582942305,-0.39064961502273166,-0.4186495883198508,-0.4501496417256125,-0.18414989540298066,0.12100931567037668,0.24340933291698014,0.1755493803330712,0.3067693043434086,-1,1,-1,1,-13,13,-13,13,-13,13,-13,13
1783308245.4856923,35.0,0.0,0.0,35.0,0.0,0,10.283857861322469,10.283857861322469,10.283857861322469,10.283857861322469,10.920000076293945,11.199999809265137,11.039999961853027,10.510000228881836,-0.6361422149714766,-0.916141947942668,-0.7561421005305586,-0.22614236755936723,-0.2226497752400168,-0.3206496817799338,-0.2646497351856955,-0.07914982864577852,0.1152840357356334,0.23516405538549612,0.16874410142829616,0.3047340230353743,-1,1,-1,1,-13,13,-13,13,-13,13,-13,13
1783308245.5056496,35.0,0.0,0.0,35.0,0.0,0,10.283857861322469,10.283857861322469,10.283857861322469,10.283857861322469,10.920000076293945,11.199999809265137,11.039999961853027,10.510000228881836,-0.6361422149714766,-0.916141947942668,-0.7561421005305586,-0.22614236755936723,-0.2226497752400168,-0.3206496817799338,-0.2646497351856955,-0.07914982864577852,0.10955875580089011,0.2269187778540121,0.16193882252352113,0.30269874172733996,-1,1,-1,1,-13,13,-13,13,-13,13,-13,13
1783308245.525627,35.0,0.0,0.0,35.0,0.0,0,10.283857861322469,10.283857861322469,10.283857861322469,10.283857861322469,10.920000076293945,11.199999809265137,11.039999961853027,10.510000228881836,-0.6361422149714766,-0.916141947942668,-0.7561421005305586,-0.22614236755936723,-0.2226497752400168,-0.3206496817799338,-0.2646497351856955,-0.07914982864577852,0.10383347586614683,0.21867350032252808,0.1551335436187461,0.30066346041930564,-1,1,-1,1,-13,13,-13,13,-13,13,-13,13
1783308245.5456088,35.0,0.0,0.0,35.0,0.0,0,10.283857861322469,10.283857861322469,10.283857861322469,10.283857861322469,10.8100004196167,11.239999771118164,11.579999923706055,10.529999732971191,-0.5261425582942305,-0.9561419097956954,-1.296142062383586,-0.2461418716487227,-0.18414989540298066,-0.33464966842849336,-0.45364972183425506,-0.08614965507705294,0.09909819284149876,0.21006822313436682,0.14346826505729382,0.2984481835744671,-1,1,-1,1,-13,13,-13,13,-13,13,-13,13
1783308245.5657709,35.0,0.0,0.0,35.0,0.0,0,10.283857861322469,10.283857861322469,10.283857861322469,10.283857861322469,10.8100004196167,11.239999771118164,11.579999923706055,10.529999732971191,-0.5261425582942305,-0.9561419097956954,-1.296142062383586,-0.2461418716487227,-0.18414989540298066,-0.33464966842849336,-0.45364972183425506,-0.08614965507705294,0.09436290981685069,0.20146294594620556,0.13180298649584155,0.2962329067296286,-1,1,-1,1,-13,13,-13,13,-13,13,-13,13
1783308245.5856729,35.0,0.0,0.0,35.0,0.0,0,10.283857861322469,10.283857861322469,10.283857861322469,10.283857861322469,10.970000267028809,10.8100004196167,11.270000457763672,10.3100004196167,-0.6861424057063399,-0.5261425582942305,-0.9861425964412032,-0.02614255829423051,-0.24014984199721895,-0.18414989540298066,-0.3451499087544211,-0.009149895402980678,0.08818762816549364,0.1967276629215575,0.12292770312787071,0.2959976237049805,-1,1,-1,1,-13,13,-13,13,-13,13,-13,13
1783308245.6055954,35.0,0.0,0.0,35.0,0.0,0,10.283857861322469,10.283857861322469,10.283857861322469,10.283857861322469,10.970000267028809,10.8100004196167,11.270000457763672,10.3100004196167,-0.6861424057063399,-0.5261425582942305,-0.9861425964412032,-0.02614255829423051,-0.24014984199721895,-0.18414989540298066,-0.3451499087544211,-0.009149895402980678,0.08201234651413658,0.19199237989690943,0.11405241975989988,0.2957623406803324,-1,1,-1,1,-13,13,-13,13,-13,13,-13,13
1783308245.6257517,35.0,0.0,0.0,35.0,0.0,0,10.283857861322469,10.283857861322469,10.283857861322469,10.283857861322469,10.970000267028809,10.8100004196167,11.270000457763672,10.3100004196167,-0.6861424057063399,-0.5261425582942305,-0.9861425964412032,-0.02614255829423051,-0.24014984199721895,-0.18414989540298066,-0.3451499087544211,-0.009149895402980678,0.07583706486277952,0.18725709687226136,0.10517713639192905,0.2955270576556843,-1,1,-1,1,-13,13,-13,13,-13,13,-13,13
1783308245.6456313,35.0,0.0,0.0,35.0,0.0,0,10.283857861322469,10.283857861322469,10.283857861322469,10.283857861322469,11.300000190734863,10.960000038146973,11.289999961853027,10.390000343322754,-1.0161423294123946,-0.676142176824504,-1.0061421005305586,-0.1061424820002852,-0.3556498152943381,-0.23664976188857637,-0.3521497351856955,-0.037149868700099814,0.06669178389806797,0.1811718172808408,0.09612185748715402,0.29457177531768175,-1,1,-1,1,-13,13,-13,13,-13,13,-13,13
1783308245.6655617,35.0,0.0,0.0,35.0,0.0,0,10.283857861322469,10.283857861322469,10.283857861322469,10.283857861322469,11.300000190734863,10.960000038146973,11.289999961853027,10.390000343322754,-1.0161423294123946,-0.676142176824504,-1.0061421005305586,-0.1061424820002852,-0.3556498152943381,-0.23664976188857637,-0.3521497351856955,-0.037149868700099814,0.05754650293335642,0.17508653768942029,0.08706657858237898,0.2936164929796792,-1,1,-1,1,-13,13,-13,13,-13,13,-13,13
1783308245.6857193,35.0,0.0,0.0,35.0,0.0,0,10.283857861322469,10.283857861322469,10.283857861322469,10.283857861322469,11.529999732971191,11.069999694824219,11.979999542236328,10.670000076293945,-1.2461418716487227,-0.78614183350175,-1.6961416809138594,-0.3861422149714766,-0.43614965507705294,-0.2751496417256125,-0.5936495883198507,-0.1351497752400168,0.04633122608851792,0.16801126118790455,0.07180130345415425,0.2901412130449359,-1,1,-1,1,-13,13,-13,13,-13,13,-12,13
1783308245.7056386,35.0,0.0,0.0,35.0,0.0,0,10.283857861322469,10.283857861322469,10.283857861322469,10.283857861322469,11.529999732971191,11.069999694824219,11.979999542236328,10.670000076293945,-1.2461418716487227,-0.78614183350175,-1.6961416809138594,-0.3861422149714766,-0.43614965507705294,-0.2751496417256125,-0.5936495883198507,-0.1351497752400168,0.03511594924367942,0.1609359846863888,0.056536028325929515,0.2866659331101926,-1,1,-1,1,-13,13,-13,13,-13,13,-12,13
1783308245.7255974,35.0,0.0,0.0,35.0,0.0,0,10.283857861322469,10.283857861322469,10.283857861322469,10.283857861322469,11.529999732971191,11.069999694824219,11.979999542236328,10.670000076293945,-1.2461418716487227,-0.78614183350175,-1.6961416809138594,-0.3861422149714766,-0.43614965507705294,-0.2751496417256125,-0.5936495883198507,-0.1351497752400168,0.023900672398840913,0.15386070818487307,0.041270753197704776,0.28319065317544934,-1,1,-1,1,-13,13,-13,13,-13,13,-12,13
1783308245.745729,35.0,0.0,0.0,35.0,0.0,0,10.283857861322469,10.283857861322469,10.283857861322469,10.283857861322469,11.920000076293945,11.149999618530273,12.010000228881836,10.859999656677246,-1.6361422149714766,-0.8661417572078047,-1.7261423675593672,-0.5761417953547774,-0.5726497752400168,-0.30314961502273163,-0.6041498286457785,-0.20164962837417208,0.009175392464097622,0.14606543237000283,0.025735471889670472,0.27800537701725636,-1,1,-1,1,-13,13,-13,13,-12,13,-12,13
1783308245.7656093,35.0,0.0,0.0,35.0,0.0,0,10.283857861322469,10.283857861322469,10.283857861322469,10.283857861322469,11.920000076293945,11.149999618530273,12.010000228881836,10.859999656677246,-1.6361422149714766,-0.8661417572078047,-1.7261423675593672,-0.5761417953547774,-0.5726497752400168,-0.30314961502273163,-0.6041498286457785,-0.20164962837417208,-0.005549887470645668,0.13827015655513258,0.010200190581636166,0.2728201008590634,-1,1,-1,1,-13,13,-13,13,-12,13,-12,13
1783308245.7858167,35.0,0.0,0.0,35.0,0.0,0,10.283857861322469,10.283857861322469,10.283857861322469,10.283857861322469,11.970000267028809,11.199999809265137,11.800000190734863,11.0,-1.6861424057063399,-0.916141947942668,-1.5161423294123946,-0.7161421386775313,-0.5901498419972189,-0.3206496817799338,-0.5306498152943381,-0.25064974853713595,-0.02072516912200273,0.13002487902364857,-0.003445090383075387,0.2663748216109656,-1,1,-1,1,-13,13,-13,13,-12,13,-12,13
1783308245.8056693,35.0,0.0,0.0,35.0,0.0,0,10.283857861322469,10.283857861322469,10.283857861322469,10.283857861322469,11.970000267028809,11.199999809265137,11.800000190734863,11.0,-1.6861424057063399,-0.916141947942668,-1.5161423294123946,-0.7161421386775313,-0.5901498419972189,-0.3206496817799338,-0.5306498152943381,-0.25064974853713595,-0.03590045077335979,0.12177960149216455,-0.017090371347786938,0.2599295423628678,-1,1,-1,1,-13,13,-13,13,-12,13,-12,13
1783308245.825596,35.0,0.0,0.0,35.0,0.0,0,10.283857861322469,10.283857861322469,10.283857861322469,10.283857861322469,11.970000267028809,11.199999809265137,11.800000190734863,11.0,-1.6861424057063399,-0.916141947942668,-1.5161423294123946,-0.7161421386775313,-0.5901498419972189,-0.3206496817799338,-0.5306498152943381,-0.25064974853713595,-0.05107573242471686,0.11353432396068053,-0.03073565231249849,0.25348426311477,-1,1,-1,1,-13,13,-13,13,-12,13,-12,13
1783308245.8455937,35.0,0.0,0.0,35.0,0.0,0,10.283857861322469,10.283857861322469,10.283857861322469,10.283857861322469,12.0,11.6899995803833,12.109999656677246,11.319999694824219,-1.7161421386775313,-1.406141719060832,-1.8261417953547774,-1.03614183350175,-0.6006497485371359,-0.4921496016712912,-0.639149628374172,-0.3626496417256125,-0.06652101167281464,0.10087904848913304,-0.04717092847069149,0.24415898661325428,-1,1,-1,1,-13,13,-13,13,-12,13,-12,13
1783308245.8656807,35.0,0.0,0.0,35.0,0.0,0,10.283857861322469,10.283857861322469,10.283857861322469,10.283857861322469,12.0,11.6899995803833,12.109999656677246,11.319999694824219,-1.7161421386775313,-1.406141719060832,-1.8261417953547774,-1.03614183350175,-0.6006497485371359,-0.4921496016712912,-0.639149628374172,-0.3626496417256125,-0.08196629092091243,0.08822377301758555,-0.06360620462888449,0.23483371011173854,-1,1,-1,1,-13,13,-13,13,-12,13,-12,13
1783308245.885774,35.0,0.0,0.0,35.0,0.0,0,10.283857861322469,10.283857861322469,10.283857861322469,10.283857861322469,12.25,12.029999732971191,12.550000190734863,11.779999732971191,-1.9661421386775313,-1.7461418716487227,-2.2661423294123946,-1.4961418716487227,-0.688149748537136,-0.6111496550770529,-0.793149815294338,-0.523649655077053,-0.09966157016901021,0.07250849617274704,-0.08400148559359603,0.22136843326690003,-1,1,-1,1,-13,13,-13,13,-12,12,-12,13
1783308245.9056065,35.0,0.0,0.0,35.0,0.0,0,10.283857861322469,10.283857861322469,10.283857861322469,10.283857861322469,12.25,12.029999732971191,12.550000190734863,11.779999732971191,-1.9661421386775313,-1.7461418716487227,-2.2661423294123946,-1.4961418716487227,-0.688149748537136,-0.6111496550770529,-0.793149815294338,-0.523649655077053,-0.117356849417108,0.05679321932790854,-0.10439676655830758,0.20790315642206153,-1,1,-1,1,-13,13,-13,13,-12,12,-12,13
1783308245.9257116,35.0,0.0,0.0,35.0,0.0,0,10.283857861322469,10.283857861322469,10.283857861322469,10.283857861322469,12.25,12.029999732971191,12.550000190734863,11.779999732971191,-1.9661421386775313,-1.7461418716487227,-2.2661423294123946,-1.4961418716487227,-0.688149748537136,-0.6111496550770529,-0.793149815294338,-0.523649655077053,-0.13505212866520577,0.041077942483070035,-0.12479204752301913,0.19443787957722303,-1,1,-1,1,-13,13,-13,13,-12,12,-12,13
1783308245.945693,35.0,0.0,0.0,35.0,0.0,0,10.283857861322469,10.283857861322469,10.283857861322469,10.283857861322469,12.199999809265137,12.039999961853027,12.40999984741211,11.869999885559082,-1.916141947942668,-1.7561421005305586,-2.1261419860896407,-1.5861420242366133,-0.6706496817799338,-0.6146497351856954,-0.7441496951313742,-0.5551497084828146,-0.1522974061966898,0.025272663578295006,-0.1439273253978259,0.1801626013590935,-1,1,-1,1,-13,13,-13,13,-12,12,-12,13
1783308245.9655972,35.0,0.0,0.0,35.0,0.0,0,10.283857861322469,10.283857861322469,10.283857861322469,10.283857861322469,12.199999809265137,12.039999961853027,12.40999984741211,11.869999885559082,-1.916141947942668,-1.7561421005305586,-2.1261419860896407,-1.5861420242366133,-0.6706496817799338,-0.6146497351856954,-0.7441496951313742,-0.5551497084828146,-0.16954268372817383,0.009467384673519978,-0.16306260327263267,0.165887323140964,-1,1,-1,1,-13,13,-13,13,-12,12,-12,13
1783308245.9856517,35.0,0.0,0.0,35.0,0.0,0,10.283857861322469,10.283857861322469,10.283857861322469,10.283857861322469,12.609999656677246,11.829999923706055,12.539999961853027,11.930000305175781,-2.3261417953547774,-1.546142062383586,-2.2561421005305586,-1.6461424438533125,-0.814149628374172,-0.541149721834255,-0.7896497351856955,-0.5761498553486594,-0.19047795988636682,-0.004447893887932295,-0.1833678821774077,0.15107204114628417,-1,1,-1,1,-13,13,-13,13,-12,12,-12,13
1783308246.0056412,35.0,0.0,0.0,35.0,0.0,0,10.283857861322469,10.283857861322469,10.283857861322469,10.283857861322469,12.609999656677246,11.829999923706055,12.539999961853027,11.930000305175781,-2.3261417953547774,-1.546142062383586,-2.2561421005305586,-1.6461424438533125,-0.814149628374172,-0.541149721834255,-0.7896497351856955,-0.5761498553486594,-0.2114132360445598,-0.01836317244938457,-0.20367316108218275,0.13625675915160435,-1,1,-1,1,-13,13,-13,13,-12,12,-12,13
1783308246.0257287,35.0,0.0,0.0,35.0,0.0,0,10.283857861322469,10.283857861322469,10.283857861322469,10.283857861322469,12.609999656677246,11.829999923706055,12.539999961853027,11.930000305175781,-2.3261417953547774,-1.546142062383586,-2.2561421005305586,-1.6461424438533125,-0.814149628374172,-0.541149721834255,-0.7896497351856955,-0.5761498553486594,-0.2323485122027528,-0.032278451010836845,-0.2239784399869578,0.12144147715692453,-1,1,-1,1,-13,13,-13,13,-12,12,-12,13
1783308246.0456102,35.0,0.0,0.0,35.0,0.0,0,10.283857861322469,10.283857861322469,10.283857861322469,10.283857861322469,12.449999809265137,11.680000305175781,12.170000076293945,11.970000267028809,-2.166141947942668,-1.3961424438533125,-1.8861422149714766,-1.6861424057063399,-0.7581496817799338,-0.48864985534865935,-0.6601497752400167,-0.5901498419972189,-0.2518437897342368,-0.04484373300551666,-0.2409537199217011,0.10626619550556747,-1,1,-1,1,-13,13,-13,13,-12,12,-12,13
1783308246.0655987,35.0,0.0,0.0,35.0,0.0,0,10.283857861322469,10.283857861322469,10.283857861322469,10.283857861322469,12.449999809265137,11.680000305175781,12.170000076293945,11.970000267028809,-2.166141947942668,-1.3961424438533125,-1.8861422149714766,-1.6861424057063399,-0.7581496817799338,-0.48864985534865935,-0.6601497752400167,-0.5901498419972189,-0.2713390672657208,-0.057409015000196476,-0.25792899985644435,0.0910909138542104,-1,1,-1,1,-13,13,-13,13,-12,12,-12,13
1783308246.085661,35.0,0.0,0.0,35.0,0.0,0,10.283857861322469,10.283857861322469,10.283857861322469,10.283857861322469,12.109999656677246,11.800000190734863,11.920000076293945,12.0,-1.8261417953547774,-1.5161423294123946,-1.6361422149714766,-1.7161421386775313,-0.639149628374172,-0.5306498152943381,-0.5726497752400168,-0.6006497485371359,-0.28777434342391384,-0.07105429596490803,-0.2726542797911876,0.07564563460611262,-1,1,-1,1,-13,13,-13,13,-12,12,-12,12
1783308246.1056309,35.0,0.0,0.0,35.0,0.0,0,10.283857861322469,10.283857861322469,10.283857861322469,10.283857861322469,12.109999656677246,11.800000190734863,11.920000076293945,12.0,-1.8261417953547774,-1.5161423294123946,-1.6361422149714766,-1.7161421386775313,-0.639149628374172,-0.5306498152943381,-0.5726497752400168,-0.6006497485371359,-0.30420961958210685,-0.08469957692961959,-0.2873795597259309,0.06020035535801484,-1,1,-1,1,-13,13,-13,13,-12,12,-12,12
1783308246.1256287,35.0,0.0,0.0,35.0,0.0,0,10.283857861322469,10.283857861322469,10.283857861322469,10.283857861322469,12.109999656677246,11.800000190734863,11.920000076293945,12.0,-1.8261417953547774,-1.5161423294123946,-1.6361422149714766,-1.7161421386775313,-0.639149628374172,-0.5306498152943381,-0.5726497752400168,-0.6006497485371359,-0.32064489574029986,-0.09834485789433114,-0.30210483966067414,0.04475507610991705,-1,1,-1,1,-13,13,-13,13,-12,12,-12,12
1783308246.145718,35.0,0.0,0.0,35.0,0.0,0,10.283857861322469,10.283857861322469,10.283857861322469,10.283857861322469,11.880000114440918,11.649999618530273,11.739999771118164,11.800000190734863,-1.5961422531184493,-1.3661417572078047,-1.4561419097956954,-1.5161423294123946,-0.5586497885914572,-0.4781496150227316,-0.5096496684284934,-0.5306498152943381,-0.3350101760183659,-0.1106401337092014,-0.3152101168488354,0.0311097951452055,-1,1,-1,1,-13,13,-13,13,-12,12,-12,13
1783308246.165761,35.0,0.0,0.0,35.0,0.0,0,10.283857861322469,10.283857861322469,10.283857861322469,10.283857861322469,11.880000114440918,11.649999618530273,11.739999771118164,11.800000190734863,-1.5961422531184493,-1.3661417572078047,-1.4561419097956954,-1.5161423294123946,-0.5586497885914572,-0.4781496150227316,-0.5096496684284934,-0.5306498152943381,-0.34937545629643196,-0.12293540952407164,-0.3283153940369966,0.017464514180493947,-1,1,-1,1,-13,13,-13,13,-12,12,-12,12
1783308246.1856713,35.0,0.0,0.0,35.0,0.0,0,10.283857861322469,10.283857861322469,10.283857861322469,10.283857861322469,11.9399995803833,11.779999732971191,11.84000015258789,11.880000114440918,-1.656141719060832,-1.4961418716487227,-1.556142291265422,-1.5961422531184493,-0.5796496016712912,-0.523649655077053,-0.5446498019428976,-0.5586497885914572,-0.3642807317679795,-0.13640068636891015,-0.3423206746583854,0.003099233902427903,-1,1,-1,1,-13,13,-13,13,-12,12,-12,12
1783308246.2056139,35.0,0.0,0.0,35.0,0.0,0,10.283857861322469,10.283857861322469,10.283857861322469,10.283857861322469,11.9399995803833,11.779999732971191,11.84000015258789,11.880000114440918,-1.656141719060832,-1.4961418716487227,-1.556142291265422,-1.5961422531184493,-0.5796496016712912,-0.523649655077053,-0.5446498019428976,-0.5586497885914572,-0.379186007239527,-0.14986596321374865,-0.3563259552797742,-0.01126604637563814,-1,1,-1,1,-13,13,-13,13,-12,12,-12,12
1783308246.2256021,35.0,0.0,0.0,35.0,0.0,0,10.283857861322469,10.283857861322469,10.283857861322469,10.283857861322469,11.9399995803833,11.779999732971191,11.84000015258789,11.880000114440918,-1.656141719060832,-1.4961418716487227,-1.556142291265422,-1.5961422531184493,-0.5796496016712912,-0.523649655077053,-0.5446498019428976,-0.5586497885914572,-0.3940912827110745,-0.16333124005858715,-0.37033123590116296,-0.025631326653704184,-1,1,-1,1,-13,13,-13,13,-12,12,-12,12
1783308246.2456017,35.0,0.0,0.0,35.0,0.0,0,10.283857861322469,10.283857861322469,10.283857861322469,10.283857861322469,11.520000457763672,11.640000343322754,11.229999542236328,11.710000038146973,-1.2361425964412032,-1.3561424820002852,-0.9461416809138594,-1.426142176824504,-0.4326499087544211,-0.4746498687000998,-0.33114958831985075,-0.49914976188857635,-0.4052165660790453,-0.17553652239658973,-0.3788465110293877,-0.03846660624512472,-1,1,-1,1,-13,13,-13,13,-12,12,-12,12
1783308246.2657425,35.0,0.0,0.0,35.0,0.0,0,10.283857861322469,10.283857861322469,10.283857861322469,10.283857861322469,11.520000457763672,11.640000343322754,11.229999542236328,11.710000038146973,-1.2361425964412032,-1.3561424820002852,-0.9461416809138594,-1.426142176824504,-0.4326499087544211,-0.4746498687000998,-0.33114958831985075,-0.49914976188857635,-0.41634184944701613,-0.1877418047345923,-0.38736178615761246,-0.051301885836545255,-1,1,-1,1,-13,13,-13,13,-12,12,-12,12
1783308246.2856636,35.0,0.0,0.0,35.0,0.0,0,10.283857861322469,10.283857861322469,10.283857861322469,10.283857861322469,11.239999771118164,11.319999694824219,11.029999732971191,11.600000381469727,-0.9561419097956954,-1.03614183350175,-0.7461418716487227,-1.3161425201472579,-0.33464966842849336,-0.3626496417256125,-0.26114965507705296,-0.4606498820515402,-0.4249471266351774,-0.19706708123610803,-0.394077063002451,-0.06314716851787058,-1,1,-1,1,-13,13,-13,13,-12,12,-12,12
1783308246.3057394,35.0,0.0,0.0,35.0,0.0,0,10.283857861322469,10.283857861322469,10.283857861322469,10.283857861322469,11.239999771118164,11.319999694824219,11.029999732971191,11.600000381469727,-0.9561419097956954,-1.03614183350175,-0.7461418716487227,-1.3161425201472579,-0.33464966842849336,-0.3626496417256125,-0.26114965507705296,-0.4606498820515402,-0.4335524038233387,-0.20639235773762377,-0.4007923398472895,-0.07499245119919591,-1,1,-1,1,-13,13,-13,13,-12,12,-12,12
1783308246.3256056,35.0,0.0,0.0,35.0,0.0,0,10.283857861322469,10.283857861322469,10.283857861322469,10.283857861322469,11.239999771118164,11.319999694824219,11.029999732971191,11.600000381469727,-0.9561419097956954,-1.03614183350175,-0.7461418716487227,-1.3161425201472579,-0.33464966842849336,-0.3626496417256125,-0.26114965507705296,-0.4606498820515402,-0.4421576810115,-0.2157176342391395,-0.40750761669212804,-0.08683773388052124,-1,1,-1,1,-13,13,-13,13,-12,12,-12,12
1783308246.3455772,35.0,0.0,0.0,35.0,0.0,0,10.283857861322469,10.283857861322469,10.283857861322469,10.283857861322469,11.710000038146973,10.869999885559082,11.119999885559082,11.289999961853027,-1.426142176824504,-0.5861420242366133,-0.8361420242366133,-1.0061421005305586,-0.49914976188857635,-0.20514970848281466,-0.29264970848281463,-0.3521497351856955,-0.45499296060292055,-0.22099291245726901,-0.4150328949102576,-0.09589301278529627,-1,1,-1,1,-13,13,-13,13,-12,13,-12,13
1783308246.365599,35.0,0.0,0.0,35.0,0.0,0,10.283857861322469,10.283857861322469,10.283857861322469,10.283857861322469,11.710000038146973,10.869999885559082,11.119999885559082,11.289999961853027,-1.426142176824504,-0.5861420242366133,-0.8361420242366133,-1.0061421005305586,-0.49914976188857635,-0.20514970848281466,-0.29264970848281463,-0.3521497351856955,-0.4678282401943411,-0.22626819067539852,-0.4225581731283871,-0.1049482916900713,-1,1,-1,1,-13,13,-13,13,-12,13,-12,13
1783308246.385812,35.0,0.0,0.0,35.0,0.0,0,10.283857861322469,10.283857861322469,10.283857861322469,10.283857861322469,11.369999885559082,10.550000190734863,10.949999809265137,11.069999694824219,-1.0861420242366133,-0.2661423294123946,-0.666141947942668,-0.78614183350175,-0.38014970848281465,-0.09314981529433809,-0.23314968177993378,-0.2751496417256125,-0.4776035184124706,-0.22866347164011008,-0.4285534506598711,-0.11202356819158706,-1,1,-1,1,-13,13,-13,13,-12,13,-12,13
1783308246.4057202,35.0,0.0,0.0,35.0,0.0,0,10.283857861322469,10.283857861322469,10.283857861322469,10.283857861322469,11.369999885559082,10.550000190734863,10.949999809265137,11.069999694824219,-1.0861420242366133,-0.2661423294123946,-0.666141947942668,-0.78614183350175,-0.38014970848281465,-0.09314981529433809,-0.23314968177993378,-0.2751496417256125,-0.48737879663060013,-0.23105875260482164,-0.4345487281913551,-0.1190988446931028,-1,1,-1,1,-13,13,-13,13,-12,13,-12,13
1783308246.4256387,35.0,0.0,0.0,35.0,0.0,0,10.283857861322469,10.283857861322469,10.283857861322469,10.283857861322469,11.369999885559082,10.550000190734863,10.949999809265137,11.069999694824219,-1.0861420242366133,-0.2661423294123946,-0.666141947942668,-0.78614183350175,-0.38014970848281465,-0.09314981529433809,-0.23314968177993378,-0.2751496417256125,-0.49715407484872964,-0.2334540335695332,-0.4405440057228391,-0.12617412119461857,-1,1,-1,1,-13,13,-13,13,-12,13,-12,13
1783308246.4457705,35.0,0.0,0.0,35.0,0.0,0,10.283857861322469,10.283857861322469,10.283857861322469,10.283857861322469,11.130000114440918,10.550000190734863,10.609999656677246,10.6899995803833,-0.8461422531184493,-0.2661423294123946,-0.3261417953547774,-0.4061417190608321,-0.29614978859145724,-0.09314981529433809,-0.11414962837417207,-0.1421496016712912,-0.5047693551267957,-0.23584931453424476,-0.4434792818810321,-0.12982939666616605,-1,1,-1,1,-13,13,-13,13,-12,13,-12,13
1783308246.4655654,35.0,0.0,0.0,35.0,0.0,0,10.283857861322469,10.283857861322469,10.283857861322469,10.283857861322469,11.130000114440918,10.550000190734863,10.609999656677246,10.6899995803833,-0.8461422531184493,-0.2661423294123946,-0.3261417953547774,-0.4061417190608321,-0.29614978859145724,-0.09314981529433809,-0.11414962837417207,-0.1421496016712912,-0.5123846354048617,-0.23824459549895632,-0.4464145580392251,-0.13348467213771353,-1,1,-1,1,-13,13,-13,13,-12,13,-12,13
1783308246.4856694,35.0,0.0,0.0,35.0,0.0,0,10.283857861322469,10.283857861322469,10.283857861322469,10.283857861322469,10.729999542236328,10.779999732971191,10.600000381469727,10.649999618530273,-0.4461416809138594,-0.4961418716487227,-0.31614252014725786,-0.36614175720780473,-0.1561495883198508,-0.17364965507705293,-0.11064988205154024,-0.12814961502273164,-0.5163999105330864,-0.24270987234379482,-0.4492598407205504,-0.13677994795258377,-1,1,-1,1,-13,13,-13,13,-12,13,-12,13
1783308246.5056043,35.0,0.0,0.0,35.0,0.0,0,10.283857861322469,10.283857861322469,10.283857861322469,10.283857861322469,10.729999542236328,10.779999732971191,10.600000381469727,10.649999618530273,-0.4461416809138594,-0.4961418716487227,-0.31614252014725786,-0.36614175720780473,-0.1561495883198508,-0.17364965507705293,-0.11064988205154024,-0.12814961502273164,-0.5204151856613112,-0.24717514918863331,-0.45210512340187575,-0.14007522376745402,-1,1,-1,1,-13,13,-13,13,-12,13,-12,13
1783308246.5257428,0.0,0.0,0.0,0.0,0.0,0,0.0,0.0,0.0,0.0,10.729999542236328,10.779999732971191,10.600000381469727,10.649999618530273,-10.729999542236328,-10.779999732971191,-10.600000381469727,-10.649999618530273,-3.7554998397827144,-3.772999906539917,-3.710000133514404,-3.7274998664855956,0.0,0.0,0.0,0.0,-1,1,-1,1,0,0,0,0,0,0,0,0
1783308246.5456004,0.0,0.0,0.0,0.0,0.0,0,0.0,0.0,0.0,0.0,10.90999984741211,10.720000267028809,11.039999961853027,10.850000381469727,-10.90999984741211,-10.720000267028809,-11.039999961853027,-10.850000381469727,-3.818499946594238,-3.7520000934600826,-3.8639999866485595,-3.797500133514404,0.0,0.0,0.0,0.0,-1,1,-1,1,0,0,0,0,0,0,0,0
1783308246.5658836,0.0,0.0,0.0,0.0,0.0,0,0.0,0.0,0.0,0.0,10.90999984741211,10.720000267028809,11.039999961853027,10.850000381469727,-10.90999984741211,-10.720000267028809,-11.039999961853027,-10.850000381469727,-3.818499946594238,-3.7520000934600826,-3.8639999866485595,-3.797500133514404,0.0,0.0,0.0,0.0,-1,1,-1,1,0,0,0,0,0,0,0,0
1783308246.5855753,0.0,0.0,0.0,0.0,0.0,0,0.0,0.0,0.0,0.0,10.579999923706055,10.449999809265137,10.220000267028809,10.319999694824219,-10.579999923706055,-10.449999809265137,-10.220000267028809,-10.319999694824219,-3.702999973297119,-3.6574999332427978,-3.5770000934600827,-3.6119998931884765,0.0,0.0,0.0,0.0,-1,1,-1,1,0,0,0,0,0,0,0,0
1783308246.6056807,0.0,0.0,0.0,0.0,0.0,0,0.0,0.0,0.0,0.0,10.579999923706055,10.449999809265137,10.220000267028809,10.319999694824219,-10.579999923706055,-10.449999809265137,-10.220000267028809,-10.319999694824219,-3.702999973297119,-3.6574999332427978,-3.5770000934600827,-3.6119998931884765,0.0,0.0,0.0,0.0,-1,1,-1,1,0,0,0,0,0,0,0,0
1783308246.625574,0.0,0.0,0.0,0.0,0.0,0,0.0,0.0,0.0,0.0,10.579999923706055,10.449999809265137,10.220000267028809,10.319999694824219,-10.579999923706055,-10.449999809265137,-10.220000267028809,-10.319999694824219,-3.702999973297119,-3.6574999332427978,-3.5770000934600827,-3.6119998931884765,0.0,0.0,0.0,0.0,-1,1,-1,1,0,0,0,0,0,0,0,0
1783308246.6455605,0.0,0.0,0.0,0.0,0.0,0,0.0,0.0,0.0,0.0,8.989999771118164,8.670000076293945,8.739999771118164,8.8100004196167,-8.989999771118164,-8.670000076293945,-8.739999771118164,-8.8100004196167,-3.1464999198913572,-3.0345000267028808,-3.0589999198913573,-3.0835001468658447,0.0,0.0,0.0,0.0,-1,1,-1,1,0,0,0,0,0,0,0,0
1783308246.6655753,0.0,0.0,0.0,0.0,0.0,0,0.0,0.0,0.0,0.0,8.989999771118164,8.670000076293945,8.739999771118164,8.8100004196167,-8.989999771118164,-8.670000076293945,-8.739999771118164,-8.8100004196167,-3.1464999198913572,-3.0345000267028808,-3.0589999198913573,-3.0835001468658447,0.0,0.0,0.0,0.0,-1,1,-1,1,0,0,0,0,0,0,0,0
1783308246.6856415,0.0,0.0,0.0,0.0,0.0,0,0.0,0.0,0.0,0.0,6.96999979019165,6.75,7.019999980926514,6.619999885559082,-6.96999979019165,-6.75,-7.019999980926514,-6.619999885559082,-2.4394999265670774,-2.3625,-2.4569999933242794,-2.3169999599456785,0.0,0.0,0.0,0.0,-1,1,-1,1,0,0,0,0,0,0,0,0
1783308246.7055745,0.0,0.0,0.0,0.0,0.0,0,0.0,0.0,0.0,0.0,6.96999979019165,6.75,7.019999980926514,6.619999885559082,-6.96999979019165,-6.75,-7.019999980926514,-6.619999885559082,-2.4394999265670774,-2.3625,-2.4569999933242794,-2.3169999599456785,0.0,0.0,0.0,0.0,-1,1,-1,1,0,0,0,0,0,0,0,0
1783308246.7257092,0.0,0.0,0.0,0.0,0.0,0,0.0,0.0,0.0,0.0,6.96999979019165,6.75,7.019999980926514,6.619999885559082,-6.96999979019165,-6.75,-7.019999980926514,-6.619999885559082,-2.4394999265670774,-2.3625,-2.4569999933242794,-2.3169999599456785,0.0,0.0,0.0,0.0,-1,1,-1,1,0,0,0,0,0,0,0,0
1783308246.745597,0.0,0.0,0.0,0.0,0.0,0,0.0,0.0,0.0,0.0,4.880000114440918,4.71999979019165,5.139999866485596,4.630000114440918,-4.880000114440918,-4.71999979019165,-5.139999866485596,-4.630000114440918,-1.7080000400543212,-1.6519999265670775,-1.7989999532699583,-1.6205000400543212,0.0,0.0,0.0,0.0,-1,1,-1,1,0,0,0,0,0,0,0,0
1783308246.7657828,0.0,0.0,0.0,0.0,0.0,0,0.0,0.0,0.0,0.0,4.880000114440918,4.71999979019165,5.139999866485596,4.630000114440918,-4.880000114440918,-4.71999979019165,-5.139999866485596,-4.630000114440918,-1.7080000400543212,-1.6519999265670775,-1.7989999532699583,-1.6205000400543212,0.0,0.0,0.0,0.0,-1,1,-1,1,0,0,0,0,0,0,0,0
1783308246.785651,0.0,0.0,0.0,0.0,0.0,0,0.0,0.0,0.0,0.0,3.4200000762939453,3.309999942779541,3.5999999046325684,3.240000009536743,-3.4200000762939453,-3.309999942779541,-3.5999999046325684,-3.240000009536743,-1.1970000267028809,-1.1584999799728393,-1.2599999666213988,-1.13400000333786,0.0,0.0,0.0,0.0,-1,1,-1,1,0,0,0,0,0,0,0,0
1783308246.8056104,0.0,0.0,0.0,0.0,0.0,0,0.0,0.0,0.0,0.0,3.4200000762939453,3.309999942779541,3.5999999046325684,3.240000009536743,-3.4200000762939453,-3.309999942779541,-3.5999999046325684,-3.240000009536743,-1.1970000267028809,-1.1584999799728393,-1.2599999666213988,-1.13400000333786,0.0,0.0,0.0,0.0,-1,1,-1,1,0,0,0,0,0,0,0,0
1783308246.8256912,0.0,0.0,0.0,0.0,0.0,0,0.0,0.0,0.0,0.0,3.4200000762939453,3.309999942779541,3.5999999046325684,3.240000009536743,-3.4200000762939453,-3.309999942779541,-3.5999999046325684,-3.240000009536743,-1.1970000267028809,-1.1584999799728393,-1.2599999666213988,-1.13400000333786,0.0,0.0,0.0,0.0,-1,1,-1,1,0,0,0,0,0,0,0,0
1783308246.845588,0.0,0.0,0.0,0.0,0.0,0,0.0,0.0,0.0,0.0,2.390000104904175,2.309999942779541,2.5199999809265137,2.2699999809265137,-2.390000104904175,-2.309999942779541,-2.5199999809265137,-2.2699999809265137,-0.8365000367164611,-0.8084999799728393,-0.8819999933242797,-0.7944999933242798,0.0,0.0,0.0,0.0,-1,1,-1,1,0,0,0,0,0,0,0,0
1783308246.8657632,0.0,0.0,0.0,0.0,0.0,0,0.0,0.0,0.0,0.0,2.390000104904175,2.309999942779541,2.5199999809265137,2.2699999809265137,-2.390000104904175,-2.309999942779541,-2.5199999809265137,-2.2699999809265137,-0.8365000367164611,-0.8084999799728393,-0.8819999933242797,-0.7944999933242798,0.0,0.0,0.0,0.0,-1,1,-1,1,0,0,0,0,0,0,0,0
1783308246.885633,0.0,0.0,0.0,0.0,0.0,0,0.0,0.0,0.0,0.0,1.6699999570846558,1.6200000047683716,1.7599999904632568,1.590000033378601,-1.6699999570846558,-1.6200000047683716,-1.7599999904632568,-1.590000033378601,-0.5844999849796295,-0.56700000166893,-0.6159999966621399,-0.5565000116825103,0.0,0.0,0.0,0.0,-1,1,-1,1,0,0,0,0,0,0,0,0
1783308246.9055772,0.0,0.0,0.0,0.0,0.0,0,0.0,0.0,0.0,0.0,1.6699999570846558,1.6200000047683716,1.7599999904632568,1.590000033378601,-1.6699999570846558,-1.6200000047683716,-1.7599999904632568,-1.590000033378601,-0.5844999849796295,-0.56700000166893,-0.6159999966621399,-0.5565000116825103,0.0,0.0,0.0,0.0,-1,1,-1,1,0,0,0,0,0,0,0,0
1783308246.9256563,0.0,0.0,0.0,0.0,0.0,0,0.0,0.0,0.0,0.0,1.6699999570846558,1.6200000047683716,1.7599999904632568,1.590000033378601,-1.6699999570846558,-1.6200000047683716,-1.7599999904632568,-1.590000033378601,-0.5844999849796295,-0.56700000166893,-0.6159999966621399,-0.5565000116825103,0.0,0.0,0.0,0.0,-1,1,-1,1,0,0,0,0,0,0,0,0
1783308246.9455967,0.0,0.0,0.0,0.0,0.0,0,0.0,0.0,0.0,0.0,1.1699999570846558,1.1299999952316284,1.2300000190734863,1.1100000143051147,-1.1699999570846558,-1.1299999952316284,-1.2300000190734863,-1.1100000143051147,-0.40949998497962947,-0.3954999983310699,-0.4305000066757202,-0.38850000500679016,0.0,0.0,0.0,0.0,-1,1,-1,1,0,0,0,0,0,0,0,0
1783308246.96558,0.0,0.0,0.0,0.0,0.0,0,0.0,0.0,0.0,0.0,1.1699999570846558,1.1299999952316284,1.2300000190734863,1.1100000143051147,-1.1699999570846558,-1.1299999952316284,-1.2300000190734863,-1.1100000143051147,-0.40949998497962947,-0.3954999983310699,-0.4305000066757202,-0.38850000500679016,0.0,0.0,0.0,0.0,-1,1,-1,1,0,0,0,0,0,0,0,0
1783308246.985614,0.0,0.0,0.0,0.0,0.0,0,0.0,0.0,0.0,0.0,0.8199999928474426,0.7900000214576721,0.8600000143051147,0.7799999713897705,-0.8199999928474426,-0.7900000214576721,-0.8600000143051147,-0.7799999713897705,-0.2869999974966049,-0.2765000075101852,-0.30100000500679014,-0.27299998998641967,0.0,0.0,0.0,0.0,-1,1,-1,1,0,0,0,0,0,0,0,0
1783308247.0057278,0.0,0.0,0.0,0.0,0.0,0,0.0,0.0,0.0,0.0,0.8199999928474426,0.7900000214576721,0.8600000143051147,0.7799999713897705,-0.8199999928474426,-0.7900000214576721,-0.8600000143051147,-0.7799999713897705,-0.2869999974966049,-0.2765000075101852,-0.30100000500679014,-0.27299998998641967,0.0,0.0,0.0,0.0,-1,1,-1,1,0,0,0,0,0,0,0,0
1783308247.0256093,0.0,0.0,0.12,0.0,0.0,1,10.225092959257768,-10.225092959257768,10.225092959257768,-10.225092959257768,0.8199999928474426,0.7900000214576721,0.8600000143051147,0.7799999713897705,9.405092966410326,-11.01509298071544,9.365092944952654,-11.005092930647539,3.2917825382436137,-3.855282543250404,3.2777825307334285,-3.8517825257266383,0.08464583669769293,-0.09913583682643896,0.08428583650457389,-0.09904583637582785,-1,1,-1,1,-18,-18,-18,-18,-21,-22,-21,-22
1783308247.0455997,0.0,0.0,0.12,0.0,0.0,1,10.225092959257768,-10.225092959257768,10.225092959257768,-10.225092959257768,0.5699999928474426,0.5600000023841858,0.6000000238418579,0.5400000214576721,9.655092966410326,-10.785092961641954,9.62509293541591,-10.76509298071544,3.379282538243614,-3.774782536574684,3.3687825273955685,-3.7677825432504037,0.17154167339538587,-0.19620167348121653,0.1709116729233171,-0.19593167320226682,-1,1,-1,1,-18,-18,-18,-18,-22,-22,-22,-22
1783308247.0656013,0.0,0.0,0.12,0.0,0.0,1,10.225092959257768,-10.225092959257768,10.225092959257768,-10.225092959257768,0.5699999928474426,0.5600000023841858,0.6000000238418579,0.5400000214576721,9.655092966410326,-10.785092961641954,9.62509293541591,-10.76509298071544,3.379282538243614,-3.774782536574684,3.3687825273955685,-3.7677825432504037,0.2584375100930788,-0.2932675101359941,0.2575375093420603,-0.29281751002870576,-1,1,-1,1,-18,-18,-18,-18,-22,-22,-22,-22
1783308247.0857596,0.0,0.0,0.12,0.0,0.0,1,10.225092959257768,-10.225092959257768,10.225092959257768,-10.225092959257768,1.0800000429153442,0.1599999964237213,1.100000023841858,-0.07000000029802322,9.145092916342424,-10.38509295568149,9.12509293541591,-10.155092958959745,3.2007825207198484,-3.634782534488521,3.1937825273955687,-3.5542825356359105,0.3407433463401606,-0.3867333467371275,0.33966334576080354,-0.3842133466593435,-1,1,-1,1,-18,-18,-18,-18,-22,-22,-22,-22
1783308247.1057372,0.0,0.0,0.12,0.0,0.0,1,10.225092959257768,-10.225092959257768,10.225092959257768,-10.225092959257768,1.0800000429153442,0.1599999964237213,1.100000023841858,-0.07000000029802322,9.145092916342424,-10.38509295568149,9.12509293541591,-10.155092958959745,3.2007825207198484,-3.634782534488521,3.1937825273955687,-3.5542825356359105,0.42304918258724244,-0.4801991833382609,0.42178918217954675,-0.4756091832899812,-1,1,-1,1,-18,-18,-18,-18,-22,-22,-22,-22
1783308247.1256065,0.0,0.0,0.12,0.0,0.0,1,10.225092959257768,-10.225092959257768,10.225092959257768,-10.225092959257768,1.0800000429153442,0.1599999964237213,1.100000023841858,-0.07000000029802322,9.145092916342424,-10.38509295568149,9.12509293541591,-10.155092958959745,3.2007825207198484,-3.634782534488521,3.1937825273955687,-3.5542825356359105,0.5053550188343243,-0.5736650199393943,0.5039150185982899,-0.5670050199206189,-1,1,-1,1,-18,-18,-18,-18,-22,-22,-22,-22
1783308247.1456103,0.0,0.0,0.12,0.0,0.0,1,10.225092959257768,-10.225092959257768,10.225092959257768,-10.225092959257768,2.7899999618530273,-1.4700000286102295,2.809999942779541,-1.6299999952316284,7.435092997404741,-8.755092930647539,7.415093016478227,-8.59509296402614,2.602282549091659,-3.0642825257266386,2.5952825557673793,-3.0082825374091486,0.572270855810967,-0.6524608563152222,0.5706508557465939,-0.6443608565968542,-1,1,-1,1,-18,-18,-18,-18,-21,-22,-21,-22
1783308247.1655803,0.0,0.0,0.12,0.0,0.0,1,10.225092959257768,-10.225092959257768,10.225092959257768,-10.225092959257768,2.7899999618530273,-1.4700000286102295,2.809999942779541,-1.6299999952316284,7.435092997404741,-8.755092930647539,7.415093016478227,-8.59509296402614,2.602282549091659,-3.0642825257266386,2.5952825557673793,-3.0082825374091486,0.6391866927876098,-0.7312566926910501,0.6373866928948979,-0.7217166932730894,-1,1,-1,1,-18,-18,-18,-18,-21,-22,-21,-22
1783308247.1858437,0.0,0.0,0.12,0.0,0.0,1,10.225092959257768,-10.225092959257768,10.225092959257768,-10.225092959257768,5.130000114440918,-3.2899999618530273,5.360000133514404,-3.859999895095825,5.09509284481685,-6.935092997404741,4.865092825743364,-6.365093064161943,1.7832824956858975,-2.427282549091659,1.7027824890101773,-2.2277825724566798,0.6850425283909614,-0.7936725296676927,0.6811725283265881,-0.7790025308505469,-1,1,-1,1,-18,-18,-18,-18,-20,-21,-20,-21
1783308247.2055714,0.0,0.0,0.12,0.0,0.0,1,10.225092959257768,-10.225092959257768,10.225092959257768,-10.225092959257768,5.130000114440918,-3.2899999618530273,5.360000133514404,-3.859999895095825,5.09509284481685,-6.935092997404741,4.865092825743364,-6.365093064161943,1.7832824956858975,-2.427282549091659,1.7027824890101773,-2.2277825724566798,0.730898363994313,-0.8560883666443354,0.7249583637582784,-0.8362883684280045,-1,1,-1,1,-18,-18,-18,-18,-21,-21,-20,-21
1783308247.2256126,0.0,0.0,0.12,0.0,0.0,1,10.225092959257768,-10.225092959257768,10.225092959257768,-10.225092959257768,5.130000114440918,-3.2899999618530273,5.360000133514404,-3.859999895095825,5.09509284481685,-6.935092997404741,4.865092825743364,-6.365093064161943,1.7832824956858975,-2.427282549091659,1.7027824890101773,-2.2277825724566798,0.7767541995976646,-0.9185042036209781,0.7687441991899686,-0.893574206005462,-1,1,-1,1,-18,-18,-18,-18,-21,-21,-20,-21
1783308247.245695,0.0,0.0,0.12,0.0,0.0,1,10.225092959257768,-10.225092959257768,10.225092959257768,-10.225092959257768,6.980000019073486,-5.480000019073486,7.150000095367432,-6.329999923706055,3.245092940184282,-4.745092940184282,3.0750928638903368,-3.8950930355517137,1.1357825290644987,-1.6607825290644986,1.0762825023616178,-1.3632825624430998,0.8059600360593231,-0.9612100400826367,0.7964200349649817,-0.9286300433254274,-1,1,-1,1,-18,-18,-18,-18,-20,-21,-20,-20
1783308247.2655864,0.0,0.0,0.12,0.0,0.0,1,10.225092959257768,-10.225092959257768,10.225092959257768,-10.225092959257768,6.980000019073486,-5.480000019073486,7.150000095367432,-6.329999923706055,3.245092940184282,-4.745092940184282,3.0750928638903368,-3.8950930355517137,1.1357825290644987,-1.6607825290644986,1.0762825023616178,-1.3632825624430998,0.8351658725209816,-1.0039158765442953,0.8240958707399948,-0.9636858806453928,-1,1,-1,1,-18,-18,-18,-18,-20,-21,-20,-20
1783308247.2856266,0.0,0.0,0.12,0.0,0.0,1,10.225092959257768,-10.225092959257768,10.225092959257768,-10.225092959257768,8.510000228881836,-8.130000114440918,9.079999923706055,-8.050000190734863,1.7150927303759325,-2.0950928448168504,1.1450930355517137,-2.175092768522905,0.6002824556315763,-0.7332824956858977,0.4007825624430998,-0.7612824689830168,0.850601707094365,-1.022771712147647,0.8344017080599602,-0.983261715562099,-1,1,-1,1,-18,-18,-18,-18,-19,-20,-19,-20
1783308247.3056126,0.0,0.0,0.12,0.0,0.0,1,10.225092959257768,-10.225092959257768,10.225092959257768,-10.225092959257768,8.510000228881836,-8.130000114440918,9.079999923706055,-8.050000190734863,1.7150927303759325,-2.0950928448168504,1.1450930355517137,-2.175092768522905,0.6002824556315763,-0.7332824956858977,0.4007825624430998,-0.7612824689830168,0.8660375416677484,-1.0416275477509986,0.8447075453799255,-1.0028375504788052,-1,1,-1,1,-18,-18,-18,-18,-19,-20,-19,-20
1783308247.3255851,0.0,0.0,0.12,0.0,0.0,1,10.225092959257768,-10.225092959257768,10.225092959257768,-10.225092959257768,8.510000228881836,-8.130000114440918,9.079999923706055,-8.050000190734863,1.7150927303759325,-2.0950928448168504,1.1450930355517137,-2.175092768522905,0.6002824556315763,-0.7332824956858977,0.4007825624430998,-0.7612824689830168,0.8814733762411318,-1.0604833833543503,0.8550133826998909,-1.0224133853955113,-1,1,-1,1,-18,-18,-18,-18,-19,-20,-19,-20
1783308247.3457317,0.0,0.0,0.12,0.0,0.0,1,10.225092959257768,-10.225092959257768,10.225092959257768,-10.225092959257768,10.260000228881836,-10.449999809265137,10.430000305175781,-9.9399995803833,-0.03490726962406754,0.22490685000736832,-0.20490734591801285,-0.2850933788744676,-0.012217544368423637,0.0787173975025789,-0.0717175710713045,-0.09978268260606366,0.8811592108145152,-1.058459221704284,0.8531692165866288,-1.0249792258053816,-1,1,-1,1,-18,-18,-18,-18,-19,-19,-19,-19
1783308247.3656056,0.0,0.0,0.12,0.0,0.0,1,10.225092959257768,-10.225092959257768,10.225092959257768,-10.225092959257768,10.260000228881836,-10.449999809265137,10.430000305175781,-9.9399995803833,-0.03490726962406754,0.22490685000736832,-0.20490734591801285,-0.2850933788744676,-0.012217544368423637,0.0787173975025789,-0.0717175710713045,-0.09978268260606366,0.8808450453878987,-1.0564350600542178,0.8513250504733667,-1.0275450662152519,-1,1,-1,1,-18,-18,-18,-18,-19,-19,-19,-19
1783308247.3857439,0.0,0.0,0.12,0.0,0.0,1,10.225092959257768,-10.225092959257768,10.225092959257768,-10.225092959257768,12.390000343322754,-12.520000457763672,10.930000305175781,-10.8100004196167,-2.1649073840649855,2.2949074985059035,-0.7049073459180129,0.5849074603589308,-0.7577175844227448,0.8032176244770661,-0.2467175710713045,0.20471761112562578,0.8613608789313137,-1.0357808925676646,0.8449808843601045,-1.0222808990720216,-1,1,-1,1,-18,-18,-18,-18,-18,-18,-19,-19
1783308247.4056046,0.0,0.0,0.12,0.0,0.0,1,10.225092959257768,-10.225092959257768,10.225092959257768,-10.225092959257768,12.390000343322754,-12.520000457763672,10.930000305175781,-10.8100004196167,-2.1649073840649855,2.2949074985059035,-0.7049073459180129,0.5849074603589308,-0.7577175844227448,0.8032176244770661,-0.2467175710713045,0.20471761112562578,0.8418767124747288,-1.0151267250811116,0.8386367182468424,-1.0170167319287913,-1,1,-1,1,-18,-18,-18,-18,-18,-18,-19,-19
1783308247.4255908,0.0,0.0,0.12,0.0,0.0,1,10.225092959257768,-10.225092959257768,10.225092959257768,-10.225092959257768,12.390000343322754,-12.520000457763672,10.930000305175781,-10.8100004196167,-2.1649073840649855,2.2949074985059035,-0.7049073459180129,0.5849074603589308,-0.7577175844227448,0.8032176244770661,-0.2467175710713045,0.20471761112562578,0.8223925460181439,-0.9944725575945584,0.8322925521335802,-1.011752564785561,-1,1,-1,1,-18,-18,-18,-18,-18,-18,-19,-19
1783308247.4456325,0.0,0.0,0.12,0.0,0.0,1,10.225092959257768,-10.225092959257768,10.225092959257768,-10.225092959257768,13.430000305175781,-13.520000457763672,10.819999694824219,-10.960000038146973,-3.204907345918013,3.2949074985059035,-0.5949067355664504,0.7349070788892043,-1.1217175710713043,1.1532176244770662,-0.20821735744825762,0.2572174776112215,0.7935483799048818,-0.9648183901080053,0.8269383915134821,-1.0051384010755582,-1,1,-1,1,-18,-18,-18,-18,-18,-18,-19,-19
1783308247.465646,0.0,0.0,0.12,0.0,0.0,1,10.225092959257768,-10.225092959257768,10.225092959257768,-10.225092959257768,13.430000305175781,-13.520000457763672,10.819999694824219,-10.960000038146973,-3.204907345918013,3.2949074985059035,-0.5949067355664504,0.7349070788892043,-1.1217175710713043,1.1532176244770662,-0.20821735744825762,0.2572174776112215,0.7647042137916197,-0.9351642226214522,0.8215842308933841,-0.9985242373655554,-1,1,-1,1,-18,-18,-18,-18,-18,-18,-19,-19
1783308247.4856713,0.0,0.0,0.12,0.0,0.0,1,10.225092959257768,-10.225092959257768,10.225092959257768,-10.225092959257768,13.930000305175781,-15.119999885559082,11.420000076293945,-12.199999809265137,-3.704907345918013,4.894906926301314,-1.194907117036177,1.9749068500073683,-1.2967175710713044,1.7132174242054596,-0.4182174909626619,0.6912173975025788,0.7313600476783576,-0.8911100602847404,0.8108300668400584,-0.9807500757154891,-1,1,-1,1,-18,-18,-18,-18,-18,-18,-18,-18
1783308247.5057836,0.0,0.0,0.12,0.0,0.0,1,10.225092959257768,-10.225092959257768,10.225092959257768,-10.225092959257768,13.930000305175781,-15.119999885559082,11.420000076293945,-12.199999809265137,-3.704907345918013,4.894906926301314,-1.194907117036177,1.9749068500073683,-1.2967175710713044,1.7132174242054596,-0.4182174909626619,0.6912173975025788,0.6980158815650955,-0.8470558979480286,0.8000759027867328,-0.9629759140654228,-1,1,-1,1,-18,-18,-18,-18,-18,-18,-18,-18
1783308247.5257635,0.0,0.0,0.12,0.0,0.0,1,10.225092959257768,-10.225092959257768,10.225092959257768,-10.225092959257768,13.930000305175781,-15.119999885559082,11.420000076293945,-12.199999809265137,-3.704907345918013,4.894906926301314,-1.194907117036177,1.9749068500073683,-1.2967175710713044,1.7132174242054596,-0.4182174909626619,0.6912173975025788,0.6646717154518335,-0.8030017356113168,0.7893217387334072,-0.9452017524153565,-1,1,-1,1,-18,-18,-18,-18,-18,-18,-18,-18
1783308247.5455942,0.0,0.0,0.12,0.0,0.0,1,10.225092959257768,-10.225092959257768,10.225092959257768,-10.225092959257768,14.279999732971191,-14.4399995803833,11.619999885559082,-12.390000343322754,-4.054906773713423,4.214906621125532,-1.3949069263013136,2.1649073840649855,-1.419217370799698,1.4752173173939362,-0.4882174242054597,0.7577175844227448,0.6281775544884126,-0.765067576021187,0.7767675763966954,-0.9257175859587716,-1,1,-1,1,-18,-18,-18,-18,-18,-18,-18,-18
1783308247.5655951,0.0,0.0,0.12,0.0,0.0,1,10.225092959257768,-10.225092959257768,10.225092959257768,-10.225092959257768,14.279999732971191,-14.4399995803833,11.619999885559082,-12.390000343322754,-4.054906773713423,4.214906621125532,-1.3949069263013136,2.1649073840649855,-1.419217370799698,1.4752173173939362,-0.4882174242054597,0.7577175844227448,0.5916833935249918,-0.7271334164310572,0.7642134140599836,-0.9062334195021867,-1,1,-1,1,-18,-18,-18,-18,-18,-18,-18,-18
1783308247.5856476,0.0,0.0,0.12,0.0,0.0,1,10.225092959257768,-10.225092959257768,10.225092959257768,-10.225092959257768,13.84000015258789,-13.949999809265137,12.890000343322754,-12.300000190734863,-3.6149071933301222,3.7249068500073683,-2.6649073840649855,2.074907231477095,-1.2652175176655427,1.3037173975025789,-0.9327175844227449,0.7262175310169832,0.5591492287850207,-0.6936092547809909,0.7402292476033987,-0.8875592544188928,-1,1,-1,1,-18,-18,-18,-18,-18,-18,-18,-18
1783308247.6057189,0.0,0.0,0.12,0.0,0.0,1,10.225092959257768,-10.225092959257768,10.225092959257768,-10.225092959257768,13.84000015258789,-13.949999809265137,12.890000343322754,-12.300000190734863,-3.6149071933301222,3.7249068500073683,-2.6649073840649855,2.074907231477095,-1.2652175176655427,1.3037173975025789,-0.9327175844227449,0.7262175310169832,0.5266150640450497,-0.6600850931309246,0.7162450811468138,-0.8688850893355989,-1,1,-1,1,-18,-18,-18,-18,-18,-18,-18,-18
1783308247.6256008,0.0,0.0,0.12,0.0,0.0,1,10.225092959257768,-10.225092959257768,10.225092959257768,-10.225092959257768,13.84000015258789,-13.949999809265137,12.890000343322754,-12.300000190734863,-3.6149071933301222,3.7249068500073683,-2.6649073840649855,2.074907231477095,-1.2652175176655427,1.3037173975025789,-0.9327175844227449,0.7262175310169832,0.49408089930507854,-0.6265609314808582,0.692260914690229,-0.850210924252305,-1,1,-1,1,-18,-18,-18,-18,-18,-18,-18,-18
1783308247.6458125,0.0,0.0,0.12,0.0,0.0,1,10.225092959257768,-10.225092959257768,10.225092959257768,-10.225092959257768,13.989999771118164,-14.069999694824219,13.100000381469727,-12.90999984741211,-3.7649068118603957,3.8449067355664504,-2.874907422211958,2.684906888154341,-1.3177173841511385,1.3457173574482575,-1.0062175977741854,0.9397174108540193,0.460196737998335,-0.5919567708607602,0.6663867478903214,-0.8260467622589159,-1,1,-1,1,-18,-18,-18,-18,-18,-18,-18,-18
1783308247.6656075,0.0,0.0,0.12,0.0,0.0,1,10.225092959257768,-10.225092959257768,10.225092959257768,-10.225092959257768,13.989999771118164,-14.069999694824219,13.100000381469727,-12.90999984741211,-3.7649068118603957,3.8449067355664504,-2.874907422211958,2.684906888154341,-1.3177173841511385,1.3457173574482575,-1.0062175977741854,0.9397174108540193,0.42631257669159145,-0.5573526102406621,0.6405125810904138,-0.8018826002655268,-1,1,-1,1,-18,-18,-18,-18,-18,-18,-18,-18
1783308247.6856604,0.0,0.0,0.12,0.0,0.0,1,10.225092959257768,-10.225092959257768,10.225092959257768,-10.225092959257768,14.319999694824219,-13.470000267028809,12.34000015258789,-11.75,-4.09490673556645,3.24490730777104,-2.1149071933301222,1.5249070407422316,-1.4332173574482576,1.135717557719864,-0.7402175176655428,0.5337174642597811,0.3894584160714934,-0.5281484444707227,0.6214784163504427,-0.7881584368988468,-1,1,-1,1,-18,-18,-18,-18,-18,-18,-18,-18
1783308247.7057092,0.0,0.0,0.12,0.0,0.0,1,10.225092959257768,-10.225092959257768,10.225092959257768,-10.225092959257768,14.319999694824219,-13.470000267028809,12.34000015258789,-11.75,-4.09490673556645,3.24490730777104,-2.1149071933301222,1.5249070407422316,-1.4332173574482576,1.135717557719864,-0.7402175176655428,0.5337174642597811,0.35260425545139534,-0.4989442787007834,0.6024442516104715,-0.7744342735321668,-1,1,-1,1,-18,-18,-18,-18,-18,-18,-18,-18
1783308247.7256444,0.0,0.0,0.12,0.0,0.0,1,10.225092959257768,-10.225092959257768,10.225092959257768,-10.225092959257768,14.319999694824219,-13.470000267028809,12.34000015258789,-11.75,-4.09490673556645,3.24490730777104,-2.1149071933301222,1.5249070407422316,-1.4332173574482576,1.135717557719864,-0.7402175176655428,0.5337174642597811,0.3157500948312973,-0.46974011293084406,0.5834100868705004,-0.7607101101654867,-1,1,-1,1,-18,-18,-18,-18,-18,-18,-18,-18
1783308247.7457514,0.0,0.0,0.12,0.0,0.0,1,10.225092959257768,-10.225092959257768,10.225092959257768,-10.225092959257768,14.550000190734863,-13.729999542236328,11.8100004196167,-10.489999771118164,-4.324907231477095,3.5049065829785597,-1.5849074603589308,0.26490681186039566,-1.513717531016983,1.226717304042496,-0.5547176111256258,0.09271738415113848,0.27682592974800346,-0.438195953684037,0.56914591972727,-0.7583259488587432,-1,1,-1,1,-18,-18,-18,-18,-18,-18,-18,-19
1783308247.7656136,0.0,0.0,0.12,0.0,0.0,1,10.225092959257768,-10.225092959257768,10.225092959257768,-10.225092959257768,14.550000190734863,-13.729999542236328,11.8100004196167,-10.489999771118164,-4.324907231477095,3.5049065829785597,-1.5849074603589308,0.26490681186039566,-1.513717531016983,1.226717304042496,-0.5547176111256258,0.09271738415113848,0.2379017646647096,-0.40665179443723,0.5548817525840396,-0.7559417875519996,-1,1,-1,1,-18,-18,-18,-18,-18,-18,-18,-19
1783308247.7858005,0.0,0.0,0.12,0.0,0.0,1,10.225092959257768,-10.225092959257768,10.225092959257768,-10.225092959257768,15.170000076293945,-13.6899995803833,11.65999984741211,-10.0600004196167,-4.944907117036177,3.4649066211255324,-1.434906888154341,-0.16509253964106918,-1.730717490962662,1.2127173173939363,-0.5022174108540193,-0.05778238887437421,0.193397600611384,-0.3754676348471002,0.5419675905906506,-0.7574276204087692,-1,1,-1,1,-18,-18,-18,-18,-18,-18,-18,-19
1783308247.805732,0.0,0.0,0.12,0.0,0.0,1,10.225092959257768,-10.225092959257768,10.225092959257768,-10.225092959257768,15.170000076293945,-13.6899995803833,11.65999984741211,-10.0600004196167,-4.944907117036177,3.4649066211255324,-1.434906888154341,-0.16509253964106918,-1.730717490962662,1.2127173173939363,-0.5022174108540193,-0.05778238887437421,0.14889343655805842,-0.34428347525697045,0.5290534285972616,-0.7589134532655388,-1,1,-1,1,-18,-18,-18,-18,-18,-18,-18,-19
1783308247.8256705,0.0,0.0,0.12,0.0,0.0,1,10.225092959257768,-10.225092959257768,10.225092959257768,-10.225092959257768,15.170000076293945,-13.6899995803833,11.65999984741211,-10.0600004196167,-4.944907117036177,3.4649066211255324,-1.434906888154341,-0.16509253964106918,-1.730717490962662,1.2127173173939363,-0.5022174108540193,-0.05778238887437421,0.10438927250473283,-0.3130993156668407,0.5161392666038725,-0.7603992861223084,-1,1,-1,1,-18,-18,-18,-18,-18,-18,-18,-19
1783308247.8456438,0.0,0.0,0.12,0.0,0.0,1,10.225092959257768,-10.225092959257768,10.225092959257768,-10.225092959257768,14.920000076293945,-12.75,10.649999618530273,-9.079999923706055,-4.694907117036177,2.5249070407422316,-0.42490665927250504,-1.1450930355517137,-1.6432174909626618,0.883717464259781,-0.14871733074537674,-0.4007825624430998,0.06213510845140723,-0.2903751523001606,0.51231510667042,-0.7707051234422738,-1,1,-1,1,-18,-18,-18,-18,-18,-18,-18,-19
1783308247.8656363,0.0,0.0,0.12,0.0,0.0,1,10.225092959257768,-10.225092959257768,10.225092959257768,-10.225092959257768,14.920000076293945,-12.75,10.649999618530273,-9.079999923706055,-4.694907117036177,2.5249070407422316,-0.42490665927250504,-1.1450930355517137,-1.6432174909626618,0.883717464259781,-0.14871733074537674,-0.4007825624430998,0.019880944398081635,-0.2676509889334805,0.5084909467369675,-0.7810109607622392,-1,1,-1,1,-18,-18,-18,-18,-18,-18,-18,-19
1783308247.8856323,0.0,0.0,0.12,0.0,0.0,1,10.225092959257768,-10.225092959257768,10.225092959257768,-10.225092959257768,14.520000457763672,-12.770000457763672,10.850000381469727,-8.390000343322754,-4.2949074985059035,2.5449074985059035,-0.6249074222119582,-1.8350926159350145,-1.503217624477066,0.8907176244770661,-0.21871759777418534,-0.6422824155772551,-0.0187732230884715,-0.24474682144692736,0.5028667799370599,-0.7975267943056543,-1,1,-1,1,-18,-18,-18,-18,-18,-18,-18,-19
1783308247.905608,0.0,0.0,0.12,0.0,0.0,1,10.225092959257768,-10.225092959257768,10.225092959257768,-10.225092959257768,14.520000457763672,-12.770000457763672,10.850000381469727,-8.390000343322754,-4.2949074985059035,2.5449074985059035,-0.6249074222119582,-1.8350926159350145,-1.503217624477066,0.8907176244770661,-0.21871759777418534,-0.6422824155772551,-0.057427390575024634,-0.22184265396037423,0.49724261313715223,-0.8140426278490694,-1,1,-1,1,-18,-18,-18,-18,-18,-18,-18,-19
1783308247.9256668,0.0,0.0,0.12,0.0,0.0,1,10.225092959257768,-10.225092959257768,10.225092959257768,-10.225092959257768,14.520000457763672,-12.770000457763672,10.850000381469727,-8.390000343322754,-4.2949074985059035,2.5449074985059035,-0.6249074222119582,-1.8350926159350145,-1.503217624477066,0.8907176244770661,-0.21871759777418534,-0.6422824155772551,-0.09608155806157777,-0.1989384864738211,0.4916184463372446,-0.8305584613924846,-1,1,-1,1,-18,-18,-18,-18,-18,-18,-18,-19
1783308247.945776,0.0,0.0,0.12,0.0,0.0,1,10.225092959257768,-10.225092959257768,10.225092959257768,-10.225092959257768,14.6899995803833,-12.569999694824219,9.40999984741211,-7.230000019073486,-4.464906621125532,2.3449067355664504,0.815093111845659,-2.995092940184282,-1.5627173173939362,0.8207173574482576,0.28528258914598065,-1.0482825290644986,-0.13626571765170756,-0.17783432585372302,0.4989542843438555,-0.8575142978541431,-1,1,-1,1,-18,-18,-18,-18,-18,-18,-19,-20
1783308247.9656396,0.0,0.0,0.12,0.0,0.0,1,10.225092959257768,-10.225092959257768,10.225092959257768,-10.225092959257768,14.6899995803833,-12.569999694824219,9.40999984741211,-7.230000019073486,-4.464906621125532,2.3449067355664504,0.815093111845659,-2.995092940184282,-1.5627173173939362,0.8207173574482576,0.28528258914598065,-1.0482825290644986,-0.17644987724183736,-0.15673016523362496,0.5062901223504664,-0.8844701343158017,-1,1,-1,1,-18,-18,-18,-18,-18,-18,-19,-20
1783308247.985771,0.0,0.0,0.12,0.0,0.0,1,10.225092959257768,-10.225092959257768,10.225092959257768,-10.225092959257768,14.359999656677246,-11.739999771118164,8.399999618530273,-5.739999771118164,-4.134906697419478,1.5149068118603957,1.825093340727495,-4.485093188139604,-1.447217344096817,0.5302173841511384,0.6387826692546232,-1.5697826158488615,-0.21366403751861265,-0.1430960039268814,0.5227159624170139,-0.9248359730090581,-1,1,-1,1,-18,-18,-18,-18,-18,-18,-19,-20
1783308248.0055861,0.0,0.0,0.12,0.0,0.0,1,10.225092959257768,-10.225092959257768,10.225092959257768,-10.225092959257768,14.359999656677246,-11.739999771118164,8.399999618530273,-5.739999771118164,-4.134906697419478,1.5149068118603957,1.825093340727495,-4.485093188139604,-1.447217344096817,0.5302173841511384,0.6387826692546232,-1.5697826158488615,-0.25087819779538795,-0.12946184262013785,0.5391418024835614,-0.9652018117023144,-1,1,-1,1,-18,-18,-18,-18,-18,-18,-19,-21
1783308248.0256014,0.0,0.0,0.12,0.0,0.0,1,10.225092959257768,-10.225092959257768,10.225092959257768,-10.225092959257768,14.359999656677246,-11.739999771118164,8.399999618530273,-5.739999771118164,-4.134906697419478,1.5149068118603957,1.825093340727495,-4.485093188139604,-1.447217344096817,0.5302173841511384,0.6387826692546232,-1.5697826158488615,-0.28809235807216327,-0.11582768131339428,0.5555676425501088,-1.0055676503955708,-1,1,-1,1,-18,-18,-18,-18,-18,-18,-19,-21
1783308248.045714,0.0,0.0,0.12,0.0,0.0,1,10.225092959257768,-10.225092959257768,10.225092959257768,-10.225092959257768,14.130000114440918,-11.84000015258789,7.690000057220459,-4.929999828338623,-3.9049071551831496,1.6149071933301222,2.5350929020373094,-5.295093130919145,-1.3667175043141022,0.5652175176655427,0.8872825157130583,-1.8532825958217007,-0.3232365224688116,-0.10129351657342318,0.5783834786684446,-1.0532234885738432,-1,1,-1,1,-18,-18,-18,-18,-18,-18,-19,-21
1783308248.0656111,0.0,0.0,0.12,0.0,0.0,1,10.225092959257768,-10.225092959257768,10.225092959257768,-10.225092959257768,14.130000114440918,-11.84000015258789,7.690000057220459,-4.929999828338623,-3.9049071551831496,1.6149071933301222,2.5350929020373094,-5.295093130919145,-1.3667175043141022,0.5652175176655427,0.8872825157130583,-1.8532825958217007,-0.35838068686546,-0.08675935183345208,0.6011993147867805,-1.1008793267521155,-1,1,-1,1,-18,-18,-18,-18,-18,-18,-19,-21
1783308248.0856721,0.0,0.0,0.12,0.0,0.0,1,10.225092959257768,-10.225092959257768,10.225092959257768,-10.225092959257768,13.739999771118164,-11.680000305175781,6.739999771118164,-4.579999923706055,-3.5149068118603957,1.4549073459180129,3.4850931881396043,-5.645093035551714,-1.2302173841511383,0.5092175710713045,1.2197826158488614,-1.9757825624430996,-0.39001484817220355,-0.07366518572018997,0.632565153480037,-1.1516851640720809,-1,1,-1,1,-18,-18,-18,-18,-18,-18,-20,-21
1783308248.1055963,0.0,0.0,0.12,0.0,0.0,1,10.225092959257768,-10.225092959257768,10.225092959257768,-10.225092959257768,13.739999771118164,-11.680000305175781,6.739999771118164,-4.579999923706055,-3.5149068118603957,1.4549073459180129,3.4850931881396043,-5.645093035551714,-1.2302173841511383,0.5092175710713045,1.2197826158488614,-1.9757825624430996,-0.4216490094789471,-0.06057101960692786,0.6639309921732934,-1.2024910013920462,-1,1,-1,1,-18,-18,-18,-18,-18,-18,-20,-21
1783308248.1256278,0.0,0.0,0.12,0.0,0.0,1,10.225092959257768,-10.225092959257768,10.225092959257768,-10.225092959257768,13.739999771118164,-11.680000305175781,6.739999771118164,-4.579999923706055,-3.5149068118603957,1.4549073459180129,3.4850931881396043,-5.645093035551714,-1.2302173841511383,0.5092175710713045,1.2197826158488614,-1.9757825624430996,-0.4532831707856907,-0.04747685349366575,0.6952968308665499,-1.2532968387120116,-1,1,-1,1,-18,-18,-18,-18,-18,-18,-20,-21
1783308248.1456347,0.0,0.0,0.12,0.0,0.0,1,10.225092959257768,-10.225092959257768,10.225092959257768,-10.225092959257768,13.6899995803833,-12.029999732971191,6.53000020980835,-5.019999980926514,-3.4649066211255324,1.804906773713423,3.695092749449419,-5.205092978331255,-1.2127173173939363,0.631717370799698,1.2932824623072965,-1.821782542415939,-0.48446733037582046,-0.031232692530244938,0.7285526656115947,-1.300142675516993,-1,1,-1,1,-18,-18,-18,-18,-18,-18,-20,-21
1783308248.1657386,0.0,0.0,0.12,0.0,0.0,1,10.225092959257768,-10.225092959257768,10.225092959257768,-10.225092959257768,13.6899995803833,-12.029999732971191,6.53000020980835,-5.019999980926514,-3.4649066211255324,1.804906773713423,3.695092749449419,-5.205092978331255,-1.2127173173939363,0.631717370799698,1.2932824623072965,-1.821782542415939,-0.5156514899659502,-0.014988531566824129,0.7618085003566395,-1.3469885123219743,-1,1,-1,1,-18,-18,-18,-18,-18,-18,-20,-21
1783308248.1858096,0.0,0.0,0.12,0.0,0.0,1,10.225092959257768,-10.225092959257768,10.225092959257768,-10.225092959257768,13.210000038146973,-11.819999694824219,7.289999961853027,-6.230000019073486,-2.9849070788892043,1.5949067355664504,2.935092997404741,-3.995092940184282,-1.0447174776112214,0.5582173574482576,1.0272825490916593,-1.3982825290644987,-0.5425156536759531,-0.0006343709467260747,0.7882243373332821,-1.3829443487836328,-1,1,-1,1,-18,-18,-18,-18,-18,-18,-20,-21
1783308248.2055976,0.0,0.0,0.12,0.0,0.0,1,10.225092959257768,-10.225092959257768,10.225092959257768,-10.225092959257768,13.210000038146973,-11.819999694824219,7.289999961853027,-6.230000019073486,-2.9849070788892043,1.5949067355664504,2.935092997404741,-3.995092940184282,-1.0447174776112214,0.5582173574482576,1.0272825490916593,-1.3982825290644987,-0.569379817385956,0.01371978967337198,0.8146401743099247,-1.4189001852452914,-1,1,-1,1,-18,-18,-18,-18,-18,-18,-20,-21
1783308248.2256293,0.0,0.0,0.12,0.0,0.0,1,10.225092959257768,-10.225092959257768,10.225092959257768,-10.225092959257768,13.210000038146973,-11.819999694824219,7.289999961853027,-6.230000019073486,-2.9849070788892043,1.5949067355664504,2.935092997404741,-3.995092940184282,-1.0447174776112214,0.5582173574482576,1.0272825490916593,-1.3982825290644987,-0.5962439810959589,0.028073950293470033,0.8410560112865674,-1.45485602170695,-1,1,-1,1,-18,-18,-18,-18,-18,-18,-20,-21
1783308248.2455997,0.0,0.0,0.12,0.0,0.0,1,10.225092959257768,-10.225092959257768,10.225092959257768,-10.225092959257768,12.869999885559082,-12.350000381469727,8.5,-7.760000228881836,-2.6449069263013136,2.124907422211958,1.7250929592577684,-2.4650927303759325,-0.9257174242054597,0.7437175977741853,0.6037825357402189,-0.8627824556315763,-0.6200481434326707,0.04719811709337766,0.8565818479198873,-1.4770418562803334,-1,1,-1,1,-18,-18,-18,-18,-18,-18,-19,-20
1783308248.2657127,0.0,0.0,0.12,0.0,0.0,1,10.225092959257768,-10.225092959257768,10.225092959257768,-10.225092959257768,12.869999885559082,-12.350000381469727,8.5,-7.760000228881836,-2.6449069263013136,2.124907422211958,1.7250929592577684,-2.4650927303759325,-0.9257174242054597,0.7437175977741853,0.6037825357402189,-0.8627824556315763,-0.6438523057693825,0.06632228389328529,0.8721076845532073,-1.4992276908537168,-1,1,-1,1,-18,-18,-18,-18,-18,-18,-19,-20
1783308248.2856798,0.0,0.0,0.12,0.0,0.0,1,10.225092959257768,-10.225092959257768,10.225092959257768,-10.225092959257768,13.3100004196167,-12.489999771118164,9.800000190734863,-8.829999923706055,-3.084907460358931,2.2649068118603957,0.4250927685229051,-1.3950930355517137,-1.0797176111256257,0.7927173841511385,0.14878246898301678,-0.48828256244309975,-0.6716164729126128,0.08670644520002885,0.8759335194699135,-1.5117835281736822,-1,1,-1,1,-18,-18,-18,-18,-18,-18,-19,-20
1783308248.3056316,0.0,0.0,0.12,0.0,0.0,1,10.225092959257768,-10.225092959257768,10.225092959257768,-10.225092959257768,13.3100004196167,-12.489999771118164,9.800000190734863,-8.829999923706055,-3.084907460358931,2.2649068118603957,0.4250927685229051,-1.3950930355517137,-1.0797176111256257,0.7927173841511385,0.14878246898301678,-0.48828256244309975,-0.6993806400558432,0.1070906065067724,0.8797593543866197,-1.5243393654936477,-1,1,-1,1,-18,-18,-18,-18,-18,-18,-19,-20
1783308248.32561,0.0,0.0,0.12,0.0,0.0,1,10.225092959257768,-10.225092959257768,10.225092959257768,-10.225092959257768,13.3100004196167,-12.489999771118164,9.800000190734863,-8.829999923706055,-3.084907460358931,2.2649068118603957,0.4250927685229051,-1.3950930355517137,-1.0797176111256257,0.7927173841511385,0.14878246898301678,-0.48828256244309975,-0.7271448071990736,0.12747476781351597,0.8835851893033259,-1.5368952028136131,-1,1,-1,1,-18,-18,-18,-18,-18,-18,-19,-20
1783308248.345627,0.0,0.0,0.12,0.0,0.0,1,10.225092959257768,-10.225092959257768,10.225092959257768,-10.225092959257768,13.170000076293945,-11.6899995803833,10.930000305175781,-9.569999694824219,-2.944907117036177,1.4649066211255324,-0.7049073459180129,-0.6550932644335496,-1.030717490962662,0.5127173173939363,-0.2467175710713045,-0.22928264255174235,-0.7536489712523992,0.14065892740364574,0.8772410231900637,-1.5427910421935151,-1,1,-1,1,-18,-18,-18,-18,-18,-18,-19,-20
1783308248.3657553,0.0,0.0,0.12,0.0,0.0,1,10.225092959257768,-10.225092959257768,10.225092959257768,-10.225092959257768,13.170000076293945,-11.6899995803833,10.930000305175781,-9.569999694824219,-2.944907117036177,1.4649066211255324,-0.7049073459180129,-0.6550932644335496,-1.030717490962662,0.5127173173939363,-0.2467175710713045,-0.22928264255174235,-0.7801531353057247,0.15384308699377552,0.8708968570768015,-1.5486868815734172,-1,1,-1,1,-18,-18,-18,-18,-18,-18,-19,-20
1783308248.3856678,0.0,0.0,0.12,0.0,0.0,1,10.225092959257768,-10.225092959257768,10.225092959257768,-10.225092959257768,12.609999656677246,-11.119999885559082,11.960000038146973,-10.100000381469727,-2.3849066974194777,0.8949069263013136,-1.7349070788892043,-0.12509257778804184,-0.8347173440968172,0.3132174242054597,-0.6072174776112215,-0.04378240222581464,-0.8016172955825001,0.16189724933048735,0.8552826933667987,-1.5498127147735095,-1,1,-1,1,-18,-18,-18,-18,-18,-18,-18,-20
1783308248.4056287,0.0,0.0,0.12,0.0,0.0,1,10.225092959257768,-10.225092959257768,10.225092959257768,-10.225092959257768,12.609999656677246,-11.119999885559082,11.960000038146973,-10.100000381469727,-2.3849066974194777,0.8949069263013136,-1.7349070788892043,-0.12509257778804184,-0.8347173440968172,0.3132174242054597,-0.6072174776112215,-0.04378240222581464,-0.8230814558592754,0.16995141166719918,0.839668529656796,-1.5509385479736018,-1,1,-1,1,-18,-18,-18,-18,-18,-18,-18,-20
1783308248.4256046,0.0,0.0,0.12,0.0,0.0,1,10.225092959257768,-10.225092959257768,10.225092959257768,-10.225092959257768,12.609999656677246,-11.119999885559082,11.960000038146973,-10.100000381469727,-2.3849066974194777,0.8949069263013136,-1.7349070788892043,-0.12509257778804184,-0.8347173440968172,0.3132174242054597,-0.6072174776112215,-0.04378240222581464,-0.8445456161360507,0.178005574003911,0.8240543659467932,-1.552064381173694,-1,1,-1,1,-18,-18,-18,-18,-18,-18,-18,-20
1783308248.445721,0.0,0.0,0.12,0.0,0.0,1,10.225092959257768,-10.225092959257768,10.225092959257768,-10.225092959257768,12.899999618530273,-10.5,12.899999618530273,-10.470000267028809,-2.674906659272505,0.2749070407422316,-2.674906659272505,0.2449073077710402,-0.9362173307453767,0.09621746425978106,-0.9362173307453767,0.08571755771986406,-0.8686197760695032,0.1804797373705911,0.7999802060133406,-1.5498602154037546,-1,1,-1,1,-18,-18,-18,-18,-18,-18,-18,-19
1783308248.4655979,0.0,0.0,0.12,0.0,0.0,1,10.225092959257768,-10.225092959257768,10.225092959257768,-10.225092959257768,12.899999618530273,-10.5,12.899999618530273,-10.470000267028809,-2.674906659272505,0.2749070407422316,-2.674906659272505,0.2449073077710402,-0.9362173307453767,0.09621746425978106,-0.9362173307453767,0.08571755771986406,-0.8926939360029558,0.18295390073727116,0.7759060460798881,-1.5476560496338152,-1,1,-1,1,-18,-18,-18,-18,-18,-18,-18,-19
1783308248.4856806,0.0,0.0,0.12,0.0,0.0,1,10.225092959257768,-10.225092959257768,10.225092959257768,-10.225092959257768,13.5600004196167,-10.520000457763672,13.329999923706055,-10.5,-3.334907460358931,0.2949074985059035,-3.1049069644482863,0.2749070407422316,-1.1672176111256256,0.10321762447706621,-1.0867174375569002,0.09621746425978106,-0.9227081031461861,0.1856080682238243,0.7479618833998536,-1.5451818862671352,-1,1,-1,1,-18,-18,-18,-18,-18,-18,-18,-19
1783308248.5056086,0.0,0.0,0.12,0.0,0.0,1,10.225092959257768,-10.225092959257768,10.225092959257768,-10.225092959257768,13.5600004196167,-10.520000457763672,13.329999923706055,-10.5,-3.334907460358931,0.2949074985059035,-3.1049069644482863,0.2749070407422316,-1.1672176111256256,0.10321762447706621,-1.0867174375569002,0.09621746425978106,-0.9527222702894165,0.18826223571037745,0.7200177207198191,-1.542707722900455,-1,1,-1,1,-18,-18,-18,-18,-18,-18,-18,-19
1783308248.5256405,0.0,0.0,0.12,0.0,0.0,1,10.225092959257768,-10.225092959257768,10.225092959257768,-10.225092959257768,13.5600004196167,-10.520000457763672,13.329999923706055,-10.5,-3.334907460358931,0.2949074985059035,-3.1049069644482863,0.2749070407422316,-1.1672176111256256,0.10321762447706621,-1.0867174375569002,0.09621746425978106,-0.9827364374326468,0.1909164031969306,0.6920735580397845,-1.540233559533775,-1,1,-1,1,-18,-18,-18,-18,-18,-18,-18,-19
1783308248.5457184,0.0,0.0,0.12,0.0,0.0,1,10.225092959257768,-10.225092959257768,10.225092959257768,-10.225092959257768,13.34000015258789,-10.3100004196167,13.859999656677246,-10.520000457763672,-3.1149071933301222,0.08490746035893082,-3.6349066974194777,0.2949074985059035,-1.0902175176655426,0.029717611125625785,-1.2722173440968172,0.10321762447706621,-1.010770602172618,0.19168057034016098,0.6593593977630092,-1.5375793920472218,-1,1,-1,1,-18,-18,-18,-18,-18,-18,-18,-19
1783308248.5656078,0.0,0.0,0.12,0.0,0.0,1,10.225092959257768,-10.225092959257768,10.225092959257768,-10.225092959257768,13.34000015258789,-10.3100004196167,13.859999656677246,-10.520000457763672,-3.1149071933301222,0.08490746035893082,-3.6349066974194777,0.2949074985059035,-1.0902175176655426,0.029717611125625785,-1.2722173440968172,0.10321762447706621,-1.038804766912589,0.19244473748339136,0.6266452374862339,-1.5349252245606686,-1,1,-1,1,-18,-18,-18,-18,-18,-18,-18,-19
1783308248.585671,0.0,0.0,0.12,0.0,0.0,1,10.225092959257768,-10.225092959257768,10.225092959257768,-10.225092959257768,13.640000343322754,-10.15999984741211,13.550000190734863,-10.529999732971191,-3.4149073840649855,-0.06509311184565902,-3.324907231477095,0.304906773713423,-1.1952175844227448,-0.022782589145980657,-1.1637175310169832,0.10671737079969805,-1.0695389333691738,0.19185889947678042,0.59672107240294,-1.5321810635972477,-1,1,-1,1,-18,-18,-18,-18,-18,-18,-18,-19
1783308248.6056123,0.0,0.0,0.12,0.0,0.0,1,10.225092959257768,-10.225092959257768,10.225092959257768,-10.225092959257768,13.640000343322754,-10.15999984741211,13.550000190734863,-10.529999732971191,-3.4149073840649855,-0.06509311184565902,-3.324907231477095,0.304906773713423,-1.1952175844227448,-0.022782589145980657,-1.1637175310169832,0.10671737079969805,-1.1002730998257586,0.19127306147016948,0.5667969073196462,-1.5294369026338268,-1,1,-1,1,-18,-18,-18,-18,-18,-18,-18,-19
1783308248.6256447,0.0,0.0,0.12,0.0,0.0,1,10.225092959257768,-10.225092959257768,10.225092959257768,-10.225092959257768,13.640000343322754,-10.15999984741211,13.550000190734863,-10.529999732971191,-3.4149073840649855,-0.06509311184565902,-3.324907231477095,0.304906773713423,-1.1952175844227448,-0.022782589145980657,-1.1637175310169832,0.10671737079969805,-1.1310072662823434,0.19068722346355854,0.5368727422363523,-1.526692741670406,-1,1,-1,1,-18,-18,-18,-18,-18,-18,-18,-19
1783308248.6456246,0.0,0.0,0.12,0.0,0.0,1,10.225092959257768,-10.225092959257768,10.225092959257768,-10.225092959257768,13.850000381469727,-10.279999732971191,13.789999961853027,-10.09000015258789,-3.624907422211958,0.05490677371342301,-3.564907002595259,-0.13509280666987777,-1.2687175977741854,0.019217370799698052,-1.2477174509083406,-0.04728248233445722,-1.163631433082251,0.19118138442697935,0.5047885792129949,-1.5279085769304348,-1,1,-1,1,-18,-18,-18,-18,-18,-18,-18,-20
1783308248.6656244,0.0,0.0,0.12,0.0,0.0,1,10.225092959257768,-10.225092959257768,10.225092959257768,-10.225092959257768,13.850000381469727,-10.279999732971191,13.789999961853027,-10.09000015258789,-3.624907422211958,0.05490677371342301,-3.564907002595259,-0.13509280666987777,-1.2687175977741854,0.019217370799698052,-1.2477174509083406,-0.04728248233445722,-1.1962555998821587,0.19167554539040016,0.4727044161896376,-1.5291244121904637,-1,1,-1,1,-18,-18,-18,-18,-18,-18,-18,-20
1783308248.6857545,0.0,0.0,0.12,0.0,0.0,1,10.225092959257768,-10.225092959257768,10.225092959257768,-10.225092959257768,14.449999809265137,-10.819999694824219,13.949999809265137,-9.779999732971191,-4.224906850007368,0.5949067355664504,-3.7249068500073683,-0.445093226286577,-1.478717397502579,0.20821735744825762,-1.3037173975025789,-0.15578262920030195,-1.234279761532225,0.1970297060104982,0.43918025453957127,-1.5331302512270428,-1,1,-1,1,-18,-18,-18,-18,-18,-18,-18,-20
1783308248.705592,0.0,0.0,0.12,0.0,0.0,1,10.225092959257768,-10.225092959257768,10.225092959257768,-10.225092959257768,14.449999809265137,-10.819999694824219,13.949999809265137,-9.779999732971191,-4.224906850007368,0.5949067355664504,-3.7249068500073683,-0.445093226286577,-1.478717397502579,0.20821735744825762,-1.3037173975025789,-0.15578262920030195,-1.2723039231822912,0.20238386663059627,0.40565609288950494,-1.537136090263622,-1,1,-1,1,-18,-18,-18,-18,-18,-18,-18,-20
1783308248.7256138,0.0,0.0,0.12,0.0,0.0,1,10.225092959257768,-10.225092959257768,10.225092959257768,-10.225092959257768,14.449999809265137,-10.819999694824219,13.949999809265137,-9.779999732971191,-4.224906850007368,0.5949067355664504,-3.7249068500073683,-0.445093226286577,-1.478717397502579,0.20821735744825762,-1.3037173975025789,-0.15578262920030195,-1.3103280848323575,0.20773802725069432,0.3721319312394386,-1.541141929300201,-1,1,-1,1,-18,-18,-18,-18,-18,-18,-18,-20
1783308248.7456295,0.0,0.0,0.12,0.0,0.0,1,10.225092959257768,-10.225092959257768,10.225092959257768,-10.225092959257768,14.420000076293945,-10.739999771118164,13.619999885559082,-9.789999961853027,-4.194907117036177,0.5149068118603957,-3.3949069263013136,-0.43509299740474106,-1.4682174909626617,0.18021738415113847,-1.1882174242054597,-0.15228254909165936,-1.3480822488856832,0.2123721885574379,0.3415777689027268,-1.5450577662768439,-1,1,-1,1,-18,-18,-18,-18,-18,-18,-18,-20
1783308248.7656388,0.0,0.0,0.12,0.0,0.0,1,10.225092959257768,-10.225092959257768,10.225092959257768,-10.225092959257768,14.420000076293945,-10.739999771118164,13.619999885559082,-9.789999961853027,-4.194907117036177,0.5149068118603957,-3.3949069263013136,-0.43509299740474106,-1.4682174909626617,0.18021738415113847,-1.1882174242054597,-0.15228254909165936,-1.3858364129390088,0.21700634986418146,0.31102360656601497,-1.5489736032534867,-1,1,-1,1,-18,-18,-18,-18,-18,-18,-18,-20
1783308248.785743,0.0,0.0,0.12,0.0,0.0,1,10.225092959257768,-10.225092959257768,10.225092959257768,-10.225092959257768,14.619999885559082,-11.140000343322754,14.0600004196167,-9.800000190734863,-4.394906926301314,0.9149073840649855,-3.834907460358931,-0.4250927685229051,-1.5382174242054596,0.3202175844227449,-1.3422176111256257,-0.14878246898301678,-1.4253905752757206,0.22524051632076633,0.2765094394227846,-1.5527994381701928,-1,1,-1,1,-18,-18,-18,-18,-18,-18,-18,-20
1783308248.805632,0.0,0.0,0.12,0.0,0.0,1,10.225092959257768,-10.225092959257768,10.225092959257768,-10.225092959257768,14.619999885559082,-11.140000343322754,14.0600004196167,-9.800000190734863,-4.394906926301314,0.9149073840649855,-3.834907460358931,-0.4250927685229051,-1.5382174242054596,0.3202175844227449,-1.3422176111256257,-0.14878246898301678,-1.4649447376124323,0.2334746827773512,0.24199527227955422,-1.556625273086899,-1,1,-1,1,-18,-18,-18,-18,-18,-18,-18,-20
1783308248.8256292,0.0,0.0,0.12,0.0,0.0,1,10.225092959257768,-10.225092959257768,10.225092959257768,-10.225092959257768,14.619999885559082,-11.140000343322754,14.0600004196167,-9.800000190734863,-4.394906926301314,0.9149073840649855,-3.834907460358931,-0.4250927685229051,-1.5382174242054596,0.3202175844227449,-1.3422176111256257,-0.14878246898301678,-1.504498899949144,0.24170884923393607,0.20748110513632384,-1.5604511080036052,-1,1,-1,1,-18,-18,-18,-18,-18,-18,-18,-20
1783308248.8455925,0.0,0.0,0.12,0.0,0.0,1,10.225092959257768,-10.225092959257768,10.225092959257768,-10.225092959257768,14.989999771118164,-11.199999809265137,14.369999885559082,-10.029999732971191,-4.764906811860396,0.9749068500073683,-4.144906926301314,-0.195093226286577,-1.6677173841511383,0.3412173975025789,-1.4507174242054597,-0.06828262920030194,-1.5473830612558876,0.2504830108840024,0.170176942799612,-1.5622069470401845,-1,1,-1,1,-18,-18,-18,-18,-18,-18,-18,-20
1783308248.8656964,0.0,0.0,0.12,0.0,0.0,1,10.225092959257768,-10.225092959257768,10.225092959257768,-10.225092959257768,14.989999771118164,-11.199999809265137,14.369999885559082,-10.029999732971191,-4.764906811860396,0.9749068500073683,-4.144906926301314,-0.195093226286577,-1.6677173841511383,0.3412173975025789,-1.4507174242054597,-0.06828262920030194,-1.5902672225626313,0.2592571725340687,0.1328727804629002,-1.5639627860767638,-1,1,-1,1,-18,-18,-18,-18,-18,-18,-18,-20
1783308248.8856769,0.0,0.0,0.12,0.0,0.0,1,10.225092959257768,-10.225092959257768,10.225092959257768,-10.225092959257768,14.569999694824219,-11.010000228881836,14.130000114440918,-9.510000228881836,-4.34490673556645,0.7849072696240675,-3.9049071551831496,-0.7150927303759325,-1.5207173574482575,0.2747175443684236,-1.3667175043141022,-0.25028245563157636,-1.6293713831827294,0.2663213379606853,0.09772861606625184,-1.5703986206501472,-1,1,-1,1,-18,-18,-18,-18,-18,-18,-18,-20
1783308248.9057238,0.0,0.0,0.12,0.0,0.0,1,10.225092959257768,-10.225092959257768,10.225092959257768,-10.225092959257768,14.569999694824219,-11.010000228881836,14.130000114440918,-9.510000228881836,-4.34490673556645,0.7849072696240675,-3.9049071551831496,-0.7150927303759325,-1.5207173574482575,0.2747175443684236,-1.3667175043141022,-0.25028245563157636,-1.6684755438028276,0.2733855033873019,0.0625844516696035,-1.5768344552235307,-1,1,-1,1,-18,-18,-18,-18,-18,-18,-18,-20
1783308248.925781,0.0,0.0,0.12,0.0,0.0,1,10.225092959257768,-10.225092959257768,10.225092959257768,-10.225092959257768,14.569999694824219,-11.010000228881836,14.130000114440918,-9.510000228881836,-4.34490673556645,0.7849072696240675,-3.9049071551831496,-0.7150927303759325,-1.5207173574482575,0.2747175443684236,-1.3667175043141022,-0.25028245563157636,-1.7075797044229257,0.2804496688139185,0.027440287272955152,-1.5832702897969142,-1,1,-1,1,-18,-18,-18,-18,-18,-18,-18,-20
1783308248.9455843,0.0,0.0,0.12,0.0,0.0,1,10.225092959257768,-10.225092959257768,10.225092959257768,-10.225092959257768,14.5,-10.420000076293945,13.970000267028809,-10.050000190734863,-4.274907040742232,0.1949071170361769,-3.74490730777104,-0.17509276852290512,-1.496217464259781,0.06821749096266191,-1.310717557719864,-0.061282468983016786,-1.7460538677896058,0.28220383286724404,-0.006263878496984211,-1.5848461247136203,-1,1,-1,1,-18,-18,-18,-18,-18,-18,-18,-20
1783308248.9657462,0.0,0.0,0.12,0.0,0.0,1,10.225092959257768,-10.225092959257768,10.225092959257768,-10.225092959257768,14.5,-10.420000076293945,13.970000267028809,-10.050000190734863,-4.274907040742232,0.1949071170361769,-3.74490730777104,-0.17509276852290512,-1.496217464259781,0.06821749096266191,-1.310717557719864,-0.061282468983016786,-1.7845280311562859,0.2839579969205696,-0.039968044266923575,-1.5864219596303264,-1,1,-1,1,-18,-18,-18,-18,-18,-18,-18,-20
1783308248.985697,0.0,0.0,0.12,0.0,0.0,1,10.225092959257768,-10.225092959257768,10.225092959257768,-10.225092959257768,14.0,-10.6899995803833,14.529999732971191,-10.430000305175781,-3.7749070407422316,0.4649066211255324,-4.304906773713423,0.20490734591801285,-1.321217464259781,0.16271731739393633,-1.506717370799698,0.0717175710713045,-1.818502194522966,0.2881421565106994,-0.07871220523034439,-1.5845777935170642,-1,1,-1,1,-18,-18,-18,-18,-18,-18,-18,-20
1783308249.0057545,0.0,0.0,0.12,0.0,0.0,1,10.225092959257768,-10.225092959257768,10.225092959257768,-10.225092959257768,14.0,-10.6899995803833,14.529999732971191,-10.430000305175781,-3.7749070407422316,0.4649066211255324,-4.304906773713423,0.20490734591801285,-1.321217464259781,0.16271731739393633,-1.506717370799698,0.0717175710713045,-1.8524763578896462,0.2923263161008292,-0.1174563661937652,-1.582733627403802,-1,1,-1,1,-18,-18,-18,-18,-18,-18,-18,-20
1783308249.0257523,0.0,0.0,0.12,0.0,0.0,1,10.225092959257768,-10.225092959257768,10.225092959257768,-10.225092959257768,14.0,-10.6899995803833,14.529999732971191,-10.430000305175781,-3.7749070407422316,0.4649066211255324,-4.304906773713423,0.20490734591801285,-1.321217464259781,0.16271731739393633,-1.506717370799698,0.0717175710713045,-1.8864505212563263,0.296510475690959,-0.15620052715718602,-1.5808894612905398,-1,1,-1,1,-18,-18,-18,-18,-18,-18,-18,-20
1783308249.045593,0.0,0.0,0.12,0.0,0.0,1,10.225092959257768,-10.225092959257768,10.225092959257768,-10.225092959257768,13.199999809265137,-9.970000267028809,14.479999542236328,-10.699999809265137,-2.9749068500073683,-0.2550926922289598,-4.25490658297856,0.4749068500073683,-1.041217397502579,-0.08928244228013593,-1.4892173040424959,0.1662173975025789,-1.9132246829063926,0.2942146414608984,-0.19449468640399306,-1.5766152996404734,-1,1,-1,1,-18,-18,-18,-18,-18,-18,-18,-19
1783308249.065751,0.0,0.0,0.12,0.0,0.0,1,10.225092959257768,-10.225092959257768,10.225092959257768,-10.225092959257768,13.199999809265137,-9.970000267028809,14.479999542236328,-10.699999809265137,-2.9749068500073683,-0.2550926922289598,-4.25490658297856,0.4749068500073683,-1.041217397502579,-0.08928244228013593,-1.4892173040424959,0.1662173975025789,-1.9399988445564589,0.29191880723083774,-0.2327888456508001,-1.572341137990407,-1,1,-1,1,-18,-18,-18,-18,-18,-18,-18,-19
1783308249.0856786,0.0,0.0,0.12,0.0,0.0,1,10.225092959257768,-10.225092959257768,10.225092959257768,-10.225092959257768,12.180000305175781,-9.25,14.890000343322754,-12.020000457763672,-1.9549073459180129,-0.9750929592577684,-4.6649073840649855,1.7949074985059035,-0.6842175710713044,-0.34128253574021894,-1.6327175844227448,0.6282176244770662,-1.957593010669721,0.2831429705975178,-0.274773012107385,-1.556186970503854,-1,1,-1,1,-18,-18,-18,-18,-18,-18,-18,-19
1783308249.1056056,0.0,0.0,0.12,0.0,0.0,1,10.225092959257768,-10.225092959257768,10.225092959257768,-10.225092959257768,12.180000305175781,-9.25,14.890000343322754,-12.020000457763672,-1.9549073459180129,-0.9750929592577684,-4.6649073840649855,1.7949074985059035,-0.6842175710713044,-0.34128253574021894,-1.6327175844227448,0.6282176244770662,-1.9751871767829832,0.2743671339641979,-0.31675717856396984,-1.540032803017301,-1,1,-1,1,-18,-18,-18,-18,-18,-18,-18,-19
1783308249.125607,0.0,0.0,0.12,0.0,0.0,1,10.225092959257768,-10.225092959257768,10.225092959257768,-10.225092959257768,12.180000305175781,-9.25,14.890000343322754,-12.020000457763672,-1.9549073459180129,-0.9750929592577684,-4.6649073840649855,1.7949074985059035,-0.6842175710713044,-0.34128253574021894,-1.6327175844227448,0.6282176244770662,-1.9927813428962453,0.26559129733087794,-0.3587413450205547,-1.5238786355307479,-1,1,-1,1,-18,-18,-18,-18,-18,-18,-18,-19
1783308249.1455812,0.0,0.0,0.12,0.0,0.0,1,10.225092959257768,-10.225092959257768,10.225092959257768,-10.225092959257768,12.149999618530273,-10.100000381469727,15.180000305175781,-12.260000228881836,-1.924906659272505,-0.12509257778804184,-4.954907345918013,2.0349072696240675,-0.6737173307453768,-0.04378240222581464,-1.7342175710713044,0.7122175443684235,-2.0101055028296977,0.2644654641307856,-0.4033355111338168,-1.5055644701041313,-1,1,-1,1,-18,-18,-18,-18,-18,-18,-18,-19
1783308249.1656857,0.0,0.0,0.12,0.0,0.0,1,10.225092959257768,-10.225092959257768,10.225092959257768,-10.225092959257768,12.149999618530273,-10.100000381469727,15.180000305175781,-12.260000228881836,-1.924906659272505,-0.12509257778804184,-4.954907345918013,2.0349072696240675,-0.6737173307453768,-0.04378240222581464,-1.7342175710713044,0.7122175443684235,-2.0274296627631503,0.26333963093069324,-0.44792967724707894,-1.4872503046775147,-1,1,-1,1,-18,-18,-18,-18,-18,-18,-18,-19
1783308249.1856759,0.0,0.0,0.12,0.0,0.0,1,10.225092959257768,-10.225092959257768,10.225092959257768,-10.225092959257768,11.670000076293945,-10.010000228881836,15.149999618530273,-12.65999984741211,-1.444907117036177,-0.21509273037593246,-4.924906659272505,2.434906888154341,-0.5057174909626619,-0.07528245563157636,-1.7237173307453766,0.8522174108540193,-2.040433826816476,0.26140379635730987,-0.4922538371805315,-1.4653361426841256,-1,1,-1,1,-18,-18,-18,-18,-18,-18,-18,-19
1783308249.2056136,0.0,0.0,0.12,0.0,0.0,1,10.225092959257768,-10.225092959257768,10.225092959257768,-10.225092959257768,11.670000076293945,-10.010000228881836,15.149999618530273,-12.65999984741211,-1.444907117036177,-0.21509273037593246,-4.924906659272505,2.434906888154341,-0.5057174909626619,-0.07528245563157636,-1.7237173307453766,0.8522174108540193,-2.0534379908698015,0.2594679617839265,-0.536577997113984,-1.4434219806907365,-1,1,-1,1,-18,-18,-18,-18,-18,-18,-18,-19
1783308249.2255828,0.0,0.0,0.12,0.0,0.0,1,10.225092959257768,-10.225092959257768,10.225092959257768,-10.225092959257768,11.670000076293945,-10.010000228881836,15.149999618530273,-12.65999984741211,-1.444907117036177,-0.21509273037593246,-4.924906659272505,2.434906888154341,-0.5057174909626619,-0.07528245563157636,-1.7237173307453766,0.8522174108540193,-2.066442154923127,0.25753212721054314,-0.5809021570474365,-1.4215078186973473,-1,1,-1,1,-18,-18,-18,-18,-18,-18,-18,-19
1783308249.245622,0.0,0.0,0.12,0.0,0.0,1,10.225092959257768,-10.225092959257768,10.225092959257768,-10.225092959257768,10.4399995803833,-9.5,14.680000305175781,-13.619999885559082,-0.21490662112553238,-0.7250929592577684,-4.454907345918013,3.3949069263013136,-0.07521731739393633,-0.2537825357402189,-1.5592175710713043,1.1882174242054597,-2.068376314513257,0.25100629057722323,-0.6209963231606986,-1.3909536563606355,-1,1,-1,1,-18,-18,-18,-18,-18,-18,-18,-18
1783308249.2656033,0.0,0.0,0.12,0.0,0.0,1,10.225092959257768,-10.225092959257768,10.225092959257768,-10.225092959257768,10.4399995803833,-9.5,14.680000305175781,-13.619999885559082,-0.21490662112553238,-0.7250929592577684,-4.454907345918013,3.3949069263013136,-0.07521731739393633,-0.2537825357402189,-1.5592175710713043,1.1882174242054597,-2.070310474103387,0.24448045394390333,-0.6610904892739607,-1.3603994940239237,-1,1,-1,1,-18,-18,-18,-18,-18,-18,-18,-18
1783308249.2856123,0.0,0.0,0.12,0.0,0.0,1,10.225092959257768,-10.225092959257768,10.225092959257768,-10.225092959257768,10.25,-9.59000015258789,15.029999732971191,-13.829999923706055,-0.0249070407422316,-0.6350928066698778,-4.804906773713423,3.6049069644482863,-0.008717464259781059,-0.22228248233445722,-1.681717370799698,1.2617174375569,-2.070534637470067,0.23876461868387444,-0.7043346502373815,-1.3279553313438892,-1,1,-1,1,-18,-18,-18,-18,-18,-18,-18,-18
1783308249.3055813,0.0,0.0,0.12,0.0,0.0,1,10.225092959257768,-10.225092959257768,10.225092959257768,-10.225092959257768,10.25,-9.59000015258789,15.029999732971191,-13.829999923706055,-0.0249070407422316,-0.6350928066698778,-4.804906773713423,3.6049069644482863,-0.008717464259781059,-0.22228248233445722,-1.681717370799698,1.2617174375569,-2.070758800836747,0.23304878342384555,-0.7475788112008023,-1.2955111686638547,-1,1,-1,1,-18,-18,-18,-18,-18,-18,-18,-18
1783308249.3256066,0.0,0.0,0.12,0.0,0.0,1,10.225092959257768,-10.225092959257768,10.225092959257768,-10.225092959257768,10.25,-9.59000015258789,15.029999732971191,-13.829999923706055,-0.0249070407422316,-0.6350928066698778,-4.804906773713423,3.6049069644482863,-0.008717464259781059,-0.22228248233445722,-1.681717370799698,1.2617174375569,-2.0709829642034268,0.22733294816381666,-0.790822972164223,-1.2630670059838203,-1,1,-1,1,-18,-18,-18,-18,-18,-18,-18,-18
1783308249.345589,0.0,0.0,0.12,0.0,0.0,1,10.225092959257768,-10.225092959257768,10.225092959257768,-10.225092959257768,11.020000457763672,-10.789999961853027,14.369999885559082,-13.760000228881836,-0.7949074985059035,0.564907002595259,-4.144906926301314,3.5349072696240675,-0.2782176244770662,0.19771745090834061,-1.4507174242054597,1.2372175443684235,-2.0781371316899797,0.23241711118717398,-0.8281271345009349,-1.2312528405572036,-1,1,-1,1,-18,-18,-18,-18,-18,-18,-18,-18
1783308249.3656523,0.0,0.0,0.12,0.0,0.0,1,10.225092959257768,-10.225092959257768,10.225092959257768,-10.225092959257768,11.020000457763672,-10.789999961853027,14.369999885559082,-13.760000228881836,-0.7949074985059035,0.564907002595259,-4.144906926301314,3.5349072696240675,-0.2782176244770662,0.19771745090834061,-1.4507174242054597,1.2372175443684235,-2.0852912991765327,0.2375012742105313,-0.8654312968376467,-1.199438675130587,-1,1,-1,1,-18,-18,-18,-18,-18,-18,-18,-18
1783308249.3858435,0.0,0.0,0.12,0.0,0.0,1,10.225092959257768,-10.225092959257768,10.225092959257768,-10.225092959257768,10.890000343322754,-10.5,14.140000343322754,-13.25,-0.6649073840649855,0.2749070407422316,-3.9149073840649855,3.0249070407422316,-0.2327175844227449,0.09621746425978106,-1.3702175844227449,1.058717464259781,-2.0912754656331174,0.23997543757721138,-0.9006654632942316,-1.172214511763907,-1,1,-1,1,-18,-18,-18,-18,-18,-18,-18,-18
1783308249.4056075,0.0,0.0,0.12,0.0,0.0,1,10.225092959257768,-10.225092959257768,10.225092959257768,-10.225092959257768,10.890000343322754,-10.5,14.140000343322754,-13.25,-0.6649073840649855,0.2749070407422316,-3.9149073840649855,3.0249070407422316,-0.2327175844227449,0.09621746425978106,-1.3702175844227449,1.058717464259781,-2.097259632089702,0.24244960094389145,-0.9358996297508164,-1.1449903483972268,-1,1,-1,1,-18,-18,-18,-18,-18,-18,-18,-18
1783308249.4256237,0.0,0.0,0.12,0.0,0.0,1,10.225092959257768,-10.225092959257768,10.225092959257768,-10.225092959257768,10.890000343322754,-10.5,14.140000343322754,-13.25,-0.6649073840649855,0.2749070407422316,-3.9149073840649855,3.0249070407422316,-0.2327175844227449,0.09621746425978106,-1.3702175844227449,1.058717464259781,-2.103243798546287,0.24492376431057153,-0.9711337962074013,-1.1177661850305467,-1,1,-1,1,-18,-18,-18,-18,-18,-18,-18,-18
1783308249.4457195,0.0,0.0,0.12,0.0,0.0,1,10.225092959257768,-10.225092959257768,10.225092959257768,-10.225092959257768,11.020000457763672,-10.520000457763672,12.84000015258789,-11.989999771118164,-0.7949074985059035,0.2949074985059035,-2.6149071933301222,1.7649068118603957,-0.2782176244770662,0.10321762447706621,-0.9152175176655427,0.6177173841511384,-2.11039796603284,0.24757793179712467,-0.9946679609473723,-1.1018820237238032,-1,1,-1,1,-18,-18,-18,-18,-18,-18,-18,-18
1783308249.465611,0.0,0.0,0.12,0.0,0.0,1,10.225092959257768,-10.225092959257768,10.225092959257768,-10.225092959257768,11.020000457763672,-10.520000457763672,12.84000015258789,-11.989999771118164,-0.7949074985059035,0.2949074985059035,-2.6149071933301222,1.7649068118603957,-0.2782176244770662,0.10321762447706621,-0.9152175176655427,0.6177173841511384,-2.1175521335193928,0.2502320992836778,-1.0182021256873435,-1.0859978624170596,-1,1,-1,1,-18,-18,-18,-18,-18,-18,-18,-18
1783308249.485957,0.0,0.0,0.12,0.0,0.0,1,10.225092959257768,-10.225092959257768,10.225092959257768,-10.225092959257768,11.789999961853027,-10.760000228881836,12.380000114440918,-11.34000015258789,-1.564907002595259,0.5349072696240675,-2.1549071551831496,1.1149071933301222,-0.5477174509083406,0.18721754436842364,-0.7542175043141023,0.39021751766554275,-2.13163629654275,0.2550462647102944,-1.037596290083992,-1.0759636976770885,-1,1,-1,1,-18,-18,-18,-18,-18,-18,-18,-19
1783308249.5057786,0.0,0.0,0.12,0.0,0.0,1,10.225092959257768,-10.225092959257768,10.225092959257768,-10.225092959257768,11.789999961853027,-10.760000228881836,12.380000114440918,-11.34000015258789,-1.564907002595259,0.5349072696240675,-2.1549071551831496,1.1149071933301222,-0.5477174509083406,0.18721754436842364,-0.7542175043141023,0.39021751766554275,-2.1457204595661077,0.259860430136911,-1.0569904544806403,-1.0659295329371175,-1,1,-1,1,-18,-18,-18,-18,-18,-18,-18,-19
1783308249.5257292,0.0,0.0,0.12,0.0,0.0,1,10.225092959257768,-10.225092959257768,10.225092959257768,-10.225092959257768,11.789999961853027,-10.760000228881836,12.380000114440918,-11.34000015258789,-1.564907002595259,0.5349072696240675,-2.1549071551831496,1.1149071933301222,-0.5477174509083406,0.18721754436842364,-0.7542175043141023,0.39021751766554275,-2.159804622589465,0.2646745955635276,-1.0763846188772888,-1.0558953681971464,-1,1,-1,1,-18,-18,-18,-18,-18,-18,-18,-19
1783308249.5456545,0.0,0.0,0.12,0.0,0.0,1,10.225092959257768,-10.225092959257768,10.225092959257768,-10.225092959257768,11.869999885559082,-11.149999618530273,12.0600004196167,-11.5600004196167,-1.6449069263013136,0.924906659272505,-1.8349074603589308,1.3349074603589308,-0.5757174242054597,0.32371733074537673,-0.6422176111256257,0.46721761112562576,-2.174608784926177,0.27299875549698016,-1.092898786020519,-1.043881201053916,-1,1,-1,1,-18,-18,-18,-18,-18,-18,-18,-19
1783308249.5656517,0.0,0.0,0.12,0.0,0.0,1,10.225092959257768,-10.225092959257768,10.225092959257768,-10.225092959257768,11.869999885559082,-11.149999618530273,12.0600004196167,-11.5600004196167,-1.6449069263013136,0.924906659272505,-1.8349074603589308,1.3349074603589308,-0.5757174242054597,0.32371733074537673,-0.6422176111256257,0.46721761112562576,-2.189412947262889,0.2813229154304327,-1.1094129531637493,-1.0318670339106857,-1,1,-1,1,-18,-18,-18,-18,-18,-18,-18,-19
1783308249.5857756,0.0,0.0,0.12,0.0,0.0,1,10.225092959257768,-10.225092959257768,10.225092959257768,-10.225092959257768,11.930000305175781,-10.979999542236328,11.84000015258789,-10.579999923706055,-1.7049073459180129,0.7549065829785597,-1.6149071933301222,0.3549069644482863,-0.5967175710713044,0.2642173040424959,-0.5652175176655427,0.12421743755690019,-2.204757113376151,0.28811707467723974,-1.1239471179037204,-1.0286728712306512,-1,1,-1,1,-18,-18,-18,-18,-18,-18,-18,-19
1783308249.6056077,0.0,0.0,0.12,0.0,0.0,1,10.225092959257768,-10.225092959257768,10.225092959257768,-10.225092959257768,11.930000305175781,-10.979999542236328,11.84000015258789,-10.579999923706055,-1.7049073459180129,0.7549065829785597,-1.6149071933301222,0.3549069644482863,-0.5967175710713044,0.2642173040424959,-0.5652175176655427,0.12421743755690019,-2.220101279489413,0.2949112339240468,-1.1384812826436914,-1.0254787085506167,-1,1,-1,1,-18,-18,-18,-18,-18,-18,-18,-19
1783308249.6255987,0.0,0.0,0.12,0.0,0.0,1,10.225092959257768,-10.225092959257768,10.225092959257768,-10.225092959257768,11.930000305175781,-10.979999542236328,11.84000015258789,-10.579999923706055,-1.7049073459180129,0.7549065829785597,-1.6149071933301222,0.3549069644482863,-0.5967175710713044,0.2642173040424959,-0.5652175176655427,0.12421743755690019,-2.235445445602675,0.3017053931708538,-1.1530154473836625,-1.0222845458705823,-1,1,-1,1,-18,-18,-18,-18,-18,-18,-18,-19
1783308249.6456065,0.0,0.0,0.12,0.0,0.0,1,10.225092959257768,-10.225092959257768,10.225092959257768,-10.225092959257768,12.430000305175781,-10.850000381469727,11.90999984741211,-10.579999923706055,-2.204907345918013,0.6249074222119582,-1.684906888154341,0.3549069644482863,-0.7717175710713045,0.21871759777418534,-0.5897174108540193,0.12421743755690019,-2.2552896117159373,0.30732955997076145,-1.1681796093770516,-1.0190903831905478,-1,1,-1,1,-18,-18,-18,-18,-18,-18,-18,-19
1783308249.665719,0.0,0.0,0.12,0.0,0.0,1,10.225092959257768,-10.225092959257768,10.225092959257768,-10.225092959257768,12.430000305175781,-10.850000381469727,11.90999984741211,-10.579999923706055,-2.204907345918013,0.6249074222119582,-1.684906888154341,0.3549069644482863,-0.7717175710713045,0.21871759777418534,-0.5897174108540193,0.12421743755690019,-2.2751337778291996,0.31295372677066907,-1.1833437713704407,-1.0158962205105133,-1,1,-1,1,-18,-18,-18,-18,-18,-18,-18,-19
1783308249.6856601,0.0,0.0,0.12,0.0,0.0,1,10.225092959257768,-10.225092959257768,10.225092959257768,-10.225092959257768,12.100000381469727,-11.220000267028809,11.960000038146973,-10.569999694824219,-1.8749074222119582,0.9949073077710402,-1.7349070788892043,0.34490673556645035,-0.6562175977741853,0.34821755771986407,-0.6072174776112215,0.12071735744825761,-2.2920079446291073,0.3219078925406084,-1.1989579350804436,-1.0127920598904152,-1,1,-1,1,-18,-18,-18,-18,-18,-18,-18,-19
1783308249.7055876,0.0,0.0,0.12,0.0,0.0,1,10.225092959257768,-10.225092959257768,10.225092959257768,-10.225092959257768,12.100000381469727,-11.220000267028809,11.960000038146973,-10.569999694824219,-1.8749074222119582,0.9949073077710402,-1.7349070788892043,0.34490673556645035,-0.6562175977741853,0.34821755771986407,-0.6072174776112215,0.12071735744825761,-2.308882111429015,0.33086205831054777,-1.2145720987904465,-1.009687899270317,-1,1,-1,1,-18,-18,-18,-18,-18,-18,-18,-19
1783308249.725671,0.0,0.0,0.12,0.0,0.0,1,10.225092959257768,-10.225092959257768,10.225092959257768,-10.225092959257768,12.100000381469727,-11.220000267028809,11.960000038146973,-10.569999694824219,-1.8749074222119582,0.9949073077710402,-1.7349070788892043,0.34490673556645035,-0.6562175977741853,0.34821755771986407,-0.6072174776112215,0.12071735744825761,-2.3257562782289227,0.3398162240804871,-1.2301862625004494,-1.006583738650219,-1,1,-1,1,-18,-18,-18,-18,-18,-18,-18,-19
1783308249.7455955,0.0,0.0,0.12,0.0,0.0,1,10.225092959257768,-10.225092959257768,10.225092959257768,-10.225092959257768,11.40999984741211,-9.670000076293945,12.0,-10.350000381469727,-1.184906888154341,-0.5550928829638231,-1.7749070407422316,0.12490742221195816,-0.4147174108540193,-0.19428250903733807,-0.621217464259781,0.04371759777418535,-2.336420440222312,0.3348203881338127,-1.2461604258671295,-1.0054595718503114,-1,1,-1,1,-18,-18,-18,-18,-18,-18,-18,-19
1783308249.7657416,0.0,0.0,0.12,0.0,0.0,1,10.225092959257768,-10.225092959257768,10.225092959257768,-10.225092959257768,11.40999984741211,-9.670000076293945,12.0,-10.350000381469727,-1.184906888154341,-0.5550928829638231,-1.7749070407422316,0.12490742221195816,-0.4147174108540193,-0.19428250903733807,-0.621217464259781,0.04371759777418535,-2.347084602215701,0.3298245521871383,-1.2621345892338096,-1.0043354050504039,-1,1,-1,1,-18,-18,-18,-18,-18,-18,-18,-19
1783308249.7856658,0.0,0.0,0.12,0.0,0.0,1,10.225092959257768,-10.225092959257768,10.225092959257768,-10.225092959257768,11.15999984741211,-8.350000381469727,12.470000267028809,-9.729999542236328,-0.934906888154341,-1.8750925777880418,-2.24490730777104,-0.4950934170214403,-0.32721741085401934,-0.6562824022258146,-0.7857175577198641,-0.1732826959575041,-2.35549876420909,0.3129487189870459,-1.282338755003749,-1.0087912458035968,-1,1,-1,1,-18,-18,-18,-18,-18,-18,-18,-19
1783308249.8057005,0.0,0.0,0.12,0.0,0.0,1,10.225092959257768,-10.225092959257768,10.225092959257768,-10.225092959257768,11.15999984741211,-8.350000381469727,12.470000267028809,-9.729999542236328,-0.934906888154341,-1.8750925777880418,-2.24490730777104,-0.4950934170214403,-0.32721741085401934,-0.6562824022258146,-0.7857175577198641,-0.1732826959575041,-2.363912926202479,0.2960728857869535,-1.3025429207736885,-1.0132470865567897,-1,1,-1,1,-18,-18,-18,-18,-18,-18,-18,-19
1783308249.8255987,0.0,0.0,0.12,0.0,0.0,1,10.225092959257768,-10.225092959257768,10.225092959257768,-10.225092959257768,11.15999984741211,-8.350000381469727,12.470000267028809,-9.729999542236328,-0.934906888154341,-1.8750925777880418,-2.24490730777104,-0.4950934170214403,-0.32721741085401934,-0.6562824022258146,-0.7857175577198641,-0.1732826959575041,-2.3723270881958682,0.2791970525868611,-1.322747086543628,-1.0177029273099827,-1,1,-1,1,-18,-18,-18,-18,-18,-18,-18,-19
1783308249.8455942,0.0,0.0,0.12,0.0,0.0,1,10.225092959257768,-10.225092959257768,10.225092959257768,-10.225092959257768,10.75,-7.880000114440918,11.670000076293945,-9.079999923706055,-0.5249070407422316,-2.3450928448168504,-1.444907117036177,-1.1450930355517137,-0.18371746425978105,-0.8207824956858976,-0.5057174909626619,-0.4007825624430998,-2.3770512515625484,0.25809121698350945,-1.3357512505969535,-1.028008764629948,-1,1,-1,1,-18,-18,-18,-18,-18,-19,-18,-19
1783308249.8656256,0.0,0.0,0.12,0.0,0.0,1,10.225092959257768,-10.225092959257768,10.225092959257768,-10.225092959257768,10.75,-7.880000114440918,11.670000076293945,-9.079999923706055,-0.5249070407422316,-2.3450928448168504,-1.444907117036177,-1.1450930355517137,-0.18371746425978105,-0.8207824956858976,-0.5057174909626619,-0.4007825624430998,-2.3817754149292285,0.2369853813801578,-1.3487554146502791,-1.0383146019499134,-1,1,-1,1,-18,-18,-18,-18,-18,-19,-18,-19
1783308249.8856537,0.0,0.0,0.12,0.0,0.0,1,10.225092959257768,-10.225092959257768,10.225092959257768,-10.225092959257768,10.239999771118164,-7.329999923706055,11.569999694824219,-8.84000015258789,-0.014906811860395663,-2.8950930355517137,-1.3449067355664504,-1.3850928066698778,-0.005217384151138482,-1.0132825624430997,-0.4707173574482576,-0.4847824823344572,-2.381909576235972,0.21092954406019238,-1.3608595752703772,-1.0507804372099423,-1,1,-1,1,-18,-18,-18,-18,-18,-19,-18,-20
1783308249.9057899,0.0,0.0,0.12,0.0,0.0,1,10.225092959257768,-10.225092959257768,10.225092959257768,-10.225092959257768,10.239999771118164,-7.329999923706055,11.569999694824219,-8.84000015258789,-0.014906811860395663,-2.8950930355517137,-1.3449067355664504,-1.3850928066698778,-0.005217384151138482,-1.0132825624430997,-0.4707173574482576,-0.4847824823344572,-2.3820437375427157,0.18487370674022696,-1.3729637358904752,-1.0632462724699712,-1,1,-1,1,-18,-18,-18,-18,-18,-19,-18,-20
1783308249.9256227,0.0,0.0,0.12,0.0,0.0,1,10.225092959257768,-10.225092959257768,10.225092959257768,-10.225092959257768,10.239999771118164,-7.329999923706055,11.569999694824219,-8.84000015258789,-0.014906811860395663,-2.8950930355517137,-1.3449067355664504,-1.3850928066698778,-0.005217384151138482,-1.0132825624430997,-0.4707173574482576,-0.4847824823344572,-2.3821778988494593,0.15881786942026155,-1.3850678965105732,-1.07571210773,-1,1,-1,1,-18,-18,-18,-18,-18,-19,-18,-20
1783308249.9457858,0.0,0.0,0.12,0.0,0.0,1,10.225092959257768,-10.225092959257768,10.225092959257768,-10.225092959257768,10.109999656677246,-7.170000076293945,12.399999618530273,-9.130000114440918,0.1150933025805223,-3.055092882963823,-2.174906659272505,-1.0950928448168504,0.04028265590318281,-1.069282509037338,-0.7612173307453767,-0.3832824956858976,-2.3811420591262347,0.13132203347358715,-1.4046420564440256,-1.0855679433333516,-1,1,-1,1,-18,-18,-18,-18,-18,-19,-18,-19
1783308249.9656086,0.0,0.0,0.12,0.0,0.0,1,10.225092959257768,-10.225092959257768,10.225092959257768,-10.225092959257768,10.109999656677246,-7.170000076293945,12.399999618530273,-9.130000114440918,0.1150933025805223,-3.055092882963823,-2.174906659272505,-1.0950928448168504,0.04028265590318281,-1.069282509037338,-0.7612173307453767,-0.3832824956858976,-2.38010621940301,0.10382619752691274,-1.424216216377478,-1.0954237789367032,-1,1,-1,1,-18,-18,-18,-18,-18,-19,-18,-19
1783308249.9857223,0.0,0.0,0.12,0.0,0.0,1,10.225092959257768,-10.225092959257768,10.225092959257768,-10.225092959257768,11.15999984741211,-7.960000038146973,12.079999923706055,-9.5600004196167,-0.934906888154341,-2.2650929211107957,-1.8549069644482863,-0.6650925396410692,-0.32721741085401934,-0.7927825223887784,-0.6492174375569002,-0.2327823888743742,-2.388520381396399,0.08344036123691559,-1.4409103790575126,-1.1014096117934729,-1,1,-1,1,-18,-18,-18,-18,-18,-19,-18,-19
1783308250.0055914,0.0,0.0,0.12,0.0,0.0,1,10.225092959257768,-10.225092959257768,10.225092959257768,-10.225092959257768,11.15999984741211,-7.960000038146973,12.079999923706055,-9.5600004196167,-0.934906888154341,-2.2650929211107957,-1.8549069644482863,-0.6650925396410692,-0.32721741085401934,-0.7927825223887784,-0.6492174375569002,-0.2327823888743742,-2.396934543389788,0.06305452494691843,-1.4576045417375472,-1.1073954446502425,-1,1,-1,1,-18,-18,-18,-18,-18,-19,-18,-19
1783308250.0255876,0.0,0.0,0.12,0.0,0.0,1,10.225092959257768,-10.225092959257768,10.225092959257768,-10.225092959257768,11.15999984741211,-7.960000038146973,12.079999923706055,-9.5600004196167,-0.934906888154341,-2.2650929211107957,-1.8549069644482863,-0.6650925396410692,-0.32721741085401934,-0.7927825223887784,-0.6492174375569002,-0.2327823888743742,-2.4053487053831772,0.04266868865692127,-1.4742987044175817,-1.1133812775070122,-1,1,-1,1,-18,-18,-18,-18,-18,-19,-18,-19
1783308250.0457091,0.0,0.0,0.12,0.0,0.0,1,10.225092959257768,-10.225092959257768,10.225092959257768,-10.225092959257768,11.430000305175781,-8.0600004196167,12.75,-8.510000228881836,-1.2049073459180129,-2.165092539641069,-2.5249070407422316,-1.7150927303759325,-0.4217175710713045,-0.7577823888743742,-0.883717464259781,-0.6002824556315763,-2.4161928714964396,0.02318285580015165,-1.4970228677842619,-1.1288171120803956,-1,1,-1,1,-18,-18,-18,-18,-18,-19,-18,-20
1783308250.0655997,0.0,0.0,0.12,0.0,0.0,1,10.225092959257768,-10.225092959257768,10.225092959257768,-10.225092959257768,11.430000305175781,-8.0600004196167,12.75,-8.510000228881836,-1.2049073459180129,-2.165092539641069,-2.5249070407422316,-1.7150927303759325,-0.4217175710713045,-0.7577823888743742,-0.883717464259781,-0.6002824556315763,-2.427037037609702,0.0036970229433820265,-1.519747031150942,-1.144252946653779,-1,1,-1,1,-18,-18,-18,-18,-18,-19,-18,-20
1783308250.0857697,0.0,0.0,0.12,0.0,0.0,1,10.225092959257768,-10.225092959257768,10.225092959257768,-10.225092959257768,12.079999923706055,-8.59000015258789,11.649999618530273,-7.539999961853027,-1.8549069644482863,-1.6350928066698778,-1.424906659272505,-2.685092997404741,-0.6492174375569002,-0.5722824823344572,-0.4987173307453767,-0.9397825490916593,-2.4437312002897364,-0.011018812316646873,-1.5325711910843947,-1.1684187836304216,-1,1,-1,1,-18,-18,-18,-18,-18,-19,-18,-20
1783308250.1055923,0.0,0.0,0.12,0.0,0.0,1,10.225092959257768,-10.225092959257768,10.225092959257768,-10.225092959257768,12.079999923706055,-8.59000015258789,11.649999618530273,-7.539999961853027,-1.8549069644482863,-1.6350928066698778,-1.424906659272505,-2.685092997404741,-0.6492174375569002,-0.5722824823344572,-0.4987173307453767,-0.9397825490916593,-2.460425362969771,-0.025734647576675772,-1.5453953510178473,-1.1925846206070643,-1,1,-1,1,-18,-18,-18,-18,-18,-19,-18,-20
1783308250.125631,0.0,0.0,0.12,0.0,0.0,1,10.225092959257768,-10.225092959257768,10.225092959257768,-10.225092959257768,12.079999923706055,-8.59000015258789,11.649999618530273,-7.539999961853027,-1.8549069644482863,-1.6350928066698778,-1.424906659272505,-2.685092997404741,-0.6492174375569002,-0.5722824823344572,-0.4987173307453767,-0.9397825490916593,-2.4771195256498055,-0.040450482836704674,-1.5582195109513,-1.216750457583707,-1,1,-1,1,-18,-18,-18,-18,-18,-19,-18,-20
1783308250.145707,0.0,0.0,0.12,0.0,0.0,1,10.225092959257768,-10.225092959257768,10.225092959257768,-10.225092959257768,13.210000038146973,-9.40999984741211,10.869999885559082,-7.090000152587891,-2.9849070788892043,-0.815093111845659,-0.6449069263013136,-3.1350928066698778,-1.0447174776112214,-0.28528258914598065,-0.22571742420545976,-1.0972824823344571,-2.503983689359808,-0.047786320843315605,-1.5640236732880117,-1.2449662928437357,-1,1,-1,1,-18,-18,-18,-18,-18,-18,-18,-20
1783308250.1655765,0.0,0.0,0.12,0.0,0.0,1,10.225092959257768,-10.225092959257768,10.225092959257768,-10.225092959257768,13.210000038146973,-9.40999984741211,10.869999885559082,-7.090000152587891,-2.9849070788892043,-0.815093111845659,-0.6449069263013136,-3.1350928066698778,-1.0447174776112214,-0.28528258914598065,-0.22571742420545976,-1.0972824823344571,-2.530847853069811,-0.055122158849926536,-1.5698278356247235,-1.2731821281037645,-1,1,-1,1,-18,-18,-18,-18,-18,-18,-18,-20
1783308250.1856935,0.0,0.0,0.12,0.0,0.0,1,10.225092959257768,-10.225092959257768,10.225092959257768,-10.225092959257768,13.319999694824219,-9.760000228881836,10.779999732971191,-7.230000019073486,-3.0949067355664504,-0.46509273037593246,-0.554906773713423,-2.995092940184282,-1.0832173574482575,-0.16278245563157634,-0.19421737079969803,-1.0482825290644986,-2.558702013689909,-0.05930799342330993,-1.5748219965881443,-1.300137964565423,-1,1,-1,1,-18,-18,-18,-18,-18,-18,-18,-20
1783308250.2055876,0.0,0.0,0.0,0.0,0.0,0,0.0,0.0,0.0,0.0,13.319999694824219,-9.760000228881836,10.779999732971191,-7.230000019073486,-13.319999694824219,9.760000228881836,-10.779999732971191,7.230000019073486,-4.661999893188476,3.4160000801086423,-3.772999906539917,2.53050000667572,0.0,0.0,0.0,0.0,-1,1,-1,1,0,0,0,0,0,0,0,0
1783308250.2256107,0.0,0.0,0.0,0.0,0.0,0,0.0,0.0,0.0,0.0,13.319999694824219,-9.760000228881836,10.779999732971191,-7.230000019073486,-13.319999694824219,9.760000228881836,-10.779999732971191,7.230000019073486,-4.661999893188476,3.4160000801086423,-3.772999906539917,2.53050000667572,0.0,0.0,0.0,0.0,-1,1,-1,1,0,0,0,0,0,0,0,0
1783308250.245585,0.0,0.0,0.0,0.0,0.0,0,0.0,0.0,0.0,0.0,13.630000114440918,-10.449999809265137,11.170000076293945,-7.78000020980835,-13.630000114440918,10.449999809265137,-11.170000076293945,7.78000020980835,-4.770500040054321,3.6574999332427978,-3.9095000267028808,2.7230000734329223,0.0,0.0,0.0,0.0,-1,1,-1,1,0,0,0,0,0,0,0,0
1783308250.2655902,0.0,0.0,0.0,0.0,0.0,0,0.0,0.0,0.0,0.0,13.630000114440918,-10.449999809265137,11.170000076293945,-7.78000020980835,-13.630000114440918,10.449999809265137,-11.170000076293945,7.78000020980835,-4.770500040054321,3.6574999332427978,-3.9095000267028808,2.7230000734329223,0.0,0.0,0.0,0.0,-1,1,-1,1,0,0,0,0,0,0,0,0
1783308250.2856307,0.0,0.0,0.0,0.0,0.0,0,0.0,0.0,0.0,0.0,11.579999923706055,-8.220000267028809,10.079999923706055,-5.900000095367432,-11.579999923706055,8.220000267028809,-10.079999923706055,5.900000095367432,-4.052999973297119,2.877000093460083,-3.527999973297119,2.065000033378601,0.0,0.0,0.0,0.0,-1,1,-1,1,0,0,0,0,0,0,0,0
1783308250.3057017,0.0,0.0,0.12,0.0,0.0,1,10.225092959257768,-10.225092959257768,10.225092959257768,-10.225092959257768,11.579999923706055,-8.220000267028809,10.079999923706055,-5.900000095367432,-1.3549069644482863,-2.00509269222896,0.1450930355517137,-4.325092863890337,-0.47421743755690016,-0.7017824422801359,0.050782562443099796,-1.5137825023616178,-0.012194162680034577,-0.018045834230060637,0.0013058373199654235,-0.03892583577501303,-1,1,-1,1,-18,-18,-18,-18,-18,-19,-18,-20
1783308250.325755,0.0,0.0,0.12,0.0,0.0,1,10.225092959257768,-10.225092959257768,10.225092959257768,-10.225092959257768,11.579999923706055,-8.220000267028809,10.079999923706055,-5.900000095367432,-1.3549069644482863,-2.00509269222896,0.1450930355517137,-4.325092863890337,-0.47421743755690016,-0.7017824422801359,0.050782562443099796,-1.5137825023616178,-0.024388325360069154,-0.036091668460121275,0.002611674639930847,-0.07785167155002606,-1,1,-1,1,-18,-18,-18,-18,-18,-19,-18,-20
1783308250.3455908,0.0,0.0,0.0,0.0,0.0,0,0.0,0.0,0.0,0.0,8.329999923706055,-5.53000020980835,7.059999942779541,-4.130000114440918,-8.329999923706055,5.53000020980835,-7.059999942779541,4.130000114440918,-2.915499973297119,1.9355000734329222,-2.4709999799728393,1.4455000400543212,0.0,0.0,0.0,0.0,-1,1,-1,1,0,0,0,0,0,0,0,0
1783308250.365762,0.0,0.0,0.0,0.0,0.0,0,0.0,0.0,0.0,0.0,8.329999923706055,-5.53000020980835,7.059999942779541,-4.130000114440918,-8.329999923706055,5.53000020980835,-7.059999942779541,4.130000114440918,-2.915499973297119,1.9355000734329222,-2.4709999799728393,1.4455000400543212,0.0,0.0,0.0,0.0,-1,1,-1,1,0,0,0,0,0,0,0,0
1783308250.3856695,0.0,0.0,0.0,0.0,0.0,0,0.0,0.0,0.0,0.0,6.28000020980835,-4.320000171661377,5.619999885559082,-3.569999933242798,-6.28000020980835,4.320000171661377,-5.619999885559082,3.569999933242798,-2.1980000734329224,1.5120000600814818,-1.9669999599456787,1.2494999766349792,0.0,0.0,0.0,0.0,-1,1,-1,1,0,0,0,0,0,0,0,0
1783308250.405705,0.0,0.0,0.0,0.0,0.0,0,0.0,0.0,0.0,0.0,6.28000020980835,-4.320000171661377,5.619999885559082,-3.569999933242798,-6.28000020980835,4.320000171661377,-5.619999885559082,3.569999933242798,-2.1980000734329224,1.5120000600814818,-1.9669999599456787,1.2494999766349792,0.0,0.0,0.0,0.0,-1,1,-1,1,0,0,0,0,0,0,0,0
1783308250.4255898,0.0,0.0,0.0,0.0,0.0,0,0.0,0.0,0.0,0.0,6.28000020980835,-4.320000171661377,5.619999885559082,-3.569999933242798,-6.28000020980835,4.320000171661377,-5.619999885559082,3.569999933242798,-2.1980000734329224,1.5120000600814818,-1.9669999599456787,1.2494999766349792,0.0,0.0,0.0,0.0,-1,1,-1,1,0,0,0,0,0,0,0,0
1783308250.445552,0.0,0.0,0.0,0.0,0.0,0,0.0,0.0,0.0,0.0,4.630000114440918,-3.0299999713897705,3.930000066757202,-2.5,-4.630000114440918,3.0299999713897705,-3.930000066757202,2.5,-1.6205000400543212,1.0604999899864196,-1.3755000233650208,0.875,0.0,0.0,0.0,0.0,-1,1,-1,1,0,0,0,0,0,0,0,0
1783308250.4658597,0.0,0.0,0.12,0.0,0.0,1,10.225092959257768,-10.225092959257768,10.225092959257768,-10.225092959257768,4.630000114440918,-3.0299999713897705,3.930000066757202,-2.5,5.59509284481685,-7.195092987867998,6.295092892500566,-7.725092959257768,1.9582824956858975,-2.518282545753799,2.203282512375198,-2.7037825357402188,0.05035583560335166,-0.06475583689081199,0.0566558360325051,-0.06952583663331992,-1,1,-1,1,-18,-18,-18,-18,-20,-21,-20,-21
1783308250.4856865,0.0,0.0,0.12,0.0,0.0,1,10.225092959257768,-10.225092959257768,10.225092959257768,-10.225092959257768,3.240000009536743,-2.119999885559082,2.75,-1.75,6.985092949721025,-8.105093073698686,7.475092959257768,-8.475092959257768,2.4447825324023587,-2.83678257579454,2.616282535740219,-2.966282535740219,0.11322167215084089,-0.13770167455410015,0.12393167266582501,-0.14580167326663984,-1,1,-1,1,-18,-18,-18,-18,-21,-21,-21,-21
1783308250.5055833,0.0,0.0,0.0,0.0,0.0,0,0.0,0.0,0.0,0.0,3.240000009536743,-2.119999885559082,2.75,-1.75,-3.240000009536743,2.119999885559082,-2.75,1.75,-1.13400000333786,0.7419999599456787,-0.9624999999999999,0.6124999999999999,0.0,0.0,0.0,0.0,-1,1,-1,1,0,0,0,0,0,0,0,0
1783308250.525597,0.0,0.0,0.0,0.0,0.0,0,0.0,0.0,0.0,0.0,3.240000009536743,-2.119999885559082,2.75,-1.75,-3.240000009536743,2.119999885559082,-2.75,1.75,-1.13400000333786,0.7419999599456787,-0.9624999999999999,0.6124999999999999,0.0,0.0,0.0,0.0,-1,1,-1,1,0,0,0,0,0,0,0,0
1783308250.5458138,0.0,0.0,0.0,0.0,0.0,0,0.0,0.0,0.0,0.0,2.7200000286102295,-1.940000057220459,2.609999895095825,-1.899999976158142,-2.7200000286102295,1.940000057220459,-2.609999895095825,1.899999976158142,-0.9520000100135803,0.6790000200271606,-0.9134999632835388,0.6649999916553497,0.0,0.0,0.0,0.0,-1,1,-1,1,0,0,0,0,0,0,0,0
1783308250.565665,0.0,0.0,0.0,0.0,0.0,0,0.0,0.0,0.0,0.0,2.7200000286102295,-1.940000057220459,2.609999895095825,-1.899999976158142,-2.7200000286102295,1.940000057220459,-2.609999895095825,1.899999976158142,-0.9520000100135803,0.6790000200271606,-0.9134999632835388,0.6649999916553497,0.0,0.0,0.0,0.0,-1,1,-1,1,0,0,0,0,0,0,0,0
1783308250.5856502,0.0,0.0,0.0,0.0,0.0,0,0.0,0.0,0.0,0.0,2.359999895095825,-1.5800000429153442,2.7300000190734863,-1.559999942779541,-2.359999895095825,1.5800000429153442,-2.7300000190734863,1.559999942779541,-0.8259999632835388,0.5530000150203704,-0.9555000066757201,0.5459999799728393,0.0,0.0,0.0,0.0,-1,1,-1,1,0,0,0,0,0,0,0,0
1783308250.6057174,0.0,0.0,0.0,0.0,0.0,0,0.0,0.0,0.0,0.0,2.359999895095825,-1.5800000429153442,2.7300000190734863,-1.559999942779541,-2.359999895095825,1.5800000429153442,-2.7300000190734863,1.559999942779541,-0.8259999632835388,0.5530000150203704,-0.9555000066757201,0.5459999799728393,0.0,0.0,0.0,0.0,-1,1,-1,1,0,0,0,0,0,0,0,0
1783308250.6256046,0.0,0.0,0.0,0.0,0.0,0,0.0,0.0,0.0,0.0,2.359999895095825,-1.5800000429153442,2.7300000190734863,-1.559999942779541,-2.359999895095825,1.5800000429153442,-2.7300000190734863,1.559999942779541,-0.8259999632835388,0.5530000150203704,-0.9555000066757201,0.5459999799728393,0.0,0.0,0.0,0.0,-1,1,-1,1,0,0,0,0,0,0,0,0
1783308250.6456919,0.0,0.0,0.12,0.0,0.0,1,10.225092959257768,-10.225092959257768,10.225092959257768,-10.225092959257768,1.649999976158142,-1.1100000143051147,1.909999966621399,-1.090000033378601,8.575092983099626,-9.115092944952654,8.31509299263637,-9.135092925879167,3.001282544084869,-3.1902825307334286,2.910282547422729,-3.1972825240577083,0.07717583684789664,-0.0820358365045739,0.07483583693372733,-0.08221583633291252,-1,1,-1,1,-18,-18,-18,-18,-21,-21,-21,-21
1783308250.665607,0.0,0.0,0.12,0.0,0.0,1,10.225092959257768,-10.225092959257768,10.225092959257768,-10.225092959257768,1.649999976158142,-1.1100000143051147,1.909999966621399,-1.090000033378601,8.575092983099626,-9.115092944952654,8.31509299263637,-9.135092925879167,3.001282544084869,-3.1902825307334286,2.910282547422729,-3.1972825240577083,0.15435167369579328,-0.1640716730091478,0.14967167386745467,-0.16443167266582503,-1,1,-1,1,-18,-18,-18,-18,-21,-21,-21,-21
1783308250.6857357,0.0,0.0,0.0,0.0,0.0,0,0.0,0.0,0.0,0.0,1.149999976158142,-0.7699999809265137,1.340000033378601,-0.7599999904632568,-1.149999976158142,0.7699999809265137,-1.340000033378601,0.7599999904632568,-0.4024999916553497,0.26949999332427976,-0.4690000116825103,0.26599999666213986,0.0,0.0,0.0,0.0,-1,1,-1,1,0,0,0,0,0,0,0,0
1783308250.7055922,0.0,0.0,0.0,0.0,0.0,0,0.0,0.0,0.0,0.0,1.149999976158142,-0.7699999809265137,1.340000033378601,-0.7599999904632568,-1.149999976158142,0.7699999809265137,-1.340000033378601,0.7599999904632568,-0.4024999916553497,0.26949999332427976,-0.4690000116825103,0.26599999666213986,0.0,0.0,0.0,0.0,-1,1,-1,1,0,0,0,0,0,0,0,0
1783308250.7256842,0.0,0.0,0.0,0.0,0.0,0,0.0,0.0,0.0,0.0,1.149999976158142,-0.7699999809265137,1.340000033378601,-0.7599999904632568,-1.149999976158142,0.7699999809265137,-1.340000033378601,0.7599999904632568,-0.4024999916553497,0.26949999332427976,-0.4690000116825103,0.26599999666213986,0.0,0.0,0.0,0.0,-1,1,-1,1,0,0,0,0,0,0,0,0
1783308250.7455885,0.0,0.0,0.0,0.0,0.0,0,0.0,0.0,0.0,0.0,1.2599999904632568,-0.7699999809265137,1.159999966621399,-0.9900000095367432,-1.2599999904632568,0.7699999809265137,-1.159999966621399,0.9900000095367432,-0.44099999666213985,0.26949999332427976,-0.4059999883174896,0.3465000033378601,0.0,0.0,0.0,0.0,-1,1,-1,1,0,0,0,0,0,0,0,0
1783308250.7656367,0.0,0.0,0.0,0.0,0.0,0,0.0,0.0,0.0,0.0,1.2599999904632568,-0.7699999809265137,1.159999966621399,-0.9900000095367432,-1.2599999904632568,0.7699999809265137,-1.159999966621399,0.9900000095367432,-0.44099999666213985,0.26949999332427976,-0.4059999883174896,0.3465000033378601,0.0,0.0,0.0,0.0,-1,1,-1,1,0,0,0,0,0,0,0,0
1783308250.785768,0.0,0.0,0.0,0.0,0.0,0,0.0,0.0,0.0,0.0,0.6600000262260437,-0.5400000214576721,0.5899999737739563,-0.6899999976158142,-0.6600000262260437,0.5400000214576721,-0.5899999737739563,0.6899999976158142,-0.23100000917911528,0.18900000751018523,-0.2064999908208847,0.24149999916553497,0.0,0.0,0.0,0.0,-1,1,-1,1,0,0,0,0,0,0,0,0
1783308250.8055909,0.0,0.0,0.0,0.0,0.0,0,0.0,0.0,0.0,0.0,0.6600000262260437,-0.5400000214576721,0.5899999737739563,-0.6899999976158142,-0.6600000262260437,0.5400000214576721,-0.5899999737739563,0.6899999976158142,-0.23100000917911528,0.18900000751018523,-0.2064999908208847,0.24149999916553497,0.0,0.0,0.0,0.0,-1,1,-1,1,0,0,0,0,0,0,0,0
1783308250.825675,0.0,0.0,0.12,0.0,0.0,1,10.225092959257768,-10.225092959257768,10.225092959257768,-10.225092959257768,0.6600000262260437,-0.5400000214576721,0.5899999737739563,-0.6899999976158142,9.565092933031725,-9.685092937800096,9.635092985483812,-9.535092961641954,3.3477825265611036,-3.3897825282300333,3.372282544919334,-3.337282536574684,0.08608583639728552,-0.08716583644020087,0.08671583686935432,-0.08581583665477759,-1,1,-1,1,-18,-18,-18,-18,-21,-21,-21,-21
1783308250.845595,0.0,0.0,0.12,0.0,0.0,1,10.225092959257768,-10.225092959257768,10.225092959257768,-10.225092959257768,0.46000000834465027,-0.3799999952316284,0.4099999964237213,-0.47999998927116394,9.765092950913118,-9.84509296402614,9.815092962834047,-9.745092969986604,3.417782532819591,-3.4457825374091486,3.435282536991916,-3.4107825394953113,0.1739716729555036,-0.17577167311643616,0.17505167353486073,-0.17352167338465702,-1,1,-1,1,-18,-18,-18,-18,-22,-22,-22,-22
1783308250.8656385,0.0,0.0,0.0,0.0,0.0,0,0.0,0.0,0.0,0.0,0.46000000834465027,-0.3799999952316284,0.4099999964237213,-0.47999998927116394,-0.46000000834465027,0.3799999952316284,-0.4099999964237213,0.47999998927116394,-0.16100000292062758,0.13299999833106993,-0.14349999874830244,0.16799999624490736,0.0,0.0,0.0,0.0,-1,1,-1,1,0,0,0,0,0,0,0,0
1783308250.8857806,0.0,0.0,0.0,0.0,0.0,0,0.0,0.0,0.0,0.0,0.550000011920929,-0.49000000953674316,0.5099999904632568,-0.5699999928474426,-0.550000011920929,0.49000000953674316,-0.5099999904632568,0.5699999928474426,-0.19250000417232513,0.17150000333786009,-0.1784999966621399,0.1994999974966049,0.0,0.0,0.0,0.0,-1,1,-1,1,0,0,0,0,0,0,0,0
1783308250.9055874,0.0,0.0,0.0,0.0,0.0,0,0.0,0.0,0.0,0.0,0.550000011920929,-0.49000000953674316,0.5099999904632568,-0.5699999928474426,-0.550000011920929,0.49000000953674316,-0.5099999904632568,0.5699999928474426,-0.19250000417232513,0.17150000333786009,-0.1784999966621399,0.1994999974966049,0.0,0.0,0.0,0.0,-1,1,-1,1,0,0,0,0,0,0,0,0
1783308250.9255798,0.0,0.0,0.0,0.0,0.0,0,0.0,0.0,0.0,0.0,0.550000011920929,-0.49000000953674316,0.5099999904632568,-0.5699999928474426,-0.550000011920929,0.49000000953674316,-0.5099999904632568,0.5699999928474426,-0.19250000417232513,0.17150000333786009,-0.1784999966621399,0.1994999974966049,0.0,0.0,0.0,0.0,-1,1,-1,1,0,0,0,0,0,0,0,0
1783308250.9455934,0.0,0.0,0.0,0.0,0.0,0,0.0,0.0,0.0,0.0,0.6100000143051147,-0.5699999928474426,0.5899999737739563,-0.4000000059604645,-0.6100000143051147,0.5699999928474426,-0.5899999737739563,0.4000000059604645,-0.21350000500679014,0.1994999974966049,-0.2064999908208847,0.14000000208616256,0.0,0.0,0.0,0.0,-1,1,-1,1,0,0,0,0,0,0,0,0
1783308250.9656513,0.0,0.0,0.0,0.0,0.0,0,0.0,0.0,0.0,0.0,0.6100000143051147,-0.5699999928474426,0.5899999737739563,-0.4000000059604645,-0.6100000143051147,0.5699999928474426,-0.5899999737739563,0.4000000059604645,-0.21350000500679014,0.1994999974966049,-0.2064999908208847,0.14000000208616256,0.0,0.0,0.0,0.0,-1,1,-1,1,0,0,0,0,0,0,0,0
1783308250.985643,0.0,0.0,0.0,0.0,0.0,0,0.0,0.0,0.0,0.0,0.4300000071525574,-0.4000000059604645,0.4099999964237213,-0.2800000011920929,-0.4300000071525574,0.4000000059604645,-0.4099999964237213,0.2800000011920929,-0.15050000250339507,0.14000000208616256,-0.14349999874830244,0.0980000004172325,0.0,0.0,0.0,0.0,-1,1,-1,1,0,0,0,0,0,0,0,0
1783308251.0055907,0.0,0.0,0.12,0.0,0.0,1,10.225092959257768,-10.225092959257768,10.225092959257768,-10.225092959257768,0.4300000071525574,-0.4000000059604645,0.4099999964237213,-0.2800000011920929,9.795092952105211,-9.825092953297304,9.815092962834047,-9.945092958065676,3.428282533236824,-3.4387825336540563,3.435282536991916,-3.4807825353229864,0.0881558365689469,-0.08842583657967573,0.08833583666550643,-0.08950583662259108,-1,1,-1,1,-18,-18,-18,-18,-22,-22,-22,-22
1783308251.0255957,0.0,0.0,0.12,0.0,0.0,1,10.225092959257768,-10.225092959257768,10.225092959257768,-10.225092959257768,0.4300000071525574,-0.4000000059604645,0.4099999964237213,-0.2800000011920929,9.795092952105211,-9.825092953297304,9.815092962834047,-9.945092958065676,3.428282533236824,-3.4387825336540563,3.435282536991916,-3.4807825353229864,0.1763116731378938,-0.17685167315935146,0.17667167333101286,-0.17901167324518216,-1,1,-1,1,-18,-18,-18,-18,-22,-22,-22,-22
1783308251.045568,0.0,0.0,0.0,0.0,0.0,0,0.0,0.0,0.0,0.0,0.30000001192092896,-0.2800000011920929,0.28999999165534973,-0.1899999976158142,-0.30000001192092896,0.2800000011920929,-0.28999999165534973,0.1899999976158142,-0.10500000417232513,0.0980000004172325,-0.1014999970793724,0.06649999916553496,0.0,0.0,0.0,0.0,-1,1,-1,1,0,0,0,0,0,0,0,0
1783308251.0657058,0.0,0.0,0.0,0.0,0.0,0,0.0,0.0,0.0,0.0,0.30000001192092896,-0.2800000011920929,0.28999999165534973,-0.1899999976158142,-0.30000001192092896,0.2800000011920929,-0.28999999165534973,0.1899999976158142,-0.10500000417232513,0.0980000004172325,-0.1014999970793724,0.06649999916553496,0.0,0.0,0.0,0.0,-1,1,-1,1,0,0,0,0,0,0,0,0
1783308251.0856428,0.0,0.0,0.0,0.0,0.0,0,0.0,0.0,0.0,0.0,0.4399999976158142,-0.8700000047683716,0.4300000071525574,-0.36000001430511475,-0.4399999976158142,0.8700000047683716,-0.4300000071525574,0.36000001430511475,-0.15399999916553497,0.30450000166893004,-0.15050000250339507,0.12600000500679015,0.0,0.0,0.0,0.0,-1,1,-1,1,0,0,0,0,0,0,0,0
1783308251.105582,0.0,0.0,0.0,0.0,0.0,0,0.0,0.0,0.0,0.0,0.4399999976158142,-0.8700000047683716,0.4300000071525574,-0.36000001430511475,-0.4399999976158142,0.8700000047683716,-0.4300000071525574,0.36000001430511475,-0.15399999916553497,0.30450000166893004,-0.15050000250339507,0.12600000500679015,0.0,0.0,0.0,0.0,-1,1,-1,1,0,0,0,0,0,0,0,0
1783308251.1256444,0.0,0.0,0.0,0.0,0.0,0,0.0,0.0,0.0,0.0,0.4399999976158142,-0.8700000047683716,0.4300000071525574,-0.36000001430511475,-0.4399999976158142,0.8700000047683716,-0.4300000071525574,0.36000001430511475,-0.15399999916553497,0.30450000166893004,-0.15050000250339507,0.12600000500679015,0.0,0.0,0.0,0.0,-1,1,-1,1,0,0,0,0,0,0,0,0
1783308251.1455517,0.0,0.0,0.0,0.0,0.0,0,0.0,0.0,0.0,0.0,0.30000001192092896,-0.6100000143051147,0.30000001192092896,-0.25,-0.30000001192092896,0.6100000143051147,-0.30000001192092896,0.25,-0.10500000417232513,0.21350000500679014,-0.10500000417232513,0.0875,0.0,0.0,0.0,0.0,-1,1,-1,1,0,0,0,0,0,0,0,0
1783308251.165677,0.0,0.0,0.0,0.0,0.0,0,0.0,0.0,0.0,0.0,0.30000001192092896,-0.6100000143051147,0.30000001192092896,-0.25,-0.30000001192092896,0.6100000143051147,-0.30000001192092896,0.25,-0.10500000417232513,0.21350000500679014,-0.10500000417232513,0.0875,0.0,0.0,0.0,0.0,-1,1,-1,1,0,0,0,0,0,0,0,0
1783308251.1856716,0.0,0.0,0.0,0.0,0.0,0,0.0,0.0,0.0,0.0,0.20999999344348907,-0.4300000071525574,0.20999999344348907,-0.18000000715255737,-0.20999999344348907,0.4300000071525574,-0.20999999344348907,0.18000000715255737,-0.07349999770522117,0.15050000250339507,-0.07349999770522117,0.06300000250339508,0.0,0.0,0.0,0.0,-1,1,-1,1,0,0,0,0,0,0,0,0
1783308251.2056756,0.0,0.0,0.0,0.0,0.0,0,0.0,0.0,0.0,0.0,0.20999999344348907,-0.4300000071525574,0.20999999344348907,-0.18000000715255737,-0.20999999344348907,0.4300000071525574,-0.20999999344348907,0.18000000715255737,-0.07349999770522117,0.15050000250339507,-0.07349999770522117,0.06300000250339508,0.0,0.0,0.0,0.0,-1,1,-1,1,0,0,0,0,0,0,0,0
1783308251.2255945,0.0,0.0,0.0,0.0,0.0,0,0.0,0.0,0.0,0.0,0.20999999344348907,-0.4300000071525574,0.20999999344348907,-0.18000000715255737,-0.20999999344348907,0.4300000071525574,-0.20999999344348907,0.18000000715255737,-0.07349999770522117,0.15050000250339507,-0.07349999770522117,0.06300000250339508,0.0,0.0,0.0,0.0,-1,1,-1,1,0,0,0,0,0,0,0,0
1783308251.2455928,0.0,0.0,0.0,0.0,0.0,0,0.0,0.0,0.0,0.0,0.15000000596046448,-0.30000001192092896,0.15000000596046448,-0.11999999731779099,-0.15000000596046448,0.30000001192092896,-0.15000000596046448,0.11999999731779099,-0.05250000208616257,0.10500000417232513,-0.05250000208616257,0.04199999906122684,0.0,0.0,0.0,0.0,-1,1,-1,1,0,0,0,0,0,0,0,0
1783308251.2656682,0.0,0.0,0.0,0.0,0.0,0,0.0,0.0,0.0,0.0,0.15000000596046448,-0.30000001192092896,0.15000000596046448,-0.11999999731779099,-0.15000000596046448,0.30000001192092896,-0.15000000596046448,0.11999999731779099,-0.05250000208616257,0.10500000417232513,-0.05250000208616257,0.04199999906122684,0.0,0.0,0.0,0.0,-1,1,-1,1,0,0,0,0,0,0,0,0
1783308251.2856896,0.0,0.0,0.0,0.0,0.0,0,0.0,0.0,0.0,0.0,0.10000000149011612,-0.20999999344348907,0.10000000149011612,-0.09000000357627869,-0.10000000149011612,0.20999999344348907,-0.10000000149011612,0.09000000357627869,-0.03500000052154064,0.07349999770522117,-0.03500000052154064,0.03150000125169754,0.0,0.0,0.0,0.0,-1,1,-1,1,0,0,0,0,0,0,0,0
1783308251.3056755,0.0,0.0,0.0,0.0,0.0,0,0.0,0.0,0.0,0.0,0.10000000149011612,-0.20999999344348907,0.10000000149011612,-0.09000000357627869,-0.10000000149011612,0.20999999344348907,-0.10000000149011612,0.09000000357627869,-0.03500000052154064,0.07349999770522117,-0.03500000052154064,0.03150000125169754,0.0,0.0,0.0,0.0,-1,1,-1,1,0,0,0,0,0,0,0,0
1783308251.325586,0.0,0.0,0.0,0.0,0.0,0,0.0,0.0,0.0,0.0,0.10000000149011612,-0.20999999344348907,0.10000000149011612,-0.09000000357627869,-0.10000000149011612,0.20999999344348907,-0.10000000149011612,0.09000000357627869,-0.03500000052154064,0.07349999770522117,-0.03500000052154064,0.03150000125169754,0.0,0.0,0.0,0.0,-1,1,-1,1,0,0,0,0,0,0,0,0
1783308251.3456814,0.0,0.0,0.0,0.0,0.0,0,0.0,0.0,0.0,0.0,0.07000000029802322,-0.15000000596046448,0.07000000029802322,-0.05999999865889549,-0.07000000029802322,0.15000000596046448,-0.07000000029802322,0.05999999865889549,-0.024500000104308126,0.05250000208616257,-0.024500000104308126,0.02099999953061342,0.0,0.0,0.0,0.0,-1,1,-1,1,0,0,0,0,0,0,0,0
1783308251.3655953,0.0,0.0,0.0,0.0,0.0,0,0.0,0.0,0.0,0.0,0.07000000029802322,-0.15000000596046448,0.07000000029802322,-0.05999999865889549,-0.07000000029802322,0.15000000596046448,-0.07000000029802322,0.05999999865889549,-0.024500000104308126,0.05250000208616257,-0.024500000104308126,0.02099999953061342,0.0,0.0,0.0,0.0,-1,1,-1,1,0,0,0,0,0,0,0,0
1783308251.3856456,0.0,0.0,0.0,0.0,0.0,0,0.0,0.0,0.0,0.0,0.05000000074505806,-0.10000000149011612,0.05000000074505806,-0.03999999910593033,-0.05000000074505806,0.10000000149011612,-0.05000000074505806,0.03999999910593033,-0.01750000026077032,0.03500000052154064,-0.01750000026077032,0.013999999687075614,0.0,0.0,0.0,0.0,-1,1,-1,1,0,0,0,0,0,0,0,0
1783308251.4055834,0.0,0.0,0.0,0.0,0.0,0,0.0,0.0,0.0,0.0,0.05000000074505806,-0.10000000149011612,0.05000000074505806,-0.03999999910593033,-0.05000000074505806,0.10000000149011612,-0.05000000074505806,0.03999999910593033,-0.01750000026077032,0.03500000052154064,-0.01750000026077032,0.013999999687075614,0.0,0.0,0.0,0.0,-1,1,-1,1,0,0,0,0,0,0,0,0
1783308251.4257417,0.0,0.0,0.0,0.0,0.0,0,0.0,0.0,0.0,0.0,0.05000000074505806,-0.10000000149011612,0.05000000074505806,-0.03999999910593033,-0.05000000074505806,0.10000000149011612,-0.05000000074505806,0.03999999910593033,-0.01750000026077032,0.03500000052154064,-0.01750000026077032,0.013999999687075614,0.0,0.0,0.0,0.0,-1,1,-1,1,0,0,0,0,0,0,0,0
1783308251.4457245,0.0,0.0,0.0,0.0,0.0,0,0.0,0.0,0.0,0.0,0.03999999910593033,-0.07000000029802322,0.03999999910593033,-0.029999999329447746,-0.03999999910593033,0.07000000029802322,-0.03999999910593033,0.029999999329447746,-0.013999999687075614,0.024500000104308126,-0.013999999687075614,0.01049999976530671,0.0,0.0,0.0,0.0,-1,1,-1,1,0,0,0,0,0,0,0,0
1783308251.4655886,0.0,0.0,0.0,0.0,0.0,0,0.0,0.0,0.0,0.0,0.03999999910593033,-0.07000000029802322,0.03999999910593033,-0.029999999329447746,-0.03999999910593033,0.07000000029802322,-0.03999999910593033,0.029999999329447746,-0.013999999687075614,0.024500000104308126,-0.013999999687075614,0.01049999976530671,0.0,0.0,0.0,0.0,-1,1,-1,1,0,0,0,0,0,0,0,0
1783308251.4856544,0.0,0.0,0.0,0.0,0.0,0,0.0,0.0,0.0,0.0,0.029999999329447746,-0.05000000074505806,0.019999999552965164,-0.019999999552965164,-0.029999999329447746,0.05000000074505806,-0.019999999552965164,0.019999999552965164,-0.01049999976530671,0.01750000026077032,-0.006999999843537807,0.006999999843537807,0.0,0.0,0.0,0.0,-1,1,-1,1,0,0,0,0,0,0,0,0
1783308251.5055754,0.0,0.0,0.0,0.0,0.0,0,0.0,0.0,0.0,0.0,0.029999999329447746,-0.05000000074505806,0.019999999552965164,-0.019999999552965164,-0.029999999329447746,0.05000000074505806,-0.019999999552965164,0.019999999552965164,-0.01049999976530671,0.01750000026077032,-0.006999999843537807,0.006999999843537807,0.0,0.0,0.0,0.0,-1,1,-1,1,0,0,0,0,0,0,0,0
1783308251.5256066,0.0,0.0,0.0,0.0,0.0,0,0.0,0.0,0.0,0.0,0.029999999329447746,-0.05000000074505806,0.019999999552965164,-0.019999999552965164,-0.029999999329447746,0.05000000074505806,-0.019999999552965164,0.019999999552965164,-0.01049999976530671,0.01750000026077032,-0.006999999843537807,0.006999999843537807,0.0,0.0,0.0,0.0,-1,1,-1,1,0,0,0,0,0,0,0,0
1783308251.5455842,0.0,0.0,0.0,0.0,0.0,0,0.0,0.0,0.0,0.0,0.019999999552965164,-0.03999999910593033,0.019999999552965164,-0.009999999776482582,-0.019999999552965164,0.03999999910593033,-0.019999999552965164,0.009999999776482582,-0.006999999843537807,0.013999999687075614,-0.006999999843537807,0.0034999999217689036,0.0,0.0,0.0,0.0,-1,1,-1,1,0,0,0,0,0,0,0,0
1783308251.5656278,35.0,0.0,0.0,35.0,0.0,0,10.283857861322469,10.283857861322469,10.283857861322469,10.283857861322469,0.019999999552965164,-0.03999999910593033,0.019999999552965164,-0.009999999776482582,10.263857861769504,10.323857860428399,10.263857861769504,10.293857861098951,3.592350251619326,3.6133502511499396,3.592350251619326,3.6028502513846328,0.09237472075592554,0.0929147207438556,0.09237472075592554,0.09264472074989057,-1,1,-1,1,-13,13,-13,13,-17,17,-17,17
1783308251.5856495,35.0,0.0,0.0,35.0,0.0,0,10.283857861322469,10.283857861322469,10.283857861322469,10.283857861322469,0.009999999776482582,-0.019999999552965164,0.009999999776482582,-0.009999999776482582,10.273857861545986,10.303857860875434,10.273857861545986,10.293857861098951,3.595850251541095,3.6063502513064014,3.595850251541095,3.6028502513846328,0.18483944150983941,0.1856494414917345,0.18483944150983941,0.18528944149978113,-1,1,-1,1,-13,13,-13,13,-17,17,-17,17
1783308251.6058972,35.0,0.0,0.0,35.0,0.0,0,10.283857861322469,10.283857861322469,10.283857861322469,10.283857861322469,0.009999999776482582,-0.019999999552965164,0.009999999776482582,-0.009999999776482582,10.273857861545986,10.303857860875434,10.273857861545986,10.293857861098951,3.595850251541095,3.6063502513064014,3.595850251541095,3.6028502513846328,0.2773041622637533,0.27838416223961343,0.2773041622637533,0.2779341622496717,-1,1,-1,1,-13,13,-13,13,-17,17,-17,17
1783308251.6255655,35.0,0.0,0.0,35.0,0.0,0,10.283857861322469,10.283857861322469,10.283857861322469,10.283857861322469,0.009999999776482582,-0.019999999552965164,0.009999999776482582,-0.009999999776482582,10.273857861545986,10.303857860875434,10.273857861545986,10.293857861098951,3.595850251541095,3.6063502513064014,3.595850251541095,3.6028502513846328,0.3697688830176672,0.37111888298749235,0.3697688830176672,0.37057888299956226,-1,1,-1,1,-13,13,-13,13,-17,17,-17,17
1783308251.6456027,35.0,0.0,0.0,35.0,0.0,0,10.283857861322469,10.283857861322469,10.283857861322469,10.283857861322469,0.23999999463558197,0.8899999856948853,0.23000000417232513,0.6700000166893005,10.043857866686887,9.393857875627583,10.053857857150144,9.613857844633168,3.51535025334041,3.287850256469654,3.51885025000255,3.3648502456216085,0.46016360381784915,0.4556636038681406,0.4602536037320185,0.4571036036012608,-1,1,-1,1,-13,13,-13,13,-17,17,-17,17
1783308251.665692,35.0,0.0,0.0,35.0,0.0,0,10.283857861322469,10.283857861322469,10.283857861322469,10.283857861322469,0.23999999463558197,0.8899999856948853,0.23000000417232513,0.6700000166893005,10.043857866686887,9.393857875627583,10.053857857150144,9.613857844633168,3.51535025334041,3.287850256469654,3.51885025000255,3.3648502456216085,0.5505583246180311,0.5402083247487889,0.5507383244463698,0.5436283242029593,-1,1,-1,1,-13,13,-13,13,-17,17,-17,17
1783308251.6856618,35.0,0.0,0.0,35.0,0.0,0,10.283857861322469,10.283857861322469,10.283857861322469,10.283857861322469,0.6200000047683716,2.430000066757202,0.38999998569488525,1.600000023841858,9.663857856554097,7.853857794565267,9.893857875627583,8.68385783748061,3.3823502497939337,2.7488502280978433,3.462850256469654,3.039350243118214,0.637533045327018,0.6108930448998763,0.6397830453270181,0.6217830447402848,-1,1,-1,1,-13,13,-13,13,-17,16,-17,17
1783308251.7056093,35.0,0.0,0.0,35.0,0.0,0,10.283857861322469,10.283857861322469,10.283857861322469,10.283857861322469,0.6200000047683716,2.430000066757202,0.38999998569488525,1.600000023841858,9.663857856554097,7.853857794565267,9.893857875627583,8.68385783748061,3.3823502497939337,2.7488502280978433,3.462850256469654,3.039350243118214,0.7245077660360049,0.6815777650509637,0.7288277662076664,0.6999377652776103,-1,1,-1,1,-13,13,-13,13,-17,16,-17,17
1783308251.7256129,35.0,0.0,0.0,35.0,0.0,0,10.283857861322469,10.283857861322469,10.283857861322469,10.283857861322469,0.6200000047683716,2.430000066757202,0.38999998569488525,1.600000023841858,9.663857856554097,7.853857794565267,9.893857875627583,8.68385783748061,3.3823502497939337,2.7488502280978433,3.462850256469654,3.039350243118214,0.8114824867449917,0.7522624852020511,0.8178724870883147,0.7780924858149358,-1,1,-1,1,-13,13,-13,13,-17,17,-17,17
1783308251.7457314,35.0,0.0,0.0,35.0,0.0,0,10.283857861322469,10.283857861322469,10.283857861322469,10.283857861322469,1.7899999618530273,3.2899999618530273,2.0799999237060547,2.7100000381469727,8.493857899469441,6.993857899469441,8.203857937616414,7.573857823175496,2.9728502648143045,2.447850264814304,2.8713502781657447,2.6508502381114236,0.8879272078402166,0.815207206297276,0.8917072085268625,0.8462572062235153,-1,1,-1,1,-13,13,-13,13,-17,16,-17,16
1783308251.7656338,35.0,0.0,0.0,35.0,0.0,0,10.283857861322469,10.283857861322469,10.283857861322469,10.283857861322469,1.7899999618530273,3.2899999618530273,2.0799999237060547,2.7100000381469727,8.493857899469441,6.993857899469441,8.203857937616414,7.573857823175496,2.9728502648143045,2.447850264814304,2.8713502781657447,2.6508502381114236,0.9643719289354415,0.878151927392501,0.9655419299654102,0.9144219266320948,-1,1,-1,1,-13,13,-13,13,-17,16,-17,17
1783308251.7856538,35.0,0.0,0.0,35.0,0.0,0,10.283857861322469,10.283857861322469,10.283857861322469,10.283857861322469,3.2899999618530273,4.110000133514404,3.5,3.7100000381469727,6.993857899469441,6.173857727808064,6.783857861322469,6.573857823175496,2.447850264814304,2.160850204732822,2.374350251462864,2.3008502381114235,1.0273166500306665,0.9337166469427736,1.0265966507173125,0.9735866470406742,-1,1,-1,1,-13,13,-13,13,-16,16,-16,16
1783308251.8057845,35.0,0.0,0.0,35.0,0.0,0,10.283857861322469,10.283857861322469,10.283857861322469,10.283857861322469,3.2899999618530273,4.110000133514404,3.5,3.7100000381469727,6.993857899469441,6.173857727808064,6.783857861322469,6.573857823175496,2.447850264814304,2.160850204732822,2.374350251462864,2.3008502381114235,1.0902613711258915,0.9892813664930461,1.0876513714692149,1.0327513674492537,-1,1,-1,1,-13,13,-13,13,-17,16,-16,16
1783308251.8256102,35.0,0.0,0.0,35.0,0.0,0,10.283857861322469,10.283857861322469,10.283857861322469,10.283857861322469,3.2899999618530273,4.110000133514404,3.5,3.7100000381469727,6.993857899469441,6.173857727808064,6.783857861322469,6.573857823175496,2.447850264814304,2.160850204732822,2.374350251462864,2.3008502381114235,1.1532060922211165,1.0448460860433186,1.1487060922211172,1.0919160878578331,-1,1,-1,1,-13,13,-13,13,-17,16,-17,16
1783308251.845593,35.0,0.0,0.0,35.0,0.0,0,10.283857861322469,10.283857861322469,10.283857861322469,10.283857861322469,4.570000171661377,5.139999866485596,4.710000038146973,4.860000133514404,5.713857689661092,5.143857994836873,5.573857823175496,5.423857727808064,1.999850191381382,1.8003502981929054,1.9508502381114234,1.8983502047328225,1.2046308114280664,1.0911408079968505,1.1988708126296967,1.1407308074081057,-1,1,-1,1,-13,13,-13,13,-16,16,-16,16
1783308251.8657193,35.0,0.0,0.0,35.0,0.0,0,10.283857861322469,10.283857861322469,10.283857861322469,10.283857861322469,4.570000171661377,5.139999866485596,4.710000038146973,4.860000133514404,5.713857689661092,5.143857994836873,5.573857823175496,5.423857727808064,1.999850191381382,1.8003502981929054,1.9508502381114234,1.8983502047328225,1.2560555306350163,1.1374355299503824,1.2490355330382763,1.1895455269583783,-1,1,-1,1,-13,13,-13,13,-16,16,-16,16
1783308251.8856776,35.0,0.0,0.0,35.0,0.0,0,10.283857861322469,10.283857861322469,10.283857861322469,10.283857861322469,5.909999847412109,6.090000152587891,6.019999980926514,5.659999847412109,4.373858013910359,4.193857708734578,4.263857880395955,4.623858013910359,1.5308503048686257,1.4678501980571022,1.4923502581385841,1.6183503048686256,1.2954202527602094,1.1751802493289936,1.28741025396184,1.2311602490835716,-1,1,-1,1,-13,13,-13,13,-16,16,-16,16
1783308251.9056,35.0,0.0,0.0,35.0,0.0,0,10.283857861322469,10.283857861322469,10.283857861322469,10.283857861322469,5.909999847412109,6.090000152587891,6.019999980926514,5.659999847412109,4.373858013910359,4.193857708734578,4.263857880395955,4.623858013910359,1.5308503048686257,1.4678501980571022,1.4923502581385841,1.6183503048686256,1.3347849748854026,1.2129249687076047,1.3257849748854036,1.2727749712087648,-1,1,-1,1,-13,13,-13,13,-16,16,-16,16
1783308251.9256387,35.0,0.0,0.0,35.0,0.0,0,10.283857861322469,10.283857861322469,10.283857861322469,10.283857861322469,5.909999847412109,6.090000152587891,6.019999980926514,5.659999847412109,4.373858013910359,4.193857708734578,4.263857880395955,4.623858013910359,1.5308503048686257,1.4678501980571022,1.4923502581385841,1.6183503048686256,1.3741496970105957,1.2506696880862158,1.3641596958089672,1.314389693333958,-1,1,-1,1,-13,13,-13,13,-16,16,-16,16
1783308251.9456437,35.0,0.0,0.0,35.0,0.0,0,10.283857861322469,10.283857861322469,10.283857861322469,10.283857861322469,6.860000133514404,6.53000020980835,7.380000114440918,6.0,3.4238577278080644,3.753857651514119,2.9038577468815507,4.283857861322469,1.1983502047328225,1.3138501780299416,1.0163502114085428,1.499350251462864,1.4049644165608683,1.284454406949843,1.3902944155309012,1.3529444140858602,-1,1,-1,1,-13,13,-13,13,-16,16,-15,16
1783308251.965632,35.0,0.0,0.0,35.0,0.0,0,10.283857861322469,10.283857861322469,10.283857861322469,10.283857861322469,6.860000133514404,6.53000020980835,7.380000114440918,6.0,3.4238577278080644,3.753857651514119,2.9038577468815507,4.283857861322469,1.1983502047328225,1.3138501780299416,1.0163502114085428,1.499350251462864,1.435779136111141,1.31823912581347,1.416429135252835,1.3914991348377623,-1,1,-1,1,-13,13,-13,13,-16,16,-15,16
1783308251.985686,35.0,0.0,0.0,35.0,0.0,0,10.283857861322469,10.283857861322469,10.283857861322469,10.283857861322469,7.739999771118164,7.510000228881836,7.880000114440918,6.920000076293945,2.5438580902043046,2.7738576324406328,2.4038577468815507,3.3638577850285234,0.8903503315715066,0.9708501713542214,0.8413502114085427,1.1773502247599832,1.4586738589229797,1.3432038445054357,1.438063854974769,1.421773854903019,-1,1,-1,1,-13,13,-13,13,-15,15,-15,16
1783308252.0057435,35.0,0.0,0.0,35.0,0.0,0,10.283857861322469,10.283857861322469,10.283857861322469,10.283857861322469,7.739999771118164,7.510000228881836,7.880000114440918,6.920000076293945,2.5438580902043046,2.7738576324406328,2.4038577468815507,3.3638577850285234,0.8903503315715066,0.9708501713542214,0.8413502114085427,1.1773502247599832,1.4815685817348185,1.3681685631974014,1.459698574696703,1.4520485749682757,-1,1,-1,1,-13,13,-13,13,-15,15,-15,16
1783308252.0256116,35.0,0.0,0.0,35.0,0.0,0,10.283857861322469,10.283857861322469,10.283857861322469,10.283857861322469,7.739999771118164,7.510000228881836,7.880000114440918,6.920000076293945,2.5438580902043046,2.7738576324406328,2.4038577468815507,3.3638577850285234,0.8903503315715066,0.9708501713542214,0.8413502114085427,1.1773502247599832,1.5044633045466573,1.3931332818893671,1.481333294418637,1.4823232950335323,-1,1,-1,1,-13,13,-13,13,-15,15,-15,16
1783308252.0456293,35.0,0.0,0.0,35.0,0.0,0,10.283857861322469,10.283857861322469,10.283857861322469,10.283857861322469,8.59000015258789,8.430000305175781,9.140000343322754,8.010000228881836,1.693857708734578,1.8538575561466875,1.1438575179997148,2.2738576324406328,0.5928501980571023,0.6488501446513406,0.40035013129990016,0.7958501713542214,1.5197080239252685,1.4098179998946874,1.4916280120806344,1.502788013725498,-1,1,-1,1,-13,13,-13,13,-15,15,-15,15
1783308252.0656016,35.0,0.0,0.0,35.0,0.0,0,10.283857861322469,10.283857861322469,10.283857861322469,10.283857861322469,8.59000015258789,8.430000305175781,9.140000343322754,8.010000228881836,1.693857708734578,1.8538575561466875,1.1438575179997148,2.2738576324406328,0.5928501980571023,0.6488501446513406,0.40035013129990016,0.7958501713542214,1.5349527433038797,1.4265027179000076,1.5019227297426319,1.5232527324174638,-1,1,-1,1,-13,13,-13,13,-15,15,-15,15
1783308252.0856965,35.0,0.0,0.0,35.0,0.0,0,10.283857861322469,10.283857861322469,10.283857861322469,10.283857861322469,9.640000343322754,9.300000190734863,9.789999961853027,8.779999732971191,0.6438575179997148,0.9838576705876054,0.49385789946944136,1.5038581283512773,0.22535013129990017,0.34435018470566187,0.17285026481430446,0.526350344922947,1.5407474609658771,1.435357436935296,1.5063674508378568,1.5367874555726253,-1,1,-1,1,-13,13,-13,13,-15,15,-15,15
1783308252.1055913,35.0,0.0,0.0,35.0,0.0,0,10.283857861322469,10.283857861322469,10.283857861322469,10.283857861322469,9.640000343322754,9.300000190734863,9.789999961853027,8.779999732971191,0.6438575179997148,0.9838576705876054,0.49385789946944136,1.5038581283512773,0.22535013129990017,0.34435018470566187,0.17285026481430446,0.526350344922947,1.5465421786278746,1.4442121559705843,1.5108121719330818,1.5503221787277868,-1,1,-1,1,-13,13,-13,13,-15,15,-15,15
1783308252.1256392,35.0,0.0,0.0,35.0,0.0,0,10.283857861322469,10.283857861322469,10.283857861322469,10.283857861322469,9.640000343322754,9.300000190734863,9.789999961853027,8.779999732971191,0.6438575179997148,0.9838576705876054,0.49385789946944136,1.5038581283512773,0.22535013129990017,0.34435018470566187,0.17285026481430446,0.526350344922947,1.552336896289872,1.4530668750058726,1.5152568930283068,1.5638569018829482,-1,1,-1,1,-13,13,-13,13,-15,15,-15,15
1783308252.1456742,35.0,0.0,0.0,35.0,0.0,0,10.283857861322469,10.283857861322469,10.283857861322469,10.283857861322469,10.369999885559082,9.899999618530273,10.029999732971191,9.770000457763672,-0.08614202423661332,0.38385824279219527,0.2538581283512773,0.5138574035587968,-0.03014970848281466,0.13435038497726834,0.08885034492294705,0.17985009124557888,1.5515616180717424,1.4565215991910023,1.5175416161834683,1.5684816185149775,-1,1,-1,1,-13,13,-13,13,-15,15,-15,15
1783308252.165584,35.0,0.0,0.0,35.0,0.0,0,10.283857861322469,10.283857861322469,10.283857861322469,10.283857861322469,10.369999885559082,9.899999618530273,10.029999732971191,9.770000457763672,-0.08614202423661332,0.38385824279219527,0.2538581283512773,0.5138574035587968,-0.03014970848281466,0.13435038497726834,0.08885034492294705,0.17985009124557888,1.5507863398536128,1.459976323376132,1.5198263393386298,1.5731063351470067,-1,1,-1,1,-13,13,-13,13,-15,15,-15,15
1783308252.185815,35.0,0.0,0.0,35.0,0.0,0,10.283857861322469,10.283857861322469,10.283857861322469,10.283857861322469,10.649999618530273,10.779999732971191,10.640000343322754,10.90999984741211,-0.36614175720780473,-0.4961418716487227,-0.3561424820002852,-0.6261419860896407,-0.12814961502273164,-0.17364965507705293,-0.12464986870009981,-0.21914969513137422,1.5474910640387425,1.4555110465312935,1.516621057000627,1.5674710572722,-1,1,-1,1,-13,13,-13,13,-14,14,-14,14
1783308252.2056339,35.0,0.0,0.0,35.0,0.0,0,10.283857861322469,10.283857861322469,10.283857861322469,10.283857861322469,10.649999618530273,10.779999732971191,10.640000343322754,10.90999984741211,-0.36614175720780473,-0.4961418716487227,-0.3561424820002852,-0.6261419860896407,-0.12814961502273164,-0.17364965507705293,-0.12464986870009981,-0.21914969513137422,1.5441957882238722,1.451045769686455,1.5134157746626244,1.5618357793973932,-1,1,-1,1,-13,13,-13,13,-14,14,-14,14
1783308252.225595,35.0,0.0,0.0,35.0,0.0,0,10.283857861322469,10.283857861322469,10.283857861322469,10.283857861322469,10.649999618530273,10.779999732971191,10.640000343322754,10.90999984741211,-0.36614175720780473,-0.4961418716487227,-0.3561424820002852,-0.6261419860896407,-0.12814961502273164,-0.17364965507705293,-0.12464986870009981,-0.21914969513137422,1.5409005124090018,1.4465804928416164,1.5102104923246218,1.5562005015225864,-1,1,-1,1,-13,13,-13,13,-14,14,-14,14
1783308252.245604,35.0,0.0,0.0,35.0,0.0,0,10.283857861322469,10.283857861322469,10.283857861322469,10.283857861322469,11.3100004196167,11.170000076293945,11.300000190734863,11.260000228881836,-1.0261425582942305,-0.8861422149714766,-1.0161423294123946,-0.9761423675593672,-0.35914989540298065,-0.3101497752400168,-0.3556498152943381,-0.34164982864577853,1.5316652293843538,1.4386052129068732,1.5010652113599103,1.5474152202145521,-1,1,-1,1,-13,13,-13,13,-14,14,-14,14
1783308252.2655833,35.0,0.0,0.0,35.0,0.0,0,10.283857861322469,10.283857861322469,10.283857861322469,10.283857861322469,11.3100004196167,11.170000076293945,11.300000190734863,11.260000228881836,-1.0261425582942305,-0.8861422149714766,-1.0161423294123946,-0.9761423675593672,-0.35914989540298065,-0.3101497752400168,-0.3556498152943381,-0.34164982864577853,1.5224299463597057,1.43062993297213,1.4919199303951989,1.538629938906518,-1,1,-1,1,-13,13,-13,13,-14,14,-14,14
1783308252.2856684,35.0,0.0,0.0,35.0,0.0,0,10.283857861322469,10.283857861322469,10.283857861322469,10.283857861322469,11.760000228881836,11.890000343322754,11.079999923706055,11.729999542236328,-1.4761423675593672,-1.6061424820002852,-0.796142062383586,-1.4461416809138594,-0.5166498286457785,-0.5621498687000998,-0.27864972183425507,-0.5061495883198508,1.5091446650516713,1.4161746506341273,1.4847546518337467,1.5256146637782932,-1,1,-1,1,-13,13,-13,13,-14,14,-14,14
1783308252.30563,35.0,0.0,0.0,35.0,0.0,0,10.283857861322469,10.283857861322469,10.283857861322469,10.283857861322469,11.760000228881836,11.890000343322754,11.079999923706055,11.729999542236328,-1.4761423675593672,-1.6061424820002852,-0.796142062383586,-1.4461416809138594,-0.5166498286457785,-0.5621498687000998,-0.27864972183425507,-0.5061495883198508,1.495859383743637,1.4017193682961246,1.4775893732722944,1.5125993886500686,-1,1,-1,1,-13,13,-13,13,-14,14,-14,14
1783308252.3256605,35.0,0.0,0.0,35.0,0.0,0,10.283857861322469,10.283857861322469,10.283857861322469,10.283857861322469,11.760000228881836,11.890000343322754,11.079999923706055,11.729999542236328,-1.4761423675593672,-1.6061424820002852,-0.796142062383586,-1.4461416809138594,-0.5166498286457785,-0.5621498687000998,-0.27864972183425507,-0.5061495883198508,1.4825741024356025,1.387264085958122,1.4704240947108422,1.499584113521844,-1,1,-1,1,-13,13,-13,13,-14,14,-14,14
1783308252.3455868,35.0,0.0,0.0,35.0,0.0,0,10.283857861322469,10.283857861322469,10.283857861322469,10.283857861322469,12.3100004196167,11.949999809265137,11.829999923706055,12.289999961853027,-2.0261425582942305,-1.666141947942668,-1.546142062383586,-2.0061421005305586,-0.7091498954029807,-0.5831496817799338,-0.541149721834255,-0.7021497351856955,1.4643388194109543,1.372268808426638,1.45650881614939,1.481528834617069,-1,1,-1,1,-13,13,-13,13,-14,14,-14,14
1783308252.365827,35.0,0.0,0.0,35.0,0.0,0,10.283857861322469,10.283857861322469,10.283857861322469,10.283857861322469,12.3100004196167,11.949999809265137,11.829999923706055,12.289999961853027,-2.0261425582942305,-1.666141947942668,-1.546142062383586,-2.0061421005305586,-0.7091498954029807,-0.5831496817799338,-0.541149721834255,-0.7021497351856955,1.4461035363863062,1.3572735308951538,1.4425935375879377,1.463473555712294,-1,1,-1,1,-13,13,-13,13,-14,14,-14,14
1783308252.385768,35.0,0.0,0.0,35.0,0.0,0,10.283857861322469,10.283857861322469,10.283857861322469,10.283857861322469,12.6899995803833,11.989999771118164,12.359999656677246,12.449999809265137,-2.406141719060832,-1.7061419097956954,-2.0761417953547774,-2.166141947942668,-0.8421496016712912,-0.5971496684284934,-0.726649628374172,-0.7581496817799338,1.4244482609147586,1.3419182537069925,1.4239082614297447,1.44397827818081,-1,1,-1,1,-13,13,-13,13,-14,14,-14,14
1783308252.4055865,35.0,0.0,0.0,35.0,0.0,0,10.283857861322469,10.283857861322469,10.283857861322469,10.283857861322469,12.6899995803833,11.989999771118164,12.359999656677246,12.449999809265137,-2.406141719060832,-1.7061419097956954,-2.0761417953547774,-2.166141947942668,-0.8421496016712912,-0.5971496684284934,-0.726649628374172,-0.7581496817799338,1.402792985443211,1.3265629765188311,1.4052229852715517,1.4244830006493259,-1,1,-1,1,-13,13,-13,13,-14,14,-14,14
1783308252.4255953,35.0,0.0,0.0,35.0,0.0,0,10.283857861322469,10.283857861322469,10.283857861322469,10.283857861322469,12.6899995803833,11.989999771118164,12.359999656677246,12.449999809265137,-2.406141719060832,-1.7061419097956954,-2.0761417953547774,-2.166141947942668,-0.8421496016712912,-0.5971496684284934,-0.726649628374172,-0.7581496817799338,1.3811377099716635,1.3112076993306698,1.3865377091133586,1.4049877231178418,-1,1,-1,1,-13,13,-13,13,-14,14,-14,14
1783308252.445589,35.0,0.0,0.0,35.0,0.0,0,10.283857861322469,10.283857861322469,10.283857861322469,10.283857861322469,13.1899995803833,12.010000228881836,12.270000457763672,12.5600004196167,-2.906141719060832,-1.7261423675593672,-1.9861425964412032,-2.2761425582942305,-1.017149601671291,-0.6041498286457785,-0.6951499087544211,-0.7966498954029806,1.354982434500116,1.2956724180226356,1.3686624257453879,1.3845024400931938,-1,1,-1,1,-13,13,-13,13,-13,14,-14,14
1783308252.465614,35.0,0.0,0.0,35.0,0.0,0,10.283857861322469,10.283857861322469,10.283857861322469,10.283857861322469,13.1899995803833,12.010000228881836,12.270000457763672,12.5600004196167,-2.906141719060832,-1.7261423675593672,-1.9861425964412032,-2.2761425582942305,-1.017149601671291,-0.6041498286457785,-0.6951499087544211,-0.7966498954029806,1.3288271590285685,1.2801371367146013,1.3507871423774171,1.3640171570685458,-1,1,-1,1,-13,13,-13,13,-13,14,-14,14
1783308252.4856656,35.0,0.0,0.0,35.0,0.0,0,10.283857861322469,10.283857861322469,10.283857861322469,10.283857861322469,13.3100004196167,12.029999732971191,12.670000076293945,12.869999885559082,-3.0261425582942305,-1.7461418716487227,-2.3861422149714766,-2.5861420242366133,-1.0591498954029805,-0.6111496550770529,-0.8351497752400168,-0.9051497084828146,1.3015918760039205,1.2644218598697627,1.3293118624426739,1.3407418788504162,-1,1,-1,1,-13,13,-13,13,-13,14,-13,13
1783308252.5056653,35.0,0.0,0.0,35.0,0.0,0,10.283857861322469,10.283857861322469,10.283857861322469,10.283857861322469,13.3100004196167,12.029999732971191,12.670000076293945,12.869999885559082,-3.0261425582942305,-1.7461418716487227,-2.3861422149714766,-2.5861420242366133,-1.0591498954029805,-0.6111496550770529,-0.8351497752400168,-0.9051497084828146,1.2743565929792724,1.2487065830249242,1.3078365825079306,1.3174666006322866,-1,1,-1,1,-13,13,-13,13,-13,14,-13,13
1783308252.5256023,35.0,0.0,0.0,35.0,0.0,0,10.283857861322469,10.283857861322469,10.283857861322469,10.283857861322469,13.3100004196167,12.029999732971191,12.670000076293945,12.869999885559082,-3.0261425582942305,-1.7461418716487227,-2.3861422149714766,-2.5861420242366133,-1.0591498954029805,-0.6111496550770529,-0.8351497752400168,-0.9051497084828146,1.2471213099546243,1.2329913061800857,1.2863613025731873,1.294191322414157,-1,1,-1,1,-13,13,-13,13,-13,14,-13,13
1783308252.5458274,35.0,0.0,0.0,35.0,0.0,0,10.283857861322469,10.283857861322469,10.283857861322469,10.283857861322469,13.390000343322754,12.5,12.489999771118164,12.630000114440918,-3.106142482000285,-2.2161421386775313,-2.2061419097956954,-2.3461422531184493,-1.0871498687000998,-0.7756497485371359,-0.7721496684284933,-0.8211497885914572,1.2191660276166219,1.2130460269319878,1.266506025385026,1.273076042136091,-1,1,-1,1,-13,13,-13,13,-13,13,-13,13
1783308252.5657308,35.0,0.0,0.0,35.0,0.0,0,10.283857861322469,10.283857861322469,10.283857861322469,10.283857861322469,13.390000343322754,12.5,12.489999771118164,12.630000114440918,-3.106142482000285,-2.2161421386775313,-2.2061419097956954,-2.3461422531184493,-1.0871498687000998,-0.7756497485371359,-0.7721496684284933,-0.8211497885914572,1.1912107452786194,1.19310074768389,1.2466507481968647,1.2519607618580249,-1,1,-1,1,-13,13,-13,13,-13,13,-13,13
1783308252.585686,35.0,0.0,0.0,35.0,0.0,0,10.283857861322469,10.283857861322469,10.283857861322469,10.283857861322469,13.449999809265137,12.369999885559082,12.359999656677246,13.140000343322754,-3.166141947942668,-2.0861420242366133,-2.0761417953547774,-2.856142482000285,-1.1081496817799337,-0.7301497084828146,-0.726649628374172,-0.9996498687000998,1.1627154677471354,1.1743254694657606,1.2279654720386717,1.2262554795200222,-1,1,-1,1,-13,13,-13,13,-13,13,-14,13
1783308252.6056366,35.0,0.0,0.0,35.0,0.0,0,10.283857861322469,10.283857861322469,10.283857861322469,10.283857861322469,13.449999809265137,12.369999885559082,12.359999656677246,13.140000343322754,-3.166141947942668,-2.0861420242366133,-2.0761417953547774,-2.856142482000285,-1.1081496817799337,-0.7301497084828146,-0.726649628374172,-0.9996498687000998,1.1342201902156515,1.155550191247631,1.2092801958804786,1.2005501971820196,-1,1,-1,1,-13,13,-13,13,-13,13,-13,13
1783308252.6255844,35.0,0.0,0.0,35.0,0.0,0,10.283857861322469,10.283857861322469,10.283857861322469,10.283857861322469,13.449999809265137,12.369999885559082,12.359999656677246,13.140000343322754,-3.166141947942668,-2.0861420242366133,-2.0761417953547774,-2.856142482000285,-1.1081496817799337,-0.7301497084828146,-0.726649628374172,-0.9996498687000998,1.1057249126841675,1.1367749130295013,1.1905949197222856,1.174844914844017,-1,1,-1,1,-13,13,-13,13,-13,13,-13,13
1783308252.645598,35.0,0.0,0.0,35.0,0.0,0,10.283857861322469,10.283857861322469,10.283857861322469,10.283857861322469,13.260000228881836,12.739999771118164,12.729999542236328,13.5,-2.9761423675593672,-2.4561419097956954,-2.4461416809138594,-3.2161421386775313,-1.0416498286457785,-0.8596496684284933,-0.8561495883198508,-1.125649748537136,1.0789396313761332,1.11466963584134,1.1685796445940608,1.1458996355959192,-1,1,-1,1,-13,13,-13,13,-13,13,-13,13
1783308252.6655982,35.0,0.0,0.0,35.0,0.0,0,10.283857861322469,10.283857861322469,10.283857861322469,10.283857861322469,13.260000228881836,12.739999771118164,12.729999542236328,13.5,-2.9761423675593672,-2.4561419097956954,-2.4461416809138594,-3.2161421386775313,-1.0416498286457785,-0.8596496684284933,-0.8561495883198508,-1.125649748537136,1.052154350068099,1.0925643586531786,1.146564369465836,1.1169543563478215,-1,1,-1,1,-13,13,-13,13,-13,13,-13,13
1783308252.685645,35.0,0.0,0.0,35.0,0.0,0,10.283857861322469,10.283857861322469,10.283857861322469,10.283857861322469,13.359999656677246,13.220000267028809,12.760000228881836,13.300000190734863,-3.0761417953547774,-2.93614240570634,-2.4761423675593672,-3.0161423294123946,-1.076649628374172,-1.0276498419972189,-0.8666498286457784,-1.055649815294338,1.024469073909906,1.0661390770018215,1.1242790881578018,1.08980907538311,-1,1,-1,1,-13,13,-13,13,-13,13,-13,13
1783308252.7055984,35.0,0.0,0.0,35.0,0.0,0,10.283857861322469,10.283857861322469,10.283857861322469,10.283857861322469,13.359999656677246,13.220000267028809,12.760000228881836,13.300000190734863,-3.0761417953547774,-2.93614240570634,-2.4761423675593672,-3.0161423294123946,-1.076649628374172,-1.0276498419972189,-0.8666498286457784,-1.055649815294338,0.996783797751713,1.0397137953504645,1.1019938068497674,1.0626637944183985,-1,1,-1,1,-13,13,-13,13,-13,13,-13,13
1783308252.7256844,35.0,0.0,0.0,35.0,0.0,0,10.283857861322469,10.283857861322469,10.283857861322469,10.283857861322469,13.359999656677246,13.220000267028809,12.760000228881836,13.300000190734863,-3.0761417953547774,-2.93614240570634,-2.4761423675593672,-3.0161423294123946,-1.076649628374172,-1.0276498419972189,-0.8666498286457784,-1.055649815294338,0.96909852159352,1.0132885136991074,1.0797085255417331,1.035518513453687,-1,1,-1,1,-13,13,-13,13,-13,13,-13,13
1783308252.7456093,35.0,0.0,0.0,35.0,0.0,0,10.283857861322469,10.283857861322469,10.283857861322469,10.283857861322469,13.649999618530273,13.100000381469727,12.5600004196167,14.069999694824219,-3.3661417572078047,-2.816142520147258,-2.2761425582942305,-3.78614183350175,-1.1781496150227315,-0.9856498820515401,-0.7966498954029806,-1.3251496417256123,0.9388032457786497,0.9879432310177821,1.059223242517085,1.0014432369521713,-1,1,-1,1,-13,13,-13,13,-13,13,-13,13
1783308252.7655902,35.0,0.0,0.0,35.0,0.0,0,10.283857861322469,10.283857861322469,10.283857861322469,10.283857861322469,13.649999618530273,13.100000381469727,12.5600004196167,14.069999694824219,-3.3661417572078047,-2.816142520147258,-2.2761425582942305,-3.78614183350175,-1.1781496150227315,-0.9856498820515401,-0.7966498954029806,-1.3251496417256123,0.9085079699637795,0.9625979483364568,1.038737959492437,0.9673679604506555,-1,1,-1,1,-13,13,-13,13,-13,13,-13,13
1783308252.7856128,35.0,0.0,0.0,35.0,0.0,0,10.283857861322469,10.283857861322469,10.283857861322469,10.283857861322469,13.630000114440918,13.020000457763672,13.319999694824219,13.239999771118164,-3.3461422531184493,-2.736142596441203,-3.03614183350175,-2.9561419097956954,-1.1711497885914572,-0.957649908754421,-1.0626496417256124,-1.0346496684284934,0.8783926896857134,0.937972664968486,1.0114126829909214,0.9407626832624942,-1,1,-1,1,-13,13,-13,13,-13,13,-13,13
1783308252.8056026,35.0,0.0,0.0,35.0,0.0,0,10.283857861322469,10.283857861322469,10.283857861322469,10.283857861322469,13.630000114440918,13.020000457763672,13.319999694824219,13.239999771118164,-3.3461422531184493,-2.736142596441203,-3.03614183350175,-2.9561419097956954,-1.1711497885914572,-0.957649908754421,-1.0626496417256124,-1.0346496684284934,0.8482774094076473,0.9133473816005151,0.9840874064894056,0.9141574060743329,-1,1,-1,1,-13,13,-13,13,-13,13,-13,13
1783308252.8256047,35.0,0.0,0.0,35.0,0.0,0,10.283857861322469,10.283857861322469,10.283857861322469,10.283857861322469,13.630000114440918,13.020000457763672,13.319999694824219,13.239999771118164,-3.3461422531184493,-2.736142596441203,-3.03614183350175,-2.9561419097956954,-1.1711497885914572,-0.957649908754421,-1.0626496417256124,-1.0346496684284934,0.8181621291295812,0.8887220982325442,0.9567621299878899,0.8875521288861716,-1,1,-1,1,-13,13,-13,13,-13,13,-13,13
1783308252.845628,35.0,0.0,0.0,35.0,0.0,0,10.283857861322469,10.283857861322469,10.283857861322469,10.283857861322469,13.84000015258789,12.960000038146973,13.619999885559082,13.119999885559082,-3.556142291265422,-2.676142176824504,-3.3361420242366133,-2.8361420242366133,-1.2446498019428975,-0.9366497618885763,-1.1676497084828146,-0.9926497084828146,0.7861568485081925,0.8646368186411237,0.9267368517697604,0.8620268506680421,-1,1,-1,1,-13,13,-13,13,-13,13,-13,13
1783308252.865583,35.0,0.0,0.0,35.0,0.0,0,10.283857861322469,10.283857861322469,10.283857861322469,10.283857861322469,13.84000015258789,12.960000038146973,13.619999885559082,13.119999885559082,-3.556142291265422,-2.676142176824504,-3.3361420242366133,-2.8361420242366133,-1.2446498019428975,-0.9366497618885763,-1.1676497084828146,-0.9926497084828146,0.7541515678868036,0.8405515390497031,0.8967115735516309,0.8365015724499125,-1,1,-1,1,-13,13,-13,13,-13,13,-13,13
1783308252.885826,35.0,0.0,0.0,35.0,0.0,0,10.283857861322469,10.283857861322469,10.283857861322469,10.283857861322469,13.989999771118164,12.920000076293945,13.390000343322754,13.260000228881836,-3.7061419097956954,-2.6361422149714766,-3.106142482000285,-2.9761423675593672,-1.2971496684284933,-0.9226497752400168,-1.0871498687000998,-1.0416498286457785,0.7207962906986424,0.8168262591149599,0.8687562912136283,0.8097162911418783,-1,1,-1,1,-13,13,-13,13,-12,13,-13,13
1783308252.9056082,35.0,0.0,0.0,35.0,0.0,0,10.283857861322469,10.283857861322469,10.283857861322469,10.283857861322469,13.989999771118164,12.920000076293945,13.390000343322754,13.260000228881836,-3.7061419097956954,-2.6361422149714766,-3.106142482000285,-2.9761423675593672,-1.2971496684284933,-0.9226497752400168,-1.0871498687000998,-1.0416498286457785,0.6874410135104811,0.7931009791802166,0.8408010088756257,0.782931009833844,-1,1,-1,1,-13,13,-13,13,-12,13,-13,13
1783308252.9256277,35.0,0.0,0.0,35.0,0.0,0,10.283857861322469,10.283857861322469,10.283857861322469,10.283857861322469,13.989999771118164,12.920000076293945,13.390000343322754,13.260000228881836,-3.7061419097956954,-2.6361422149714766,-3.106142482000285,-2.9761423675593672,-1.2971496684284933,-0.9226497752400168,-1.0871498687000998,-1.0416498286457785,0.6540857363223199,0.7693756992454733,0.8128457265376231,0.7561457285258097,-1,1,-1,1,-13,13,-13,13,-12,13,-13,13
1783308252.9456737,35.0,0.0,0.0,35.0,0.0,0,10.283857861322469,10.283857861322469,10.283857861322469,10.283857861322469,13.869999885559082,12.670000076293945,13.670000076293945,12.899999618530273,-3.5861420242366133,-2.3861422149714766,-3.3861422149714766,-2.6161417572078047,-1.2551497084828145,-0.8351497752400168,-1.1851497752400166,-0.9156496150227316,0.6218104581041904,0.74790041931073,0.7823704466028798,0.7326004527109395,-1,1,-1,1,-13,13,-13,13,-12,13,-13,13
1783308252.965631,35.0,0.0,0.0,35.0,0.0,0,10.283857861322469,10.283857861322469,10.283857861322469,10.283857861322469,13.869999885559082,12.670000076293945,13.670000076293945,12.899999618530273,-3.5861420242366133,-2.3861422149714766,-3.3861422149714766,-2.6161417572078047,-1.2551497084828145,-0.8351497752400168,-1.1851497752400166,-0.9156496150227316,0.589535179886061,0.7264251393759867,0.7518951666681365,0.7090551768960693,-1,1,-1,1,-13,13,-13,13,-12,13,-13,13
1783308252.9858198,35.0,0.0,0.0,35.0,0.0,0,10.283857861322469,10.283857861322469,10.283857861322469,10.283857861322469,13.789999961853027,12.260000228881836,13.1899995803833,12.430000305175781,-3.5061421005305586,-1.9761423675593672,-2.906141719060832,-2.1461424438533125,-1.2271497351856955,-0.6916498286457785,-1.017149601671291,-0.7511498553486593,0.5579799009812859,0.7086398580679525,0.725739891196589,0.6897398949013895,-1,1,-1,1,-13,13,-13,13,-12,13,-13,13
1783308253.005604,35.0,0.0,0.0,35.0,0.0,0,10.283857861322469,10.283857861322469,10.283857861322469,10.283857861322469,13.789999961853027,12.260000228881836,13.1899995803833,12.430000305175781,-3.5061421005305586,-1.9761423675593672,-2.906141719060832,-2.1461424438533125,-1.2271497351856955,-0.6916498286457785,-1.017149601671291,-0.7511498553486593,0.5264246220765109,0.6908545767599181,0.6995846157250415,0.6704246129067097,-1,1,-1,1,-13,13,-13,13,-12,13,-13,13
1783308253.0257647,35.0,0.0,0.0,35.0,0.0,0,10.283857861322469,10.283857861322469,10.283857861322469,10.283857861322469,13.789999961853027,12.260000228881836,13.1899995803833,12.430000305175781,-3.5061421005305586,-1.9761423675593672,-2.906141719060832,-2.1461424438533125,-1.2271497351856955,-0.6916498286457785,-1.017149601671291,-0.7511498553486593,0.4948693431717358,0.6730692954518838,0.673429340253494,0.6511093309120299,-1,1,-1,1,-13,13,-13,13,-12,13,-13,13
1783308253.0456114,35.0,0.0,0.0,35.0,0.0,0,10.283857861322469,10.283857861322469,10.283857861322469,10.283857861322469,13.270000457763672,12.430000305175781,13.3100004196167,12.550000190734863,-2.986142596441203,-2.1461424438533125,-3.0261425582942305,-2.2661423294123946,-1.0451499087544212,-0.7511498553486593,-1.0591498954029805,-0.793149815294338,0.46799405980376496,0.653754013457204,0.6461940572288459,0.6307140499473184,-1,1,-1,1,-13,13,-13,13,-12,13,-13,13
1783308253.065605,35.0,0.0,0.0,35.0,0.0,0,10.283857861322469,10.283857861322469,10.283857861322469,10.283857861322469,13.270000457763672,12.430000305175781,13.3100004196167,12.550000190734863,-2.986142596441203,-2.1461424438533125,-3.0261425582942305,-2.2661423294123946,-1.0451499087544212,-0.7511498553486593,-1.0591498954029805,-0.793149815294338,0.4411187764357941,0.6344387314625242,0.6189587742041979,0.6103187689826068,-1,1,-1,1,-13,13,-13,13,-12,13,-13,13
1783308253.0856712,35.0,0.0,0.0,35.0,0.0,0,10.283857861322469,10.283857861322469,10.283857861322469,10.283857861322469,13.369999885559082,12.329999923706055,13.170000076293945,12.40999984741211,-3.0861420242366133,-2.046142062383586,-2.8861422149714766,-2.1261419860896407,-1.0801497084828147,-0.7161497218342551,-1.0101497752400168,-0.7441496951313742,0.4133434982176646,0.6160234529010719,0.5929834942694546,0.5911834911078001,-1,1,-1,1,-13,13,-13,13,-12,13,-13,13
1783308253.1055937,35.0,0.0,0.0,35.0,0.0,0,10.283857861322469,10.283857861322469,10.283857861322469,10.283857861322469,13.369999885559082,12.329999923706055,13.170000076293945,12.40999984741211,-3.0861420242366133,-2.046142062383586,-2.8861422149714766,-2.1261419860896407,-1.0801497084828147,-0.7161497218342551,-1.0101497752400168,-0.7441496951313742,0.38556821999953506,0.5976081743396195,0.5670082143347114,0.5720482132329934,-1,1,-1,1,-13,13,-13,13,-12,13,-13,13
1783308253.125713,35.0,0.0,0.0,35.0,0.0,0,10.283857861322469,10.283857861322469,10.283857861322469,10.283857861322469,13.369999885559082,12.329999923706055,13.170000076293945,12.40999984741211,-3.0861420242366133,-2.046142062383586,-2.8861422149714766,-2.1261419860896407,-1.0801497084828147,-0.7161497218342551,-1.0101497752400168,-0.7441496951313742,0.3577929417814055,0.5791928957781672,0.5410329343999681,0.5529129353581866,-1,1,-1,1,-13,13,-13,13,-12,13,-13,13
1783308253.14561,35.0,0.0,0.0,35.0,0.0,0,10.283857861322469,10.283857861322469,10.283857861322469,10.283857861322469,13.210000038146973,11.800000190734863,12.84000015258789,12.079999923706055,-2.926142176824504,-1.5161423294123946,-2.556142291265422,-1.796142062383586,-1.0241497618885764,-0.5306498152943381,-0.8946498019428976,-0.628649721834255,0.331457662189985,0.5655476148134557,0.5180276537785793,0.5367476567967344,-1,1,-1,1,-13,13,-13,13,-12,13,-13,13
1783308253.165706,35.0,0.0,0.0,35.0,0.0,0,10.283857861322469,10.283857861322469,10.283857861322469,10.283857861322469,13.210000038146973,11.800000190734863,12.84000015258789,12.079999923706055,-2.926142176824504,-1.5161423294123946,-2.556142291265422,-1.796142062383586,-1.0241497618885764,-0.5306498152943381,-0.8946498019428976,-0.628649721834255,0.3051223825985645,0.5519023338487442,0.4950223731571905,0.5205823782352822,-1,1,-1,1,-13,13,-13,13,-12,13,-13,13
1783308253.1856813,35.0,0.0,0.0,35.0,0.0,0,10.283857861322469,10.283857861322469,10.283857861322469,10.283857861322469,13.09000015258789,11.880000114440918,12.84000015258789,11.850000381469727,-2.806142291265422,-1.5961422531184493,-2.556142291265422,-1.5661425201472579,-0.9821498019428976,-0.5586497885914572,-0.8946498019428976,-0.5481498820515402,0.2798671019771757,0.5375370535706782,0.4720170925358017,0.5064870955539569,-1,1,-1,1,-13,13,-13,13,-12,13,-13,13
1783308253.2057607,35.0,0.0,0.0,35.0,0.0,0,10.283857861322469,10.283857861322469,10.283857861322469,10.283857861322469,13.09000015258789,11.880000114440918,12.84000015258789,11.850000381469727,-2.806142291265422,-1.5961422531184493,-2.556142291265422,-1.5661425201472579,-0.9821498019428976,-0.5586497885914572,-0.8946498019428976,-0.5481498820515402,0.25461182135578686,0.5231717732926121,0.4490118119144129,0.49239181287263156,-1,1,-1,1,-13,13,-13,13,-12,13,-13,13
1783308253.2257001,35.0,0.0,0.0,35.0,0.0,0,10.283857861322469,10.283857861322469,10.283857861322469,10.283857861322469,13.09000015258789,11.880000114440918,12.84000015258789,11.850000381469727,-2.806142291265422,-1.5961422531184493,-2.556142291265422,-1.5661425201472579,-0.9821498019428976,-0.5586497885914572,-0.8946498019428976,-0.5481498820515402,0.22935654073439807,0.5088064930145461,0.4260065312930241,0.47829653019130625,-1,1,-1,1,-13,13,-13,13,-12,13,-13,13
1783308253.2456243,35.0,0.0,0.0,35.0,0.0,0,10.283857861322469,10.283857861322469,10.283857861322469,10.283857861322469,13.010000228881836,11.489999771118164,12.380000114440918,11.470000267028809,-2.7261423675593672,-1.2061419097956954,-2.0961422531184493,-1.1861424057063399,-0.9541498286457785,-0.42214966842849333,-0.7336497885914572,-0.41514984199721894,0.20482125942636376,0.4979512158263848,0.40714125101495807,0.4676212485399492,-1,1,-1,1,-13,13,-13,13,-12,13,-13,13
1783308253.2657206,35.0,0.0,0.0,35.0,0.0,0,10.283857861322469,10.283857861322469,10.283857861322469,10.283857861322469,13.010000228881836,11.489999771118164,12.380000114440918,11.470000267028809,-2.7261423675593672,-1.2061419097956954,-2.0961422531184493,-1.1861424057063399,-0.9541498286457785,-0.42214966842849333,-0.7336497885914572,-0.41514984199721894,0.18028597811832944,0.48709593863822354,0.388275970736892,0.4569459668885921,-1,1,-1,1,-13,13,-13,13,-12,13,-13,13
1783308253.2856655,35.0,0.0,0.0,35.0,0.0,0,10.283857861322469,10.283857861322469,10.283857861322469,10.283857861322469,12.510000228881836,10.979999542236328,12.0600004196167,10.970000267028809,-2.2261423675593672,-0.6961416809138594,-1.7761425582942305,-0.6861424057063399,-0.7791498286457785,-0.24364958831985079,-0.6216498954029807,-0.24014984199721895,0.16025069681029513,0.4808306635099988,0.37229068771224394,0.45077068523723507,-1,1,-1,1,-13,13,-13,13,-12,13,-13,13
1783308253.305651,35.0,0.0,0.0,35.0,0.0,0,10.283857861322469,10.283857861322469,10.283857861322469,10.283857861322469,12.510000228881836,10.979999542236328,12.0600004196167,10.970000267028809,-2.2261423675593672,-0.6961416809138594,-1.7761425582942305,-0.6861424057063399,-0.7791498286457785,-0.24364958831985079,-0.6216498954029807,-0.24014984199721895,0.14021541550226083,0.4745653883817741,0.35630540468759586,0.444595403585878,-1,1,-1,1,-13,13,-13,13,-12,13,-13,13
1783308253.3256342,35.0,0.0,0.0,35.0,0.0,0,10.283857861322469,10.283857861322469,10.283857861322469,10.283857861322469,12.510000228881836,10.979999542236328,12.0600004196167,10.970000267028809,-2.2261423675593672,-0.6961416809138594,-1.7761425582942305,-0.6861424057063399,-0.7791498286457785,-0.24364958831985079,-0.6216498954029807,-0.24014984199721895,0.12018013419422652,0.46830011325354937,0.3403201216629478,0.43842012193452096,-1,1,-1,1,-13,13,-13,13,-12,13,-13,13
1783308253.3457065,35.0,0.0,0.0,35.0,0.0,0,10.283857861322469,10.283857861322469,10.283857861322469,10.283857861322469,11.920000076293945,11.09000015258789,11.84000015258789,11.079999923706055,-1.6361422149714766,-0.8061422912654219,-1.556142291265422,-0.796142062383586,-0.5726497752400168,-0.2821498019428976,-0.5446498019428976,-0.27864972183425507,0.10545485425948323,0.46104483263216056,0.326314841041559,0.4312548433730687,-1,1,-1,1,-13,13,-13,13,-13,13,-13,13
1783308253.365601,35.0,0.0,0.0,35.0,0.0,0,10.283857861322469,10.283857861322469,10.283857861322469,10.283857861322469,11.920000076293945,11.09000015258789,11.84000015258789,11.079999923706055,-1.6361422149714766,-0.8061422912654219,-1.556142291265422,-0.796142062383586,-0.5726497752400168,-0.2821498019428976,-0.5446498019428976,-0.27864972183425507,0.09072957432473994,0.45378955201077176,0.3123095604201702,0.4240895648116164,-1,1,-1,1,-13,13,-13,13,-13,13,-13,13
1783308253.3856475,35.0,0.0,0.0,35.0,0.0,0,10.283857861322469,10.283857861322469,10.283857861322469,10.283857861322469,11.520000457763672,11.380000114440918,11.90999984741211,11.380000114440918,-1.2361425964412032,-1.0961422531184493,-1.6261419860896407,-1.0961422531184493,-0.4326499087544211,-0.3836497885914572,-0.5691496951313741,-0.3836497885914572,0.0796042909567691,0.4439242717327057,0.29767428254536343,0.41422428453355037,-1,1,-1,1,-13,13,-13,13,-13,13,-13,13
1783308253.4057617,35.0,0.0,0.0,35.0,0.0,0,10.283857861322469,10.283857861322469,10.283857861322469,10.283857861322469,11.520000457763672,11.380000114440918,11.90999984741211,11.380000114440918,-1.2361425964412032,-1.0961422531184493,-1.6261419860896407,-1.0961422531184493,-0.4326499087544211,-0.3836497885914572,-0.5691496951313741,-0.3836497885914572,0.06847900758879827,0.43405899145463966,0.28303900467055665,0.4043590042554843,-1,1,-1,1,-13,13,-13,13,-13,13,-13,13
1783308253.4256139,35.0,0.0,0.0,35.0,0.0,0,10.283857861322469,10.283857861322469,10.283857861322469,10.283857861322469,11.520000457763672,11.380000114440918,11.90999984741211,11.380000114440918,-1.2361425964412032,-1.0961422531184493,-1.6261419860896407,-1.0961422531184493,-0.4326499087544211,-0.3836497885914572,-0.5691496951313741,-0.3836497885914572,0.05735372422082744,0.4241937111765736,0.26840372679574986,0.3944937239774183,-1,1,-1,1,-13,13,-13,13,-13,13,-13,13
1783308253.4456322,35.0,0.0,0.0,35.0,0.0,0,10.283857861322469,10.283857861322469,10.283857861322469,10.283857861322469,11.460000038146973,11.140000343322754,11.279999732971191,10.90999984741211,-1.176142176824504,-0.8561424820002852,-0.9961418716487227,-0.6261419860896407,-0.4116497618885764,-0.2996498687000998,-0.3486496550770529,-0.21914969513137422,0.04676844462940691,0.41648842883857107,0.25943844995091137,0.3888584461026115,-1,1,-1,1,-13,13,-13,13,-13,13,-13,13
1783308253.46559,35.0,0.0,0.0,35.0,0.0,0,10.283857861322469,10.283857861322469,10.283857861322469,10.283857861322469,11.460000038146973,11.140000343322754,11.279999732971191,10.90999984741211,-1.176142176824504,-0.8561424820002852,-0.9961418716487227,-0.6261419860896407,-0.4116497618885764,-0.2996498687000998,-0.3486496550770529,-0.21914969513137422,0.036183165037986374,0.4087831465005685,0.25047317310607287,0.3832231682278047,-1,1,-1,1,-13,13,-13,13,-13,13,-13,13
1783308253.4856734,35.0,0.0,0.0,35.0,0.0,0,10.283857861322469,10.283857861322469,10.283857861322469,10.283857861322469,11.420000076293945,10.739999771118164,11.289999961853027,10.350000381469727,-1.1361422149714766,-0.45614190979569536,-1.0061421005305586,-0.06614252014725786,-0.39764977524001677,-0.15964966842849337,-0.3521497351856955,-0.023149882051540248,0.025957885103243084,0.40467786931240723,0.24141789420129783,0.3826278855464794,-1,1,-1,1,-13,13,-13,13,-13,13,-13,13
1783308253.505625,35.0,0.0,0.0,35.0,0.0,0,10.283857861322469,10.283857861322469,10.283857861322469,10.283857861322469,11.420000076293945,10.739999771118164,11.289999961853027,10.350000381469727,-1.1361422149714766,-0.45614190979569536,-1.0061421005305586,-0.06614252014725786,-0.39764977524001677,-0.15964966842849337,-0.3521497351856955,-0.023149882051540248,0.015732605168499794,0.40057259212424595,0.2323626152965228,0.3820326028651541,-1,1,-1,1,-13,13,-13,13,-13,13,-13,13
1783308253.5255835,35.0,0.0,0.0,35.0,0.0,0,10.283857861322469,10.283857861322469,10.283857861322469,10.283857861322469,11.420000076293945,10.739999771118164,11.289999961853027,10.350000381469727,-1.1361422149714766,-0.45614190979569536,-1.0061421005305586,-0.06614252014725786,-0.39764977524001677,-0.15964966842849337,-0.3521497351856955,-0.023149882051540248,0.005507325233756504,0.39646731493608467,0.22330733639174777,0.3814373201838288,-1,1,-1,1,-13,13,-13,13,-13,13,-13,13
1783308253.545592,35.0,0.0,0.0,35.0,0.0,0,10.283857861322469,10.283857861322469,10.283857861322469,10.283857861322469,10.9399995803833,10.460000038146973,11.529999732971191,10.420000076293945,-0.6561417190608321,-0.17614217682450395,-1.2461418716487227,-0.1361422149714766,-0.2296496016712912,-0.061649761888576377,-0.43614965507705294,-0.04764977524001681,-0.00039795023779098503,0.39488203534466415,0.21209205954690927,0.3802120402490855,-1,1,-1,1,-13,13,-13,13,-13,13,-13,13
1783308253.5658674,35.0,0.0,0.0,35.0,0.0,0,10.283857861322469,10.283857861322469,10.283857861322469,10.283857861322469,10.9399995803833,10.460000038146973,11.529999732971191,10.420000076293945,-0.6561417190608321,-0.17614217682450395,-1.2461418716487227,-0.1361422149714766,-0.2296496016712912,-0.061649761888576377,-0.43614965507705294,-0.04764977524001681,-0.006303225709338474,0.39329675575324363,0.20087678270207077,0.3789867603143422,-1,1,-1,1,-13,13,-13,13,-13,13,-13,13
1783308253.5855963,35.0,0.0,0.0,35.0,0.0,0,10.283857861322469,10.283857861322469,10.283857861322469,10.283857861322469,11.279999732971191,10.489999771118164,11.010000228881836,10.6899995803833,-0.9961418716487227,-0.20614190979569536,-0.7261423675593672,-0.4061417190608321,-0.3486496550770529,-0.07214966842849337,-0.2541498286457785,-0.1421496016712912,-0.015268502554176978,0.3914414785650824,0.19434150139403647,0.3753314848427947,-1,1,-1,1,-13,13,-13,13,-13,13,-13,13
1783308253.6057212,35.0,0.0,0.0,35.0,0.0,0,10.283857861322469,10.283857861322469,10.283857861322469,10.283857861322469,11.279999732971191,10.489999771118164,11.010000228881836,10.6899995803833,-0.9961418716487227,-0.20614190979569536,-0.7261423675593672,-0.4061417190608321,-0.3486496550770529,-0.07214966842849337,-0.2541498286457785,-0.1421496016712912,-0.024233779399015484,0.3895862013769211,0.18780622008600217,0.37167620937124723,-1,1,-1,1,-13,13,-13,13,-13,13,-13,13
1783308253.6257315,35.0,0.0,0.0,35.0,0.0,0,10.283857861322469,10.283857861322469,10.283857861322469,10.283857861322469,11.279999732971191,10.489999771118164,11.010000228881836,10.6899995803833,-0.9961418716487227,-0.20614190979569536,-0.7261423675593672,-0.4061417190608321,-0.3486496550770529,-0.07214966842849337,-0.2541498286457785,-0.1421496016712912,-0.03319905624385399,0.3877309241887599,0.18127093877796788,0.36802093389969975,-1,1,-1,1,-13,13,-13,13,-13,13,-13,13
1783308253.6456444,35.0,0.0,0.0,35.0,0.0,0,10.283857861322469,10.283857861322469,10.283857861322469,10.283857861322469,11.739999771118164,10.0600004196167,11.109999656677246,9.970000267028809,-1.4561419097956954,0.2238574417057695,-0.8261417953547774,0.3138575942936601,-0.5096496684284934,0.07835010459701931,-0.2891496283741721,0.10985015800278103,-0.046304333432015246,0.3897456411641118,0.17383566261977487,0.3708456522483427,-1,1,-1,1,-13,13,-13,13,-12,13,-13,13
1783308253.665629,35.0,0.0,0.0,35.0,0.0,0,10.283857861322469,10.283857861322469,10.283857861322469,10.283857861322469,11.739999771118164,10.0600004196167,11.109999656677246,9.970000267028809,-1.4561419097956954,0.2238574417057695,-0.8261417953547774,0.3138575942936601,-0.5096496684284934,0.07835010459701931,-0.2891496283741721,0.10985015800278103,-0.05940961062017651,0.39176035813946375,0.16640038646158187,0.37367037059698566,-1,1,-1,1,-13,13,-13,13,-12,13,-13,13
1783308253.685675,35.0,0.0,0.0,35.0,0.0,0,10.283857861322469,10.283857861322469,10.283857861322469,10.283857861322469,11.619999885559082,9.760000228881836,12.079999923706055,9.470000267028809,-1.3361420242366133,0.5238576324406328,-1.796142062383586,0.8138575942936601,-0.4676497084828146,0.18335017135422146,-0.628649721834255,0.284850158002781,-0.07143488883830602,0.39647507683142946,0.1502351079001296,0.3809950889456286,-1,1,-1,1,-13,13,-13,13,-12,14,-13,14
1783308253.7056084,35.0,0.0,0.0,35.0,0.0,0,10.283857861322469,10.283857861322469,10.283857861322469,10.283857861322469,11.619999885559082,9.760000228881836,12.079999923706055,9.470000267028809,-1.3361420242366133,0.5238576324406328,-1.796142062383586,0.8138575942936601,-0.4676497084828146,0.18335017135422146,-0.628649721834255,0.284850158002781,-0.08346016705643554,0.4011897955233952,0.1340698293386773,0.38831980729427157,-1,1,-1,1,-13,13,-13,13,-12,14,-13,14
1783308253.7257152,35.0,0.0,0.0,35.0,0.0,0,10.283857861322469,10.283857861322469,10.283857861322469,10.283857861322469,11.619999885559082,9.760000228881836,12.079999923706055,9.470000267028809,-1.3361420242366133,0.5238576324406328,-1.796142062383586,0.8138575942936601,-0.4676497084828146,0.18335017135422146,-0.628649721834255,0.284850158002781,-0.09548544527456505,0.4059045142153609,0.11790455077722503,0.3956445256429145,-1,1,-1,1,-13,13,-13,13,-12,14,-12,14
1783308253.7456255,35.0,0.0,0.0,35.0,0.0,0,10.283857861322469,10.283857861322469,10.283857861322469,10.283857861322469,11.529999732971191,9.779999732971191,11.850000381469727,9.350000381469727,-1.2461418716487227,0.5038581283512773,-1.5661425201472579,0.9338574798527421,-0.43614965507705294,0.17635034492294704,-0.5481498820515402,0.32685011794845975,-0.10670072211940355,0.4104392373705224,0.10380926809589971,0.40404924296158923,-1,1,-1,1,-13,13,-13,13,-12,14,-13,14
1783308253.7656024,35.0,0.0,0.0,35.0,0.0,0,10.283857861322469,10.283857861322469,10.283857861322469,10.283857861322469,11.529999732971191,9.779999732971191,11.850000381469727,9.350000381469727,-1.2461418716487227,0.5038581283512773,-1.5661425201472579,0.9338574798527421,-0.43614965507705294,0.17635034492294704,-0.5481498820515402,0.32685011794845975,-0.11791599896424206,0.4149739605256839,0.0897139854145744,0.41245396028026393,-1,1,-1,1,-13,13,-13,13,-12,14,-13,14
1783308253.7857678,35.0,0.0,0.0,35.0,0.0,0,10.283857861322469,10.283857861322469,10.283857861322469,10.283857861322469,11.6899995803833,9.5600004196167,11.460000038146973,9.489999771118164,-1.406141719060832,0.7238574417057695,-1.176142176824504,0.7938580902043046,-0.4921496016712912,0.2533501045970193,-0.4116497618885764,0.2778503315715066,-0.13057127443578953,0.42148867750103586,0.07912870582315386,0.4195986830921027,-1,1,-1,1,-13,13,-13,13,-12,14,-13,14
1783308253.805598,35.0,0.0,0.0,35.0,0.0,0,10.283857861322469,10.283857861322469,10.283857861322469,10.283857861322469,11.6899995803833,9.5600004196167,11.460000038146973,9.489999771118164,-1.406141719060832,0.7238574417057695,-1.176142176824504,0.7938580902043046,-0.4921496016712912,0.2533501045970193,-0.4116497618885764,0.2778503315715066,-0.14322654990733702,0.4280033944763878,0.06854342623173332,0.42674340590394144,-1,1,-1,1,-13,13,-13,13,-12,14,-13,14
1783308253.8256524,35.0,0.0,0.0,35.0,0.0,0,10.283857861322469,10.283857861322469,10.283857861322469,10.283857861322469,11.6899995803833,9.5600004196167,11.460000038146973,9.489999771118164,-1.406141719060832,0.7238574417057695,-1.176142176824504,0.7938580902043046,-0.4921496016712912,0.2533501045970193,-0.4116497618885764,0.2778503315715066,-0.1558818253788845,0.43451811145173974,0.057958146640312784,0.4338881287157802,-1,1,-1,1,-13,13,-13,13,-12,14,-13,14
1783308253.8457325,35.0,0.0,0.0,35.0,0.0,0,10.283857861322469,10.283857861322469,10.283857861322469,10.283857861322469,11.350000381469727,9.640000343322754,11.420000076293945,9.8100004196167,-1.0661425201472579,0.6438575179997148,-1.1361422149714766,0.4738574417057695,-0.3731498820515402,0.22535013129990017,-0.39764977524001677,0.16585010459701932,-0.16547710806020982,0.44031282911373715,0.04773286670556949,0.4381528456911321,-1,1,-1,1,-13,13,-13,13,-12,14,-13,14
1783308253.8657413,35.0,0.0,0.0,35.0,0.0,0,10.283857861322469,10.283857861322469,10.283857861322469,10.283857861322469,11.350000381469727,9.640000343322754,11.420000076293945,9.8100004196167,-1.0661425201472579,0.6438575179997148,-1.1361422149714766,0.4738574417057695,-0.3731498820515402,0.22535013129990017,-0.39764977524001677,0.16585010459701932,-0.17507239074153513,0.4461075467757346,0.037507586770826204,0.442417562666484,-1,1,-1,1,-13,13,-13,13,-12,14,-13,14
1783308253.8856769,35.0,0.0,0.0,35.0,0.0,0,10.283857861322469,10.283857861322469,10.283857861322469,10.283857861322469,11.34000015258789,10.140000343322754,11.15999984741211,10.039999961853027,-1.056142291265422,0.1438575179997148,-0.8761419860896407,0.24385789946944136,-0.36964980194289765,0.05035013129990018,-0.3066496951313742,0.08535026481430447,-0.18457767136292394,0.44740226443773207,0.02962230889601944,0.44461228376170897,-1,1,-1,1,-13,13,-13,13,-12,13,-13,14
1783308253.905706,35.0,0.0,0.0,35.0,0.0,0,10.283857861322469,10.283857861322469,10.283857861322469,10.283857861322469,11.34000015258789,10.140000343322754,11.15999984741211,10.039999961853027,-1.056142291265422,0.1438575179997148,-0.8761419860896407,0.24385789946944136,-0.36964980194289765,0.05035013129990018,-0.3066496951313742,0.08535026481430447,-0.19408295198431275,0.4486969820997295,0.021737031021212674,0.4468070048569339,-1,1,-1,1,-13,13,-13,13,-12,13,-13,14
1783308253.9257078,35.0,0.0,0.0,35.0,0.0,0,10.283857861322469,10.283857861322469,10.283857861322469,10.283857861322469,11.34000015258789,10.140000343322754,11.15999984741211,10.039999961853027,-1.056142291265422,0.1438575179997148,-0.8761419860896407,0.24385789946944136,-0.36964980194289765,0.05035013129990018,-0.3066496951313742,0.08535026481430447,-0.20358823260570155,0.449991699761727,0.013851753146405908,0.44900172595215887,-1,1,-1,1,-13,13,-13,13,-12,14,-13,14
1783308253.945633,35.0,0.0,0.0,35.0,0.0,0,10.283857861322469,10.283857861322469,10.283857861322469,10.283857861322469,11.5600004196167,10.039999961853027,11.210000038146973,10.420000076293945,-1.2761425582942305,0.24385789946944136,-0.926142176824504,-0.1361422149714766,-0.44664989540298067,0.08535026481430447,-0.32414976188857636,-0.04764977524001681,-0.21507351563034963,0.45218642085695193,0.005516473554985371,0.44777644601741556,-1,1,-1,1,-13,13,-13,13,-12,14,-13,13
1783308253.9657207,35.0,0.0,0.0,35.0,0.0,0,10.283857861322469,10.283857861322469,10.283857861322469,10.283857861322469,11.5600004196167,10.039999961853027,11.210000038146973,10.420000076293945,-1.2761425582942305,0.24385789946944136,-0.926142176824504,-0.1361422149714766,-0.44664989540298067,0.08535026481430447,-0.32414976188857636,-0.04764977524001681,-0.2265587986549977,0.4543811419521769,-0.0028188060364351657,0.44655116608267226,-1,1,-1,1,-13,13,-13,13,-12,14,-13,13
1783308253.9856882,35.0,0.0,0.0,35.0,0.0,0,10.283857861322469,10.283857861322469,10.283857861322469,10.283857861322469,12.170000076293945,10.199999809265137,11.699999809265137,10.6899995803833,-1.8861422149714766,0.08385805205733199,-1.416141947942668,-0.4061417190608321,-0.6601497752400167,0.029350318220066195,-0.4956496817799338,-0.1421496016712912,-0.243534078589741,0.45513586442069287,-0.015564083567919178,0.4428958906111248,-1,1,-1,1,-13,13,-13,13,-12,13,-12,13
1783308254.005606,35.0,0.0,0.0,35.0,0.0,0,10.283857861322469,10.283857861322469,10.283857861322469,10.283857861322469,12.170000076293945,10.199999809265137,11.699999809265137,10.6899995803833,-1.8861422149714766,0.08385805205733199,-1.416141947942668,-0.4061417190608321,-0.6601497752400167,0.029350318220066195,-0.4956496817799338,-0.1421496016712912,-0.26050935852448426,0.45589058688920886,-0.028309361099403192,0.4392406151395773,-1,1,-1,1,-13,13,-13,13,-12,13,-12,13
1783308254.0256038,35.0,0.0,0.0,35.0,0.0,0,10.283857861322469,10.283857861322469,10.283857861322469,10.283857861322469,12.170000076293945,10.199999809265137,11.699999809265137,10.6899995803833,-1.8861422149714766,0.08385805205733199,-1.416141947942668,-0.4061417190608321,-0.6601497752400167,0.029350318220066195,-0.4956496817799338,-0.1421496016712912,-0.27748463845922755,0.45664530935772485,-0.04105463863088721,0.4355853396680298,-1,1,-1,1,-13,13,-13,13,-12,13,-12,13
1783308254.0456238,35.0,0.0,0.0,35.0,0.0,0,10.283857861322469,10.283857861322469,10.283857861322469,10.283857861322469,11.920000076293945,10.539999961853027,11.359999656677246,10.649999618530273,-1.6361422149714766,-0.25614210053055864,-1.0761417953547774,-0.36614175720780473,-0.5726497752400168,-0.08964973518569552,-0.37664962837417204,-0.12814961502273164,-0.2922099183939708,0.4543400304529498,-0.0507399147890802,0.43229006385315955,-1,1,-1,1,-13,13,-13,13,-12,13,-13,13
1783308254.065602,35.0,0.0,0.0,35.0,0.0,0,10.283857861322469,10.283857861322469,10.283857861322469,10.283857861322469,11.920000076293945,10.539999961853027,11.359999656677246,10.649999618530273,-1.6361422149714766,-0.25614210053055864,-1.0761417953547774,-0.36614175720780473,-0.5726497752400168,-0.08964973518569552,-0.37664962837417204,-0.12814961502273164,-0.3069351983287141,0.45203475154817474,-0.060425190947273194,0.4289947880382893,-1,1,-1,1,-13,13,-13,13,-12,13,-13,13
1783308254.0858014,35.0,0.0,0.0,35.0,0.0,0,10.283857861322469,10.283857861322469,10.283857861322469,10.283857861322469,12.1899995803833,10.319999694824219,11.569999694824219,10.399999618530273,-1.906141719060832,-0.03614183350175004,-1.28614183350175,-0.11614175720780473,-0.6671496016712912,-0.012649641725612514,-0.4501496417256125,-0.04064961502273165,-0.32409047380026157,0.451709475046659,-0.07200046744878895,0.42794951222341904,-1,1,-1,1,-13,13,-13,13,-12,13,-12,13
1783308254.1057355,35.0,0.0,0.0,35.0,0.0,0,10.283857861322469,10.283857861322469,10.283857861322469,10.283857861322469,12.1899995803833,10.319999694824219,11.569999694824219,10.399999618530273,-1.906141719060832,-0.03614183350175004,-1.28614183350175,-0.11614175720780473,-0.6671496016712912,-0.012649641725612514,-0.4501496417256125,-0.04064961502273165,-0.34124574927180906,0.4513841985451432,-0.0835757439503047,0.4269042364085488,-1,1,-1,1,-13,13,-13,13,-12,13,-12,13
1783308254.1256042,35.0,0.0,0.0,35.0,0.0,0,10.283857861322469,10.283857861322469,10.283857861322469,10.283857861322469,12.1899995803833,10.319999694824219,11.569999694824219,10.399999618530273,-1.906141719060832,-0.03614183350175004,-1.28614183350175,-0.11614175720780473,-0.6671496016712912,-0.012649641725612514,-0.4501496417256125,-0.04064961502273165,-0.35840102474335656,0.45105892204362746,-0.09515102045182046,0.42585896059367856,-1,1,-1,1,-13,13,-13,13,-12,13,-12,13
1783308254.1457567,35.0,0.0,0.0,35.0,0.0,0,10.283857861322469,10.283857861322469,10.283857861322469,10.283857861322469,11.930000305175781,10.619999885559082,11.5,10.680000305175781,-1.6461424438533125,-0.3361420242366133,-1.2161421386775313,-0.39614244385331254,-0.5761498553486594,-0.11764970848281465,-0.42564974853713594,-0.13864985534865937,-0.37321630673803635,0.44803364382549793,-0.10609629969991824,0.42229367859899875,-1,1,-1,1,-13,13,-13,13,-12,13,-12,13
1783308254.165628,35.0,0.0,0.0,35.0,0.0,0,10.283857861322469,10.283857861322469,10.283857861322469,10.283857861322469,11.930000305175781,10.619999885559082,11.5,10.680000305175781,-1.6461424438533125,-0.3361420242366133,-1.2161421386775313,-0.39614244385331254,-0.5761498553486594,-0.11764970848281465,-0.42564974853713594,-0.13864985534865937,-0.38803158873271615,0.4450083656073684,-0.11704157894801602,0.41872839660431893,-1,1,-1,1,-13,13,-13,13,-12,13,-12,13
1783308254.1856022,35.0,0.0,0.0,35.0,0.0,0,10.283857861322469,10.283857861322469,10.283857861322469,10.283857861322469,11.520000457763672,11.0600004196167,11.220000267028809,11.100000381469727,-1.2361425964412032,-0.7761425582942305,-0.9361424057063399,-0.8161425201472579,-0.4326499087544211,-0.2716498954029807,-0.3276498419972189,-0.28564988205154024,-0.39915687210068695,0.4380230825827203,-0.1254668605993731,0.4113831139229936,-1,1,-1,1,-13,13,-13,13,-12,13,-13,13
1783308254.205603,35.0,0.0,0.0,35.0,0.0,0,10.283857861322469,10.283857861322469,10.283857861322469,10.283857861322469,11.520000457763672,11.0600004196167,11.220000267028809,11.100000381469727,-1.2361425964412032,-0.7761425582942305,-0.9361424057063399,-0.8161425201472579,-0.4326499087544211,-0.2716498954029807,-0.3276498419972189,-0.28564988205154024,-0.41028215546865776,0.43103779955807225,-0.13389214225073015,0.40403783124166825,-1,1,-1,1,-13,13,-13,13,-12,13,-13,13
1783308254.2255952,35.0,0.0,0.0,35.0,0.0,0,10.283857861322469,10.283857861322469,10.283857861322469,10.283857861322469,11.520000457763672,11.0600004196167,11.220000267028809,11.100000381469727,-1.2361425964412032,-0.7761425582942305,-0.9361424057063399,-0.8161425201472579,-0.4326499087544211,-0.2716498954029807,-0.3276498419972189,-0.28564988205154024,-0.42140743883662857,0.4240525165334242,-0.1423174239020872,0.3966925485603429,-1,1,-1,1,-13,13,-13,13,-12,13,-13,13
1783308254.2456532,35.0,0.0,0.0,35.0,0.0,0,10.283857861322469,10.283857861322469,10.283857861322469,10.283857861322469,11.6899995803833,10.460000038146973,11.699999809265137,10.479999542236328,-1.406141719060832,-0.17614217682450395,-1.416141947942668,-0.19614168091385942,-0.4921496016712912,-0.061649761888576377,-0.4956496817799338,-0.0686495883198508,-0.43406271430817606,0.42246723694200367,-0.15506270143357123,0.3949272734321182,-1,1,-1,1,-13,13,-13,13,-12,13,-12,13
1783308254.2656138,35.0,0.0,0.0,35.0,0.0,0,10.283857861322469,10.283857861322469,10.283857861322469,10.283857861322469,11.6899995803833,10.460000038146973,11.699999809265137,10.479999542236328,-1.406141719060832,-0.17614217682450395,-1.416141947942668,-0.19614168091385942,-0.4921496016712912,-0.061649761888576377,-0.4956496817799338,-0.0686495883198508,-0.44671798977972355,0.42088195735058315,-0.16780797896505525,0.3931619983038935,-1,1,-1,1,-13,13,-13,13,-12,13,-12,13
1783308254.2856736,35.0,0.0,0.0,35.0,0.0,0,10.283857861322469,10.283857861322469,10.283857861322469,10.283857861322469,11.800000190734863,10.039999961853027,11.59000015258789,10.279999732971191,-1.5161423294123946,0.24385789946944136,-1.306142291265422,0.0038581283512773012,-0.5306498152943381,0.08535026481430447,-0.4571498019428976,0.0013503449229470554,-0.4603632707444351,0.4230766784458081,-0.17956325958644406,0.393196721459055,-1,1,-1,1,-13,13,-13,13,-12,14,-12,13
1783308254.305601,35.0,0.0,0.0,35.0,0.0,0,10.283857861322469,10.283857861322469,10.283857861322469,10.283857861322469,11.800000190734863,10.039999961853027,11.59000015258789,10.279999732971191,-1.5161423294123946,0.24385789946944136,-1.306142291265422,0.0038581283512773012,-0.5306498152943381,0.08535026481430447,-0.4571498019428976,0.0013503449229470554,-0.4740085517091467,0.42527139954103305,-0.19131854020783287,0.3932314446142165,-1,1,-1,1,-13,13,-13,13,-12,14,-12,13
1783308254.325593,35.0,0.0,0.0,35.0,0.0,0,10.283857861322469,10.283857861322469,10.283857861322469,10.283857861322469,11.800000190734863,10.039999961853027,11.59000015258789,10.279999732971191,-1.5161423294123946,0.24385789946944136,-1.306142291265422,0.0038581283512773012,-0.5306498152943381,0.08535026481430447,-0.4571498019428976,0.0013503449229470554,-0.48765383267385826,0.427466120636258,-0.20307382082922168,0.393266167769378,-1,1,-1,1,-13,13,-13,13,-12,14,-12,13
1783308254.3456113,35.0,0.0,0.0,35.0,0.0,0,10.283857861322469,10.283857861322469,10.283857861322469,10.283857861322469,11.430000305175781,10.420000076293945,11.279999732971191,10.369999885559082,-1.1461424438533125,-0.1361422149714766,-0.9961418716487227,-0.08614202423661332,-0.4011498553486594,-0.04764977524001681,-0.3486496550770529,-0.03014970848281466,-0.49796911466853805,0.4262408407015147,-0.21203909767406018,0.3924908895512485,-1,1,-1,1,-13,13,-13,13,-12,13,-12,13
1783308254.36558,35.0,0.0,0.0,35.0,0.0,0,10.283857861322469,10.283857861322469,10.283857861322469,10.283857861322469,11.430000305175781,10.420000076293945,11.279999732971191,10.369999885559082,-1.1461424438533125,-0.1361422149714766,-0.9961418716487227,-0.08614202423661332,-0.4011498553486594,-0.04764977524001681,-0.3486496550770529,-0.03014970848281466,-0.5082843966632179,0.4250155607667714,-0.22100437451889868,0.391715611333119,-1,1,-1,1,-13,13,-13,13,-12,13,-12,13
1783308254.385686,35.0,0.0,0.0,35.0,0.0,0,10.283857861322469,10.283857861322469,10.283857861322469,10.283857861322469,11.170000076293945,10.920000076293945,11.289999961853027,10.430000305175781,-0.8861422149714766,-0.6361422149714766,-1.0061421005305586,-0.14614244385331254,-0.3101497752400168,-0.2226497752400168,-0.3521497351856955,-0.05114985534865939,-0.5162596765979612,0.4192902808320281,-0.2300596534236737,0.39040032933843916,-1,1,-1,1,-13,13,-13,13,-12,13,-12,13
1783308254.4056387,35.0,0.0,0.0,35.0,0.0,0,10.283857861322469,10.283857861322469,10.283857861322469,10.283857861322469,11.170000076293945,10.920000076293945,11.289999961853027,10.430000305175781,-0.8861422149714766,-0.6361422149714766,-1.0061421005305586,-0.14614244385331254,-0.3101497752400168,-0.2226497752400168,-0.3521497351856955,-0.05114985534865939,-0.5242349565327046,0.41356500089728476,-0.23911493232844874,0.3890850473437593,-1,1,-1,1,-13,13,-13,13,-12,13,-12,13
1783308254.42563,35.0,0.0,0.0,35.0,0.0,0,10.283857861322469,10.283857861322469,10.283857861322469,10.283857861322469,11.170000076293945,10.920000076293945,11.289999961853027,10.430000305175781,-0.8861422149714766,-0.6361422149714766,-1.0061421005305586,-0.14614244385331254,-0.3101497752400168,-0.2226497752400168,-0.3521497351856955,-0.05114985534865939,-0.5322102364674479,0.40783972096254145,-0.24817021123322378,0.3877697653490795,-1,1,-1,1,-13,13,-13,13,-12,13,-12,13
1783308254.4456317,35.0,0.0,0.0,35.0,0.0,0,10.283857861322469,10.283857861322469,10.283857861322469,10.283857861322469,10.989999771118164,11.039999961853027,11.529999732971191,10.239999771118164,-0.7061419097956954,-0.7561421005305586,-1.2461418716487227,0.043858090204304645,-0.24714966842849337,-0.2646497351856955,-0.43614965507705294,0.015350331571506625,-0.5385655136556092,0.40103444205776645,-0.2593854880780623,0.3881644881609182,-1,1,-1,1,-13,13,-13,13,-12,13,-12,13
1783308254.4656103,35.0,0.0,0.0,35.0,0.0,0,10.283857861322469,10.283857861322469,10.283857861322469,10.283857861322469,10.989999771118164,11.039999961853027,11.529999732971191,10.239999771118164,-0.7061419097956954,-0.7561421005305586,-1.2461418716487227,0.043858090204304645,-0.24714966842849337,-0.2646497351856955,-0.43614965507705294,0.015350331571506625,-0.5449207908437705,0.39422916315299145,-0.2706007649229008,0.3885592109727569,-1,1,-1,1,-13,13,-13,13,-12,13,-12,13
1783308254.4857063,35.0,0.0,0.0,35.0,0.0,0,10.283857861322469,10.283857861322469,10.283857861322469,10.283857861322469,10.859999656677246,11.119999885559082,11.470000267028809,10.569999694824219,-0.5761417953547774,-0.8361420242366133,-1.1861424057063399,-0.28614183350175004,-0.20164962837417208,-0.29264970848281463,-0.41514984199721894,-0.10014964172561251,-0.5501060670019635,0.3867038849348619,-0.28127604657425787,0.3859839344712412,-1,1,-1,1,-13,13,-13,13,-12,13,-12,13
1783308254.5056312,35.0,0.0,0.0,35.0,0.0,0,10.283857861322469,10.283857861322469,10.283857861322469,10.283857861322469,10.859999656677246,11.119999885559082,11.470000267028809,10.569999694824219,-0.5761417953547774,-0.8361420242366133,-1.1861424057063399,-0.28614183350175004,-0.20164962837417208,-0.29264970848281463,-0.41514984199721894,-0.10014964172561251,-0.5552913431601565,0.37917860671673237,-0.2919513282256149,0.38340865796972545,-1,1,-1,1,-13,13,-13,13,-12,13,-12,13
1783308254.5257843,35.0,0.0,0.0,35.0,0.0,0,10.283857861322469,10.283857861322469,10.283857861322469,10.283857861322469,10.859999656677246,11.119999885559082,11.470000267028809,10.569999694824219,-0.5761417953547774,-0.8361420242366133,-1.1861424057063399,-0.28614183350175004,-0.20164962837417208,-0.29264970848281463,-0.41514984199721894,-0.10014964172561251,-0.5604766193183495,0.37165332849860283,-0.302626609876972,0.3808333814682097,-1,1,-1,1,-13,13,-13,13,-12,13,-12,13
1783308254.5455956,35.0,0.0,0.0,35.0,0.0,0,10.283857861322469,10.283857861322469,10.283857861322469,10.283857861322469,10.770000457763672,10.960000038146973,11.199999809265137,11.020000457763672,-0.48614259644120317,-0.676142176824504,-0.916141947942668,-0.7361425964412032,-0.1701499087544211,-0.23664976188857637,-0.3206496817799338,-0.2576499087544211,-0.5648519026863204,0.3655680489071823,-0.310871887408456,0.3742080981002389,-1,1,-1,1,-13,13,-13,13,-12,13,-12,13
1783308254.5657303,35.0,0.0,0.0,35.0,0.0,0,10.283857861322469,10.283857861322469,10.283857861322469,10.283857861322469,10.770000457763672,10.960000038146973,11.199999809265137,11.020000457763672,-0.48614259644120317,-0.676142176824504,-0.916141947942668,-0.7361425964412032,-0.1701499087544211,-0.23664976188857637,-0.3206496817799338,-0.2576499087544211,-0.5692271860542912,0.3594827693157618,-0.31911716493994,0.3675828147322681,-1,1,-1,1,-13,13,-13,13,-12,13,-12,13
1783308254.5856504,35.0,0.0,0.0,35.0,0.0,0,10.283857861322469,10.283857861322469,10.283857861322469,10.283857861322469,11.390000343322754,10.609999656677246,11.460000038146973,10.65999984741211,-1.1061424820002852,-0.3261417953547774,-1.176142176824504,-0.37614198608964067,-0.3871498687000998,-0.11414962837417207,-0.4116497618885764,-0.13164969513137423,-0.5791824683922938,0.3565474931575688,-0.32970244453136055,0.36419753685746137,-1,1,-1,1,-13,13,-13,13,-12,13,-12,13
1783308254.6055872,35.0,0.0,0.0,35.0,0.0,0,10.283857861322469,10.283857861322469,10.283857861322469,10.283857861322469,11.390000343322754,10.609999656677246,11.460000038146973,10.65999984741211,-1.1061424820002852,-0.3261417953547774,-1.176142176824504,-0.37614198608964067,-0.3871498687000998,-0.11414962837417207,-0.4116497618885764,-0.13164969513137423,-0.5891377507302964,0.3536122169993758,-0.3402877241227811,0.3608122589826546,-1,1,-1,1,-13,13,-13,13,-12,13,-12,13
1783308254.6255674,35.0,0.0,0.0,35.0,0.0,0,10.283857861322469,10.283857861322469,10.283857861322469,10.283857861322469,11.390000343322754,10.609999656677246,11.460000038146973,10.65999984741211,-1.1061424820002852,-0.3261417953547774,-1.176142176824504,-0.37614198608964067,-0.3871498687000998,-0.11414962837417207,-0.4116497618885764,-0.13164969513137423,-0.599093033068299,0.3506769408411828,-0.3508730037142016,0.3574269811078479,-1,1,-1,1,-13,13,-13,13,-12,13,-12,13
1783308254.6455884,35.0,0.0,0.0,35.0,0.0,0,10.283857861322469,10.283857861322469,10.283857861322469,10.283857861322469,11.140000343322754,10.600000381469727,11.420000076293945,10.399999618530273,-0.8561424820002852,-0.31614252014725786,-1.1361422149714766,-0.11614175720780473,-0.2996498687000998,-0.11064988205154024,-0.39764977524001677,-0.04064961502273165,-0.6067983154063016,0.34783165815985745,-0.3610982836489449,0.35638170529297764,-1,1,-1,1,-13,13,-13,13,-12,13,-12,13
1783308254.6655803,35.0,0.0,0.0,35.0,0.0,0,10.283857861322469,10.283857861322469,10.283857861322469,10.283857861322469,11.140000343322754,10.600000381469727,11.420000076293945,10.399999618530273,-0.8561424820002852,-0.31614252014725786,-1.1361422149714766,-0.11614175720780473,-0.2996498687000998,-0.11064988205154024,-0.39764977524001677,-0.04064961502273165,-0.6145035977443042,0.3449863754785321,-0.37132356358368823,0.3553364294781074,-1,1,-1,1,-13,13,-13,13,-12,13,-12,13
1783308254.685654,35.0,0.0,0.0,35.0,0.0,0,10.283857861322469,10.283857861322469,10.283857861322469,10.283857861322469,10.970000267028809,10.59000015258789,10.9399995803833,10.680000305175781,-0.6861424057063399,-0.3061422912654219,-0.6561417190608321,-0.39614244385331254,-0.24014984199721895,-0.10714980194289767,-0.2296496016712912,-0.13864985534865937,-0.6206788793956612,0.3422310948571433,-0.37722883905523574,0.3517711474834276,-1,1,-1,1,-13,13,-13,13,-12,13,-12,13
1783308254.7055795,35.0,0.0,0.0,35.0,0.0,0,10.283857861322469,10.283857861322469,10.283857861322469,10.283857861322469,10.970000267028809,10.59000015258789,10.9399995803833,10.680000305175781,-0.6861424057063399,-0.3061422912654219,-0.6561417190608321,-0.39614244385331254,-0.24014984199721895,-0.10714980194289767,-0.2296496016712912,-0.13864985534865937,-0.6268541610470183,0.3394758142357545,-0.38313411452678325,0.34820586548874777,-1,1,-1,1,-13,13,-13,13,-12,13,-12,13
1783308254.7255743,35.0,0.0,0.0,35.0,0.0,0,10.283857861322469,10.283857861322469,10.283857861322469,10.283857861322469,10.970000267028809,10.59000015258789,10.9399995803833,10.680000305175781,-0.6861424057063399,-0.3061422912654219,-0.6561417190608321,-0.39614244385331254,-0.24014984199721895,-0.10714980194289767,-0.2296496016712912,-0.13864985534865937,-0.6330294426983754,0.3367205336143657,-0.38903938999833076,0.34464058349406795,-1,1,-1,1,-13,13,-13,13,-12,13,-12,13
1783308254.7455916,35.0,0.0,0.0,35.0,0.0,0,10.283857861322469,10.283857861322469,10.283857861322469,10.283857861322469,11.079999923706055,10.579999923706055,11.050000190734863,10.1899995803833,-0.796142062383586,-0.296142062383586,-0.7661423294123946,0.09385828093916793,-0.27864972183425507,-0.10364972183425508,-0.26814981529433807,0.03285039832870877,-0.6401947212598277,0.33405525505291345,-0.3959346709630423,0.3454853080225205,-1,1,-1,1,-13,13,-13,13,-12,13,-12,13
1783308254.7655876,35.0,0.0,0.0,35.0,0.0,0,10.283857861322469,10.283857861322469,10.283857861322469,10.283857861322469,11.079999923706055,10.579999923706055,11.050000190734863,10.1899995803833,-0.796142062383586,-0.296142062383586,-0.7661423294123946,0.09385828093916793,-0.27864972183425507,-0.10364972183425508,-0.26814981529433807,0.03285039832870877,-0.64735999982128,0.3313899764914612,-0.40282995192775384,0.346330032550973,-1,1,-1,1,-13,13,-13,13,-12,13,-12,13
1783308254.7856648,35.0,0.0,0.0,35.0,0.0,0,10.283857861322469,10.283857861322469,10.283857861322469,10.283857861322469,10.920000076293945,10.119999885559082,10.90999984741211,10.079999923706055,-0.6361422149714766,0.16385797576338668,-0.6261419860896407,0.20385793761641402,-0.2226497752400168,0.057350291517185334,-0.21914969513137422,0.07135027816574491,-0.6530852797560233,0.33286469827333165,-0.4084652298025606,0.34816475398952074,-1,1,-1,1,-13,13,-13,13,-12,13,-12,13
1783308254.805595,35.0,0.0,0.0,35.0,0.0,0,10.283857861322469,10.283857861322469,10.283857861322469,10.283857861322469,10.920000076293945,10.119999885559082,10.90999984741211,10.079999923706055,-0.6361422149714766,0.16385797576338668,-0.6261419860896407,0.20385793761641402,-0.2226497752400168,0.057350291517185334,-0.21914969513137422,0.07135027816574491,-0.6588105596907665,0.3343394200552021,-0.4141005076773674,0.3499994754280685,-1,1,-1,1,-13,13,-13,13,-12,13,-12,13
1783308254.8255973,35.0,0.0,0.0,35.0,0.0,0,10.283857861322469,10.283857861322469,10.283857861322469,10.283857861322469,10.920000076293945,10.119999885559082,10.90999984741211,10.079999923706055,-0.6361422149714766,0.16385797576338668,-0.6261419860896407,0.20385793761641402,-0.2226497752400168,0.057350291517185334,-0.21914969513137422,0.07135027816574491,-0.6645358396255098,0.3358141418370726,-0.41973578555217417,0.3518341968666162,-1,1,-1,1,-13,13,-13,13,-12,13,-12,13
1783308254.8455918,35.0,0.0,0.0,35.0,0.0,0,10.283857861322469,10.283857861322469,10.283857861322469,10.283857861322469,10.59000015258789,10.260000228881836,10.350000381469727,10.220000267028809,-0.3061422912654219,0.02385763244063277,-0.06614252014725786,0.06385759429366011,-0.10714980194289767,0.008350171354221468,-0.023149882051540248,0.022350158002781038,-0.6672911202468985,0.3360288605290383,-0.42033106823349947,0.35240891521525913,-1,1,-1,1,-13,13,-13,13,-12,13,-13,13
1783308254.8655958,35.0,0.0,0.0,35.0,0.0,0,10.283857861322469,10.283857861322469,10.283857861322469,10.283857861322469,10.59000015258789,10.260000228881836,10.350000381469727,10.220000267028809,-0.3061422912654219,0.02385763244063277,-0.06614252014725786,0.06385759429366011,-0.10714980194289767,0.008350171354221468,-0.023149882051540248,0.022350158002781038,-0.6700464008682873,0.336243579221004,-0.4209263509148248,0.35298363356390206,-1,1,-1,1,-13,13,-13,13,-12,13,-13,13
1783308254.8856332,35.0,0.0,0.0,35.0,0.0,0,10.283857861322469,10.283857861322469,10.283857861322469,10.283857861322469,10.359999656677246,10.350000381469727,10.640000343322754,10.100000381469727,-0.07614179535477739,-0.06614252014725786,-0.3561424820002852,0.18385747985274214,-0.026649628374172084,-0.023149882051540248,-0.12464986870009981,0.06435011794845975,-0.6707316770264803,0.3356482965396787,-0.4241316332528273,0.3546383508825767,-1,1,-1,1,-13,13,-13,13,-12,13,-12,13
1783308254.9055731,0.0,0.0,0.0,0.0,0.0,0,0.0,0.0,0.0,0.0,10.359999656677246,10.350000381469727,10.640000343322754,10.100000381469727,-10.359999656677246,-10.350000381469727,-10.640000343322754,-10.100000381469727,-3.625999879837036,-3.622500133514404,-3.724000120162964,-3.535000133514404,0.0,0.0,0.0,0.0,-1,1,-1,1,0,0,0,0,0,0,0,0
1783308254.9255831,0.0,0.0,0.0,0.0,0.0,0,0.0,0.0,0.0,0.0,10.359999656677246,10.350000381469727,10.640000343322754,10.100000381469727,-10.359999656677246,-10.350000381469727,-10.640000343322754,-10.100000381469727,-3.625999879837036,-3.622500133514404,-3.724000120162964,-3.535000133514404,0.0,0.0,0.0,0.0,-1,1,-1,1,0,0,0,0,0,0,0,0
1783308254.945578,0.0,0.0,0.0,0.0,0.0,0,0.0,0.0,0.0,0.0,10.1899995803833,9.960000038146973,10.390000343322754,9.789999961853027,-10.1899995803833,-9.960000038146973,-10.390000343322754,-9.789999961853027,-3.566499853134155,-3.48600001335144,-3.6365001201629634,-3.4264999866485595,0.0,0.0,0.0,0.0,-1,1,-1,1,0,0,0,0,0,0,0,0
1783308254.9655674,0.0,0.0,0.0,0.0,0.0,0,0.0,0.0,0.0,0.0,10.1899995803833,9.960000038146973,10.390000343322754,9.789999961853027,-10.1899995803833,-9.960000038146973,-10.390000343322754,-9.789999961853027,-3.566499853134155,-3.48600001335144,-3.6365001201629634,-3.4264999866485595,0.0,0.0,0.0,0.0,-1,1,-1,1,0,0,0,0,0,0,0,0
1783308254.9856062,0.0,0.0,0.0,0.0,0.0,0,0.0,0.0,0.0,0.0,9.170000076293945,8.5600004196167,8.859999656677246,8.210000038146973,-9.170000076293945,-8.5600004196167,-8.859999656677246,-8.210000038146973,-3.2095000267028806,-2.9960001468658444,-3.100999879837036,-2.8735000133514403,0.0,0.0,0.0,0.0,-1,1,-1,1,0,0,0,0,0,0,0,0
1783308255.005571,0.0,0.0,0.0,0.0,0.0,0,0.0,0.0,0.0,0.0,9.170000076293945,8.5600004196167,8.859999656677246,8.210000038146973,-9.170000076293945,-8.5600004196167,-8.859999656677246,-8.210000038146973,-3.2095000267028806,-2.9960001468658444,-3.100999879837036,-2.8735000133514403,0.0,0.0,0.0,0.0,-1,1,-1,1,0,0,0,0,0,0,0,0
1783308255.0255623,0.0,0.0,0.0,0.0,0.0,0,0.0,0.0,0.0,0.0,9.170000076293945,8.5600004196167,8.859999656677246,8.210000038146973,-9.170000076293945,-8.5600004196167,-8.859999656677246,-8.210000038146973,-3.2095000267028806,-2.9960001468658444,-3.100999879837036,-2.8735000133514403,0.0,0.0,0.0,0.0,-1,1,-1,1,0,0,0,0,0,0,0,0
1783308255.0455651,0.0,0.0,0.0,0.0,0.0,0,0.0,0.0,0.0,0.0,7.099999904632568,6.670000076293945,6.880000114440918,6.429999828338623,-7.099999904632568,-6.670000076293945,-6.880000114440918,-6.429999828338623,-2.4849999666213987,-2.3345000267028806,-2.408000040054321,-2.2504999399185177,0.0,0.0,0.0,0.0,-1,1,-1,1,0,0,0,0,0,0,0,0
1783308255.0655668,0.0,0.0,0.0,0.0,0.0,0,0.0,0.0,0.0,0.0,7.099999904632568,6.670000076293945,6.880000114440918,6.429999828338623,-7.099999904632568,-6.670000076293945,-6.880000114440918,-6.429999828338623,-2.4849999666213987,-2.3345000267028806,-2.408000040054321,-2.2504999399185177,0.0,0.0,0.0,0.0,-1,1,-1,1,0,0,0,0,0,0,0,0
1783308255.085612,0.0,0.0,0.0,0.0,0.0,0,0.0,0.0,0.0,0.0,4.96999979019165,4.900000095367432,5.039999961853027,4.71999979019165,-4.96999979019165,-4.900000095367432,-5.039999961853027,-4.71999979019165,-1.7394999265670776,-1.715000033378601,-1.7639999866485594,-1.6519999265670775,0.0,0.0,0.0,0.0,-1,1,-1,1,0,0,0,0,0,0,0,0
1783308255.1055899,0.0,0.0,0.0,0.0,0.0,0,0.0,0.0,0.0,0.0,4.96999979019165,4.900000095367432,5.039999961853027,4.71999979019165,-4.96999979019165,-4.900000095367432,-5.039999961853027,-4.71999979019165,-1.7394999265670776,-1.715000033378601,-1.7639999866485594,-1.6519999265670775,0.0,0.0,0.0,0.0,-1,1,-1,1,0,0,0,0,0,0,0,0
1783308255.1255875,0.0,0.0,0.0,0.0,0.0,0,0.0,0.0,0.0,0.0,4.96999979019165,4.900000095367432,5.039999961853027,4.71999979019165,-4.96999979019165,-4.900000095367432,-5.039999961853027,-4.71999979019165,-1.7394999265670776,-1.715000033378601,-1.7639999866485594,-1.6519999265670775,0.0,0.0,0.0,0.0,-1,1,-1,1,0,0,0,0,0,0,0,0
1783308255.145593,0.0,0.0,0.0,0.0,0.0,0,0.0,0.0,0.0,0.0,3.4800000190734863,3.430000066757202,3.5299999713897705,3.309999942779541,-3.4800000190734863,-3.430000066757202,-3.5299999713897705,-3.309999942779541,-1.2180000066757202,-1.2005000233650207,-1.2354999899864196,-1.1584999799728393,0.0,0.0,0.0,0.0,-1,1,-1,1,0,0,0,0,0,0,0,0
1783308255.1655781,0.0,0.0,0.0,0.0,0.0,0,0.0,0.0,0.0,0.0,3.4800000190734863,3.430000066757202,3.5299999713897705,3.309999942779541,-3.4800000190734863,-3.430000066757202,-3.5299999713897705,-3.309999942779541,-1.2180000066757202,-1.2005000233650207,-1.2354999899864196,-1.1584999799728393,0.0,0.0,0.0,0.0,-1,1,-1,1,0,0,0,0,0,0,0,0
1783308255.18564,0.0,0.0,0.0,0.0,0.0,0,0.0,0.0,0.0,0.0,2.440000057220459,2.4000000953674316,2.4700000286102295,2.319999933242798,-2.440000057220459,-2.4000000953674316,-2.4700000286102295,-2.319999933242798,-0.8540000200271606,-0.8400000333786011,-0.8645000100135802,-0.8119999766349792,0.0,0.0,0.0,0.0,-1,1,-1,1,0,0,0,0,0,0,0,0
1783308255.20557,0.0,0.0,0.0,0.0,0.0,0,0.0,0.0,0.0,0.0,2.440000057220459,2.4000000953674316,2.4700000286102295,2.319999933242798,-2.440000057220459,-2.4000000953674316,-2.4700000286102295,-2.319999933242798,-0.8540000200271606,-0.8400000333786011,-0.8645000100135802,-0.8119999766349792,0.0,0.0,0.0,0.0,-1,1,-1,1,0,0,0,0,0,0,0,0
1783308255.2255712,0.0,0.0,0.0,0.0,0.0,0,0.0,0.0,0.0,0.0,2.440000057220459,2.4000000953674316,2.4700000286102295,2.319999933242798,-2.440000057220459,-2.4000000953674316,-2.4700000286102295,-2.319999933242798,-0.8540000200271606,-0.8400000333786011,-0.8645000100135802,-0.8119999766349792,0.0,0.0,0.0,0.0,-1,1,-1,1,0,0,0,0,0,0,0,0
1783308255.2456367,0.0,0.0,0.0,0.0,0.0,0,0.0,0.0,0.0,0.0,1.7000000476837158,1.6799999475479126,1.7300000190734863,1.6200000047683716,-1.7000000476837158,-1.6799999475479126,-1.7300000190734863,-1.6200000047683716,-0.5950000166893005,-0.5879999816417694,-0.6055000066757201,-0.56700000166893,0.0,0.0,0.0,0.0,-1,1,-1,1,0,0,0,0,0,0,0,0
1783308255.2655745,0.0,0.0,0.0,0.0,0.0,0,0.0,0.0,0.0,0.0,1.7000000476837158,1.6799999475479126,1.7300000190734863,1.6200000047683716,-1.7000000476837158,-1.6799999475479126,-1.7300000190734863,-1.6200000047683716,-0.5950000166893005,-0.5879999816417694,-0.6055000066757201,-0.56700000166893,0.0,0.0,0.0,0.0,-1,1,-1,1,0,0,0,0,0,0,0,0
1783308255.2856367,0.0,0.0,0.0,0.0,0.0,0,0.0,0.0,0.0,0.0,1.190000057220459,1.1799999475479126,1.2100000381469727,1.1299999952316284,-1.190000057220459,-1.1799999475479126,-1.2100000381469727,-1.1299999952316284,-0.41650002002716063,-0.4129999816417694,-0.4235000133514404,-0.3954999983310699,0.0,0.0,0.0,0.0,-1,1,-1,1,0,0,0,0,0,0,0,0
1783308255.3055825,0.0,0.0,0.0,0.0,0.0,0,0.0,0.0,0.0,0.0,1.190000057220459,1.1799999475479126,1.2100000381469727,1.1299999952316284,-1.190000057220459,-1.1799999475479126,-1.2100000381469727,-1.1299999952316284,-0.41650002002716063,-0.4129999816417694,-0.4235000133514404,-0.3954999983310699,0.0,0.0,0.0,0.0,-1,1,-1,1,0,0,0,0,0,0,0,0
1783308255.3255863,0.0,0.0,0.0,0.0,0.0,0,0.0,0.0,0.0,0.0,1.190000057220459,1.1799999475479126,1.2100000381469727,1.1299999952316284,-1.190000057220459,-1.1799999475479126,-1.2100000381469727,-1.1299999952316284,-0.41650002002716063,-0.4129999816417694,-0.4235000133514404,-0.3954999983310699,0.0,0.0,0.0,0.0,-1,1,-1,1,0,0,0,0,0,0,0,0
1783308255.3455844,0.0,0.0,0.0,0.0,0.0,0,0.0,0.0,0.0,0.0,0.8399999737739563,0.8199999928474426,0.8500000238418579,0.7900000214576721,-0.8399999737739563,-0.8199999928474426,-0.8500000238418579,-0.7900000214576721,-0.2939999908208847,-0.2869999974966049,-0.29750000834465024,-0.2765000075101852,0.0,0.0,0.0,0.0,-1,1,-1,1,0,0,0,0,0,0,0,0
1783308255.3655822,0.0,0.0,0.0,0.0,0.0,0,0.0,0.0,0.0,0.0,0.8399999737739563,0.8199999928474426,0.8500000238418579,0.7900000214576721,-0.8399999737739563,-0.8199999928474426,-0.8500000238418579,-0.7900000214576721,-0.2939999908208847,-0.2869999974966049,-0.29750000834465024,-0.2765000075101852,0.0,0.0,0.0,0.0,-1,1,-1,1,0,0,0,0,0,0,0,0
1783308255.38564,0.0,0.0,0.0,0.0,0.0,0,0.0,0.0,0.0,0.0,0.5799999833106995,0.5799999833106995,0.5899999737739563,0.5600000023841858,-0.5799999833106995,-0.5799999833106995,-0.5899999737739563,-0.5600000023841858,-0.2029999941587448,-0.2029999941587448,-0.2064999908208847,-0.196000000834465,0.0,0.0,0.0,0.0,-1,1,-1,1,0,0,0,0,0,0,0,0
1783308255.4056098,0.0,0.0,0.12,0.0,0.0,1,10.225092959257768,-10.225092959257768,10.225092959257768,-10.225092959257768,0.5799999833106995,0.5799999833106995,0.5899999737739563,0.5600000023841858,9.645092975947069,-10.805092942568468,9.635092985483812,-10.785092961641954,3.375782541581474,-3.7817825298989636,3.372282544919334,-3.774782536574684,0.08680583678352363,-0.09724583648311623,0.08671583686935432,-0.09706583665477758,-1,1,-1,1,-18,-18,-18,-18,-21,-22,-21,-22
1783308255.4256065,0.0,0.0,0.12,0.0,0.0,1,10.225092959257768,-10.225092959257768,10.225092959257768,-10.225092959257768,0.5799999833106995,0.5799999833106995,0.5899999737739563,0.5600000023841858,9.645092975947069,-10.805092942568468,9.635092985483812,-10.785092961641954,3.375782541581474,-3.7817825298989636,3.372282544919334,-3.774782536574684,0.17361167356704726,-0.19449167296623246,0.17343167373870863,-0.19413167330955516,-1,1,-1,1,-18,-18,-18,-18,-22,-22,-22,-22
1783308255.4456084,0.0,0.0,0.12,0.0,0.0,1,10.225092959257768,-10.225092959257768,10.225092959257768,-10.225092959257768,0.4099999964237213,0.4000000059604645,0.41999998688697815,0.38999998569488525,9.815092962834047,-10.625092965218233,9.80509297237079,-10.615092944952654,3.435282536991916,-3.7187825378263812,3.4317825403297766,-3.7152825307334285,0.2619475102325537,-0.29011750965319655,0.26167751049004573,-0.28966750981412903,-1,1,-1,1,-18,-18,-18,-18,-22,-22,-22,-22
1783308255.4656005,0.0,0.0,0.12,0.0,0.0,1,10.225092959257768,-10.225092959257768,10.225092959257768,-10.225092959257768,0.4099999964237213,0.4000000059604645,0.41999998688697815,0.38999998569488525,9.815092962834047,-10.625092965218233,9.80509297237079,-10.615092944952654,3.435282536991916,-3.7187825378263812,3.4317825403297766,-3.7152825307334285,0.3502833468980601,-0.38574334634016066,0.34992334724138285,-0.3852033463187029,-1,1,-1,1,-18,-18,-18,-18,-22,-22,-22,-22
1783308255.4856675,0.0,0.0,0.12,0.0,0.0,1,10.225092959257768,-10.225092959257768,10.225092959257768,-10.225092959257768,1.4199999570846558,-0.4000000059604645,1.8799999952316284,-0.8600000143051147,8.805093002173113,-9.825092953297304,8.34509296402614,-9.365092944952654,3.081782550760589,-3.4387825336540563,2.9207825374091487,-3.2777825307334285,0.42952918391761813,-0.4741691829198364,0.4250291839176181,-0.4694891828232768,-1,1,-1,1,-18,-18,-18,-18,-22,-22,-21,-22
1783308255.505601,0.0,0.0,0.12,0.0,0.0,1,10.225092959257768,-10.225092959257768,10.225092959257768,-10.225092959257768,1.4199999570846558,-0.4000000059604645,1.8799999952316284,-0.8600000143051147,8.805093002173113,-9.825092953297304,8.34509296402614,-9.365092944952654,3.081782550760589,-3.4387825336540563,2.9207825374091487,-3.2777825307334285,0.5087750209371762,-0.5625950194995122,0.5001350205938534,-0.5537750193278507,-1,1,-1,1,-18,-18,-18,-18,-22,-22,-21,-22
1783308255.5256047,0.0,0.0,0.12,0.0,0.0,1,10.225092959257768,-10.225092959257768,10.225092959257768,-10.225092959257768,1.4199999570846558,-0.4000000059604645,1.8799999952316284,-0.8600000143051147,8.805093002173113,-9.825092953297304,8.34509296402614,-9.365092944952654,3.081782550760589,-3.4387825336540563,2.9207825374091487,-3.2777825307334285,0.5880208579567342,-0.6510208560791879,0.5752408572700887,-0.6380608558324246,-1,1,-1,1,-18,-18,-18,-18,-22,-22,-21,-22
1783308255.5456283,0.0,0.0,0.12,0.0,0.0,1,10.225092959257768,-10.225092959257768,10.225092959257768,-10.225092959257768,3.0299999713897705,-2.5399999618530273,2.6700000762939453,-1.5099999904632568,7.195092987867998,-7.685092997404741,7.555092882963823,-8.715092968794512,2.518282545753799,-2.6897825490916594,2.644282509037338,-3.050282539078079,0.6527766948475462,-0.7201866930558306,0.643236693216763,-0.7164966925515752,-1,1,-1,1,-18,-18,-18,-18,-21,-21,-21,-22
1783308255.5655942,0.0,0.0,0.12,0.0,0.0,1,10.225092959257768,-10.225092959257768,10.225092959257768,-10.225092959257768,3.0299999713897705,-2.5399999618530273,2.6700000762939453,-1.5099999904632568,7.195092987867998,-7.685092997404741,7.555092882963823,-8.715092968794512,2.518282545753799,-2.6897825490916594,2.644282509037338,-3.050282539078079,0.7175325317383582,-0.7893525300324733,0.7112325291634374,-0.7949325292707259,-1,1,-1,1,-18,-18,-18,-18,-21,-21,-21,-22
1783308255.585661,0.0,0.0,0.12,0.0,0.0,1,10.225092959257768,-10.225092959257768,10.225092959257768,-10.225092959257768,5.289999961853027,-4.949999809265137,3.0,-2.190000057220459,4.935092997404741,-5.275093149992632,7.225092959257768,-8.03509290203731,1.7272825490916592,-1.846282602497421,2.528782535740219,-2.812282515713058,0.7619483687150008,-0.8368283683824069,0.7762583657967573,-0.8672483653890617,-1,1,-1,1,-18,-18,-18,-18,-20,-21,-21,-22
1783308255.605592,0.0,0.0,0.12,0.0,0.0,1,10.225092959257768,-10.225092959257768,10.225092959257768,-10.225092959257768,5.289999961853027,-4.949999809265137,3.0,-2.190000057220459,4.935092997404741,-5.275093149992632,7.225092959257768,-8.03509290203731,1.7272825490916592,-1.846282602497421,2.528782535740219,-2.812282515713058,0.8063642056916435,-0.8843042067323406,0.8412842024300773,-0.9395642015073975,-1,1,-1,1,-18,-18,-18,-18,-21,-21,-21,-22
1783308255.6255872,0.0,0.0,0.12,0.0,0.0,1,10.225092959257768,-10.225092959257768,10.225092959257768,-10.225092959257768,5.289999961853027,-4.949999809265137,3.0,-2.190000057220459,4.935092997404741,-5.275093149992632,7.225092959257768,-8.03509290203731,1.7272825490916592,-1.846282602497421,2.528782535740219,-2.812282515713058,0.8507800426682861,-0.9317800450822742,0.9063100390633972,-1.0118800376257333,-1,1,-1,1,-18,-18,-18,-18,-21,-21,-21,-22
1783308255.6455867,0.0,0.0,0.12,0.0,0.0,1,10.225092959257768,-10.225092959257768,10.225092959257768,-10.225092959257768,6.650000095367432,-5.960000038146973,3.9100000858306885,-3.119999885559082,3.5750928638903368,-4.265092921110796,6.31509287342708,-7.105093073698686,1.2512825023616179,-1.4927825223887785,2.2102825056994777,-2.48678257579454,0.8829558784432991,-0.9701658813722713,0.963145874924241,-1.0758258752890215,-1,1,-1,1,-18,-18,-18,-18,-20,-20,-21,-22
1783308255.665591,0.0,0.0,0.12,0.0,0.0,1,10.225092959257768,-10.225092959257768,10.225092959257768,-10.225092959257768,6.650000095367432,-5.960000038146973,3.9100000858306885,-3.119999885559082,3.5750928638903368,-4.265092921110796,6.31509287342708,-7.105093073698686,1.2512825023616179,-1.4927825223887785,2.2102825056994777,-2.48678257579454,0.9151317142183122,-1.0085517176622685,1.0199817107850846,-1.1397717129523097,-1,1,-1,1,-18,-18,-18,-18,-20,-21,-21,-22
1783308255.6856678,0.0,0.0,0.12,0.0,0.0,1,10.225092959257768,-10.225092959257768,10.225092959257768,-10.225092959257768,8.279999732971191,-7.789999961853027,5.460000038146973,-5.119999885559082,1.945093226286577,-2.435092997404741,4.765092921110796,-5.105093073698686,0.6807826292003019,-0.8522825490916593,1.6677825223887783,-1.7867825757945401,0.9326375532548914,-1.030467554638911,1.0628675470750817,-1.185717550615598,-1,1,-1,1,-18,-18,-18,-18,-20,-20,-21,-21
1783308255.7056026,0.0,0.0,0.12,0.0,0.0,1,10.225092959257768,-10.225092959257768,10.225092959257768,-10.225092959257768,8.279999732971191,-7.789999961853027,5.460000038146973,-5.119999885559082,1.945093226286577,-2.435092997404741,4.765092921110796,-5.105093073698686,0.6807826292003019,-0.8522825490916593,1.6677825223887783,-1.7867825757945401,0.9501433922914706,-1.0523833916155536,1.1057533833650788,-1.231663388278886,-1,1,-1,1,-18,-18,-18,-18,-20,-20,-21,-21
1783308255.725592,0.0,0.0,0.12,0.0,0.0,1,10.225092959257768,-10.225092959257768,10.225092959257768,-10.225092959257768,8.279999732971191,-7.789999961853027,5.460000038146973,-5.119999885559082,1.945093226286577,-2.435092997404741,4.765092921110796,-5.105093073698686,0.6807826292003019,-0.8522825490916593,1.6677825223887783,-1.7867825757945401,0.9676492313280498,-1.0742992285921962,1.1486392196550759,-1.2776092259421743,-1,1,-1,1,-18,-18,-18,-18,-20,-20,-21,-21
1783308255.7455919,0.0,0.0,0.12,0.0,0.0,1,10.225092959257768,-10.225092959257768,10.225092959257768,-10.225092959257768,10.319999694824219,-9.529999732971191,6.989999771118164,-6.300000190734863,-0.09490673556645035,-0.695093226286577,3.2350931881396043,-3.925092768522905,-0.03321735744825762,-0.24328262920030194,1.1322826158488615,-1.3737824689830167,0.9667950707079518,-1.0805550676287754,1.1777550583483323,-1.3129350608588803,-1,1,-1,1,-18,-18,-18,-18,-19,-19,-20,-21
1783308255.7655907,0.0,0.0,0.12,0.0,0.0,1,10.225092959257768,-10.225092959257768,10.225092959257768,-10.225092959257768,10.319999694824219,-9.529999732971191,6.989999771118164,-6.300000190734863,-0.09490673556645035,-0.695093226286577,3.2350931881396043,-3.925092768522905,-0.03321735744825762,-0.24328262920030194,1.1322826158488615,-1.3737824689830167,0.9659409100878538,-1.0868109066653546,1.2068708970415887,-1.3482608957755864,-1,1,-1,1,-18,-18,-18,-18,-19,-19,-20,-21
1783308255.7856722,0.0,0.0,0.12,0.0,0.0,1,10.225092959257768,-10.225092959257768,10.225092959257768,-10.225092959257768,11.069999694824219,-10.069999694824219,8.739999771118164,-7.360000133514404,-0.8449067355664504,-0.15509326443354965,1.4850931881396043,-2.865092825743364,-0.2957173574482576,-0.05428264255174237,0.5197826158488615,-1.0027824890101773,0.9583367494677557,-1.0882067460452565,1.2202367357348451,-1.3740467312072766,-1,1,-1,1,-18,-18,-18,-18,-19,-19,-20,-20
1783308255.805607,0.0,0.0,0.12,0.0,0.0,1,10.225092959257768,-10.225092959257768,10.225092959257768,-10.225092959257768,11.069999694824219,-10.069999694824219,8.739999771118164,-7.360000133514404,-0.8449067355664504,-0.15509326443354965,1.4850931881396043,-2.865092825743364,-0.2957173574482576,-0.05428264255174237,0.5197826158488615,-1.0027824890101773,0.9507325888476577,-1.0896025854251583,1.2336025744281016,-1.3998325666389668,-1,1,-1,1,-18,-18,-18,-18,-19,-19,-20,-20
1783308255.8255954,0.0,0.0,0.12,0.0,0.0,1,10.225092959257768,-10.225092959257768,10.225092959257768,-10.225092959257768,11.069999694824219,-10.069999694824219,8.739999771118164,-7.360000133514404,-0.8449067355664504,-0.15509326443354965,1.4850931881396043,-2.865092825743364,-0.2957173574482576,-0.05428264255174237,0.5197826158488615,-1.0027824890101773,0.9431284282275596,-1.0909984248050602,1.246968413121358,-1.425618402070657,-1,1,-1,1,-18,-18,-18,-18,-19,-19,-20,-20
1783308255.8456135,0.0,0.0,0.12,0.0,0.0,1,10.225092959257768,-10.225092959257768,10.225092959257768,-10.225092959257768,11.829999923706055,-10.670000076293945,10.420000076293945,-9.220000267028809,-1.6049069644482863,0.4449071170361769,-0.1949071170361769,-1.0050926922289598,-0.5617174375569002,0.1557174909626619,-0.06821749096266191,-0.3517824422801359,0.928684265547525,-1.0869942607517347,1.2452142490680325,-1.4346642363007176,-1,1,-1,1,-18,-18,-18,-18,-18,-19,-19,-20
1783308255.8655982,0.0,0.0,0.12,0.0,0.0,1,10.225092959257768,-10.225092959257768,10.225092959257768,-10.225092959257768,11.829999923706055,-10.670000076293945,10.420000076293945,-9.220000267028809,-1.6049069644482863,0.4449071170361769,-0.1949071170361769,-1.0050926922289598,-0.5617174375569002,0.1557174909626619,-0.06821749096266191,-0.3517824422801359,0.9142401028674905,-1.0829900966984092,1.2434600850147068,-1.4437100705307782,-1,1,-1,1,-18,-18,-18,-18,-18,-19,-19,-20
1783308255.8856773,0.0,0.0,0.12,0.0,0.0,1,10.225092959257768,-10.225092959257768,10.225092959257768,-10.225092959257768,12.8100004196167,-11.319999694824219,11.819999694824219,-10.529999732971191,-2.584907460358931,1.0949067355664504,-1.5949067355664504,0.304906773713423,-0.9047176111256258,0.3832173574482576,-0.5582173574482576,0.10671737079969805,0.89097593572426,-1.073135936078311,1.2291059243946088,-1.4409659095673573,-1,1,-1,1,-18,-18,-18,-18,-18,-19,-19,-19
1783308255.905589,0.0,0.0,0.12,0.0,0.0,1,10.225092959257768,-10.225092959257768,10.225092959257768,-10.225092959257768,12.8100004196167,-11.319999694824219,11.819999694824219,-10.529999732971191,-2.584907460358931,1.0949067355664504,-1.5949067355664504,0.304906773713423,-0.9047176111256258,0.3832173574482576,-0.5582173574482576,0.10671737079969805,0.8677117685810296,-1.063281775458213,1.2147517637745107,-1.4382217486039364,-1,1,-1,1,-18,-18,-18,-18,-18,-19,-19,-19
1783308255.925612,0.0,0.0,0.12,0.0,0.0,1,10.225092959257768,-10.225092959257768,10.225092959257768,-10.225092959257768,12.8100004196167,-11.319999694824219,11.819999694824219,-10.529999732971191,-2.584907460358931,1.0949067355664504,-1.5949067355664504,0.304906773713423,-0.9047176111256258,0.3832173574482576,-0.5582173574482576,0.10671737079969805,0.8444476014377992,-1.0534276148381148,1.2003976031544126,-1.4354775876405155,-1,1,-1,1,-18,-18,-18,-18,-18,-19,-19,-19
1783308255.9456012,0.0,0.0,0.12,0.0,0.0,1,10.225092959257768,-10.225092959257768,10.225092959257768,-10.225092959257768,13.039999961853027,-11.539999961853027,13.029999732971191,-11.0,-2.814907002595259,1.314907002595259,-2.804906773713423,0.7749070407422316,-0.9852174509083406,0.4602174509083406,-0.981717370799698,0.27121746425978105,0.8191134384144418,-1.0415934518147574,1.1751534421909917,-1.4285034242738355,-1,1,-1,1,-18,-18,-18,-18,-18,-19,-18,-19
1783308255.965605,0.0,0.0,0.12,0.0,0.0,1,10.225092959257768,-10.225092959257768,10.225092959257768,-10.225092959257768,13.039999961853027,-11.539999961853027,13.029999732971191,-11.0,-2.814907002595259,1.314907002595259,-2.804906773713423,0.7749070407422316,-0.9852174509083406,0.4602174509083406,-0.981717370799698,0.27121746425978105,0.7937792753910845,-1.0297592887914,1.1499092812275709,-1.4215292609071555,-1,1,-1,1,-18,-18,-18,-18,-18,-19,-18,-19
1783308255.9856632,0.0,0.0,0.12,0.0,0.0,1,10.225092959257768,-10.225092959257768,10.225092959257768,-10.225092959257768,12.75,-10.569999694824219,13.649999618530273,-12.229999542236328,-2.5249070407422316,0.34490673556645035,-3.424906659272505,2.0049065829785597,-0.883717464259781,0.12071735744825761,-1.1987173307453767,0.7017173040424959,0.7710551120244045,-1.026655128171302,1.1190851212941184,-1.4034851016603485,-1,1,-1,1,-18,-18,-18,-18,-18,-19,-18,-19
1783308256.0056105,0.0,0.0,0.12,0.0,0.0,1,10.225092959257768,-10.225092959257768,10.225092959257768,-10.225092959257768,12.75,-10.569999694824219,13.649999618530273,-12.229999542236328,-2.5249070407422316,0.34490673556645035,-3.424906659272505,2.0049065829785597,-0.883717464259781,0.12071735744825761,-1.1987173307453767,0.7017173040424959,0.7483309486577244,-1.0235509675512038,1.088260961360666,-1.3854409424135414,-1,1,-1,1,-18,-18,-18,-18,-18,-19,-18,-19
1783308256.0255957,0.0,0.0,0.12,0.0,0.0,1,10.225092959257768,-10.225092959257768,10.225092959257768,-10.225092959257768,12.75,-10.569999694824219,13.649999618530273,-12.229999542236328,-2.5249070407422316,0.34490673556645035,-3.424906659272505,2.0049065829785597,-0.883717464259781,0.12071735744825761,-1.1987173307453767,0.7017173040424959,0.7256067852910444,-1.0204468069311057,1.0574368014272135,-1.3673967831667344,-1,1,-1,1,-18,-18,-18,-18,-18,-19,-18,-19
1783308256.0456133,0.0,0.0,0.12,0.0,0.0,1,10.225092959257768,-10.225092959257768,10.225092959257768,-10.225092959257768,12.100000381469727,-10.119999885559082,14.760000228881836,-12.40999984741211,-1.8749074222119582,-0.10509307369868637,-4.5349072696240675,2.184906888154341,-0.6562175977741853,-0.03678257579454022,-1.5872175443684235,0.7647174108540193,0.7087326184911368,-1.021392644594394,1.016622636000597,-1.3477326211733454,-1,1,-1,1,-18,-18,-18,-18,-18,-19,-18,-19
1783308256.0656037,0.0,0.0,0.12,0.0,0.0,1,10.225092959257768,-10.225092959257768,10.225092959257768,-10.225092959257768,12.100000381469727,-10.119999885559082,14.760000228881836,-12.40999984741211,-1.8749074222119582,-0.10509307369868637,-4.5349072696240675,2.184906888154341,-0.6562175977741853,-0.03678257579454022,-1.5872175443684235,0.7647174108540193,0.6918584516912292,-1.0223384822576822,0.9758084705739803,-1.3280684591799563,-1,1,-1,1,-18,-18,-18,-18,-18,-19,-18,-19
1783308256.0856624,0.0,0.0,0.12,0.0,0.0,1,10.225092959257768,-10.225092959257768,10.225092959257768,-10.225092959257768,12.319999694824219,-10.699999809265137,15.09000015258789,-12.760000228881836,-2.0949067355664504,0.4749068500073683,-4.864907193330122,2.5349072696240675,-0.7332173574482576,0.1662173975025789,-1.7027175176655427,0.8872175443684236,0.6730042910711311,-1.0180643206076159,0.9320243058340092,-1.3052542937533398,-1,1,-1,1,-18,-18,-18,-18,-18,-19,-18,-18
1783308256.1056108,0.0,0.0,0.12,0.0,0.0,1,10.225092959257768,-10.225092959257768,10.225092959257768,-10.225092959257768,12.319999694824219,-10.699999809265137,15.09000015258789,-12.760000228881836,-2.0949067355664504,0.4749068500073683,-4.864907193330122,2.5349072696240675,-0.7332173574482576,0.1662173975025789,-1.7027175176655427,0.8872175443684236,0.6541501304510331,-1.0137901589575495,0.888240141094038,-1.2824401283267233,-1,1,-1,1,-18,-18,-18,-18,-18,-19,-18,-18
1783308256.1256022,0.0,0.0,0.12,0.0,0.0,1,10.225092959257768,-10.225092959257768,10.225092959257768,-10.225092959257768,12.319999694824219,-10.699999809265137,15.09000015258789,-12.760000228881836,-2.0949067355664504,0.4749068500073683,-4.864907193330122,2.5349072696240675,-0.7332173574482576,0.1662173975025789,-1.7027175176655427,0.8872175443684236,0.6352959698309351,-1.0095159973074832,0.8444559763540669,-1.2596259629001068,-1,1,-1,1,-18,-18,-18,-18,-18,-19,-18,-18
1783308256.14561,0.0,0.0,0.12,0.0,0.0,1,10.225092959257768,-10.225092959257768,10.225092959257768,-10.225092959257768,12.699999809265137,-9.760000228881836,15.319999694824219,-13.010000228881836,-2.4749068500073683,-0.46509273037593246,-5.09490673556645,2.7849072696240675,-0.8662173975025789,-0.16278245563157634,-1.7832173574482575,0.9747175443684236,0.6130218081808687,-1.0137018318808666,0.7986018157339688,-1.2345617974734902,-1,1,-1,1,-18,-18,-18,-18,-18,-19,-18,-18
1783308256.1656034,0.0,0.0,0.12,0.0,0.0,1,10.225092959257768,-10.225092959257768,10.225092959257768,-10.225092959257768,12.699999809265137,-9.760000228881836,15.319999694824219,-13.010000228881836,-2.4749068500073683,-0.46509273037593246,-5.09490673556645,2.7849072696240675,-0.8662173975025789,-0.16278245563157634,-1.7832173574482575,0.9747175443684236,0.5907476465308024,-1.01788766645425,0.7527476551138708,-1.2094976320468735,-1,1,-1,1,-18,-18,-18,-18,-18,-19,-18,-18
1783308256.1856716,0.0,0.0,0.12,0.0,0.0,1,10.225092959257768,-10.225092959257768,10.225092959257768,-10.225092959257768,12.279999732971191,-10.0,15.930000305175781,-12.279999732971191,-2.054906773713423,-0.2250929592577684,-5.704907345918013,2.054906773713423,-0.719217370799698,-0.07878253574021893,-1.9967175710713043,0.719217370799698,0.5722534855673815,-1.01991350308757,0.7014034890006087,-1.1910034710834527,-1,1,-1,1,-18,-18,-18,-18,-18,-19,-18,-18
1783308256.2056143,0.0,0.0,0.12,0.0,0.0,1,10.225092959257768,-10.225092959257768,10.225092959257768,-10.225092959257768,12.279999732971191,-10.0,15.930000305175781,-12.279999732971191,-2.054906773713423,-0.2250929592577684,-5.704907345918013,2.054906773713423,-0.719217370799698,-0.07878253574021893,-1.9967175710713043,0.719217370799698,0.5537593246039607,-1.0219393397208898,0.6500593228873466,-1.172509310120032,-1,1,-1,1,-18,-18,-18,-18,-18,-19,-18,-18
1783308256.2255943,0.0,0.0,0.12,0.0,0.0,1,10.225092959257768,-10.225092959257768,10.225092959257768,-10.225092959257768,12.279999732971191,-10.0,15.930000305175781,-12.279999732971191,-2.054906773713423,-0.2250929592577684,-5.704907345918013,2.054906773713423,-0.719217370799698,-0.07878253574021893,-1.9967175710713043,0.719217370799698,0.5352651636405399,-1.0239651763542097,0.5987151567740845,-1.154015149156611,-1,1,-1,1,-18,-18,-18,-18,-18,-19,-18,-18
1783308256.2456138,0.0,0.0,0.12,0.0,0.0,1,10.225092959257768,-10.225092959257768,10.225092959257768,-10.225092959257768,11.989999771118164,-9.489999771118164,14.319999694824219,-12.4399995803833,-1.7649068118603957,-0.7350931881396043,-4.09490673556645,2.2149066211255324,-0.6177173841511384,-0.25728261584886153,-1.4332173574482576,0.7752173173939363,0.5193810023337964,-1.0305810150474661,0.5618609961539864,-1.1340809895664812,-1,1,-1,1,-18,-18,-18,-18,-18,-19,-18,-18
1783308256.2656033,0.0,0.0,0.12,0.0,0.0,1,10.225092959257768,-10.225092959257768,10.225092959257768,-10.225092959257768,11.989999771118164,-9.489999771118164,14.319999694824219,-12.4399995803833,-1.7649068118603957,-0.7350931881396043,-4.09490673556645,2.2149066211255324,-0.6177173841511384,-0.25728261584886153,-1.4332173574482576,0.7752173173939363,0.5034968410270528,-1.0371968537407226,0.5250068355338884,-1.1141468299763513,-1,1,-1,1,-18,-18,-18,-18,-18,-19,-18,-18
1783308256.285655,0.0,0.0,0.12,0.0,0.0,1,10.225092959257768,-10.225092959257768,10.225092959257768,-10.225092959257768,12.470000267028809,-10.039999961853027,15.460000038146973,-12.109999656677246,-2.24490730777104,-0.18509299740474106,-5.234907078889204,1.8849066974194777,-0.7857175577198641,-0.06478254909165937,-1.8322174776112214,0.6597173440968171,0.48329267525711345,-1.0388626907173653,0.47789267182388556,-1.097182669699576,-1,1,-1,1,-18,-18,-18,-18,-18,-19,-18,-18
1783308256.3056107,0.0,0.0,0.12,0.0,0.0,1,10.225092959257768,-10.225092959257768,10.225092959257768,-10.225092959257768,12.470000267028809,-10.039999961853027,15.460000038146973,-12.109999656677246,-2.24490730777104,-0.18509299740474106,-5.234907078889204,1.8849066974194777,-0.7857175577198641,-0.06478254909165937,-1.8322174776112214,0.6597173440968171,0.46308850948717406,-1.040528527694008,0.43077850811388274,-1.0802185094228005,-1,1,-1,1,-18,-18,-18,-18,-18,-19,-18,-18
1783308256.3256018,0.0,0.0,0.12,0.0,0.0,1,10.225092959257768,-10.225092959257768,10.225092959257768,-10.225092959257768,12.470000267028809,-10.039999961853027,15.460000038146973,-12.109999656677246,-2.24490730777104,-0.18509299740474106,-5.234907078889204,1.8849066974194777,-0.7857175577198641,-0.06478254909165937,-1.8322174776112214,0.6597173440968171,0.4428843437172347,-1.0421943646706506,0.3836643444038799,-1.0632543491460251,-1,1,-1,1,-18,-18,-18,-18,-18,-19,-18,-18
1783308256.34561,0.0,0.0,0.12,0.0,0.0,1,10.225092959257768,-10.225092959257768,10.225092959257768,-10.225092959257768,12.8100004196167,-10.420000076293945,14.899999618530273,-11.869999885559082,-2.584907460358931,0.1949071170361769,-4.674906659272505,1.6449069263013136,-0.9047176111256258,0.06821749096266191,-1.6362173307453767,0.5757174242054597,0.4196201765740043,-1.040440200617325,0.3415901844704274,-1.0484501868093132,-1,1,-1,1,-18,-18,-18,-18,-18,-19,-18,-18
1783308256.3655992,0.0,0.0,0.12,0.0,0.0,1,10.225092959257768,-10.225092959257768,10.225092959257768,-10.225092959257768,12.8100004196167,-10.420000076293945,14.899999618530273,-11.869999885559082,-2.584907460358931,0.1949071170361769,-4.674906659272505,1.6449069263013136,-0.9047176111256258,0.06821749096266191,-1.6362173307453767,0.5757174242054597,0.3963560094307739,-1.0386860365639994,0.29951602453697485,-1.0336460244726013,-1,1,-1,1,-18,-18,-18,-18,-18,-19,-18,-18
1783308256.3856606,0.0,0.0,0.12,0.0,0.0,1,10.225092959257768,-10.225092959257768,10.225092959257768,-10.225092959257768,13.039999961853027,-10.470000267028809,13.600000381469727,-11.029999732971191,-2.814907002595259,0.2449073077710402,-3.374907422211958,0.804906773713423,-0.9852174509083406,0.08571755771986406,-1.1812175977741852,0.28171737079969805,0.3710218464074166,-1.03648187079406,0.2691418577370672,-1.0264018635091805,-1,1,-1,1,-18,-18,-18,-18,-18,-19,-18,-19
1783308256.4056141,0.0,0.0,0.12,0.0,0.0,1,10.225092959257768,-10.225092959257768,10.225092959257768,-10.225092959257768,13.039999961853027,-10.470000267028809,13.600000381469727,-11.029999732971191,-2.814907002595259,0.2449073077710402,-3.374907422211958,0.804906773713423,-0.9852174509083406,0.08571755771986406,-1.1812175977741852,0.28171737079969805,0.34568768338405925,-1.0342777050241205,0.2387676909371596,-1.0191577025457597,-1,1,-1,1,-18,-18,-18,-18,-18,-19,-18,-19
1783308256.4255939,0.0,0.0,0.12,0.0,0.0,1,10.225092959257768,-10.225092959257768,10.225092959257768,-10.225092959257768,13.039999961853027,-10.470000267028809,13.600000381469727,-11.029999732971191,-2.814907002595259,0.2449073077710402,-3.374907422211958,0.804906773713423,-0.9852174509083406,0.08571755771986406,-1.1812175977741852,0.28171737079969805,0.3203535203607019,-1.032073539254181,0.20839352413725198,-1.0119135415823388,-1,1,-1,1,-18,-18,-18,-18,-18,-19,-18,-19
1783308256.445611,0.0,0.0,0.12,0.0,0.0,1,10.225092959257768,-10.225092959257768,10.225092959257768,-10.225092959257768,13.430000305175781,-11.180000305175781,13.819999694824219,-10.4399995803833,-3.204907345918013,0.9549073459180129,-3.5949067355664504,0.21490662112553238,-1.1217175710713043,0.33421757107130445,-1.2582173574482576,0.07521731739393633,0.2915093542474398,-1.023479373140919,0.17603936351715394,-1.009979381992209,-1,1,-1,1,-18,-18,-18,-18,-18,-19,-18,-19
1783308256.465601,0.0,0.0,0.12,0.0,0.0,1,10.225092959257768,-10.225092959257768,10.225092959257768,-10.225092959257768,13.430000305175781,-11.180000305175781,13.819999694824219,-10.4399995803833,-3.204907345918013,0.9549073459180129,-3.5949067355664504,0.21490662112553238,-1.1217175710713043,0.33421757107130445,-1.2582173574482576,0.07521731739393633,0.26266518813417766,-1.014885207027657,0.14368520289705589,-1.008045222402079,-1,1,-1,1,-18,-18,-18,-18,-18,-19,-18,-19
1783308256.4856634,0.0,0.0,0.12,0.0,0.0,1,10.225092959257768,-10.225092959257768,10.225092959257768,-10.225092959257768,13.930000305175781,-11.220000267028809,13.300000190734863,-10.930000305175781,-3.704907345918013,0.9949073077710402,-3.074907231477095,0.7049073459180129,-1.2967175710713044,0.34821755771986407,-1.076217531016983,0.2467175710713045,0.22932102202091553,-1.0059310412577176,0.11601103781376203,-1.001701056288817,-1,1,-1,1,-18,-18,-18,-18,-18,-19,-18,-19
1783308256.5056062,0.0,0.0,0.12,0.0,0.0,1,10.225092959257768,-10.225092959257768,10.225092959257768,-10.225092959257768,13.930000305175781,-11.220000267028809,13.300000190734863,-10.930000305175781,-3.704907345918013,0.9949073077710402,-3.074907231477095,0.7049073459180129,-1.2967175710713044,0.34821755771986407,-1.076217531016983,0.2467175710713045,0.1959768559076534,-0.9969768754877782,0.08833687273046817,-0.9953568901755547,-1,1,-1,1,-18,-18,-18,-18,-18,-19,-18,-19
1783308256.525604,0.0,0.0,0.12,0.0,0.0,1,10.225092959257768,-10.225092959257768,10.225092959257768,-10.225092959257768,13.930000305175781,-11.220000267028809,13.300000190734863,-10.930000305175781,-3.704907345918013,0.9949073077710402,-3.074907231477095,0.7049073459180129,-1.2967175710713044,0.34821755771986407,-1.076217531016983,0.2467175710713045,0.16263268979439127,-0.9880227097178389,0.06066270764717431,-0.9890127240622926,-1,1,-1,1,-18,-18,-18,-18,-18,-19,-18,-19
1783308256.5456119,0.0,0.0,0.12,0.0,0.0,1,10.225092959257768,-10.225092959257768,10.225092959257768,-10.225092959257768,13.600000381469727,-11.479999542236328,13.15999984741211,-10.59000015258789,-3.374907422211958,1.2549065829785597,-2.934906888154341,0.3649071933301222,-1.1812175977741852,0.43921730404249587,-1.0272174108540193,0.12771751766554276,0.13225852299448365,-0.9767285504710319,0.03424854565378524,-0.9857285593223215,-1,1,-1,1,-18,-18,-18,-18,-18,-19,-18,-19
1783308256.5656023,0.0,0.0,0.12,0.0,0.0,1,10.225092959257768,-10.225092959257768,10.225092959257768,-10.225092959257768,13.600000381469727,-11.479999542236328,13.15999984741211,-10.59000015258789,-3.374907422211958,1.2549065829785597,-2.934906888154341,0.3649071933301222,-1.1812175977741852,0.43921730404249587,-1.0272174108540193,0.12771751766554276,0.10188435619457603,-0.9654343912242249,0.007834383660396169,-0.9824443945823504,-1,1,-1,1,-18,-18,-18,-18,-18,-19,-18,-19
1783308256.585659,0.0,0.0,0.12,0.0,0.0,1,10.225092959257768,-10.225092959257768,10.225092959257768,-10.225092959257768,14.050000190734863,-11.430000305175781,12.609999656677246,-9.680000305175781,-3.824907231477095,1.2049073459180129,-2.3849066974194777,-0.5450926540819871,-1.3387175310169832,0.4217175710713045,-0.8347173440968172,-0.19078242892869549,0.06746019111128218,-0.9545902251109628,-0.013629776616379131,-0.9873502284690884,-1,1,-1,1,-18,-18,-18,-18,-18,-19,-18,-19
1783308256.6056142,0.0,0.0,0.12,0.0,0.0,1,10.225092959257768,-10.225092959257768,10.225092959257768,-10.225092959257768,14.050000190734863,-11.430000305175781,12.609999656677246,-9.680000305175781,-3.824907231477095,1.2049073459180129,-2.3849066974194777,-0.5450926540819871,-1.3387175310169832,0.4217175710713045,-0.8347173440968172,-0.19078242892869549,0.03303602602798832,-0.9437460589977007,-0.03509393689315443,-0.9922560623558263,-1,1,-1,1,-18,-18,-18,-18,-18,-19,-18,-19
1783308256.6256,0.0,0.0,0.12,0.0,0.0,1,10.225092959257768,-10.225092959257768,10.225092959257768,-10.225092959257768,14.050000190734863,-11.430000305175781,12.609999656677246,-9.680000305175781,-3.824907231477095,1.2049073459180129,-2.3849066974194777,-0.5450926540819871,-1.3387175310169832,0.4217175710713045,-0.8347173440968172,-0.19078242892869549,-0.0013881390553055345,-0.9329018928844386,-0.05655809716992973,-0.9971618962425642,-1,1,-1,1,-18,-18,-18,-18,-18,-19,-18,-19
1783308256.6456327,0.0,0.0,0.12,0.0,0.0,1,10.225092959257768,-10.225092959257768,10.225092959257768,-10.225092959257768,13.680000305175781,-10.720000267028809,12.220000267028809,-9.720000267028809,-3.454907345918013,0.4949073077710402,-1.9949073077710402,-0.5050926922289598,-1.2092175710713045,0.17321755771986405,-0.698217557719864,-0.17678244228013593,-0.03248230516856765,-0.9284477271144992,-0.0745122629398691,-1.001707730472625,-1,1,-1,1,-18,-18,-18,-18,-18,-19,-18,-19
1783308256.6656127,0.0,0.0,0.12,0.0,0.0,1,10.225092959257768,-10.225092959257768,10.225092959257768,-10.225092959257768,13.680000305175781,-10.720000267028809,12.220000267028809,-9.720000267028809,-3.454907345918013,0.4949073077710402,-1.9949073077710402,-0.5050926922289598,-1.2092175710713045,0.17321755771986405,-0.698217557719864,-0.17678244228013593,-0.06357647128182976,-0.9239935613445598,-0.09246642870980845,-1.0062535647026856,-1,1,-1,1,-18,-18,-18,-18,-18,-19,-18,-19
1783308256.6856663,0.0,0.0,0.12,0.0,0.0,1,10.225092959257768,-10.225092959257768,10.225092959257768,-10.225092959257768,13.199999809265137,-10.899999618530273,12.399999618530273,-9.970000267028809,-2.9749068500073683,0.674906659272505,-2.174906659272505,-0.2550926922289598,-1.041217397502579,0.23621733074537674,-0.7612173307453767,-0.08928244228013593,-0.09035063293189607,-0.9179194014111073,-0.112040588643261,-1.0085493989327463,-1,1,-1,1,-18,-18,-18,-18,-18,-19,-18,-19
1783308256.705593,0.0,0.0,0.12,0.0,0.0,1,10.225092959257768,-10.225092959257768,10.225092959257768,-10.225092959257768,13.199999809265137,-10.899999618530273,12.399999618530273,-9.970000267028809,-2.9749068500073683,0.674906659272505,-2.174906659272505,-0.2550926922289598,-1.041217397502579,0.23621733074537674,-0.7612173307453767,-0.08928244228013593,-0.11712479458196239,-0.9118452414776548,-0.13161474857671354,-1.010845233162807,-1,1,-1,1,-18,-18,-18,-18,-18,-19,-18,-19
1783308256.7255964,0.0,0.0,0.12,0.0,0.0,1,10.225092959257768,-10.225092959257768,10.225092959257768,-10.225092959257768,13.199999809265137,-10.899999618530273,12.399999618530273,-9.970000267028809,-2.9749068500073683,0.674906659272505,-2.174906659272505,-0.2550926922289598,-1.041217397502579,0.23621733074537674,-0.7612173307453767,-0.08928244228013593,-0.1438989562320287,-0.9057710815442023,-0.1511889085101661,-1.0131410673928678,-1,1,-1,1,-18,-18,-18,-18,-18,-19,-18,-19
1783308256.7456412,0.0,0.0,0.12,0.0,0.0,1,10.225092959257768,-10.225092959257768,10.225092959257768,-10.225092959257768,13.539999961853027,-10.800000190734863,12.079999923706055,-9.25,-3.314907002595259,0.5749072314770949,-1.8549069644482863,-0.9750929592577684,-1.1602174509083405,0.2012175310169832,-0.6492174375569002,-0.34128253574021894,-0.17373311925538604,-0.9005969164609084,-0.16788307119020066,-1.0219169040261877,-1,1,-1,1,-18,-18,-18,-18,-18,-19,-18,-19
1783308256.7655897,0.0,0.0,0.12,0.0,0.0,1,10.225092959257768,-10.225092959257768,10.225092959257768,-10.225092959257768,13.539999961853027,-10.800000190734863,12.079999923706055,-9.25,-3.314907002595259,0.5749072314770949,-1.8549069644482863,-0.9750929592577684,-1.1602174509083405,0.2012175310169832,-0.6492174375569002,-0.34128253574021894,-0.20356728227874338,-0.8954227513776146,-0.18457723387023522,-1.0306927406595077,-1,1,-1,1,-18,-18,-18,-18,-18,-19,-18,-19
1783308256.7856793,0.0,0.0,0.12,0.0,0.0,1,10.225092959257768,-10.225092959257768,10.225092959257768,-10.225092959257768,12.880000114440918,-10.5,11.170000076293945,-8.279999732971191,-2.6549071551831496,0.2749070407422316,-0.9449071170361769,-1.945093226286577,-0.9292175043141023,0.09621746425978106,-0.3307174909626619,-0.6807826292003019,-0.22746144667539173,-0.8929485880109346,-0.19308139792356083,-1.0481985796960869,-1,1,-1,1,-18,-18,-18,-18,-18,-19,-18,-20
1783308256.8056128,0.0,0.0,0.12,0.0,0.0,1,10.225092959257768,-10.225092959257768,10.225092959257768,-10.225092959257768,12.880000114440918,-10.5,11.170000076293945,-8.279999732971191,-2.6549071551831496,0.2749070407422316,-0.9449071170361769,-1.945093226286577,-0.9292175043141023,0.09621746425978106,-0.3307174909626619,-0.6807826292003019,-0.2513556110720401,-0.8904744246442545,-0.20158556197688643,-1.065704418732666,-1,1,-1,1,-18,-18,-18,-18,-18,-19,-18,-20
1783308256.825643,0.0,0.0,0.12,0.0,0.0,1,10.225092959257768,-10.225092959257768,10.225092959257768,-10.225092959257768,12.880000114440918,-10.5,11.170000076293945,-8.279999732971191,-2.6549071551831496,0.2749070407422316,-0.9449071170361769,-1.945093226286577,-0.9292175043141023,0.09621746425978106,-0.3307174909626619,-0.6807826292003019,-0.2752497754686884,-0.8880002612775745,-0.21008972603021203,-1.0832102577692453,-1,1,-1,1,-18,-18,-18,-18,-18,-19,-18,-20
1783308256.845591,0.0,0.0,0.12,0.0,0.0,1,10.225092959257768,-10.225092959257768,10.225092959257768,-10.225092959257768,12.859999656677246,-9.84000015258789,10.760000228881836,-7.840000152587891,-2.6349066974194777,-0.3850928066698778,-0.5349072696240675,-2.3850928066698778,-0.9222173440968171,-0.13478248233445722,-0.18721754436842364,-0.8347824823344572,-0.2989639357454637,-0.8914660965376033,-0.21490389145682864,-1.1046760930292743,-1,1,-1,1,-18,-18,-18,-18,-18,-19,-18,-20
1783308256.8656046,0.0,0.0,0.12,0.0,0.0,1,10.225092959257768,-10.225092959257768,10.225092959257768,-10.225092959257768,12.859999656677246,-9.84000015258789,10.760000228881836,-7.840000152587891,-2.6349066974194777,-0.3850928066698778,-0.5349072696240675,-2.3850928066698778,-0.9222173440968171,-0.13478248233445722,-0.18721754436842364,-0.8347824823344572,-0.322678096022239,-0.8949319317976322,-0.21971805688344526,-1.1261419282893033,-1,1,-1,1,-18,-18,-18,-18,-18,-19,-18,-20
1783308256.8856642,0.0,0.0,0.12,0.0,0.0,1,10.225092959257768,-10.225092959257768,10.225092959257768,-10.225092959257768,12.850000381469727,-9.829999923706055,10.479999542236328,-8.199999809265137,-2.624907422211958,-0.3950930355517137,-0.2549065829785597,-2.0250931499926317,-0.9187175977741853,-0.13828256244309978,-0.08921730404249589,-0.7087826024974211,-0.34630226282214666,-0.8984877691175976,-0.2220122161302523,-1.144367766639237,-1,1,-1,1,-18,-18,-18,-18,-18,-19,-18,-20
1783308256.9055936,0.0,0.0,0.12,0.0,0.0,1,10.225092959257768,-10.225092959257768,10.225092959257768,-10.225092959257768,12.850000381469727,-9.829999923706055,10.479999542236328,-8.199999809265137,-2.624907422211958,-0.3950930355517137,-0.2549065829785597,-2.0250931499926317,-0.9187175977741853,-0.13828256244309978,-0.08921730404249589,-0.7087826024974211,-0.3699264296220543,-0.9020436064375631,-0.22430637537705933,-1.1625936049891705,-1,1,-1,1,-18,-18,-18,-18,-18,-19,-18,-20
1783308256.9256058,0.0,0.0,0.12,0.0,0.0,1,10.225092959257768,-10.225092959257768,10.225092959257768,-10.225092959257768,12.850000381469727,-9.829999923706055,10.479999542236328,-8.199999809265137,-2.624907422211958,-0.3950930355517137,-0.2549065829785597,-2.0250931499926317,-0.9187175977741853,-0.13828256244309978,-0.08921730404249589,-0.7087826024974211,-0.39355059642196194,-0.9055994437575285,-0.22660053462386637,-1.1808194433391042,-1,1,-1,1,-18,-18,-18,-18,-18,-19,-18,-20
1783308256.945611,0.0,0.0,0.12,0.0,0.0,1,10.225092959257768,-10.225092959257768,10.225092959257768,-10.225092959257768,11.710000038146973,-10.279999732971191,10.960000038146973,-8.90999984741211,-1.4849070788892043,0.05490677371342301,-0.7349070788892043,-1.315093111845659,-0.5197174776112214,0.019217370799698052,-0.2572174776112215,-0.46028258914598064,-0.40691476013196476,-0.9051052827941077,-0.2332146983338692,-1.1926552813457152,-1,1,-1,1,-18,-18,-18,-18,-18,-19,-18,-20
1783308256.9655952,0.0,0.0,0.12,0.0,0.0,1,10.225092959257768,-10.225092959257768,10.225092959257768,-10.225092959257768,11.710000038146973,-10.279999732971191,10.960000038146973,-8.90999984741211,-1.4849070788892043,0.05490677371342301,-0.7349070788892043,-1.315093111845659,-0.5197174776112214,0.019217370799698052,-0.2572174776112215,-0.46028258914598064,-0.4202789238419676,-0.9046111218306869,-0.23982886204387205,-1.2044911193523262,-1,1,-1,1,-18,-18,-18,-18,-18,-19,-18,-20
1783308256.9856632,0.0,0.0,0.12,0.0,0.0,1,10.225092959257768,-10.225092959257768,10.225092959257768,-10.225092959257768,11.819999694824219,-10.140000343322754,11.069999694824219,-9.40999984741211,-1.5949067355664504,-0.08509261593501449,-0.8449067355664504,-0.815093111845659,-0.5582173574482576,-0.02978241557725507,-0.2957173574482576,-0.28528258914598065,-0.4346330844620656,-0.905376955374102,-0.2474330226639701,-1.211826957358937,-1,1,-1,1,-18,-18,-18,-18,-18,-19,-18,-19
1783308257.0056071,0.0,0.0,0.12,0.0,0.0,1,10.225092959257768,-10.225092959257768,10.225092959257768,-10.225092959257768,11.819999694824219,-10.140000343322754,11.069999694824219,-9.40999984741211,-1.5949067355664504,-0.08509261593501449,-0.8449067355664504,-0.815093111845659,-0.5582173574482576,-0.02978241557725507,-0.2957173574482576,-0.28528258914598065,-0.44898724508216364,-0.9061427889175171,-0.25503718328406816,-1.219162795365548,-1,1,-1,1,-18,-18,-18,-18,-18,-19,-18,-20
1783308257.0255835,0.0,0.0,0.12,0.0,0.0,1,10.225092959257768,-10.225092959257768,10.225092959257768,-10.225092959257768,11.819999694824219,-10.140000343322754,11.069999694824219,-9.40999984741211,-1.5949067355664504,-0.08509261593501449,-0.8449067355664504,-0.815093111845659,-0.5582173574482576,-0.02978241557725507,-0.2957173574482576,-0.28528258914598065,-0.4633414057022617,-0.9069086224609322,-0.2626413439041662,-1.2264986333721588,-1,1,-1,1,-18,-18,-18,-18,-18,-19,-18,-20
1783308257.0456126,0.0,0.0,0.12,0.0,0.0,1,10.225092959257768,-10.225092959257768,10.225092959257768,-10.225092959257768,12.579999923706055,-10.270000457763672,11.819999694824219,-9.979999542236328,-2.3549069644482863,0.044907498505903476,-1.5949067355664504,-0.24509341702144027,-0.8242174375569001,0.015717624477066216,-0.5582173574482576,-0.0857826959575041,-0.4845355683822963,-0.906504454974379,-0.27699550452426425,-1.2287044741253517,-1,1,-1,1,-18,-18,-18,-18,-18,-19,-18,-19
1783308257.0656066,0.0,0.0,0.12,0.0,0.0,1,10.225092959257768,-10.225092959257768,10.225092959257768,-10.225092959257768,12.579999923706055,-10.270000457763672,11.819999694824219,-9.979999542236328,-2.3549069644482863,0.044907498505903476,-1.5949067355664504,-0.24509341702144027,-0.8242174375569001,0.015717624477066216,-0.5582173574482576,-0.0857826959575041,-0.5057297310623309,-0.9061002874878259,-0.2913496651443623,-1.2309103148785445,-1,1,-1,1,-18,-18,-18,-18,-18,-19,-18,-19
1783308257.0856798,0.0,0.0,0.12,0.0,0.0,1,10.225092959257768,-10.225092959257768,10.225092959257768,-10.225092959257768,12.199999809265137,-10.359999656677246,12.579999923706055,-10.609999656677246,-1.9749068500073683,0.1349066974194777,-2.3549069644482863,0.3849066974194777,-0.6912173975025788,0.04721734409681719,-0.8242174375569001,0.13471734409681718,-0.5235038927123972,-0.9048861272110506,-0.3125438278243969,-1.2274461546017692,-1,1,-1,1,-18,-18,-18,-18,-18,-19,-18,-19
1783308257.105605,0.0,0.0,0.12,0.0,0.0,1,10.225092959257768,-10.225092959257768,10.225092959257768,-10.225092959257768,12.199999809265137,-10.359999656677246,12.579999923706055,-10.609999656677246,-1.9749068500073683,0.1349066974194777,-2.3549069644482863,0.3849066974194777,-0.6912173975025788,0.04721734409681719,-0.8242174375569001,0.13471734409681718,-0.5412780543624635,-0.9036719669342752,-0.3337379905044315,-1.2239819943249939,-1,1,-1,1,-18,-18,-18,-18,-18,-19,-18,-19
1783308257.1256077,0.0,0.0,0.12,0.0,0.0,1,10.225092959257768,-10.225092959257768,10.225092959257768,-10.225092959257768,12.199999809265137,-10.359999656677246,12.579999923706055,-10.609999656677246,-1.9749068500073683,0.1349066974194777,-2.3549069644482863,0.3849066974194777,-0.6912173975025788,0.04721734409681719,-0.8242174375569001,0.13471734409681718,-0.5590522160125297,-0.9024578066574999,-0.3549321531844661,-1.2205178340482186,-1,1,-1,1,-18,-18,-18,-18,-18,-19,-18,-19
1783308257.1455998,0.0,0.0,0.12,0.0,0.0,1,10.225092959257768,-10.225092959257768,10.225092959257768,-10.225092959257768,12.390000343322754,-10.649999618530273,13.109999656677246,-11.050000190734863,-2.1649073840649855,0.42490665927250504,-2.8849066974194777,0.8249072314770949,-0.7577175844227448,0.14871733074537674,-1.0097173440968172,0.28871753101698316,-0.5785363824691147,-0.8986336467240473,-0.38089631346124136,-1.2130936689649248,-1,1,-1,1,-18,-18,-18,-18,-18,-19,-18,-19
1783308257.1656063,0.0,0.0,0.12,0.0,0.0,1,10.225092959257768,-10.225092959257768,10.225092959257768,-10.225092959257768,12.390000343322754,-10.649999618530273,13.109999656677246,-11.050000190734863,-2.1649073840649855,0.42490665927250504,-2.8849066974194777,0.8249072314770949,-0.7577175844227448,0.14871733074537674,-1.0097173440968172,0.28871753101698316,-0.5980205489256996,-0.8948094867905948,-0.40686047373801665,-1.205669503881631,-1,1,-1,1,-18,-18,-18,-18,-18,-19,-18,-19
1783308257.1856775,0.0,0.0,0.12,0.0,0.0,1,10.225092959257768,-10.225092959257768,10.225092959257768,-10.225092959257768,12.970000267028809,-10.619999885559082,13.479999542236328,-11.359999656677246,-2.74490730777104,0.39490692630131363,-3.2549065829785597,1.1349066974194777,-0.960717557719864,0.13821742420545977,-1.1392173040424958,0.3972173440968172,-0.622724714695639,-0.891255324453883,-0.4361546329848237,-1.1954553436048556,-1,1,-1,1,-18,-18,-18,-18,-18,-19,-18,-19
1783308257.2055984,0.0,0.0,0.12,0.0,0.0,1,10.225092959257768,-10.225092959257768,10.225092959257768,-10.225092959257768,12.970000267028809,-10.619999885559082,13.479999542236328,-11.359999656677246,-2.74490730777104,0.39490692630131363,-3.2549065829785597,1.1349066974194777,-0.960717557719864,0.13821742420545977,-1.1392173040424958,0.3972173440968172,-0.6474288804655783,-0.8877011621171712,-0.46544879223163077,-1.1852411833280803,-1,1,-1,1,-18,-18,-18,-18,-18,-19,-18,-19
1783308257.225583,0.0,0.0,0.12,0.0,0.0,1,10.225092959257768,-10.225092959257768,10.225092959257768,-10.225092959257768,12.970000267028809,-10.619999885559082,13.479999542236328,-11.359999656677246,-2.74490730777104,0.39490692630131363,-3.2549065829785597,1.1349066974194777,-0.960717557719864,0.13821742420545977,-1.1392173040424958,0.3972173440968172,-0.6721330462355177,-0.8841469997804594,-0.49474295147843783,-1.175027023051305,-1,1,-1,1,-18,-18,-18,-18,-18,-19,-18,-19
1783308257.245611,0.0,0.0,0.12,0.0,0.0,1,10.225092959257768,-10.225092959257768,10.225092959257768,-10.225092959257768,12.25,-9.699999809265137,13.739999771118164,-11.800000190734863,-2.0249070407422316,-0.5250931499926317,-3.5149068118603957,1.5749072314770949,-0.708717464259781,-0.18378260249742107,-1.2302173841511383,0.5512175310169831,-0.6903572096021978,-0.8888728381303931,-0.5263771127851814,-1.160852857968011,-1,1,-1,1,-18,-18,-18,-18,-18,-19,-18,-19
1783308257.265592,0.0,0.0,0.12,0.0,0.0,1,10.225092959257768,-10.225092959257768,10.225092959257768,-10.225092959257768,12.25,-9.699999809265137,13.739999771118164,-11.800000190734863,-2.0249070407422316,-0.5250931499926317,-3.5149068118603957,1.5749072314770949,-0.708717464259781,-0.18378260249742107,-1.2302173841511383,0.5512175310169831,-0.7085813729688779,-0.8935986764803268,-0.558011274091925,-1.1466786928847172,-1,1,-1,1,-18,-18,-18,-18,-18,-19,-18,-19
1783308257.2856555,0.0,0.0,0.12,0.0,0.0,1,10.225092959257768,-10.225092959257768,10.225092959257768,-10.225092959257768,11.289999961853027,-9.050000190734863,14.369999885559082,-11.65999984741211,-1.064907002595259,-1.1750927685229051,-4.144906926301314,1.434906888154341,-0.37271745090834063,-0.4112824689830168,-1.4507174242054597,0.5022174108540193,-0.7181655359922352,-0.9041745113970329,-0.5953154364286368,-1.1337645308913282,-1,1,-1,1,-18,-18,-18,-18,-18,-19,-18,-19
1783308257.3055954,0.0,0.0,0.12,0.0,0.0,1,10.225092959257768,-10.225092959257768,10.225092959257768,-10.225092959257768,11.289999961853027,-9.050000190734863,14.369999885559082,-11.65999984741211,-1.064907002595259,-1.1750927685229051,-4.144906926301314,1.434906888154341,-0.37271745090834063,-0.4112824689830168,-1.4507174242054597,0.5022174108540193,-0.7277496990155925,-0.914750346313739,-0.6326195987653487,-1.1208503688979392,-1,1,-1,1,-18,-18,-18,-18,-18,-19,-18,-19
1783308257.325613,0.0,0.0,0.12,0.0,0.0,1,10.225092959257768,-10.225092959257768,10.225092959257768,-10.225092959257768,11.289999961853027,-9.050000190734863,14.369999885559082,-11.65999984741211,-1.064907002595259,-1.1750927685229051,-4.144906926301314,1.434906888154341,-0.37271745090834063,-0.4112824689830168,-1.4507174242054597,0.5022174108540193,-0.7373338620389498,-0.9253261812304451,-0.6699237611020605,-1.1079362069045502,-1,1,-1,1,-18,-18,-18,-18,-18,-19,-18,-19
1783308257.3456123,0.0,0.0,0.12,0.0,0.0,1,10.225092959257768,-10.225092959257768,10.225092959257768,-10.225092959257768,11.300000190734863,-8.829999923706055,14.359999656677246,-11.779999732971191,-1.0749072314770949,-1.3950930355517137,-4.134906697419478,1.554906773713423,-0.3762175310169832,-0.48828256244309975,-1.447217344096817,0.544217370799698,-0.7470080271222437,-0.9378820185504105,-0.7071379213788358,-1.0939420459411293,-1,1,-1,1,-18,-18,-18,-18,-18,-19,-18,-19
1783308257.3656,0.0,0.0,0.12,0.0,0.0,1,10.225092959257768,-10.225092959257768,10.225092959257768,-10.225092959257768,11.300000190734863,-8.829999923706055,14.359999656677246,-11.779999732971191,-1.0749072314770949,-1.3950930355517137,-4.134906697419478,1.554906773713423,-0.3762175310169832,-0.48828256244309975,-1.447217344096817,0.544217370799698,-0.7566821922055376,-0.950437855870376,-0.7443520816556111,-1.0799478849777084,-1,1,-1,1,-18,-18,-18,-18,-18,-19,-18,-19
1783308257.3856623,0.0,0.0,0.12,0.0,0.0,1,10.225092959257768,-10.225092959257768,10.225092959257768,-10.225092959257768,11.3100004196167,-9.350000381469727,13.899999618530273,-11.869999885559082,-1.0849074603589308,-0.8750925777880418,-3.674906659272505,1.6449069263013136,-0.37971761112562574,-0.3062824022258146,-1.2862173307453766,0.5757174242054597,-0.7664463593487679,-0.9583136890704683,-0.7774262415890636,-1.0651437226409965,-1,1,-1,1,-18,-18,-18,-18,-18,-19,-18,-18
1783308257.4055984,0.0,0.0,0.12,0.0,0.0,1,10.225092959257768,-10.225092959257768,10.225092959257768,-10.225092959257768,11.3100004196167,-9.350000381469727,13.899999618530273,-11.869999885559082,-1.0849074603589308,-0.8750925777880418,-3.674906659272505,1.6449069263013136,-0.37971761112562574,-0.3062824022258146,-1.2862173307453766,0.5757174242054597,-0.7762105264919983,-0.9661895222705607,-0.8105004015225161,-1.0503395603042847,-1,1,-1,1,-18,-18,-18,-18,-18,-19,-18,-18
1783308257.4255915,0.0,0.0,0.12,0.0,0.0,1,10.225092959257768,-10.225092959257768,10.225092959257768,-10.225092959257768,11.3100004196167,-9.350000381469727,13.899999618530273,-11.869999885559082,-1.0849074603589308,-0.8750925777880418,-3.674906659272505,1.6449069263013136,-0.37971761112562574,-0.3062824022258146,-1.2862173307453766,0.5757174242054597,-0.7859746936352286,-0.974065355470653,-0.8435745614559687,-1.0355353979675728,-1,1,-1,1,-18,-18,-18,-18,-18,-19,-18,-18
1783308257.4456117,0.0,0.0,0.12,0.0,0.0,1,10.225092959257768,-10.225092959257768,10.225092959257768,-10.225092959257768,11.539999961853027,-9.710000038146973,13.579999923706055,-11.25,-1.314907002595259,-0.5150929211107957,-3.3549069644482863,1.0249070407422316,-0.4602174509083406,-0.1802825223887785,-1.1742174375569001,0.358717464259781,-0.797808856658586,-0.9787011917606502,-0.8737687241360033,-1.0263112346008927,-1,1,-1,1,-18,-18,-18,-18,-18,-19,-18,-19
1783308257.4655907,0.0,0.0,0.12,0.0,0.0,1,10.225092959257768,-10.225092959257768,10.225092959257768,-10.225092959257768,11.539999961853027,-9.710000038146973,13.579999923706055,-11.25,-1.314907002595259,-0.5150929211107957,-3.3549069644482863,1.0249070407422316,-0.4602174509083406,-0.1802825223887785,-1.1742174375569001,0.358717464259781,-0.8096430196819434,-0.9833370280506474,-0.9039628868160379,-1.0170870712342126,-1,1,-1,1,-18,-18,-18,-18,-18,-19,-18,-19
1783308257.4856904,0.0,0.0,0.12,0.0,0.0,1,10.225092959257768,-10.225092959257768,10.225092959257768,-10.225092959257768,12.149999618530273,-10.199999809265137,13.130000114440918,-10.819999694824219,-1.924906659272505,-0.02509314999263168,-2.9049071551831496,0.5949067355664504,-0.6737173307453768,-0.008782602497421087,-1.0167175043141023,0.20821735744825762,-0.826967179615396,-0.9835628664005811,-0.9301070512126862,-1.0117329106141146,-1,1,-1,1,-18,-18,-18,-18,-18,-19,-18,-19
1783308257.505605,0.0,0.0,0.12,0.0,0.0,1,10.225092959257768,-10.225092959257768,10.225092959257768,-10.225092959257768,12.149999618530273,-10.199999809265137,13.130000114440918,-10.819999694824219,-1.924906659272505,-0.02509314999263168,-2.9049071551831496,0.5949067355664504,-0.6737173307453768,-0.008782602497421087,-1.0167175043141023,0.20821735744825762,-0.8442913395488486,-0.9837887047505148,-0.9562512156093346,-1.0063787499940167,-1,1,-1,1,-18,-18,-18,-18,-18,-19,-18,-19
1783308257.5256054,0.0,0.0,0.12,0.0,0.0,1,10.225092959257768,-10.225092959257768,10.225092959257768,-10.225092959257768,12.149999618530273,-10.199999809265137,13.130000114440918,-10.819999694824219,-1.924906659272505,-0.02509314999263168,-2.9049071551831496,0.5949067355664504,-0.6737173307453768,-0.008782602497421087,-1.0167175043141023,0.20821735744825762,-0.8616154994823012,-0.9840145431004486,-0.9823953800059829,-1.0010245893739187,-1,1,-1,1,-18,-18,-18,-18,-18,-19,-18,-19
1783308257.5456064,0.0,0.0,0.12,0.0,0.0,1,10.225092959257768,-10.225092959257768,10.225092959257768,-10.225092959257768,12.579999923706055,-10.989999771118164,12.59000015258789,-10.739999771118164,-2.3549069644482863,0.7649068118603957,-2.3649071933301222,0.5149068118603957,-0.8242174375569001,0.26771738415113844,-0.8277175176655427,0.18021738415113847,-0.8828096621623358,-0.977130381793705,-1.003679544745954,-0.9963904280671751,-1,1,-1,1,-18,-18,-18,-18,-18,-19,-18,-19
1783308257.565596,0.0,0.0,0.12,0.0,0.0,1,10.225092959257768,-10.225092959257768,10.225092959257768,-10.225092959257768,12.579999923706055,-10.989999771118164,12.59000015258789,-10.739999771118164,-2.3549069644482863,0.7649068118603957,-2.3649071933301222,0.5149068118603957,-0.8242174375569001,0.26771738415113844,-0.8277175176655427,0.18021738415113847,-0.9040038248423704,-0.9702462204869615,-1.0249637094859252,-0.9917562667604316,-1,1,-1,1,-18,-18,-18,-18,-18,-19,-18,-19
1783308257.5856543,0.0,0.0,0.12,0.0,0.0,1,10.225092959257768,-10.225092959257768,10.225092959257768,-10.225092959257768,12.430000305175781,-11.3100004196167,12.430000305175781,-10.920000076293945,-2.204907345918013,1.0849074603589308,-2.204907345918013,0.6949071170361769,-0.7717175710713045,0.37971761112562574,-0.7717175710713045,0.2432174909626619,-0.9238479909556325,-0.9604820533437312,-1.0448078755991872,-0.985502102707106,-1,1,-1,1,-18,-18,-18,-18,-18,-19,-18,-19
1783308257.6056004,0.0,0.0,0.12,0.0,0.0,1,10.225092959257768,-10.225092959257768,10.225092959257768,-10.225092959257768,12.430000305175781,-11.3100004196167,12.430000305175781,-10.920000076293945,-2.204907345918013,1.0849074603589308,-2.204907345918013,0.6949071170361769,-0.7717175710713045,0.37971761112562574,-0.7717175710713045,0.2432174909626619,-0.9436921570688946,-0.9507178862005008,-1.0646520417124492,-0.9792479386537805,-1,1,-1,1,-18,-18,-18,-18,-18,-19,-18,-19
1783308257.6257262,0.0,0.0,0.12,0.0,0.0,1,10.225092959257768,-10.225092959257768,10.225092959257768,-10.225092959257768,12.430000305175781,-11.3100004196167,12.430000305175781,-10.920000076293945,-2.204907345918013,1.0849074603589308,-2.204907345918013,0.6949071170361769,-0.7717175710713045,0.37971761112562574,-0.7717175710713045,0.2432174909626619,-0.9635363231821568,-0.9409537190572704,-1.0844962078257112,-0.9729937746004549,-1,1,-1,1,-18,-18,-18,-18,-18,-19,-18,-19
1783308257.6457987,0.0,0.0,0.12,0.0,0.0,1,10.225092959257768,-10.225092959257768,10.225092959257768,-10.225092959257768,12.550000190734863,-11.989999771118164,12.550000190734863,-11.489999771118164,-2.324907231477095,1.7649068118603957,-2.324907231477095,1.2649068118603957,-0.8137175310169832,0.6177173841511384,-0.8137175310169832,0.4427173841511384,-0.9844604882654506,-0.9250695577505269,-1.105420372909005,-0.9616096132937113,-1,1,-1,1,-18,-18,-18,-18,-18,-18,-18,-19
1783308257.665626,0.0,0.0,0.12,0.0,0.0,1,10.225092959257768,-10.225092959257768,10.225092959257768,-10.225092959257768,12.550000190734863,-11.989999771118164,12.550000190734863,-11.489999771118164,-2.324907231477095,1.7649068118603957,-2.324907231477095,1.2649068118603957,-0.8137175310169832,0.6177173841511384,-0.8137175310169832,0.4427173841511384,-1.0053846533487445,-0.9091853964437834,-1.126344537992299,-0.9502254519869677,-1,1,-1,1,-18,-18,-18,-18,-18,-18,-18,-19
1783308257.685845,0.0,0.0,0.12,0.0,0.0,1,10.225092959257768,-10.225092959257768,10.225092959257768,-10.225092959257768,11.729999542236328,-12.020000457763672,12.859999656677246,-12.569999694824219,-1.5049065829785597,1.7949074985059035,-2.6349066974194777,2.3449067355664504,-0.5267173040424958,0.6282176244770662,-0.9222173440968171,0.8207173574482576,-1.0189288125955516,-0.8930312289572302,-1.1500586982690741,-0.9291212913668697,-1,1,-1,1,-18,-18,-18,-18,-18,-18,-18,-18
1783308257.7055938,0.0,0.0,0.12,0.0,0.0,1,10.225092959257768,-10.225092959257768,10.225092959257768,-10.225092959257768,11.729999542236328,-12.020000457763672,12.859999656677246,-12.569999694824219,-1.5049065829785597,1.7949074985059035,-2.6349066974194777,2.3449067355664504,-0.5267173040424958,0.6282176244770662,-0.9222173440968171,0.8207173574482576,-1.0324729718423586,-0.876877061470677,-1.1737728585458493,-0.9080171307467717,-1,1,-1,1,-18,-18,-18,-18,-18,-18,-18,-18
1783308257.725711,0.0,0.0,0.12,0.0,0.0,1,10.225092959257768,-10.225092959257768,10.225092959257768,-10.225092959257768,11.729999542236328,-12.020000457763672,12.859999656677246,-12.569999694824219,-1.5049065829785597,1.7949074985059035,-2.6349066974194777,2.3449067355664504,-0.5267173040424958,0.6282176244770662,-0.9222173440968171,0.8207173574482576,-1.0460171310891657,-0.8607228939841238,-1.1974870188226245,-0.8869129701266737,-1,1,-1,1,-18,-18,-18,-18,-18,-18,-18,-18
1783308257.7456648,0.0,0.0,0.12,0.0,0.0,1,10.225092959257768,-10.225092959257768,10.225092959257768,-10.225092959257768,10.25,-11.8100004196167,12.630000114440918,-13.5600004196167,-0.0249070407422316,1.5849074603589308,-2.4049071551831496,3.334907460358931,-0.008717464259781059,0.5547176111256258,-0.8417175043141023,1.1672176111256256,-1.046241294455846,-0.8464587268408934,-1.2191311832192728,-0.8568988029834433,-1,1,-1,1,-18,-18,-18,-18,-18,-18,-18,-18
1783308257.7655778,0.0,0.0,0.12,0.0,0.0,1,10.225092959257768,-10.225092959257768,10.225092959257768,-10.225092959257768,10.25,-11.8100004196167,12.630000114440918,-13.5600004196167,-0.0249070407422316,1.5849074603589308,-2.4049071551831496,3.334907460358931,-0.008717464259781059,0.5547176111256258,-0.8417175043141023,1.1672176111256256,-1.046465457822526,-0.832194559697663,-1.2407753476159211,-0.826884635840213,-1,1,-1,1,-18,-18,-18,-18,-18,-18,-18,-18
1783308257.7856612,0.0,0.0,0.12,0.0,0.0,1,10.225092959257768,-10.225092959257768,10.225092959257768,-10.225092959257768,8.529999732971191,-10.979999542236328,12.90999984741211,-13.5600004196167,1.695093226286577,0.7549065829785597,-2.684906888154341,3.334907460358931,0.593282629200302,0.2642173040424959,-0.9397174108540193,1.1672176111256256,-1.031209618785947,-0.8254004004508559,-1.2649395096093101,-0.7968704686969826,-1,1,-1,1,-18,-18,-18,-18,-18,-19,-18,-18
1783308257.805639,0.0,0.0,0.12,0.0,0.0,1,10.225092959257768,-10.225092959257768,10.225092959257768,-10.225092959257768,8.529999732971191,-10.979999542236328,12.90999984741211,-13.5600004196167,1.695093226286577,0.7549065829785597,-2.684906888154341,3.334907460358931,0.593282629200302,0.2642173040424959,-0.9397174108540193,1.1672176111256256,-1.0159537797493678,-0.8186062412040489,-1.2891036716026991,-0.7668563015537523,-1,1,-1,1,-18,-18,-18,-18,-18,-19,-18,-18
1783308257.825607,0.0,0.0,0.12,0.0,0.0,1,10.225092959257768,-10.225092959257768,10.225092959257768,-10.225092959257768,8.529999732971191,-10.979999542236328,12.90999984741211,-13.5600004196167,1.695093226286577,0.7549065829785597,-2.684906888154341,3.334907460358931,0.593282629200302,0.2642173040424959,-0.9397174108540193,1.1672176111256256,-1.0006979407127887,-0.8118120819572419,-1.3132678335960881,-0.7368421344105219,-1,1,-1,1,-18,-18,-18,-18,-18,-19,-18,-18
1783308257.8457265,0.0,0.0,0.12,0.0,0.0,1,10.225092959257768,-10.225092959257768,10.225092959257768,-10.225092959257768,7.559999942779541,-10.180000305175781,12.4399995803833,-14.699999809265137,2.6650930164782274,-0.04509265408198715,-2.2149066211255324,4.474906850007368,0.9327825557673796,-0.0157824289286955,-0.7752173173939363,1.5662173975025788,-0.9767121035644847,-0.8122179158439797,-1.333201993186218,-0.6965679727604556,-1,1,-1,1,-18,-18,-18,-18,-18,-19,-18,-18
1783308257.8657448,0.0,0.0,0.12,0.0,0.0,1,10.225092959257768,-10.225092959257768,10.225092959257768,-10.225092959257768,7.559999942779541,-10.180000305175781,12.4399995803833,-14.699999809265137,2.6650930164782274,-0.04509265408198715,-2.2149066211255324,4.474906850007368,0.9327825557673796,-0.0157824289286955,-0.7752173173939363,1.5662173975025788,-0.9527262664161806,-0.8126237497307176,-1.353136152776348,-0.6562938111103892,-1,1,-1,1,-18,-18,-18,-18,-18,-19,-18,-18
1783308257.8856642,0.0,0.0,0.12,0.0,0.0,1,10.225092959257768,-10.225092959257768,10.225092959257768,-10.225092959257768,6.869999885559082,-9.619999885559082,12.550000190734863,-14.59000015258789,3.3550930736986864,-0.6050930736986864,-2.324907231477095,4.364907193330122,1.17428257579454,-0.2117825757945402,-0.8137175310169832,1.5277175176655426,-0.9225304287528925,-0.8180695873940058,-1.3740603178596418,-0.6170096463704181,-1,1,-1,1,-18,-18,-18,-18,-18,-19,-18,-18
1783308257.9058,0.0,0.0,0.12,0.0,0.0,1,10.225092959257768,-10.225092959257768,10.225092959257768,-10.225092959257768,6.869999885559082,-9.619999885559082,12.550000190734863,-14.59000015258789,3.3550930736986864,-0.6050930736986864,-2.324907231477095,4.364907193330122,1.17428257579454,-0.2117825757945402,-0.8137175310169832,1.5277175176655426,-0.8923345910896043,-0.823515425057294,-1.3949844829429356,-0.577725481630447,-1,1,-1,1,-18,-18,-18,-18,-18,-19,-18,-18
1783308257.9257524,0.0,0.0,0.12,0.0,0.0,1,10.225092959257768,-10.225092959257768,10.225092959257768,-10.225092959257768,6.869999885559082,-9.619999885559082,12.550000190734863,-14.59000015258789,3.3550930736986864,-0.6050930736986864,-2.324907231477095,4.364907193330122,1.17428257579454,-0.2117825757945402,-0.8137175310169832,1.5277175176655426,-0.8621387534263162,-0.8289612627205822,-1.4159086480262295,-0.5384413168904759,-1,1,-1,1,-18,-18,-18,-18,-18,-19,-18,-18
1783308257.9459143,0.0,0.0,0.12,0.0,0.0,1,10.225092959257768,-10.225092959257768,10.225092959257768,-10.225092959257768,6.849999904632568,-9.449999809265137,12.40999984741211,-14.520000457763672,3.3750930546252,-0.7750931499926317,-2.184906888154341,4.2949074985059035,1.18128256911882,-0.2712826024974211,-0.7647174108540193,1.503217624477066,-0.8317629159346894,-0.8359371010705159,-1.4355728100196186,-0.49978714940392277,-1,1,-1,1,-18,-18,-18,-18,-18,-19,-18,-18
1783308257.9660509,0.0,0.0,0.12,0.0,0.0,1,10.225092959257768,-10.225092959257768,10.225092959257768,-10.225092959257768,6.849999904632568,-9.449999809265137,12.40999984741211,-14.520000457763672,3.3750930546252,-0.7750931499926317,-2.184906888154341,4.2949074985059035,1.18128256911882,-0.2712826024974211,-0.7647174108540193,1.503217624477066,-0.8013870784430627,-0.8429129394204495,-1.4552369720130076,-0.4611329819173696,-1,1,-1,1,-18,-18,-18,-18,-18,-19,-18,-18
1783308257.9858346,0.0,0.0,0.12,0.0,0.0,1,10.225092959257768,-10.225092959257768,10.225092959257768,-10.225092959257768,6.150000095367432,-10.010000228881836,11.630000114440918,-14.920000076293945,4.075092863890337,-0.21509273037593246,-1.4049071551831496,4.694907117036177,1.4262825023616177,-0.07528245563157636,-0.4917175043141023,1.6432174909626618,-0.7647112426680497,-0.844848773993833,-1.467881136409656,-0.418878817864044,-1,1,-1,1,-18,-18,-18,-18,-19,-19,-18,-18
1783308258.0056026,0.0,0.0,0.12,0.0,0.0,1,10.225092959257768,-10.225092959257768,10.225092959257768,-10.225092959257768,6.150000095367432,-10.010000228881836,11.630000114440918,-14.920000076293945,4.075092863890337,-0.21509273037593246,-1.4049071551831496,4.694907117036177,1.4262825023616177,-0.07528245563157636,-0.4917175043141023,1.6432174909626618,-0.7280354068930367,-0.8467846085672164,-1.4805253008063044,-0.3766246538107184,-1,1,-1,1,-18,-18,-18,-18,-19,-19,-18,-18
1783308258.0257723,0.0,0.0,0.12,0.0,0.0,1,10.225092959257768,-10.225092959257768,10.225092959257768,-10.225092959257768,6.150000095367432,-10.010000228881836,11.630000114440918,-14.920000076293945,4.075092863890337,-0.21509273037593246,-1.4049071551831496,4.694907117036177,1.4262825023616177,-0.07528245563157636,-0.4917175043141023,1.6432174909626618,-0.6913595711180237,-0.8487204431405998,-1.4931694652029528,-0.3343704897573928,-1,1,-1,1,-18,-18,-18,-18,-19,-19,-18,-18
1783308258.04572,0.0,0.0,0.12,0.0,0.0,1,10.225092959257768,-10.225092959257768,10.225092959257768,-10.225092959257768,5.889999866485596,-10.859999656677246,9.5,-14.0600004196167,4.335093092772173,0.6349066974194777,0.7250929592577684,3.834907460358931,1.5172825824702603,0.22221734409681718,0.2537825357402189,1.3422176111256257,-0.6523437332830742,-0.8430062828638245,-1.486643628569633,-0.29985632261416245,-1,1,-1,1,-18,-18,-18,-18,-19,-19,-18,-18
1783308258.0656364,0.0,0.0,0.12,0.0,0.0,1,10.225092959257768,-10.225092959257768,10.225092959257768,-10.225092959257768,5.889999866485596,-10.859999656677246,9.5,-14.0600004196167,4.335093092772173,0.6349066974194777,0.7250929592577684,3.834907460358931,1.5172825824702603,0.22221734409681718,0.2537825357402189,1.3422176111256257,-0.6133278954481246,-0.8372921225870492,-1.480117791936313,-0.2653421554709321,-1,1,-1,1,-18,-18,-18,-18,-19,-19,-18,-18
1783308258.0856473,0.0,0.0,0.12,0.0,0.0,1,10.225092959257768,-10.225092959257768,10.225092959257768,-10.225092959257768,5.480000019073486,-11.220000267028809,7.559999942779541,-13.010000228881836,4.745092940184282,0.9949073077710402,2.6650930164782274,2.7849072696240675,1.6607825290644986,0.34821755771986407,0.9327825557673796,0.9747175443684236,-0.5706220589864661,-0.8283379568171099,-1.4561319547880092,-0.2402779900443155,-1,1,-1,1,-18,-18,-18,-18,-19,-18,-18,-18
1783308258.1055808,0.0,0.0,0.12,0.0,0.0,1,10.225092959257768,-10.225092959257768,10.225092959257768,-10.225092959257768,5.480000019073486,-11.220000267028809,7.559999942779541,-13.010000228881836,4.745092940184282,0.9949073077710402,2.6650930164782274,2.7849072696240675,1.6607825290644986,0.34821755771986407,0.9327825557673796,0.9747175443684236,-0.5279162225248075,-0.8193837910471705,-1.432146117639705,-0.2152138246176989,-1,1,-1,1,-18,-18,-18,-18,-19,-18,-18,-18
1783308258.12558,0.0,0.0,0.12,0.0,0.0,1,10.225092959257768,-10.225092959257768,10.225092959257768,-10.225092959257768,5.480000019073486,-11.220000267028809,7.559999942779541,-13.010000228881836,4.745092940184282,0.9949073077710402,2.6650930164782274,2.7849072696240675,1.6607825290644986,0.34821755771986407,0.9327825557673796,0.9747175443684236,-0.485210386063149,-0.8104296252772312,-1.4081602804914009,-0.1901496591910823,-1,1,-1,1,-18,-18,-18,-18,-19,-18,-18,-18
1783308258.1457682,0.0,0.0,0.12,0.0,0.0,1,10.225092959257768,-10.225092959257768,10.225092959257768,-10.225092959257768,4.96999979019165,-11.479999542236328,6.190000057220459,-11.829999923706055,5.255093169066118,1.2549065829785597,4.035092902037309,1.6049069644482863,1.8392826091731411,0.43921730404249587,1.4122825157130583,0.5617174375569002,-0.4379145475415539,-0.7991354660304242,-1.371844444373065,-0.17570549651104772,-1,1,-1,1,-18,-18,-18,-18,-19,-18,-18,-18
1783308258.1657283,0.0,0.0,0.12,0.0,0.0,1,10.225092959257768,-10.225092959257768,10.225092959257768,-10.225092959257768,4.96999979019165,-11.479999542236328,6.190000057220459,-11.829999923706055,5.255093169066118,1.2549065829785597,4.035092902037309,1.6049069644482863,1.8392826091731411,0.43921730404249587,1.4122825157130583,0.5617174375569002,-0.3906187090199588,-0.7878413067836172,-1.3355286082547293,-0.16126133383101315,-1,1,-1,1,-18,-18,-18,-18,-19,-18,-18,-18
1783308258.1857994,0.0,0.0,0.12,0.0,0.0,1,10.225092959257768,-10.225092959257768,10.225092959257768,-10.225092959257768,5.519999980926514,-11.199999809265137,5.690000057220459,-11.0,4.705092978331255,0.9749068500073683,4.535092902037309,0.7749070407422316,1.646782542415939,0.3412173975025789,1.5872825157130581,0.27121746425978105,-0.34827287221497755,-0.7790671451335509,-1.2947127721363936,-0.15428717046433307,-1,1,-1,1,-18,-18,-18,-18,-19,-18,-18,-18
1783308258.2057052,0.0,0.0,0.12,0.0,0.0,1,10.225092959257768,-10.225092959257768,10.225092959257768,-10.225092959257768,5.519999980926514,-11.199999809265137,5.690000057220459,-11.0,4.705092978331255,0.9749068500073683,4.535092902037309,0.7749070407422316,1.646782542415939,0.3412173975025789,1.5872825157130581,0.27121746425978105,-0.3059270354099963,-0.7702929834834846,-1.2538969360180579,-0.147313007097653,-1,1,-1,1,-18,-18,-18,-18,-19,-18,-18,-18
1783308258.2256258,0.0,0.0,0.12,0.0,0.0,1,10.225092959257768,-10.225092959257768,10.225092959257768,-10.225092959257768,5.519999980926514,-11.199999809265137,5.690000057220459,-11.0,4.705092978331255,0.9749068500073683,4.535092902037309,0.7749070407422316,1.646782542415939,0.3412173975025789,1.5872825157130581,0.27121746425978105,-0.263581198605015,-0.7615188218334183,-1.2130810998997221,-0.1403388437309729,-1,1,-1,1,-18,-18,-18,-18,-19,-18,-18,-18
1783308258.2457545,0.0,0.0,0.12,0.0,0.0,1,10.225092959257768,-10.225092959257768,10.225092959257768,-10.225092959257768,6.809999942779541,-11.010000228881836,5.800000190734863,-10.1899995803833,3.4150930164782274,0.7849072696240675,4.425092768522905,-0.03509337887446762,1.1952825557673794,0.2747175443684236,1.5487824689830167,-0.012282682606063666,-0.23284536145671095,-0.7544546564068018,-1.173255264983016,-0.14065468414084312,-1,1,-1,1,-18,-18,-18,-18,-19,-18,-18,-18
1783308258.2656717,0.0,0.0,0.12,0.0,0.0,1,10.225092959257768,-10.225092959257768,10.225092959257768,-10.225092959257768,6.809999942779541,-11.010000228881836,5.800000190734863,-10.1899995803833,3.4150930164782274,0.7849072696240675,4.425092768522905,-0.03509337887446762,1.1952825557673794,0.2747175443684236,1.5487824689830167,-0.012282682606063666,-0.2021095243084069,-0.7473904909801852,-1.1334294300663097,-0.14097052455071332,-1,1,-1,1,-18,-18,-18,-18,-19,-18,-18,-18
1783308258.28571,0.0,0.0,0.12,0.0,0.0,1,10.225092959257768,-10.225092959257768,10.225092959257768,-10.225092959257768,7.03000020980835,-10.649999618530273,6.550000190734863,-9.850000381469727,3.195092749449419,0.42490665927250504,3.675092768522905,-0.37509257778804184,1.1182824623072964,0.14871733074537674,1.2862824689830168,-0.13128240222581464,-0.1733536895633621,-0.7435663310467326,-1.1003535951496035,-0.1443463577508057,-1,1,-1,1,-18,-18,-18,-18,-19,-19,-18,-18
1783308258.3055675,0.0,0.0,0.12,0.0,0.0,1,10.225092959257768,-10.225092959257768,10.225092959257768,-10.225092959257768,7.03000020980835,-10.649999618530273,6.550000190734863,-9.850000381469727,3.195092749449419,0.42490665927250504,3.675092768522905,-0.37509257778804184,1.1182824623072964,0.14871733074537674,1.2862824689830168,-0.13128240222581464,-0.14459785481831733,-0.7397421711132801,-1.0672777602328973,-0.14772219095089809,-1,1,-1,1,-18,-18,-18,-18,-19,-19,-18,-18
1783308258.325725,0.0,0.0,0.12,0.0,0.0,1,10.225092959257768,-10.225092959257768,10.225092959257768,-10.225092959257768,7.03000020980835,-10.649999618530273,6.550000190734863,-9.850000381469727,3.195092749449419,0.42490665927250504,3.675092768522905,-0.37509257778804184,1.1182824623072964,0.14871733074537674,1.2862824689830168,-0.13128240222581464,-0.11584202007327256,-0.7359180111798276,-1.0342019253161912,-0.15109802415099047,-1,1,-1,1,-18,-18,-18,-18,-19,-19,-18,-18
1783308258.3458009,0.0,0.0,0.12,0.0,0.0,1,10.225092959257768,-10.225092959257768,10.225092959257768,-10.225092959257768,6.5,-10.630000114440918,6.400000095367432,-9.84000015258789,3.7250929592577684,0.40490715518314957,3.8250928638903368,-0.3850928066698778,1.3037825357402189,0.14171750431410235,1.3387825023616178,-0.13478248233445722,-0.08231618343995264,-0.7322738467831792,-0.9997760895411781,-0.15456385941101936,-1,1,-1,1,-18,-18,-18,-18,-19,-19,-18,-18
1783308258.3657062,0.0,0.0,0.12,0.0,0.0,1,10.225092959257768,-10.225092959257768,10.225092959257768,-10.225092959257768,6.5,-10.630000114440918,6.400000095367432,-9.84000015258789,3.7250929592577684,0.40490715518314957,3.8250928638903368,-0.3850928066698778,1.3037825357402189,0.14171750431410235,1.3387825023616178,-0.13478248233445722,-0.048790346806632724,-0.7286296823865308,-0.9653502537661651,-0.15802969467104824,-1,1,-1,1,-18,-18,-18,-18,-19,-19,-18,-18
1783308258.3857768,0.0,0.0,0.12,0.0,0.0,1,10.225092959257768,-10.225092959257768,10.225092959257768,-10.225092959257768,5.690000057220459,-10.15999984741211,6.289999961853027,-10.279999732971191,4.535092902037309,-0.06509311184565902,3.935092997404741,0.05490677371342301,1.5872825157130581,-0.022782589145980657,1.3772825490916594,0.019217370799698052,-0.007974510688296937,-0.7292155203931417,-0.9299344167895225,-0.15753553370762743,-1,1,-1,1,-18,-18,-18,-18,-20,-19,-18,-18
1783308258.4057336,0.0,0.0,0.12,0.0,0.0,1,10.225092959257768,-10.225092959257768,10.225092959257768,-10.225092959257768,5.690000057220459,-10.15999984741211,6.289999961853027,-10.279999732971191,4.535092902037309,-0.06509311184565902,3.935092997404741,0.05490677371342301,1.5872825157130581,-0.022782589145980657,1.3772825490916594,0.019217370799698052,0.03284132543003885,-0.7298013583997527,-0.8945185798128799,-0.15704137274420663,-1,1,-1,1,-18,-18,-18,-18,-20,-19,-18,-18
1783308258.425633,0.0,0.0,0.12,0.0,0.0,1,10.225092959257768,-10.225092959257768,10.225092959257768,-10.225092959257768,5.690000057220459,-10.15999984741211,6.289999961853027,-10.279999732971191,4.535092902037309,-0.06509311184565902,3.935092997404741,0.05490677371342301,1.5872825157130581,-0.022782589145980657,1.3772825490916594,0.019217370799698052,0.07365716154837464,-0.7303871964063636,-0.8591027428362372,-0.15654721178078582,-1,1,-1,1,-18,-18,-18,-18,-20,-19,-19,-18
1783308258.445579,0.0,0.0,0.12,0.0,0.0,1,10.225092959257768,-10.225092959257768,10.225092959257768,-10.225092959257768,5.110000133514404,-9.829999923706055,5.989999771118164,-10.59000015258789,5.115092825743364,-0.3950930355517137,4.235093188139604,0.3649071933301222,1.7902824890101774,-0.13828256244309978,1.4822826158488613,0.12771751766554276,0.11969299698006491,-0.7339430337263291,-0.8209869041429808,-0.15326304704081473,-1,1,-1,1,-18,-18,-18,-18,-20,-19,-19,-18
1783308258.465592,0.0,0.0,0.12,0.0,0.0,1,10.225092959257768,-10.225092959257768,10.225092959257768,-10.225092959257768,5.110000133514404,-9.829999923706055,5.989999771118164,-10.59000015258789,5.115092825743364,-0.3950930355517137,4.235093188139604,0.3649071933301222,1.7902824890101774,-0.13828256244309978,1.4822826158488613,0.12771751766554276,0.16572883241175518,-0.7374988710462945,-0.7828710654497244,-0.14997888230084364,-1,1,-1,1,-18,-18,-18,-18,-20,-19,-19,-18
1783308258.4858022,0.0,0.0,0.12,0.0,0.0,1,10.225092959257768,-10.225092959257768,10.225092959257768,-10.225092959257768,4.940000057220459,-9.369999885559082,6.230000019073486,-10.130000114440918,5.285092902037309,-0.8550930736986864,3.995092940184282,-0.09509284481685043,1.849782515713058,-0.2992825757945402,1.3982825290644987,-0.033282495685897646,0.21329466853009096,-0.7451947087095827,-0.7469152289880658,-0.15083471790419528,-1,1,-1,1,-18,-18,-18,-18,-20,-19,-19,-18
1783308258.505569,0.0,0.0,0.12,0.0,0.0,1,10.225092959257768,-10.225092959257768,10.225092959257768,-10.225092959257768,4.940000057220459,-9.369999885559082,6.230000019073486,-10.130000114440918,5.285092902037309,-0.8550930736986864,3.995092940184282,-0.09509284481685043,1.849782515713058,-0.2992825757945402,1.3982825290644987,-0.033282495685897646,0.26086050464842675,-0.7528905463728709,-0.7109593925264073,-0.15169055350754693,-1,1,-1,1,-18,-18,-18,-18,-20,-19,-19,-18
1783308258.5256042,0.0,0.0,0.12,0.0,0.0,1,10.225092959257768,-10.225092959257768,10.225092959257768,-10.225092959257768,4.940000057220459,-9.369999885559082,6.230000019073486,-10.130000114440918,5.285092902037309,-0.8550930736986864,3.995092940184282,-0.09509284481685043,1.849782515713058,-0.2992825757945402,1.3982825290644987,-0.033282495685897646,0.30842634076676256,-0.7605863840361591,-0.6750035560647487,-0.15254638911089857,-1,1,-1,1,-18,-18,-18,-18,-20,-19,-19,-18
1783308258.545596,0.0,0.0,0.12,0.0,0.0,1,10.225092959257768,-10.225092959257768,10.225092959257768,-10.225092959257768,5.71999979019165,-8.819999694824219,7.300000190734863,-10.260000228881836,4.505093169066118,-1.4050932644335496,2.925092768522905,0.03490726962406754,1.5767826091731412,-0.49178264255174237,1.0237824689830168,0.012217544368423637,0.3489721792883576,-0.773232223416061,-0.6486777211480426,-0.15223222368428196,-1,1,-1,1,-18,-18,-18,-18,-20,-19,-18,-18
1783308258.5656123,0.0,0.0,0.12,0.0,0.0,1,10.225092959257768,-10.225092959257768,10.225092959257768,-10.225092959257768,5.71999979019165,-8.819999694824219,7.300000190734863,-10.260000228881836,4.505093169066118,-1.4050932644335496,2.925092768522905,0.03490726962406754,1.5767826091731412,-0.49178264255174237,1.0237824689830168,0.012217544368423637,0.38951801780995265,-0.785878062795963,-0.6223518862313364,-0.15191805825766536,-1,1,-1,1,-18,-18,-18,-18,-20,-19,-18,-18
1783308258.5856578,0.0,0.0,0.12,0.0,0.0,1,10.225092959257768,-10.225092959257768,10.225092959257768,-10.225092959257768,7.400000095367432,-9.119999885559082,8.729999542236328,-10.350000381469727,2.8250928638903368,-1.1050930736986864,1.4950934170214403,0.12490742221195816,0.9887825023616178,-0.38678257579454023,0.5232826959575041,0.04371759777418535,0.41494385358496566,-0.7958239004592511,-0.6088960454781435,-0.15079389145775773,-1,1,-1,1,-18,-18,-18,-18,-19,-19,-18,-18
1783308258.6056042,0.0,0.0,0.12,0.0,0.0,1,10.225092959257768,-10.225092959257768,10.225092959257768,-10.225092959257768,7.400000095367432,-9.119999885559082,8.729999542236328,-10.350000381469727,2.8250928638903368,-1.1050930736986864,1.4950934170214403,0.12490742221195816,0.9887825023616178,-0.38678257579454023,0.5232826959575041,0.04371759777418535,0.44036968935997867,-0.8057697381225393,-0.5954402047249505,-0.1496697246578501,-1,1,-1,1,-18,-18,-18,-18,-19,-19,-18,-18
1783308258.6256003,0.0,0.0,0.12,0.0,0.0,1,10.225092959257768,-10.225092959257768,10.225092959257768,-10.225092959257768,7.400000095367432,-9.119999885559082,8.729999542236328,-10.350000381469727,2.8250928638903368,-1.1050930736986864,1.4950934170214403,0.12490742221195816,0.9887825023616178,-0.38678257579454023,0.5232826959575041,0.04371759777418535,0.4657955251349917,-0.8157155757858274,-0.5819843639717576,-0.1485455578579425,-1,1,-1,1,-18,-18,-18,-18,-19,-19,-18,-18
1783308258.6456032,0.0,0.0,0.12,0.0,0.0,1,10.225092959257768,-10.225092959257768,10.225092959257768,-10.225092959257768,8.579999923706055,-10.010000228881836,9.279999732971191,-10.420000076293945,1.6450930355517137,-0.21509273037593246,0.945093226286577,0.1949071170361769,0.5757825624430998,-0.07528245563157636,0.33078262920030194,0.06821749096266191,0.4806013624549571,-0.8176514103592109,-0.5734785249351784,-0.1467913938046169,-1,1,-1,1,-18,-18,-18,-18,-19,-19,-18,-18
1783308258.665592,0.0,0.0,0.12,0.0,0.0,1,10.225092959257768,-10.225092959257768,10.225092959257768,-10.225092959257768,8.579999923706055,-10.010000228881836,9.279999732971191,-10.420000076293945,1.6450930355517137,-0.21509273037593246,0.945093226286577,0.1949071170361769,0.5757825624430998,-0.07528245563157636,0.33078262920030194,0.06821749096266191,0.49540719977492254,-0.8195872449325943,-0.5649726858985992,-0.1450372297512913,-1,1,-1,1,-18,-18,-18,-18,-19,-19,-18,-18
1783308258.685692,0.0,0.0,0.12,0.0,0.0,1,10.225092959257768,-10.225092959257768,10.225092959257768,-10.225092959257768,9.630000114440918,-10.630000114440918,9.4399995803833,-10.6899995803833,0.5950928448168504,0.40490715518314957,0.7850933788744676,0.4649066211255324,0.20828249568589763,0.14171750431410235,0.27478268260606364,0.16271731739393633,0.5007630353782742,-0.8159430805359459,-0.5579068454887289,-0.1408530701611615,-1,1,-1,1,-18,-18,-18,-18,-19,-19,-18,-18
1783308258.7056067,0.0,0.0,0.12,0.0,0.0,1,10.225092959257768,-10.225092959257768,10.225092959257768,-10.225092959257768,9.630000114440918,-10.630000114440918,9.4399995803833,-10.6899995803833,0.5950928448168504,0.40490715518314957,0.7850933788744676,0.4649066211255324,0.20828249568589763,0.14171750431410235,0.27478268260606364,0.16271731739393633,0.5061188709816258,-0.8122989161392975,-0.5508410050788587,-0.1366689105710317,-1,1,-1,1,-18,-18,-18,-18,-19,-19,-18,-18
1783308258.7256005,0.0,0.0,0.12,0.0,0.0,1,10.225092959257768,-10.225092959257768,10.225092959257768,-10.225092959257768,9.630000114440918,-10.630000114440918,9.4399995803833,-10.6899995803833,0.5950928448168504,0.40490715518314957,0.7850933788744676,0.4649066211255324,0.20828249568589763,0.14171750431410235,0.27478268260606364,0.16271731739393633,0.5114747065849774,-0.8086547517426491,-0.5437751646689885,-0.1324847509809019,-1,1,-1,1,-18,-18,-18,-18,-19,-19,-18,-18
1783308258.745633,0.0,0.0,0.12,0.0,0.0,1,10.225092959257768,-10.225092959257768,10.225092959257768,-10.225092959257768,10.130000114440918,-11.0600004196167,10.010000228881836,-10.430000305175781,0.09509284481685043,0.8349074603589308,0.21509273037593246,0.20490734591801285,0.033282495685897646,0.2922176111256258,0.07528245563157636,0.0717175710713045,0.5123305421883291,-0.8011405845994187,-0.541839330095605,-0.1306405848676398,-1,1,-1,1,-18,-18,-18,-18,-19,-19,-18,-18
1783308258.7656121,0.0,0.0,0.12,0.0,0.0,1,10.225092959257768,-10.225092959257768,10.225092959257768,-10.225092959257768,10.130000114440918,-11.0600004196167,10.010000228881836,-10.430000305175781,0.09509284481685043,0.8349074603589308,0.21509273037593246,0.20490734591801285,0.033282495685897646,0.2922176111256258,0.07528245563157636,0.0717175710713045,0.5131863777916807,-0.7936264174561883,-0.5399034955222216,-0.1287964187543777,-1,1,-1,1,-18,-18,-18,-18,-19,-19,-18,-18
1783308258.785658,0.0,0.0,0.0,0.0,0.0,0,0.0,0.0,0.0,0.0,10.720000267028809,-11.140000343322754,10.170000076293945,-10.239999771118164,-10.720000267028809,11.140000343322754,-10.170000076293945,10.239999771118164,-3.7520000934600826,3.8990001201629636,-3.5595000267028807,3.5839999198913572,0.0,0.0,0.0,0.0,-1,1,-1,1,0,0,0,0,0,0,0,0
1783308258.8055887,0.0,0.0,0.0,0.0,0.0,0,0.0,0.0,0.0,0.0,10.720000267028809,-11.140000343322754,10.170000076293945,-10.239999771118164,-10.720000267028809,11.140000343322754,-10.170000076293945,10.239999771118164,-3.7520000934600826,3.8990001201629636,-3.5595000267028807,3.5839999198913572,0.0,0.0,0.0,0.0,-1,1,-1,1,0,0,0,0,0,0,0,0
1783308258.8255794,0.0,0.0,0.0,0.0,0.0,0,0.0,0.0,0.0,0.0,10.720000267028809,-11.140000343322754,10.170000076293945,-10.239999771118164,-10.720000267028809,11.140000343322754,-10.170000076293945,10.239999771118164,-3.7520000934600826,3.8990001201629636,-3.5595000267028807,3.5839999198913572,0.0,0.0,0.0,0.0,-1,1,-1,1,0,0,0,0,0,0,0,0
1783308258.845574,0.0,0.0,0.0,0.0,0.0,0,0.0,0.0,0.0,0.0,10.449999809265137,-10.289999961853027,9.84000015258789,-9.430000305175781,-10.449999809265137,10.289999961853027,-9.84000015258789,9.430000305175781,-3.6574999332427978,3.6014999866485593,-3.4440000534057615,3.300500106811523,0.0,0.0,0.0,0.0,-1,1,-1,1,0,0,0,0,0,0,0,0
1783308258.8655736,0.0,0.0,0.0,0.0,0.0,0,0.0,0.0,0.0,0.0,10.449999809265137,-10.289999961853027,9.84000015258789,-9.430000305175781,-10.449999809265137,10.289999961853027,-9.84000015258789,9.430000305175781,-3.6574999332427978,3.6014999866485593,-3.4440000534057615,3.300500106811523,0.0,0.0,0.0,0.0,-1,1,-1,1,0,0,0,0,0,0,0,0
1783308258.8856862,0.0,0.0,0.12,0.0,0.0,1,10.225092959257768,-10.225092959257768,10.225092959257768,-10.225092959257768,7.760000228881836,-7.429999828338623,7.340000152587891,-7.059999942779541,2.4650927303759325,-2.7950931309191454,2.8850928066698778,-3.1650930164782274,0.8627824556315763,-0.9782825958217009,1.0097824823344572,-1.1077825557673795,0.022185834573383394,-0.025155838178272306,0.0259658352600289,-0.02848583714830405,-1,1,-1,1,-18,-18,-18,-18,-19,-19,-19,-19
1783308258.9055974,0.0,0.0,0.12,0.0,0.0,1,10.225092959257768,-10.225092959257768,10.225092959257768,-10.225092959257768,7.760000228881836,-7.429999828338623,7.340000152587891,-7.059999942779541,2.4650927303759325,-2.7950931309191454,2.8850928066698778,-3.1650930164782274,0.8627824556315763,-0.9782825958217009,1.0097824823344572,-1.1077825557673795,0.04437166914676679,-0.05031167635654461,0.0519316705200578,-0.0569716742966081,-1,1,-1,1,-18,-18,-18,-18,-19,-19,-19,-19
1783308258.9255676,0.0,0.0,0.0,0.0,0.0,0,0.0,0.0,0.0,0.0,7.760000228881836,-7.429999828338623,7.340000152587891,-7.059999942779541,-7.760000228881836,7.429999828338623,-7.340000152587891,7.059999942779541,-2.7160000801086426,2.600499939918518,-2.5690000534057615,2.4709999799728393,0.0,0.0,0.0,0.0,-1,1,-1,1,0,0,0,0,0,0,0,0
1783308258.9455929,0.0,0.0,0.0,0.0,0.0,0,0.0,0.0,0.0,0.0,5.659999847412109,-5.199999809265137,5.360000133514404,-5.170000076293945,-5.659999847412109,5.199999809265137,-5.360000133514404,5.170000076293945,-1.980999946594238,1.8199999332427976,-1.8760000467300413,1.8095000267028807,0.0,0.0,0.0,0.0,-1,1,-1,1,0,0,0,0,0,0,0,0
1783308258.965576,0.0,0.0,0.0,0.0,0.0,0,0.0,0.0,0.0,0.0,5.659999847412109,-5.199999809265137,5.360000133514404,-5.170000076293945,-5.659999847412109,5.199999809265137,-5.360000133514404,5.170000076293945,-1.980999946594238,1.8199999332427976,-1.8760000467300413,1.8095000267028807,0.0,0.0,0.0,0.0,-1,1,-1,1,0,0,0,0,0,0,0,0
1783308258.9856422,0.0,0.0,0.0,0.0,0.0,0,0.0,0.0,0.0,0.0,4.639999866485596,-4.090000152587891,4.210000038146973,-4.519999980926514,-4.639999866485596,4.090000152587891,-4.210000038146973,4.519999980926514,-1.6239999532699585,1.4315000534057616,-1.4735000133514404,1.5819999933242797,0.0,0.0,0.0,0.0,-1,1,-1,1,0,0,0,0,0,0,0,0
1783308259.005595,0.0,0.0,0.0,0.0,0.0,0,0.0,0.0,0.0,0.0,4.639999866485596,-4.090000152587891,4.210000038146973,-4.519999980926514,-4.639999866485596,4.090000152587891,-4.210000038146973,4.519999980926514,-1.6239999532699585,1.4315000534057616,-1.4735000133514404,1.5819999933242797,0.0,0.0,0.0,0.0,-1,1,-1,1,0,0,0,0,0,0,0,0
1783308259.0255706,0.0,0.0,0.0,0.0,0.0,0,0.0,0.0,0.0,0.0,4.639999866485596,-4.090000152587891,4.210000038146973,-4.519999980926514,-4.639999866485596,4.090000152587891,-4.210000038146973,4.519999980926514,-1.6239999532699585,1.4315000534057616,-1.4735000133514404,1.5819999933242797,0.0,0.0,0.0,0.0,-1,1,-1,1,0,0,0,0,0,0,0,0
1783308259.0456045,0.0,0.0,0.12,0.0,0.0,1,10.225092959257768,-10.225092959257768,10.225092959257768,-10.225092959257768,3.0199999809265137,-2.859999895095825,2.950000047683716,-3.1700000762939453,7.205092978331255,-7.365093064161943,7.275092911574053,-7.055092882963823,2.521782542415939,-2.57778257245668,2.5462825190509184,-2.469282509037338,0.0648458368049813,-0.06628583757745748,0.06547583620416647,-0.0634958359466744,-1,1,-1,1,-18,-18,-18,-18,-21,-21,-21,-21
1783308259.065587,0.0,0.0,0.12,0.0,0.0,1,10.225092959257768,-10.225092959257768,10.225092959257768,-10.225092959257768,3.0199999809265137,-2.859999895095825,2.950000047683716,-3.1700000762939453,7.205092978331255,-7.365093064161943,7.275092911574053,-7.055092882963823,2.521782542415939,-2.57778257245668,2.5462825190509184,-2.469282509037338,0.1296916736099626,-0.13257167515491497,0.13095167240833294,-0.1269916718933488,-1,1,-1,1,-18,-18,-18,-18,-21,-21,-21,-21
1783308259.0856392,0.0,0.0,0.0,0.0,0.0,0,0.0,0.0,0.0,0.0,2.3399999141693115,-2.009999990463257,2.059999942779541,-2.2200000286102295,-2.3399999141693115,2.009999990463257,-2.059999942779541,2.2200000286102295,-0.8189999699592589,0.7034999966621398,-0.7209999799728393,0.7770000100135803,0.0,0.0,0.0,0.0,-1,1,-1,1,0,0,0,0,0,0,0,0
1783308259.105563,0.0,0.0,0.0,0.0,0.0,0,0.0,0.0,0.0,0.0,2.3399999141693115,-2.009999990463257,2.059999942779541,-2.2200000286102295,-2.3399999141693115,2.009999990463257,-2.059999942779541,2.2200000286102295,-0.8189999699592589,0.7034999966621398,-0.7209999799728393,0.7770000100135803,0.0,0.0,0.0,0.0,-1,1,-1,1,0,0,0,0,0,0,0,0
1783308259.125561,0.0,0.0,0.0,0.0,0.0,0,0.0,0.0,0.0,0.0,2.3399999141693115,-2.009999990463257,2.059999942779541,-2.2200000286102295,-2.3399999141693115,2.009999990463257,-2.059999942779541,2.2200000286102295,-0.8189999699592589,0.7034999966621398,-0.7209999799728393,0.7770000100135803,0.0,0.0,0.0,0.0,-1,1,-1,1,0,0,0,0,0,0,0,0
1783308259.1455774,0.0,0.0,0.0,0.0,0.0,0,0.0,0.0,0.0,0.0,2.0899999141693115,-2.309999942779541,2.3499999046325684,-2.0,-2.0899999141693115,2.309999942779541,-2.3499999046325684,2.0,-0.731499969959259,0.8084999799728393,-0.8224999666213989,0.7,0.0,0.0,0.0,0.0,-1,1,-1,1,0,0,0,0,0,0,0,0
1783308259.1655598,0.0,0.0,0.0,0.0,0.0,0,0.0,0.0,0.0,0.0,2.0899999141693115,-2.309999942779541,2.3499999046325684,-2.0,-2.0899999141693115,2.309999942779541,-2.3499999046325684,2.0,-0.731499969959259,0.8084999799728393,-0.8224999666213989,0.7,0.0,0.0,0.0,0.0,-1,1,-1,1,0,0,0,0,0,0,0,0
1783308259.1856387,0.0,0.0,0.0,0.0,0.0,0,0.0,0.0,0.0,0.0,1.4600000381469727,-1.6200000047683716,1.6399999856948853,-1.399999976158142,-1.4600000381469727,1.6200000047683716,-1.6399999856948853,1.399999976158142,-0.5110000133514404,0.56700000166893,-0.5739999949932098,0.4899999916553497,0.0,0.0,0.0,0.0,-1,1,-1,1,0,0,0,0,0,0,0,0
1783308259.2055626,0.0,0.0,0.0,0.0,0.0,0,0.0,0.0,0.0,0.0,1.4600000381469727,-1.6200000047683716,1.6399999856948853,-1.399999976158142,-1.4600000381469727,1.6200000047683716,-1.6399999856948853,1.399999976158142,-0.5110000133514404,0.56700000166893,-0.5739999949932098,0.4899999916553497,0.0,0.0,0.0,0.0,-1,1,-1,1,0,0,0,0,0,0,0,0
1783308259.2255838,0.0,0.0,0.12,0.0,0.0,1,10.225092959257768,-10.225092959257768,10.225092959257768,-10.225092959257768,1.4600000381469727,-1.6200000047683716,1.6399999856948853,-1.399999976158142,8.765092921110796,-8.605092954489397,8.585092973562883,-8.825092983099626,3.0677825223887782,-3.0117825340712887,3.004782540747009,-3.088782544084869,0.07888583628999717,-0.07744583659040458,0.07726583676206596,-0.07942583684789664,-1,1,-1,1,-18,-18,-18,-18,-21,-21,-21,-21
1783308259.2455814,0.0,0.0,0.12,0.0,0.0,1,10.225092959257768,-10.225092959257768,10.225092959257768,-10.225092959257768,1.0299999713897705,-1.1299999952316284,1.149999976158142,-0.9800000190734863,9.195092987867998,-9.09509296402614,9.075092983099626,-9.245092940184282,3.218282545753799,-3.183282537409149,3.176282544084869,-3.2357825290644984,0.16164167318080916,-0.15930167326663985,0.15894167360996259,-0.1626316733095552,-1,1,-1,1,-18,-18,-18,-18,-21,-21,-21,-21
1783308259.2655582,0.0,0.0,0.0,0.0,0.0,0,0.0,0.0,0.0,0.0,1.0299999713897705,-1.1299999952316284,1.149999976158142,-0.9800000190734863,-1.0299999713897705,1.1299999952316284,-1.149999976158142,0.9800000190734863,-0.36049998998641963,0.3954999983310699,-0.4024999916553497,0.34300000667572017,0.0,0.0,0.0,0.0,-1,1,-1,1,0,0,0,0,0,0,0,0
1783308259.2856376,0.0,0.0,0.0,0.0,0.0,0,0.0,0.0,0.0,0.0,1.1699999570846558,-1.0199999809265137,1.2599999904632568,-1.1399999856948853,-1.1699999570846558,1.0199999809265137,-1.2599999904632568,1.1399999856948853,-0.40949998497962947,0.3569999933242798,-0.44099999666213985,0.3989999949932098,0.0,0.0,0.0,0.0,-1,1,-1,1,0,0,0,0,0,0,0,0
1783308259.3055618,0.0,0.0,0.0,0.0,0.0,0,0.0,0.0,0.0,0.0,1.1699999570846558,-1.0199999809265137,1.2599999904632568,-1.1399999856948853,-1.1699999570846558,1.0199999809265137,-1.2599999904632568,1.1399999856948853,-0.40949998497962947,0.3569999933242798,-0.44099999666213985,0.3989999949932098,0.0,0.0,0.0,0.0,-1,1,-1,1,0,0,0,0,0,0,0,0
1783308259.3255792,0.0,0.0,0.0,0.0,0.0,0,0.0,0.0,0.0,0.0,1.1699999570846558,-1.0199999809265137,1.2599999904632568,-1.1399999856948853,-1.1699999570846558,1.0199999809265137,-1.2599999904632568,1.1399999856948853,-0.40949998497962947,0.3569999933242798,-0.44099999666213985,0.3989999949932098,0.0,0.0,0.0,0.0,-1,1,-1,1,0,0,0,0,0,0,0,0
1783308259.3455815,0.0,0.0,0.0,0.0,0.0,0,0.0,0.0,0.0,0.0,1.0499999523162842,-1.1699999570846558,1.7899999618530273,-1.25,-1.0499999523162842,1.1699999570846558,-1.7899999618530273,1.25,-0.36749998331069944,0.40949998497962947,-0.6264999866485595,0.4375,0.0,0.0,0.0,0.0,-1,1,-1,1,0,0,0,0,0,0,0,0
1783308259.3655694,0.0,0.0,0.0,0.0,0.0,0,0.0,0.0,0.0,0.0,1.0499999523162842,-1.1699999570846558,1.7899999618530273,-1.25,-1.0499999523162842,1.1699999570846558,-1.7899999618530273,1.25,-0.36749998331069944,0.40949998497962947,-0.6264999866485595,0.4375,0.0,0.0,0.0,0.0,-1,1,-1,1,0,0,0,0,0,0,0,0
1783308259.3856697,0.0,0.0,0.0,0.0,0.0,0,0.0,0.0,0.0,0.0,0.7300000190734863,-0.8199999928474426,1.0199999809265137,-0.8799999952316284,-0.7300000190734863,0.8199999928474426,-1.0199999809265137,0.8799999952316284,-0.2555000066757202,0.2869999974966049,-0.3569999933242798,0.30799999833106995,0.0,0.0,0.0,0.0,-1,1,-1,1,0,0,0,0,0,0,0,0
1783308259.4056008,0.0,0.0,0.12,0.0,0.0,1,10.225092959257768,-10.225092959257768,10.225092959257768,-10.225092959257768,0.7300000190734863,-0.8199999928474426,1.0199999809265137,-0.8799999952316284,9.495092940184282,-9.405092966410326,9.205092978331255,-9.34509296402614,3.3232825290644987,-3.2917825382436137,3.221782542415939,-3.270782537409149,0.08545583646165854,-0.08464583669769293,0.08284583680498131,-0.08410583667623527,-1,1,-1,1,-18,-18,-18,-18,-21,-21,-21,-21
1783308259.4255953,0.0,0.0,0.12,0.0,0.0,1,10.225092959257768,-10.225092959257768,10.225092959257768,-10.225092959257768,0.7300000190734863,-0.8199999928474426,1.0199999809265137,-0.8799999952316284,9.495092940184282,-9.405092966410326,9.205092978331255,-9.34509296402614,3.3232825290644987,-3.2917825382436137,3.221782542415939,-3.270782537409149,0.17091167292331708,-0.16929167339538587,0.16569167360996262,-0.16821167335247053,-1,1,-1,1,-18,-18,-18,-18,-21,-21,-21,-21
1783308259.4455864,0.0,0.0,0.0,0.0,0.0,0,0.0,0.0,0.0,0.0,0.5099999904632568,-0.5699999928474426,0.7200000286102295,-0.6100000143051147,-0.5099999904632568,0.5699999928474426,-0.7200000286102295,0.6100000143051147,-0.1784999966621399,0.1994999974966049,-0.2520000100135803,0.21350000500679014,0.0,0.0,0.0,0.0,-1,1,-1,1,0,0,0,0,0,0,0,0
1783308259.465585,0.0,0.0,0.0,0.0,0.0,0,0.0,0.0,0.0,0.0,0.5099999904632568,-0.5699999928474426,0.7200000286102295,-0.6100000143051147,-0.5099999904632568,0.5699999928474426,-0.7200000286102295,0.6100000143051147,-0.1784999966621399,0.1994999974966049,-0.2520000100135803,0.21350000500679014,0.0,0.0,0.0,0.0,-1,1,-1,1,0,0,0,0,0,0,0,0
1783308259.485635,0.0,0.0,0.0,0.0,0.0,0,0.0,0.0,0.0,0.0,1.0399999618530273,-0.8500000238418579,1.409999966621399,-1.3300000429153442,-1.0399999618530273,0.8500000238418579,-1.409999966621399,1.3300000429153442,-0.36399998664855954,0.29750000834465024,-0.4934999883174896,0.4655000150203705,0.0,0.0,0.0,0.0,-1,1,-1,1,0,0,0,0,0,0,0,0
1783308259.5055711,0.0,0.0,0.0,0.0,0.0,0,0.0,0.0,0.0,0.0,1.0399999618530273,-0.8500000238418579,1.409999966621399,-1.3300000429153442,-1.0399999618530273,0.8500000238418579,-1.409999966621399,1.3300000429153442,-0.36399998664855954,0.29750000834465024,-0.4934999883174896,0.4655000150203705,0.0,0.0,0.0,0.0,-1,1,-1,1,0,0,0,0,0,0,0,0
1783308259.5255694,0.0,0.0,0.0,0.0,0.0,0,0.0,0.0,0.0,0.0,1.0399999618530273,-0.8500000238418579,1.409999966621399,-1.3300000429153442,-1.0399999618530273,0.8500000238418579,-1.409999966621399,1.3300000429153442,-0.36399998664855954,0.29750000834465024,-0.4934999883174896,0.4655000150203705,0.0,0.0,0.0,0.0,-1,1,-1,1,0,0,0,0,0,0,0,0
1783308259.5455902,0.0,0.0,0.0,0.0,0.0,0,0.0,0.0,0.0,0.0,0.7300000190734863,-0.6000000238418579,0.9900000095367432,-1.159999966621399,-0.7300000190734863,0.6000000238418579,-0.9900000095367432,1.159999966621399,-0.2555000066757202,0.21000000834465027,-0.3465000033378601,0.4059999883174896,0.0,0.0,0.0,0.0,-1,1,-1,1,0,0,0,0,0,0,0,0
1783308259.5655878,0.0,0.0,0.0,0.0,0.0,0,0.0,0.0,0.0,0.0,0.7300000190734863,-0.6000000238418579,0.9900000095367432,-1.159999966621399,-0.7300000190734863,0.6000000238418579,-0.9900000095367432,1.159999966621399,-0.2555000066757202,0.21000000834465027,-0.3465000033378601,0.4059999883174896,0.0,0.0,0.0,0.0,-1,1,-1,1,0,0,0,0,0,0,0,0
1783308259.5856369,0.0,0.0,0.0,0.0,0.0,0,0.0,0.0,0.0,0.0,0.5099999904632568,-0.41999998688697815,0.6899999976158142,-0.8100000023841858,-0.5099999904632568,0.41999998688697815,-0.6899999976158142,0.8100000023841858,-0.1784999966621399,0.14699999541044234,-0.24149999916553497,0.283500000834465,0.0,0.0,0.0,0.0,-1,1,-1,1,0,0,0,0,0,0,0,0
1783308259.605575,0.0,0.0,0.0,0.0,0.0,0,0.0,0.0,0.0,0.0,0.5099999904632568,-0.41999998688697815,0.6899999976158142,-0.8100000023841858,-0.5099999904632568,0.41999998688697815,-0.6899999976158142,0.8100000023841858,-0.1784999966621399,0.14699999541044234,-0.24149999916553497,0.283500000834465,0.0,0.0,0.0,0.0,-1,1,-1,1,0,0,0,0,0,0,0,0
1783308259.6255717,0.0,0.0,0.0,0.0,0.0,0,0.0,0.0,0.0,0.0,0.5099999904632568,-0.41999998688697815,0.6899999976158142,-0.8100000023841858,-0.5099999904632568,0.41999998688697815,-0.6899999976158142,0.8100000023841858,-0.1784999966621399,0.14699999541044234,-0.24149999916553497,0.283500000834465,0.0,0.0,0.0,0.0,-1,1,-1,1,0,0,0,0,0,0,0,0
1783308259.64558,0.0,0.0,0.0,0.0,0.0,0,0.0,0.0,0.0,0.0,0.36000001430511475,-0.28999999165534973,0.47999998927116394,-0.5699999928474426,-0.36000001430511475,0.28999999165534973,-0.47999998927116394,0.5699999928474426,-0.12600000500679015,0.1014999970793724,-0.16799999624490736,0.1994999974966049,0.0,0.0,0.0,0.0,-1,1,-1,1,0,0,0,0,0,0,0,0
1783308259.6655688,0.0,0.0,0.0,0.0,0.0,0,0.0,0.0,0.0,0.0,0.36000001430511475,-0.28999999165534973,0.47999998927116394,-0.5699999928474426,-0.36000001430511475,0.28999999165534973,-0.47999998927116394,0.5699999928474426,-0.12600000500679015,0.1014999970793724,-0.16799999624490736,0.1994999974966049,0.0,0.0,0.0,0.0,-1,1,-1,1,0,0,0,0,0,0,0,0
1783308259.6856422,0.0,0.0,0.0,0.0,0.0,0,0.0,0.0,0.0,0.0,0.25,-0.20000000298023224,0.3400000035762787,-0.4000000059604645,-0.25,0.20000000298023224,-0.3400000035762787,0.4000000059604645,-0.0875,0.07000000104308128,-0.11900000125169753,0.14000000208616256,0.0,0.0,0.0,0.0,-1,1,-1,1,0,0,0,0,0,0,0,0
1783308259.7055855,0.0,0.0,0.0,0.0,0.0,0,0.0,0.0,0.0,0.0,0.25,-0.20000000298023224,0.3400000035762787,-0.4000000059604645,-0.25,0.20000000298023224,-0.3400000035762787,0.4000000059604645,-0.0875,0.07000000104308128,-0.11900000125169753,0.14000000208616256,0.0,0.0,0.0,0.0,-1,1,-1,1,0,0,0,0,0,0,0,0
1783308259.7255733,0.0,0.0,0.0,0.0,0.0,0,0.0,0.0,0.0,0.0,0.25,-0.20000000298023224,0.3400000035762787,-0.4000000059604645,-0.25,0.20000000298023224,-0.3400000035762787,0.4000000059604645,-0.0875,0.07000000104308128,-0.11900000125169753,0.14000000208616256,0.0,0.0,0.0,0.0,-1,1,-1,1,0,0,0,0,0,0,0,0
1783308259.745589,0.0,0.0,0.0,0.0,0.0,0,0.0,0.0,0.0,0.0,0.17000000178813934,-0.14000000059604645,0.23999999463558197,-0.2800000011920929,-0.17000000178813934,0.14000000059604645,-0.23999999463558197,0.2800000011920929,-0.059500000625848766,0.04900000020861625,-0.08399999812245368,0.0980000004172325,0.0,0.0,0.0,0.0,-1,1,-1,1,0,0,0,0,0,0,0,0
1783308259.7655752,0.0,0.0,0.0,0.0,0.0,0,0.0,0.0,0.0,0.0,0.17000000178813934,-0.14000000059604645,0.23999999463558197,-0.2800000011920929,-0.17000000178813934,0.14000000059604645,-0.23999999463558197,0.2800000011920929,-0.059500000625848766,0.04900000020861625,-0.08399999812245368,0.0980000004172325,0.0,0.0,0.0,0.0,-1,1,-1,1,0,0,0,0,0,0,0,0
1783308259.7856371,0.0,0.0,0.0,0.0,0.0,0,0.0,0.0,0.0,0.0,0.11999999731779099,-0.10000000149011612,0.17000000178813934,-0.20000000298023224,-0.11999999731779099,0.10000000149011612,-0.17000000178813934,0.20000000298023224,-0.04199999906122684,0.03500000052154064,-0.059500000625848766,0.07000000104308128,0.0,0.0,0.0,0.0,-1,1,-1,1,0,0,0,0,0,0,0,0
1783308259.8055718,0.0,0.0,0.0,0.0,0.0,0,0.0,0.0,0.0,0.0,0.11999999731779099,-0.10000000149011612,0.17000000178813934,-0.20000000298023224,-0.11999999731779099,0.10000000149011612,-0.17000000178813934,0.20000000298023224,-0.04199999906122684,0.03500000052154064,-0.059500000625848766,0.07000000104308128,0.0,0.0,0.0,0.0,-1,1,-1,1,0,0,0,0,0,0,0,0
1783308259.82561,0.0,0.0,0.0,0.0,0.0,0,0.0,0.0,0.0,0.0,0.11999999731779099,-0.10000000149011612,0.17000000178813934,-0.20000000298023224,-0.11999999731779099,0.10000000149011612,-0.17000000178813934,0.20000000298023224,-0.04199999906122684,0.03500000052154064,-0.059500000625848766,0.07000000104308128,0.0,0.0,0.0,0.0,-1,1,-1,1,0,0,0,0,0,0,0,0
1783308259.8455937,0.0,0.0,0.0,0.0,0.0,0,0.0,0.0,0.0,0.0,0.09000000357627869,-0.07000000029802322,0.11999999731779099,-0.14000000059604645,-0.09000000357627869,0.07000000029802322,-0.11999999731779099,0.14000000059604645,-0.03150000125169754,0.024500000104308126,-0.04199999906122684,0.04900000020861625,0.0,0.0,0.0,0.0,-1,1,-1,1,0,0,0,0,0,0,0,0
1783308259.8656116,0.0,0.0,0.0,0.0,0.0,0,0.0,0.0,0.0,0.0,0.09000000357627869,-0.07000000029802322,0.11999999731779099,-0.14000000059604645,-0.09000000357627869,0.07000000029802322,-0.11999999731779099,0.14000000059604645,-0.03150000125169754,0.024500000104308126,-0.04199999906122684,0.04900000020861625,0.0,0.0,0.0,0.0,-1,1,-1,1,0,0,0,0,0,0,0,0
1783308259.8856401,0.0,0.0,0.0,0.0,0.0,0,0.0,0.0,0.0,0.0,0.05999999865889549,-0.05000000074505806,0.07999999821186066,-0.10000000149011612,-0.05999999865889549,0.05000000074505806,-0.07999999821186066,0.10000000149011612,-0.02099999953061342,0.01750000026077032,-0.02799999937415123,0.03500000052154064,0.0,0.0,0.0,0.0,-1,1,-1,1,0,0,0,0,0,0,0,0
1783308259.905574,0.0,0.0,0.0,0.0,0.0,0,0.0,0.0,0.0,0.0,0.05999999865889549,-0.05000000074505806,0.07999999821186066,-0.10000000149011612,-0.05999999865889549,0.05000000074505806,-0.07999999821186066,0.10000000149011612,-0.02099999953061342,0.01750000026077032,-0.02799999937415123,0.03500000052154064,0.0,0.0,0.0,0.0,-1,1,-1,1,0,0,0,0,0,0,0,0
1783308259.9255702,0.0,0.0,0.0,0.0,0.0,0,0.0,0.0,0.0,0.0,0.05999999865889549,-0.05000000074505806,0.07999999821186066,-0.10000000149011612,-0.05999999865889549,0.05000000074505806,-0.07999999821186066,0.10000000149011612,-0.02099999953061342,0.01750000026077032,-0.02799999937415123,0.03500000052154064,0.0,0.0,0.0,0.0,-1,1,-1,1,0,0,0,0,0,0,0,0
1783308259.9455788,0.0,0.0,0.0,0.0,0.0,0,0.0,0.0,0.0,0.0,0.03999999910593033,-0.029999999329447746,0.05999999865889549,-0.07000000029802322,-0.03999999910593033,0.029999999329447746,-0.05999999865889549,0.07000000029802322,-0.013999999687075614,0.01049999976530671,-0.02099999953061342,0.024500000104308126,0.0,0.0,0.0,0.0,-1,1,-1,1,0,0,0,0,0,0,0,0
1783308259.9655778,0.0,0.0,0.0,0.0,0.0,0,0.0,0.0,0.0,0.0,0.03999999910593033,-0.029999999329447746,0.05999999865889549,-0.07000000029802322,-0.03999999910593033,0.029999999329447746,-0.05999999865889549,0.07000000029802322,-0.013999999687075614,0.01049999976530671,-0.02099999953061342,0.024500000104308126,0.0,0.0,0.0,0.0,-1,1,-1,1,0,0,0,0,0,0,0,0
1783308259.9856288,0.0,0.0,0.0,0.0,0.0,0,0.0,0.0,0.0,0.0,0.029999999329447746,-0.019999999552965164,0.03999999910593033,-0.05000000074505806,-0.029999999329447746,0.019999999552965164,-0.03999999910593033,0.05000000074505806,-0.01049999976530671,0.006999999843537807,-0.013999999687075614,0.01750000026077032,0.0,0.0,0.0,0.0,-1,1,-1,1,0,0,0,0,0,0,0,0
1783308260.0055852,0.0,0.0,0.0,0.0,0.0,0,0.0,0.0,0.0,0.0,0.029999999329447746,-0.019999999552965164,0.03999999910593033,-0.05000000074505806,-0.029999999329447746,0.019999999552965164,-0.03999999910593033,0.05000000074505806,-0.01049999976530671,0.006999999843537807,-0.013999999687075614,0.01750000026077032,0.0,0.0,0.0,0.0,-1,1,-1,1,0,0,0,0,0,0,0,0
1783308260.025578,0.0,0.0,0.0,0.0,0.0,0,0.0,0.0,0.0,0.0,0.029999999329447746,-0.019999999552965164,0.03999999910593033,-0.05000000074505806,-0.029999999329447746,0.019999999552965164,-0.03999999910593033,0.05000000074505806,-0.01049999976530671,0.006999999843537807,-0.013999999687075614,0.01750000026077032,0.0,0.0,0.0,0.0,-1,1,-1,1,0,0,0,0,0,0,0,0
1783308260.0455818,0.0,0.0,0.0,0.0,0.0,0,0.0,0.0,0.0,0.0,0.019999999552965164,-0.019999999552965164,0.029999999329447746,-0.029999999329447746,-0.019999999552965164,0.019999999552965164,-0.029999999329447746,0.029999999329447746,-0.006999999843537807,0.006999999843537807,-0.01049999976530671,0.01049999976530671,0.0,0.0,0.0,0.0,-1,1,-1,1,0,0,0,0,0,0,0,0
1783308260.0655816,0.0,0.0,0.0,0.0,0.0,0,0.0,0.0,0.0,0.0,0.019999999552965164,-0.019999999552965164,0.029999999329447746,-0.029999999329447746,-0.019999999552965164,0.019999999552965164,-0.029999999329447746,0.029999999329447746,-0.006999999843537807,0.006999999843537807,-0.01049999976530671,0.01049999976530671,0.0,0.0,0.0,0.0,-1,1,-1,1,0,0,0,0,0,0,0,0
1783308260.085637,0.0,0.0,0.0,0.0,0.0,0,0.0,0.0,0.0,0.0,0.009999999776482582,-0.009999999776482582,0.019999999552965164,-0.019999999552965164,-0.009999999776482582,0.009999999776482582,-0.019999999552965164,0.019999999552965164,-0.0034999999217689036,0.0034999999217689036,-0.006999999843537807,0.006999999843537807,0.0,0.0,0.0,0.0,-1,1,-1,1,0,0,0,0,0,0,0,0
1783308260.1055756,0.0,0.0,0.0,0.0,0.0,0,0.0,0.0,0.0,0.0,0.009999999776482582,-0.009999999776482582,0.019999999552965164,-0.019999999552965164,-0.009999999776482582,0.009999999776482582,-0.019999999552965164,0.019999999552965164,-0.0034999999217689036,0.0034999999217689036,-0.006999999843537807,0.006999999843537807,0.0,0.0,0.0,0.0,-1,1,-1,1,0,0,0,0,0,0,0,0
1783308260.1255672,0.0,0.0,0.0,0.0,0.0,0,0.0,0.0,0.0,0.0,0.009999999776482582,-0.009999999776482582,0.019999999552965164,-0.019999999552965164,-0.009999999776482582,0.009999999776482582,-0.019999999552965164,0.019999999552965164,-0.0034999999217689036,0.0034999999217689036,-0.006999999843537807,0.006999999843537807,0.0,0.0,0.0,0.0,-1,1,-1,1,0,0,0,0,0,0,0,0
1783308260.1455905,0.0,0.0,0.0,0.0,0.0,0,0.0,0.0,0.0,0.0,0.009999999776482582,-0.009999999776482582,0.009999999776482582,-0.019999999552965164,-0.009999999776482582,0.009999999776482582,-0.009999999776482582,0.019999999552965164,-0.0034999999217689036,0.0034999999217689036,-0.0034999999217689036,0.006999999843537807,0.0,0.0,0.0,0.0,-1,1,-1,1,0,0,0,0,0,0,0,0
1783308260.1655736,0.0,0.0,0.0,0.0,0.0,0,0.0,0.0,0.0,0.0,0.009999999776482582,-0.009999999776482582,0.009999999776482582,-0.019999999552965164,-0.009999999776482582,0.009999999776482582,-0.009999999776482582,0.019999999552965164,-0.0034999999217689036,0.0034999999217689036,-0.0034999999217689036,0.006999999843537807,0.0,0.0,0.0,0.0,-1,1,-1,1,0,0,0,0,0,0,0,0
1783308260.1856542,0.0,0.0,0.0,0.0,0.0,0,0.0,0.0,0.0,0.0,0.009999999776482582,-0.009999999776482582,0.009999999776482582,-0.009999999776482582,-0.009999999776482582,0.009999999776482582,-0.009999999776482582,0.009999999776482582,-0.0034999999217689036,0.0034999999217689036,-0.0034999999217689036,0.0034999999217689036,0.0,0.0,0.0,0.0,-1,1,-1,1,0,0,0,0,0,0,0,0
1783308260.205576,0.0,0.0,0.0,0.0,0.0,0,0.0,0.0,0.0,0.0,0.009999999776482582,-0.009999999776482582,0.009999999776482582,-0.009999999776482582,-0.009999999776482582,0.009999999776482582,-0.009999999776482582,0.009999999776482582,-0.0034999999217689036,0.0034999999217689036,-0.0034999999217689036,0.0034999999217689036,0.0,0.0,0.0,0.0,-1,1,-1,1,0,0,0,0,0,0,0,0
1783308260.225575,0.0,0.0,0.0,0.0,0.0,0,0.0,0.0,0.0,0.0,0.009999999776482582,-0.009999999776482582,0.009999999776482582,-0.009999999776482582,-0.009999999776482582,0.009999999776482582,-0.009999999776482582,0.009999999776482582,-0.0034999999217689036,0.0034999999217689036,-0.0034999999217689036,0.0034999999217689036,0.0,0.0,0.0,0.0,-1,1,-1,1,0,0,0,0,0,0,0,0
