t,vx_mm_s,vy_mm_s,wz_rad_s,velocity_mm_s,direction_deg,is_rotation_only,rpm_ref_M1,rpm_ref_M2,rpm_ref_M3,rpm_ref_M4,rpm_meas_M1,rpm_meas_M2,rpm_meas_M3,rpm_meas_M4,err_M1,err_M2,err_M3,err_M4,p_M1,p_M2,p_M3,p_M4,i_M1,i_M2,i_M3,i_M4,motor_sign_M1,motor_sign_M2,motor_sign_M3,motor_sign_M4,duty_ol_base_M1,duty_ol_base_M2,duty_ol_base_M3,duty_ol_base_M4,duty_pi_M1,duty_pi_M2,duty_pi_M3,duty_pi_M4
1783308559.3655815,0.0,0.0,0.0,0.0,0.0,0,0.0,0.0,0.0,0.0,-0.0,-0.0,-0.0,0.0,0.0,0.0,0.0,0.0,0.0,0.0,0.0,0.0,0.0,0.0,0.0,0.0,-1,1,-1,1,0,0,0,0,0,0,0,0
1783308559.3856525,0.0,0.0,0.0,0.0,0.0,0,0.0,0.0,0.0,0.0,-0.0,-0.0,-0.0,0.0,0.0,0.0,0.0,0.0,0.0,0.0,0.0,0.0,0.0,0.0,0.0,0.0,-1,1,-1,1,0,0,0,0,0,0,0,0
1783308559.4055617,0.0,0.0,0.0,0.0,0.0,0,0.0,0.0,0.0,0.0,-0.0,-0.0,-0.0,0.0,0.0,0.0,0.0,0.0,0.0,0.0,0.0,0.0,0.0,0.0,0.0,0.0,-1,1,-1,1,0,0,0,0,0,0,0,0
1783308559.4255857,0.0,0.0,0.0,0.0,0.0,0,0.0,0.0,0.0,0.0,-0.0,-0.0,-0.0,0.0,0.0,0.0,0.0,0.0,0.0,0.0,0.0,0.0,0.0,0.0,0.0,0.0,-1,1,-1,1,0,0,0,0,0,0,0,0
1783308559.4455686,0.0,0.0,0.0,0.0,0.0,0,0.0,0.0,0.0,0.0,-0.0,-0.0,-0.0,0.0,0.0,0.0,0.0,0.0,0.0,0.0,0.0,0.0,0.0,0.0,0.0,0.0,-1,1,-1,1,0,0,0,0,0,0,0,0
1783308559.4655778,0.0,0.0,0.0,0.0,0.0,0,0.0,0.0,0.0,0.0,-0.0,-0.0,-0.0,0.0,0.0,0.0,0.0,0.0,0.0,0.0,0.0,0.0,0.0,0.0,0.0,0.0,-1,1,-1,1,0,0,0,0,0,0,0,0
1783308559.4856424,0.0,0.0,0.0,0.0,0.0,0,0.0,0.0,0.0,0.0,-0.0,-0.0,-0.0,0.0,0.0,0.0,0.0,0.0,0.0,0.0,0.0,0.0,0.0,0.0,0.0,0.0,-1,1,-1,1,0,0,0,0,0,0,0,0
1783308559.5055726,0.0,0.0,0.0,0.0,0.0,0,0.0,0.0,0.0,0.0,-0.0,-0.0,-0.0,0.0,0.0,0.0,0.0,0.0,0.0,0.0,0.0,0.0,0.0,0.0,0.0,0.0,-1,1,-1,1,0,0,0,0,0,0,0,0
1783308559.5255983,0.0,0.0,0.0,0.0,0.0,0,0.0,0.0,0.0,0.0,-0.0,-0.0,-0.0,0.0,0.0,0.0,0.0,0.0,0.0,0.0,0.0,0.0,0.0,0.0,0.0,0.0,-1,1,-1,1,0,0,0,0,0,0,0,0
1783308559.5456352,0.0,0.0,0.0,0.0,0.0,0,0.0,0.0,0.0,0.0,-0.0,-0.0,-0.0,0.0,0.0,0.0,0.0,0.0,0.0,0.0,0.0,0.0,0.0,0.0,0.0,0.0,-1,1,-1,1,0,0,0,0,0,0,0,0
1783308559.5655777,0.0,0.0,0.0,0.0,0.0,0,0.0,0.0,0.0,0.0,-0.0,-0.0,-0.0,0.0,0.0,0.0,0.0,0.0,0.0,0.0,0.0,0.0,0.0,0.0,0.0,0.0,-1,1,-1,1,0,0,0,0,0,0,0,0
1783308559.5856898,0.0,0.0,0.0,0.0,0.0,0,0.0,0.0,0.0,0.0,-0.0,-0.0,-0.0,0.0,0.0,0.0,0.0,0.0,0.0,0.0,0.0,0.0,0.0,0.0,0.0,0.0,-1,1,-1,1,0,0,0,0,0,0,0,0
1783308559.6055734,0.0,0.0,0.0,0.0,0.0,0,0.0,0.0,0.0,0.0,-0.0,-0.0,-0.0,0.0,0.0,0.0,0.0,0.0,0.0,0.0,0.0,0.0,0.0,0.0,0.0,0.0,-1,1,-1,1,0,0,0,0,0,0,0,0
1783308559.62563,0.0,0.0,0.0,0.0,0.0,0,0.0,0.0,0.0,0.0,-0.0,-0.0,-0.0,0.0,0.0,0.0,0.0,0.0,0.0,0.0,0.0,0.0,0.0,0.0,0.0,0.0,-1,1,-1,1,0,0,0,0,0,0,0,0
1783308559.6455739,0.0,0.0,0.0,0.0,0.0,0,0.0,0.0,0.0,0.0,-0.0,-0.0,-0.0,0.0,0.0,0.0,0.0,0.0,0.0,0.0,0.0,0.0,0.0,0.0,0.0,0.0,-1,1,-1,1,0,0,0,0,0,0,0,0
1783308559.6656117,0.0,0.0,0.0,0.0,0.0,0,0.0,0.0,0.0,0.0,-0.0,-0.0,-0.0,0.0,0.0,0.0,0.0,0.0,0.0,0.0,0.0,0.0,0.0,0.0,0.0,0.0,-1,1,-1,1,0,0,0,0,0,0,0,0
1783308559.685643,0.0,0.0,0.0,0.0,0.0,0,0.0,0.0,0.0,0.0,-0.0,-0.0,-0.0,0.0,0.0,0.0,0.0,0.0,0.0,0.0,0.0,0.0,0.0,0.0,0.0,0.0,-1,1,-1,1,0,0,0,0,0,0,0,0
1783308559.705601,0.0,0.0,0.0,0.0,0.0,0,0.0,0.0,0.0,0.0,-0.0,-0.0,-0.0,0.0,0.0,0.0,0.0,0.0,0.0,0.0,0.0,0.0,0.0,0.0,0.0,0.0,-1,1,-1,1,0,0,0,0,0,0,0,0
1783308559.7255833,0.0,0.0,0.0,0.0,0.0,0,0.0,0.0,0.0,0.0,-0.0,-0.0,-0.0,0.0,0.0,0.0,0.0,0.0,0.0,0.0,0.0,0.0,0.0,0.0,0.0,0.0,-1,1,-1,1,0,0,0,0,0,0,0,0
1783308559.7456093,0.0,0.0,0.0,0.0,0.0,0,0.0,0.0,0.0,0.0,-0.0,-0.0,-0.0,0.0,0.0,0.0,0.0,0.0,0.0,0.0,0.0,0.0,0.0,0.0,0.0,0.0,-1,1,-1,1,0,0,0,0,0,0,0,0
1783308559.765611,0.0,0.0,0.0,0.0,0.0,0,0.0,0.0,0.0,0.0,-0.0,-0.0,-0.0,0.0,0.0,0.0,0.0,0.0,0.0,0.0,0.0,0.0,0.0,0.0,0.0,0.0,-1,1,-1,1,0,0,0,0,0,0,0,0
1783308559.7856534,0.0,0.0,0.0,0.0,0.0,0,0.0,0.0,0.0,0.0,-0.0,-0.0,-0.0,0.0,0.0,0.0,0.0,0.0,0.0,0.0,0.0,0.0,0.0,0.0,0.0,0.0,-1,1,-1,1,0,0,0,0,0,0,0,0
1783308559.8055665,0.0,0.0,0.0,0.0,0.0,0,0.0,0.0,0.0,0.0,-0.0,-0.0,-0.0,0.0,0.0,0.0,0.0,0.0,0.0,0.0,0.0,0.0,0.0,0.0,0.0,0.0,-1,1,-1,1,0,0,0,0,0,0,0,0
1783308559.82561,0.0,0.0,0.0,0.0,0.0,0,0.0,0.0,0.0,0.0,-0.0,-0.0,-0.0,0.0,0.0,0.0,0.0,0.0,0.0,0.0,0.0,0.0,0.0,0.0,0.0,0.0,-1,1,-1,1,0,0,0,0,0,0,0,0
1783308559.8455684,0.0,0.0,0.0,0.0,0.0,0,0.0,0.0,0.0,0.0,-0.0,-0.0,-0.0,0.0,0.0,0.0,0.0,0.0,0.0,0.0,0.0,0.0,0.0,0.0,0.0,0.0,-1,1,-1,1,0,0,0,0,0,0,0,0
1783308559.8656087,0.0,0.0,0.0,0.0,0.0,0,0.0,0.0,0.0,0.0,-0.0,-0.0,-0.0,0.0,0.0,0.0,0.0,0.0,0.0,0.0,0.0,0.0,0.0,0.0,0.0,0.0,-1,1,-1,1,0,0,0,0,0,0,0,0
1783308559.8856637,0.0,0.0,0.0,0.0,0.0,0,0.0,0.0,0.0,0.0,-0.0,-0.0,-0.0,0.0,0.0,0.0,0.0,0.0,0.0,0.0,0.0,0.0,0.0,0.0,0.0,0.0,-1,1,-1,1,0,0,0,0,0,0,0,0
1783308559.9055686,0.0,0.0,0.0,0.0,0.0,0,0.0,0.0,0.0,0.0,-0.0,-0.0,-0.0,0.0,0.0,0.0,0.0,0.0,0.0,0.0,0.0,0.0,0.0,0.0,0.0,0.0,-1,1,-1,1,0,0,0,0,0,0,0,0
1783308559.9255824,0.0,0.0,0.0,0.0,0.0,0,0.0,0.0,0.0,0.0,-0.0,-0.0,-0.0,0.0,0.0,0.0,0.0,0.0,0.0,0.0,0.0,0.0,0.0,0.0,0.0,0.0,-1,1,-1,1,0,0,0,0,0,0,0,0
1783308559.9456468,0.0,0.0,0.0,0.0,0.0,0,0.0,0.0,0.0,0.0,-0.0,-0.0,-0.0,0.0,0.0,0.0,0.0,0.0,0.0,0.0,0.0,0.0,0.0,0.0,0.0,0.0,-1,1,-1,1,0,0,0,0,0,0,0,0
1783308559.9655178,0.0,0.0,0.0,0.0,0.0,0,0.0,0.0,0.0,0.0,-0.0,-0.0,-0.0,0.0,0.0,0.0,0.0,0.0,0.0,0.0,0.0,0.0,0.0,0.0,0.0,0.0,-1,1,-1,1,0,0,0,0,0,0,0,0
1783308559.9855795,0.0,0.0,0.0,0.0,0.0,0,0.0,0.0,0.0,0.0,-0.0,-0.0,-0.0,0.0,0.0,0.0,0.0,0.0,0.0,0.0,0.0,0.0,0.0,0.0,0.0,0.0,-1,1,-1,1,0,0,0,0,0,0,0,0
1783308560.005647,0.0,0.0,0.0,0.0,0.0,0,0.0,0.0,0.0,0.0,-0.0,-0.0,-0.0,0.0,0.0,0.0,0.0,0.0,0.0,0.0,0.0,0.0,0.0,0.0,0.0,0.0,-1,1,-1,1,0,0,0,0,0,0,0,0
1783308560.0255644,0.0,0.0,0.0,0.0,0.0,0,0.0,0.0,0.0,0.0,-0.0,-0.0,-0.0,0.0,0.0,0.0,0.0,0.0,0.0,0.0,0.0,0.0,0.0,0.0,0.0,0.0,-1,1,-1,1,0,0,0,0,0,0,0,0
1783308560.0456493,0.0,0.0,0.0,0.0,0.0,0,0.0,0.0,0.0,0.0,-0.0,-0.0,-0.0,0.0,0.0,0.0,0.0,0.0,0.0,0.0,0.0,0.0,0.0,0.0,0.0,0.0,-1,1,-1,1,0,0,0,0,0,0,0,0
1783308560.0655737,0.0,0.0,0.0,0.0,0.0,0,0.0,0.0,0.0,0.0,-0.0,-0.0,-0.0,0.0,0.0,0.0,0.0,0.0,0.0,0.0,0.0,0.0,0.0,0.0,0.0,0.0,-1,1,-1,1,0,0,0,0,0,0,0,0
1783308560.0856476,0.0,0.0,0.0,0.0,0.0,0,0.0,0.0,0.0,0.0,-0.0,-0.0,-0.0,0.0,0.0,0.0,0.0,0.0,0.0,0.0,0.0,0.0,0.0,0.0,0.0,0.0,-1,1,-1,1,0,0,0,0,0,0,0,0
1783308560.1055746,0.0,0.0,0.0,0.0,0.0,0,0.0,0.0,0.0,0.0,-0.0,-0.0,-0.0,0.0,0.0,0.0,0.0,0.0,0.0,0.0,0.0,0.0,0.0,0.0,0.0,0.0,-1,1,-1,1,0,0,0,0,0,0,0,0
1783308560.125589,0.0,0.0,0.0,0.0,0.0,0,0.0,0.0,0.0,0.0,-0.0,-0.0,-0.0,0.0,0.0,0.0,0.0,0.0,0.0,0.0,0.0,0.0,0.0,0.0,0.0,0.0,-1,1,-1,1,0,0,0,0,0,0,0,0
1783308560.1456997,35.0,0.0,0.0,35.0,0.0,0,10.283857861322469,10.283857861322469,10.283857861322469,10.283857861322469,-0.0,-0.0,-0.0,0.0,10.283857861322469,10.283857861322469,10.283857861322469,10.283857861322469,3.5993502514628637,3.5993502514628637,3.5993502514628637,3.5993502514628637,0.09255472075190221,0.09255472075190221,0.09255472075190221,0.09255472075190221,-1,1,-1,1,-13,13,-13,13,-17,17,-17,17
1783308560.1656017,35.0,0.0,0.0,35.0,0.0,0,10.283857861322469,10.283857861322469,10.283857861322469,10.283857861322469,-0.0,-0.0,-0.0,0.0,10.283857861322469,10.283857861322469,10.283857861322469,10.283857861322469,3.5993502514628637,3.5993502514628637,3.5993502514628637,3.5993502514628637,0.18510944150380443,0.18510944150380443,0.18510944150380443,0.18510944150380443,-1,1,-1,1,-13,13,-13,13,-17,17,-17,17
1783308560.1857638,35.0,0.0,0.0,35.0,0.0,0,10.283857861322469,10.283857861322469,10.283857861322469,10.283857861322469,-0.0,-0.0,-0.0,0.0,10.283857861322469,10.283857861322469,10.283857861322469,10.283857861322469,3.5993502514628637,3.5993502514628637,3.5993502514628637,3.5993502514628637,0.27766416225570667,0.27766416225570667,0.27766416225570667,0.27766416225570667,-1,1,-1,1,-13,13,-13,13,-17,17,-17,17
1783308560.2055984,35.0,0.0,0.0,35.0,0.0,0,10.283857861322469,10.283857861322469,10.283857861322469,10.283857861322469,-0.0,-0.0,-0.0,0.0,10.283857861322469,10.283857861322469,10.283857861322469,10.283857861322469,3.5993502514628637,3.5993502514628637,3.5993502514628637,3.5993502514628637,0.37021888300760886,0.37021888300760886,0.37021888300760886,0.37021888300760886,-1,1,-1,1,-13,13,-13,13,-17,17,-17,17
1783308560.225586,35.0,0.0,0.0,35.0,0.0,0,10.283857861322469,10.283857861322469,10.283857861322469,10.283857861322469,-0.0,-0.0,-0.0,0.0,10.283857861322469,10.283857861322469,10.283857861322469,10.283857861322469,3.5993502514628637,3.5993502514628637,3.5993502514628637,3.5993502514628637,0.46277360375951104,0.46277360375951104,0.46277360375951104,0.46277360375951104,-1,1,-1,1,-13,13,-13,13,-17,17,-17,17
1783308560.2456036,35.0,0.0,0.0,35.0,0.0,0,10.283857861322469,10.283857861322469,10.283857861322469,10.283857861322469,0.23000000417232513,0.44999998807907104,0.23000000417232513,1.5800000429153442,10.053857857150144,9.833857873243398,10.053857857150144,8.703857818407124,3.51885025000255,3.441850255635189,3.51885025000255,3.0463502364424935,0.5532583244738624,0.5512783246187016,0.5532583244738624,0.5411083241251752,-1,1,-1,1,-13,13,-13,13,-17,17,-17,17
1783308560.2655911,35.0,0.0,0.0,35.0,0.0,0,10.283857861322469,10.283857861322469,10.283857861322469,10.283857861322469,0.23000000417232513,0.44999998807907104,0.23000000417232513,1.5800000429153442,10.053857857150144,9.833857873243398,10.053857857150144,8.703857818407124,3.51885025000255,3.441850255635189,3.51885025000255,3.0463502364424935,0.6437430451882137,0.6397830454778922,0.6437430451882137,0.6194430444908393,-1,1,-1,1,-13,13,-13,13,-17,17,-17,17
1783308560.2857559,35.0,0.0,0.0,35.0,0.0,0,10.283857861322469,10.283857861322469,10.283857861322469,10.283857861322469,1.059999942779541,1.0,0.6100000143051147,1.7899999618530273,9.223857918542928,9.283857861322469,9.673857847017354,8.493857899469441,3.2283502714900245,3.249350251462864,3.385850246456074,2.9728502648143045,0.7267577664551,0.7233377662297944,0.7308077658113699,0.6958877655860642,-1,1,-1,1,-13,13,-13,13,-17,17,-17,17
1783308560.3055985,35.0,0.0,0.0,35.0,0.0,0,10.283857861322469,10.283857861322469,10.283857861322469,10.283857861322469,1.059999942779541,1.0,0.6100000143051147,1.7899999618530273,9.223857918542928,9.283857861322469,9.673857847017354,8.493857899469441,3.2283502714900245,3.249350251462864,3.385850246456074,2.9728502648143045,0.8097724877219864,0.8068924869816967,0.817872486434526,0.7723324866812892,-1,1,-1,1,-13,13,-13,13,-17,17,-17,17
1783308560.3256898,35.0,0.0,0.0,35.0,0.0,0,10.283857861322469,10.283857861322469,10.283857861322469,10.283857861322469,1.059999942779541,1.0,0.6100000143051147,1.7899999618530273,9.223857918542928,9.283857861322469,9.673857847017354,8.493857899469441,3.2283502714900245,3.249350251462864,3.385850246456074,2.9728502648143045,0.8927872089888728,0.890447207733599,0.9049372070576822,0.8487772077765141,-1,1,-1,1,-13,13,-13,13,-17,17,-17,17
1783308560.3456054,35.0,0.0,0.0,35.0,0.0,0,10.283857861322469,10.283857861322469,10.283857861322469,10.283857861322469,1.4199999570846558,1.600000023841858,1.7899999618530273,2.1600000858306885,8.863857904237813,8.68385783748061,8.493857899469441,8.12385777549178,3.1023502664832345,3.039350243118214,2.9728502648143045,2.843350221422123,0.9725619301270131,0.9686019282709245,0.9813819281529071,0.9218919277559401,-1,1,-1,1,-13,13,-13,13,-17,17,-17,17
1783308560.365594,35.0,0.0,0.0,35.0,0.0,0,10.283857861322469,10.283857861322469,10.283857861322469,10.283857861322469,1.4199999570846558,1.600000023841858,1.7899999618530273,2.1600000858306885,8.863857904237813,8.68385783748061,8.493857899469441,8.12385777549178,3.1023502664832345,3.039350243118214,2.9728502648143045,2.843350221422123,1.0523366512651533,1.04675664880825,1.057826649248132,0.9950066477353661,-1,1,-1,1,-13,13,-13,13,-17,17,-17,17
1783308560.3856497,35.0,0.0,0.0,35.0,0.0,0,10.283857861322469,10.283857861322469,10.283857861322469,10.283857861322469,2.5799999237060547,2.930000066757202,2.8399999141693115,3.0999999046325684,7.703857937616414,7.353857794565267,7.443857947153157,7.1838579566899,2.696350278165745,2.573850228097843,2.605350281503605,2.514350284841465,1.121671372703701,1.1129413689593375,1.1248213707725105,1.0596613693455752,-1,1,-1,1,-13,13,-13,13,-17,17,-17,17
1783308560.405605,35.0,0.0,0.0,35.0,0.0,0,10.283857861322469,10.283857861322469,10.283857861322469,10.283857861322469,2.5799999237060547,2.930000066757202,2.8399999141693115,3.0999999046325684,7.703857937616414,7.353857794565267,7.443857947153157,7.1838579566899,2.696350278165745,2.573850228097843,2.605350281503605,2.514350284841465,1.191006094142249,1.179126089110425,1.191816092296889,1.1243160909557843,-1,1,-1,1,-13,13,-13,13,-17,17,-17,17
1783308560.4255989,35.0,0.0,0.0,35.0,0.0,0,10.283857861322469,10.283857861322469,10.283857861322469,10.283857861322469,2.5799999237060547,2.930000066757202,2.8399999141693115,3.0999999046325684,7.703857937616414,7.353857794565267,7.443857947153157,7.1838579566899,2.696350278165745,2.573850228097843,2.605350281503605,2.514350284841465,1.2603408155807967,1.2453108092615124,1.2588108138212675,1.1889708125659935,-1,1,-1,1,-13,13,-13,13,-17,17,-17,17
1783308560.4456007,35.0,0.0,0.0,35.0,0.0,0,10.283857861322469,10.283857861322469,10.283857861322469,10.283857861322469,3.619999885559082,3.859999895095825,3.799999952316284,3.9800000190734863,6.663857975763387,6.4238579662266435,6.4838579090061845,6.303857842248982,2.332350291517185,2.248350288179325,2.2693502681521642,2.2063502447871435,1.3203155373626672,1.3031255309575522,1.317165535002323,1.2457055331462343,-1,1,-1,1,-13,13,-13,13,-17,17,-17,16
1783308560.4656775,35.0,0.0,0.0,35.0,0.0,0,10.283857861322469,10.283857861322469,10.283857861322469,10.283857861322469,3.619999885559082,3.859999895095825,3.799999952316284,3.9800000190734863,6.663857975763387,6.4238579662266435,6.4838579090061845,6.303857842248982,2.332350291517185,2.248350288179325,2.2693502681521642,2.2063502447871435,1.3802902591445376,1.360940252653592,1.3755202561833788,1.3024402537264752,-1,1,-1,1,-13,13,-13,13,-17,17,-17,17
1783308560.4856663,35.0,0.0,0.0,35.0,0.0,0,10.283857861322469,10.283857861322469,10.283857861322469,10.283857861322469,5.019999980926514,4.739999771118164,5.150000095367432,4.599999904632568,5.263857880395955,5.543858090204305,5.133857765955037,5.6838579566899,1.8423502581385842,1.9403503315715065,1.796850218084263,1.989350284841465,1.4276649800681012,1.4108349754654308,1.4217249760769741,1.3535949753366843,-1,1,-1,1,-13,13,-13,13,-16,16,-16,16
1783308560.505655,35.0,0.0,0.0,35.0,0.0,0,10.283857861322469,10.283857861322469,10.283857861322469,10.283857861322469,5.019999980926514,4.739999771118164,5.150000095367432,4.599999904632568,5.263857880395955,5.543858090204305,5.133857765955037,5.6838579566899,1.8423502581385842,1.9403503315715065,1.796850218084263,1.989350284841465,1.4750397009916647,1.4607296982772695,1.4679296959705694,1.4047496969468933,-1,1,-1,1,-13,13,-13,13,-16,16,-16,16
1783308560.5256083,35.0,0.0,0.0,35.0,0.0,0,10.283857861322469,10.283857861322469,10.283857861322469,10.283857861322469,5.019999980926514,4.739999771118164,5.150000095367432,4.599999904632568,5.263857880395955,5.543858090204305,5.133857765955037,5.6838579566899,1.8423502581385842,1.9403503315715065,1.796850218084263,1.989350284841465,1.5224144219152282,1.5106244210891082,1.5141344158641648,1.4559044185571024,-1,1,-1,1,-13,13,-13,13,-16,16,-16,16
1783308560.5455902,35.0,0.0,0.0,35.0,0.0,0,10.283857861322469,10.283857861322469,10.283857861322469,10.283857861322469,5.78000020980835,5.809999942779541,6.090000152587891,5.710000038146973,4.503857651514119,4.473857918542928,4.193857708734578,4.573857823175496,1.5763501780299416,1.5658502714900246,1.4678501980571022,1.6008502381114236,1.5629491407788554,1.5508891423559945,1.5518791352427759,1.4970691389656818,-1,1,-1,1,-13,13,-13,13,-16,16,-16,16
1783308560.5655913,35.0,0.0,0.0,35.0,0.0,0,10.283857861322469,10.283857861322469,10.283857861322469,10.283857861322469,5.78000020980835,5.809999942779541,6.090000152587891,5.710000038146973,4.503857651514119,4.473857918542928,4.193857708734578,4.573857823175496,1.5763501780299416,1.5658502714900246,1.4678501980571022,1.6008502381114236,1.6034838596424825,1.5911538636228808,1.589623854621387,1.5382338593742613,-1,1,-1,1,-13,13,-13,13,-16,16,-16,16
1783308560.5856807,35.0,0.0,0.0,35.0,0.0,0,10.283857861322469,10.283857861322469,10.283857861322469,10.283857861322469,7.21999979019165,7.010000228881836,6.980000019073486,6.940000057220459,3.0638580711308183,3.2738576324406328,3.3038578422489824,3.3438578041020097,1.0723503248957864,1.1458501713542213,1.1563502447871437,1.1703502314357033,1.63105858228266,1.6206185823148465,1.6193585752016277,1.5683285796111794,-1,1,-1,1,-13,13,-13,13,-16,16,-16,16
1783308560.6055813,35.0,0.0,0.0,35.0,0.0,0,10.283857861322469,10.283857861322469,10.283857861322469,10.283857861322469,7.21999979019165,7.010000228881836,6.980000019073486,6.940000057220459,3.0638580711308183,3.2738576324406328,3.3038578422489824,3.3438578041020097,1.0723503248957864,1.1458501713542213,1.1563502447871437,1.1703502314357033,1.6586333049228374,1.650083301006812,1.6490932957818685,1.5984232998480976,-1,1,-1,1,-13,13,-13,13,-16,16,-16,16
1783308560.6255941,35.0,0.0,0.0,35.0,0.0,0,10.283857861322469,10.283857861322469,10.283857861322469,10.283857861322469,7.21999979019165,7.010000228881836,6.980000019073486,6.940000057220459,3.0638580711308183,3.2738576324406328,3.3038578422489824,3.3438578041020097,1.0723503248957864,1.1458501713542213,1.1563502447871437,1.1703502314357033,1.686208027563015,1.6795480196987778,1.6788280163621092,1.6285180200850158,-1,1,-1,1,-13,13,-13,13,-16,16,-16,16
1783308560.6455882,35.0,0.0,0.0,35.0,0.0,0,10.283857861322469,10.283857861322469,10.283857861322469,10.283857861322469,8.220000267028809,7.619999885559082,8.279999732971191,7.570000171661377,2.06385759429366,2.6638579757633867,2.0038581283512773,2.7138576896610918,0.722350158002781,0.9323502915171853,0.701350344922947,0.949850191381382,1.7047827459116578,1.7035227414806482,1.6968627395172706,1.6529427392919656,-1,1,-1,1,-13,13,-13,13,-15,16,-15,16
1783308560.6655867,35.0,0.0,0.0,35.0,0.0,0,10.283857861322469,10.283857861322469,10.283857861322469,10.283857861322469,8.220000267028809,7.619999885559082,8.279999732971191,7.570000171661377,2.06385759429366,2.6638579757633867,2.0038581283512773,2.7138576896610918,0.722350158002781,0.9323502915171853,0.701350344922947,0.949850191381382,1.7233574642603007,1.7274974632625186,1.714897462672432,1.6773674584989153,-1,1,-1,1,-13,13,-13,13,-15,16,-15,16
1783308560.685666,35.0,0.0,0.0,35.0,0.0,0,10.283857861322469,10.283857861322469,10.283857861322469,10.283857861322469,9.149999618530273,8.729999542236328,9.199999809265137,8.470000267028809,1.1338582427921953,1.5538583190861406,1.083858052057332,1.8138575942936601,0.3968503849772683,0.5438504116801491,0.37935031822006615,0.634850158002781,1.7335621884454304,1.741482188134294,1.724652185140948,1.6936921768475584,-1,1,-1,1,-13,13,-13,13,-15,15,-15,15
1783308560.7056487,35.0,0.0,0.0,35.0,0.0,0,10.283857861322469,10.283857861322469,10.283857861322469,10.283857861322469,9.149999618530273,8.729999542236328,9.199999809265137,8.470000267028809,1.1338582427921953,1.5538583190861406,1.083858052057332,1.8138575942936601,0.3968503849772683,0.5438504116801491,0.37935031822006615,0.634850158002781,1.7437669126305602,1.7554669130060692,1.734406907609464,1.7100168951962014,-1,1,-1,1,-13,13,-13,13,-15,15,-15,15
1783308560.7256005,35.0,0.0,0.0,35.0,0.0,0,10.283857861322469,10.283857861322469,10.283857861322469,10.283857861322469,9.149999618530273,8.729999542236328,9.199999809265137,8.470000267028809,1.1338582427921953,1.5538583190861406,1.083858052057332,1.8138575942936601,0.3968503849772683,0.5438504116801491,0.37935031822006615,0.634850158002781,1.75397163681569,1.7694516378778444,1.7441616300779799,1.7263416135448444,-1,1,-1,1,-13,13,-13,13,-15,15,-15,15
1783308560.7456021,35.0,0.0,0.0,35.0,0.0,0,10.283857861322469,10.283857861322469,10.283857861322469,10.283857861322469,10.029999732971191,9.279999732971191,10.0600004196167,9.329999923706055,0.2538581283512773,1.0038581283512773,0.2238574417057695,0.953857937616414,0.08885034492294705,0.35135034492294703,0.07835010459701931,0.33385027816574486,1.7562563599708514,1.778486361033006,1.7461763470533318,1.734926334983392,-1,1,-1,1,-13,13,-13,13,-15,15,-15,15
1783308560.7656415,35.0,0.0,0.0,35.0,0.0,0,10.283857861322469,10.283857861322469,10.283857861322469,10.283857861322469,10.029999732971191,9.279999732971191,10.0600004196167,9.329999923706055,0.2538581283512773,1.0038581283512773,0.2238574417057695,0.953857937616414,0.08885034492294705,0.35135034492294703,0.07835010459701931,0.33385027816574486,1.7585410831260129,1.7875210841881675,1.7481910640286837,1.7435110564219398,-1,1,-1,1,-13,13,-13,13,-15,15,-15,15
1783308560.785674,35.0,0.0,0.0,35.0,0.0,0,10.283857861322469,10.283857861322469,10.283857861322469,10.283857861322469,10.420000076293945,10.119999885559082,10.4399995803833,9.920000076293945,-0.1361422149714766,0.16385797576338668,-0.15614171906083207,0.3638577850285234,-0.04764977524001681,0.057350291517185334,-0.05464960167129122,0.12735022475998317,1.7573158031912697,1.788995805970038,1.7467857885571363,1.7467857764871966,-1,1,-1,1,-13,13,-13,13,-15,15,-15,15
1783308560.8055909,35.0,0.0,0.0,35.0,0.0,0,10.283857861322469,10.283857861322469,10.283857861322469,10.283857861322469,10.420000076293945,10.119999885559082,10.4399995803833,9.920000076293945,-0.1361422149714766,0.16385797576338668,-0.15614171906083207,0.3638577850285234,-0.04764977524001681,0.057350291517185334,-0.05464960167129122,0.12735022475998317,1.7560905232565265,1.7904705277519084,1.7453805130855888,1.7500604965524533,-1,1,-1,1,-13,13,-13,13,-15,15,-15,15
1783308560.825586,35.0,0.0,0.0,35.0,0.0,0,10.283857861322469,10.283857861322469,10.283857861322469,10.283857861322469,10.420000076293945,10.119999885559082,10.4399995803833,9.920000076293945,-0.1361422149714766,0.16385797576338668,-0.15614171906083207,0.3638577850285234,-0.04764977524001681,0.057350291517185334,-0.05464960167129122,0.12735022475998317,1.7548652433217833,1.7919452495337789,1.7439752376140414,1.75333521661771,-1,1,-1,1,-13,13,-13,13,-15,15,-15,15
1783308560.8456016,35.0,0.0,0.0,35.0,0.0,0,10.283857861322469,10.283857861322469,10.283857861322469,10.283857861322469,10.90999984741211,11.15999984741211,11.380000114440918,10.569999694824219,-0.6261419860896407,-0.8761419860896407,-1.0961422531184493,-0.28614183350175004,-0.21914969513137422,-0.3066496951313742,-0.3836497885914572,-0.10014964172561251,1.7492299654469765,1.784059971658972,1.7341099573359753,1.7507599401161944,-1,1,-1,1,-13,13,-13,13,-15,14,-14,15
1783308560.8655982,35.0,0.0,0.0,35.0,0.0,0,10.283857861322469,10.283857861322469,10.283857861322469,10.283857861322469,10.90999984741211,11.15999984741211,11.380000114440918,10.569999694824219,-0.6261419860896407,-0.8761419860896407,-1.0961422531184493,-0.28614183350175004,-0.21914969513137422,-0.3066496951313742,-0.3836497885914572,-0.10014964172561251,1.7435946875721697,1.7761746937841651,1.7242446770579092,1.7481846636146787,-1,1,-1,1,-13,13,-13,13,-15,14,-14,15
1783308560.8856645,35.0,0.0,0.0,35.0,0.0,0,10.283857861322469,10.283857861322469,10.283857861322469,10.283857861322469,11.489999771118164,11.430000305175781,11.59000015258789,11.020000457763672,-1.2061419097956954,-1.1461424438533125,-1.306142291265422,-0.7361425964412032,-0.42214966842849333,-0.4011498553486594,-0.4571498019428976,-0.2576499087544211,1.7327394103840086,1.7658594117894852,1.7124893964365204,1.741559380246708,-1,1,-1,1,-13,13,-13,13,-14,14,-14,14
1783308560.9055946,35.0,0.0,0.0,35.0,0.0,0,10.283857861322469,10.283857861322469,10.283857861322469,10.283857861322469,11.489999771118164,11.430000305175781,11.59000015258789,11.020000457763672,-1.2061419097956954,-1.1461424438533125,-1.306142291265422,-0.7361425964412032,-0.42214966842849333,-0.4011498553486594,-0.4571498019428976,-0.2576499087544211,1.7218841331958474,1.7555441297948053,1.7007341158151317,1.7349340968787372,-1,1,-1,1,-13,13,-13,13,-14,14,-14,14
1783308560.925608,35.0,0.0,0.0,35.0,0.0,0,10.283857861322469,10.283857861322469,10.283857861322469,10.283857861322469,11.489999771118164,11.430000305175781,11.59000015258789,11.020000457763672,-1.2061419097956954,-1.1461424438533125,-1.306142291265422,-0.7361425964412032,-0.42214966842849333,-0.4011498553486594,-0.4571498019428976,-0.2576499087544211,1.7110288560076863,1.7452288478001254,1.688978835193743,1.7283088135107665,-1,1,-1,1,-13,13,-13,13,-14,14,-14,14
1783308560.9455793,35.0,0.0,0.0,35.0,0.0,0,10.283857861322469,10.283857861322469,10.283857861322469,10.283857861322469,12.34000015258789,11.850000381469727,12.1899995803833,11.5600004196167,-2.056142291265422,-1.5661425201472579,-1.906141719060832,-1.2761425582942305,-0.7196498019428976,-0.5481498820515402,-0.6671496016712912,-0.44664989540298067,1.6925235753862975,1.7311335651188,1.6718235597221955,1.7168235304861184,-1,1,-1,1,-13,13,-13,13,-14,14,-14,14
1783308560.965667,35.0,0.0,0.0,35.0,0.0,0,10.283857861322469,10.283857861322469,10.283857861322469,10.283857861322469,12.34000015258789,11.850000381469727,12.1899995803833,11.5600004196167,-2.056142291265422,-1.5661425201472579,-1.906141719060832,-1.2761425582942305,-0.7196498019428976,-0.5481498820515402,-0.6671496016712912,-0.44664989540298067,1.6740182947649087,1.7170382824374746,1.6546682842506482,1.7053382474614702,-1,1,-1,1,-13,13,-13,13,-14,14,-14,14
1783308560.9856632,35.0,0.0,0.0,35.0,0.0,0,10.283857861322469,10.283857861322469,10.283857861322469,10.283857861322469,12.720000267028809,12.149999618530273,12.380000114440918,12.170000076293945,-2.43614240570634,-1.8661417572078047,-2.0961422531184493,-1.8861422149714766,-0.8526498419972189,-0.6531496150227316,-0.7336497885914572,-0.6601497752400167,1.6520930131135516,1.7002430066226044,1.6358030039725822,1.6883629675267269,-1,1,-1,1,-13,13,-13,13,-14,14,-14,14
1783308561.0055938,35.0,0.0,0.0,35.0,0.0,0,10.283857861322469,10.283857861322469,10.283857861322469,10.283857861322469,12.720000267028809,12.149999618530273,12.380000114440918,12.170000076293945,-2.43614240570634,-1.8661417572078047,-2.0961422531184493,-1.8861422149714766,-0.8526498419972189,-0.6531496150227316,-0.7336497885914572,-0.6601497752400167,1.6301677314621945,1.6834477308077342,1.6169377236945162,1.6713876875919835,-1,1,-1,1,-13,13,-13,13,-14,14,-14,14
1783308561.0256295,35.0,0.0,0.0,35.0,0.0,0,10.283857861322469,10.283857861322469,10.283857861322469,10.283857861322469,12.720000267028809,12.149999618530273,12.380000114440918,12.170000076293945,-2.43614240570634,-1.8661417572078047,-2.0961422531184493,-1.8861422149714766,-0.8526498419972189,-0.6531496150227316,-0.7336497885914572,-0.6601497752400167,1.6082424498108374,1.666652454992864,1.5980724434164502,1.6544124076572402,-1,1,-1,1,-13,13,-13,13,-14,14,-14,14
1783308561.0455983,35.0,0.0,0.0,35.0,0.0,0,10.283857861322469,10.283857861322469,10.283857861322469,10.283857861322469,12.75,12.350000381469727,12.520000457763672,12.369999885559082,-2.4661421386775313,-2.066142520147258,-2.236142596441203,-2.0861420242366133,-0.8631497485371359,-0.7231498820515402,-0.7826499087544211,-0.7301497084828146,1.5860471705627397,1.6480571723115387,1.5779471600484793,1.6356371294391105,-1,1,-1,1,-13,13,-13,13,-14,14,-14,14
1783308561.0656009,35.0,0.0,0.0,35.0,0.0,0,10.283857861322469,10.283857861322469,10.283857861322469,10.283857861322469,12.75,12.350000381469727,12.520000457763672,12.369999885559082,-2.4661421386775313,-2.066142520147258,-2.236142596441203,-2.0861420242366133,-0.8631497485371359,-0.7231498820515402,-0.7826499087544211,-0.7301497084828146,1.563851891314642,1.6294618896302133,1.5578218766805085,1.616861851220981,-1,1,-1,1,-13,13,-13,13,-14,14,-14,14
1783308561.0856705,35.0,0.0,0.0,35.0,0.0,0,10.283857861322469,10.283857861322469,10.283857861322469,10.283857861322469,13.0,12.5,12.609999656677246,12.510000228881836,-2.7161421386775313,-2.2161421386775313,-2.3261417953547774,-2.2261423675593672,-0.9506497485371359,-0.7756497485371359,-0.814149628374172,-0.7791498286457785,1.5394066120665442,1.6095166103821155,1.5368866005223156,1.5968265699129467,-1,1,-1,1,-13,13,-13,13,-14,14,-14,14
1783308561.1055865,35.0,0.0,0.0,35.0,0.0,0,10.283857861322469,10.283857861322469,10.283857861322469,10.283857861322469,13.0,12.5,12.609999656677246,12.510000228881836,-2.7161421386775313,-2.2161421386775313,-2.3261417953547774,-2.2261423675593672,-0.9506497485371359,-0.7756497485371359,-0.814149628374172,-0.7791498286457785,1.5149613328184464,1.5895713311340176,1.5159513243641227,1.5767912886049125,-1,1,-1,1,-13,13,-13,13,-14,14,-14,14
1783308561.1256363,35.0,0.0,0.0,35.0,0.0,0,10.283857861322469,10.283857861322469,10.283857861322469,10.283857861322469,13.0,12.5,12.609999656677246,12.510000228881836,-2.7161421386775313,-2.2161421386775313,-2.3261417953547774,-2.2261423675593672,-0.9506497485371359,-0.7756497485371359,-0.814149628374172,-0.7791498286457785,1.4905160535703486,1.5696260518859197,1.4950160482059298,1.5567560072968782,-1,1,-1,1,-13,13,-13,13,-14,14,-14,14
1783308561.1455884,35.0,0.0,0.0,35.0,0.0,0,10.283857861322469,10.283857861322469,10.283857861322469,10.283857861322469,12.949999809265137,12.600000381469727,12.680000305175781,12.829999923706055,-2.666141947942668,-2.316142520147258,-2.3961424438533125,-2.546142062383586,-0.9331496817799337,-0.8106498820515402,-0.8386498553486593,-0.891149721834255,1.4665207760388645,1.5487807692045945,1.47345076621125,1.5338407287354259,-1,1,-1,1,-13,13,-13,13,-14,14,-14,14
1783308561.1656277,35.0,0.0,0.0,35.0,0.0,0,10.283857861322469,10.283857861322469,10.283857861322469,10.283857861322469,12.949999809265137,12.600000381469727,12.680000305175781,12.829999923706055,-2.666141947942668,-2.316142520147258,-2.3961424438533125,-2.546142062383586,-0.9331496817799337,-0.8106498820515402,-0.8386498553486593,-0.891149721834255,1.4425254985073805,1.5279354865232693,1.45188548421657,1.5109254501739735,-1,1,-1,1,-13,13,-13,13,-14,14,-14,14
1783308561.185677,35.0,0.0,0.0,35.0,0.0,0,10.283857861322469,10.283857861322469,10.283857861322469,10.283857861322469,13.140000343322754,12.210000038146973,12.5,12.149999618530273,-2.856142482000285,-1.926142176824504,-2.2161421386775313,-1.8661417572078047,-0.9996498687000998,-0.6741497618885763,-0.7756497485371359,-0.6531496150227316,1.416820216169378,1.5106002069318487,1.4319402049684722,1.4941301743591033,-1,1,-1,1,-13,13,-13,13,-13,14,-14,14
1783308561.2055988,35.0,0.0,0.0,35.0,0.0,0,10.283857861322469,10.283857861322469,10.283857861322469,10.283857861322469,13.140000343322754,12.210000038146973,12.5,12.149999618530273,-2.856142482000285,-1.926142176824504,-2.2161421386775313,-1.8661417572078047,-0.9996498687000998,-0.6741497618885763,-0.7756497485371359,-0.6531496150227316,1.3911149338313753,1.4932649273404281,1.4119949257203743,1.4773348985442332,-1,1,-1,1,-13,13,-13,13,-13,14,-14,14
1783308561.2255929,35.0,0.0,0.0,35.0,0.0,0,10.283857861322469,10.283857861322469,10.283857861322469,10.283857861322469,13.140000343322754,12.210000038146973,12.5,12.149999618530273,-2.856142482000285,-1.926142176824504,-2.2161421386775313,-1.8661417572078047,-0.9996498687000998,-0.6741497618885763,-0.7756497485371359,-0.6531496150227316,1.3654096514933727,1.4759296477490076,1.3920496464722765,1.460539622729363,-1,1,-1,1,-13,13,-13,13,-13,14,-14,14
1783308561.2456696,35.0,0.0,0.0,35.0,0.0,0,10.283857861322469,10.283857861322469,10.283857861322469,10.283857861322469,12.819999694824219,12.399999618530273,12.819999694824219,12.579999923706055,-2.53614183350175,-2.1161417572078047,-2.53614183350175,-2.296142062383586,-0.8876496417256124,-0.7406496150227316,-0.8876496417256124,-0.8036497218342551,1.342584374991857,1.4568843719341373,1.3692243699707607,1.4398743441679107,-1,1,-1,1,-13,13,-13,13,-13,14,-13,14
1783308561.265672,35.0,0.0,0.0,35.0,0.0,0,10.283857861322469,10.283857861322469,10.283857861322469,10.283857861322469,12.819999694824219,12.399999618530273,12.819999694824219,12.579999923706055,-2.53614183350175,-2.1161417572078047,-2.53614183350175,-2.296142062383586,-0.8876496417256124,-0.7406496150227316,-0.8876496417256124,-0.8036497218342551,1.3197590984903411,1.437839096119267,1.346399093469245,1.4192090656064584,-1,1,-1,1,-13,13,-13,13,-13,14,-13,14
1783308561.285675,35.0,0.0,0.0,35.0,0.0,0,10.283857861322469,10.283857861322469,10.283857861322469,10.283857861322469,12.819999694824219,12.300000190734863,12.600000381469727,12.65999984741211,-2.53614183350175,-2.0161423294123946,-2.316142520147258,-2.3761419860896407,-0.8876496417256124,-0.705649815294338,-0.8106498820515402,-0.8316496951313742,1.2969338219888253,1.4196938151545555,1.3255538107879197,1.3978237877316517,-1,1,-1,1,-13,13,-13,13,-13,14,-14,14
1783308561.3056576,35.0,0.0,0.0,35.0,0.0,0,10.283857861322469,10.283857861322469,10.283857861322469,10.283857861322469,12.819999694824219,12.300000190734863,12.600000381469727,12.65999984741211,-2.53614183350175,-2.0161423294123946,-2.316142520147258,-2.3761419860896407,-0.8876496417256124,-0.705649815294338,-0.8106498820515402,-0.8316496951313742,1.2741085454873096,1.401548534189844,1.3047085281065944,1.376438509856845,-1,1,-1,1,-13,13,-13,13,-13,14,-13,14
1783308561.3256044,35.0,0.0,0.0,35.0,0.0,0,10.283857861322469,10.283857861322469,10.283857861322469,10.283857861322469,12.819999694824219,12.300000190734863,12.600000381469727,12.65999984741211,-2.53614183350175,-2.0161423294123946,-2.316142520147258,-2.3761419860896407,-0.8876496417256124,-0.705649815294338,-0.8106498820515402,-0.8316496951313742,1.2512832689857938,1.3834032532251324,1.2838632454252692,1.3550532319820383,-1,1,-1,1,-13,13,-13,13,-13,14,-13,14
1783308561.3456,35.0,0.0,0.0,35.0,0.0,0,10.283857861322469,10.283857861322469,10.283857861322469,10.283857861322469,13.050000190734863,12.229999542236328,12.4399995803833,12.710000038146973,-2.7661423294123946,-1.9461416809138594,-2.156141719060832,-2.426142176824504,-0.9681498152943381,-0.6811495883198507,-0.7546496016712911,-0.8491497618885764,1.2263879880210822,1.3658879780969075,1.2644579699537217,1.3332179523906178,-1,1,-1,1,-13,13,-13,13,-13,14,-14,13
1783308561.3656046,35.0,0.0,0.0,35.0,0.0,0,10.283857861322469,10.283857861322469,10.283857861322469,10.283857861322469,13.050000190734863,12.229999542236328,12.4399995803833,12.710000038146973,-2.7661423294123946,-1.9461416809138594,-2.156141719060832,-2.426142176824504,-0.9681498152943381,-0.6811495883198507,-0.7546496016712911,-0.8491497618885764,1.2014927070563706,1.3483727029686827,1.2450526944821743,1.3113826727991973,-1,1,-1,1,-13,13,-13,13,-13,14,-13,13
1783308561.3856666,35.0,0.0,0.0,35.0,0.0,0,10.283857861322469,10.283857861322469,10.283857861322469,10.283857861322469,12.989999771118164,11.960000038146973,12.329999923706055,12.520000457763672,-2.7061419097956954,-1.676142176824504,-2.046142062383586,-2.236142596441203,-0.9471496684284934,-0.5866497618885763,-0.7161497218342551,-0.7826499087544211,1.1771374298682094,1.3332874233772622,1.226637415920722,1.2912573894312265,-1,1,-1,1,-13,13,-13,13,-13,14,-14,14
1783308561.4056585,35.0,0.0,0.0,35.0,0.0,0,10.283857861322469,10.283857861322469,10.283857861322469,10.283857861322469,12.989999771118164,11.960000038146973,12.329999923706055,12.520000457763672,-2.7061419097956954,-1.676142176824504,-2.046142062383586,-2.236142596441203,-0.9471496684284934,-0.5866497618885763,-0.7161497218342551,-0.7826499087544211,1.1527821526800481,1.3182021437858418,1.2082221373592699,1.2711321060632557,-1,1,-1,1,-13,13,-13,13,-13,14,-13,13
1783308561.425595,35.0,0.0,0.0,35.0,0.0,0,10.283857861322469,10.283857861322469,10.283857861322469,10.283857861322469,12.989999771118164,11.960000038146973,12.329999923706055,12.520000457763672,-2.7061419097956954,-1.676142176824504,-2.046142062383586,-2.236142596441203,-0.9471496684284934,-0.5866497618885763,-0.7161497218342551,-0.7826499087544211,1.128426875491887,1.3031168641944213,1.1898068587978177,1.2510068226952848,-1,1,-1,1,-13,13,-13,13,-13,14,-13,13
1783308561.4456036,35.0,0.0,0.0,35.0,0.0,0,10.283857861322469,10.283857861322469,10.283857861322469,10.283857861322469,13.170000076293945,12.220000267028809,12.930000305175781,12.84000015258789,-2.8861422149714766,-1.9361424057063399,-2.6461424438533125,-2.556142291265422,-1.0101497752400168,-0.6776498419972189,-0.9261498553486593,-0.8946498019428976,1.1024515955571437,1.2856915825430641,1.165991576803138,1.2280015420738961,-1,1,-1,1,-13,13,-13,13,-13,14,-13,13
1783308561.4656045,35.0,0.0,0.0,35.0,0.0,0,10.283857861322469,10.283857861322469,10.283857861322469,10.283857861322469,13.170000076293945,12.220000267028809,12.930000305175781,12.84000015258789,-2.8861422149714766,-1.9361424057063399,-2.6461424438533125,-2.556142291265422,-1.0101497752400168,-0.6776498419972189,-0.9261498553486593,-0.8946498019428976,1.0764763156224004,1.268266300891707,1.1421762948084582,1.2049962614525074,-1,1,-1,1,-13,13,-13,13,-13,14,-13,13
1783308561.4856575,35.0,0.0,0.0,35.0,0.0,0,10.283857861322469,10.283857861322469,10.283857861322469,10.283857861322469,13.739999771118164,12.180000305175781,13.130000114440918,12.84000015258789,-3.4561419097956954,-1.8961424438533125,-2.8461422531184493,-2.556142291265422,-1.2096496684284932,-0.6636498553486594,-0.9961497885914572,-0.8946498019428976,1.0453710384342392,1.2512010188970273,1.1165610145303921,1.1819909808311186,-1,1,-1,1,-13,13,-13,13,-13,14,-13,13
1783308561.5055962,35.0,0.0,0.0,35.0,0.0,0,10.283857861322469,10.283857861322469,10.283857861322469,10.283857861322469,13.739999771118164,12.180000305175781,13.130000114440918,12.84000015258789,-3.4561419097956954,-1.8961424438533125,-2.8461422531184493,-2.556142291265422,-1.2096496684284932,-0.6636498553486594,-0.9961497885914572,-0.8946498019428976,1.014265761246078,1.2341357369023476,1.090945734252326,1.15898570020973,-1,1,-1,1,-13,13,-13,13,-13,14,-13,13
1783308561.5256104,35.0,0.0,0.0,35.0,0.0,0,10.283857861322469,10.283857861322469,10.283857861322469,10.283857861322469,13.739999771118164,12.180000305175781,13.130000114440918,12.84000015258789,-3.4561419097956954,-1.8961424438533125,-2.8461422531184493,-2.556142291265422,-1.2096496684284932,-0.6636498553486594,-0.9961497885914572,-0.8946498019428976,0.9831604840579167,1.2170704549076679,1.06533045397426,1.1359804195883412,-1,1,-1,1,-13,13,-13,13,-13,14,-13,13
1783308561.5456853,35.0,0.0,0.0,35.0,0.0,0,10.283857861322469,10.283857861322469,10.283857861322469,10.283857861322469,13.699999809265137,12.600000381469727,13.039999961853027,13.0600004196167,-3.416141947942668,-2.316142520147258,-2.7561421005305586,-2.7761425582942305,-1.1956496817799338,-0.8106498820515402,-0.9646497351856954,-0.9716498954029806,0.9524152065264326,1.1962251722263426,1.040525175069485,1.1109951365636932,-1,1,-1,1,-13,13,-13,13,-13,13,-13,13
1783308561.5655987,35.0,0.0,0.0,35.0,0.0,0,10.283857861322469,10.283857861322469,10.283857861322469,10.283857861322469,13.699999809265137,12.600000381469727,13.039999961853027,13.0600004196167,-3.416141947942668,-2.316142520147258,-2.7561421005305586,-2.7761425582942305,-1.1956496817799338,-0.8106498820515402,-0.9646497351856954,-0.9716498954029806,0.9216699289949486,1.1753798895450174,1.01571989616471,1.0860098535390452,-1,1,-1,1,-13,13,-13,13,-13,13,-13,13
1783308561.5856712,35.0,0.0,0.0,35.0,0.0,0,10.283857861322469,10.283857861322469,10.283857861322469,10.283857861322469,13.890000343322754,12.899999618530273,13.65999984741211,12.989999771118164,-3.606142482000285,-2.6161417572078047,-3.3761419860896407,-2.7061419097956954,-1.2621498687000998,-0.9156496150227316,-1.1816496951313742,-0.9471496684284934,0.889214646656946,1.1518346137301472,0.9853346182899032,1.061654576350884,-1,1,-1,1,-13,13,-13,13,-13,13,-13,13
1783308561.605592,35.0,0.0,0.0,35.0,0.0,0,10.283857861322469,10.283857861322469,10.283857861322469,10.283857861322469,13.890000343322754,12.899999618530273,13.65999984741211,12.989999771118164,-3.606142482000285,-2.6161417572078047,-3.3761419860896407,-2.7061419097956954,-1.2621498687000998,-0.9156496150227316,-1.1816496951313742,-0.9471496684284934,0.8567593643189435,1.128289337915277,0.9549493404150964,1.0372992991627228,-1,1,-1,1,-13,13,-13,13,-13,13,-13,13
1783308561.6256084,35.0,0.0,0.0,35.0,0.0,0,10.283857861322469,10.283857861322469,10.283857861322469,10.283857861322469,13.890000343322754,12.899999618530273,13.65999984741211,12.989999771118164,-3.606142482000285,-2.6161417572078047,-3.3761419860896407,-2.7061419097956954,-1.2621498687000998,-0.9156496150227316,-1.1816496951313742,-0.9471496684284934,0.824304081980941,1.1047440621004068,0.9245640625402896,1.0129440219745616,-1,1,-1,1,-13,13,-13,13,-13,13,-13,13
1783308561.6456032,35.0,0.0,0.0,35.0,0.0,0,10.283857861322469,10.283857861322469,10.283857861322469,10.283857861322469,13.800000190734863,13.100000381469727,13.859999656677246,12.720000267028809,-3.5161423294123946,-2.816142520147258,-3.5761417953547774,-2.43614240570634,-1.230649815294338,-0.9856498820515401,-1.251649628374172,-0.8526498419972189,0.7926588010162294,1.0793987794190814,0.8923787863820966,0.9910187403232045,-1,1,-1,1,-13,13,-13,13,-13,13,-13,13
1783308561.6656117,35.0,0.0,0.0,35.0,0.0,0,10.283857861322469,10.283857861322469,10.283857861322469,10.283857861322469,13.800000190734863,13.100000381469727,13.859999656677246,12.720000267028809,-3.5161423294123946,-2.816142520147258,-3.5761417953547774,-2.43614240570634,-1.230649815294338,-0.9856498820515401,-1.251649628374172,-0.8526498419972189,0.7610135200515179,1.054053496737756,0.8601935102239036,0.9690934586718474,-1,1,-1,1,-13,13,-13,13,-13,13,-13,13
1783308561.6856942,35.0,0.0,0.0,35.0,0.0,0,10.283857861322469,10.283857861322469,10.283857861322469,10.283857861322469,13.729999542236328,13.020000457763672,13.550000190734863,12.75,-3.4461416809138594,-2.736142596441203,-3.2661423294123946,-2.4661421386775313,-1.2061495883198508,-0.957649908754421,-1.143149815294338,-0.8631497485371359,0.7299982449232931,1.0294282133697852,0.830798229259192,0.9468981794237495,-1,1,-1,1,-13,13,-13,13,-13,13,-13,13
1783308561.7056024,35.0,0.0,0.0,35.0,0.0,0,10.283857861322469,10.283857861322469,10.283857861322469,10.283857861322469,13.729999542236328,13.020000457763672,13.550000190734863,12.75,-3.4461416809138594,-2.736142596441203,-3.2661423294123946,-2.4661421386775313,-1.2061495883198508,-0.957649908754421,-1.143149815294338,-0.8631497485371359,0.6989829697950684,1.0048029300018144,0.8014029482944804,0.9247029001756517,-1,1,-1,1,-13,13,-13,13,-12,13,-13,13
1783308561.725597,35.0,0.0,0.0,35.0,0.0,0,10.283857861322469,10.283857861322469,10.283857861322469,10.283857861322469,13.729999542236328,13.020000457763672,13.550000190734863,12.75,-3.4461416809138594,-2.736142596441203,-3.2661423294123946,-2.4661421386775313,-1.2061495883198508,-0.957649908754421,-1.143149815294338,-0.8631497485371359,0.6679676946668436,0.9801776466338435,0.7720076673297689,0.9025076209275539,-1,1,-1,1,-13,13,-13,13,-12,13,-13,13
1783308561.7456083,35.0,0.0,0.0,35.0,0.0,0,10.283857861322469,10.283857861322469,10.283857861322469,10.283857861322469,13.460000038146973,12.739999771118164,13.34000015258789,12.550000190734863,-3.176142176824504,-2.4561419097956954,-3.056142291265422,-2.2661423294123946,-1.1116497618885763,-0.8596496684284933,-1.0696498019428975,-0.793149815294338,0.639382415075423,0.9580723694456823,0.7445023867083801,0.8821123399628423,-1,1,-1,1,-13,13,-13,13,-13,13,-13,13
1783308561.7656448,35.0,0.0,0.0,35.0,0.0,0,10.283857861322469,10.283857861322469,10.283857861322469,10.283857861322469,13.460000038146973,12.739999771118164,13.34000015258789,12.550000190734863,-3.176142176824504,-2.4561419097956954,-3.056142291265422,-2.2661423294123946,-1.1116497618885763,-0.8596496684284933,-1.0696498019428975,-0.793149815294338,0.6107971354840025,0.9359670922575211,0.7169971060869913,0.8617170589981308,-1,1,-1,1,-13,13,-13,13,-12,13,-13,13
1783308561.7856822,35.0,0.0,0.0,35.0,0.0,0,10.283857861322469,10.283857861322469,10.283857861322469,10.283857861322469,13.270000457763672,12.539999961853027,13.180000305175781,12.630000114440918,-2.986142596441203,-2.2561421005305586,-2.8961424438533125,-2.3461422531184493,-1.0451499087544212,-0.7896497351856955,-1.0136498553486593,-0.8211497885914572,0.5839218521160316,0.915661813352746,0.6909318240923115,0.8406017787200647,-1,1,-1,1,-13,13,-13,13,-13,13,-13,13
1783308561.8055987,35.0,0.0,0.0,35.0,0.0,0,10.283857861322469,10.283857861322469,10.283857861322469,10.283857861322469,13.270000457763672,12.539999961853027,13.180000305175781,12.630000114440918,-2.986142596441203,-2.2561421005305586,-2.8961424438533125,-2.3461422531184493,-1.0451499087544212,-0.7896497351856955,-1.0136498553486593,-0.8211497885914572,0.5570465687480608,0.8953565344479709,0.6648665420976316,0.8194864984419986,-1,1,-1,1,-13,13,-13,13,-13,13,-13,13
1783308561.8256545,35.0,0.0,0.0,35.0,0.0,0,10.283857861322469,10.283857861322469,10.283857861322469,10.283857861322469,13.270000457763672,12.539999961853027,13.180000305175781,12.630000114440918,-2.986142596441203,-2.2561421005305586,-2.8961424438533125,-2.3461422531184493,-1.0451499087544212,-0.7896497351856955,-1.0136498553486593,-0.8211497885914572,0.53017128538009,0.8750512555431958,0.6388012601029518,0.7983712181639325,-1,1,-1,1,-13,13,-13,13,-12,13,-13,13
1783308561.8456063,35.0,0.0,0.0,35.0,0.0,0,10.283857861322469,10.283857861322469,10.283857861322469,10.283857861322469,13.369999885559082,12.630000114440918,13.300000190734863,12.6899995803833,-3.0861420242366133,-2.3461422531184493,-3.0161423294123946,-2.406141719060832,-1.0801497084828147,-0.8211497885914572,-1.055649815294338,-0.8421496016712912,0.5023960071619604,0.8539359752651298,0.6116559791382402,0.7767159426923851,-1,1,-1,1,-13,13,-13,13,-12,13,-13,13
1783308561.8656454,35.0,0.0,0.0,35.0,0.0,0,10.283857861322469,10.283857861322469,10.283857861322469,10.283857861322469,13.369999885559082,12.630000114440918,13.300000190734863,12.6899995803833,-3.0861420242366133,-2.3461422531184493,-3.0161423294123946,-2.406141719060832,-1.0801497084828147,-0.8211497885914572,-1.055649815294338,-0.8421496016712912,0.4746207289438309,0.8328206949870637,0.5845106981735286,0.7550606672208376,-1,1,-1,1,-13,13,-13,13,-12,13,-13,13
1783308561.885666,35.0,0.0,0.0,35.0,0.0,0,10.283857861322469,10.283857861322469,10.283857861322469,10.283857861322469,13.65999984741211,12.6899995803833,13.390000343322754,12.279999732971191,-3.3761419860896407,-2.406141719060832,-3.106142482000285,-1.9961418716487227,-1.1816496951313742,-0.8421496016712912,-1.0871498687000998,-0.6986496550770529,0.4442354510690241,0.8111654195155162,0.556555415835526,0.7370953903759991,-1,1,-1,1,-13,13,-13,13,-12,13,-12,13
1783308561.9055965,35.0,0.0,0.0,35.0,0.0,0,10.283857861322469,10.283857861322469,10.283857861322469,10.283857861322469,13.65999984741211,12.6899995803833,13.390000343322754,12.279999732971191,-3.3761419860896407,-2.406141719060832,-3.106142482000285,-1.9961418716487227,-1.1816496951313742,-0.8421496016712912,-1.0871498687000998,-0.6986496550770529,0.41385017319421735,0.7895101440439688,0.5286001334975234,0.7191301135311606,-1,1,-1,1,-13,13,-13,13,-12,13,-12,13
1783308561.9256022,35.0,0.0,0.0,35.0,0.0,0,10.283857861322469,10.283857861322469,10.283857861322469,10.283857861322469,13.65999984741211,12.6899995803833,13.390000343322754,12.279999732971191,-3.3761419860896407,-2.406141719060832,-3.106142482000285,-1.9961418716487227,-1.1816496951313742,-0.8421496016712912,-1.0871498687000998,-0.6986496550770529,0.3834648953194106,0.7678548685724214,0.5006448511595208,0.7011648366863221,-1,1,-1,1,-13,13,-13,13,-12,13,-12,13
1783308561.945614,35.0,0.0,0.0,35.0,0.0,0,10.283857861322469,10.283857861322469,10.283857861322469,10.283857861322469,13.40999984741211,12.729999542236328,13.449999809265137,12.449999809265137,-3.1261419860896407,-2.4461416809138594,-3.166141947942668,-2.166141947942668,-1.094149695131374,-0.8561495883198508,-1.1081496817799337,-0.7581496817799338,0.3553296174446038,0.7458395934441966,0.47214957362803683,0.6816695591548381,-1,1,-1,1,-13,13,-13,13,-12,13,-12,13
1783308561.965641,35.0,0.0,0.0,35.0,0.0,0,10.283857861322469,10.283857861322469,10.283857861322469,10.283857861322469,13.40999984741211,12.729999542236328,13.449999809265137,12.449999809265137,-3.1261419860896407,-2.4461416809138594,-3.166141947942668,-2.166141947942668,-1.094149695131374,-0.8561495883198508,-1.1081496817799337,-0.7581496817799338,0.32719433956979704,0.7238243183159718,0.4436542960965528,0.662174281623354,-1,1,-1,1,-13,13,-13,13,-12,13,-12,13
1783308561.985663,35.0,0.0,0.0,35.0,0.0,0,10.283857861322469,10.283857861322469,10.283857861322469,10.283857861322469,13.239999771118164,12.760000228881836,13.489999771118164,12.329999923706055,-2.9561419097956954,-2.4761423675593672,-3.2061419097956954,-2.046142062383586,-1.0346496684284934,-0.8666498286457784,-1.1221496684284933,-0.7161497218342551,0.3005890623816358,0.7015390370079375,0.41479901890839155,0.6437590030619017,-1,1,-1,1,-13,13,-13,13,-12,13,-12,13
1783308562.0055823,35.0,0.0,0.0,35.0,0.0,0,10.283857861322469,10.283857861322469,10.283857861322469,10.283857861322469,13.239999771118164,12.760000228881836,13.489999771118164,12.329999923706055,-2.9561419097956954,-2.4761423675593672,-3.2061419097956954,-2.046142062383586,-1.0346496684284934,-0.8666498286457784,-1.1221496684284933,-0.7161497218342551,0.27398378519347455,0.6792537556999032,0.38594374172023027,0.6253437245004494,-1,1,-1,1,-13,13,-13,13,-12,13,-12,13
1783308562.0255895,35.0,0.0,0.0,35.0,0.0,0,10.283857861322469,10.283857861322469,10.283857861322469,10.283857861322469,13.239999771118164,12.760000228881836,13.489999771118164,12.329999923706055,-2.9561419097956954,-2.4761423675593672,-3.2061419097956954,-2.046142062383586,-1.0346496684284934,-0.8666498286457784,-1.1221496684284933,-0.7161497218342551,0.2473785080053133,0.6569684743918689,0.357088464532069,0.6069284459389971,-1,1,-1,1,-13,13,-13,13,-12,13,-12,13
1783308562.0455873,35.0,0.0,0.0,35.0,0.0,0,10.283857861322469,10.283857861322469,10.283857861322469,10.283857861322469,13.34000015258789,12.779999732971191,13.0600004196167,12.479999542236328,-3.056142291265422,-2.4961418716487227,-2.7761425582942305,-2.1961416809138594,-1.0696498019428975,-0.873649655077053,-0.9716498954029806,-0.7686495883198508,0.2198732273839245,0.6345031975470304,0.3321031815074209,0.5871631708107723,-1,1,-1,1,-13,13,-13,13,-12,13,-12,13
1783308562.065643,35.0,0.0,0.0,35.0,0.0,0,10.283857861322469,10.283857861322469,10.283857861322469,10.283857861322469,13.34000015258789,12.779999732971191,13.0600004196167,12.479999542236328,-3.056142291265422,-2.4961418716487227,-2.7761425582942305,-2.1961416809138594,-1.0696498019428975,-0.873649655077053,-0.9716498954029806,-0.7686495883198508,0.1923679467625357,0.612037920702192,0.3071178984827728,0.5673978956825476,-1,1,-1,1,-13,13,-13,13,-12,13,-12,13
1783308562.0856671,35.0,0.0,0.0,35.0,0.0,0,10.283857861322469,10.283857861322469,10.283857861322469,10.283857861322469,13.1899995803833,12.34000015258789,12.989999771118164,12.130000114440918,-2.906141719060832,-2.056142291265422,-2.7061419097956954,-1.8461422531184493,-1.017149601671291,-0.7196498019428976,-0.9471496684284934,-0.6461497885914572,0.1662126712909882,0.5935326400808032,0.28276262129461155,0.5507826154044816,-1,1,-1,1,-13,13,-13,13,-12,13,-12,13
1783308562.1055841,35.0,0.0,0.0,35.0,0.0,0,10.283857861322469,10.283857861322469,10.283857861322469,10.283857861322469,13.1899995803833,12.34000015258789,12.989999771118164,12.130000114440918,-2.906141719060832,-2.056142291265422,-2.7061419097956954,-1.8461422531184493,-1.017149601671291,-0.7196498019428976,-0.9471496684284934,-0.6461497885914572,0.1400573958194407,0.5750273594594144,0.2584073441064503,0.5341673351264156,-1,1,-1,1,-13,13,-13,13,-12,13,-12,13
1783308562.1256065,35.0,0.0,0.0,35.0,0.0,0,10.283857861322469,10.283857861322469,10.283857861322469,10.283857861322469,13.1899995803833,12.34000015258789,12.989999771118164,12.130000114440918,-2.906141719060832,-2.056142291265422,-2.7061419097956954,-1.8461422531184493,-1.017149601671291,-0.7196498019428976,-0.9471496684284934,-0.6461497885914572,0.11390212034789322,0.5565220788380256,0.234052066918289,0.5175520548483495,-1,1,-1,1,-13,13,-13,13,-12,13,-12,13
1783308562.145656,35.0,0.0,0.0,35.0,0.0,0,10.283857861322469,10.283857861322469,10.283857861322469,10.283857861322469,13.3100004196167,12.260000228881836,12.949999809265137,12.119999885559082,-3.0261425582942305,-1.9761423675593672,-2.666141947942668,-1.8361420242366133,-1.0591498954029805,-0.6916498286457785,-0.9331496817799337,-0.6426497084828147,0.08666683732324515,0.5387367975299913,0.210056789386805,0.50102677663022,-1,1,-1,1,-13,13,-13,13,-12,13,-12,13
1783308562.16559,35.0,0.0,0.0,35.0,0.0,0,10.283857861322469,10.283857861322469,10.283857861322469,10.283857861322469,13.3100004196167,12.260000228881836,12.949999809265137,12.119999885559082,-3.0261425582942305,-1.9761423675593672,-2.666141947942668,-1.8361420242366133,-1.0591498954029805,-0.6916498286457785,-0.9331496817799337,-0.6426497084828147,0.059431554298597075,0.5209515162219569,0.186061511855321,0.48450149841209045,-1,1,-1,1,-13,13,-13,13,-12,13,-12,13
1783308562.1856725,35.0,0.0,0.0,35.0,0.0,0,10.283857861322469,10.283857861322469,10.283857861322469,10.283857861322469,13.15999984741211,12.430000305175781,12.90999984741211,12.329999923706055,-2.8761419860896407,-2.1461424438533125,-2.6261419860896407,-2.046142062383586,-1.0066496951313741,-0.7511498553486593,-0.9191496951313741,-0.7161497218342551,0.03354627642379031,0.5016362342272771,0.16242623398051423,0.4660862198506382,-1,1,-1,1,-13,13,-13,13,-12,13,-12,13
1783308562.2055974,35.0,0.0,0.0,35.0,0.0,0,10.283857861322469,10.283857861322469,10.283857861322469,10.283857861322469,13.15999984741211,12.430000305175781,12.90999984741211,12.329999923706055,-2.8761419860896407,-2.1461424438533125,-2.6261419860896407,-2.046142062383586,-1.0066496951313741,-0.7511498553486593,-0.9191496951313741,-0.7161497218342551,0.007660998548983541,0.4823209522325973,0.13879095610570746,0.44767094128918594,-1,1,-1,1,-13,13,-13,13,-12,13,-12,13
1783308562.2255905,35.0,0.0,0.0,35.0,0.0,0,10.283857861322469,10.283857861322469,10.283857861322469,10.283857861322469,13.15999984741211,12.430000305175781,12.90999984741211,12.329999923706055,-2.8761419860896407,-2.1461424438533125,-2.6261419860896407,-2.046142062383586,-1.0066496951313741,-0.7511498553486593,-0.9191496951313741,-0.7161497218342551,-0.018224279325823226,0.4630056702379175,0.1151556782309007,0.4292556627277337,-1,1,-1,1,-13,13,-13,13,-12,13,-12,13
1783308562.2455883,35.0,0.0,0.0,35.0,0.0,0,10.283857861322469,10.283857861322469,10.283857861322469,10.283857861322469,12.84000015258789,12.550000190734863,12.65999984741211,12.25,-2.556142291265422,-2.2661423294123946,-2.3761419860896407,-1.9661421386775313,-0.8946498019428976,-0.793149815294338,-0.8316496951313742,-0.688149748537136,-0.04122955994721202,0.44261038927320595,0.09377040035609394,0.4115603834796359,-1,1,-1,1,-13,13,-13,13,-12,13,-12,13
1783308562.265595,35.0,0.0,0.0,35.0,0.0,0,10.283857861322469,10.283857861322469,10.283857861322469,10.283857861322469,12.84000015258789,12.550000190734863,12.65999984741211,12.25,-2.556142291265422,-2.2661423294123946,-2.3761419860896407,-1.9661421386775313,-0.8946498019428976,-0.793149815294338,-0.8316496951313742,-0.688149748537136,-0.06423484056860082,0.4222151083084944,0.07238512248128717,0.39386510423153814,-1,1,-1,1,-13,13,-13,13,-12,13,-12,13
1783308562.2856832,35.0,0.0,0.0,35.0,0.0,0,10.283857861322469,10.283857861322469,10.283857861322469,10.283857861322469,12.84000015258789,12.180000305175781,12.710000038146973,11.970000267028809,-2.556142291265422,-1.8961424438533125,-2.426142176824504,-1.6861424057063399,-0.8946498019428976,-0.6636498553486594,-0.8491497618885764,-0.5901498419972189,-0.08724012118998961,0.4051498263138146,0.050549842889866636,0.3786898225801811,-1,1,-1,1,-13,13,-13,13,-12,13,-12,13
1783308562.3056097,35.0,0.0,0.0,35.0,0.0,0,10.283857861322469,10.283857861322469,10.283857861322469,10.283857861322469,12.84000015258789,12.180000305175781,12.710000038146973,11.970000267028809,-2.556142291265422,-1.8961424438533125,-2.426142176824504,-1.6861424057063399,-0.8946498019428976,-0.6636498553486594,-0.8491497618885764,-0.5901498419972189,-0.1102454018113784,0.38808454431913475,0.0287145632984461,0.363514540928824,-1,1,-1,1,-13,13,-13,13,-12,13,-12,13
1783308562.3255868,35.0,0.0,0.0,35.0,0.0,0,10.283857861322469,10.283857861322469,10.283857861322469,10.283857861322469,12.84000015258789,12.180000305175781,12.710000038146973,11.970000267028809,-2.556142291265422,-1.8961424438533125,-2.426142176824504,-1.6861424057063399,-0.8946498019428976,-0.6636498553486594,-0.8491497618885764,-0.5901498419972189,-0.1332506824327672,0.3710192623244549,0.006879283707025563,0.34833925927746695,-1,1,-1,1,-13,13,-13,13,-12,13,-12,13
1783308562.345682,35.0,0.0,0.0,35.0,0.0,0,10.283857861322469,10.283857861322469,10.283857861322469,10.283857861322469,12.609999656677246,12.380000114440918,12.289999961853027,12.229999542236328,-2.3261417953547774,-2.0961422531184493,-2.0061421005305586,-1.9461416809138594,-0.814149628374172,-0.7336497885914572,-0.7021497351856955,-0.6811495883198507,-0.15418595859096018,0.35215398204638887,-0.011175995197749464,0.3308239841492422,-1,1,-1,1,-13,13,-13,13,-12,13,-12,13
1783308562.365596,35.0,0.0,0.0,35.0,0.0,0,10.283857861322469,10.283857861322469,10.283857861322469,10.283857861322469,12.609999656677246,12.380000114440918,12.289999961853027,12.229999542236328,-2.3261417953547774,-2.0961422531184493,-2.0061421005305586,-1.9461416809138594,-0.814149628374172,-0.7336497885914572,-0.7021497351856955,-0.6811495883198507,-0.17512123474915317,0.3332887017683228,-0.02923127410252449,0.3133087090210175,-1,1,-1,1,-13,13,-13,13,-12,13,-12,13
1783308562.385671,35.0,0.0,0.0,35.0,0.0,0,10.283857861322469,10.283857861322469,10.283857861322469,10.283857861322469,11.989999771118164,12.289999961853027,12.0,11.960000038146973,-1.7061419097956954,-2.0061421005305586,-1.7161421386775313,-1.676142176824504,-0.5971496684284934,-0.7021497351856955,-0.6006497485371359,-0.5866497618885763,-0.19047651193731444,0.3152334228635478,-0.044676553350622275,0.29822342942959695,-1,1,-1,1,-13,13,-13,13,-12,13,-12,13
1783308562.4055896,35.0,0.0,0.0,35.0,0.0,0,10.283857861322469,10.283857861322469,10.283857861322469,10.283857861322469,11.989999771118164,12.289999961853027,12.0,11.960000038146973,-1.7061419097956954,-2.0061421005305586,-1.7161421386775313,-1.676142176824504,-0.5971496684284934,-0.7021497351856955,-0.6006497485371359,-0.5866497618885763,-0.2058317891254757,0.29717814395877273,-0.06012183259872006,0.2831381498381764,-1,1,-1,1,-13,13,-13,13,-12,13,-12,13
1783308562.4256382,35.0,0.0,0.0,35.0,0.0,0,10.283857861322469,10.283857861322469,10.283857861322469,10.283857861322469,11.989999771118164,12.289999961853027,12.0,11.960000038146973,-1.7061419097956954,-2.0061421005305586,-1.7161421386775313,-1.676142176824504,-0.5971496684284934,-0.7021497351856955,-0.6006497485371359,-0.5866497618885763,-0.22118706631363697,0.2791228650539977,-0.07556711184681784,0.2680528702467559,-1,1,-1,1,-13,13,-13,13,-12,13,-12,13
1783308562.4456117,35.0,0.0,0.0,35.0,0.0,0,10.283857861322469,10.283857861322469,10.283857861322469,10.283857861322469,11.789999961853027,11.539999961853027,12.020000457763672,11.770000457763672,-1.5061421005305586,-1.2561421005305586,-1.7361425964412032,-1.4861425964412032,-0.5271497351856955,-0.4396497351856955,-0.607649908754421,-0.5201499087544211,-0.234742345218412,0.2678175861492227,-0.09119239521478867,0.25467758687878506,-1,1,-1,1,-13,13,-13,13,-12,13,-12,13
1783308562.465597,35.0,0.0,0.0,35.0,0.0,0,10.283857861322469,10.283857861322469,10.283857861322469,10.283857861322469,11.789999961853027,11.539999961853027,12.020000457763672,11.770000457763672,-1.5061421005305586,-1.2561421005305586,-1.7361425964412032,-1.4861425964412032,-0.5271497351856955,-0.4396497351856955,-0.607649908754421,-0.5201499087544211,-0.24829762412318704,0.2565123072444477,-0.10681767858275949,0.24130230351081422,-1,1,-1,1,-13,13,-13,13,-12,13,-12,13
1783308562.4856734,35.0,0.0,0.0,35.0,0.0,0,10.283857861322469,10.283857861322469,10.283857861322469,10.283857861322469,11.649999618530273,12.15999984741211,11.59000015258789,11.630000114440918,-1.3661417572078047,-1.8761419860896407,-1.306142291265422,-1.3461422531184493,-0.4781496150227316,-0.6566496951313742,-0.4571498019428976,-0.47114978859145723,-0.2605928999380573,0.23962702936964092,-0.11857295920414829,0.22918702323274817,-1,1,-1,1,-13,13,-13,13,-12,13,-12,13
1783308562.5055842,35.0,0.0,0.0,35.0,0.0,0,10.283857861322469,10.283857861322469,10.283857861322469,10.283857861322469,11.649999618530273,12.15999984741211,11.59000015258789,11.630000114440918,-1.3661417572078047,-1.8761419860896407,-1.306142291265422,-1.3461422531184493,-0.4781496150227316,-0.6566496951313742,-0.4571498019428976,-0.47114978859145723,-0.2728881757529275,0.22274175149483416,-0.1303282398255371,0.21707174295468212,-1,1,-1,1,-13,13,-13,13,-12,13,-12,13
1783308562.5255897,35.0,0.0,0.0,35.0,0.0,0,10.283857861322469,10.283857861322469,10.283857861322469,10.283857861322469,11.649999618530273,12.15999984741211,11.59000015258789,11.630000114440918,-1.3661417572078047,-1.8761419860896407,-1.306142291265422,-1.3461422531184493,-0.4781496150227316,-0.6566496951313742,-0.4571498019428976,-0.47114978859145723,-0.28518345156779773,0.2058564736200274,-0.1420835204469259,0.20495646267661607,-1,1,-1,1,-13,13,-13,13,-12,13,-12,13
1783308562.5456069,35.0,0.0,0.0,35.0,0.0,0,10.283857861322469,10.283857861322469,10.283857861322469,10.283857861322469,11.329999923706055,12.130000114440918,11.279999732971191,11.989999771118164,-1.046142062383586,-1.8461422531184493,-0.9961418716487227,-1.7061419097956954,-0.3661497218342551,-0.6461497885914572,-0.3486496550770529,-0.5971496684284934,-0.29459873012925003,0.18924119334196135,-0.1510487972917644,0.1896011854884548,-1,1,-1,1,-13,13,-13,13,-12,13,-13,13
1783308562.5656357,35.0,0.0,0.0,35.0,0.0,0,10.283857861322469,10.283857861322469,10.283857861322469,10.283857861322469,11.329999923706055,12.130000114440918,11.279999732971191,11.989999771118164,-1.046142062383586,-1.8461422531184493,-0.9961418716487227,-1.7061419097956954,-0.3661497218342551,-0.6461497885914572,-0.3486496550770529,-0.5971496684284934,-0.30401400869070233,0.1726259130638953,-0.1600140741366029,0.17424590830029354,-1,1,-1,1,-13,13,-13,13,-12,13,-12,13
1783308562.585662,35.0,0.0,0.0,35.0,0.0,0,10.283857861322469,10.283857861322469,10.283857861322469,10.283857861322469,11.550000190734863,11.65999984741211,11.289999961853027,11.789999961853027,-1.2661423294123946,-1.3761419860896407,-1.0061421005305586,-1.5061421005305586,-0.44314981529433806,-0.4816496951313742,-0.3521497351856955,-0.5271497351856955,-0.31540928965541387,0.16024063518908854,-0.16906935304137793,0.1606906293955185,-1,1,-1,1,-13,13,-13,13,-12,13,-12,13
1783308562.6055903,35.0,0.0,0.0,35.0,0.0,0,10.283857861322469,10.283857861322469,10.283857861322469,10.283857861322469,11.550000190734863,11.65999984741211,11.289999961853027,11.789999961853027,-1.2661423294123946,-1.3761419860896407,-1.0061421005305586,-1.5061421005305586,-0.44314981529433806,-0.4816496951313742,-0.3521497351856955,-0.5271497351856955,-0.3268045706201254,0.1478553573142818,-0.17812463194615297,0.14713535049074347,-1,1,-1,1,-13,13,-13,13,-12,13,-12,13
1783308562.6255944,35.0,0.0,0.0,35.0,0.0,0,10.283857861322469,10.283857861322469,10.283857861322469,10.283857861322469,11.550000190734863,11.65999984741211,11.289999961853027,11.789999961853027,-1.2661423294123946,-1.3761419860896407,-1.0061421005305586,-1.5061421005305586,-0.44314981529433806,-0.4816496951313742,-0.3521497351856955,-0.5271497351856955,-0.33819985158483695,0.13547007943947503,-0.187179910850928,0.13358007158596844,-1,1,-1,1,-13,13,-13,13,-12,13,-12,13
1783308562.6455832,0.0,0.0,0.0,0.0,0.0,0,0.0,0.0,0.0,0.0,11.710000038146973,11.329999923706055,11.300000190734863,11.649999618530273,-11.710000038146973,-11.329999923706055,-11.300000190734863,-11.649999618530273,-4.09850001335144,-3.965499973297119,-3.955000066757202,-4.077499866485596,0.0,0.0,0.0,0.0,-1,1,-1,1,0,0,0,0,0,0,0,0
1783308562.6655982,0.0,0.0,0.0,0.0,0.0,0,0.0,0.0,0.0,0.0,11.710000038146973,11.329999923706055,11.300000190734863,11.649999618530273,-11.710000038146973,-11.329999923706055,-11.300000190734863,-11.649999618530273,-4.09850001335144,-3.965499973297119,-3.955000066757202,-4.077499866485596,0.0,0.0,0.0,0.0,-1,1,-1,1,0,0,0,0,0,0,0,0
1783308562.6856563,0.0,0.0,0.0,0.0,0.0,0,0.0,0.0,0.0,0.0,11.59000015258789,11.329999923706055,11.3100004196167,11.319999694824219,-11.59000015258789,-11.329999923706055,-11.3100004196167,-11.319999694824219,-4.056500053405761,-3.965499973297119,-3.9585001468658443,-3.961999893188476,0.0,0.0,0.0,0.0,-1,1,-1,1,0,0,0,0,0,0,0,0
1783308562.7056494,0.0,0.0,0.0,0.0,0.0,0,0.0,0.0,0.0,0.0,11.59000015258789,11.329999923706055,11.3100004196167,11.319999694824219,-11.59000015258789,-11.329999923706055,-11.3100004196167,-11.319999694824219,-4.056500053405761,-3.965499973297119,-3.9585001468658443,-3.961999893188476,0.0,0.0,0.0,0.0,-1,1,-1,1,0,0,0,0,0,0,0,0
1783308562.7255745,0.0,0.0,0.0,0.0,0.0,0,0.0,0.0,0.0,0.0,11.59000015258789,11.329999923706055,11.3100004196167,11.319999694824219,-11.59000015258789,-11.329999923706055,-11.3100004196167,-11.319999694824219,-4.056500053405761,-3.965499973297119,-3.9585001468658443,-3.961999893188476,0.0,0.0,0.0,0.0,-1,1,-1,1,0,0,0,0,0,0,0,0
1783308562.7456079,0.0,0.0,0.0,0.0,0.0,0,0.0,0.0,0.0,0.0,10.380000114440918,9.970000267028809,10.180000305175781,10.1899995803833,-10.380000114440918,-9.970000267028809,-10.180000305175781,-10.1899995803833,-3.633000040054321,-3.489500093460083,-3.5630001068115233,-3.566499853134155,0.0,0.0,0.0,0.0,-1,1,-1,1,0,0,0,0,0,0,0,0
1783308562.7655728,0.0,0.0,0.0,0.0,0.0,0,0.0,0.0,0.0,0.0,10.380000114440918,9.970000267028809,10.180000305175781,10.1899995803833,-10.380000114440918,-9.970000267028809,-10.180000305175781,-10.1899995803833,-3.633000040054321,-3.489500093460083,-3.5630001068115233,-3.566499853134155,0.0,0.0,0.0,0.0,-1,1,-1,1,0,0,0,0,0,0,0,0
1783308562.7856474,0.0,0.0,0.0,0.0,0.0,0,0.0,0.0,0.0,0.0,8.619999885559082,7.659999847412109,8.479999542236328,8.039999961853027,-8.619999885559082,-7.659999847412109,-8.479999542236328,-8.039999961853027,-3.0169999599456787,-2.680999946594238,-2.9679998397827148,-2.813999986648559,0.0,0.0,0.0,0.0,-1,1,-1,1,0,0,0,0,0,0,0,0
1783308562.8055766,0.0,0.0,0.0,0.0,0.0,0,0.0,0.0,0.0,0.0,8.619999885559082,7.659999847412109,8.479999542236328,8.039999961853027,-8.619999885559082,-7.659999847412109,-8.479999542236328,-8.039999961853027,-3.0169999599456787,-2.680999946594238,-2.9679998397827148,-2.813999986648559,0.0,0.0,0.0,0.0,-1,1,-1,1,0,0,0,0,0,0,0,0
1783308562.8256125,0.0,0.0,0.0,0.0,0.0,0,0.0,0.0,0.0,0.0,8.619999885559082,7.659999847412109,8.479999542236328,8.039999961853027,-8.619999885559082,-7.659999847412109,-8.479999542236328,-8.039999961853027,-3.0169999599456787,-2.680999946594238,-2.9679998397827148,-2.813999986648559,0.0,0.0,0.0,0.0,-1,1,-1,1,0,0,0,0,0,0,0,0
1783308562.8455837,0.0,0.0,0.0,0.0,0.0,0,0.0,0.0,0.0,0.0,6.71999979019165,5.590000152587891,6.170000076293945,5.630000114440918,-6.71999979019165,-5.590000152587891,-6.170000076293945,-5.630000114440918,-2.3519999265670775,-1.9565000534057615,-2.1595000267028808,-1.9705000400543211,0.0,0.0,0.0,0.0,-1,1,-1,1,0,0,0,0,0,0,0,0
1783308562.865588,0.0,0.0,0.0,0.0,0.0,0,0.0,0.0,0.0,0.0,6.71999979019165,5.590000152587891,6.170000076293945,5.630000114440918,-6.71999979019165,-5.590000152587891,-6.170000076293945,-5.630000114440918,-2.3519999265670775,-1.9565000534057615,-2.1595000267028808,-1.9705000400543211,0.0,0.0,0.0,0.0,-1,1,-1,1,0,0,0,0,0,0,0,0
1783308562.885648,0.0,0.0,0.0,0.0,0.0,0,0.0,0.0,0.0,0.0,4.699999809265137,3.9100000858306885,4.320000171661377,4.170000076293945,-4.699999809265137,-3.9100000858306885,-4.320000171661377,-4.170000076293945,-1.6449999332427978,-1.3685000300407408,-1.5120000600814818,-1.4595000267028808,0.0,0.0,0.0,0.0,-1,1,-1,1,0,0,0,0,0,0,0,0
1783308562.905574,0.0,0.0,0.0,0.0,0.0,0,0.0,0.0,0.0,0.0,4.699999809265137,3.9100000858306885,4.320000171661377,4.170000076293945,-4.699999809265137,-3.9100000858306885,-4.320000171661377,-4.170000076293945,-1.6449999332427978,-1.3685000300407408,-1.5120000600814818,-1.4595000267028808,0.0,0.0,0.0,0.0,-1,1,-1,1,0,0,0,0,0,0,0,0
1783308562.925597,0.0,0.0,0.0,0.0,0.0,0,0.0,0.0,0.0,0.0,4.699999809265137,3.9100000858306885,4.320000171661377,4.170000076293945,-4.699999809265137,-3.9100000858306885,-4.320000171661377,-4.170000076293945,-1.6449999332427978,-1.3685000300407408,-1.5120000600814818,-1.4595000267028808,0.0,0.0,0.0,0.0,-1,1,-1,1,0,0,0,0,0,0,0,0
1783308562.9456418,0.0,0.0,0.0,0.0,0.0,0,0.0,0.0,0.0,0.0,3.2899999618530273,2.740000009536743,3.0199999809265137,2.9200000762939453,-3.2899999618530273,-2.740000009536743,-3.0199999809265137,-2.9200000762939453,-1.1514999866485596,-0.9590000033378601,-1.0569999933242797,-1.0220000267028808,0.0,0.0,0.0,0.0,-1,1,-1,1,0,0,0,0,0,0,0,0
1783308562.965581,0.0,0.0,0.0,0.0,0.0,0,0.0,0.0,0.0,0.0,3.2899999618530273,2.740000009536743,3.0199999809265137,2.9200000762939453,-3.2899999618530273,-2.740000009536743,-3.0199999809265137,-2.9200000762939453,-1.1514999866485596,-0.9590000033378601,-1.0569999933242797,-1.0220000267028808,0.0,0.0,0.0,0.0,-1,1,-1,1,0,0,0,0,0,0,0,0
1783308562.9857078,0.0,0.0,0.0,0.0,0.0,0,0.0,0.0,0.0,0.0,2.299999952316284,1.9199999570846558,2.109999895095825,2.0399999618530273,-2.299999952316284,-1.9199999570846558,-2.109999895095825,-2.0399999618530273,-0.8049999833106994,-0.6719999849796294,-0.7384999632835387,-0.7139999866485596,0.0,0.0,0.0,0.0,-1,1,-1,1,0,0,0,0,0,0,0,0
1783308563.005581,0.0,0.0,0.0,0.0,0.0,0,0.0,0.0,0.0,0.0,2.299999952316284,1.9199999570846558,2.109999895095825,2.0399999618530273,-2.299999952316284,-1.9199999570846558,-2.109999895095825,-2.0399999618530273,-0.8049999833106994,-0.6719999849796294,-0.7384999632835387,-0.7139999866485596,0.0,0.0,0.0,0.0,-1,1,-1,1,0,0,0,0,0,0,0,0
1783308563.0255833,0.0,0.0,0.0,0.0,0.0,0,0.0,0.0,0.0,0.0,2.299999952316284,1.9199999570846558,2.109999895095825,2.0399999618530273,-2.299999952316284,-1.9199999570846558,-2.109999895095825,-2.0399999618530273,-0.8049999833106994,-0.6719999849796294,-0.7384999632835387,-0.7139999866485596,0.0,0.0,0.0,0.0,-1,1,-1,1,0,0,0,0,0,0,0,0
1783308563.0455816,0.0,0.0,0.0,0.0,0.0,0,0.0,0.0,0.0,0.0,1.6100000143051147,1.340000033378601,1.4800000190734863,1.4299999475479126,-1.6100000143051147,-1.340000033378601,-1.4800000190734863,-1.4299999475479126,-0.5635000050067901,-0.4690000116825103,-0.5180000066757202,-0.5004999816417693,0.0,0.0,0.0,0.0,-1,1,-1,1,0,0,0,0,0,0,0,0
1783308563.065586,0.0,0.0,0.0,0.0,0.0,0,0.0,0.0,0.0,0.0,1.6100000143051147,1.340000033378601,1.4800000190734863,1.4299999475479126,-1.6100000143051147,-1.340000033378601,-1.4800000190734863,-1.4299999475479126,-0.5635000050067901,-0.4690000116825103,-0.5180000066757202,-0.5004999816417693,0.0,0.0,0.0,0.0,-1,1,-1,1,0,0,0,0,0,0,0,0
1783308563.0856788,0.0,0.0,0.0,0.0,0.0,0,0.0,0.0,0.0,0.0,1.1299999952316284,0.9399999976158142,1.0399999618530273,1.0,-1.1299999952316284,-0.9399999976158142,-1.0399999618530273,-1.0,-0.3954999983310699,-0.32899999916553496,-0.36399998664855954,-0.35,0.0,0.0,0.0,0.0,-1,1,-1,1,0,0,0,0,0,0,0,0
1783308563.1055787,0.0,0.0,0.0,0.0,0.0,0,0.0,0.0,0.0,0.0,1.1299999952316284,0.9399999976158142,1.0399999618530273,1.0,-1.1299999952316284,-0.9399999976158142,-1.0399999618530273,-1.0,-0.3954999983310699,-0.32899999916553496,-0.36399998664855954,-0.35,0.0,0.0,0.0,0.0,-1,1,-1,1,0,0,0,0,0,0,0,0
1783308563.1256266,0.0,0.0,0.0,0.0,0.0,0,0.0,0.0,0.0,0.0,1.1299999952316284,0.9399999976158142,1.0399999618530273,1.0,-1.1299999952316284,-0.9399999976158142,-1.0399999618530273,-1.0,-0.3954999983310699,-0.32899999916553496,-0.36399998664855954,-0.35,0.0,0.0,0.0,0.0,-1,1,-1,1,0,0,0,0,0,0,0,0
1783308563.1455896,0.0,0.0,0.0,0.0,0.0,0,0.0,0.0,0.0,0.0,0.7900000214576721,0.6600000262260437,0.7300000190734863,0.699999988079071,-0.7900000214576721,-0.6600000262260437,-0.7300000190734863,-0.699999988079071,-0.2765000075101852,-0.23100000917911528,-0.2555000066757202,-0.24499999582767484,0.0,0.0,0.0,0.0,-1,1,-1,1,0,0,0,0,0,0,0,0
1783308563.1656253,0.0,0.0,0.12,0.0,0.0,1,10.225092959257768,-10.225092959257768,10.225092959257768,-10.225092959257768,0.7900000214576721,0.6600000262260437,0.7300000190734863,0.699999988079071,9.435092937800096,-10.885092985483812,9.495092940184282,-10.92509294733684,3.3022825282300334,-3.809782544919334,3.3232825290644987,-3.8237825315678937,0.08491583644020087,-0.09796583686935431,0.08545583646165854,-0.09832583652603155,-1,1,-1,1,-18,-18,-18,-18,-21,-22,-21,-22
1783308563.1856675,0.0,0.0,0.12,0.0,0.0,1,10.225092959257768,-10.225092959257768,10.225092959257768,-10.225092959257768,0.550000011920929,0.46000000834465027,0.5099999904632568,0.49000000953674316,9.67509294733684,-10.685092967602419,9.715092968794512,-10.715092968794512,3.3862825315678937,-3.739782538660846,3.400282539078079,-3.750282539078079,0.1719916729662324,-0.19413167357777608,0.17289167318080917,-0.19476167324518215,-1,1,-1,1,-18,-18,-18,-18,-22,-22,-22,-22
1783308563.2055933,0.0,0.0,0.12,0.0,0.0,1,10.225092959257768,-10.225092959257768,10.225092959257768,-10.225092959257768,0.550000011920929,0.46000000834465027,0.5099999904632568,0.49000000953674316,9.67509294733684,-10.685092967602419,9.715092968794512,-10.715092968794512,3.3862825315678937,-3.739782538660846,3.400282539078079,-3.750282539078079,0.259067509492264,-0.2902975102861979,0.2603275098999598,-0.29119750996433275,-1,1,-1,1,-18,-18,-18,-18,-22,-22,-22,-22
1783308563.225689,0.0,0.0,0.12,0.0,0.0,1,10.225092959257768,-10.225092959257768,10.225092959257768,-10.225092959257768,0.550000011920929,0.46000000834465027,0.5099999904632568,0.49000000953674316,9.67509294733684,-10.685092967602419,9.715092968794512,-10.715092968794512,3.3862825315678937,-3.739782538660846,3.400282539078079,-3.750282539078079,0.34614334601829555,-0.38646334699461965,0.3477633466191104,-0.38763334668348337,-1,1,-1,1,-18,-18,-18,-18,-22,-22,-22,-22
1783308563.245573,0.0,0.0,0.12,0.0,0.0,1,10.225092959257768,-10.225092959257768,10.225092959257768,-10.225092959257768,1.5199999809265137,-0.36000001430511475,1.4900000095367432,-0.3400000035762787,8.705092978331255,-9.865092944952654,8.735092949721025,-9.88509295568149,3.046782542415939,-3.452782530733429,3.0572825324023585,-3.459782534488521,0.42448918282327686,-0.47524918349919354,0.4263791831665996,-0.4765991832846168,-1,1,-1,1,-18,-18,-18,-18,-21,-22,-21,-22
1783308563.2656808,0.0,0.0,0.12,0.0,0.0,1,10.225092959257768,-10.225092959257768,10.225092959257768,-10.225092959257768,1.5199999809265137,-0.36000001430511475,1.4900000095367432,-0.3400000035762787,8.705092978331255,-9.865092944952654,8.735092949721025,-9.88509295568149,3.046782542415939,-3.452782530733429,3.0572825324023585,-3.459782534488521,0.5028350196282582,-0.5640350200037674,0.5049950197140889,-0.5655650198857503,-1,1,-1,1,-18,-18,-18,-18,-22,-22,-22,-22
1783308563.2856803,0.0,0.0,0.12,0.0,0.0,1,10.225092959257768,-10.225092959257768,10.225092959257768,-10.225092959257768,3.0999999046325684,-2.2899999618530273,3.0799999237060547,-2.5,7.1250930546252,-7.935092997404741,7.145093035551714,-7.725092959257768,2.49378256911882,-2.7772825490916593,2.5007825624430997,-2.7037825357402188,0.566960857119885,-0.63545085698041,0.5693008570340543,-0.6350908565190702,-1,1,-1,1,-18,-18,-18,-18,-21,-21,-21,-21
1783308563.30559,0.0,0.0,0.12,0.0,0.0,1,10.225092959257768,-10.225092959257768,10.225092959257768,-10.225092959257768,3.0999999046325684,-2.2899999618530273,3.0799999237060547,-2.5,7.1250930546252,-7.935092997404741,7.145093035551714,-7.725092959257768,2.49378256911882,-2.7772825490916593,2.5007825624430997,-2.7037825357402188,0.6310866946115118,-0.7068666939570527,0.6336066943540197,-0.7046166931523901,-1,1,-1,1,-18,-18,-18,-18,-21,-21,-21,-21
1783308563.325599,0.0,0.0,0.12,0.0,0.0,1,10.225092959257768,-10.225092959257768,10.225092959257768,-10.225092959257768,3.0999999046325684,-2.2899999618530273,3.0799999237060547,-2.5,7.1250930546252,-7.935092997404741,7.145093035551714,-7.725092959257768,2.49378256911882,-2.7772825490916593,2.5007825624430997,-2.7037825357402188,0.6952125321031386,-0.7782825309336954,0.6979125316739851,-0.77414252978571,-1,1,-1,1,-18,-18,-18,-18,-21,-22,-21,-21
1783308563.3456082,0.0,0.0,0.12,0.0,0.0,1,10.225092959257768,-10.225092959257768,10.225092959257768,-10.225092959257768,5.110000133514404,-5.0,4.869999885559082,-5.369999885559082,5.115092825743364,-5.225092959257768,5.355093073698686,-4.855093073698686,1.7902824890101774,-1.8287825357402188,1.87428257579454,-1.6992825757945402,0.7412483675348289,-0.8253083675670153,0.7461083693372733,-0.8178383674489982,-1,1,-1,1,-18,-18,-18,-18,-21,-21,-21,-21
1783308563.3656557,0.0,0.0,0.12,0.0,0.0,1,10.225092959257768,-10.225092959257768,10.225092959257768,-10.225092959257768,5.110000133514404,-5.0,4.869999885559082,-5.369999885559082,5.115092825743364,-5.225092959257768,5.355093073698686,-4.855093073698686,1.7902824890101774,-1.8287825357402188,1.87428257579454,-1.6992825757945402,0.7872842029665192,-0.8723342042003353,0.7943042070005615,-0.8615342051122864,-1,1,-1,1,-18,-18,-18,-18,-21,-21,-21,-21
1783308563.3856895,0.0,0.0,0.12,0.0,0.0,1,10.225092959257768,-10.225092959257768,10.225092959257768,-10.225092959257768,6.519999980926514,-7.119999885559082,6.349999904632568,-7.380000114440918,3.7050929783312547,-3.1050930736986864,3.8750930546252,-2.8450928448168504,1.2967825424159392,-1.0867825757945402,1.3562825691188198,-0.9957824956858976,0.8206300397715005,-0.9002800418636234,0.8291800444921883,-0.887140040715638,-1,1,-1,1,-18,-18,-18,-18,-20,-20,-20,-20
1783308563.405657,0.0,0.0,0.12,0.0,0.0,1,10.225092959257768,-10.225092959257768,10.225092959257768,-10.225092959257768,6.519999980926514,-7.119999885559082,6.349999904632568,-7.380000114440918,3.7050929783312547,-3.1050930736986864,3.8750930546252,-2.8450928448168504,1.2967825424159392,-1.0867825757945402,1.3562825691188198,-0.9957824956858976,0.8539758765764818,-0.9282258795269116,0.8640558819838151,-0.9127458763189896,-1,1,-1,1,-18,-18,-18,-18,-20,-20,-20,-20
1783308563.4255843,0.0,0.0,0.12,0.0,0.0,1,10.225092959257768,-10.225092959257768,10.225092959257768,-10.225092959257768,6.519999980926514,-7.119999885559082,6.349999904632568,-7.380000114440918,3.7050929783312547,-3.1050930736986864,3.8750930546252,-2.8450928448168504,1.2967825424159392,-1.0867825757945402,1.3562825691188198,-0.9957824956858976,0.887321713381463,-0.9561717171901998,0.8989317194754419,-0.9383517119223412,-1,1,-1,1,-18,-18,-18,-18,-20,-20,-20,-20
1783308563.445583,0.0,0.0,0.12,0.0,0.0,1,10.225092959257768,-10.225092959257768,10.225092959257768,-10.225092959257768,7.739999771118164,-9.289999961853027,7.619999885559082,-8.34000015258789,2.4850931881396043,-0.935092997404741,2.6050930736986864,-1.8850928066698778,0.8697826158488615,-0.3272825490916593,0.9117825757945401,-0.6597824823344571,0.9096875520747195,-0.9645875541668425,0.9223775571387302,-0.9553175471823702,-1,1,-1,1,-18,-18,-18,-18,-20,-19,-20,-20
1783308563.4655821,0.0,0.0,0.12,0.0,0.0,1,10.225092959257768,-10.225092959257768,10.225092959257768,-10.225092959257768,7.739999771118164,-9.289999961853027,7.619999885559082,-8.34000015258789,2.4850931881396043,-0.935092997404741,2.6050930736986864,-1.8850928066698778,0.8697826158488615,-0.3272825490916593,0.9117825757945401,-0.6597824823344571,0.932053390767976,-0.9730033911434852,0.9458233948020184,-0.9722833824423991,-1,1,-1,1,-18,-18,-18,-18,-20,-19,-20,-20
1783308563.4856758,0.0,0.0,0.12,0.0,0.0,1,10.225092959257768,-10.225092959257768,10.225092959257768,-10.225092959257768,9.039999961853027,-9.220000267028809,9.40999984741211,-10.140000343322754,1.185092997404741,-1.0050926922289598,0.815093111845659,-0.08509261593501449,0.41478254909165935,-0.3517824422801359,0.28528258914598065,-0.02978241557725507,0.9427192277446187,-0.9820492253735459,0.9531592328086294,-0.9730492159858142,-1,1,-1,1,-18,-18,-18,-18,-19,-19,-19,-19
1783308563.5056622,0.0,0.0,0.12,0.0,0.0,1,10.225092959257768,-10.225092959257768,10.225092959257768,-10.225092959257768,9.039999961853027,-9.220000267028809,9.40999984741211,-10.140000343322754,1.185092997404741,-1.0050926922289598,0.815093111845659,-0.08509261593501449,0.41478254909165935,-0.3517824422801359,0.28528258914598065,-0.02978241557725507,0.9533850647212614,-0.9910950596036066,0.9604950708152403,-0.9738150495292293,-1,1,-1,1,-18,-18,-18,-18,-19,-19,-19,-19
1783308563.525672,0.0,0.0,0.12,0.0,0.0,1,10.225092959257768,-10.225092959257768,10.225092959257768,-10.225092959257768,9.039999961853027,-9.220000267028809,9.40999984741211,-10.140000343322754,1.185092997404741,-1.0050926922289598,0.815093111845659,-0.08509261593501449,0.41478254909165935,-0.3517824422801359,0.28528258914598065,-0.02978241557725507,0.9640509016979041,-1.000140893833667,0.9678309088218513,-0.9745808830726443,-1,1,-1,1,-18,-18,-18,-18,-19,-19,-19,-19
1783308563.5456483,0.0,0.0,0.12,0.0,0.0,1,10.225092959257768,-10.225092959257768,10.225092959257768,-10.225092959257768,9.5,-9.850000381469727,10.65999984741211,-10.489999771118164,0.7250929592577684,-0.37509257778804184,-0.434906888154341,0.26490681186039566,0.2537825357402189,-0.13128240222581464,-0.15221741085401932,0.09271738415113848,0.970576738331224,-1.0035167270337595,0.9639167468284622,-0.9721967217659008,-1,1,-1,1,-18,-18,-18,-18,-19,-19,-19,-19
1783308563.5655975,0.0,0.0,0.12,0.0,0.0,1,10.225092959257768,-10.225092959257768,10.225092959257768,-10.225092959257768,9.5,-9.850000381469727,10.65999984741211,-10.489999771118164,0.7250929592577684,-0.37509257778804184,-0.434906888154341,0.26490681186039566,0.2537825357402189,-0.13128240222581464,-0.15221741085401932,0.09271738415113848,0.977102574964544,-1.0068925602338519,0.9600025848350731,-0.9698125604591572,-1,1,-1,1,-18,-18,-18,-18,-19,-19,-19,-19
1783308563.5856903,0.0,0.0,0.12,0.0,0.0,1,10.225092959257768,-10.225092959257768,10.225092959257768,-10.225092959257768,9.819999694824219,-10.520000457763672,10.630000114440918,-10.739999771118164,0.40509326443354965,0.2949074985059035,-0.40490715518314957,0.5149068118603957,0.14178264255174236,0.10321762447706621,-0.14171750431410235,0.18021738415113847,0.9807484143444459,-1.0042383927472986,0.9563584204384247,-0.9651783991524137,-1,1,-1,1,-18,-18,-18,-18,-19,-19,-19,-19
1783308563.6056488,0.0,0.0,0.12,0.0,0.0,1,10.225092959257768,-10.225092959257768,10.225092959257768,-10.225092959257768,9.819999694824219,-10.520000457763672,10.630000114440918,-10.739999771118164,0.40509326443354965,0.2949074985059035,-0.40490715518314957,0.5149068118603957,0.14178264255174236,0.10321762447706621,-0.14171750431410235,0.18021738415113847,0.9843942537243479,-1.0015842252607454,0.9527142560417763,-0.9605442378456701,-1,1,-1,1,-18,-18,-18,-18,-19,-19,-19,-19
1783308563.6256337,0.0,0.0,0.12,0.0,0.0,1,10.225092959257768,-10.225092959257768,10.225092959257768,-10.225092959257768,9.819999694824219,-10.520000457763672,10.630000114440918,-10.739999771118164,0.40509326443354965,0.2949074985059035,-0.40490715518314957,0.5149068118603957,0.14178264255174236,0.10321762447706621,-0.14171750431410235,0.18021738415113847,0.9880400931042498,-0.9989300577741923,0.9490700916451279,-0.9559100765389266,-1,1,-1,1,-18,-18,-18,-18,-19,-19,-19,-19
1783308563.6456378,0.0,0.0,0.12,0.0,0.0,1,10.225092959257768,-10.225092959257768,10.225092959257768,-10.225092959257768,10.949999809265137,-11.210000038146973,10.609999656677246,-10.239999771118164,-0.7249068500073683,0.9849070788892043,-0.3849066974194777,0.014906811860395663,-0.2537173975025789,0.34471747761122146,-0.13471734409681718,0.005217384151138482,0.9815159314541835,-0.9900658940641894,0.9456059313683526,-0.955775915232183,-1,1,-1,1,-18,-18,-18,-18,-19,-19,-19,-19
1783308563.66561,0.0,0.0,0.12,0.0,0.0,1,10.225092959257768,-10.225092959257768,10.225092959257768,-10.225092959257768,10.949999809265137,-11.210000038146973,10.609999656677246,-10.239999771118164,-0.7249068500073683,0.9849070788892043,-0.3849066974194777,0.014906811860395663,-0.2537173975025789,0.34471747761122146,-0.13471734409681718,0.005217384151138482,0.9749917698041172,-0.9812017303541866,0.9421417710915773,-0.9556417539254394,-1,1,-1,1,-18,-18,-18,-18,-19,-19,-19,-19
1783308563.685657,0.0,0.0,0.12,0.0,0.0,1,10.225092959257768,-10.225092959257768,10.225092959257768,-10.225092959257768,12.1899995803833,-11.470000267028809,10.369999885559082,-10.5600004196167,-1.9649066211255324,1.2449073077710402,-0.14490692630131363,0.3349074603589308,-0.6877173173939363,0.43571755771986403,-0.05071742420545977,0.11721761112562577,0.9573076102139874,-0.9699975645842472,0.9408376087548654,-0.952627586782209,-1,1,-1,1,-18,-18,-18,-18,-18,-19,-19,-19
1783308563.7055995,0.0,0.0,0.12,0.0,0.0,1,10.225092959257768,-10.225092959257768,10.225092959257768,-10.225092959257768,12.1899995803833,-11.470000267028809,10.369999885559082,-10.5600004196167,-1.9649066211255324,1.2449073077710402,-0.14490692630131363,0.3349074603589308,-0.6877173173939363,0.43571755771986403,-0.05071742420545977,0.11721761112562577,0.9396234506238575,-0.9587933988143079,0.9395334464181536,-0.9496134196389787,-1,1,-1,1,-18,-18,-18,-18,-18,-19,-19,-19
1783308563.7256906,0.0,0.0,0.12,0.0,0.0,1,10.225092959257768,-10.225092959257768,10.225092959257768,-10.225092959257768,12.1899995803833,-11.470000267028809,10.369999885559082,-10.5600004196167,-1.9649066211255324,1.2449073077710402,-0.14490692630131363,0.3349074603589308,-0.6877173173939363,0.43571755771986403,-0.05071742420545977,0.11721761112562577,0.9219392910337277,-0.9475892330443686,0.9382292840814418,-0.9465992524957484,-1,1,-1,1,-18,-18,-18,-18,-18,-19,-19,-19
1783308563.745627,0.0,0.0,0.12,0.0,0.0,1,10.225092959257768,-10.225092959257768,10.225092959257768,-10.225092959257768,12.84000015258789,-12.5600004196167,10.65999984741211,-9.430000305175781,-2.6149071933301222,2.334907460358931,-0.434906888154341,-0.7950926540819871,-0.9152175176655427,0.8172176111256257,-0.15221741085401932,-0.2782824289286955,0.8984051262937567,-0.9265750659011383,0.9343151220880527,-0.9537550863824863,-1,1,-1,1,-18,-18,-18,-18,-18,-18,-19,-19
1783308563.7656877,0.0,0.0,0.12,0.0,0.0,1,10.225092959257768,-10.225092959257768,10.225092959257768,-10.225092959257768,12.84000015258789,-12.5600004196167,10.65999984741211,-9.430000305175781,-2.6149071933301222,2.334907460358931,-0.434906888154341,-0.7950926540819871,-0.9152175176655427,0.8172176111256257,-0.15221741085401932,-0.2782824289286955,0.8748709615537856,-0.9055608987579079,0.9304009600946636,-0.9609109202692242,-1,1,-1,1,-18,-18,-18,-18,-18,-18,-19,-19
1783308563.785676,0.0,0.0,0.12,0.0,0.0,1,10.225092959257768,-10.225092959257768,10.225092959257768,-10.225092959257768,14.1899995803833,-12.640000343322754,10.630000114440918,-9.319999694824219,-3.9649066211255324,2.4149073840649855,-0.40490715518314957,-0.9050932644335496,-1.3877173173939363,0.8452175844227449,-0.14171750431410235,-0.3167826425517424,0.8391868019636558,-0.883826732301323,0.9267567956980152,-0.9690567596491262,-1,1,-1,1,-18,-18,-18,-18,-18,-18,-19,-19
1783308563.8056107,0.0,0.0,0.12,0.0,0.0,1,10.225092959257768,-10.225092959257768,10.225092959257768,-10.225092959257768,14.1899995803833,-12.640000343322754,10.630000114440918,-9.319999694824219,-3.9649066211255324,2.4149073840649855,-0.40490715518314957,-0.9050932644335496,-1.3877173173939363,0.8452175844227449,-0.14171750431410235,-0.3167826425517424,0.803502642373526,-0.8620925658447381,0.9231126313013668,-0.9772025990290282,-1,1,-1,1,-18,-18,-18,-18,-18,-18,-19,-19
1783308563.82569,0.0,0.0,0.12,0.0,0.0,1,10.225092959257768,-10.225092959257768,10.225092959257768,-10.225092959257768,14.1899995803833,-12.640000343322754,10.630000114440918,-9.319999694824219,-3.9649066211255324,2.4149073840649855,-0.40490715518314957,-0.9050932644335496,-1.3877173173939363,0.8452175844227449,-0.14171750431410235,-0.3167826425517424,0.7678184827833962,-0.8403583993881533,0.9194684669047184,-0.9853484384089302,-1,1,-1,1,-18,-18,-18,-18,-18,-18,-19,-19
1783308563.8455908,0.0,0.0,0.12,0.0,0.0,1,10.225092959257768,-10.225092959257768,10.225092959257768,-10.225092959257768,14.239999771118164,-12.699999809265137,11.289999961853027,-9.470000267028809,-4.014906811860396,2.4749068500073683,-1.064907002595259,-0.7550926922289598,-1.4052173841511384,0.8662173975025789,-0.37271745090834063,-0.2642824422801359,0.7316843214766526,-0.8180842377380869,0.9098843038813611,-0.9921442726389909,-1,1,-1,1,-18,-18,-18,-18,-18,-18,-19,-19
1783308563.8656042,0.0,0.0,0.12,0.0,0.0,1,10.225092959257768,-10.225092959257768,10.225092959257768,-10.225092959257768,14.239999771118164,-12.699999809265137,11.289999961853027,-9.470000267028809,-4.014906811860396,2.4749068500073683,-1.064907002595259,-0.7550926922289598,-1.4052173841511384,0.8662173975025789,-0.37271745090834063,-0.2642824422801359,0.6955501601699091,-0.7958100760880206,0.9003001408580038,-0.9989401068690515,-1,1,-1,1,-18,-18,-18,-18,-18,-18,-19,-19
1783308563.8856647,0.0,0.0,0.12,0.0,0.0,1,10.225092959257768,-10.225092959257768,10.225092959257768,-10.225092959257768,14.489999771118164,-12.739999771118164,11.979999542236328,-10.25,-4.264906811860396,2.5149068118603957,-1.7549065829785597,0.0249070407422316,-1.4927173841511383,0.8802173841511384,-0.6142173040424959,0.008717464259781059,0.6571659988631655,-0.773175914781277,0.8845059816111968,-0.9987159435023715,-1,1,-1,1,-18,-18,-18,-18,-18,-18,-18,-19
1783308563.9056008,0.0,0.0,0.12,0.0,0.0,1,10.225092959257768,-10.225092959257768,10.225092959257768,-10.225092959257768,14.489999771118164,-12.739999771118164,11.979999542236328,-10.25,-4.264906811860396,2.5149068118603957,-1.7549065829785597,0.0249070407422316,-1.4927173841511383,0.8802173841511384,-0.6142173040424959,0.008717464259781059,0.6187818375564219,-0.7505417534745334,0.8687118223643897,-0.9984917801356914,-1,1,-1,1,-18,-18,-18,-18,-18,-18,-18,-19
1783308563.9255993,0.0,0.0,0.12,0.0,0.0,1,10.225092959257768,-10.225092959257768,10.225092959257768,-10.225092959257768,14.489999771118164,-12.739999771118164,11.979999542236328,-10.25,-4.264906811860396,2.5149068118603957,-1.7549065829785597,0.0249070407422316,-1.4927173841511383,0.8802173841511384,-0.6142173040424959,0.008717464259781059,0.5803976762496783,-0.7279075921677899,0.8529176631175827,-0.9982676167690113,-1,1,-1,1,-18,-18,-18,-18,-18,-18,-18,-19
1783308563.9456804,0.0,0.0,0.12,0.0,0.0,1,10.225092959257768,-10.225092959257768,10.225092959257768,-10.225092959257768,14.899999618530273,-13.220000267028809,13.140000343322754,-10.34000015258789,-4.674906659272505,2.99490730777104,-2.9149073840649855,0.11490719333012223,-1.6362173307453767,1.048217557719864,-1.0202175844227448,0.040217517665542775,0.5383235163162258,-0.7009534263978505,0.8266834966609978,-0.9972334520290402,-1,1,-1,1,-18,-18,-18,-18,-18,-18,-18,-19
1783308563.9656518,0.0,0.0,0.12,0.0,0.0,1,10.225092959257768,-10.225092959257768,10.225092959257768,-10.225092959257768,14.899999618530273,-13.220000267028809,13.140000343322754,-10.34000015258789,-4.674906659272505,2.99490730777104,-2.9149073840649855,0.11490719333012223,-1.6362173307453767,1.048217557719864,-1.0202175844227448,0.040217517665542775,0.49624935638277323,-0.6739992606279112,0.800449330204413,-0.9961992872890691,-1,1,-1,1,-18,-18,-18,-18,-18,-18,-18,-19
1783308563.9856935,0.0,0.0,0.12,0.0,0.0,1,10.225092959257768,-10.225092959257768,10.225092959257768,-10.225092959257768,15.1899995803833,-12.869999885559082,13.270000457763672,-10.40999984741211,-4.964906621125532,2.6449069263013136,-3.0449074985059035,0.18490688815434098,-1.7377173173939362,0.9257174242054597,-1.065717624477066,0.06471741085401934,0.45156519679264345,-0.6501950982911994,0.7730451627178598,-0.9945351252956801,-1,1,-1,1,-18,-18,-18,-18,-18,-18,-18,-19
1783308564.005707,0.0,0.0,0.12,0.0,0.0,1,10.225092959257768,-10.225092959257768,10.225092959257768,-10.225092959257768,15.1899995803833,-12.869999885559082,13.270000457763672,-10.40999984741211,-4.964906621125532,2.6449069263013136,-3.0449074985059035,0.18490688815434098,-1.7377173173939362,0.9257174242054597,-1.065717624477066,0.06471741085401934,0.4068810372025137,-0.6263909359544876,0.7456409952313067,-0.9928709633022911,-1,1,-1,1,-18,-18,-18,-18,-18,-18,-18,-19
1783308564.0256493,0.0,0.0,0.12,0.0,0.0,1,10.225092959257768,-10.225092959257768,10.225092959257768,-10.225092959257768,15.1899995803833,-12.869999885559082,13.270000457763672,-10.40999984741211,-4.964906621125532,2.6449069263013136,-3.0449074985059035,0.18490688815434098,-1.7377173173939362,0.9257174242054597,-1.065717624477066,0.06471741085401934,0.3621968776123839,-0.6025867736177758,0.7182368277447535,-0.991206801308902,-1,1,-1,1,-18,-18,-18,-18,-18,-18,-18,-19
1783308564.0455832,0.0,0.0,0.12,0.0,0.0,1,10.225092959257768,-10.225092959257768,10.225092959257768,-10.225092959257768,15.15999984741211,-12.180000305175781,13.369999885559082,-10.0,-4.934906888154341,1.9549073459180129,-3.1449069263013136,-0.2250929592577684,-1.7272174108540193,0.6842175710713044,-1.1007174242054596,-0.07878253574021893,0.31778271561899485,-0.5849926075045137,0.6899326654080417,-0.9932326379422219,-1,1,-1,1,-18,-18,-18,-18,-18,-18,-18,-19
1783308564.0656693,0.0,0.0,0.12,0.0,0.0,1,10.225092959257768,-10.225092959257768,10.225092959257768,-10.225092959257768,15.15999984741211,-12.180000305175781,13.369999885559082,-10.0,-4.934906888154341,1.9549073459180129,-3.1449069263013136,-0.2250929592577684,-1.7272174108540193,0.6842175710713044,-1.1007174242054596,-0.07878253574021893,0.27336855362560575,-0.5673984413912515,0.6616285030713298,-0.9952584745755418,-1,1,-1,1,-18,-18,-18,-18,-18,-18,-18,-19
1783308564.08566,0.0,0.0,0.12,0.0,0.0,1,10.225092959257768,-10.225092959257768,10.225092959257768,-10.225092959257768,14.90999984741211,-12.149999618530273,13.880000114440918,-9.949999809265137,-4.684906888154341,1.924906659272505,-3.6549071551831496,-0.2750931499926317,-1.6397174108540193,0.6737173307453768,-1.2792175043141023,-0.09628260249742109,0.23120439163221668,-0.5500742814577989,0.6287343386746814,-0.9977343129254755,-1,1,-1,1,-18,-18,-18,-18,-18,-18,-18,-19
1783308564.1056023,0.0,0.0,0.12,0.0,0.0,1,10.225092959257768,-10.225092959257768,10.225092959257768,-10.225092959257768,14.90999984741211,-12.149999618530273,13.880000114440918,-9.949999809265137,-4.684906888154341,1.924906659272505,-3.6549071551831496,-0.2750931499926317,-1.6397174108540193,0.6737173307453768,-1.2792175043141023,-0.09628260249742109,0.1890402296388276,-0.5327501215243463,0.595840174278033,-1.0002101512754091,-1,1,-1,1,-18,-18,-18,-18,-18,-18,-18,-19
1783308564.125594,0.0,0.0,0.12,0.0,0.0,1,10.225092959257768,-10.225092959257768,10.225092959257768,-10.225092959257768,14.90999984741211,-12.149999618530273,13.880000114440918,-9.949999809265137,-4.684906888154341,1.924906659272505,-3.6549071551831496,-0.2750931499926317,-1.6397174108540193,0.6737173307453768,-1.2792175043141023,-0.09628260249742109,0.14687606764543853,-0.5154259615908937,0.5629460098813847,-1.0026859896253428,-1,1,-1,1,-18,-18,-18,-18,-18,-18,-18,-19
1783308564.145678,0.0,0.0,0.12,0.0,0.0,1,10.225092959257768,-10.225092959257768,10.225092959257768,-10.225092959257768,14.739999771118164,-10.770000457763672,13.119999885559082,-9.680000305175781,-4.514906811860396,0.5449074985059035,-2.8949069263013136,-0.5450926540819871,-1.5802173841511384,0.1907176244770662,-1.0132174242054597,-0.19078242892869549,0.10624190633869497,-0.5105217941043406,0.5368918475446728,-1.0075918235120807,-1,1,-1,1,-18,-18,-18,-18,-18,-18,-18,-19
1783308564.1656256,0.0,0.0,0.12,0.0,0.0,1,10.225092959257768,-10.225092959257768,10.225092959257768,-10.225092959257768,14.739999771118164,-10.770000457763672,13.119999885559082,-9.680000305175781,-4.514906811860396,0.5449074985059035,-2.8949069263013136,-0.5450926540819871,-1.5802173841511384,0.1907176244770662,-1.0132174242054597,-0.19078242892869549,0.06560774503195141,-0.5056176266177875,0.5108376852079609,-1.0124976573988185,-1,1,-1,1,-18,-18,-18,-18,-18,-18,-18,-19
1783308564.1856804,0.0,0.0,0.12,0.0,0.0,1,10.225092959257768,-10.225092959257768,10.225092959257768,-10.225092959257768,14.390000343322754,-10.029999732971191,13.710000038146973,-9.039999961853027,-4.1649073840649855,-0.195093226286577,-3.4849070788892043,-1.185092997404741,-1.4577175844227448,-0.06828262920030194,-1.2197174776112214,-0.41478254909165935,0.028123578575366542,-0.5073734656543667,0.4794735214979581,-1.023163494375461,-1,1,-1,1,-18,-18,-18,-18,-18,-19,-18,-19
1783308564.2057204,0.0,0.0,0.12,0.0,0.0,1,10.225092959257768,-10.225092959257768,10.225092959257768,-10.225092959257768,14.390000343322754,-10.029999732971191,13.710000038146973,-9.039999961853027,-4.1649073840649855,-0.195093226286577,-3.4849070788892043,-1.185092997404741,-1.4577175844227448,-0.06828262920030194,-1.2197174776112214,-0.41478254909165935,-0.009360587881218324,-0.5091293046909459,0.44810935778795524,-1.0338293313521036,-1,1,-1,1,-18,-18,-18,-18,-18,-19,-18,-19
1783308564.225608,0.0,0.0,0.12,0.0,0.0,1,10.225092959257768,-10.225092959257768,10.225092959257768,-10.225092959257768,14.390000343322754,-10.029999732971191,13.710000038146973,-9.039999961853027,-4.1649073840649855,-0.195093226286577,-3.4849070788892043,-1.185092997404741,-1.4577175844227448,-0.06828262920030194,-1.2197174776112214,-0.41478254909165935,-0.04684475433780319,-0.510885143727525,0.4167451940779524,-1.0444951683287462,-1,1,-1,1,-18,-18,-18,-18,-18,-19,-18,-19
1783308564.245702,0.0,0.0,0.12,0.0,0.0,1,10.225092959257768,-10.225092959257768,10.225092959257768,-10.225092959257768,13.920000076293945,-10.420000076293945,13.449999809265137,-9.270000457763672,-3.694907117036177,0.1949071170361769,-3.2249068500073683,-0.9550925014940965,-1.293217490962662,0.06821749096266191,-1.1287173975025788,-0.3342823755229338,-0.08009891839112879,-0.5091309796741994,0.3877210324278861,-1.0530910008421932,-1,1,-1,1,-18,-18,-18,-18,-18,-18,-18,-19
1783308564.2656252,0.0,0.0,0.12,0.0,0.0,1,10.225092959257768,-10.225092959257768,10.225092959257768,-10.225092959257768,13.920000076293945,-10.420000076293945,13.449999809265137,-9.270000457763672,-3.694907117036177,0.1949071170361769,-3.2249068500073683,-0.9550925014940965,-1.293217490962662,0.06821749096266191,-1.1287173975025788,-0.3342823755229338,-0.11335308244445438,-0.5073768156208738,0.35869687077781975,-1.0616868333556402,-1,1,-1,1,-18,-18,-18,-18,-18,-18,-18,-19
1783308564.2856712,0.0,0.0,0.12,0.0,0.0,1,10.225092959257768,-10.225092959257768,10.225092959257768,-10.225092959257768,13.600000381469727,-10.239999771118164,13.029999732971191,-9.65999984741211,-3.374907422211958,0.014906811860395663,-2.804906773713423,-0.565093111845659,-1.1812175977741852,0.005217384151138482,-0.981717370799698,-0.19778258914598065,-0.143727249244362,-0.5072426543141302,0.33345270981439895,-1.0667726713622512,-1,1,-1,1,-18,-18,-18,-18,-18,-19,-18,-19
1783308564.3056488,0.0,0.0,0.12,0.0,0.0,1,10.225092959257768,-10.225092959257768,10.225092959257768,-10.225092959257768,13.600000381469727,-10.239999771118164,13.029999732971191,-9.65999984741211,-3.374907422211958,0.014906811860395663,-2.804906773713423,-0.565093111845659,-1.1812175977741852,0.005217384151138482,-0.981717370799698,-0.19778258914598065,-0.17410141604426962,-0.5071084930073866,0.30820854885097815,-1.0718585093688622,-1,1,-1,1,-18,-18,-18,-18,-18,-19,-18,-19
1783308564.3256574,0.0,0.0,0.12,0.0,0.0,1,10.225092959257768,-10.225092959257768,10.225092959257768,-10.225092959257768,13.600000381469727,-10.239999771118164,13.029999732971191,-9.65999984741211,-3.374907422211958,0.014906811860395663,-2.804906773713423,-0.565093111845659,-1.1812175977741852,0.005217384151138482,-0.981717370799698,-0.19778258914598065,-0.20447558284417724,-0.506974331700643,0.28296438788755734,-1.0769443473754732,-1,1,-1,1,-18,-18,-18,-18,-18,-19,-18,-19
1783308564.3457158,0.0,0.0,0.12,0.0,0.0,1,10.225092959257768,-10.225092959257768,10.225092959257768,-10.225092959257768,13.59000015258789,-10.329999923706055,12.75,-9.25,-3.3649071933301222,0.10490696444828629,-2.5249070407422316,-0.9750929592577684,-1.1777175176655428,0.0367174375569002,-0.883717464259781,-0.34128253574021894,-0.23475974758414836,-0.5060301690206084,0.26024022452087725,-1.085720184008793,-1,1,-1,1,-18,-18,-18,-18,-18,-18,-18,-19
1783308564.3655987,0.0,0.0,0.12,0.0,0.0,1,10.225092959257768,-10.225092959257768,10.225092959257768,-10.225092959257768,13.59000015258789,-10.329999923706055,12.75,-9.25,-3.3649071933301222,0.10490696444828629,-2.5249070407422316,-0.9750929592577684,-1.1777175176655428,0.0367174375569002,-0.883717464259781,-0.34128253574021894,-0.26504391232411945,-0.5050860063405738,0.23751606115419716,-1.094496020642113,-1,1,-1,1,-18,-18,-18,-18,-18,-18,-18,-19
1783308564.3857253,0.0,0.0,0.12,0.0,0.0,1,10.225092959257768,-10.225092959257768,10.225092959257768,-10.225092959257768,13.140000343322754,-10.399999618530273,12.319999694824219,-9.1899995803833,-2.9149073840649855,0.17490665927250504,-2.0949067355664504,-1.0350933788744676,-1.0202175844227448,0.06121733074537676,-0.7332173574482576,-0.36228268260606367,-0.29127807878070433,-0.5035118464071212,0.2186619005340991,-1.1038118610519831,-1,1,-1,1,-18,-18,-18,-18,-18,-18,-18,-19
1783308564.405605,0.0,0.0,0.12,0.0,0.0,1,10.225092959257768,-10.225092959257768,10.225092959257768,-10.225092959257768,13.140000343322754,-10.399999618530273,12.319999694824219,-9.1899995803833,-2.9149073840649855,0.17490665927250504,-2.0949067355664504,-1.0350933788744676,-1.0202175844227448,0.06121733074537676,-0.7332173574482576,-0.36228268260606367,-0.3175122452372892,-0.5019376864736687,0.19980773991400103,-1.1131277014618532,-1,1,-1,1,-18,-18,-18,-18,-18,-18,-18,-19
1783308564.4255838,0.0,0.0,0.12,0.0,0.0,1,10.225092959257768,-10.225092959257768,10.225092959257768,-10.225092959257768,13.140000343322754,-10.399999618530273,12.319999694824219,-9.1899995803833,-2.9149073840649855,0.17490665927250504,-2.0949067355664504,-1.0350933788744676,-1.0202175844227448,0.06121733074537676,-0.7332173574482576,-0.36228268260606367,-0.3437464116938741,-0.5003635265402161,0.18095357929390296,-1.1224435418717233,-1,1,-1,1,-18,-18,-18,-18,-18,-18,-18,-19
1783308564.4456081,0.0,0.0,0.12,0.0,0.0,1,10.225092959257768,-10.225092959257768,10.225092959257768,-10.225092959257768,13.270000457763672,-11.130000114440918,12.25,-10.279999732971191,-3.0449074985059035,0.9049071551831496,-2.0249070407422316,0.05490677371342301,-1.065717624477066,0.31671750431410234,-0.708717464259781,0.019217370799698052,-0.3711505791804272,-0.49221936214356776,0.16272941592722287,-1.1219493809083025,-1,1,-1,1,-18,-18,-18,-18,-18,-18,-18,-19
1783308564.465666,0.0,0.0,0.12,0.0,0.0,1,10.225092959257768,-10.225092959257768,10.225092959257768,-10.225092959257768,13.270000457763672,-11.130000114440918,12.25,-10.279999732971191,-3.0449074985059035,0.9049071551831496,-2.0249070407422316,0.05490677371342301,-1.065717624477066,0.31671750431410234,-0.708717464259781,0.019217370799698052,-0.3985547466669803,-0.48407519774691943,0.14450525256054278,-1.1214552199448817,-1,1,-1,1,-18,-18,-18,-18,-18,-18,-18,-19
1783308564.4857535,0.0,0.0,0.12,0.0,0.0,1,10.225092959257768,-10.225092959257768,10.225092959257768,-10.225092959257768,13.140000343322754,-12.09000015258789,12.1899995803833,-10.369999885559082,-2.9149073840649855,1.8649071933301222,-1.9649066211255324,0.14490692630131363,-1.0202175844227448,0.6527175176655428,-0.6877173173939363,0.05071742420545977,-0.4247889131235652,-0.4672910330069483,0.126821092970413,-1.12015105760817,-1,1,-1,1,-18,-18,-18,-18,-18,-18,-18,-19
1783308564.505596,0.0,0.0,0.12,0.0,0.0,1,10.225092959257768,-10.225092959257768,10.225092959257768,-10.225092959257768,13.140000343322754,-12.09000015258789,12.1899995803833,-10.369999885559082,-2.9149073840649855,1.8649071933301222,-1.9649066211255324,0.14490692630131363,-1.0202175844227448,0.6527175176655428,-0.6877173173939363,0.05071742420545977,-0.4510230795801501,-0.45050686826697717,0.10913693338028321,-1.118846895271458,-1,1,-1,1,-18,-18,-18,-18,-18,-18,-18,-19
1783308564.5256467,0.0,0.0,0.12,0.0,0.0,1,10.225092959257768,-10.225092959257768,10.225092959257768,-10.225092959257768,13.140000343322754,-12.09000015258789,12.1899995803833,-10.369999885559082,-2.9149073840649855,1.8649071933301222,-1.9649066211255324,0.14490692630131363,-1.0202175844227448,0.6527175176655428,-0.6877173173939363,0.05071742420545977,-0.477257246036735,-0.43372270352700604,0.09145277379015343,-1.1175427329347463,-1,1,-1,1,-18,-18,-18,-18,-18,-18,-18,-19
1783308564.5456035,0.0,0.0,0.12,0.0,0.0,1,10.225092959257768,-10.225092959257768,10.225092959257768,-10.225092959257768,13.5,-12.989999771118164,11.25,-10.199999809265137,-3.2749070407422316,2.7649068118603957,-1.0249070407422316,-0.02509314999263168,-1.1462174642597809,0.9677173841511384,-0.358717464259781,-0.008782602497421087,-0.5067314094034151,-0.4088385422202625,0.08222861042347335,-1.1177685712846799,-1,1,-1,1,-18,-18,-18,-18,-18,-18,-18,-19
1783308564.5656044,0.0,0.0,0.12,0.0,0.0,1,10.225092959257768,-10.225092959257768,10.225092959257768,-10.225092959257768,13.5,-12.989999771118164,11.25,-10.199999809265137,-3.2749070407422316,2.7649068118603957,-1.0249070407422316,-0.02509314999263168,-1.1462174642597809,0.9677173841511384,-0.358717464259781,-0.008782602497421087,-0.5362055727700952,-0.38395438091351897,0.07300444705679326,-1.1179944096346135,-1,1,-1,1,-18,-18,-18,-18,-18,-18,-18,-19
1783308564.5856667,0.0,0.0,0.12,0.0,0.0,1,10.225092959257768,-10.225092959257768,10.225092959257768,-10.225092959257768,13.75,-13.850000381469727,11.050000190734863,-10.989999771118164,-3.5249070407422316,3.624907422211958,-0.8249072314770949,0.7649068118603957,-1.233717464259781,1.2687175977741854,-0.28871753101698316,0.26771738415113844,-0.5679297361367752,-0.3513302141136113,0.06558028197349941,-1.1111102483278699,-1,1,-1,1,-18,-18,-18,-18,-18,-18,-18,-19
1783308564.605596,0.0,0.0,0.12,0.0,0.0,1,10.225092959257768,-10.225092959257768,10.225092959257768,-10.225092959257768,13.75,-13.850000381469727,11.050000190734863,-10.989999771118164,-3.5249070407422316,3.624907422211958,-0.8249072314770949,0.7649068118603957,-1.233717464259781,1.2687175977741854,-0.28871753101698316,0.26771738415113844,-0.5996538995034553,-0.31870604731370367,0.058156116890205556,-1.1042260870211262,-1,1,-1,1,-18,-18,-18,-18,-18,-18,-18,-19
1783308564.6256075,0.0,0.0,0.12,0.0,0.0,1,10.225092959257768,-10.225092959257768,10.225092959257768,-10.225092959257768,13.75,-13.850000381469727,11.050000190734863,-10.989999771118164,-3.5249070407422316,3.624907422211958,-0.8249072314770949,0.7649068118603957,-1.233717464259781,1.2687175977741854,-0.28871753101698316,0.26771738415113844,-0.6313780628701353,-0.286081880513796,0.0507319518069117,-1.0973419257143826,-1,1,-1,1,-18,-18,-18,-18,-18,-18,-18,-19
1783308564.6456003,0.0,0.0,0.12,0.0,0.0,1,10.225092959257768,-10.225092959257768,10.225092959257768,-10.225092959257768,13.479999542236328,-14.0,11.130000114440918,-11.770000457763672,-3.2549065829785597,3.7749070407422316,-0.9049071551831496,1.5449074985059035,-1.1392173040424958,1.321217464259781,-0.31671750431410234,0.5407176244770662,-0.6606722221169423,-0.25210771714711594,0.04258778741026335,-1.0834377582278294,-1,1,-1,1,-18,-18,-18,-18,-18,-18,-18,-19
1783308564.6656466,0.0,0.0,0.12,0.0,0.0,1,10.225092959257768,-10.225092959257768,10.225092959257768,-10.225092959257768,13.479999542236328,-14.0,11.130000114440918,-11.770000457763672,-3.2549065829785597,3.7749070407422316,-0.9049071551831496,1.5449074985059035,-1.1392173040424958,1.321217464259781,-0.31671750431410234,0.5407176244770662,-0.6899663813637493,-0.21813355378043586,0.034443623013615005,-1.0695335907412762,-1,1,-1,1,-18,-18,-18,-18,-18,-18,-18,-19
1783308564.6856692,0.0,0.0,0.12,0.0,0.0,1,10.225092959257768,-10.225092959257768,10.225092959257768,-10.225092959257768,13.279999732971191,-14.550000190734863,11.869999885559082,-12.3100004196167,-3.054906773713423,4.324907231477095,-1.6449069263013136,2.084907460358931,-1.069217370799698,1.513717531016983,-0.5757174242054597,0.7297176111256257,-0.7174605423271702,-0.179209388697142,0.01963946067690318,-1.0507694235980458,-1,1,-1,1,-18,-18,-18,-18,-18,-18,-18,-18
1783308564.7056344,0.0,0.0,0.12,0.0,0.0,1,10.225092959257768,-10.225092959257768,10.225092959257768,-10.225092959257768,13.279999732971191,-14.550000190734863,11.869999885559082,-12.3100004196167,-3.054906773713423,4.324907231477095,-1.6449069263013136,2.084907460358931,-1.069217370799698,1.513717531016983,-0.5757174242054597,0.7297176111256257,-0.744954703290591,-0.14028522361384815,0.004835298340191356,-1.0320052564548154,-1,1,-1,1,-18,-18,-18,-18,-18,-18,-18,-18
1783308564.7256324,0.0,0.0,0.12,0.0,0.0,1,10.225092959257768,-10.225092959257768,10.225092959257768,-10.225092959257768,13.279999732971191,-14.550000190734863,11.869999885559082,-12.3100004196167,-3.054906773713423,4.324907231477095,-1.6449069263013136,2.084907460358931,-1.069217370799698,1.513717531016983,-0.5757174242054597,0.7297176111256257,-0.7724488642540118,-0.1013610585305543,-0.009968863996520468,-1.013241089311585,-1,1,-1,1,-18,-18,-18,-18,-18,-18,-18,-18
1783308564.7455933,0.0,0.0,0.12,0.0,0.0,1,10.225092959257768,-10.225092959257768,10.225092959257768,-10.225092959257768,13.369999885559082,-14.489999771118164,11.479999542236328,-13.369999885559082,-3.1449069263013136,4.264906811860396,-1.2549065829785597,3.1449069263013136,-1.1007174242054596,1.4927173841511383,-0.43921730404249587,1.1007174242054596,-0.8007530265907237,-0.06297689722381074,-0.021263023243327506,-0.9849369269748732,-1,1,-1,1,-18,-18,-18,-18,-18,-18,-18,-18
1783308564.765601,0.0,0.0,0.12,0.0,0.0,1,10.225092959257768,-10.225092959257768,10.225092959257768,-10.225092959257768,13.369999885559082,-14.489999771118164,11.479999542236328,-13.369999885559082,-3.1449069263013136,4.264906811860396,-1.2549065829785597,3.1449069263013136,-1.1007174242054596,1.4927173841511383,-0.43921730404249587,1.1007174242054596,-0.8290571889274355,-0.024592735917067177,-0.03255718249013455,-0.9566327646381614,-1,1,-1,1,-18,-18,-18,-18,-18,-18,-18,-18
1783308564.7856903,0.0,0.0,0.12,0.0,0.0,1,10.225092959257768,-10.225092959257768,10.225092959257768,-10.225092959257768,13.65999984741211,-14.899999618530273,11.430000305175781,-12.760000228881836,-3.434906888154341,4.674906659272505,-1.2049073459180129,2.5349072696240675,-1.2022174108540193,1.6362173307453767,-0.4217175710713045,0.8872175443684236,-0.8599713509208246,0.017481424016385375,-0.043401348603396665,-0.9338185992115448,-1,1,-1,1,-18,-18,-18,-18,-18,-18,-18,-18
1783308564.805603,0.0,0.0,0.12,0.0,0.0,1,10.225092959257768,-10.225092959257768,10.225092959257768,-10.225092959257768,13.65999984741211,-14.899999618530273,11.430000305175781,-12.760000228881836,-3.434906888154341,4.674906659272505,-1.2049073459180129,2.5349072696240675,-1.2022174108540193,1.6362173307453767,-0.4217175710713045,0.8872175443684236,-0.8908855129142136,0.059555583949837926,-0.05424551471665878,-0.9110044337849281,-1,1,-1,1,-18,-18,-18,-18,-18,-18,-18,-18
1783308564.8255975,0.0,0.0,0.12,0.0,0.0,1,10.225092959257768,-10.225092959257768,10.225092959257768,-10.225092959257768,13.65999984741211,-14.899999618530273,11.430000305175781,-12.760000228881836,-3.434906888154341,4.674906659272505,-1.2049073459180129,2.5349072696240675,-1.2022174108540193,1.6362173307453767,-0.4217175710713045,0.8872175443684236,-0.9217996749076026,0.10162974388329048,-0.06508968082992089,-0.8881902683583115,-1,1,-1,1,-18,-18,-18,-18,-18,-18,-18,-18
1783308564.8456657,0.0,0.0,0.12,0.0,0.0,1,10.225092959257768,-10.225092959257768,10.225092959257768,-10.225092959257768,14.09000015258789,-15.640000343322754,11.170000076293945,-12.550000190734863,-3.8649071933301222,5.4149073840649855,-0.9449071170361769,2.324907231477095,-1.3527175176655426,1.8952175844227448,-0.3307174909626619,0.8137175310169832,-0.9565838396475738,0.15036391033987534,-0.07359384488324648,-0.8672661032750176,-1,1,-1,1,-18,-18,-18,-18,-18,-18,-18,-18
1783308564.8655865,0.0,0.0,0.12,0.0,0.0,1,10.225092959257768,-10.225092959257768,10.225092959257768,-10.225092959257768,14.09000015258789,-15.640000343322754,11.170000076293945,-12.550000190734863,-3.8649071933301222,5.4149073840649855,-0.9449071170361769,2.324907231477095,-1.3527175176655426,1.8952175844227448,-0.3307174909626619,0.8137175310169832,-0.9913680043875449,0.19909807679646022,-0.08209800893657207,-0.8463419381917238,-1,1,-1,1,-18,-18,-18,-18,-18,-18,-18,-18
1783308564.8856783,0.0,0.0,0.12,0.0,0.0,1,10.225092959257768,-10.225092959257768,10.225092959257768,-10.225092959257768,14.850000381469727,-15.699999809265137,11.670000076293945,-12.640000343322754,-4.624907422211958,5.474906850007368,-1.444907117036177,2.4149073840649855,-1.6187175977741852,1.9162173975025787,-0.5057174909626619,0.8452175844227449,-1.0329921711874526,0.24837223844652653,-0.09510217298989766,-0.8246077717351389,-1,1,-1,1,-18,-18,-18,-18,-18,-18,-18,-18
1783308564.9056041,0.0,0.0,0.12,0.0,0.0,1,10.225092959257768,-10.225092959257768,10.225092959257768,-10.225092959257768,14.850000381469727,-15.699999809265137,11.670000076293945,-12.640000343322754,-4.624907422211958,5.474906850007368,-1.444907117036177,2.4149073840649855,-1.6187175977741852,1.9162173975025787,-0.5057174909626619,0.8452175844227449,-1.0746163379873601,0.2976464000965928,-0.10810633704322326,-0.802873605278554,-1,1,-1,1,-18,-18,-18,-18,-18,-18,-18,-18
1783308564.9255972,0.0,0.0,0.12,0.0,0.0,1,10.225092959257768,-10.225092959257768,10.225092959257768,-10.225092959257768,14.850000381469727,-15.699999809265137,11.670000076293945,-12.640000343322754,-4.624907422211958,5.474906850007368,-1.444907117036177,2.4149073840649855,-1.6187175977741852,1.9162173975025787,-0.5057174909626619,0.8452175844227449,-1.1162405047872677,0.34692056174665914,-0.12111050109654885,-0.7811394388219691,-1,1,-1,1,-18,-18,-18,-18,-18,-18,-18,-18
1783308564.9456306,0.0,0.0,0.12,0.0,0.0,1,10.225092959257768,-10.225092959257768,10.225092959257768,-10.225092959257768,14.920000076293945,-16.420000076293945,10.880000114440918,-12.470000267028809,-4.694907117036177,6.194907117036177,-0.6549071551831496,2.24490730777104,-1.6432174909626618,2.168217490962662,-0.22921750431410234,0.7857175577198641,-1.1584946688405933,0.40267472579998476,-0.1270046654931972,-0.7609352730520298,-1,1,-1,1,-18,-18,-18,-18,-18,-18,-18,-18
1783308564.9656014,0.0,0.0,0.12,0.0,0.0,1,10.225092959257768,-10.225092959257768,10.225092959257768,-10.225092959257768,14.920000076293945,-16.420000076293945,10.880000114440918,-12.470000267028809,-4.694907117036177,6.194907117036177,-0.6549071551831496,2.24490730777104,-1.6432174909626618,2.168217490962662,-0.22921750431410234,0.7857175577198641,-1.2007488328939189,0.4584288898533104,-0.13289882988984553,-0.7407311072820905,-1,1,-1,1,-18,-18,-18,-18,-18,-18,-18,-18
1783308564.98571,0.0,0.0,0.12,0.0,0.0,1,10.225092959257768,-10.225092959257768,10.225092959257768,-10.225092959257768,15.880000114440918,-16.700000762939453,10.5600004196167,-11.670000076293945,-5.65490715518315,6.474907803681685,-0.3349074603589308,1.444907117036177,-1.9792175043141023,2.2662177312885894,-0.11721761112562577,0.5057174909626619,-1.2516429972905672,0.5167030600864455,-0.1359129970330759,-0.7277269432287649,-1,1,-1,1,-18,-18,-18,-18,-18,-18,-18,-18
1783308565.0056067,0.0,0.0,0.12,0.0,0.0,1,10.225092959257768,-10.225092959257768,10.225092959257768,-10.225092959257768,15.880000114440918,-16.700000762939453,10.5600004196167,-11.670000076293945,-5.65490715518315,6.474907803681685,-0.3349074603589308,1.444907117036177,-1.9792175043141023,2.2662177312885894,-0.11721761112562577,0.5057174909626619,-1.3025371616872155,0.5749772303195807,-0.1389271641763063,-0.7147227791754392,-1,1,-1,1,-18,-18,-18,-18,-18,-18,-18,-18
1783308565.025585,0.0,0.0,0.12,0.0,0.0,1,10.225092959257768,-10.225092959257768,10.225092959257768,-10.225092959257768,15.880000114440918,-16.700000762939453,10.5600004196167,-11.670000076293945,-5.65490715518315,6.474907803681685,-0.3349074603589308,1.444907117036177,-1.9792175043141023,2.2662177312885894,-0.11721761112562577,0.5057174909626619,-1.3534313260838637,0.6332514005527159,-0.14194133131953668,-0.7017186151221136,-1,1,-1,1,-18,-18,-18,-18,-18,-18,-18,-18
1783308565.04567,0.0,0.0,0.12,0.0,0.0,1,10.225092959257768,-10.225092959257768,10.225092959257768,-10.225092959257768,16.100000381469727,-17.1299991607666,11.239999771118164,-10.890000343322754,-5.874907422211958,6.904906201508833,-1.0149068118603957,0.6649073840649855,-2.0562175977741854,2.4167171705280914,-0.35521738415113846,0.2327175844227449,-1.4063054928837713,0.6953955563662954,-0.15107549262628023,-0.6957344486655288,-1,1,-1,1,-18,-18,-18,-18,-18,-18,-18,-18
1783308565.0656261,0.0,0.0,0.12,0.0,0.0,1,10.225092959257768,-10.225092959257768,10.225092959257768,-10.225092959257768,16.100000381469727,-17.1299991607666,11.239999771118164,-10.890000343322754,-5.874907422211958,6.904906201508833,-1.0149068118603957,0.6649073840649855,-2.0562175977741854,2.4167171705280914,-0.35521738415113846,0.2327175844227449,-1.4591796596836788,0.7575397121798748,-0.16020965393302378,-0.689750282208944,-1,1,-1,1,-18,-18,-18,-18,-18,-18,-18,-18
1783308565.0857198,0.0,0.0,0.12,0.0,0.0,1,10.225092959257768,-10.225092959257768,10.225092959257768,-10.225092959257768,16.93000030517578,-16.969999313354492,10.8100004196167,-11.699999809265137,-6.704907345918013,6.744906354096724,-0.5849074603589308,1.4749068500073683,-2.3467175710713044,2.360717223933853,-0.20471761112562578,0.5162173975025789,-1.519523825796941,0.8182438693667453,-0.16547382107625416,-0.6764761205588776,-1,1,-1,1,-18,-18,-18,-18,-18,-18,-18,-18
1783308565.1055973,0.0,0.0,0.12,0.0,0.0,1,10.225092959257768,-10.225092959257768,10.225092959257768,-10.225092959257768,16.93000030517578,-16.969999313354492,10.8100004196167,-11.699999809265137,-6.704907345918013,6.744906354096724,-0.5849074603589308,1.4749068500073683,-2.3467175710713044,2.360717223933853,-0.20471761112562578,0.5162173975025789,-1.5798679919102032,0.8789480265536158,-0.17073798821948455,-0.6632019589088113,-1,1,-1,1,-18,-18,-18,-18,-18,-18,-18,-18
1783308565.1256294,0.0,0.0,0.12,0.0,0.0,1,10.225092959257768,-10.225092959257768,10.225092959257768,-10.225092959257768,16.93000030517578,-16.969999313354492,10.8100004196167,-11.699999809265137,-6.704907345918013,6.744906354096724,-0.5849074603589308,1.4749068500073683,-2.3467175710713044,2.360717223933853,-0.20471761112562578,0.5162173975025789,-1.6402121580234654,0.9396521837404863,-0.17600215536271493,-0.6499277972587449,-1,1,-1,1,-18,-18,-18,-18,-18,-18,-18,-18
1783308565.1456997,0.0,0.0,0.12,0.0,0.0,1,10.225092959257768,-10.225092959257768,10.225092959257768,-10.225092959257768,16.149999618530273,-16.6299991607666,10.510000228881836,-10.0,-5.924906659272505,6.404906201508833,-0.28490726962406754,-0.2250929592577684,-2.0737173307453767,2.2417171705280916,-0.09971754436842363,-0.07878253574021893,-1.693536317956918,0.9972963395540658,-0.17856632078933155,-0.6519536338920648,-1,1,-1,1,-18,-18,-18,-18,-18,-18,-18,-19
1783308565.1655986,0.0,0.0,0.12,0.0,0.0,1,10.225092959257768,-10.225092959257768,10.225092959257768,-10.225092959257768,16.149999618530273,-16.6299991607666,10.510000228881836,-10.0,-5.924906659272505,6.404906201508833,-0.28490726962406754,-0.2250929592577684,-2.0737173307453767,2.2417171705280916,-0.09971754436842363,-0.07878253574021893,-1.7468604778903707,1.0549404953676453,-0.18113048621594816,-0.6539794705253847,-1,1,-1,1,-18,-18,-18,-18,-18,-18,-18,-19
1783308565.1857243,0.0,0.0,0.12,0.0,0.0,1,10.225092959257768,-10.225092959257768,10.225092959257768,-10.225092959257768,16.290000915527344,-15.489999771118164,9.170000076293945,-7.900000095367432,-6.064907956269575,5.264906811860396,1.055092882963823,-2.3250928638903368,-2.122717784694351,1.8427173841511384,0.36928250903733806,-0.8137825023616179,-1.8014446494967968,1.102324656674389,-0.17163465026927374,-0.6749053063003978,-1,1,-1,1,-18,-18,-18,-18,-18,-18,-18,-19
1783308565.2056003,0.0,0.0,0.12,0.0,0.0,1,10.225092959257768,-10.225092959257768,10.225092959257768,-10.225092959257768,16.290000915527344,-15.489999771118164,9.170000076293945,-7.900000095367432,-6.064907956269575,5.264906811860396,1.055092882963823,-2.3250928638903368,-2.122717784694351,1.8427173841511384,0.36928250903733806,-0.8137825023616179,-1.856028821103223,1.1497088179811326,-0.16213881432259933,-0.6958311420754109,-1,1,-1,1,-18,-18,-18,-18,-18,-18,-18,-20
1783308565.2256432,0.0,0.0,0.12,0.0,0.0,1,10.225092959257768,-10.225092959257768,10.225092959257768,-10.225092959257768,16.290000915527344,-15.489999771118164,9.170000076293945,-7.900000095367432,-6.064907956269575,5.264906811860396,1.055092882963823,-2.3250928638903368,-2.122717784694351,1.8427173841511384,0.36928250903733806,-0.8137825023616179,-1.9106129927096491,1.1970929792878762,-0.15264297837592491,-0.7167569778504239,-1,1,-1,1,-18,-18,-18,-18,-18,-18,-18,-20
1783308565.245601,0.0,0.0,0.12,0.0,0.0,1,10.225092959257768,-10.225092959257768,10.225092959257768,-10.225092959257768,16.610000610351562,-14.920000076293945,8.680000305175781,-6.670000076293945,-6.384907651093794,4.694907117036177,1.5450926540819871,-3.555092882963823,-2.234717677882828,1.6432174909626618,0.5407824289286954,-1.244282509037338,-1.9680771615694932,1.2393471433412018,-0.13873714448918703,-0.7487528137970983,-1,1,-1,1,-18,-18,-18,-18,-18,-18,-18,-20
1783308565.2656405,0.0,0.0,0.12,0.0,0.0,1,10.225092959257768,-10.225092959257768,10.225092959257768,-10.225092959257768,16.610000610351562,-14.920000076293945,8.680000305175781,-6.670000076293945,-6.384907651093794,4.694907117036177,1.5450926540819871,-3.555092882963823,-2.234717677882828,1.6432174909626618,0.5407824289286954,-1.244282509037338,-2.0255413304293373,1.2816013073945274,-0.12483131060244915,-0.7807486497437728,-1,1,-1,1,-18,-18,-18,-18,-18,-18,-18,-20
1783308565.2856789,0.0,0.0,0.12,0.0,0.0,1,10.225092959257768,-10.225092959257768,10.225092959257768,-10.225092959257768,16.610000610351562,-14.289999961853027,8.569999694824219,-5.570000171661377,-6.384907651093794,4.064907002595259,1.6550932644335496,-4.6550927875963914,-2.234717677882828,1.4227174509083405,0.5792826425517423,-1.629282475658737,-2.0830054992891816,1.3181854704178848,-0.1099354712225472,-0.8226444848321403,-1,1,-1,1,-18,-18,-18,-18,-18,-18,-18,-20
1783308565.3055956,0.0,0.0,0.12,0.0,0.0,1,10.225092959257768,-10.225092959257768,10.225092959257768,-10.225092959257768,16.610000610351562,-14.289999961853027,8.569999694824219,-5.570000171661377,-6.384907651093794,4.064907002595259,1.6550932644335496,-4.6550927875963914,-2.234717677882828,1.4227174509083405,0.5792826425517423,-1.629282475658737,-2.140469668149026,1.3547696334412422,-0.09503963184264524,-0.8645403199205077,-1,1,-1,1,-18,-18,-18,-18,-18,-18,-18,-20
1783308565.3256366,0.0,0.0,0.12,0.0,0.0,1,10.225092959257768,-10.225092959257768,10.225092959257768,-10.225092959257768,16.610000610351562,-14.289999961853027,8.569999694824219,-5.570000171661377,-6.384907651093794,4.064907002595259,1.6550932644335496,-4.6550927875963914,-2.234717677882828,1.4227174509083405,0.5792826425517423,-1.629282475658737,-2.19793383700887,1.3913537964645997,-0.0801437924627433,-0.9064361550088752,-1,1,-1,1,-18,-18,-18,-18,-18,-18,-18,-21
1783308565.34563,0.0,0.0,0.12,0.0,0.0,1,10.225092959257768,-10.225092959257768,10.225092959257768,-10.225092959257768,16.149999618530273,-13.850000381469727,7.809999942779541,-5.260000228881836,-5.924906659272505,3.624907422211958,2.4150930164782274,-4.9650927303759325,-2.0737173307453767,1.2687175977741854,0.8452825557673795,-1.7377824556315762,-2.2512579969423228,1.4239779632645073,-0.05840795531443924,-0.9511219895822586,-1,1,-1,1,-18,-18,-18,-18,-18,-18,-19,-21
1783308565.365641,0.0,0.0,0.12,0.0,0.0,1,10.225092959257768,-10.225092959257768,10.225092959257768,-10.225092959257768,16.149999618530273,-13.850000381469727,7.809999942779541,-5.260000228881836,-5.924906659272505,3.624907422211958,2.4150930164782274,-4.9650927303759325,-2.0737173307453767,1.2687175977741854,0.8452825557673795,-1.7377824556315762,-2.3045821568757754,1.456602130064415,-0.03667211816613519,-0.995807824155642,-1,1,-1,1,-18,-18,-18,-18,-18,-18,-19,-21
1783308565.3856578,0.0,0.0,0.12,0.0,0.0,1,10.225092959257768,-10.225092959257768,10.225092959257768,-10.225092959257768,14.699999809265137,-13.319999694824219,7.050000190734863,-5.269999980926514,-4.474906850007368,3.0949067355664504,3.175092768522905,-4.955092978331255,-1.5662173975025788,1.0832173574482575,1.1112824689830167,-1.7342825424159392,-2.3448563185258418,1.4844562906845131,-0.008096283249429043,-1.0404036609606233,-1,1,-1,1,-18,-18,-18,-18,-18,-18,-19,-21
1783308565.4056058,0.0,0.0,0.12,0.0,0.0,1,10.225092959257768,-10.225092959257768,10.225092959257768,-10.225092959257768,14.699999809265137,-13.319999694824219,7.050000190734863,-5.269999980926514,-4.474906850007368,3.0949067355664504,3.175092768522905,-4.955092978331255,-1.5662173975025788,1.0832173574482575,1.1112824689830167,-1.7342825424159392,-2.385130480175908,1.5123104513046113,0.020479551667277107,-1.0849994977656046,-1,1,-1,1,-18,-18,-18,-18,-18,-18,-19,-21
1783308565.425595,0.0,0.0,0.12,0.0,0.0,1,10.225092959257768,-10.225092959257768,10.225092959257768,-10.225092959257768,14.699999809265137,-13.319999694824219,7.050000190734863,-5.269999980926514,-4.474906850007368,3.0949067355664504,3.175092768522905,-4.955092978331255,-1.5662173975025788,1.0832173574482575,1.1112824689830167,-1.7342825424159392,-2.4254046418259745,1.5401646119247094,0.04905538658398326,-1.1295953345705858,-1,1,-1,1,-18,-18,-18,-18,-18,-18,-19,-21
1783308565.445634,0.0,0.0,0.12,0.0,0.0,1,10.225092959257768,-10.225092959257768,10.225092959257768,-10.225092959257768,14.140000343322754,-13.399999618530273,6.96999979019165,-6.179999828338623,-3.9149073840649855,3.174906659272505,3.255093169066118,-4.045093130919145,-1.3702175844227449,1.1112173307453768,1.1392826091731412,-1.4157825958217007,-2.4606388082825594,1.568738771858162,0.07835122510557832,-1.1660011727488582,-1,1,-1,1,-18,-18,-18,-18,-18,-18,-19,-21
1783308565.465644,0.0,0.0,0.12,0.0,0.0,1,10.225092959257768,-10.225092959257768,10.225092959257768,-10.225092959257768,14.140000343322754,-13.399999618530273,6.96999979019165,-6.179999828338623,-3.9149073840649855,3.174906659272505,3.255093169066118,-4.045093130919145,-1.3702175844227449,1.1112173307453768,1.1392826091731412,-1.4157825958217007,-2.4958729747391444,1.5973129317916146,0.10764706362717338,-1.2024070109271305,-1,1,-1,1,-18,-18,-18,-18,-18,-18,-19,-21
1783308565.4856563,0.0,0.0,0.12,0.0,0.0,1,10.225092959257768,-10.225092959257768,10.225092959257768,-10.225092959257768,13.520000457763672,-12.779999732971191,7.599999904632568,-6.809999942779541,-3.2949074985059035,2.554906773713423,2.6250930546252,-3.4150930164782274,-1.1532176244770662,0.894217370799698,0.91878256911882,-1.1952825557673794,-2.5255271422256973,1.6203070927550354,0.1312729011188002,-1.2331428480754345,-1,1,-1,1,-18,-18,-18,-18,-18,-18,-19,-20
1783308565.5056064,0.0,0.0,0.12,0.0,0.0,1,10.225092959257768,-10.225092959257768,10.225092959257768,-10.225092959257768,13.520000457763672,-12.779999732971191,7.599999904632568,-6.809999942779541,-3.2949074985059035,2.554906773713423,2.6250930546252,-3.4150930164782274,-1.1532176244770662,0.894217370799698,0.91878256911882,-1.1952825557673794,-2.55518130971225,1.6433012537184561,0.154898738610427,-1.2638786852237385,-1,1,-1,1,-18,-18,-18,-18,-18,-18,-19,-20
1783308565.5255888,0.0,0.0,0.12,0.0,0.0,1,10.225092959257768,-10.225092959257768,10.225092959257768,-10.225092959257768,13.520000457763672,-12.779999732971191,7.599999904632568,-6.809999942779541,-3.2949074985059035,2.554906773713423,2.6250930546252,-3.4150930164782274,-1.1532176244770662,0.894217370799698,0.91878256911882,-1.1952825557673794,-2.584835477198803,1.666295414681877,0.1785245761020538,-1.2946145223720424,-1,1,-1,1,-18,-18,-18,-18,-18,-18,-19,-20
1783308565.5456588,0.0,0.0,0.12,0.0,0.0,1,10.225092959257768,-10.225092959257768,10.225092959257768,-10.225092959257768,13.09000015258789,-12.789999961853027,8.720000267028809,-7.710000038146973,-2.8649071933301222,2.564907002595259,1.5050926922289598,-2.5150929211107957,-1.0027175176655427,0.8977174509083405,0.5267824422801359,-0.8802825223887785,-2.6106196419387744,1.6893795777052343,0.19207041033211444,-1.3172503586620397,-1,1,-1,1,-18,-18,-18,-18,-18,-18,-19,-20
1783308565.5655863,0.0,0.0,0.12,0.0,0.0,1,10.225092959257768,-10.225092959257768,10.225092959257768,-10.225092959257768,13.09000015258789,-12.789999961853027,8.720000267028809,-7.710000038146973,-2.8649071933301222,2.564907002595259,1.5050926922289598,-2.5150929211107957,-1.0027175176655427,0.8977174509083405,0.5267824422801359,-0.8802825223887785,-2.6364038066787456,1.7124637407285916,0.2056162445621751,-1.3398861949520369,-1,1,-1,1,-18,-18,-18,-18,-18,-18,-19,-20
1783308565.5856884,0.0,0.0,0.12,0.0,0.0,1,10.225092959257768,-10.225092959257768,10.225092959257768,-10.225092959257768,12.5600004196167,-12.350000381469727,9.039999961853027,-7.659999847412109,-2.334907460358931,2.124907422211958,1.185092997404741,-2.565093111845659,-0.8172176111256257,0.7437175977741853,0.41478254909165935,-0.8977825891459806,-2.657417973821976,1.7315879075284992,0.21628208153881776,-1.3629720329586479,-1,1,-1,1,-18,-18,-18,-18,-18,-18,-19,-20
1783308565.6055946,0.0,0.0,0.12,0.0,0.0,1,10.225092959257768,-10.225092959257768,10.225092959257768,-10.225092959257768,12.5600004196167,-12.350000381469727,9.039999961853027,-7.659999847412109,-2.334907460358931,2.124907422211958,1.185092997404741,-2.565093111845659,-0.8172176111256257,0.7437175977741853,0.41478254909165935,-0.8977825891459806,-2.6784321409652065,1.7507120743284068,0.22694791851546042,-1.386057870965259,-1,1,-1,1,-18,-18,-18,-18,-18,-18,-19,-20
1783308565.6256087,0.0,0.0,0.12,0.0,0.0,1,10.225092959257768,-10.225092959257768,10.225092959257768,-10.225092959257768,12.5600004196167,-12.350000381469727,9.039999961853027,-7.659999847412109,-2.334907460358931,2.124907422211958,1.185092997404741,-2.565093111845659,-0.8172176111256257,0.7437175977741853,0.41478254909165935,-0.8977825891459806,-2.699446308108437,1.7698362411283144,0.2376137554921031,-1.40914370897187,-1,1,-1,1,-18,-18,-18,-18,-18,-18,-19,-20
1783308565.6456513,0.0,0.0,0.12,0.0,0.0,1,10.225092959257768,-10.225092959257768,10.225092959257768,-10.225092959257768,13.09000015258789,-12.270000457763672,9.050000190734863,-8.3100004196167,-2.8649071933301222,2.0449074985059035,1.1750927685229051,-1.9150925396410692,-1.0027175176655427,0.7157176244770662,0.4112824689830168,-0.6702823888743742,-2.7252304728484082,1.7882404086148675,0.24818959040880922,-1.4263795418286396,-1,1,-1,1,-18,-18,-18,-18,-18,-18,-19,-20
1783308565.6655946,0.0,0.0,0.12,0.0,0.0,1,10.225092959257768,-10.225092959257768,10.225092959257768,-10.225092959257768,13.09000015258789,-12.270000457763672,9.050000190734863,-8.3100004196167,-2.8649071933301222,2.0449074985059035,1.1750927685229051,-1.9150925396410692,-1.0027175176655427,0.7157176244770662,0.4112824689830168,-0.6702823888743742,-2.7510146375883795,1.8066445761014207,0.2587654253255154,-1.4436153746854092,-1,1,-1,1,-18,-18,-18,-18,-18,-18,-19,-20
1783308565.6857314,0.0,0.0,0.12,0.0,0.0,1,10.225092959257768,-10.225092959257768,10.225092959257768,-10.225092959257768,12.329999923706055,-11.979999542236328,10.180000305175781,-8.529999732971191,-2.1049069644482863,1.7549065829785597,0.04509265408198715,-1.695093226286577,-0.7367174375569001,0.6142173040424959,0.0157824289286955,-0.593282629200302,-2.769958800268414,1.8224387353482276,0.25917125921225326,-1.4588712137219884,-1,1,-1,1,-18,-18,-18,-18,-18,-18,-18,-20
1783308565.7055905,0.0,0.0,0.12,0.0,0.0,1,10.225092959257768,-10.225092959257768,10.225092959257768,-10.225092959257768,12.329999923706055,-11.979999542236328,10.180000305175781,-8.529999732971191,-2.1049069644482863,1.7549065829785597,0.04509265408198715,-1.695093226286577,-0.7367174375569001,0.6142173040424959,0.0157824289286955,-0.593282629200302,-2.7889029629484487,1.8382328945950346,0.25957709309899113,-1.4741270527585675,-1,1,-1,1,-18,-18,-18,-18,-18,-18,-18,-20
1783308565.7255964,0.0,0.0,0.12,0.0,0.0,1,10.225092959257768,-10.225092959257768,10.225092959257768,-10.225092959257768,12.329999923706055,-11.979999542236328,10.180000305175781,-8.529999732971191,-2.1049069644482863,1.7549065829785597,0.04509265408198715,-1.695093226286577,-0.7367174375569001,0.6142173040424959,0.0157824289286955,-0.593282629200302,-2.8078471256284834,1.8540270538418415,0.259982926985729,-1.4893828917951466,-1,1,-1,1,-18,-18,-18,-18,-18,-18,-18,-20
1783308565.7456033,0.0,0.0,0.12,0.0,0.0,1,10.225092959257768,-10.225092959257768,10.225092959257768,-10.225092959257768,12.710000038146973,-11.5600004196167,9.619999885559082,-8.010000228881836,-2.4849070788892043,1.3349074603589308,0.6050930736986864,-2.2150927303759325,-0.8697174776112214,0.46721761112562576,0.2117825757945402,-0.7752824556315763,-2.8302112893384863,1.8660412209850719,0.26542876464901716,-1.50931872636853,-1,1,-1,1,-18,-18,-18,-18,-18,-18,-18,-20
1783308565.765604,0.0,0.0,0.12,0.0,0.0,1,10.225092959257768,-10.225092959257768,10.225092959257768,-10.225092959257768,12.710000038146973,-11.5600004196167,9.619999885559082,-8.010000228881836,-2.4849070788892043,1.3349074603589308,0.6050930736986864,-2.2150927303759325,-0.8697174776112214,0.46721761112562576,0.2117825757945402,-0.7752824556315763,-2.8525754530484893,1.8780553881283022,0.2708746023123053,-1.5292545609419133,-1,1,-1,1,-18,-18,-18,-18,-18,-18,-18,-20
1783308565.7857594,0.0,0.0,0.12,0.0,0.0,1,10.225092959257768,-10.225092959257768,10.225092959257768,-10.225092959257768,12.970000267028809,-11.489999771118164,9.220000267028809,-7.190000057220459,-2.74490730777104,1.2649068118603957,1.0050926922289598,-3.0350929020373094,-0.960717557719864,0.4427173841511384,0.3517824422801359,-1.0622825157130582,-2.8772796188184286,1.8894395494350458,0.2799204365423659,-1.5565703970602491,-1,1,-1,1,-18,-18,-18,-18,-18,-18,-19,-21
1783308565.8055909,0.0,0.0,0.12,0.0,0.0,1,10.225092959257768,-10.225092959257768,10.225092959257768,-10.225092959257768,12.970000267028809,-11.489999771118164,9.220000267028809,-7.190000057220459,-2.74490730777104,1.2649068118603957,1.0050926922289598,-3.0350929020373094,-0.960717557719864,0.4427173841511384,0.3517824422801359,-1.0622825157130582,-2.901983784588368,1.9008237107417894,0.28896627077242654,-1.583886233178585,-1,1,-1,1,-18,-18,-18,-18,-18,-18,-19,-21
1783308565.8256001,0.0,0.0,0.12,0.0,0.0,1,10.225092959257768,-10.225092959257768,10.225092959257768,-10.225092959257768,12.970000267028809,-11.489999771118164,9.220000267028809,-7.190000057220459,-2.74490730777104,1.2649068118603957,1.0050926922289598,-3.0350929020373094,-0.960717557719864,0.4427173841511384,0.3517824422801359,-1.0622825157130582,-2.9266879503583074,1.912207872048533,0.29801210500248715,-1.611202069296921,-1,1,-1,1,-18,-18,-18,-18,-18,-18,-19,-21
1783308565.8455958,0.0,0.0,0.12,0.0,0.0,1,10.225092959257768,-10.225092959257768,10.225092959257768,-10.225092959257768,12.479999542236328,-11.210000038146973,8.720000267028809,-7.070000171661377,-2.2549065829785597,0.9849070788892043,1.5050926922289598,-3.1550927875963914,-0.7892173040424959,0.34471747761122146,0.5267824422801359,-1.1042824756587368,-2.9469821096051145,1.9210720357585358,0.31155793923254776,-1.6395979043852884,-1,1,-1,1,-18,-18,-18,-18,-18,-18,-19,-21
1783308565.8655958,0.0,0.0,0.12,0.0,0.0,1,10.225092959257768,-10.225092959257768,10.225092959257768,-10.225092959257768,12.479999542236328,-11.210000038146973,8.720000267028809,-7.070000171661377,-2.2549065829785597,0.9849070788892043,1.5050926922289598,-3.1550927875963914,-0.7892173040424959,0.34471747761122146,0.5267824422801359,-1.1042824756587368,-2.9672762688519216,1.9299361994685387,0.3251037734626084,-1.667993739473656,-1,1,-1,1,-18,-18,-18,-18,-18,-18,-19,-21
1783308565.8856661,0.0,0.0,0.12,0.0,0.0,1,10.225092959257768,-10.225092959257768,10.225092959257768,-10.225092959257768,11.220000267028809,-10.5600004196167,9.729999542236328,-8.350000381469727,-0.9949073077710402,0.3349074603589308,0.4950934170214403,-1.8750925777880418,-0.34821755771986407,0.11721761112562577,0.1732826959575041,-0.6562824022258146,-2.976230434621861,1.932950366611769,0.3295596142158013,-1.6848695726737484,-1,1,-1,1,-18,-18,-18,-18,-18,-18,-19,-20
1783308565.9056664,0.0,0.0,0.12,0.0,0.0,1,10.225092959257768,-10.225092959257768,10.225092959257768,-10.225092959257768,11.220000267028809,-10.5600004196167,9.729999542236328,-8.350000381469727,-0.9949073077710402,0.3349074603589308,0.4950934170214403,-1.8750925777880418,-0.34821755771986407,0.11721761112562577,0.1732826959575041,-0.6562824022258146,-2.9851846003918,1.9359645337549996,0.33401545496899426,-1.7017454058738408,-1,1,-1,1,-18,-18,-18,-18,-18,-18,-19,-20
1783308565.925652,0.0,0.0,0.12,0.0,0.0,1,10.225092959257768,-10.225092959257768,10.225092959257768,-10.225092959257768,11.220000267028809,-10.5600004196167,9.729999542236328,-8.350000381469727,-0.9949073077710402,0.3349074603589308,0.4950934170214403,-1.8750925777880418,-0.34821755771986407,0.11721761112562577,0.1732826959575041,-0.6562824022258146,-2.9941387661617394,1.93897870089823,0.3384712957221872,-1.7186212390739333,-1,1,-1,1,-18,-18,-18,-18,-18,-18,-19,-20
1783308565.9456134,0.0,0.0,0.12,0.0,0.0,1,10.225092959257768,-10.225092959257768,10.225092959257768,-10.225092959257768,11.25,-10.569999694824219,10.65999984741211,-9.6899995803833,-1.0249070407422316,0.34490673556645035,-0.434906888154341,-0.5350933788744676,-0.358717464259781,0.12071735744825761,-0.15221741085401932,-0.18728268260606365,-3.0033629295284197,1.942082861518328,0.33455713372879814,-1.7234370794838034,-1,1,-1,1,-18,-18,-18,-18,-18,-18,-18,-20
1783308565.9655998,0.0,0.0,0.12,0.0,0.0,1,10.225092959257768,-10.225092959257768,10.225092959257768,-10.225092959257768,11.25,-10.569999694824219,10.65999984741211,-9.6899995803833,-1.0249070407422316,0.34490673556645035,-0.434906888154341,-0.5350933788744676,-0.358717464259781,0.12071735744825761,-0.15221741085401932,-0.18728268260606365,-3.0125870928951,1.9451870221384262,0.3306429717354091,-1.7282529198936736,-1,1,-1,1,-18,-18,-18,-18,-18,-18,-18,-20
1783308565.9856684,0.0,0.0,0.12,0.0,0.0,1,10.225092959257768,-10.225092959257768,10.225092959257768,-10.225092959257768,11.050000190734863,-10.789999961853027,11.3100004196167,-10.180000305175781,-0.8249072314770949,0.564907002595259,-1.0849074603589308,-0.04509265408198715,-0.28871753101698316,0.19771745090834061,-0.37971761112562574,-0.0157824289286955,-3.020011257978394,1.9502711851617835,0.3208788045921787,-1.7286587537804115,-1,1,-1,1,-18,-18,-18,-18,-18,-18,-18,-20
1783308566.0055902,0.0,0.0,0.12,0.0,0.0,1,10.225092959257768,-10.225092959257768,10.225092959257768,-10.225092959257768,11.050000190734863,-10.789999961853027,11.3100004196167,-10.180000305175781,-0.8249072314770949,0.564907002595259,-1.0849074603589308,-0.04509265408198715,-0.28871753101698316,0.19771745090834061,-0.37971761112562574,-0.0157824289286955,-3.027435423061688,1.955355348185141,0.31111463744894835,-1.7290645876671493,-1,1,-1,1,-18,-18,-18,-18,-18,-18,-18,-20
1783308566.0256417,0.0,0.0,0.12,0.0,0.0,1,10.225092959257768,-10.225092959257768,10.225092959257768,-10.225092959257768,11.050000190734863,-10.789999961853027,11.3100004196167,-10.180000305175781,-0.8249072314770949,0.564907002595259,-1.0849074603589308,-0.04509265408198715,-0.28871753101698316,0.19771745090834061,-0.37971761112562574,-0.0157824289286955,-3.034859588144982,1.9604395112084982,0.301350470305718,-1.7294704215538872,-1,1,-1,1,-18,-18,-18,-18,-18,-18,-18,-20
1783308566.0455961,0.0,0.0,0.12,0.0,0.0,1,10.225092959257768,-10.225092959257768,10.225092959257768,-10.225092959257768,11.579999923706055,-10.949999809265137,11.539999961853027,-10.520000457763672,-1.3549069644482863,0.7249068500073683,-1.314907002595259,0.2949074985059035,-0.47421743755690016,0.2537173975025789,-0.4602174509083406,0.10321762447706621,-3.0470537508250164,1.9669636728585647,0.28951630728236066,-1.726816254067334,-1,1,-1,1,-18,-18,-18,-18,-18,-18,-18,-20
1783308566.0656621,0.0,0.0,0.12,0.0,0.0,1,10.225092959257768,-10.225092959257768,10.225092959257768,-10.225092959257768,11.579999923706055,-10.949999809265137,11.539999961853027,-10.520000457763672,-1.3549069644482863,0.7249068500073683,-1.314907002595259,0.2949074985059035,-0.47421743755690016,0.2537173975025789,-0.4602174509083406,0.10321762447706621,-3.0592479135050508,1.973487834508631,0.27768214425900334,-1.7241620865807807,-1,1,-1,1,-18,-18,-18,-18,-18,-18,-18,-20
1783308566.0856442,0.0,0.0,0.12,0.0,0.0,1,10.225092959257768,-10.225092959257768,10.225092959257768,-10.225092959257768,12.859999656677246,-12.1899995803833,11.930000305175781,-10.989999771118164,-2.6349066974194777,1.9649066211255324,-1.7049073459180129,0.7649068118603957,-0.9222173440968171,0.6877173173939363,-0.5967175710713044,0.26771738415113844,-3.082962073781826,1.991171994098761,0.2623379781457412,-1.717277925274037,-1,1,-1,1,-18,-18,-18,-18,-18,-18,-18,-19
1783308566.105601,0.0,0.0,0.12,0.0,0.0,1,10.225092959257768,-10.225092959257768,10.225092959257768,-10.225092959257768,12.859999656677246,-12.1899995803833,11.930000305175781,-10.989999771118164,-2.6349066974194777,1.9649066211255324,-1.7049073459180129,0.7649068118603957,-0.9222173440968171,0.6877173173939363,-0.5967175710713044,0.26771738415113844,-3.1066762340586016,2.0088561536888907,0.2469938120324791,-1.7103937639672935,-1,1,-1,1,-18,-18,-18,-18,-18,-18,-18,-19
1783308566.1256006,0.0,0.0,0.12,0.0,0.0,1,10.225092959257768,-10.225092959257768,10.225092959257768,-10.225092959257768,12.859999656677246,-12.1899995803833,11.930000305175781,-10.989999771118164,-2.6349066974194777,1.9649066211255324,-1.7049073459180129,0.7649068118603957,-0.9222173440968171,0.6877173173939363,-0.5967175710713044,0.26771738415113844,-3.130390394335377,2.0265403132790203,0.231649645919217,-1.7035096026605498,-1,1,-1,1,-18,-18,-18,-18,-18,-18,-18,-19
1783308566.1456466,0.0,0.0,0.12,0.0,0.0,1,10.225092959257768,-10.225092959257768,10.225092959257768,-10.225092959257768,13.3100004196167,-12.609999656677246,11.739999771118164,-11.09000015258789,-3.084907460358931,2.3849066974194777,-1.5149068118603957,0.8649071933301222,-1.0797176111256257,0.8347173440968172,-0.5302173841511384,0.3027175176655428,-3.1581545614786073,2.0480044735557956,0.21801548461247344,-1.6957254379205788,-1,1,-1,1,-18,-18,-18,-18,-18,-18,-18,-19
1783308566.1657214,0.0,0.0,0.12,0.0,0.0,1,10.225092959257768,-10.225092959257768,10.225092959257768,-10.225092959257768,13.3100004196167,-12.609999656677246,11.739999771118164,-11.09000015258789,-3.084907460358931,2.3849066974194777,-1.5149068118603957,0.8649071933301222,-1.0797176111256257,0.8347173440968172,-0.5302173841511384,0.3027175176655428,-3.1859187286218376,2.069468633832571,0.2043813233057299,-1.6879412731806078,-1,1,-1,1,-18,-18,-18,-18,-18,-18,-18,-19
1783308566.1856782,0.0,0.0,0.12,0.0,0.0,1,10.225092959257768,-10.225092959257768,10.225092959257768,-10.225092959257768,13.390000343322754,-12.899999618530273,12.75,-11.609999656677246,-3.1649073840649855,2.674906659272505,-2.5249070407422316,1.3849066974194777,-1.107717584422745,0.9362173307453767,-0.883717464259781,0.48471734409681716,-3.2144028950784223,2.0935427937660234,0.1816571599390498,-1.6754771129038326,-1,1,-1,1,-18,-18,-18,-18,-18,-18,-18,-19
1783308566.2056618,0.0,0.0,0.12,0.0,0.0,1,10.225092959257768,-10.225092959257768,10.225092959257768,-10.225092959257768,13.390000343322754,-12.899999618530273,12.75,-11.609999656677246,-3.1649073840649855,2.674906659272505,-2.5249070407422316,1.3849066974194777,-1.107717584422745,0.9362173307453767,-0.883717464259781,0.48471734409681716,-3.242887061535007,2.117616953699476,0.1589329965723697,-1.6630129526270574,-1,1,-1,1,-18,-18,-18,-18,-18,-18,-18,-19
1783308566.2256048,0.0,0.0,0.12,0.0,0.0,1,10.225092959257768,-10.225092959257768,10.225092959257768,-10.225092959257768,13.390000343322754,-12.899999618530273,12.75,-11.609999656677246,-3.1649073840649855,2.674906659272505,-2.5249070407422316,1.3849066974194777,-1.107717584422745,0.9362173307453767,-0.883717464259781,0.48471734409681716,-3.2713712279915916,2.141691113632928,0.1362088332056896,-1.6505487923502822,-1,1,-1,1,-18,-18,-18,-18,-18,-18,-18,-19
1783308566.245599,0.0,0.0,0.12,0.0,0.0,1,10.225092959257768,-10.225092959257768,10.225092959257768,-10.225092959257768,13.899999618530273,-12.880000114440918,13.449999809265137,-12.199999809265137,-3.674906659272505,2.6549071551831496,-3.2249068500073683,1.9749068500073683,-1.2862173307453766,0.9292175043141023,-1.1287173975025788,0.6912173975025788,-3.3044453879250444,2.1655852780295763,0.10718467155562329,-1.6327746307002158,-1,1,-1,1,-18,-18,-18,-18,-18,-18,-18,-19
1783308566.265691,0.0,0.0,0.12,0.0,0.0,1,10.225092959257768,-10.225092959257768,10.225092959257768,-10.225092959257768,13.899999618530273,-12.880000114440918,13.449999809265137,-12.199999809265137,-3.674906659272505,2.6549071551831496,-3.2249068500073683,1.9749068500073683,-1.2862173307453766,0.9292175043141023,-1.1287173975025788,0.6912173975025788,-3.337519547858497,2.1894794424262245,0.07816050990555698,-1.6150004690501494,-1,1,-1,1,-18,-18,-18,-18,-18,-18,-18,-19
1783308566.2856798,0.0,0.0,0.12,0.0,0.0,1,10.225092959257768,-10.225092959257768,10.225092959257768,-10.225092959257768,14.029999732971191,-12.40999984741211,13.720000267028809,-12.15999984741211,-3.804906773713423,2.184906888154341,-3.49490730777104,1.934906888154341,-1.3317173707996979,0.7647174108540193,-1.223217557719864,0.6772174108540193,-3.371763708821918,2.2091436044196135,0.04670634413561762,-1.5975863070567604,-1,1,-1,1,-18,-18,-18,-18,-18,-18,-18,-19
1783308566.3056092,0.0,0.0,0.12,0.0,0.0,1,10.225092959257768,-10.225092959257768,10.225092959257768,-10.225092959257768,14.029999732971191,-12.40999984741211,13.720000267028809,-12.15999984741211,-3.804906773713423,2.184906888154341,-3.49490730777104,1.934906888154341,-1.3317173707996979,0.7647174108540193,-1.223217557719864,0.6772174108540193,-3.406007869785339,2.2288077664130026,0.015252178365678257,-1.5801721450633714,-1,1,-1,1,-18,-18,-18,-18,-18,-18,-18,-19
1783308566.3255918,0.0,0.0,0.12,0.0,0.0,1,10.225092959257768,-10.225092959257768,10.225092959257768,-10.225092959257768,14.029999732971191,-12.40999984741211,13.720000267028809,-12.15999984741211,-3.804906773713423,2.184906888154341,-3.49490730777104,1.934906888154341,-1.3317173707996979,0.7647174108540193,-1.223217557719864,0.6772174108540193,-3.44025203074876,2.2484719284063917,-0.016201987404261105,-1.5627579830699825,-1,1,-1,1,-18,-18,-18,-18,-18,-18,-18,-19
1783308566.3457253,0.0,0.0,0.12,0.0,0.0,1,10.225092959257768,-10.225092959257768,10.225092959257768,-10.225092959257768,14.350000381469727,-13.220000267028809,13.90999984741211,-12.359999656677246,-4.124907422211958,2.99490730777104,-3.684906888154341,2.1349066974194777,-1.4437175977741852,1.048217557719864,-1.2897174108540193,0.7472173440968172,-3.4773761975486677,2.275426094176331,-0.049366149397650175,-1.5435438227932072,-1,1,-1,1,-18,-18,-18,-18,-18,-18,-18,-19
1783308566.3656142,0.0,0.0,0.12,0.0,0.0,1,10.225092959257768,-10.225092959257768,10.225092959257768,-10.225092959257768,14.350000381469727,-13.220000267028809,13.90999984741211,-12.359999656677246,-4.124907422211958,2.99490730777104,-3.684906888154341,2.1349066974194777,-1.4437175977741852,1.048217557719864,-1.2897174108540193,0.7472173440968172,-3.5145003643485753,2.3023802599462706,-0.08253031139103925,-1.524329662516432,-1,1,-1,1,-18,-18,-18,-18,-18,-18,-18,-19
1783308566.385673,0.0,0.0,0.12,0.0,0.0,1,10.225092959257768,-10.225092959257768,10.225092959257768,-10.225092959257768,14.569999694824219,-13.329999923706055,13.359999656677246,-12.960000038146973,-4.34490673556645,3.1049069644482863,-3.1349066974194777,2.7349070788892043,-1.5207173574482575,1.0867174375569002,-1.0972173440968171,0.9572174776112214,-3.5536045249686734,2.330324422626305,-0.11074447166781455,-1.4997154988064292,-1,1,-1,1,-18,-18,-18,-18,-18,-18,-18,-19
1783308566.4056003,0.0,0.0,0.12,0.0,0.0,1,10.225092959257768,-10.225092959257768,10.225092959257768,-10.225092959257768,14.569999694824219,-13.329999923706055,13.359999656677246,-12.960000038146973,-4.34490673556645,3.1049069644482863,-3.1349066974194777,2.7349070788892043,-1.5207173574482575,1.0867174375569002,-1.0972173440968171,0.9572174776112214,-3.5927086855887715,2.3582685853063396,-0.13895863194458985,-1.4751013350964264,-1,1,-1,1,-18,-18,-18,-18,-18,-18,-18,-19
1783308566.4256003,0.0,0.0,0.12,0.0,0.0,1,10.225092959257768,-10.225092959257768,10.225092959257768,-10.225092959257768,14.569999694824219,-13.329999923706055,13.359999656677246,-12.960000038146973,-4.34490673556645,3.1049069644482863,-3.1349066974194777,2.7349070788892043,-1.5207173574482575,1.0867174375569002,-1.0972173440968171,0.9572174776112214,-3.6318128462088697,2.386212747986374,-0.16717279222136516,-1.4504871713864236,-1,1,-1,1,-18,-18,-18,-18,-18,-18,-18,-18
1783308566.4456084,0.0,0.0,0.12,0.0,0.0,1,10.225092959257768,-10.225092959257768,10.225092959257768,-10.225092959257768,13.819999694824219,-12.949999809265137,13.649999618530273,-12.6899995803833,-3.5949067355664504,2.7249068500073683,-3.424906659272505,2.4649066211255324,-1.2582173574482576,0.9537173975025789,-1.1987173307453767,0.8627173173939363,-3.6641670068289676,2.4107369096364404,-0.19799695215481772,-1.4283030117962938,-1,1,-1,1,-18,-18,-18,-18,-18,-18,-18,-19
1783308566.4656959,0.0,0.0,0.12,0.0,0.0,1,10.225092959257768,-10.225092959257768,10.225092959257768,-10.225092959257768,13.819999694824219,-12.949999809265137,13.649999618530273,-12.6899995803833,-3.5949067355664504,2.7249068500073683,-3.424906659272505,2.4649066211255324,-1.2582173574482576,0.9537173975025789,-1.1987173307453767,0.8627173173939363,-3.6965211674490654,2.4352610712865066,-0.22882111208827027,-1.406118852206164,-1,1,-1,1,-18,-18,-18,-18,-18,-18,-18,-19
1783308566.4857621,0.0,0.0,0.12,0.0,0.0,1,10.225092959257768,-10.225092959257768,10.225092959257768,-10.225092959257768,13.979999542236328,-13.59000015258789,13.859999656677246,-12.960000038146973,-3.7549065829785597,3.3649071933301222,-3.6349066974194777,2.7349070788892043,-1.3142173040424958,1.1777175176655428,-1.2722173440968172,0.9572174776112214,-3.7303153266958726,2.4655452360264776,-0.2615352723650456,-1.3815046884961613,-1,1,-1,1,-18,-18,-18,-18,-18,-18,-18,-18
1783308566.5055976,0.0,0.0,0.12,0.0,0.0,1,10.225092959257768,-10.225092959257768,10.225092959257768,-10.225092959257768,13.979999542236328,-13.59000015258789,13.859999656677246,-12.960000038146973,-3.7549065829785597,3.3649071933301222,-3.6349066974194777,2.7349070788892043,-1.3142173040424958,1.1777175176655428,-1.2722173440968172,0.9572174776112214,-3.76410948594268,2.4958294007664485,-0.2942494326418209,-1.3568905247861585,-1,1,-1,1,-18,-18,-18,-18,-18,-18,-18,-18
1783308566.525603,0.0,0.0,0.12,0.0,0.0,1,10.225092959257768,-10.225092959257768,10.225092959257768,-10.225092959257768,13.979999542236328,-13.59000015258789,13.859999656677246,-12.960000038146973,-3.7549065829785597,3.3649071933301222,-3.6349066974194777,2.7349070788892043,-1.3142173040424958,1.1777175176655428,-1.2722173440968172,0.9572174776112214,-3.797903645189487,2.5261135655064195,-0.3269635929185962,-1.3322763610761557,-1,1,-1,1,-18,-18,-18,-18,-18,-18,-18,-18
1783308566.5456777,0.0,0.0,0.12,0.0,0.0,1,10.225092959257768,-10.225092959257768,10.225092959257768,-10.225092959257768,14.09000015258789,-13.59000015258789,12.869999885559082,-12.6899995803833,-3.8649071933301222,3.3649071933301222,-2.6449069263013136,2.4649066211255324,-1.3527175176655426,1.1777175176655428,-0.9257174242054597,0.8627173173939363,-3.832687809929458,2.5563977302463905,-0.35076775525530807,-1.310092201486026,-1,1,-1,1,-18,-18,-18,-18,-18,-18,-18,-18
1783308566.5656123,0.0,0.0,0.12,0.0,0.0,1,10.225092959257768,-10.225092959257768,10.225092959257768,-10.225092959257768,14.09000015258789,-13.59000015258789,12.869999885559082,-12.6899995803833,-3.8649071933301222,3.3649071933301222,-2.6449069263013136,2.4649066211255324,-1.3527175176655426,1.1777175176655428,-0.9257174242054597,0.8627173173939363,-3.8674719746694293,2.5866818949863615,-0.3745719175920199,-1.2879080418958961,-1,1,-1,1,-18,-18,-18,-18,-18,-18,-18,-18
1783308566.585728,0.0,0.0,0.12,0.0,0.0,1,10.225092959257768,-10.225092959257768,10.225092959257768,-10.225092959257768,13.710000038146973,-12.90999984741211,13.079999923706055,-12.0600004196167,-3.4849070788892043,2.684906888154341,-2.8549069644482863,1.8349074603589308,-1.2197174776112214,0.9397174108540193,-0.9992174375569002,0.6422176111256257,-3.898836138379432,2.6108460569797507,-0.40026608027205446,-1.2713938747526659,-1,1,-1,1,-18,-18,-18,-18,-18,-18,-18,-19
1783308566.6056077,0.0,0.0,0.12,0.0,0.0,1,10.225092959257768,-10.225092959257768,10.225092959257768,-10.225092959257768,13.710000038146973,-12.90999984741211,13.079999923706055,-12.0600004196167,-3.4849070788892043,2.684906888154341,-2.8549069644482863,1.8349074603589308,-1.2197174776112214,0.9397174108540193,-0.9992174375569002,0.6422176111256257,-3.930200302089435,2.63501021897314,-0.425960242952089,-1.2548797076094356,-1,1,-1,1,-18,-18,-18,-18,-18,-18,-18,-19
1783308566.6256087,0.0,0.0,0.12,0.0,0.0,1,10.225092959257768,-10.225092959257768,10.225092959257768,-10.225092959257768,13.710000038146973,-12.90999984741211,13.079999923706055,-12.0600004196167,-3.4849070788892043,2.684906888154341,-2.8549069644482863,1.8349074603589308,-1.2197174776112214,0.9397174108540193,-0.9992174375569002,0.6422176111256257,-3.9615644657994378,2.659174380966529,-0.45165440563212356,-1.2383655404662053,-1,1,-1,1,-18,-18,-18,-18,-18,-18,-18,-19
1783308566.6455972,0.0,0.0,0.12,0.0,0.0,1,10.225092959257768,-10.225092959257768,10.225092959257768,-10.225092959257768,13.670000076293945,-13.34000015258789,13.229999542236328,-12.510000228881836,-3.444907117036177,3.1149071933301222,-3.0049065829785597,2.2849072696240675,-1.2057174909626618,1.0902175176655426,-1.0517173040424959,0.7997175443684236,-3.992568629852763,2.6872085457065,-0.4786985648789306,-1.2178013750395886,-1,1,-1,1,-18,-18,-18,-18,-18,-18,-18,-18
1783308566.6656492,0.0,0.0,0.12,0.0,0.0,1,10.225092959257768,-10.225092959257768,10.225092959257768,-10.225092959257768,13.670000076293945,-13.34000015258789,13.229999542236328,-12.510000228881836,-3.444907117036177,3.1149071933301222,-3.0049065829785597,2.2849072696240675,-1.2057174909626618,1.0902175176655426,-1.0517173040424959,0.7997175443684236,-4.023572793906089,2.715242710446471,-0.5057427241257376,-1.197237209612972,-1,1,-1,1,-18,-18,-18,-18,-18,-18,-18,-18
1783308566.685661,0.0,0.0,0.12,0.0,0.0,1,10.225092959257768,-10.225092959257768,10.225092959257768,-10.225092959257768,13.649999618530273,-12.729999542236328,12.430000305175781,-12.84000015258789,-3.424906659272505,2.5049065829785597,-2.204907345918013,2.6149071933301222,-1.1987173307453767,0.8767173040424958,-0.7717175710713045,0.9152175176655427,-4.054396953839541,2.737786869693278,-0.5255868902389997,-1.1737030448730008,-1,1,-1,1,-18,-18,-18,-18,-18,-18,-18,-18
1783308566.7056,0.0,0.0,0.12,0.0,0.0,1,10.225092959257768,-10.225092959257768,10.225092959257768,-10.225092959257768,13.649999618530273,-12.729999542236328,12.430000305175781,-12.84000015258789,-3.424906659272505,2.5049065829785597,-2.204907345918013,2.6149071933301222,-1.1987173307453767,0.8767173040424958,-0.7717175710713045,0.9152175176655427,-4.0852211137729935,2.7603310289400853,-0.5454310563522619,-1.1501688801330296,-1,1,-1,1,-18,-18,-18,-18,-18,-18,-18,-18
1783308566.725609,0.0,0.0,0.12,0.0,0.0,1,10.225092959257768,-10.225092959257768,10.225092959257768,-10.225092959257768,13.649999618530273,-12.729999542236328,12.430000305175781,-12.84000015258789,-3.424906659272505,2.5049065829785597,-2.204907345918013,2.6149071933301222,-1.1987173307453767,0.8767173040424958,-0.7717175710713045,0.9152175176655427,-4.116045273706446,2.7828751881868925,-0.565275222465524,-1.1266347153930585,-1,1,-1,1,-18,-18,-18,-18,-18,-18,-18,-18
1783308566.7456138,0.0,0.0,0.12,0.0,0.0,1,10.225092959257768,-10.225092959257768,10.225092959257768,-10.225092959257768,12.720000267028809,-12.3100004196167,12.329999923706055,-11.479999542236328,-2.49490730777104,2.084907460358931,-2.1049069644482863,1.2549065829785597,-0.873217557719864,0.7297176111256257,-0.7367174375569001,0.43921730404249587,-4.138499439476385,2.801639355330123,-0.5842193851455586,-1.1153405561462515,-1,1,-1,1,-18,-18,-18,-18,-18,-18,-18,-19
1783308566.7656095,0.0,0.0,0.12,0.0,0.0,1,10.225092959257768,-10.225092959257768,10.225092959257768,-10.225092959257768,12.720000267028809,-12.3100004196167,12.329999923706055,-11.479999542236328,-2.49490730777104,2.084907460358931,-2.1049069644482863,1.2549065829785597,-0.873217557719864,0.7297176111256257,-0.7367174375569001,0.43921730404249587,-4.160953605246325,2.8204035224733532,-0.6031635478255932,-1.1040463968994445,-1,1,-1,1,-18,-18,-18,-18,-18,-18,-18,-19
1783308566.7857099,0.0,0.0,0.12,0.0,0.0,1,10.225092959257768,-10.225092959257768,10.225092959257768,-10.225092959257768,12.979999542236328,-11.5600004196167,12.479999542236328,-11.430000305175781,-2.7549065829785597,1.3349074603589308,-2.2549065829785597,1.2049073459180129,-0.9642173040424958,0.46721761112562576,-0.7892173040424959,0.4217175710713045,-4.185747764493132,2.832417689616584,-0.6234577070724002,-1.0932022307861824,-1,1,-1,1,-18,-18,-18,-18,-18,-18,-18,-19
1783308566.8055987,0.0,0.0,0.12,0.0,0.0,1,10.225092959257768,-10.225092959257768,10.225092959257768,-10.225092959257768,12.979999542236328,-11.5600004196167,12.479999542236328,-11.430000305175781,-2.7549065829785597,1.3349074603589308,-2.2549065829785597,1.2049073459180129,-0.9642173040424958,0.46721761112562576,-0.7892173040424959,0.4217175710713045,-4.210541923739939,2.8444318567598144,-0.6437518663192072,-1.0823580646729203,-1,1,-1,1,-18,-18,-18,-18,-18,-18,-18,-19
1783308566.8255994,0.0,0.0,0.12,0.0,0.0,1,10.225092959257768,-10.225092959257768,10.225092959257768,-10.225092959257768,12.979999542236328,-11.5600004196167,12.479999542236328,-11.430000305175781,-2.7549065829785597,1.3349074603589308,-2.2549065829785597,1.2049073459180129,-0.9642173040424958,0.46721761112562576,-0.7892173040424959,0.4217175710713045,-4.235336082986746,2.856446023903045,-0.6640460255660142,-1.0715138985596582,-1,1,-1,1,-18,-18,-18,-18,-18,-18,-18,-19
1783308566.8456097,0.0,0.0,0.12,0.0,0.0,1,10.225092959257768,-10.225092959257768,10.225092959257768,-10.225092959257768,12.479999542236328,-11.489999771118164,11.680000305175781,-11.399999618530273,-2.2549065829785597,1.2649068118603957,-1.4549073459180129,1.174906659272505,-0.7892173040424959,0.4427173841511384,-0.5092175710713045,0.41121733074537675,-4.255630242233552,2.8678301852097885,-0.6771401916792763,-1.0609397386262056,-1,1,-1,1,-18,-18,-18,-18,-18,-18,-18,-19
1783308566.8656046,0.0,0.0,0.12,0.0,0.0,1,10.225092959257768,-10.225092959257768,10.225092959257768,-10.225092959257768,12.479999542236328,-11.489999771118164,11.680000305175781,-11.399999618530273,-2.2549065829785597,1.2649068118603957,-1.4549073459180129,1.174906659272505,-0.7892173040424959,0.4427173841511384,-0.5092175710713045,0.41121733074537675,-4.275924401480359,2.879214346516532,-0.6902343577925384,-1.050365578692753,-1,1,-1,1,-18,-18,-18,-18,-18,-18,-18,-19
1783308566.8857517,0.0,0.0,0.12,0.0,0.0,1,10.225092959257768,-10.225092959257768,10.225092959257768,-10.225092959257768,12.130000114440918,-11.210000038146973,12.020000457763672,-10.6899995803833,-1.9049071551831496,0.9849070788892043,-1.7949074985059035,0.4649066211255324,-0.6667175043141023,0.34471747761122146,-0.6282176244770662,0.16271731739393633,-4.293068565877007,2.888078510226535,-0.7063885252790916,-1.0461814191026233,-1,1,-1,1,-18,-18,-18,-18,-18,-18,-18,-19
1783308566.90566,0.0,0.0,0.12,0.0,0.0,1,10.225092959257768,-10.225092959257768,10.225092959257768,-10.225092959257768,12.130000114440918,-11.210000038146973,12.020000457763672,-10.6899995803833,-1.9049071551831496,0.9849070788892043,-1.7949074985059035,0.4649066211255324,-0.6667175043141023,0.34471747761122146,-0.6282176244770662,0.16271731739393633,-4.310212730273656,2.896942673936538,-0.7225426927656448,-1.0419972595124936,-1,1,-1,1,-18,-18,-18,-18,-18,-18,-18,-19
1783308566.925608,0.0,0.0,0.12,0.0,0.0,1,10.225092959257768,-10.225092959257768,10.225092959257768,-10.225092959257768,12.130000114440918,-11.210000038146973,12.020000457763672,-10.6899995803833,-1.9049071551831496,0.9849070788892043,-1.7949074985059035,0.4649066211255324,-0.6667175043141023,0.34471747761122146,-0.6282176244770662,0.16271731739393633,-4.327356894670304,2.9058068376465407,-0.7386968602521979,-1.0378130999223638,-1,1,-1,1,-18,-18,-18,-18,-18,-18,-18,-19
1783308566.9456763,0.0,0.0,0.12,0.0,0.0,1,10.225092959257768,-10.225092959257768,10.225092959257768,-10.225092959257768,12.569999694824219,-11.020000457763672,12.039999961853027,-10.199999809265137,-2.3449067355664504,0.7949074985059035,-1.814907002595259,-0.02509314999263168,-0.8207173574482576,0.2782176244770662,-0.6352174509083406,-0.008782602497421087,-4.348461055290402,2.9129610051330936,-0.7550310232755553,-1.0380389382722974,-1,1,-1,1,-18,-18,-18,-18,-18,-18,-18,-19
1783308566.9656763,0.0,0.0,0.12,0.0,0.0,1,10.225092959257768,-10.225092959257768,10.225092959257768,-10.225092959257768,12.569999694824219,-11.020000457763672,12.039999961853027,-10.199999809265137,-2.3449067355664504,0.7949074985059035,-1.814907002595259,-0.02509314999263168,-0.8207173574482576,0.2782176244770662,-0.6352174509083406,-0.008782602497421087,-4.3695652159105,2.9201151726196466,-0.7713651862989126,-1.038264776622231,-1,1,-1,1,-18,-18,-18,-18,-18,-18,-18,-19
1783308566.9856763,0.0,0.0,0.12,0.0,0.0,1,10.225092959257768,-10.225092959257768,10.225092959257768,-10.225092959257768,13.100000381469727,-11.34000015258789,11.140000343322754,-9.859999656677246,-2.874907422211958,1.1149071933301222,-0.9149073840649855,-0.3650933025805223,-1.0062175977741854,0.39021751766554275,-0.3202175844227449,-0.1277826559031828,-4.395439382710408,2.9301493373596177,-0.7795993527554975,-1.0415506163454558,-1,1,-1,1,-18,-18,-18,-18,-18,-18,-18,-19
1783308567.0056815,0.0,0.0,0.12,0.0,0.0,1,10.225092959257768,-10.225092959257768,10.225092959257768,-10.225092959257768,13.100000381469727,-11.34000015258789,11.140000343322754,-9.859999656677246,-2.874907422211958,1.1149071933301222,-0.9149073840649855,-0.3650933025805223,-1.0062175977741854,0.39021751766554275,-0.3202175844227449,-0.1277826559031828,-4.421313549510316,2.940183502099589,-0.7878335192120824,-1.0448364560686805,-1,1,-1,1,-18,-18,-18,-18,-18,-18,-18,-19
1783308567.0256023,0.0,0.0,0.12,0.0,0.0,1,10.225092959257768,-10.225092959257768,10.225092959257768,-10.225092959257768,13.100000381469727,-11.34000015258789,11.140000343322754,-9.859999656677246,-2.874907422211958,1.1149071933301222,-0.9149073840649855,-0.3650933025805223,-1.0062175977741854,0.39021751766554275,-0.3202175844227449,-0.1277826559031828,-4.447187716310224,2.95021766683956,-0.7960676856686674,-1.0481222957919052,-1,1,-1,1,-18,-18,-18,-18,-18,-18,-18,-19
1783308567.045593,0.0,0.0,0.12,0.0,0.0,1,10.225092959257768,-10.225092959257768,10.225092959257768,-10.225092959257768,13.470000267028809,-12.6899995803833,10.520000457763672,-9.619999885559082,-3.24490730777104,2.4649066211255324,-0.2949074985059035,-0.6050930736986864,-1.135717557719864,0.8627173173939363,-0.10321762447706621,-0.2117825757945402,-4.476391882080163,2.9724018264296896,-0.7987218531552205,-1.0535681334551934,-1,1,-1,1,-18,-18,-18,-18,-18,-18,-18,-19
1783308567.065591,0.0,0.0,0.12,0.0,0.0,1,10.225092959257768,-10.225092959257768,10.225092959257768,-10.225092959257768,13.470000267028809,-12.6899995803833,10.520000457763672,-9.619999885559082,-3.24490730777104,2.4649066211255324,-0.2949074985059035,-0.6050930736986864,-1.135717557719864,0.8627173173939363,-0.10321762447706621,-0.2117825757945402,-4.505596047850102,2.9945859860198194,-0.8013760206417736,-1.0590139711184816,-1,1,-1,1,-18,-18,-18,-18,-18,-18,-18,-19
1783308567.0856936,0.0,0.0,0.12,0.0,0.0,1,10.225092959257768,-10.225092959257768,10.225092959257768,-10.225092959257768,14.1899995803833,-12.729999542236328,11.210000038146973,-9.449999809265137,-3.9649066211255324,2.5049065829785597,-0.9849070788892043,-0.7750931499926317,-1.3877173173939363,0.8767173040424958,-0.34471747761122146,-0.2712826024974211,-4.541280207440232,3.0171301452666266,-0.8102401843517765,-1.0659898094684153,-1,1,-1,1,-18,-18,-18,-18,-18,-18,-18,-19
1783308567.1055977,0.0,0.0,0.12,0.0,0.0,1,10.225092959257768,-10.225092959257768,10.225092959257768,-10.225092959257768,14.1899995803833,-12.729999542236328,11.210000038146973,-9.449999809265137,-3.9649066211255324,2.5049065829785597,-0.9849070788892043,-0.7750931499926317,-1.3877173173939363,0.8767173040424958,-0.34471747761122146,-0.2712826024974211,-4.576964367030361,3.039674304513434,-0.8191043480617793,-1.072965647818349,-1,1,-1,1,-18,-18,-18,-18,-18,-18,-18,-19
1783308567.1256113,0.0,0.0,0.12,0.0,0.0,1,10.225092959257768,-10.225092959257768,10.225092959257768,-10.225092959257768,14.1899995803833,-12.729999542236328,11.210000038146973,-9.449999809265137,-3.9649066211255324,2.5049065829785597,-0.9849070788892043,-0.7750931499926317,-1.3877173173939363,0.8767173040424958,-0.34471747761122146,-0.2712826024974211,-4.61264852662049,3.062218463760241,-0.8279685117717822,-1.0799414861682826,-1,1,-1,1,-18,-18,-18,-18,-18,-18,-18,-19
1783308567.145707,0.0,0.0,0.12,0.0,0.0,1,10.225092959257768,-10.225092959257768,10.225092959257768,-10.225092959257768,14.460000038146973,-12.760000228881836,10.789999961853027,-8.880000114440918,-4.234907078889204,2.5349072696240675,-0.564907002595259,-1.3450928448168504,-1.4822174776112214,0.8872175443684236,-0.19771745090834061,-0.47078249568589764,-4.6507626903304935,3.0850326291868577,-0.8330526747951396,-1.0920473217716342,-1,1,-1,1,-18,-18,-18,-18,-18,-18,-18,-20
1783308567.1656108,0.0,0.0,0.12,0.0,0.0,1,10.225092959257768,-10.225092959257768,10.225092959257768,-10.225092959257768,14.460000038146973,-12.760000228881836,10.789999961853027,-8.880000114440918,-4.234907078889204,2.5349072696240675,-0.564907002595259,-1.3450928448168504,-1.4822174776112214,0.8872175443684236,-0.19771745090834061,-0.47078249568589764,-4.688876854040497,3.1078467946134745,-0.8381368378184969,-1.1041531573749859,-1,1,-1,1,-18,-18,-18,-18,-18,-18,-18,-20
1783308567.1857095,0.0,0.0,0.0,0.0,0.0,0,0.0,0.0,0.0,0.0,14.420000076293945,-11.649999618530273,10.720000267028809,-8.479999542236328,-14.420000076293945,11.649999618530273,-10.720000267028809,8.479999542236328,-5.0470000267028805,4.077499866485596,-3.7520000934600826,2.9679998397827148,0.0,0.0,0.0,0.0,-1,1,-1,1,0,0,0,0,0,0,0,0
1783308567.2055755,0.0,0.0,0.0,0.0,0.0,0,0.0,0.0,0.0,0.0,14.420000076293945,-11.649999618530273,10.720000267028809,-8.479999542236328,-14.420000076293945,11.649999618530273,-10.720000267028809,8.479999542236328,-5.0470000267028805,4.077499866485596,-3.7520000934600826,2.9679998397827148,0.0,0.0,0.0,0.0,-1,1,-1,1,0,0,0,0,0,0,0,0
1783308567.2255833,0.0,0.0,0.0,0.0,0.0,0,0.0,0.0,0.0,0.0,14.420000076293945,-11.649999618530273,10.720000267028809,-8.479999542236328,-14.420000076293945,11.649999618530273,-10.720000267028809,8.479999542236328,-5.0470000267028805,4.077499866485596,-3.7520000934600826,2.9679998397827148,0.0,0.0,0.0,0.0,-1,1,-1,1,0,0,0,0,0,0,0,0
1783308567.2456465,0.0,0.0,0.0,0.0,0.0,0,0.0,0.0,0.0,0.0,13.489999771118164,-10.869999885559082,11.130000114440918,-8.199999809265137,-13.489999771118164,10.869999885559082,-11.130000114440918,8.199999809265137,-4.721499919891357,3.8044999599456784,-3.895500040054321,2.8699999332427977,0.0,0.0,0.0,0.0,-1,1,-1,1,0,0,0,0,0,0,0,0
1783308567.2655847,0.0,0.0,0.0,0.0,0.0,0,0.0,0.0,0.0,0.0,13.489999771118164,-10.869999885559082,11.130000114440918,-8.199999809265137,-13.489999771118164,10.869999885559082,-11.130000114440918,8.199999809265137,-4.721499919891357,3.8044999599456784,-3.895500040054321,2.8699999332427977,0.0,0.0,0.0,0.0,-1,1,-1,1,0,0,0,0,0,0,0,0
1783308567.2856781,0.0,0.0,0.12,0.0,0.0,1,10.225092959257768,-10.225092959257768,10.225092959257768,-10.225092959257768,10.350000381469727,-8.0600004196167,8.239999771118164,-6.420000076293945,-0.12490742221195816,-2.165092539641069,1.9850931881396043,-3.805092882963823,-0.04371759777418535,-0.7577823888743742,0.6947826158488615,-1.331782509037338,-0.0011241667999076237,-0.019485832856769622,0.01786583869325644,-0.03424583594667441,-1,1,-1,1,-18,-18,-18,-18,-18,-19,-19,-19
1783308567.3056011,0.0,0.0,0.12,0.0,0.0,1,10.225092959257768,-10.225092959257768,10.225092959257768,-10.225092959257768,10.350000381469727,-8.0600004196167,8.239999771118164,-6.420000076293945,-0.12490742221195816,-2.165092539641069,1.9850931881396043,-3.805092882963823,-0.04371759777418535,-0.7577823888743742,0.6947826158488615,-1.331782509037338,-0.0022483335998152473,-0.038971665713539244,0.03573167738651288,-0.06849167189334882,-1,1,-1,1,-18,-18,-18,-18,-18,-19,-19,-19
1783308567.3256502,0.0,0.0,0.12,0.0,0.0,1,10.225092959257768,-10.225092959257768,10.225092959257768,-10.225092959257768,10.350000381469727,-8.0600004196167,8.239999771118164,-6.420000076293945,-0.12490742221195816,-2.165092539641069,1.9850931881396043,-3.805092882963823,-0.04371759777418535,-0.7577823888743742,0.6947826158488615,-1.331782509037338,-0.0033725003997228708,-0.058457498570308866,0.05359751607976932,-0.10273750784002322,-1,1,-1,1,-18,-18,-18,-18,-18,-19,-19,-19
1783308567.3455937,0.0,0.0,0.0,0.0,0.0,0,0.0,0.0,0.0,0.0,7.25,-5.639999866485596,6.0,-4.489999771118164,-7.25,5.639999866485596,-6.0,4.489999771118164,-2.5374999999999996,1.9739999532699584,-2.0999999999999996,1.5714999198913573,0.0,0.0,0.0,0.0,-1,1,-1,1,0,0,0,0,0,0,0,0
1783308567.365568,0.0,0.0,0.0,0.0,0.0,0,0.0,0.0,0.0,0.0,7.25,-5.639999866485596,6.0,-4.489999771118164,-7.25,5.639999866485596,-6.0,4.489999771118164,-2.5374999999999996,1.9739999532699584,-2.0999999999999996,1.5714999198913573,0.0,0.0,0.0,0.0,-1,1,-1,1,0,0,0,0,0,0,0,0
1783308567.3856392,0.0,0.0,0.0,0.0,0.0,0,0.0,0.0,0.0,0.0,6.199999809265137,-4.630000114440918,5.329999923706055,-3.369999885559082,-6.199999809265137,4.630000114440918,-5.329999923706055,3.369999885559082,-2.1699999332427975,1.6205000400543212,-1.865499973297119,1.1794999599456786,0.0,0.0,0.0,0.0,-1,1,-1,1,0,0,0,0,0,0,0,0
1783308567.4055803,0.0,0.0,0.0,0.0,0.0,0,0.0,0.0,0.0,0.0,6.199999809265137,-4.630000114440918,5.329999923706055,-3.369999885559082,-6.199999809265137,4.630000114440918,-5.329999923706055,3.369999885559082,-2.1699999332427975,1.6205000400543212,-1.865499973297119,1.1794999599456786,0.0,0.0,0.0,0.0,-1,1,-1,1,0,0,0,0,0,0,0,0
1783308567.4257002,0.0,0.0,0.0,0.0,0.0,0,0.0,0.0,0.0,0.0,6.199999809265137,-4.630000114440918,5.329999923706055,-3.369999885559082,-6.199999809265137,4.630000114440918,-5.329999923706055,3.369999885559082,-2.1699999332427975,1.6205000400543212,-1.865499973297119,1.1794999599456786,0.0,0.0,0.0,0.0,-1,1,-1,1,0,0,0,0,0,0,0,0
1783308567.4456363,0.0,0.0,0.12,0.0,0.0,1,10.225092959257768,-10.225092959257768,10.225092959257768,-10.225092959257768,4.570000171661377,-3.240000009536743,3.7300000190734863,-2.359999895095825,5.6550927875963914,-6.985092949721025,6.495092940184282,-7.865093064161943,1.9792824756587368,-2.4447825324023587,2.2732825290644985,-2.75278257245668,0.05089583508836753,-0.06286583654748923,0.058455836461658535,-0.07078583757745749,-1,1,-1,1,-18,-18,-18,-18,-20,-21,-20,-21
1783308567.4657106,0.0,0.0,0.12,0.0,0.0,1,10.225092959257768,-10.225092959257768,10.225092959257768,-10.225092959257768,4.570000171661377,-3.240000009536743,3.7300000190734863,-2.359999895095825,5.6550927875963914,-6.985092949721025,6.495092940184282,-7.865093064161943,1.9792824756587368,-2.4447825324023587,2.2732825290644985,-2.75278257245668,0.10179167017673506,-0.12573167309497846,0.11691167292331707,-0.14157167515491498,-1,1,-1,1,-18,-18,-18,-18,-20,-21,-20,-21
1783308567.485643,0.0,0.0,0.0,0.0,0.0,0,0.0,0.0,0.0,0.0,3.4200000762939453,-2.2699999809265137,2.609999895095825,-1.8799999952316284,-3.4200000762939453,2.2699999809265137,-2.609999895095825,1.8799999952316284,-1.1970000267028809,0.7944999933242798,-0.9134999632835388,0.6579999983310699,0.0,0.0,0.0,0.0,-1,1,-1,1,0,0,0,0,0,0,0,0
1783308567.505585,0.0,0.0,0.0,0.0,0.0,0,0.0,0.0,0.0,0.0,3.4200000762939453,-2.2699999809265137,2.609999895095825,-1.8799999952316284,-3.4200000762939453,2.2699999809265137,-2.609999895095825,1.8799999952316284,-1.1970000267028809,0.7944999933242798,-0.9134999632835388,0.6579999983310699,0.0,0.0,0.0,0.0,-1,1,-1,1,0,0,0,0,0,0,0,0
1783308567.525569,0.0,0.0,0.0,0.0,0.0,0,0.0,0.0,0.0,0.0,3.4200000762939453,-2.2699999809265137,2.609999895095825,-1.8799999952316284,-3.4200000762939453,2.2699999809265137,-2.609999895095825,1.8799999952316284,-1.1970000267028809,0.7944999933242798,-0.9134999632835388,0.6579999983310699,0.0,0.0,0.0,0.0,-1,1,-1,1,0,0,0,0,0,0,0,0
1783308567.5456007,0.0,0.0,0.0,0.0,0.0,0,0.0,0.0,0.0,0.0,3.5299999713897705,-2.0399999618530273,2.9600000381469727,-1.7699999809265137,-3.5299999713897705,2.0399999618530273,-2.9600000381469727,1.7699999809265137,-1.2354999899864196,0.7139999866485596,-1.0360000133514404,0.6194999933242797,0.0,0.0,0.0,0.0,-1,1,-1,1,0,0,0,0,0,0,0,0
1783308567.5656474,0.0,0.0,0.0,0.0,0.0,0,0.0,0.0,0.0,0.0,3.5299999713897705,-2.0399999618530273,2.9600000381469727,-1.7699999809265137,-3.5299999713897705,2.0399999618530273,-2.9600000381469727,1.7699999809265137,-1.2354999899864196,0.7139999866485596,-1.0360000133514404,0.6194999933242797,0.0,0.0,0.0,0.0,-1,1,-1,1,0,0,0,0,0,0,0,0
1783308567.5856583,0.0,0.0,0.0,0.0,0.0,0,0.0,0.0,0.0,0.0,2.4700000286102295,-1.4299999475479126,2.069999933242798,-1.2400000095367432,-2.4700000286102295,1.4299999475479126,-2.069999933242798,1.2400000095367432,-0.8645000100135802,0.5004999816417693,-0.7244999766349792,0.4340000033378601,0.0,0.0,0.0,0.0,-1,1,-1,1,0,0,0,0,0,0,0,0
1783308567.6056287,0.0,0.0,0.12,0.0,0.0,1,10.225092959257768,-10.225092959257768,10.225092959257768,-10.225092959257768,2.4700000286102295,-1.4299999475479126,2.069999933242798,-1.2400000095367432,7.755092930647539,-8.795093011709856,8.15509302601497,-8.985092949721025,2.7142825257266385,-3.0782825540984495,2.8542825591052394,-3.144782532402359,0.06979583637582785,-0.0791558371053887,0.07339583723413473,-0.08086583654748923,-1,1,-1,1,-18,-18,-18,-18,-21,-21,-21,-21
1783308567.6256053,0.0,0.0,0.12,0.0,0.0,1,10.225092959257768,-10.225092959257768,10.225092959257768,-10.225092959257768,2.4700000286102295,-1.4299999475479126,2.069999933242798,-1.2400000095367432,7.755092930647539,-8.795093011709856,8.15509302601497,-8.985092949721025,2.7142825257266385,-3.0782825540984495,2.8542825591052394,-3.144782532402359,0.1395916727516557,-0.1583116742107774,0.14679167446826946,-0.16173167309497846,-1,1,-1,1,-18,-18,-18,-18,-21,-21,-21,-21
1783308567.645584,0.0,0.0,0.0,0.0,0.0,0,0.0,0.0,0.0,0.0,1.7300000190734863,-1.0,1.4500000476837158,-0.8700000047683716,-1.7300000190734863,1.0,-1.4500000476837158,0.8700000047683716,-0.6055000066757201,0.35,-0.5075000166893006,0.30450000166893004,0.0,0.0,0.0,0.0,-1,1,-1,1,0,0,0,0,0,0,0,0
1783308567.665576,0.0,0.0,0.0,0.0,0.0,0,0.0,0.0,0.0,0.0,1.7300000190734863,-1.0,1.4500000476837158,-0.8700000047683716,-1.7300000190734863,1.0,-1.4500000476837158,0.8700000047683716,-0.6055000066757201,0.35,-0.5075000166893006,0.30450000166893004,0.0,0.0,0.0,0.0,-1,1,-1,1,0,0,0,0,0,0,0,0
1783308567.6856425,0.0,0.0,0.0,0.0,0.0,0,0.0,0.0,0.0,0.0,1.8899999856948853,-1.8300000429153442,1.690000057220459,-1.059999942779541,-1.8899999856948853,1.8300000429153442,-1.690000057220459,1.059999942779541,-0.6614999949932098,0.6405000150203705,-0.5915000200271606,0.37099997997283934,0.0,0.0,0.0,0.0,-1,1,-1,1,0,0,0,0,0,0,0,0
1783308567.7056508,0.0,0.0,0.0,0.0,0.0,0,0.0,0.0,0.0,0.0,1.8899999856948853,-1.8300000429153442,1.690000057220459,-1.059999942779541,-1.8899999856948853,1.8300000429153442,-1.690000057220459,1.059999942779541,-0.6614999949932098,0.6405000150203705,-0.5915000200271606,0.37099997997283934,0.0,0.0,0.0,0.0,-1,1,-1,1,0,0,0,0,0,0,0,0
1783308567.7255769,0.0,0.0,0.0,0.0,0.0,0,0.0,0.0,0.0,0.0,1.8899999856948853,-1.8300000429153442,1.690000057220459,-1.059999942779541,-1.8899999856948853,1.8300000429153442,-1.690000057220459,1.059999942779541,-0.6614999949932098,0.6405000150203705,-0.5915000200271606,0.37099997997283934,0.0,0.0,0.0,0.0,-1,1,-1,1,0,0,0,0,0,0,0,0
1783308567.7456284,0.0,0.0,0.0,0.0,0.0,0,0.0,0.0,0.0,0.0,1.3200000524520874,-1.2799999713897705,1.190000057220459,-0.9700000286102295,-1.3200000524520874,1.2799999713897705,-1.190000057220459,0.9700000286102295,-0.46200001835823057,0.44799998998641966,-0.41650002002716063,0.3395000100135803,0.0,0.0,0.0,0.0,-1,1,-1,1,0,0,0,0,0,0,0,0
1783308567.765589,0.0,0.0,0.12,0.0,0.0,1,10.225092959257768,-10.225092959257768,10.225092959257768,-10.225092959257768,1.3200000524520874,-1.2799999713897705,1.190000057220459,-0.9700000286102295,8.905092906805681,-8.945092987867998,9.03509290203731,-9.255092930647539,3.116782517381988,-3.130782545753799,3.1622825157130583,-3.2392825257266384,0.08014583616125114,-0.08050583689081199,0.08131583611833579,-0.08329583637582787,-1,1,-1,1,-18,-18,-18,-18,-21,-21,-21,-21
1783308567.7857466,0.0,0.0,0.12,0.0,0.0,1,10.225092959257768,-10.225092959257768,10.225092959257768,-10.225092959257768,0.9300000071525574,-0.8999999761581421,0.8299999833106995,-0.6800000071525574,9.295092952105211,-9.325092983099626,9.395092975947069,-9.545092952105211,3.2532825332368236,-3.263782544084869,3.288282541581474,-3.3407825332368235,0.16380167273019805,-0.16443167373870862,0.1658716729018594,-0.16920167294477478,-1,1,-1,1,-18,-18,-18,-18,-21,-21,-21,-22
1783308567.8055668,0.0,0.0,0.0,0.0,0.0,0,0.0,0.0,0.0,0.0,0.9300000071525574,-0.8999999761581421,0.8299999833106995,-0.6800000071525574,-0.9300000071525574,0.8999999761581421,-0.8299999833106995,0.6800000071525574,-0.32550000250339506,0.3149999916553497,-0.2904999941587448,0.23800000250339506,0.0,0.0,0.0,0.0,-1,1,-1,1,0,0,0,0,0,0,0,0
1783308567.8255708,0.0,0.0,0.0,0.0,0.0,0,0.0,0.0,0.0,0.0,0.9300000071525574,-0.8999999761581421,0.8299999833106995,-0.6800000071525574,-0.9300000071525574,0.8999999761581421,-0.8299999833106995,0.6800000071525574,-0.32550000250339506,0.3149999916553497,-0.2904999941587448,0.23800000250339506,0.0,0.0,0.0,0.0,-1,1,-1,1,0,0,0,0,0,0,0,0
1783308567.8455822,0.0,0.0,0.0,0.0,0.0,0,0.0,0.0,0.0,0.0,1.100000023841858,-1.0800000429153442,0.8100000023841858,-0.9300000071525574,-1.100000023841858,1.0800000429153442,-0.8100000023841858,0.9300000071525574,-0.38500000834465026,0.37800001502037045,-0.283500000834465,0.32550000250339506,0.0,0.0,0.0,0.0,-1,1,-1,1,0,0,0,0,0,0,0,0
1783308567.8655727,0.0,0.0,0.0,0.0,0.0,0,0.0,0.0,0.0,0.0,1.100000023841858,-1.0800000429153442,0.8100000023841858,-0.9300000071525574,-1.100000023841858,1.0800000429153442,-0.8100000023841858,0.9300000071525574,-0.38500000834465026,0.37800001502037045,-0.283500000834465,0.32550000250339506,0.0,0.0,0.0,0.0,-1,1,-1,1,0,0,0,0,0,0,0,0
1783308567.885706,0.0,0.0,0.0,0.0,0.0,0,0.0,0.0,0.0,0.0,0.5400000214576721,-0.7599999904632568,0.5699999928474426,-0.6499999761581421,-0.5400000214576721,0.7599999904632568,-0.5699999928474426,0.6499999761581421,-0.18900000751018523,0.26599999666213986,-0.1994999974966049,0.2274999916553497,0.0,0.0,0.0,0.0,-1,1,-1,1,0,0,0,0,0,0,0,0
1783308567.9055557,0.0,0.0,0.0,0.0,0.0,0,0.0,0.0,0.0,0.0,0.5400000214576721,-0.7599999904632568,0.5699999928474426,-0.6499999761581421,-0.5400000214576721,0.7599999904632568,-0.5699999928474426,0.6499999761581421,-0.18900000751018523,0.26599999666213986,-0.1994999974966049,0.2274999916553497,0.0,0.0,0.0,0.0,-1,1,-1,1,0,0,0,0,0,0,0,0
1783308567.925589,0.0,0.0,0.12,0.0,0.0,1,10.225092959257768,-10.225092959257768,10.225092959257768,-10.225092959257768,0.5400000214576721,-0.7599999904632568,0.5699999928474426,-0.6499999761581421,9.685092937800096,-9.465092968794512,9.655092966410326,-9.575092983099626,3.3897825282300333,-3.312782539078079,3.379282538243614,-3.351282544084869,0.08716583644020087,-0.0851858367191506,0.08689583669769294,-0.08617583684789665,-1,1,-1,1,-18,-18,-18,-18,-21,-21,-21,-21
1783308567.945601,0.0,0.0,0.12,0.0,0.0,1,10.225092959257768,-10.225092959257768,10.225092959257768,-10.225092959257768,0.3799999952316284,-0.5299999713897705,0.4000000059604645,-0.44999998807907104,9.84509296402614,-9.695092987867998,9.825092953297304,-9.775092971178697,3.4457825374091486,-3.393282545753799,3.4387825336540563,-3.4212825399125437,0.17577167311643616,-0.1724416736099626,0.17532167327736867,-0.17415167358850492,-1,1,-1,1,-18,-18,-18,-18,-22,-22,-22,-22
1783308567.9656572,0.0,0.0,0.0,0.0,0.0,0,0.0,0.0,0.0,0.0,0.3799999952316284,-0.5299999713897705,0.4000000059604645,-0.44999998807907104,-0.3799999952316284,0.5299999713897705,-0.4000000059604645,0.44999998807907104,-0.13299999833106993,0.18549998998641967,-0.14000000208616256,0.15749999582767485,0.0,0.0,0.0,0.0,-1,1,-1,1,0,0,0,0,0,0,0,0
1783308567.9857337,0.0,0.0,0.0,0.0,0.0,0,0.0,0.0,0.0,0.0,0.7200000286102295,-0.8199999928474426,0.5,-0.5400000214576721,-0.7200000286102295,0.8199999928474426,-0.5,0.5400000214576721,-0.2520000100135803,0.2869999974966049,-0.175,0.18900000751018523,0.0,0.0,0.0,0.0,-1,1,-1,1,0,0,0,0,0,0,0,0
1783308568.005576,0.0,0.0,0.0,0.0,0.0,0,0.0,0.0,0.0,0.0,0.7200000286102295,-0.8199999928474426,0.5,-0.5400000214576721,-0.7200000286102295,0.8199999928474426,-0.5,0.5400000214576721,-0.2520000100135803,0.2869999974966049,-0.175,0.18900000751018523,0.0,0.0,0.0,0.0,-1,1,-1,1,0,0,0,0,0,0,0,0
1783308568.025661,0.0,0.0,0.0,0.0,0.0,0,0.0,0.0,0.0,0.0,0.7200000286102295,-0.8199999928474426,0.5,-0.5400000214576721,-0.7200000286102295,0.8199999928474426,-0.5,0.5400000214576721,-0.2520000100135803,0.2869999974966049,-0.175,0.18900000751018523,0.0,0.0,0.0,0.0,-1,1,-1,1,0,0,0,0,0,0,0,0
1783308568.045571,0.0,0.0,0.0,0.0,0.0,0,0.0,0.0,0.0,0.0,0.9599999785423279,-1.0299999713897705,0.3499999940395355,-0.6100000143051147,-0.9599999785423279,1.0299999713897705,-0.3499999940395355,0.6100000143051147,-0.3359999924898147,0.36049998998641963,-0.12249999791383742,0.21350000500679014,0.0,0.0,0.0,0.0,-1,1,-1,1,0,0,0,0,0,0,0,0
1783308568.0656798,0.0,0.0,0.0,0.0,0.0,0,0.0,0.0,0.0,0.0,0.9599999785423279,-1.0299999713897705,0.3499999940395355,-0.6100000143051147,-0.9599999785423279,1.0299999713897705,-0.3499999940395355,0.6100000143051147,-0.3359999924898147,0.36049998998641963,-0.12249999791383742,0.21350000500679014,0.0,0.0,0.0,0.0,-1,1,-1,1,0,0,0,0,0,0,0,0
1783308568.0856645,0.0,0.0,0.12,0.0,0.0,1,10.225092959257768,-10.225092959257768,10.225092959257768,-10.225092959257768,0.6700000166893005,-0.7200000286102295,0.25,-0.4300000071525574,9.555092942568468,-9.505092930647539,9.975092959257768,-9.795092952105211,3.3442825298989636,-3.3267825257266384,3.491282535740219,-3.428282533236824,0.08599583648311622,-0.08554583637582786,0.08977583663331991,-0.0881558365689469,-1,1,-1,1,-18,-18,-18,-18,-21,-21,-22,-22
1783308568.1055849,0.0,0.0,0.12,0.0,0.0,1,10.225092959257768,-10.225092959257768,10.225092959257768,-10.225092959257768,0.6700000166893005,-0.7200000286102295,0.25,-0.4300000071525574,9.555092942568468,-9.505092930647539,9.975092959257768,-9.795092952105211,3.3442825298989636,-3.3267825257266384,3.491282535740219,-3.428282533236824,0.17199167296623244,-0.1710916727516557,0.17955167326663982,-0.1763116731378938,-1,1,-1,1,-18,-18,-18,-18,-22,-21,-22,-22
1783308568.1255853,0.0,0.0,0.0,0.0,0.0,0,0.0,0.0,0.0,0.0,0.6700000166893005,-0.7200000286102295,0.25,-0.4300000071525574,-0.6700000166893005,0.7200000286102295,-0.25,0.4300000071525574,-0.23450000584125516,0.2520000100135803,-0.0875,0.15050000250339507,0.0,0.0,0.0,0.0,-1,1,-1,1,0,0,0,0,0,0,0,0
1783308568.1455784,0.0,0.0,0.0,0.0,0.0,0,0.0,0.0,0.0,0.0,0.4699999988079071,-0.7300000190734863,0.4000000059604645,-0.5199999809265137,-0.4699999988079071,0.7300000190734863,-0.4000000059604645,0.5199999809265137,-0.16449999958276748,0.2555000066757202,-0.14000000208616256,0.18199999332427977,0.0,0.0,0.0,0.0,-1,1,-1,1,0,0,0,0,0,0,0,0
1783308568.1656647,0.0,0.0,0.0,0.0,0.0,0,0.0,0.0,0.0,0.0,0.4699999988079071,-0.7300000190734863,0.4000000059604645,-0.5199999809265137,-0.4699999988079071,0.7300000190734863,-0.4000000059604645,0.5199999809265137,-0.16449999958276748,0.2555000066757202,-0.14000000208616256,0.18199999332427977,0.0,0.0,0.0,0.0,-1,1,-1,1,0,0,0,0,0,0,0,0
1783308568.1856482,0.0,0.0,0.0,0.0,0.0,0,0.0,0.0,0.0,0.0,1.2300000190734863,-1.4199999570846558,0.7300000190734863,-0.8199999928474426,-1.2300000190734863,1.4199999570846558,-0.7300000190734863,0.8199999928474426,-0.4305000066757202,0.4969999849796295,-0.2555000066757202,0.2869999974966049,0.0,0.0,0.0,0.0,-1,1,-1,1,0,0,0,0,0,0,0,0
1783308568.2055974,0.0,0.0,0.0,0.0,0.0,0,0.0,0.0,0.0,0.0,1.2300000190734863,-1.4199999570846558,0.7300000190734863,-0.8199999928474426,-1.2300000190734863,1.4199999570846558,-0.7300000190734863,0.8199999928474426,-0.4305000066757202,0.4969999849796295,-0.2555000066757202,0.2869999974966049,0.0,0.0,0.0,0.0,-1,1,-1,1,0,0,0,0,0,0,0,0
1783308568.22558,0.0,0.0,0.0,0.0,0.0,0,0.0,0.0,0.0,0.0,1.2300000190734863,-1.4199999570846558,0.7300000190734863,-0.8199999928474426,-1.2300000190734863,1.4199999570846558,-0.7300000190734863,0.8199999928474426,-0.4305000066757202,0.4969999849796295,-0.2555000066757202,0.2869999974966049,0.0,0.0,0.0,0.0,-1,1,-1,1,0,0,0,0,0,0,0,0
1783308568.2455726,0.0,0.0,0.0,0.0,0.0,0,0.0,0.0,0.0,0.0,0.6399999856948853,-0.9900000095367432,0.28999999165534973,-0.5699999928474426,-0.6399999856948853,0.9900000095367432,-0.28999999165534973,0.5699999928474426,-0.22399999499320983,0.3465000033378601,-0.1014999970793724,0.1994999974966049,0.0,0.0,0.0,0.0,-1,1,-1,1,0,0,0,0,0,0,0,0
1783308568.2656,0.0,0.0,0.12,0.0,0.0,1,10.225092959257768,-10.225092959257768,10.225092959257768,-10.225092959257768,0.6399999856948853,-0.9900000095367432,0.28999999165534973,-0.5699999928474426,9.585092973562883,-9.235092949721025,9.935092967602419,-9.655092966410326,3.354782540747009,-3.2322825324023587,3.4772825386608464,-3.379282538243614,0.08626583676206595,-0.08311583654748922,0.08941583670842178,-0.08689583669769294,-1,1,-1,1,-18,-18,-18,-18,-21,-21,-22,-21
1783308568.2856803,0.0,0.0,0.12,0.0,0.0,1,10.225092959257768,-10.225092959257768,10.225092959257768,-10.225092959257768,0.44999998807907104,-0.6899999976158142,0.20000000298023224,-0.4000000059604645,9.775092971178697,-9.535092961641954,10.025092956277536,-9.825092953297304,3.4212825399125437,-3.337282536574684,3.5087825346971373,-3.4387825336540563,0.17424167350267422,-0.16893167320226682,0.1796416733149196,-0.17532167327736867,-1,1,-1,1,-18,-18,-18,-18,-22,-22,-22,-22
1783308568.3055842,0.0,0.0,0.0,0.0,0.0,0,0.0,0.0,0.0,0.0,0.44999998807907104,-0.6899999976158142,0.20000000298023224,-0.4000000059604645,-0.44999998807907104,0.6899999976158142,-0.20000000298023224,0.4000000059604645,-0.15749999582767485,0.24149999916553497,-0.07000000104308128,0.14000000208616256,0.0,0.0,0.0,0.0,-1,1,-1,1,0,0,0,0,0,0,0,0
1783308568.3255913,0.0,0.0,0.0,0.0,0.0,0,0.0,0.0,0.0,0.0,0.44999998807907104,-0.6899999976158142,0.20000000298023224,-0.4000000059604645,-0.44999998807907104,0.6899999976158142,-0.20000000298023224,0.4000000059604645,-0.15749999582767485,0.24149999916553497,-0.07000000104308128,0.14000000208616256,0.0,0.0,0.0,0.0,-1,1,-1,1,0,0,0,0,0,0,0,0
1783308568.3455732,0.0,0.0,0.0,0.0,0.0,0,0.0,0.0,0.0,0.0,0.9900000095367432,-0.7099999785423279,0.8199999928474426,-0.7300000190734863,-0.9900000095367432,0.7099999785423279,-0.8199999928474426,0.7300000190734863,-0.3465000033378601,0.24849999248981475,-0.2869999974966049,0.2555000066757202,0.0,0.0,0.0,0.0,-1,1,-1,1,0,0,0,0,0,0,0,0
1783308568.3655806,0.0,0.0,0.0,0.0,0.0,0,0.0,0.0,0.0,0.0,0.9900000095367432,-0.7099999785423279,0.8199999928474426,-0.7300000190734863,-0.9900000095367432,0.7099999785423279,-0.8199999928474426,0.7300000190734863,-0.3465000033378601,0.24849999248981475,-0.2869999974966049,0.2555000066757202,0.0,0.0,0.0,0.0,-1,1,-1,1,0,0,0,0,0,0,0,0
1783308568.385634,0.0,0.0,0.0,0.0,0.0,0,0.0,0.0,0.0,0.0,0.9200000166893005,-0.5,0.5699999928474426,-0.5099999904632568,-0.9200000166893005,0.5,-0.5699999928474426,0.5099999904632568,-0.32200000584125515,0.175,-0.1994999974966049,0.1784999966621399,0.0,0.0,0.0,0.0,-1,1,-1,1,0,0,0,0,0,0,0,0
1783308568.4056985,0.0,0.0,0.0,0.0,0.0,0,0.0,0.0,0.0,0.0,0.9200000166893005,-0.5,0.5699999928474426,-0.5099999904632568,-0.9200000166893005,0.5,-0.5699999928474426,0.5099999904632568,-0.32200000584125515,0.175,-0.1994999974966049,0.1784999966621399,0.0,0.0,0.0,0.0,-1,1,-1,1,0,0,0,0,0,0,0,0
1783308568.4255857,0.0,0.0,0.0,0.0,0.0,0,0.0,0.0,0.0,0.0,0.9200000166893005,-0.5,0.5699999928474426,-0.5099999904632568,-0.9200000166893005,0.5,-0.5699999928474426,0.5099999904632568,-0.32200000584125515,0.175,-0.1994999974966049,0.1784999966621399,0.0,0.0,0.0,0.0,-1,1,-1,1,0,0,0,0,0,0,0,0
1783308568.445717,0.0,0.0,0.12,0.0,0.0,1,10.225092959257768,-10.225092959257768,10.225092959257768,-10.225092959257768,0.6399999856948853,-0.3499999940395355,0.4000000059604645,-0.36000001430511475,9.585092973562883,-9.875092965218233,9.825092953297304,-9.865092944952654,3.354782540747009,-3.4562825378263815,3.4387825336540563,-3.452782530733429,0.08626583676206595,-0.0888758366869641,0.08842583657967573,-0.08878583650457389,-1,1,-1,1,-18,-18,-18,-18,-21,-22,-22,-22
1783308568.465608,0.0,0.0,0.12,0.0,0.0,1,10.225092959257768,-10.225092959257768,10.225092959257768,-10.225092959257768,0.6399999856948853,-0.3499999940395355,0.4000000059604645,-0.36000001430511475,9.585092973562883,-9.875092965218233,9.825092953297304,-9.865092944952654,3.354782540747009,-3.4562825378263815,3.4387825336540563,-3.452782530733429,0.1725316735241319,-0.1777516733739282,0.17685167315935146,-0.17757167300914778,-1,1,-1,1,-18,-18,-18,-18,-22,-22,-22,-22
1783308568.485639,0.0,0.0,0.0,0.0,0.0,0,0.0,0.0,0.0,0.0,0.44999998807907104,-0.23999999463558197,0.2800000011920929,-0.25,-0.44999998807907104,0.23999999463558197,-0.2800000011920929,0.25,-0.15749999582767485,0.08399999812245368,-0.0980000004172325,0.0875,0.0,0.0,0.0,0.0,-1,1,-1,1,0,0,0,0,0,0,0,0
1783308568.5055768,0.0,0.0,0.0,0.0,0.0,0,0.0,0.0,0.0,0.0,0.44999998807907104,-0.23999999463558197,0.2800000011920929,-0.25,-0.44999998807907104,0.23999999463558197,-0.2800000011920929,0.25,-0.15749999582767485,0.08399999812245368,-0.0980000004172325,0.0875,0.0,0.0,0.0,0.0,-1,1,-1,1,0,0,0,0,0,0,0,0
1783308568.5255547,0.0,0.0,0.0,0.0,0.0,0,0.0,0.0,0.0,0.0,0.44999998807907104,-0.23999999463558197,0.2800000011920929,-0.25,-0.44999998807907104,0.23999999463558197,-0.2800000011920929,0.25,-0.15749999582767485,0.08399999812245368,-0.0980000004172325,0.0875,0.0,0.0,0.0,0.0,-1,1,-1,1,0,0,0,0,0,0,0,0
1783308568.545713,0.0,0.0,0.0,0.0,0.0,0,0.0,0.0,0.0,0.0,0.7699999809265137,-0.6200000047683716,0.8799999952316284,-0.4000000059604645,-0.7699999809265137,0.6200000047683716,-0.8799999952316284,0.4000000059604645,-0.26949999332427976,0.21700000166893005,-0.30799999833106995,0.14000000208616256,0.0,0.0,0.0,0.0,-1,1,-1,1,0,0,0,0,0,0,0,0
1783308568.5655775,0.0,0.0,0.0,0.0,0.0,0,0.0,0.0,0.0,0.0,0.7699999809265137,-0.6200000047683716,0.8799999952316284,-0.4000000059604645,-0.7699999809265137,0.6200000047683716,-0.8799999952316284,0.4000000059604645,-0.26949999332427976,0.21700000166893005,-0.30799999833106995,0.14000000208616256,0.0,0.0,0.0,0.0,-1,1,-1,1,0,0,0,0,0,0,0,0
1783308568.5857475,0.0,0.0,0.0,0.0,0.0,0,0.0,0.0,0.0,0.0,0.5400000214576721,-0.20999999344348907,0.6100000143051147,-0.2800000011920929,-0.5400000214576721,0.20999999344348907,-0.6100000143051147,0.2800000011920929,-0.18900000751018523,0.07349999770522117,-0.21350000500679014,0.0980000004172325,0.0,0.0,0.0,0.0,-1,1,-1,1,0,0,0,0,0,0,0,0
1783308568.6055753,0.0,0.0,0.0,0.0,0.0,0,0.0,0.0,0.0,0.0,0.5400000214576721,-0.20999999344348907,0.6100000143051147,-0.2800000011920929,-0.5400000214576721,0.20999999344348907,-0.6100000143051147,0.2800000011920929,-0.18900000751018523,0.07349999770522117,-0.21350000500679014,0.0980000004172325,0.0,0.0,0.0,0.0,-1,1,-1,1,0,0,0,0,0,0,0,0
1783308568.6256077,0.0,0.0,0.12,0.0,0.0,1,10.225092959257768,-10.225092959257768,10.225092959257768,-10.225092959257768,0.5400000214576721,-0.20999999344348907,0.6100000143051147,-0.2800000011920929,9.685092937800096,-10.01509296581428,9.615092944952654,-9.945092958065676,3.3897825282300333,-3.5052825380349977,3.3652825307334284,-3.4807825353229864,0.08716583644020087,-0.09013583669232851,0.08653583650457389,-0.08950583662259108,-1,1,-1,1,-18,-18,-18,-18,-21,-22,-21,-22
1783308568.6456082,0.0,0.0,0.12,0.0,0.0,1,10.225092959257768,-10.225092959257768,10.225092959257768,-10.225092959257768,0.3799999952316284,-0.15000000596046448,0.4300000071525574,-0.20000000298023224,9.84509296402614,-10.075092953297304,9.795092952105211,-10.025092956277536,3.4457825374091486,-3.526282533654056,3.428282533236824,-3.5087825346971373,0.17577167311643616,-0.18081167327200426,0.1746916730735208,-0.1797316732290889,-1,1,-1,1,-18,-18,-18,-18,-22,-22,-22,-22
1783308568.6655908,0.0,0.0,0.0,0.0,0.0,0,0.0,0.0,0.0,0.0,0.3799999952316284,-0.15000000596046448,0.4300000071525574,-0.20000000298023224,-0.3799999952316284,0.15000000596046448,-0.4300000071525574,0.20000000298023224,-0.13299999833106993,0.05250000208616257,-0.15050000250339507,0.07000000104308128,0.0,0.0,0.0,0.0,-1,1,-1,1,0,0,0,0,0,0,0,0
1783308568.68567,0.0,0.0,0.0,0.0,0.0,0,0.0,0.0,0.0,0.0,0.49000000953674316,-0.5600000023841858,0.5299999713897705,-0.36000001430511475,-0.49000000953674316,0.5600000023841858,-0.5299999713897705,0.36000001430511475,-0.17150000333786009,0.196000000834465,-0.18549998998641967,0.12600000500679015,0.0,0.0,0.0,0.0,-1,1,-1,1,0,0,0,0,0,0,0,0
1783308568.7055798,0.0,0.0,0.0,0.0,0.0,0,0.0,0.0,0.0,0.0,0.49000000953674316,-0.5600000023841858,0.5299999713897705,-0.36000001430511475,-0.49000000953674316,0.5600000023841858,-0.5299999713897705,0.36000001430511475,-0.17150000333786009,0.196000000834465,-0.18549998998641967,0.12600000500679015,0.0,0.0,0.0,0.0,-1,1,-1,1,0,0,0,0,0,0,0,0
1783308568.7255774,0.0,0.0,0.0,0.0,0.0,0,0.0,0.0,0.0,0.0,0.49000000953674316,-0.5600000023841858,0.5299999713897705,-0.36000001430511475,-0.49000000953674316,0.5600000023841858,-0.5299999713897705,0.36000001430511475,-0.17150000333786009,0.196000000834465,-0.18549998998641967,0.12600000500679015,0.0,0.0,0.0,0.0,-1,1,-1,1,0,0,0,0,0,0,0,0
1783308568.7455916,0.0,0.0,0.0,0.0,0.0,0,0.0,0.0,0.0,0.0,0.5699999928474426,-0.38999998569488525,0.3700000047683716,-0.25999999046325684,-0.5699999928474426,0.38999998569488525,-0.3700000047683716,0.25999999046325684,-0.1994999974966049,0.13649999499320983,-0.12950000166893005,0.09099999666213988,0.0,0.0,0.0,0.0,-1,1,-1,1,0,0,0,0,0,0,0,0
1783308568.7656384,0.0,0.0,0.0,0.0,0.0,0,0.0,0.0,0.0,0.0,0.5699999928474426,-0.38999998569488525,0.3700000047683716,-0.25999999046325684,-0.5699999928474426,0.38999998569488525,-0.3700000047683716,0.25999999046325684,-0.1994999974966049,0.13649999499320983,-0.12950000166893005,0.09099999666213988,0.0,0.0,0.0,0.0,-1,1,-1,1,0,0,0,0,0,0,0,0
1783308568.7856529,0.0,0.0,0.0,0.0,0.0,0,0.0,0.0,0.0,0.0,0.4000000059604645,-0.27000001072883606,0.25999999046325684,-0.18000000715255737,-0.4000000059604645,0.27000001072883606,-0.25999999046325684,0.18000000715255737,-0.14000000208616256,0.09450000375509261,-0.09099999666213988,0.06300000250339508,0.0,0.0,0.0,0.0,-1,1,-1,1,0,0,0,0,0,0,0,0
1783308568.8056128,0.0,0.0,0.12,0.0,0.0,1,10.225092959257768,-10.225092959257768,10.225092959257768,-10.225092959257768,0.4000000059604645,-0.27000001072883606,0.25999999046325684,-0.18000000715255737,9.825092953297304,-9.955092948528932,9.965092968794512,-10.045092952105211,3.4387825336540563,-3.484282531985126,3.487782539078079,-3.5157825332368238,0.08842583657967573,-0.0895958365367604,0.08968583671915062,-0.09040583656894689,-1,1,-1,1,-18,-18,-18,-18,-22,-22,-22,-22
1783308568.825679,0.0,0.0,0.12,0.0,0.0,1,10.225092959257768,-10.225092959257768,10.225092959257768,-10.225092959257768,0.4000000059604645,-0.27000001072883606,0.25999999046325684,-0.18000000715255737,9.825092953297304,-9.955092948528932,9.965092968794512,-10.045092952105211,3.4387825336540563,-3.484282531985126,3.487782539078079,-3.5157825332368238,0.17685167315935146,-0.1791916730735208,0.17937167343830124,-0.18081167313789379,-1,1,-1,1,-18,-18,-18,-18,-22,-22,-22,-22
1783308568.8455837,0.0,0.0,0.0,0.0,0.0,0,0.0,0.0,0.0,0.0,0.2800000011920929,-0.1899999976158142,0.18000000715255737,-0.12999999523162842,-0.2800000011920929,0.1899999976158142,-0.18000000715255737,0.12999999523162842,-0.0980000004172325,0.06649999916553496,-0.06300000250339508,0.04549999833106994,0.0,0.0,0.0,0.0,-1,1,-1,1,0,0,0,0,0,0,0,0
1783308568.8655946,0.0,0.0,0.0,0.0,0.0,0,0.0,0.0,0.0,0.0,0.2800000011920929,-0.1899999976158142,0.18000000715255737,-0.12999999523162842,-0.2800000011920929,0.1899999976158142,-0.18000000715255737,0.12999999523162842,-0.0980000004172325,0.06649999916553496,-0.06300000250339508,0.04549999833106994,0.0,0.0,0.0,0.0,-1,1,-1,1,0,0,0,0,0,0,0,0
1783308568.8856485,0.0,0.0,0.0,0.0,0.0,0,0.0,0.0,0.0,0.0,0.41999998688697815,-0.5899999737739563,0.5799999833106995,-0.3100000023841858,-0.41999998688697815,0.5899999737739563,-0.5799999833106995,0.3100000023841858,-0.14699999541044234,0.2064999908208847,-0.2029999941587448,0.10850000083446502,0.0,0.0,0.0,0.0,-1,1,-1,1,0,0,0,0,0,0,0,0
1783308568.9055872,0.0,0.0,0.0,0.0,0.0,0,0.0,0.0,0.0,0.0,0.41999998688697815,-0.5899999737739563,0.5799999833106995,-0.3100000023841858,-0.41999998688697815,0.5899999737739563,-0.5799999833106995,0.3100000023841858,-0.14699999541044234,0.2064999908208847,-0.2029999941587448,0.10850000083446502,0.0,0.0,0.0,0.0,-1,1,-1,1,0,0,0,0,0,0,0,0
1783308568.9258816,0.0,0.0,0.0,0.0,0.0,0,0.0,0.0,0.0,0.0,0.41999998688697815,-0.5899999737739563,0.5799999833106995,-0.3100000023841858,-0.41999998688697815,0.5899999737739563,-0.5799999833106995,0.3100000023841858,-0.14699999541044234,0.2064999908208847,-0.2029999941587448,0.10850000083446502,0.0,0.0,0.0,0.0,-1,1,-1,1,0,0,0,0,0,0,0,0
1783308568.9456542,0.0,0.0,0.0,0.0,0.0,0,0.0,0.0,0.0,0.0,0.07000000029802322,-0.4099999964237213,0.4099999964237213,-0.2199999988079071,-0.07000000029802322,0.4099999964237213,-0.4099999964237213,0.2199999988079071,-0.024500000104308126,0.14349999874830244,-0.14349999874830244,0.07699999958276749,0.0,0.0,0.0,0.0,-1,1,-1,1,0,0,0,0,0,0,0,0
1783308568.965583,0.0,0.0,0.0,0.0,0.0,0,0.0,0.0,0.0,0.0,0.07000000029802322,-0.4099999964237213,0.4099999964237213,-0.2199999988079071,-0.07000000029802322,0.4099999964237213,-0.4099999964237213,0.2199999988079071,-0.024500000104308126,0.14349999874830244,-0.14349999874830244,0.07699999958276749,0.0,0.0,0.0,0.0,-1,1,-1,1,0,0,0,0,0,0,0,0
1783308568.9856927,0.0,0.0,0.12,0.0,0.0,1,10.225092959257768,-10.225092959257768,10.225092959257768,-10.225092959257768,0.05000000074505806,-0.28999999165534973,0.2800000011920929,-0.15000000596046448,10.17509295851271,-9.935092967602419,9.945092958065676,-10.075092953297304,3.561282535479448,-3.4772825386608464,3.4807825353229864,-3.526282533654056,0.09157583662661439,-0.08941583670842178,0.08950583662259108,-0.09067583657967575,-1,1,-1,1,-18,-18,-18,-18,-22,-22,-22,-22
1783308569.0056243,0.0,0.0,0.12,0.0,0.0,1,10.225092959257768,-10.225092959257768,10.225092959257768,-10.225092959257768,0.05000000074505806,-0.28999999165534973,0.2800000011920929,-0.15000000596046448,10.17509295851271,-9.935092967602419,9.945092958065676,-10.075092953297304,3.561282535479448,-3.4772825386608464,3.4807825353229864,-3.526282533654056,0.18315167325322879,-0.17883167341684356,0.17901167324518216,-0.1813516731593515,-1,1,-1,1,-18,-18,-18,-18,-22,-22,-22,-22
1783308569.0255654,0.0,0.0,0.0,0.0,0.0,0,0.0,0.0,0.0,0.0,0.05000000074505806,-0.28999999165534973,0.2800000011920929,-0.15000000596046448,-0.05000000074505806,0.28999999165534973,-0.2800000011920929,0.15000000596046448,-0.01750000026077032,0.1014999970793724,-0.0980000004172325,0.05250000208616257,0.0,0.0,0.0,0.0,-1,1,-1,1,0,0,0,0,0,0,0,0
1783308569.0455978,0.0,0.0,0.0,0.0,0.0,0,0.0,0.0,0.0,0.0,0.25999999046325684,-0.4300000071525574,0.20000000298023224,-0.33000001311302185,-0.25999999046325684,0.4300000071525574,-0.20000000298023224,0.33000001311302185,-0.09099999666213988,0.15050000250339507,-0.07000000104308128,0.11550000458955764,0.0,0.0,0.0,0.0,-1,1,-1,1,0,0,0,0,0,0,0,0
1783308569.0656047,0.0,0.0,0.0,0.0,0.0,0,0.0,0.0,0.0,0.0,0.25999999046325684,-0.4300000071525574,0.20000000298023224,-0.33000001311302185,-0.25999999046325684,0.4300000071525574,-0.20000000298023224,0.33000001311302185,-0.09099999666213988,0.15050000250339507,-0.07000000104308128,0.11550000458955764,0.0,0.0,0.0,0.0,-1,1,-1,1,0,0,0,0,0,0,0,0
1783308569.0856595,0.0,0.0,0.0,0.0,0.0,0,0.0,0.0,0.0,0.0,0.4099999964237213,-0.30000001192092896,0.14000000059604645,-0.23000000417232513,-0.4099999964237213,0.30000001192092896,-0.14000000059604645,0.23000000417232513,-0.14349999874830244,0.10500000417232513,-0.04900000020861625,0.08050000146031379,0.0,0.0,0.0,0.0,-1,1,-1,1,0,0,0,0,0,0,0,0
1783308569.1056519,0.0,0.0,0.0,0.0,0.0,0,0.0,0.0,0.0,0.0,0.4099999964237213,-0.30000001192092896,0.14000000059604645,-0.23000000417232513,-0.4099999964237213,0.30000001192092896,-0.14000000059604645,0.23000000417232513,-0.14349999874830244,0.10500000417232513,-0.04900000020861625,0.08050000146031379,0.0,0.0,0.0,0.0,-1,1,-1,1,0,0,0,0,0,0,0,0
1783308569.125567,0.0,0.0,0.0,0.0,0.0,0,0.0,0.0,0.0,0.0,0.4099999964237213,-0.30000001192092896,0.14000000059604645,-0.23000000417232513,-0.4099999964237213,0.30000001192092896,-0.14000000059604645,0.23000000417232513,-0.14349999874830244,0.10500000417232513,-0.04900000020861625,0.08050000146031379,0.0,0.0,0.0,0.0,-1,1,-1,1,0,0,0,0,0,0,0,0
1783308569.1456366,0.0,0.0,0.0,0.0,0.0,0,0.0,0.0,0.0,0.0,0.28999999165534973,-0.20999999344348907,0.10000000149011612,-0.1599999964237213,-0.28999999165534973,0.20999999344348907,-0.10000000149011612,0.1599999964237213,-0.1014999970793724,0.07349999770522117,-0.03500000052154064,0.05599999874830246,0.0,0.0,0.0,0.0,-1,1,-1,1,0,0,0,0,0,0,0,0
1783308569.165608,0.0,0.0,0.12,0.0,0.0,1,10.225092959257768,-10.225092959257768,10.225092959257768,-10.225092959257768,0.28999999165534973,-0.20999999344348907,0.10000000149011612,-0.1599999964237213,9.935092967602419,-10.01509296581428,10.125092957767652,-10.065092962834047,3.4772825386608464,-3.5052825380349977,3.543782535218678,-3.522782536991916,0.08941583670842178,-0.09013583669232851,0.09112583661990888,-0.09058583666550643,-1,1,-1,1,-18,-18,-18,-18,-22,-22,-22,-22
1783308569.1857107,0.0,0.0,0.12,0.0,0.0,1,10.225092959257768,-10.225092959257768,10.225092959257768,-10.225092959257768,0.20000000298023224,-0.15000000596046448,0.07000000029802322,-0.10999999940395355,10.025092956277536,-10.075092953297304,10.155092958959745,-10.115092959853815,3.5087825346971373,-3.526282533654056,3.5542825356359105,-3.540282535948835,0.1796416733149196,-0.18081167327200426,0.18252167325054658,-0.18162167330419077,-1,1,-1,1,-18,-18,-18,-18,-22,-22,-22,-22
1783308569.205566,0.0,0.0,0.0,0.0,0.0,0,0.0,0.0,0.0,0.0,0.20000000298023224,-0.15000000596046448,0.07000000029802322,-0.10999999940395355,-0.20000000298023224,0.15000000596046448,-0.07000000029802322,0.10999999940395355,-0.07000000104308128,0.05250000208616257,-0.024500000104308126,0.03849999979138374,0.0,0.0,0.0,0.0,-1,1,-1,1,0,0,0,0,0,0,0,0
1783308569.2255988,0.0,0.0,0.0,0.0,0.0,0,0.0,0.0,0.0,0.0,0.20000000298023224,-0.15000000596046448,0.07000000029802322,-0.10999999940395355,-0.20000000298023224,0.15000000596046448,-0.07000000029802322,0.10999999940395355,-0.07000000104308128,0.05250000208616257,-0.024500000104308126,0.03849999979138374,0.0,0.0,0.0,0.0,-1,1,-1,1,0,0,0,0,0,0,0,0
1783308569.2455838,0.0,0.0,0.0,0.0,0.0,0,0.0,0.0,0.0,0.0,0.5899999737739563,-0.7799999713897705,0.27000001072883606,-0.3100000023841858,-0.5899999737739563,0.7799999713897705,-0.27000001072883606,0.3100000023841858,-0.2064999908208847,0.27299998998641967,-0.09450000375509261,0.10850000083446502,0.0,0.0,0.0,0.0,-1,1,-1,1,0,0,0,0,0,0,0,0
1783308569.2656646,0.0,0.0,0.0,0.0,0.0,0,0.0,0.0,0.0,0.0,0.5899999737739563,-0.7799999713897705,0.27000001072883606,-0.3100000023841858,-0.5899999737739563,0.7799999713897705,-0.27000001072883606,0.3100000023841858,-0.2064999908208847,0.27299998998641967,-0.09450000375509261,0.10850000083446502,0.0,0.0,0.0,0.0,-1,1,-1,1,0,0,0,0,0,0,0,0
1783308569.285683,0.0,0.0,0.0,0.0,0.0,0,0.0,0.0,0.0,0.0,0.41999998688697815,-0.550000011920929,-0.029999999329447746,-0.20999999344348907,-0.41999998688697815,0.550000011920929,0.029999999329447746,0.20999999344348907,-0.14699999541044234,0.19250000417232513,0.01049999976530671,0.07349999770522117,0.0,0.0,0.0,0.0,-1,1,-1,1,0,0,0,0,0,0,0,0
1783308569.3055847,0.0,0.0,0.0,0.0,0.0,0,0.0,0.0,0.0,0.0,0.41999998688697815,-0.550000011920929,-0.029999999329447746,-0.20999999344348907,-0.41999998688697815,0.550000011920929,0.029999999329447746,0.20999999344348907,-0.14699999541044234,0.19250000417232513,0.01049999976530671,0.07349999770522117,0.0,0.0,0.0,0.0,-1,1,-1,1,0,0,0,0,0,0,0,0
1783308569.3256748,0.0,0.0,0.0,0.0,0.0,0,0.0,0.0,0.0,0.0,0.41999998688697815,-0.550000011920929,-0.029999999329447746,-0.20999999344348907,-0.41999998688697815,0.550000011920929,0.029999999329447746,0.20999999344348907,-0.14699999541044234,0.19250000417232513,0.01049999976530671,0.07349999770522117,0.0,0.0,0.0,0.0,-1,1,-1,1,0,0,0,0,0,0,0,0
1783308569.3457308,0.0,0.0,0.12,0.0,0.0,1,10.225092959257768,-10.225092959257768,10.225092959257768,-10.225092959257768,0.28999999165534973,-0.3799999952316284,-0.019999999552965164,-0.15000000596046448,9.935092967602419,-9.84509296402614,10.245092958810734,-10.075092953297304,3.4772825386608464,-3.4457825374091486,3.5857825355837565,-3.526282533654056,0.08941583670842178,-0.08860583667623527,0.09220583662929661,-0.09067583657967575,-1,1,-1,1,-18,-18,-18,-18,-22,-22,-22,-22
1783308569.3656313,0.0,0.0,0.12,0.0,0.0,1,10.225092959257768,-10.225092959257768,10.225092959257768,-10.225092959257768,0.28999999165534973,-0.3799999952316284,-0.019999999552965164,-0.15000000596046448,9.935092967602419,-9.84509296402614,10.245092958810734,-10.075092953297304,3.4772825386608464,-3.4457825374091486,3.5857825355837565,-3.526282533654056,0.17883167341684356,-0.17721167335247054,0.18441167325859323,-0.1813516731593515,-1,1,-1,1,-18,-18,-18,-18,-22,-22,-22,-22
1783308569.3857372,0.0,0.0,0.0,0.0,0.0,0,0.0,0.0,0.0,0.0,0.20000000298023224,-0.27000001072883606,-0.019999999552965164,-0.10999999940395355,-0.20000000298023224,0.27000001072883606,0.019999999552965164,0.10999999940395355,-0.07000000104308128,0.09450000375509261,0.006999999843537807,0.03849999979138374,0.0,0.0,0.0,0.0,-1,1,-1,1,0,0,0,0,0,0,0,0
1783308569.4055793,0.0,0.0,0.0,0.0,0.0,0,0.0,0.0,0.0,0.0,0.20000000298023224,-0.27000001072883606,-0.019999999552965164,-0.10999999940395355,-0.20000000298023224,0.27000001072883606,0.019999999552965164,0.10999999940395355,-0.07000000104308128,0.09450000375509261,0.006999999843537807,0.03849999979138374,0.0,0.0,0.0,0.0,-1,1,-1,1,0,0,0,0,0,0,0,0
1783308569.4256022,0.0,0.0,0.0,0.0,0.0,0,0.0,0.0,0.0,0.0,0.20000000298023224,-0.27000001072883606,-0.019999999552965164,-0.10999999940395355,-0.20000000298023224,0.27000001072883606,0.019999999552965164,0.10999999940395355,-0.07000000104308128,0.09450000375509261,0.006999999843537807,0.03849999979138374,0.0,0.0,0.0,0.0,-1,1,-1,1,0,0,0,0,0,0,0,0
1783308569.445594,0.0,0.0,0.0,0.0,0.0,0,0.0,0.0,0.0,0.0,0.3700000047683716,-0.4099999964237213,-0.009999999776482582,-0.30000001192092896,-0.3700000047683716,0.4099999964237213,0.009999999776482582,0.30000001192092896,-0.12950000166893005,0.14349999874830244,0.0034999999217689036,0.10500000417232513,0.0,0.0,0.0,0.0,-1,1,-1,1,0,0,0,0,0,0,0,0
1783308569.465601,0.0,0.0,0.0,0.0,0.0,0,0.0,0.0,0.0,0.0,0.3700000047683716,-0.4099999964237213,-0.009999999776482582,-0.30000001192092896,-0.3700000047683716,0.4099999964237213,0.009999999776482582,0.30000001192092896,-0.12950000166893005,0.14349999874830244,0.0034999999217689036,0.10500000417232513,0.0,0.0,0.0,0.0,-1,1,-1,1,0,0,0,0,0,0,0,0
1783308569.4856415,0.0,0.0,0.0,0.0,0.0,0,0.0,0.0,0.0,0.0,0.25999999046325684,-0.28999999165534973,-0.009999999776482582,-0.20999999344348907,-0.25999999046325684,0.28999999165534973,0.009999999776482582,0.20999999344348907,-0.09099999666213988,0.1014999970793724,0.0034999999217689036,0.07349999770522117,0.0,0.0,0.0,0.0,-1,1,-1,1,0,0,0,0,0,0,0,0
1783308569.5055711,0.0,0.0,0.0,0.0,0.0,0,0.0,0.0,0.0,0.0,0.25999999046325684,-0.28999999165534973,-0.009999999776482582,-0.20999999344348907,-0.25999999046325684,0.28999999165534973,0.009999999776482582,0.20999999344348907,-0.09099999666213988,0.1014999970793724,0.0034999999217689036,0.07349999770522117,0.0,0.0,0.0,0.0,-1,1,-1,1,0,0,0,0,0,0,0,0
1783308569.525596,0.0,0.0,0.12,0.0,0.0,1,10.225092959257768,-10.225092959257768,10.225092959257768,-10.225092959257768,0.25999999046325684,-0.28999999165534973,-0.009999999776482582,-0.20999999344348907,9.965092968794512,-9.935092967602419,10.235092959034251,-10.01509296581428,3.487782539078079,-3.4772825386608464,3.5822825356619874,-3.5052825380349977,0.08968583671915062,-0.08941583670842178,0.09211583663130826,-0.09013583669232851,-1,1,-1,1,-18,-18,-18,-18,-22,-22,-22,-22
1783308569.5455866,0.0,0.0,0.12,0.0,0.0,1,10.225092959257768,-10.225092959257768,10.225092959257768,-10.225092959257768,0.18000000715255737,-0.20000000298023224,-0.009999999776482582,-0.15000000596046448,10.045092952105211,-10.025092956277536,10.235092959034251,-10.075092953297304,3.5157825332368238,-3.5087825346971373,3.5822825356619874,-3.526282533654056,0.1800916732880975,-0.1796416733149196,0.18423167326261652,-0.18081167327200426,-1,1,-1,1,-18,-18,-18,-18,-22,-22,-22,-22
1783308569.5656772,0.0,0.0,0.0,0.0,0.0,0,0.0,0.0,0.0,0.0,0.18000000715255737,-0.20000000298023224,-0.009999999776482582,-0.15000000596046448,-0.18000000715255737,0.20000000298023224,0.009999999776482582,0.15000000596046448,-0.06300000250339508,0.07000000104308128,0.0034999999217689036,0.05250000208616257,0.0,0.0,0.0,0.0,-1,1,-1,1,0,0,0,0,0,0,0,0
1783308569.5856123,0.0,0.0,0.0,0.0,0.0,0,0.0,0.0,0.0,0.0,0.12999999523162842,-0.14000000059604645,0.2199999988079071,-0.33000001311302185,-0.12999999523162842,0.14000000059604645,-0.2199999988079071,0.33000001311302185,-0.04549999833106994,0.04900000020861625,-0.07699999958276749,0.11550000458955764,0.0,0.0,0.0,0.0,-1,1,-1,1,0,0,0,0,0,0,0,0
1783308569.6055806,0.0,0.0,0.0,0.0,0.0,0,0.0,0.0,0.0,0.0,0.12999999523162842,-0.14000000059604645,0.2199999988079071,-0.33000001311302185,-0.12999999523162842,0.14000000059604645,-0.2199999988079071,0.33000001311302185,-0.04549999833106994,0.04900000020861625,-0.07699999958276749,0.11550000458955764,0.0,0.0,0.0,0.0,-1,1,-1,1,0,0,0,0,0,0,0,0
1783308569.6256328,0.0,0.0,0.0,0.0,0.0,0,0.0,0.0,0.0,0.0,0.12999999523162842,-0.14000000059604645,0.2199999988079071,-0.33000001311302185,-0.12999999523162842,0.14000000059604645,-0.2199999988079071,0.33000001311302185,-0.04549999833106994,0.04900000020861625,-0.07699999958276749,0.11550000458955764,0.0,0.0,0.0,0.0,-1,1,-1,1,0,0,0,0,0,0,0,0
1783308569.6455815,0.0,0.0,0.0,0.0,0.0,0,0.0,0.0,0.0,0.0,0.09000000357627869,-0.10000000149011612,-0.07000000029802322,-0.23000000417232513,-0.09000000357627869,0.10000000149011612,0.07000000029802322,0.23000000417232513,-0.03150000125169754,0.03500000052154064,0.024500000104308126,0.08050000146031379,0.0,0.0,0.0,0.0,-1,1,-1,1,0,0,0,0,0,0,0,0
1783308569.6655638,0.0,0.0,0.0,0.0,0.0,0,0.0,0.0,0.0,0.0,0.09000000357627869,-0.10000000149011612,-0.07000000029802322,-0.23000000417232513,-0.09000000357627869,0.10000000149011612,0.07000000029802322,0.23000000417232513,-0.03150000125169754,0.03500000052154064,0.024500000104308126,0.08050000146031379,0.0,0.0,0.0,0.0,-1,1,-1,1,0,0,0,0,0,0,0,0
1783308569.6856322,0.0,0.0,0.0,0.0,0.0,0,0.0,0.0,0.0,0.0,0.05999999865889549,-0.07000000029802322,-0.05000000074505806,-0.1599999964237213,-0.05999999865889549,0.07000000029802322,0.05000000074505806,0.1599999964237213,-0.02099999953061342,0.024500000104308126,0.01750000026077032,0.05599999874830246,0.0,0.0,0.0,0.0,-1,1,-1,1,0,0,0,0,0,0,0,0
1783308569.7056801,0.0,0.0,0.12,0.0,0.0,1,10.225092959257768,-10.225092959257768,10.225092959257768,-10.225092959257768,0.05999999865889549,-0.07000000029802322,-0.05000000074505806,-0.1599999964237213,10.165092960598873,-10.155092958959745,10.275092960002826,-10.065092962834047,3.557782536209605,-3.5542825356359105,3.596282536000989,-3.522782536991916,0.09148583664538987,-0.09139583663063772,0.09247583664002544,-0.09058583666550643,-1,1,-1,1,-18,-18,-18,-18,-22,-22,-22,-22
1783308569.7255886,0.0,0.0,0.12,0.0,0.0,1,10.225092959257768,-10.225092959257768,10.225092959257768,-10.225092959257768,0.05999999865889549,-0.07000000029802322,-0.05000000074505806,-0.1599999964237213,10.165092960598873,-10.155092958959745,10.275092960002826,-10.065092962834047,3.557782536209605,-3.5542825356359105,3.596282536000989,-3.522782536991916,0.18297167329077973,-0.18279167326127543,0.18495167328005088,-0.18117167333101286,-1,1,-1,1,-18,-18,-18,-18,-22,-22,-22,-22
1783308569.7455635,0.0,0.0,0.0,0.0,0.0,0,0.0,0.0,0.0,0.0,0.03999999910593033,-0.05000000074505806,-0.029999999329447746,-0.10999999940395355,-0.03999999910593033,0.05000000074505806,0.029999999329447746,0.10999999940395355,-0.013999999687075614,0.01750000026077032,0.01049999976530671,0.03849999979138374,0.0,0.0,0.0,0.0,-1,1,-1,1,0,0,0,0,0,0,0,0
1783308569.7656748,0.0,0.0,0.0,0.0,0.0,0,0.0,0.0,0.0,0.0,0.03999999910593033,-0.05000000074505806,-0.029999999329447746,-0.10999999940395355,-0.03999999910593033,0.05000000074505806,0.029999999329447746,0.10999999940395355,-0.013999999687075614,0.01750000026077032,0.01049999976530671,0.03849999979138374,0.0,0.0,0.0,0.0,-1,1,-1,1,0,0,0,0,0,0,0,0
1783308569.7856731,0.0,0.0,0.0,0.0,0.0,0,0.0,0.0,0.0,0.0,0.25999999046325684,-0.49000000953674316,0.20000000298023224,-0.3100000023841858,-0.25999999046325684,0.49000000953674316,-0.20000000298023224,0.3100000023841858,-0.09099999666213988,0.17150000333786009,-0.07000000104308128,0.10850000083446502,0.0,0.0,0.0,0.0,-1,1,-1,1,0,0,0,0,0,0,0,0
1783308569.8055773,0.0,0.0,0.0,0.0,0.0,0,0.0,0.0,0.0,0.0,0.25999999046325684,-0.49000000953674316,0.20000000298023224,-0.3100000023841858,-0.25999999046325684,0.49000000953674316,-0.20000000298023224,0.3100000023841858,-0.09099999666213988,0.17150000333786009,-0.07000000104308128,0.10850000083446502,0.0,0.0,0.0,0.0,-1,1,-1,1,0,0,0,0,0,0,0,0
1783308569.8255637,0.0,0.0,0.0,0.0,0.0,0,0.0,0.0,0.0,0.0,0.25999999046325684,-0.49000000953674316,0.20000000298023224,-0.3100000023841858,-0.25999999046325684,0.49000000953674316,-0.20000000298023224,0.3100000023841858,-0.09099999666213988,0.17150000333786009,-0.07000000104308128,0.10850000083446502,0.0,0.0,0.0,0.0,-1,1,-1,1,0,0,0,0,0,0,0,0
1783308569.8455646,0.0,0.0,0.0,0.0,0.0,0,0.0,0.0,0.0,0.0,0.18000000715255737,-0.10999999940395355,-0.07999999821186066,-0.20999999344348907,-0.18000000715255737,0.10999999940395355,0.07999999821186066,0.20999999344348907,-0.06300000250339508,0.03849999979138374,0.02799999937415123,0.07349999770522117,0.0,0.0,0.0,0.0,-1,1,-1,1,0,0,0,0,0,0,0,0
1783308569.865575,0.0,0.0,0.0,0.0,0.0,0,0.0,0.0,0.0,0.0,0.18000000715255737,-0.10999999940395355,-0.07999999821186066,-0.20999999344348907,-0.18000000715255737,0.10999999940395355,0.07999999821186066,0.20999999344348907,-0.06300000250339508,0.03849999979138374,0.02799999937415123,0.07349999770522117,0.0,0.0,0.0,0.0,-1,1,-1,1,0,0,0,0,0,0,0,0
1783308569.8856542,0.0,0.0,0.12,0.0,0.0,1,10.225092959257768,-10.225092959257768,10.225092959257768,-10.225092959257768,0.12999999523162842,-0.07999999821186066,-0.05999999865889549,-0.15000000596046448,10.09509296402614,-10.145092961045908,10.285092957916664,-10.075092953297304,3.5332825374091485,-3.5507825363660674,3.599782535270832,-3.526282533654056,0.09085583667623526,-0.09130583664941318,0.09256583662124998,-0.09067583657967575,-1,1,-1,1,-18,-18,-18,-18,-22,-22,-22,-22
1783308569.9055977,0.0,0.0,0.12,0.0,0.0,1,10.225092959257768,-10.225092959257768,10.225092959257768,-10.225092959257768,0.12999999523162842,-0.07999999821186066,-0.05999999865889549,-0.15000000596046448,10.09509296402614,-10.145092961045908,10.285092957916664,-10.075092953297304,3.5332825374091485,-3.5507825363660674,3.599782535270832,-3.526282533654056,0.18171167335247052,-0.18261167329882635,0.18513167324249996,-0.1813516731593515,-1,1,-1,1,-18,-18,-18,-18,-22,-22,-22,-22
1783308569.9255888,0.0,0.0,0.0,0.0,0.0,0,0.0,0.0,0.0,0.0,0.12999999523162842,-0.07999999821186066,-0.05999999865889549,-0.15000000596046448,-0.12999999523162842,0.07999999821186066,0.05999999865889549,0.15000000596046448,-0.04549999833106994,0.02799999937415123,0.02099999953061342,0.05250000208616257,0.0,0.0,0.0,0.0,-1,1,-1,1,0,0,0,0,0,0,0,0
1783308569.945645,0.0,0.0,0.0,0.0,0.0,0,0.0,0.0,0.0,0.0,0.3100000023841858,-0.2800000011920929,0.18000000715255737,-0.33000001311302185,-0.3100000023841858,0.2800000011920929,-0.18000000715255737,0.33000001311302185,-0.10850000083446502,0.0980000004172325,-0.06300000250339508,0.11550000458955764,0.0,0.0,0.0,0.0,-1,1,-1,1,0,0,0,0,0,0,0,0
1783308569.9655879,0.0,0.0,0.0,0.0,0.0,0,0.0,0.0,0.0,0.0,0.3100000023841858,-0.2800000011920929,0.18000000715255737,-0.33000001311302185,-0.3100000023841858,0.2800000011920929,-0.18000000715255737,0.33000001311302185,-0.10850000083446502,0.0980000004172325,-0.06300000250339508,0.11550000458955764,0.0,0.0,0.0,0.0,-1,1,-1,1,0,0,0,0,0,0,0,0
1783308569.9857001,0.0,0.0,0.0,0.0,0.0,0,0.0,0.0,0.0,0.0,0.2199999988079071,-0.41999998688697815,0.36000001430511475,-0.23000000417232513,-0.2199999988079071,0.41999998688697815,-0.36000001430511475,0.23000000417232513,-0.07699999958276749,0.14699999541044234,-0.12600000500679015,0.08050000146031379,0.0,0.0,0.0,0.0,-1,1,-1,1,0,0,0,0,0,0,0,0
1783308570.0056102,0.0,0.0,0.0,0.0,0.0,0,0.0,0.0,0.0,0.0,0.2199999988079071,-0.41999998688697815,0.36000001430511475,-0.23000000417232513,-0.2199999988079071,0.41999998688697815,-0.36000001430511475,0.23000000417232513,-0.07699999958276749,0.14699999541044234,-0.12600000500679015,0.08050000146031379,0.0,0.0,0.0,0.0,-1,1,-1,1,0,0,0,0,0,0,0,0
1783308570.0255737,0.0,0.0,0.0,0.0,0.0,0,0.0,0.0,0.0,0.0,0.2199999988079071,-0.41999998688697815,0.36000001430511475,-0.23000000417232513,-0.2199999988079071,0.41999998688697815,-0.36000001430511475,0.23000000417232513,-0.07699999958276749,0.14699999541044234,-0.12600000500679015,0.08050000146031379,0.0,0.0,0.0,0.0,-1,1,-1,1,0,0,0,0,0,0,0,0
1783308570.045562,0.0,0.0,0.0,0.0,0.0,0,0.0,0.0,0.0,0.0,0.15000000596046448,-0.30000001192092896,0.019999999552965164,-0.1599999964237213,-0.15000000596046448,0.30000001192092896,-0.019999999552965164,0.1599999964237213,-0.05250000208616257,0.10500000417232513,-0.006999999843537807,0.05599999874830246,0.0,0.0,0.0,0.0,-1,1,-1,1,0,0,0,0,0,0,0,0
1783308570.0657175,0.0,0.0,0.12,0.0,0.0,1,10.225092959257768,-10.225092959257768,10.225092959257768,-10.225092959257768,0.15000000596046448,-0.30000001192092896,0.019999999552965164,-0.1599999964237213,10.075092953297304,-9.92509294733684,10.205092959704803,-10.065092962834047,3.526282533654056,-3.4737825315678936,3.571782535896681,-3.522782536991916,0.09067583657967575,-0.08932583652603157,0.09184583663734323,-0.09058583666550643,-1,1,-1,1,-18,-18,-18,-18,-22,-22,-22,-22
1783308570.08575,0.0,0.0,0.12,0.0,0.0,1,10.225092959257768,-10.225092959257768,10.225092959257768,-10.225092959257768,0.10999999940395355,-0.20999999344348907,0.019999999552965164,-0.10999999940395355,10.115092959853815,-10.01509296581428,10.205092959704803,-10.115092959853815,3.540282535948835,-3.5052825380349977,3.571782535896681,-3.540282535948835,0.1817116732183601,-0.1794616732183601,0.18369167327468647,-0.18162167330419077,-1,1,-1,1,-18,-18,-18,-18,-22,-22,-22,-22
1783308570.1055708,0.0,0.0,0.0,0.0,0.0,0,0.0,0.0,0.0,0.0,0.10999999940395355,-0.20999999344348907,0.019999999552965164,-0.10999999940395355,-0.10999999940395355,0.20999999344348907,-0.019999999552965164,0.10999999940395355,-0.03849999979138374,0.07349999770522117,-0.006999999843537807,0.03849999979138374,0.0,0.0,0.0,0.0,-1,1,-1,1,0,0,0,0,0,0,0,0
1783308570.1255727,0.0,0.0,0.0,0.0,0.0,0,0.0,0.0,0.0,0.0,0.10999999940395355,-0.20999999344348907,0.019999999552965164,-0.10999999940395355,-0.10999999940395355,0.20999999344348907,-0.019999999552965164,0.10999999940395355,-0.03849999979138374,0.07349999770522117,-0.006999999843537807,0.03849999979138374,0.0,0.0,0.0,0.0,-1,1,-1,1,0,0,0,0,0,0,0,0
1783308570.1455772,0.0,0.0,0.0,0.0,0.0,0,0.0,0.0,0.0,0.0,0.30000001192092896,-0.6000000238418579,0.23999999463558197,-0.3100000023841858,-0.30000001192092896,0.6000000238418579,-0.23999999463558197,0.3100000023841858,-0.10500000417232513,0.21000000834465027,-0.08399999812245368,0.10850000083446502,0.0,0.0,0.0,0.0,-1,1,-1,1,0,0,0,0,0,0,0,0
1783308570.1655698,0.0,0.0,0.0,0.0,0.0,0,0.0,0.0,0.0,0.0,0.30000001192092896,-0.6000000238418579,0.23999999463558197,-0.3100000023841858,-0.30000001192092896,0.6000000238418579,-0.23999999463558197,0.3100000023841858,-0.10500000417232513,0.21000000834465027,-0.08399999812245368,0.10850000083446502,0.0,0.0,0.0,0.0,-1,1,-1,1,0,0,0,0,0,0,0,0
1783308570.1856844,0.0,0.0,0.0,0.0,0.0,0,0.0,0.0,0.0,0.0,-0.019999999552965164,-0.41999998688697815,-0.05999999865889549,-0.20999999344348907,0.019999999552965164,0.41999998688697815,0.05999999865889549,0.20999999344348907,0.006999999843537807,0.14699999541044234,0.02099999953061342,0.07349999770522117,0.0,0.0,0.0,0.0,-1,1,-1,1,0,0,0,0,0,0,0,0
1783308570.2055671,0.0,0.0,0.0,0.0,0.0,0,0.0,0.0,0.0,0.0,-0.019999999552965164,-0.41999998688697815,-0.05999999865889549,-0.20999999344348907,0.019999999552965164,0.41999998688697815,0.05999999865889549,0.20999999344348907,0.006999999843537807,0.14699999541044234,0.02099999953061342,0.07349999770522117,0.0,0.0,0.0,0.0,-1,1,-1,1,0,0,0,0,0,0,0,0
1783308570.2256014,0.0,0.0,0.0,0.0,0.0,0,0.0,0.0,0.0,0.0,-0.019999999552965164,-0.41999998688697815,-0.05999999865889549,-0.20999999344348907,0.019999999552965164,0.41999998688697815,0.05999999865889549,0.20999999344348907,0.006999999843537807,0.14699999541044234,0.02099999953061342,0.07349999770522117,0.0,0.0,0.0,0.0,-1,1,-1,1,0,0,0,0,0,0,0,0
1783308570.2455897,0.0,0.0,0.12,0.0,0.0,1,10.225092959257768,-10.225092959257768,10.225092959257768,-10.225092959257768,-0.009999999776482582,-0.28999999165534973,-0.03999999910593033,-0.15000000596046448,10.235092959034251,-9.935092967602419,10.265092958363699,-10.075092953297304,3.5822825356619874,-3.4772825386608464,3.592782535427294,-3.526282533654056,0.09211583663130826,-0.08941583670842178,0.09238583662527329,-0.09067583657967575,-1,1,-1,1,-18,-18,-18,-18,-22,-22,-22,-22
1783308570.26567,0.0,0.0,0.12,0.0,0.0,1,10.225092959257768,-10.225092959257768,10.225092959257768,-10.225092959257768,-0.009999999776482582,-0.28999999165534973,-0.03999999910593033,-0.15000000596046448,10.235092959034251,-9.935092967602419,10.265092958363699,-10.075092953297304,3.5822825356619874,-3.4772825386608464,3.592782535427294,-3.526282533654056,0.18423167326261652,-0.17883167341684356,0.18477167325054658,-0.1813516731593515,-1,1,-1,1,-18,-18,-18,-18,-22,-22,-22,-22
1783308570.285677,0.0,0.0,0.0,0.0,0.0,0,0.0,0.0,0.0,0.0,0.2199999988079071,-0.20999999344348907,-0.029999999329447746,-0.10000000149011612,-0.2199999988079071,0.20999999344348907,0.029999999329447746,0.10000000149011612,-0.07699999958276749,0.07349999770522117,0.01049999976530671,0.03500000052154064,0.0,0.0,0.0,0.0,-1,1,-1,1,0,0,0,0,0,0,0,0
1783308570.3056445,0.0,0.0,0.0,0.0,0.0,0,0.0,0.0,0.0,0.0,0.2199999988079071,-0.20999999344348907,-0.029999999329447746,-0.10000000149011612,-0.2199999988079071,0.20999999344348907,0.029999999329447746,0.10000000149011612,-0.07699999958276749,0.07349999770522117,0.01049999976530671,0.03500000052154064,0.0,0.0,0.0,0.0,-1,1,-1,1,0,0,0,0,0,0,0,0
1783308570.3255606,0.0,0.0,0.0,0.0,0.0,0,0.0,0.0,0.0,0.0,0.2199999988079071,-0.20999999344348907,-0.029999999329447746,-0.10000000149011612,-0.2199999988079071,0.20999999344348907,0.029999999329447746,0.10000000149011612,-0.07699999958276749,0.07349999770522117,0.01049999976530671,0.03500000052154064,0.0,0.0,0.0,0.0,-1,1,-1,1,0,0,0,0,0,0,0,0
1783308570.345651,0.0,0.0,0.0,0.0,0.0,0,0.0,0.0,0.0,0.0,0.3799999952316284,-0.3700000047683716,0.20999999344348907,-0.30000001192092896,-0.3799999952316284,0.3700000047683716,-0.20999999344348907,0.30000001192092896,-0.13299999833106993,0.12950000166893005,-0.07349999770522117,0.10500000417232513,0.0,0.0,0.0,0.0,-1,1,-1,1,0,0,0,0,0,0,0,0
1783308570.365688,0.0,0.0,0.0,0.0,0.0,0,0.0,0.0,0.0,0.0,0.3799999952316284,-0.3700000047683716,0.20999999344348907,-0.30000001192092896,-0.3799999952316284,0.3700000047683716,-0.20999999344348907,0.30000001192092896,-0.13299999833106993,0.12950000166893005,-0.07349999770522117,0.10500000417232513,0.0,0.0,0.0,0.0,-1,1,-1,1,0,0,0,0,0,0,0,0
1783308570.385648,0.0,0.0,0.0,0.0,0.0,0,0.0,0.0,0.0,0.0,0.27000001072883606,-0.25999999046325684,-0.07999999821186066,-0.20999999344348907,-0.27000001072883606,0.25999999046325684,0.07999999821186066,0.20999999344348907,-0.09450000375509261,0.09099999666213988,0.02799999937415123,0.07349999770522117,0.0,0.0,0.0,0.0,-1,1,-1,1,0,0,0,0,0,0,0,0
1783308570.405608,0.0,0.0,0.0,0.0,0.0,0,0.0,0.0,0.0,0.0,0.27000001072883606,-0.25999999046325684,-0.07999999821186066,-0.20999999344348907,-0.27000001072883606,0.25999999046325684,0.07999999821186066,0.20999999344348907,-0.09450000375509261,0.09099999666213988,0.02799999937415123,0.07349999770522117,0.0,0.0,0.0,0.0,-1,1,-1,1,0,0,0,0,0,0,0,0
1783308570.4256017,0.0,0.0,0.12,0.0,0.0,1,10.225092959257768,-10.225092959257768,10.225092959257768,-10.225092959257768,0.27000001072883606,-0.25999999046325684,-0.07999999821186066,-0.20999999344348907,9.955092948528932,-9.965092968794512,10.305092957469629,-10.01509296581428,3.484282531985126,-3.487782539078079,3.60678253511437,-3.5052825380349977,0.0895958365367604,-0.08968583671915062,0.09274583661722666,-0.09013583669232851,-1,1,-1,1,-18,-18,-18,-18,-22,-22,-22,-22
1783308570.4456317,0.0,0.0,0.12,0.0,0.0,1,10.225092959257768,-10.225092959257768,10.225092959257768,-10.225092959257768,0.1899999976158142,-0.18000000715255737,-0.05999999865889549,-0.15000000596046448,10.035092961641954,-10.045092952105211,10.285092957916664,-10.075092953297304,3.5122825365746837,-3.5157825332368238,3.599782535270832,-3.526282533654056,0.179911673191538,-0.1800916732880975,0.18531167323847664,-0.18081167327200426,-1,1,-1,1,-18,-18,-18,-18,-22,-22,-22,-22
1783308570.465589,0.0,0.0,0.0,0.0,0.0,0,0.0,0.0,0.0,0.0,0.1899999976158142,-0.18000000715255737,-0.05999999865889549,-0.15000000596046448,-0.1899999976158142,0.18000000715255737,0.05999999865889549,0.15000000596046448,-0.06649999916553496,0.06300000250339508,0.02099999953061342,0.05250000208616257,0.0,0.0,0.0,0.0,-1,1,-1,1,0,0,0,0,0,0,0,0
1783308570.485645,0.0,0.0,0.0,0.0,0.0,0,0.0,0.0,0.0,0.0,0.36000001430511475,-0.5799999833106995,0.1899999976158142,-0.33000001311302185,-0.36000001430511475,0.5799999833106995,-0.1899999976158142,0.33000001311302185,-0.12600000500679015,0.2029999941587448,-0.06649999916553496,0.11550000458955764,0.0,0.0,0.0,0.0,-1,1,-1,1,0,0,0,0,0,0,0,0
1783308570.5056946,0.0,0.0,0.0,0.0,0.0,0,0.0,0.0,0.0,0.0,0.36000001430511475,-0.5799999833106995,0.1899999976158142,-0.33000001311302185,-0.36000001430511475,0.5799999833106995,-0.1899999976158142,0.33000001311302185,-0.12600000500679015,0.2029999941587448,-0.06649999916553496,0.11550000458955764,0.0,0.0,0.0,0.0,-1,1,-1,1,0,0,0,0,0,0,0,0
1783308570.525567,0.0,0.0,0.0,0.0,0.0,0,0.0,0.0,0.0,0.0,0.36000001430511475,-0.5799999833106995,0.1899999976158142,-0.33000001311302185,-0.36000001430511475,0.5799999833106995,-0.1899999976158142,0.33000001311302185,-0.12600000500679015,0.2029999941587448,-0.06649999916553496,0.11550000458955764,0.0,0.0,0.0,0.0,-1,1,-1,1,0,0,0,0,0,0,0,0
1783308570.545676,0.0,0.0,0.0,0.0,0.0,0,0.0,0.0,0.0,0.0,0.25,-0.6299999952316284,0.12999999523162842,-0.23000000417232513,-0.25,0.6299999952316284,-0.12999999523162842,0.23000000417232513,-0.0875,0.22049999833106992,-0.04549999833106994,0.08050000146031379,0.0,0.0,0.0,0.0,-1,1,-1,1,0,0,0,0,0,0,0,0
1783308570.5655792,0.0,0.0,0.0,0.0,0.0,0,0.0,0.0,0.0,0.0,0.25,-0.6299999952316284,0.12999999523162842,-0.23000000417232513,-0.25,0.6299999952316284,-0.12999999523162842,0.23000000417232513,-0.0875,0.22049999833106992,-0.04549999833106994,0.08050000146031379,0.0,0.0,0.0,0.0,-1,1,-1,1,0,0,0,0,0,0,0,0
1783308570.5857434,0.0,0.0,0.0,0.0,0.0,0,0.0,0.0,0.0,0.0,0.17000000178813934,-0.4399999976158142,-0.14000000059604645,-0.1599999964237213,-0.17000000178813934,0.4399999976158142,0.14000000059604645,0.1599999964237213,-0.059500000625848766,0.15399999916553497,0.04900000020861625,0.05599999874830246,0.0,0.0,0.0,0.0,-1,1,-1,1,0,0,0,0,0,0,0,0
1783308570.6056037,0.0,0.0,0.12,0.0,0.0,1,10.225092959257768,-10.225092959257768,10.225092959257768,-10.225092959257768,0.17000000178813934,-0.4399999976158142,-0.14000000059604645,-0.1599999964237213,10.055092957469629,-9.785092961641954,10.365092959853815,-10.065092962834047,3.5192825351143697,-3.424782536574684,3.627782535948835,-3.522782536991916,0.09049583661722667,-0.0880658366547776,0.09328583663868434,-0.09058583666550643,-1,1,-1,1,-18,-18,-18,-18,-22,-22,-22,-22
1783308570.625597,0.0,0.0,0.12,0.0,0.0,1,10.225092959257768,-10.225092959257768,10.225092959257768,-10.225092959257768,0.17000000178813934,-0.4399999976158142,-0.14000000059604645,-0.1599999964237213,10.055092957469629,-9.785092961641954,10.365092959853815,-10.065092962834047,3.5192825351143697,-3.424782536574684,3.627782535948835,-3.522782536991916,0.18099167323445334,-0.1761316733095552,0.18657167327736868,-0.18117167333101286,-1,1,-1,1,-18,-18,-18,-18,-22,-22,-22,-22
1783308570.6456783,0.0,0.0,0.0,0.0,0.0,0,0.0,0.0,0.0,0.0,0.11999999731779099,-0.3100000023841858,-0.09000000357627869,-0.10999999940395355,-0.11999999731779099,0.3100000023841858,0.09000000357627869,0.10999999940395355,-0.04199999906122684,0.10850000083446502,0.03150000125169754,0.03849999979138374,0.0,0.0,0.0,0.0,-1,1,-1,1,0,0,0,0,0,0,0,0
1783308570.665568,0.0,0.0,0.0,0.0,0.0,0,0.0,0.0,0.0,0.0,0.11999999731779099,-0.3100000023841858,-0.09000000357627869,-0.10999999940395355,-0.11999999731779099,0.3100000023841858,0.09000000357627869,0.10999999940395355,-0.04199999906122684,0.10850000083446502,0.03150000125169754,0.03849999979138374,0.0,0.0,0.0,0.0,-1,1,-1,1,0,0,0,0,0,0,0,0
1783308570.6856399,0.0,0.0,0.0,0.0,0.0,0,0.0,0.0,0.0,0.0,0.3100000023841858,-0.6700000166893005,0.1599999964237213,-0.3100000023841858,-0.3100000023841858,0.6700000166893005,-0.1599999964237213,0.3100000023841858,-0.10850000083446502,0.23450000584125516,-0.05599999874830246,0.10850000083446502,0.0,0.0,0.0,0.0,-1,1,-1,1,0,0,0,0,0,0,0,0
1783308570.7055807,0.0,0.0,0.0,0.0,0.0,0,0.0,0.0,0.0,0.0,0.3100000023841858,-0.6700000166893005,0.1599999964237213,-0.3100000023841858,-0.3100000023841858,0.6700000166893005,-0.1599999964237213,0.3100000023841858,-0.10850000083446502,0.23450000584125516,-0.05599999874830246,0.10850000083446502,0.0,0.0,0.0,0.0,-1,1,-1,1,0,0,0,0,0,0,0,0
1783308570.725575,0.0,0.0,0.0,0.0,0.0,0,0.0,0.0,0.0,0.0,0.3100000023841858,-0.6700000166893005,0.1599999964237213,-0.3100000023841858,-0.3100000023841858,0.6700000166893005,-0.1599999964237213,0.3100000023841858,-0.10850000083446502,0.23450000584125516,-0.05599999874830246,0.10850000083446502,0.0,0.0,0.0,0.0,-1,1,-1,1,0,0,0,0,0,0,0,0
1783308570.745578,0.0,0.0,0.0,0.0,0.0,0,0.0,0.0,0.0,0.0,-0.009999999776482582,-0.4699999988079071,0.10999999940395355,-0.20999999344348907,0.009999999776482582,0.4699999988079071,-0.10999999940395355,0.20999999344348907,0.0034999999217689036,0.16449999958276748,-0.03849999979138374,0.07349999770522117,0.0,0.0,0.0,0.0,-1,1,-1,1,0,0,0,0,0,0,0,0
1783308570.7656138,0.0,0.0,0.0,0.0,0.0,0,0.0,0.0,0.0,0.0,-0.009999999776482582,-0.4699999988079071,0.10999999940395355,-0.20999999344348907,0.009999999776482582,0.4699999988079071,-0.10999999940395355,0.20999999344348907,0.0034999999217689036,0.16449999958276748,-0.03849999979138374,0.07349999770522117,0.0,0.0,0.0,0.0,-1,1,-1,1,0,0,0,0,0,0,0,0
1783308570.7857878,0.0,0.0,0.12,0.0,0.0,1,10.225092959257768,-10.225092959257768,10.225092959257768,-10.225092959257768,-0.009999999776482582,-0.33000001311302185,0.07999999821186066,-0.15000000596046448,10.235092959034251,-9.895092946144747,10.145092961045908,-10.075092953297304,3.5822825356619874,-3.463282531150661,3.5507825363660674,-3.526282533654056,0.09211583663130826,-0.08905583651530272,0.09130583664941318,-0.09067583657967575,-1,1,-1,1,-18,-18,-18,-18,-22,-22,-22,-22
1783308570.8055825,0.0,0.0,0.0,0.0,0.0,0,0.0,0.0,0.0,0.0,-0.009999999776482582,-0.33000001311302185,0.07999999821186066,-0.15000000596046448,0.009999999776482582,0.33000001311302185,-0.07999999821186066,0.15000000596046448,0.0034999999217689036,0.11550000458955764,-0.02799999937415123,0.05250000208616257,0.0,0.0,0.0,0.0,-1,1,-1,1,0,0,0,0,0,0,0,0
1783308570.8256388,0.0,0.0,0.0,0.0,0.0,0,0.0,0.0,0.0,0.0,-0.009999999776482582,-0.33000001311302185,0.07999999821186066,-0.15000000596046448,0.009999999776482582,0.33000001311302185,-0.07999999821186066,0.15000000596046448,0.0034999999217689036,0.11550000458955764,-0.02799999937415123,0.05250000208616257,0.0,0.0,0.0,0.0,-1,1,-1,1,0,0,0,0,0,0,0,0
1783308570.8455842,0.0,0.0,0.0,0.0,0.0,0,0.0,0.0,0.0,0.0,0.2199999988079071,-0.23000000417232513,0.05000000074505806,-0.33000001311302185,-0.2199999988079071,0.23000000417232513,-0.05000000074505806,0.33000001311302185,-0.07699999958276749,0.08050000146031379,-0.01750000026077032,0.11550000458955764,0.0,0.0,0.0,0.0,-1,1,-1,1,0,0,0,0,0,0,0,0
1783308570.865656,0.0,0.0,0.0,0.0,0.0,0,0.0,0.0,0.0,0.0,0.2199999988079071,-0.23000000417232513,0.05000000074505806,-0.33000001311302185,-0.2199999988079071,0.23000000417232513,-0.05000000074505806,0.33000001311302185,-0.07699999958276749,0.08050000146031379,-0.01750000026077032,0.11550000458955764,0.0,0.0,0.0,0.0,-1,1,-1,1,0,0,0,0,0,0,0,0
1783308570.885744,0.0,0.0,0.0,0.0,0.0,0,0.0,0.0,0.0,0.0,-0.07000000029802322,-0.1599999964237213,0.03999999910593033,-0.23000000417232513,0.07000000029802322,0.1599999964237213,-0.03999999910593033,0.23000000417232513,0.024500000104308126,0.05599999874830246,-0.013999999687075614,0.08050000146031379,0.0,0.0,0.0,0.0,-1,1,-1,1,0,0,0,0,0,0,0,0
1783308570.9055643,0.0,0.0,0.0,0.0,0.0,0,0.0,0.0,0.0,0.0,-0.07000000029802322,-0.1599999964237213,0.03999999910593033,-0.23000000417232513,0.07000000029802322,0.1599999964237213,-0.03999999910593033,0.23000000417232513,0.024500000104308126,0.05599999874830246,-0.013999999687075614,0.08050000146031379,0.0,0.0,0.0,0.0,-1,1,-1,1,0,0,0,0,0,0,0,0
1783308570.92558,0.0,0.0,0.0,0.0,0.0,0,0.0,0.0,0.0,0.0,-0.07000000029802322,-0.1599999964237213,0.03999999910593033,-0.23000000417232513,0.07000000029802322,0.1599999964237213,-0.03999999910593033,0.23000000417232513,0.024500000104308126,0.05599999874830246,-0.013999999687075614,0.08050000146031379,0.0,0.0,0.0,0.0,-1,1,-1,1,0,0,0,0,0,0,0,0
1783308570.9455714,0.0,0.0,0.0,0.0,0.0,0,0.0,0.0,0.0,0.0,-0.05000000074505806,-0.10999999940395355,0.029999999329447746,-0.1599999964237213,0.05000000074505806,0.10999999940395355,-0.029999999329447746,0.1599999964237213,0.01750000026077032,0.03849999979138374,-0.01049999976530671,0.05599999874830246,0.0,0.0,0.0,0.0,-1,1,-1,1,0,0,0,0,0,0,0,0
1783308570.9655774,0.0,0.0,0.0,0.0,0.0,0,0.0,0.0,0.0,0.0,-0.05000000074505806,-0.10999999940395355,0.029999999329447746,-0.1599999964237213,0.05000000074505806,0.10999999940395355,-0.029999999329447746,0.1599999964237213,0.01750000026077032,0.03849999979138374,-0.01049999976530671,0.05599999874830246,0.0,0.0,0.0,0.0,-1,1,-1,1,0,0,0,0,0,0,0,0
1783308570.985712,0.0,0.0,0.0,0.0,0.0,0,0.0,0.0,0.0,0.0,-0.029999999329447746,-0.07999999821186066,0.019999999552965164,-0.10999999940395355,0.029999999329447746,0.07999999821186066,-0.019999999552965164,0.10999999940395355,0.01049999976530671,0.02799999937415123,-0.006999999843537807,0.03849999979138374,0.0,0.0,0.0,0.0,-1,1,-1,1,0,0,0,0,0,0,0,0
1783308571.0056808,0.0,0.0,0.0,0.0,0.0,0,0.0,0.0,0.0,0.0,-0.029999999329447746,-0.07999999821186066,0.019999999552965164,-0.10999999940395355,0.029999999329447746,0.07999999821186066,-0.019999999552965164,0.10999999940395355,0.01049999976530671,0.02799999937415123,-0.006999999843537807,0.03849999979138374,0.0,0.0,0.0,0.0,-1,1,-1,1,0,0,0,0,0,0,0,0
1783308571.0255866,0.0,0.0,0.0,0.0,0.0,0,0.0,0.0,0.0,0.0,-0.029999999329447746,-0.07999999821186066,0.019999999552965164,-0.10999999940395355,0.029999999329447746,0.07999999821186066,-0.019999999552965164,0.10999999940395355,0.01049999976530671,0.02799999937415123,-0.006999999843537807,0.03849999979138374,0.0,0.0,0.0,0.0,-1,1,-1,1,0,0,0,0,0,0,0,0
1783308571.045582,0.0,0.0,0.0,0.0,0.0,0,0.0,0.0,0.0,0.0,-0.019999999552965164,-0.05999999865889549,0.009999999776482582,-0.07999999821186066,0.019999999552965164,0.05999999865889549,-0.009999999776482582,0.07999999821186066,0.006999999843537807,0.02099999953061342,-0.0034999999217689036,0.02799999937415123,0.0,0.0,0.0,0.0,-1,1,-1,1,0,0,0,0,0,0,0,0
1783308571.0656335,0.0,0.0,0.0,0.0,0.0,0,0.0,0.0,0.0,0.0,-0.019999999552965164,-0.05999999865889549,0.009999999776482582,-0.07999999821186066,0.019999999552965164,0.05999999865889549,-0.009999999776482582,0.07999999821186066,0.006999999843537807,0.02099999953061342,-0.0034999999217689036,0.02799999937415123,0.0,0.0,0.0,0.0,-1,1,-1,1,0,0,0,0,0,0,0,0
1783308571.0857341,0.0,0.0,0.0,0.0,0.0,0,0.0,0.0,0.0,0.0,-0.019999999552965164,-0.03999999910593033,0.009999999776482582,-0.05999999865889549,0.019999999552965164,0.03999999910593033,-0.009999999776482582,0.05999999865889549,0.006999999843537807,0.013999999687075614,-0.0034999999217689036,0.02099999953061342,0.0,0.0,0.0,0.0,-1,1,-1,1,0,0,0,0,0,0,0,0
1783308571.1056447,0.0,0.0,0.0,0.0,0.0,0,0.0,0.0,0.0,0.0,-0.019999999552965164,-0.03999999910593033,0.009999999776482582,-0.05999999865889549,0.019999999552965164,0.03999999910593033,-0.009999999776482582,0.05999999865889549,0.006999999843537807,0.013999999687075614,-0.0034999999217689036,0.02099999953061342,0.0,0.0,0.0,0.0,-1,1,-1,1,0,0,0,0,0,0,0,0
1783308571.1255713,0.0,0.0,0.0,0.0,0.0,0,0.0,0.0,0.0,0.0,-0.019999999552965164,-0.03999999910593033,0.009999999776482582,-0.05999999865889549,0.019999999552965164,0.03999999910593033,-0.009999999776482582,0.05999999865889549,0.006999999843537807,0.013999999687075614,-0.0034999999217689036,0.02099999953061342,0.0,0.0,0.0,0.0,-1,1,-1,1,0,0,0,0,0,0,0,0
1783308571.145588,0.0,0.0,0.0,0.0,0.0,0,0.0,0.0,0.0,0.0,-0.009999999776482582,-0.029999999329447746,0.009999999776482582,-0.03999999910593033,0.009999999776482582,0.029999999329447746,-0.009999999776482582,0.03999999910593033,0.0034999999217689036,0.01049999976530671,-0.0034999999217689036,0.013999999687075614,0.0,0.0,0.0,0.0,-1,1,-1,1,0,0,0,0,0,0,0,0
1783308571.1656485,0.0,0.0,0.0,0.0,0.0,0,0.0,0.0,0.0,0.0,-0.009999999776482582,-0.029999999329447746,0.009999999776482582,-0.03999999910593033,0.009999999776482582,0.029999999329447746,-0.009999999776482582,0.03999999910593033,0.0034999999217689036,0.01049999976530671,-0.0034999999217689036,0.013999999687075614,0.0,0.0,0.0,0.0,-1,1,-1,1,0,0,0,0,0,0,0,0
1783308571.1856349,0.0,0.0,0.0,0.0,0.0,0,0.0,0.0,0.0,0.0,-0.009999999776482582,-0.019999999552965164,0.0,-0.029999999329447746,0.009999999776482582,0.019999999552965164,0.0,0.029999999329447746,0.0034999999217689036,0.006999999843537807,0.0,0.01049999976530671,0.0,0.0,0.0,0.0,-1,1,-1,1,0,0,0,0,0,0,0,0
1783308571.2057157,0.0,0.0,0.0,0.0,0.0,0,0.0,0.0,0.0,0.0,-0.009999999776482582,-0.019999999552965164,0.0,-0.029999999329447746,0.009999999776482582,0.019999999552965164,0.0,0.029999999329447746,0.0034999999217689036,0.006999999843537807,0.0,0.01049999976530671,0.0,0.0,0.0,0.0,-1,1,-1,1,0,0,0,0,0,0,0,0
1783308571.225571,0.0,0.0,0.0,0.0,0.0,0,0.0,0.0,0.0,0.0,-0.009999999776482582,-0.019999999552965164,0.0,-0.029999999329447746,0.009999999776482582,0.019999999552965164,0.0,0.029999999329447746,0.0034999999217689036,0.006999999843537807,0.0,0.01049999976530671,0.0,0.0,0.0,0.0,-1,1,-1,1,0,0,0,0,0,0,0,0
1783308571.2456727,0.0,0.0,0.0,0.0,0.0,0,0.0,0.0,0.0,0.0,-0.009999999776482582,-0.009999999776482582,0.0,-0.019999999552965164,0.009999999776482582,0.009999999776482582,0.0,0.019999999552965164,0.0034999999217689036,0.0034999999217689036,0.0,0.006999999843537807,0.0,0.0,0.0,0.0,-1,1,-1,1,0,0,0,0,0,0,0,0
1783308571.2655845,0.0,0.0,0.0,0.0,0.0,0,0.0,0.0,0.0,0.0,-0.009999999776482582,-0.009999999776482582,0.0,-0.019999999552965164,0.009999999776482582,0.009999999776482582,0.0,0.019999999552965164,0.0034999999217689036,0.0034999999217689036,0.0,0.006999999843537807,0.0,0.0,0.0,0.0,-1,1,-1,1,0,0,0,0,0,0,0,0
1783308571.2857318,0.0,0.0,0.0,0.0,0.0,0,0.0,0.0,0.0,0.0,-0.0,-0.009999999776482582,0.0,-0.009999999776482582,0.0,0.009999999776482582,0.0,0.009999999776482582,0.0,0.0034999999217689036,0.0,0.0034999999217689036,0.0,0.0,0.0,0.0,-1,1,-1,1,0,0,0,0,0,0,0,0
1783308571.3056126,35.0,0.0,0.0,35.0,0.0,0,10.283857861322469,10.283857861322469,10.283857861322469,10.283857861322469,-0.0,-0.009999999776482582,0.0,-0.009999999776482582,10.283857861322469,10.293857861098951,10.283857861322469,10.293857861098951,3.5993502514628637,3.6028502513846328,3.5993502514628637,3.6028502513846328,0.09255472075190221,0.09264472074989057,0.09255472075190221,0.09264472074989057,-1,1,-1,1,-13,13,-13,13,-17,17,-17,17
1783308571.3255837,35.0,0.0,0.0,35.0,0.0,0,10.283857861322469,10.283857861322469,10.283857861322469,10.283857861322469,-0.0,-0.009999999776482582,0.0,-0.009999999776482582,10.283857861322469,10.293857861098951,10.283857861322469,10.293857861098951,3.5993502514628637,3.6028502513846328,3.5993502514628637,3.6028502513846328,0.18510944150380443,0.18528944149978113,0.18510944150380443,0.18528944149978113,-1,1,-1,1,-13,13,-13,13,-17,17,-17,17
1783308571.3456998,35.0,0.0,0.0,35.0,0.0,0,10.283857861322469,10.283857861322469,10.283857861322469,10.283857861322469,-0.0,-0.009999999776482582,0.0,-0.009999999776482582,10.283857861322469,10.293857861098951,10.283857861322469,10.293857861098951,3.5993502514628637,3.6028502513846328,3.5993502514628637,3.6028502513846328,0.27766416225570667,0.2779341622496717,0.27766416225570667,0.2779341622496717,-1,1,-1,1,-13,13,-13,13,-17,17,-17,17
1783308571.365591,35.0,0.0,0.0,35.0,0.0,0,10.283857861322469,10.283857861322469,10.283857861322469,10.283857861322469,-0.0,-0.009999999776482582,0.0,-0.009999999776482582,10.283857861322469,10.293857861098951,10.283857861322469,10.293857861098951,3.5993502514628637,3.6028502513846328,3.5993502514628637,3.6028502513846328,0.37021888300760886,0.37057888299956226,0.37021888300760886,0.37057888299956226,-1,1,-1,1,-13,13,-13,13,-17,17,-17,17
1783308571.3857033,35.0,0.0,0.0,35.0,0.0,0,10.283857861322469,10.283857861322469,10.283857861322469,10.283857861322469,0.2199999988079071,1.1299999952316284,0.0,1.350000023841858,10.063857862514562,9.15385786609084,10.283857861322469,8.93385783748061,3.522350251880096,3.203850253131794,3.5993502514628637,3.1268502431182137,0.4607936037702399,0.45296360379437983,0.46277360375951104,0.45098360353688777,-1,1,-1,1,-13,13,-13,13,-17,17,-17,17
1783308571.405589,35.0,0.0,0.0,35.0,0.0,0,10.283857861322469,10.283857861322469,10.283857861322469,10.283857861322469,0.2199999988079071,1.1299999952316284,0.0,1.350000023841858,10.063857862514562,9.15385786609084,10.283857861322469,8.93385783748061,3.522350251880096,3.203850253131794,3.5993502514628637,3.1268502431182137,0.551368324532871,0.5353483245891975,0.5553283245114132,0.5313883240742132,-1,1,-1,1,-13,13,-13,13,-17,17,-17,17
1783308571.425648,35.0,0.0,0.0,35.0,0.0,0,10.283857861322469,10.283857861322469,10.283857861322469,10.283857861322469,0.2199999988079071,1.1299999952316284,0.0,1.350000023841858,10.063857862514562,9.15385786609084,10.283857861322469,8.93385783748061,3.522350251880096,3.203850253131794,3.5993502514628637,3.1268502431182137,0.6419430452955021,0.6177330453840151,0.6478830452633154,0.6117930446115387,-1,1,-1,1,-13,13,-13,13,-17,17,-17,17
1783308571.4456627,35.0,0.0,0.0,35.0,0.0,0,10.283857861322469,10.283857861322469,10.283857861322469,10.283857861322469,0.3799999952316284,2.369999885559082,0.44999998807907104,2.0799999237060547,9.90385786609084,7.913857975763387,9.833857873243398,8.203857937616414,3.466350253131794,2.769850291517185,3.441850255635189,2.8713502781657447,0.7310777660903196,0.6889577671658855,0.736387766122506,0.6856277660500865,-1,1,-1,1,-13,13,-13,13,-17,16,-17,17
1783308571.4655924,35.0,0.0,0.0,35.0,0.0,0,10.283857861322469,10.283857861322469,10.283857861322469,10.283857861322469,0.3799999952316284,2.369999885559082,0.44999998807907104,2.0799999237060547,9.90385786609084,7.913857975763387,9.833857873243398,8.203857937616414,3.466350253131794,2.769850291517185,3.441850255635189,2.8713502781657447,0.8202124868851371,0.760182488947756,0.8248924869816966,0.7594624874886342,-1,1,-1,1,-13,13,-13,13,-17,17,-17,17
1783308571.4856555,35.0,0.0,0.0,35.0,0.0,0,10.283857861322469,10.283857861322469,10.283857861322469,10.283857861322469,1.6299999952316284,3.700000047683716,1.899999976158142,3.0399999618530273,8.65385786609084,6.583857813638753,8.383857885164327,7.243857899469441,3.028850253131794,2.304350234773563,2.934350259807514,2.5353502648143045,0.8980972076799547,0.8194372092705048,0.9003472079481756,0.8246572085838592,-1,1,-1,1,-13,13,-13,13,-17,16,-17,16
1783308571.505607,35.0,0.0,0.0,35.0,0.0,0,10.283857861322469,10.283857861322469,10.283857861322469,10.283857861322469,1.6299999952316284,3.700000047683716,1.899999976158142,3.0399999618530273,8.65385786609084,6.583857813638753,8.383857885164327,7.243857899469441,3.028850253131794,2.304350234773563,2.934350259807514,2.5353502648143045,0.9759819284747723,0.8786919295932536,0.9758019289146546,0.8898519296790841,-1,1,-1,1,-13,13,-13,13,-17,16,-17,16
1783308571.525669,35.0,0.0,0.0,35.0,0.0,0,10.283857861322469,10.283857861322469,10.283857861322469,10.283857861322469,1.6299999952316284,3.700000047683716,1.899999976158142,3.0399999618530273,8.65385786609084,6.583857813638753,8.383857885164327,7.243857899469441,3.028850253131794,2.304350234773563,2.934350259807514,2.5353502648143045,1.0538666492695898,0.9379466499160024,1.0512566498811335,0.9550466507743091,-1,1,-1,1,-13,13,-13,13,-17,16,-17,16
1783308571.5455964,35.0,0.0,0.0,35.0,0.0,0,10.283857861322469,10.283857861322469,10.283857861322469,10.283857861322469,3.4000000953674316,4.849999904632568,3.5999999046325684,4.389999866485596,6.883857765955037,5.4338579566899,6.6838579566899,5.893857994836873,2.409350218084263,1.901850284841465,2.339350284841465,2.0628502981929056,1.115821369163185,0.9868513715262115,1.1114113714913427,1.0080913727278409,-1,1,-1,1,-13,13,-13,13,-17,16,-16,16
1783308571.5655906,35.0,0.0,0.0,35.0,0.0,0,10.283857861322469,10.283857861322469,10.283857861322469,10.283857861322469,3.4000000953674316,4.849999904632568,3.5999999046325684,4.389999866485596,6.883857765955037,5.4338579566899,6.6838579566899,5.893857994836873,2.409350218084263,1.901850284841465,2.339350284841465,2.0628502981929056,1.1777760890567803,1.0357560931364207,1.171566093101552,1.0611360946813728,-1,1,-1,1,-13,13,-13,13,-17,16,-17,16
1783308571.585749,35.0,0.0,0.0,35.0,0.0,0,10.283857861322469,10.283857861322469,10.283857861322469,10.283857861322469,5.099999904632568,6.110000133514404,5.460000038146973,5.789999961853027,5.1838579566899,4.173857727808064,4.823857823175496,4.493857899469441,1.814350284841465,1.4608502047328225,1.6883502381114235,1.5728502648143043,1.2244308106669894,1.0733208126866933,1.2149808135101314,1.1015808157765978,-1,1,-1,1,-13,13,-13,13,-16,16,-16,16
1783308571.6055958,35.0,0.0,0.0,35.0,0.0,0,10.283857861322469,10.283857861322469,10.283857861322469,10.283857861322469,5.099999904632568,6.110000133514404,5.460000038146973,5.789999961853027,5.1838579566899,4.173857727808064,4.823857823175496,4.493857899469441,1.814350284841465,1.4608502047328225,1.6883502381114235,1.5728502648143043,1.2710855322771986,1.110885532236966,1.258395533918711,1.1420255368718228,-1,1,-1,1,-13,13,-13,13,-16,16,-16,16
1783308571.6255937,35.0,0.0,0.0,35.0,0.0,0,10.283857861322469,10.283857861322469,10.283857861322469,10.283857861322469,5.099999904632568,6.110000133514404,5.460000038146973,5.789999961853027,5.1838579566899,4.173857727808064,4.823857823175496,4.493857899469441,1.814350284841465,1.4608502047328225,1.6883502381114235,1.5728502648143043,1.3177402538874077,1.1484502517872386,1.3018102543272905,1.1824702579670479,-1,1,-1,1,-13,13,-13,13,-16,16,-16,16
1783308571.64561,35.0,0.0,0.0,35.0,0.0,0,10.283857861322469,10.283857861322469,10.283857861322469,10.283857861322469,6.510000228881836,7.21999979019165,6.090000152587891,6.539999961853027,3.7738576324406328,3.0638580711308183,4.193857708734578,3.7438578994694414,1.3208501713542213,1.0723503248957864,1.4678501980571022,1.3103502648143044,1.3517049725793733,1.176024974427416,1.3395549737059016,1.2161649790622728,-1,1,-1,1,-13,13,-13,13,-16,15,-16,16
1783308571.6656783,35.0,0.0,0.0,35.0,0.0,0,10.283857861322469,10.283857861322469,10.283857861322469,10.283857861322469,6.510000228881836,7.21999979019165,6.090000152587891,6.539999961853027,3.7738576324406328,3.0638580711308183,4.193857708734578,3.7438578994694414,1.3208501713542213,1.0723503248957864,1.4678501980571022,1.3103502648143044,1.3856696912713389,1.2035996970675935,1.3772996930845127,1.2498597001574978,-1,1,-1,1,-13,13,-13,13,-16,15,-16,16
1783308571.6856735,35.0,0.0,0.0,35.0,0.0,0,10.283857861322469,10.283857861322469,10.283857861322469,10.283857861322469,6.820000171661377,8.229999542236328,6.980000019073486,7.519999980926514,3.4638576896610918,2.0538583190861406,3.3038578422489824,2.763857880395955,1.2123501913813821,0.7188504116801492,1.1563502447871437,0.9673502581385842,1.4168444104782887,1.2220844219393687,1.4070344136647535,1.2747344210810614,-1,1,-1,1,-13,13,-13,13,-16,15,-16,15
1783308571.7056782,35.0,0.0,0.0,35.0,0.0,0,10.283857861322469,10.283857861322469,10.283857861322469,10.283857861322469,6.820000171661377,8.229999542236328,6.980000019073486,7.519999980926514,3.4638576896610918,2.0538583190861406,3.3038578422489824,2.763857880395955,1.2123501913813821,0.7188504116801492,1.1563502447871437,0.9673502581385842,1.4480191296852385,1.240569146811144,1.4367691342449942,1.299609142004625,-1,1,-1,1,-13,13,-13,13,-16,15,-16,15
1783308571.7256806,35.0,0.0,0.0,35.0,0.0,0,10.283857861322469,10.283857861322469,10.283857861322469,10.283857861322469,6.820000171661377,8.229999542236328,6.980000019073486,7.519999980926514,3.4638576896610918,2.0538583190861406,3.3038578422489824,2.763857880395955,1.2123501913813821,0.7188504116801492,1.1563502447871437,0.9673502581385842,1.4791938488921883,1.2590538716829192,1.466503854825235,1.3244838629281885,-1,1,-1,1,-13,13,-13,13,-16,15,-16,15
1783308571.7456255,35.0,0.0,0.0,35.0,0.0,0,10.283857861322469,10.283857861322469,10.283857861322469,10.283857861322469,8.170000076293945,8.699999809265137,8.050000190734863,8.65999984741211,2.1138577850285234,1.583858052057332,2.2338576705876054,1.6238580139103593,0.7398502247599832,0.5543503182200662,0.7818501847056618,0.5683503048686257,1.498218568957445,1.273308594151435,1.4866085738605235,1.3390985850533819,-1,1,-1,1,-13,13,-13,13,-15,15,-15,15
1783308571.7655923,35.0,0.0,0.0,35.0,0.0,0,10.283857861322469,10.283857861322469,10.283857861322469,10.283857861322469,8.170000076293945,8.699999809265137,8.050000190734863,8.65999984741211,2.1138577850285234,1.583858052057332,2.2338576705876054,1.6238580139103593,0.7398502247599832,0.5543503182200662,0.7818501847056618,0.5683503048686257,1.5172432890227017,1.287563316619951,1.506713292895812,1.3537133071785752,-1,1,-1,1,-13,13,-13,13,-15,15,-15,15
1783308571.785674,35.0,0.0,0.0,35.0,0.0,0,10.283857861322469,10.283857861322469,10.283857861322469,10.283857861322469,10.020000457763672,9.489999771118164,9.710000038146973,9.6899995803833,0.26385740355879683,0.7938580902043046,0.573857823175496,0.5938582809391679,0.09235009124557889,0.2778503315715066,0.2008502381114236,0.20785039832870877,1.5196180056547308,1.2947080394317896,1.5118780133043914,1.3590580317070278,-1,1,-1,1,-13,13,-13,13,-15,15,-15,15
1783308571.805703,35.0,0.0,0.0,35.0,0.0,0,10.283857861322469,10.283857861322469,10.283857861322469,10.283857861322469,10.020000457763672,9.489999771118164,9.710000038146973,9.6899995803833,0.26385740355879683,0.7938580902043046,0.573857823175496,0.5938582809391679,0.09235009124557889,0.2778503315715066,0.2008502381114236,0.20785039832870877,1.52199272228676,1.3018527622436282,1.5170427337129708,1.3644027562354804,-1,1,-1,1,-13,13,-13,13,-15,15,-15,15
1783308571.8255987,35.0,0.0,0.0,35.0,0.0,0,10.283857861322469,10.283857861322469,10.283857861322469,10.283857861322469,10.020000457763672,9.489999771118164,9.710000038146973,9.6899995803833,0.26385740355879683,0.7938580902043046,0.573857823175496,0.5938582809391679,0.09235009124557889,0.2778503315715066,0.2008502381114236,0.20785039832870877,1.5243674389187891,1.3089974850554669,1.5222074541215502,1.369747480763933,-1,1,-1,1,-13,13,-13,13,-15,15,-15,15
1783308571.8456135,35.0,0.0,0.0,35.0,0.0,0,10.283857861322469,10.283857861322469,10.283857861322469,10.283857861322469,11.319999694824219,9.8100004196167,10.420000076293945,9.949999809265137,-1.03614183350175,0.4738574417057695,-0.1361422149714766,0.333858052057332,-0.3626496417256125,0.16585010459701932,-0.04764977524001681,0.11685031822006618,1.5150421624172734,1.313262202030819,1.520982174186807,1.3727522032324488,-1,1,-1,1,-13,13,-13,13,-14,14,-14,14
1783308571.8656027,35.0,0.0,0.0,35.0,0.0,0,10.283857861322469,10.283857861322469,10.283857861322469,10.283857861322469,11.319999694824219,9.8100004196167,10.420000076293945,9.949999809265137,-1.03614183350175,0.4738574417057695,-0.1361422149714766,0.333858052057332,-0.3626496417256125,0.16585010459701932,-0.04764977524001681,0.11685031822006618,1.5057168859157577,1.317526919006171,1.5197568942520638,1.3757569257009648,-1,1,-1,1,-13,13,-13,13,-14,14,-14,14
1783308571.885666,35.0,0.0,0.0,35.0,0.0,0,10.283857861322469,10.283857861322469,10.283857861322469,10.283857861322469,11.770000457763672,10.260000228881836,11.600000381469727,10.8100004196167,-1.4861425964412032,0.02385763244063277,-1.3161425201472579,-0.5261425582942305,-0.5201499087544211,0.008350171354221468,-0.4606498820515402,-0.18414989540298066,1.492341602547787,1.3177416376981366,1.5079116115707385,1.3710216426763167,-1,1,-1,1,-13,13,-13,13,-14,14,-14,14
1783308571.9055984,35.0,0.0,0.0,35.0,0.0,0,10.283857861322469,10.283857861322469,10.283857861322469,10.283857861322469,11.770000457763672,10.260000228881836,11.600000381469727,10.8100004196167,-1.4861425964412032,0.02385763244063277,-1.3161425201472579,-0.5261425582942305,-0.5201499087544211,0.008350171354221468,-0.4606498820515402,-0.18414989540298066,1.4789663191798161,1.3179563563901022,1.4960663288894132,1.3662863596516686,-1,1,-1,1,-13,13,-13,13,-14,14,-14,14
1783308571.9255948,35.0,0.0,0.0,35.0,0.0,0,10.283857861322469,10.283857861322469,10.283857861322469,10.283857861322469,11.770000457763672,10.260000228881836,11.600000381469727,10.8100004196167,-1.4861425964412032,0.02385763244063277,-1.3161425201472579,-0.5261425582942305,-0.5201499087544211,0.008350171354221468,-0.4606498820515402,-0.18414989540298066,1.4655910358118454,1.3181710750820679,1.4842210462080878,1.3615510766270205,-1,1,-1,1,-13,13,-13,13,-14,14,-14,14
1783308571.945607,35.0,0.0,0.0,35.0,0.0,0,10.283857861322469,10.283857861322469,10.283857861322469,10.283857861322469,12.770000457763672,11.029999732971191,12.420000076293945,11.420000076293945,-2.486142596441203,-0.7461418716487227,-2.1361422149714766,-1.1361422149714766,-0.8701499087544211,-0.26114965507705296,-0.7476497752400167,-0.39764977524001677,1.4432157524438745,1.3114557982372295,1.4649957662733446,1.3513257966922771,-1,1,-1,1,-13,13,-13,13,-14,14,-14,14
1783308571.9655976,35.0,0.0,0.0,35.0,0.0,0,10.283857861322469,10.283857861322469,10.283857861322469,10.283857861322469,12.770000457763672,11.029999732971191,12.420000076293945,11.420000076293945,-2.486142596441203,-0.7461418716487227,-2.1361422149714766,-1.1361422149714766,-0.8701499087544211,-0.26114965507705296,-0.7476497752400167,-0.39764977524001677,1.4208404690759036,1.304740521392391,1.4457704863386014,1.3411005167575338,-1,1,-1,1,-13,13,-13,13,-14,14,-14,14
1783308571.985675,35.0,0.0,0.0,35.0,0.0,0,10.283857861322469,10.283857861322469,10.283857861322469,10.283857861322469,13.239999771118164,11.119999885559082,12.319999694824219,11.390000343322754,-2.9561419097956954,-0.8361420242366133,-2.03614183350175,-1.1061424820002852,-1.0346496684284934,-0.29264970848281463,-0.7126496417256125,-0.3871498687000998,1.3942351918877423,1.2972152431742616,1.4274452098370856,1.3311452344195314,-1,1,-1,1,-13,13,-13,13,-13,14,-14,14
1783308572.0056012,35.0,0.0,0.0,35.0,0.0,0,10.283857861322469,10.283857861322469,10.283857861322469,10.283857861322469,13.239999771118164,11.119999885559082,12.319999694824219,11.390000343322754,-2.9561419097956954,-0.8361420242366133,-2.03614183350175,-1.1061424820002852,-1.0346496684284934,-0.29264970848281463,-0.7126496417256125,-0.3871498687000998,1.367629914699581,1.2896899649561322,1.4091199333355697,1.321189952081529,-1,1,-1,1,-13,13,-13,13,-13,14,-14,14
1783308572.0256886,35.0,0.0,0.0,35.0,0.0,0,10.283857861322469,10.283857861322469,10.283857861322469,10.283857861322469,13.239999771118164,11.119999885559082,12.319999694824219,11.390000343322754,-2.9561419097956954,-0.8361420242366133,-2.03614183350175,-1.1061424820002852,-1.0346496684284934,-0.29264970848281463,-0.7126496417256125,-0.3871498687000998,1.3410246375114196,1.2821646867380028,1.390794656834054,1.3112346697435264,-1,1,-1,1,-13,13,-13,13,-13,14,-14,14
1783308572.0456107,35.0,0.0,0.0,35.0,0.0,0,10.283857861322469,10.283857861322469,10.283857861322469,10.283857861322469,12.890000343322754,11.630000114440918,12.470000267028809,11.819999694824219,-2.606142482000285,-1.3461422531184493,-2.18614240570634,-1.53614183350175,-0.9121498687000997,-0.47114978859145723,-0.7651498419972189,-0.5376496417256125,1.3175693551734171,1.2700494064599368,1.3711193751826969,1.2974093932420108,-1,1,-1,1,-13,13,-13,13,-13,14,-14,14
1783308572.0656095,35.0,0.0,0.0,35.0,0.0,0,10.283857861322469,10.283857861322469,10.283857861322469,10.283857861322469,12.890000343322754,11.630000114440918,12.470000267028809,11.819999694824219,-2.606142482000285,-1.3461422531184493,-2.18614240570634,-1.53614183350175,-0.9121498687000997,-0.47114978859145723,-0.7651498419972189,-0.5376496417256125,1.2941140728354146,1.2579341261818708,1.3514440935313399,1.283584116740495,-1,1,-1,1,-13,13,-13,13,-13,14,-14,14
1783308572.0856879,35.0,0.0,0.0,35.0,0.0,0,10.283857861322469,10.283857861322469,10.283857861322469,10.283857861322469,13.100000381469727,12.220000267028809,12.579999923706055,12.350000381469727,-2.816142520147258,-1.9361424057063399,-2.296142062383586,-2.066142520147258,-0.9856498820515401,-0.6776498419972189,-0.8036497218342551,-0.7231498820515402,1.2687687901540892,1.2405088445305137,1.3307788149698876,1.2649888340591697,-1,1,-1,1,-13,13,-13,13,-13,14,-14,14
1783308572.105605,35.0,0.0,0.0,35.0,0.0,0,10.283857861322469,10.283857861322469,10.283857861322469,10.283857861322469,13.100000381469727,12.220000267028809,12.579999923706055,12.350000381469727,-2.816142520147258,-1.9361424057063399,-2.296142062383586,-2.066142520147258,-0.9856498820515401,-0.6776498419972189,-0.8036497218342551,-0.7231498820515402,1.2434235074727638,1.2230835628791565,1.3101135364084353,1.2463935513778444,-1,1,-1,1,-13,13,-13,13,-13,14,-14,14
1783308572.1255968,35.0,0.0,0.0,35.0,0.0,0,10.283857861322469,10.283857861322469,10.283857861322469,10.283857861322469,13.100000381469727,12.220000267028809,12.579999923706055,12.350000381469727,-2.816142520147258,-1.9361424057063399,-2.296142062383586,-2.066142520147258,-0.9856498820515401,-0.6776498419972189,-0.8036497218342551,-0.7231498820515402,1.2180782247914383,1.2056582812277994,1.289448257846983,1.227798268696519,-1,1,-1,1,-13,13,-13,13,-13,14,-13,14
1783308572.145716,35.0,0.0,0.0,35.0,0.0,0,10.283857861322469,10.283857861322469,10.283857861322469,10.283857861322469,12.569999694824219,11.949999809265137,11.970000267028809,12.489999771118164,-2.28614183350175,-1.666141947942668,-1.6861424057063399,-2.2061419097956954,-0.8001496417256124,-0.5831496817799338,-0.5901498419972189,-0.7721496684284933,1.1975029482899227,1.1906630036963153,1.274272976195626,1.2079429915083577,-1,1,-1,1,-13,13,-13,13,-13,14,-14,13
1783308572.165614,35.0,0.0,0.0,35.0,0.0,0,10.283857861322469,10.283857861322469,10.283857861322469,10.283857861322469,12.569999694824219,11.949999809265137,11.970000267028809,12.489999771118164,-2.28614183350175,-1.666141947942668,-1.6861424057063399,-2.2061419097956954,-0.8001496417256124,-0.5831496817799338,-0.5901498419972189,-0.7721496684284933,1.176927671788407,1.1756677261648312,1.259097694544269,1.1880877143201964,-1,1,-1,1,-13,13,-13,13,-13,14,-14,13
1783308572.1857817,35.0,0.0,0.0,35.0,0.0,0,10.283857861322469,10.283857861322469,10.283857861322469,10.283857861322469,12.640000343322754,12.210000038146973,12.0,12.600000381469727,-2.356142482000285,-1.926142176824504,-1.7161421386775313,-2.316142520147258,-0.8246498687000998,-0.6741497618885763,-0.6006497485371359,-0.8106498820515402,1.1557223894504043,1.1583324465734106,1.2436524152961712,1.1672424316388712,-1,1,-1,1,-13,13,-13,13,-13,13,-14,13
1783308572.205607,35.0,0.0,0.0,35.0,0.0,0,10.283857861322469,10.283857861322469,10.283857861322469,10.283857861322469,12.640000343322754,12.210000038146973,12.0,12.600000381469727,-2.356142482000285,-1.926142176824504,-1.7161421386775313,-2.316142520147258,-0.8246498687000998,-0.6741497618885763,-0.6006497485371359,-0.8106498820515402,1.1345171071124016,1.14099716698199,1.2282071360480735,1.146397148957546,-1,1,-1,1,-13,13,-13,13,-13,13,-14,13
1783308572.2256298,35.0,0.0,0.0,35.0,0.0,0,10.283857861322469,10.283857861322469,10.283857861322469,10.283857861322469,12.640000343322754,12.210000038146973,12.0,12.600000381469727,-2.356142482000285,-1.926142176824504,-1.7161421386775313,-2.316142520147258,-0.8246498687000998,-0.6741497618885763,-0.6006497485371359,-0.8106498820515402,1.113311824774399,1.1236618873905695,1.2127618567999758,1.1255518662762207,-1,1,-1,1,-13,13,-13,13,-13,13,-14,13
1783308572.2456079,35.0,0.0,0.0,35.0,0.0,0,10.283857861322469,10.283857861322469,10.283857861322469,10.283857861322469,12.470000267028809,12.619999885559082,12.25,12.670000076293945,-2.18614240570634,-2.3361420242366133,-1.9661421386775313,-2.3861422149714766,-0.7651498419972189,-0.8176497084828146,-0.688149748537136,-0.8351497752400168,1.093636543123042,1.10263660917244,1.195066577551878,1.1040765863414774,-1,1,-1,1,-13,13,-13,13,-13,13,-14,13
1783308572.2656088,35.0,0.0,0.0,35.0,0.0,0,10.283857861322469,10.283857861322469,10.283857861322469,10.283857861322469,12.470000267028809,12.619999885559082,12.25,12.670000076293945,-2.18614240570634,-2.3361420242366133,-1.9661421386775313,-2.3861422149714766,-0.7651498419972189,-0.8176497084828146,-0.688149748537136,-0.8351497752400168,1.073961261471685,1.0816113309543105,1.1773712983037803,1.0826013064067341,-1,1,-1,1,-13,13,-13,13,-13,13,-13,13
1783308572.2856884,35.0,0.0,0.0,35.0,0.0,0,10.283857861322469,10.283857861322469,10.283857861322469,10.283857861322469,12.350000381469727,12.460000038146973,12.199999809265137,12.260000228881836,-2.066142520147258,-2.176142176824504,-1.916141947942668,-1.9761423675593672,-0.7231498820515402,-0.7616497618885764,-0.6706496817799338,-0.6916498286457785,1.0553659787903595,1.0620260513628899,1.1601260207722963,1.0648160250986998,-1,1,-1,1,-13,13,-13,13,-13,13,-13,13
1783308572.3056016,35.0,0.0,0.0,35.0,0.0,0,10.283857861322469,10.283857861322469,10.283857861322469,10.283857861322469,12.350000381469727,12.460000038146973,12.199999809265137,12.260000228881836,-2.066142520147258,-2.176142176824504,-1.916141947942668,-1.9761423675593672,-0.7231498820515402,-0.7616497618885764,-0.6706496817799338,-0.6916498286457785,1.0367706961090342,1.0424407717714692,1.1428807432408123,1.0470307437906654,-1,1,-1,1,-13,13,-13,13,-13,13,-13,13
1783308572.3257072,35.0,0.0,0.0,35.0,0.0,0,10.283857861322469,10.283857861322469,10.283857861322469,10.283857861322469,12.350000381469727,12.460000038146973,12.199999809265137,12.260000228881836,-2.066142520147258,-2.176142176824504,-1.916141947942668,-1.9761423675593672,-0.7231498820515402,-0.7616497618885764,-0.6706496817799338,-0.6916498286457785,1.0181754134277088,1.0228554921800486,1.1256354657093284,1.029245462482631,-1,1,-1,1,-13,13,-13,13,-13,13,-13,13
1783308572.3456306,35.0,0.0,0.0,35.0,0.0,0,10.283857861322469,10.283857861322469,10.283857861322469,10.283857861322469,12.039999961853027,12.34000015258789,12.15999984741211,12.210000038146973,-1.7561421005305586,-2.056142291265422,-1.8761419860896407,-1.926142176824504,-0.6146497351856954,-0.7196498019428976,-0.6566496951313742,-0.6741497618885763,1.0023701345229337,1.0043502115586598,1.1087501878345216,1.0119101828912105,-1,1,-1,1,-13,13,-13,13,-13,13,-13,13
1783308572.3656294,35.0,0.0,0.0,35.0,0.0,0,10.283857861322469,10.283857861322469,10.283857861322469,10.283857861322469,12.039999961853027,12.34000015258789,12.15999984741211,12.210000038146973,-1.7561421005305586,-2.056142291265422,-1.8761419860896407,-1.926142176824504,-0.6146497351856954,-0.7196498019428976,-0.6566496951313742,-0.6741497618885763,0.9865648556181587,0.985844930937271,1.0918649099597149,0.9945749032997899,-1,1,-1,1,-13,13,-13,13,-13,13,-13,13
1783308572.3856843,35.0,0.0,0.0,35.0,0.0,0,10.283857861322469,10.283857861322469,10.283857861322469,10.283857861322469,12.729999542236328,11.8100004196167,12.819999694824219,12.170000076293945,-2.4461416809138594,-1.5261425582942305,-2.53614183350175,-1.8861422149714766,-0.8561495883198508,-0.5341498954029806,-0.8876496417256124,-0.6601497752400167,0.9645495804899339,0.9721096479126229,1.069039633458199,0.9775996233650467,-1,1,-1,1,-13,13,-13,13,-13,13,-13,13
1783308572.4056344,35.0,0.0,0.0,35.0,0.0,0,10.283857861322469,10.283857861322469,10.283857861322469,10.283857861322469,12.729999542236328,11.8100004196167,12.819999694824219,12.170000076293945,-2.4461416809138594,-1.5261425582942305,-2.53614183350175,-1.8861422149714766,-0.8561495883198508,-0.5341498954029806,-0.8876496417256124,-0.6601497752400167,0.9425343053617091,0.9583743648879748,1.0462143569566833,0.9606243434303035,-1,1,-1,1,-13,13,-13,13,-13,13,-13,13
1783308572.4255865,35.0,0.0,0.0,35.0,0.0,0,10.283857861322469,10.283857861322469,10.283857861322469,10.283857861322469,12.729999542236328,11.8100004196167,12.819999694824219,12.170000076293945,-2.4461416809138594,-1.5261425582942305,-2.53614183350175,-1.8861422149714766,-0.8561495883198508,-0.5341498954029806,-0.8876496417256124,-0.6601497752400167,0.9205190302334844,0.9446390818633267,1.0233890804551675,0.9436490634955602,-1,1,-1,1,-13,13,-13,13,-13,13,-13,13
1783308572.4455752,35.0,0.0,0.0,35.0,0.0,0,10.283857861322469,10.283857861322469,10.283857861322469,10.283857861322469,12.989999771118164,11.65999984741211,12.819999694824219,11.460000038146973,-2.7061419097956954,-1.3761419860896407,-2.53614183350175,-1.176142176824504,-0.9471496684284934,-0.4816496951313742,-0.8876496417256124,-0.4116497618885764,0.8961637530453231,0.9322538039885199,1.0005638039536517,0.9330637839041397,-1,1,-1,1,-13,13,-13,13,-13,13,-13,14
1783308572.4655921,35.0,0.0,0.0,35.0,0.0,0,10.283857861322469,10.283857861322469,10.283857861322469,10.283857861322469,12.989999771118164,11.65999984741211,12.819999694824219,11.460000038146973,-2.7061419097956954,-1.3761419860896407,-2.53614183350175,-1.176142176824504,-0.9471496684284934,-0.4816496951313742,-0.8876496417256124,-0.4116497618885764,0.8718084758571619,0.9198685261137131,0.977738527452136,0.9224785043127192,-1,1,-1,1,-13,13,-13,13,-13,13,-13,14
1783308572.4856632,35.0,0.0,0.0,35.0,0.0,0,10.283857861322469,10.283857861322469,10.283857861322469,10.283857861322469,12.9399995803833,11.5600004196167,13.5,11.1899995803833,-2.656141719060832,-1.2761425582942305,-3.2161421386775313,-0.9061417190608321,-0.9296496016712912,-0.44664989540298067,-1.125649748537136,-0.3171496016712912,0.8479032003856144,0.908383243089065,0.9487932482040382,0.9143232288411717,-1,1,-1,1,-13,13,-13,13,-13,13,-13,14
1783308572.5056875,35.0,0.0,0.0,35.0,0.0,0,10.283857861322469,10.283857861322469,10.283857861322469,10.283857861322469,12.9399995803833,11.5600004196167,13.5,11.1899995803833,-2.656141719060832,-1.2761425582942305,-3.2161421386775313,-0.9061417190608321,-0.9296496016712912,-0.44664989540298067,-1.125649748537136,-0.3171496016712912,0.8239979249140669,0.8968979600644169,0.9198479689559405,0.9061679533696242,-1,1,-1,1,-13,13,-13,13,-13,13,-13,14
1783308572.525588,35.0,0.0,0.0,35.0,0.0,0,10.283857861322469,10.283857861322469,10.283857861322469,10.283857861322469,12.9399995803833,11.5600004196167,13.5,11.1899995803833,-2.656141719060832,-1.2761425582942305,-3.2161421386775313,-0.9061417190608321,-0.9296496016712912,-0.44664989540298067,-1.125649748537136,-0.3171496016712912,0.8000926494425193,0.8854126770397688,0.8909026897078427,0.8980126778980767,-1,1,-1,1,-13,13,-13,13,-13,13,-13,14
1783308572.5456388,35.0,0.0,0.0,35.0,0.0,0,10.283857861322469,10.283857861322469,10.283857861322469,10.283857861322469,12.90999984741211,11.720000267028809,13.300000190734863,11.680000305175781,-2.6261419860896407,-1.4361424057063399,-3.0161423294123946,-1.3961424438533125,-0.9191496951313741,-0.502649841997219,-1.055649815294338,-0.48864985534865935,0.7764573715677126,0.8724873953884117,0.8637574087431311,0.8854473959033969,-1,1,-1,1,-13,13,-13,13,-13,13,-13,13
1783308572.565678,35.0,0.0,0.0,35.0,0.0,0,10.283857861322469,10.283857861322469,10.283857861322469,10.283857861322469,12.90999984741211,11.720000267028809,13.300000190734863,11.680000305175781,-2.6261419860896407,-1.4361424057063399,-3.0161423294123946,-1.3961424438533125,-0.9191496951313741,-0.502649841997219,-1.055649815294338,-0.48864985534865935,0.7528220936929058,0.8595621137370546,0.8366121277784195,0.8728821139087172,-1,1,-1,1,-13,13,-13,13,-13,13,-13,13
1783308572.5857038,35.0,0.0,0.0,35.0,0.0,0,10.283857861322469,10.283857861322469,10.283857861322469,10.283857861322469,12.65999984741211,12.050000190734863,12.710000038146973,11.569999694824219,-2.3761419860896407,-1.7661423294123946,-2.426142176824504,-1.28614183350175,-0.8316496951313742,-0.6181498152943381,-0.8491497618885764,-0.4501496417256125,0.7314368158180989,0.843666832772343,0.814776848186999,0.8613068374072014,-1,1,-1,1,-13,13,-13,13,-13,13,-13,13
1783308572.605656,35.0,0.0,0.0,35.0,0.0,0,10.283857861322469,10.283857861322469,10.283857861322469,10.283857861322469,12.65999984741211,12.050000190734863,12.710000038146973,11.569999694824219,-2.3761419860896407,-1.7661423294123946,-2.426142176824504,-1.28614183350175,-0.8316496951313742,-0.6181498152943381,-0.8491497618885764,-0.4501496417256125,0.7100515379432921,0.8277715518076314,0.7929415685955785,0.8497315609056856,-1,1,-1,1,-13,13,-13,13,-13,13,-13,13
1783308572.625585,35.0,0.0,0.0,35.0,0.0,0,10.283857861322469,10.283857861322469,10.283857861322469,10.283857861322469,12.65999984741211,12.050000190734863,12.710000038146973,11.569999694824219,-2.3761419860896407,-1.7661423294123946,-2.426142176824504,-1.28614183350175,-0.8316496951313742,-0.6181498152943381,-0.8491497618885764,-0.4501496417256125,0.6886662600684853,0.8118762708429198,0.771106289004158,0.8381562844041698,-1,1,-1,1,-13,13,-13,13,-13,13,-13,13
1783308572.6456857,35.0,0.0,0.0,35.0,0.0,0,10.283857861322469,10.283857861322469,10.283857861322469,10.283857861322469,12.479999542236328,11.829999923706055,12.520000457763672,11.949999809265137,-2.1961416809138594,-1.546142062383586,-2.236142596441203,-1.666141947942668,-0.7686495883198508,-0.541149721834255,-0.7826499087544211,-0.5831496817799338,0.6689009849402605,0.7979609922814676,0.7509810056361872,0.8231610068726858,-1,1,-1,1,-13,13,-13,13,-13,13,-13,13
1783308572.6655972,35.0,0.0,0.0,35.0,0.0,0,10.283857861322469,10.283857861322469,10.283857861322469,10.283857861322469,12.479999542236328,11.829999923706055,12.520000457763672,11.949999809265137,-2.1961416809138594,-1.546142062383586,-2.236142596441203,-1.666141947942668,-0.7686495883198508,-0.541149721834255,-0.7826499087544211,-0.5831496817799338,0.6491357098120358,0.7840457137200153,0.7308557222682164,0.8081657293412018,-1,1,-1,1,-13,13,-13,13,-13,13,-13,13
1783308572.6857011,35.0,0.0,0.0,35.0,0.0,0,10.283857861322469,10.283857861322469,10.283857861322469,10.283857861322469,12.130000114440918,12.579999923706055,12.15999984741211,12.4399995803833,-1.8461422531184493,-2.296142062383586,-1.8761419860896407,-2.156141719060832,-0.6461497885914572,-0.8036497218342551,-0.6566496951313742,-0.7546496016712911,0.6325204295339698,0.763380435158563,0.7139704443934096,0.7887604538696543,-1,1,-1,1,-13,13,-13,13,-13,13,-13,13
1783308572.7056015,35.0,0.0,0.0,35.0,0.0,0,10.283857861322469,10.283857861322469,10.283857861322469,10.283857861322469,12.130000114440918,12.579999923706055,12.15999984741211,12.4399995803833,-1.8461422531184493,-2.296142062383586,-1.8761419860896407,-2.156141719060832,-0.6461497885914572,-0.8036497218342551,-0.6566496951313742,-0.7546496016712911,0.6159051492559038,0.7427151565971107,0.6970851665186029,0.7693551783981069,-1,1,-1,1,-13,13,-13,13,-13,13,-13,13
1783308572.7256284,35.0,0.0,0.0,35.0,0.0,0,10.283857861322469,10.283857861322469,10.283857861322469,10.283857861322469,12.130000114440918,12.579999923706055,12.15999984741211,12.4399995803833,-1.8461422531184493,-2.296142062383586,-1.8761419860896407,-2.156141719060832,-0.6461497885914572,-0.8036497218342551,-0.6566496951313742,-0.7546496016712911,0.5992898689778378,0.7220498780356585,0.6801998886437961,0.7499499029265594,-1,1,-1,1,-13,13,-13,13,-13,13,-13,13
1783308572.7456453,35.0,0.0,0.0,35.0,0.0,0,10.283857861322469,10.283857861322469,10.283857861322469,10.283857861322469,11.890000343322754,11.979999542236328,11.680000305175781,11.880000114440918,-1.6061424820002852,-1.6961416809138594,-1.3961424438533125,-1.5961422531184493,-0.5621498687000998,-0.5936495883198507,-0.48864985534865935,-0.5586497885914572,0.5848345866398352,0.7067846029074337,0.6676346066491163,0.7355846226484933,-1,1,-1,1,-13,13,-13,13,-13,13,-13,13
1783308572.7655997,35.0,0.0,0.0,35.0,0.0,0,10.283857861322469,10.283857861322469,10.283857861322469,10.283857861322469,11.890000343322754,11.979999542236328,11.680000305175781,11.880000114440918,-1.6061424820002852,-1.6961416809138594,-1.3961424438533125,-1.5961422531184493,-0.5621498687000998,-0.5936495883198507,-0.48864985534865935,-0.5586497885914572,0.5703793043018327,0.691519327779209,0.6550693246544366,0.7212193423704273,-1,1,-1,1,-13,13,-13,13,-13,13,-13,13
1783308572.7856572,35.0,0.0,0.0,35.0,0.0,0,10.283857861322469,10.283857861322469,10.283857861322469,10.283857861322469,11.949999809265137,11.100000381469727,12.25,11.029999732971191,-1.666141947942668,-0.8161425201472579,-1.9661421386775313,-0.7461418716487227,-0.5831496817799338,-0.28564988205154024,-0.688149748537136,-0.26114965507705296,0.5553840267703487,0.6841740450978837,0.6373740454063388,0.7145040655255888,-1,1,-1,1,-13,13,-13,13,-13,13,-13,13
1783308572.8056068,35.0,0.0,0.0,35.0,0.0,0,10.283857861322469,10.283857861322469,10.283857861322469,10.283857861322469,11.949999809265137,11.100000381469727,12.25,11.029999732971191,-1.666141947942668,-0.8161425201472579,-1.9661421386775313,-0.7461418716487227,-0.5831496817799338,-0.28564988205154024,-0.688149748537136,-0.26114965507705296,0.5403887492388647,0.6768287624165584,0.619678766158241,0.7077887886807502,-1,1,-1,1,-13,13,-13,13,-13,13,-13,13
1783308572.8256116,35.0,0.0,0.0,35.0,0.0,0,10.283857861322469,10.283857861322469,10.283857861322469,10.283857861322469,11.949999809265137,11.100000381469727,12.25,11.029999732971191,-1.666141947942668,-0.8161425201472579,-1.9661421386775313,-0.7461418716487227,-0.5831496817799338,-0.28564988205154024,-0.688149748537136,-0.26114965507705296,0.5253934717073807,0.6694834797352331,0.6019834869101433,0.7010735118359117,-1,1,-1,1,-13,13,-13,13,-13,13,-13,13
1783308572.8456118,35.0,0.0,0.0,35.0,0.0,0,10.283857861322469,10.283857861322469,10.283857861322469,10.283857861322469,11.760000228881836,11.170000076293945,12.199999809265137,10.890000343322754,-1.4761423675593672,-0.8861422149714766,-1.916141947942668,-0.6061424820002852,-0.5166498286457785,-0.3101497752400168,-0.6706496817799338,-0.2121498687000998,0.5121081903993464,0.6615081998004898,0.5847382093786593,0.6956182294979092,-1,1,-1,1,-13,13,-13,13,-13,13,-13,13
1783308572.8656375,35.0,0.0,0.0,35.0,0.0,0,10.283857861322469,10.283857861322469,10.283857861322469,10.283857861322469,11.760000228881836,11.170000076293945,12.199999809265137,10.890000343322754,-1.4761423675593672,-0.8861422149714766,-1.916141947942668,-0.6061424820002852,-0.5166498286457785,-0.3101497752400168,-0.6706496817799338,-0.2121498687000998,0.4988229090913121,0.6535329198657465,0.5674929318471753,0.6901629471599067,-1,1,-1,1,-13,13,-13,13,-13,13,-13,13
1783308572.8856843,35.0,0.0,0.0,35.0,0.0,0,10.283857861322469,10.283857861322469,10.283857861322469,10.283857861322469,11.850000381469727,11.4399995803833,12.15999984741211,10.789999961853027,-1.5661425201472579,-1.156141719060832,-1.8761419860896407,-0.5061421005305586,-0.5481498820515402,-0.4046496016712912,-0.6566496951313742,-0.17714973518569552,0.4847276264099868,0.643127644394199,0.5506076539723685,0.6856076682551316,-1,1,-1,1,-13,13,-13,13,-13,13,-13,14
1783308572.905602,35.0,0.0,0.0,35.0,0.0,0,10.283857861322469,10.283857861322469,10.283857861322469,10.283857861322469,11.850000381469727,11.4399995803833,12.15999984741211,10.789999961853027,-1.5661425201472579,-1.156141719060832,-1.8761419860896407,-0.5061421005305586,-0.5481498820515402,-0.4046496016712912,-0.6566496951313742,-0.17714973518569552,0.4706323437286615,0.6327223689226515,0.5337223760975618,0.6810523893503566,-1,1,-1,1,-13,13,-13,13,-13,13,-13,14
1783308572.925602,35.0,0.0,0.0,35.0,0.0,0,10.283857861322469,10.283857861322469,10.283857861322469,10.283857861322469,11.850000381469727,11.4399995803833,12.15999984741211,10.789999961853027,-1.5661425201472579,-1.156141719060832,-1.8761419860896407,-0.5061421005305586,-0.5481498820515402,-0.4046496016712912,-0.6566496951313742,-0.17714973518569552,0.45653706104733616,0.6223170934511041,0.516837098222755,0.6764971104455816,-1,1,-1,1,-13,13,-13,13,-13,13,-13,13
1783308572.9455934,35.0,0.0,0.0,35.0,0.0,0,10.283857861322469,10.283857861322469,10.283857861322469,10.283857861322469,11.920000076293945,10.720000267028809,12.140000343322754,10.5,-1.6361422149714766,-0.4361424057063399,-1.8561424820002852,-0.2161421386775313,-0.5726497752400168,-0.15264984199721895,-0.6496498687000998,-0.07564974853713595,0.4418117811125929,0.618391811799747,0.5001318158847524,0.6745518311974839,-1,1,-1,1,-13,13,-13,13,-13,13,-13,14
1783308572.9655938,35.0,0.0,0.0,35.0,0.0,0,10.283857861322469,10.283857861322469,10.283857861322469,10.283857861322469,11.920000076293945,10.720000267028809,12.140000343322754,10.5,-1.6361422149714766,-0.4361424057063399,-1.8561424820002852,-0.2161421386775313,-0.5726497752400168,-0.15264984199721895,-0.6496498687000998,-0.07564974853713595,0.42708650117784963,0.6144665301483899,0.48342653354674986,0.6726065519493861,-1,1,-1,1,-13,13,-13,13,-13,13,-13,14
1783308572.985702,35.0,0.0,0.0,35.0,0.0,0,10.283857861322469,10.283857861322469,10.283857861322469,10.283857861322469,12.420000076293945,10.680000305175781,11.890000343322754,10.520000457763672,-2.1361422149714766,-0.39614244385331254,-1.6061424820002852,-0.23614259644120317,-0.7476497752400167,-0.13864985534865937,-0.5621498687000998,-0.0826499087544211,0.40786122124310636,0.6109012481537102,0.4689712512087473,0.6704812685814153,-1,1,-1,1,-13,13,-13,13,-13,13,-13,14
1783308573.0055885,35.0,0.0,0.0,35.0,0.0,0,10.283857861322469,10.283857861322469,10.283857861322469,10.283857861322469,12.420000076293945,10.680000305175781,11.890000343322754,10.520000457763672,-2.1361422149714766,-0.39614244385331254,-1.6061424820002852,-0.23614259644120317,-0.7476497752400167,-0.13864985534865937,-0.5621498687000998,-0.0826499087544211,0.3886359413083631,0.6073359661590304,0.4545159688707447,0.6683559852134445,-1,1,-1,1,-13,13,-13,13,-13,13,-13,14
1783308573.0255947,35.0,0.0,0.0,35.0,0.0,0,10.283857861322469,10.283857861322469,10.283857861322469,10.283857861322469,12.420000076293945,10.680000305175781,11.890000343322754,10.520000457763672,-2.1361422149714766,-0.39614244385331254,-1.6061424820002852,-0.23614259644120317,-0.7476497752400167,-0.13864985534865937,-0.5621498687000998,-0.0826499087544211,0.36941066137361983,0.6037706841643506,0.4400606865327421,0.6662307018454737,-1,1,-1,1,-13,13,-13,13,-13,13,-13,14
1783308573.0455925,35.0,0.0,0.0,35.0,0.0,0,10.283857861322469,10.283857861322469,10.283857861322469,10.283857861322469,11.859999656677246,10.420000076293945,11.270000457763672,10.760000228881836,-1.5761417953547774,-0.1361422149714766,-0.9861425964412032,-0.47614236755936723,-0.5516496283741721,-0.04764977524001681,-0.3451499087544211,-0.1666498286457785,0.35522538521542685,0.6025454042296073,0.4311854031647713,0.6619454205374394,-1,1,-1,1,-13,13,-13,13,-13,14,-13,13
1783308573.0657277,35.0,0.0,0.0,35.0,0.0,0,10.283857861322469,10.283857861322469,10.283857861322469,10.283857861322469,11.859999656677246,10.420000076293945,11.270000457763672,10.760000228881836,-1.5761417953547774,-0.1361422149714766,-0.9861425964412032,-0.47614236755936723,-0.5516496283741721,-0.04764977524001681,-0.3451499087544211,-0.1666498286457785,0.34104010905723386,0.601320124294864,0.42231011979680044,0.6576601392294051,-1,1,-1,1,-13,13,-13,13,-13,14,-13,13
1783308573.0856688,35.0,0.0,0.0,35.0,0.0,0,10.283857861322469,10.283857861322469,10.283857861322469,10.283857861322469,11.470000267028809,10.460000038146973,10.829999923706055,10.699999809265137,-1.1861424057063399,-0.17614217682450395,-0.546142062383586,-0.416141947942668,-0.41514984199721894,-0.061649761888576377,-0.19114972183425508,-0.1456496817799338,0.3303648274058768,0.5997348447034435,0.41739484123534815,0.6539148616979211,-1,1,-1,1,-13,13,-13,13,-13,14,-13,14
1783308573.1056013,35.0,0.0,0.0,35.0,0.0,0,10.283857861322469,10.283857861322469,10.283857861322469,10.283857861322469,11.470000267028809,10.460000038146973,10.829999923706055,10.699999809265137,-1.1861424057063399,-0.17614217682450395,-0.546142062383586,-0.416141947942668,-0.41514984199721894,-0.061649761888576377,-0.19114972183425508,-0.1456496817799338,0.31968954575451974,0.598149565112023,0.41247956267389585,0.6501695841664371,-1,1,-1,1,-13,13,-13,13,-13,14,-13,14
1783308573.1255891,35.0,0.0,0.0,35.0,0.0,0,10.283857861322469,10.283857861322469,10.283857861322469,10.283857861322469,11.470000267028809,10.460000038146973,10.829999923706055,10.699999809265137,-1.1861424057063399,-0.17614217682450395,-0.546142062383586,-0.416141947942668,-0.41514984199721894,-0.061649761888576377,-0.19114972183425508,-0.1456496817799338,0.3090142641031627,0.5965642855206025,0.40756428411244355,0.6464243066349531,-1,1,-1,1,-13,13,-13,13,-13,14,-13,14
1783308573.1456127,35.0,0.0,0.0,35.0,0.0,0,10.283857861322469,10.283857861322469,10.283857861322469,10.283857861322469,11.199999809265137,10.039999961853027,10.520000457763672,10.210000038146973,-0.916141947942668,0.24385789946944136,-0.23614259644120317,0.07385782317549605,-0.3206496817799338,0.08535026481430447,-0.0826499087544211,0.025850238111423618,0.30076898657167866,0.5987590066158275,0.4054390007444727,0.6470890270435325,-1,1,-1,1,-13,13,-13,13,-13,14,-13,14
1783308573.1657188,35.0,0.0,0.0,35.0,0.0,0,10.283857861322469,10.283857861322469,10.283857861322469,10.283857861322469,11.199999809265137,10.039999961853027,10.520000457763672,10.210000038146973,-0.916141947942668,0.24385789946944136,-0.23614259644120317,0.07385782317549605,-0.3206496817799338,0.08535026481430447,-0.0826499087544211,0.025850238111423618,0.29252370904019465,0.6009537277110525,0.40331371737650185,0.647753747452112,-1,1,-1,1,-13,13,-13,13,-13,14,-13,14
1783308573.185664,35.0,0.0,0.0,35.0,0.0,0,10.283857861322469,10.283857861322469,10.283857861322469,10.283857861322469,11.010000228881836,10.199999809265137,10.539999961853027,10.539999961853027,-0.7261423675593672,0.08385805205733199,-0.25614210053055864,-0.25614210053055864,-0.2541498286457785,0.029350318220066195,-0.08964973518569552,-0.08964973518569552,0.2859884277321603,0.6017084501795684,0.4010084384717268,0.645448468547337,-1,1,-1,1,-13,13,-13,13,-13,14,-13,14
1783308573.2056813,35.0,0.0,0.0,35.0,0.0,0,10.283857861322469,10.283857861322469,10.283857861322469,10.283857861322469,11.010000228881836,10.199999809265137,10.539999961853027,10.539999961853027,-0.7261423675593672,0.08385805205733199,-0.25614210053055864,-0.25614210053055864,-0.2541498286457785,0.029350318220066195,-0.08964973518569552,-0.08964973518569552,0.279453146424126,0.6024631726480844,0.39870315956695174,0.6431431896425619,-1,1,-1,1,-13,13,-13,13,-13,14,-13,14
1783308573.2256012,35.0,0.0,0.0,35.0,0.0,0,10.283857861322469,10.283857861322469,10.283857861322469,10.283857861322469,11.010000228881836,10.199999809265137,10.539999961853027,10.539999961853027,-0.7261423675593672,0.08385805205733199,-0.25614210053055864,-0.25614210053055864,-0.2541498286457785,0.029350318220066195,-0.08964973518569552,-0.08964973518569552,0.2729178651160917,0.6032178951166003,0.3963978806621767,0.6408379107377868,-1,1,-1,1,-13,13,-13,13,-13,14,-13,14
1783308573.2456808,35.0,0.0,0.0,35.0,0.0,0,10.283857861322469,10.283857861322469,10.283857861322469,10.283857861322469,11.100000381469727,10.3100004196167,10.09000015258789,11.0,-0.8161425201472579,-0.02614255829423051,0.19385770873457808,-0.7161421386775313,-0.28564988205154024,-0.009149895402980678,0.06785019805710232,-0.25064974853713595,0.26557258243476634,0.6029826120919523,0.3981426000407879,0.634392631489689,-1,1,-1,1,-13,13,-13,13,-13,14,-13,13
1783308573.2655969,35.0,0.0,0.0,35.0,0.0,0,10.283857861322469,10.283857861322469,10.283857861322469,10.283857861322469,11.100000381469727,10.3100004196167,10.09000015258789,11.0,-0.8161425201472579,-0.02614255829423051,0.19385770873457808,-0.7161421386775313,-0.28564988205154024,-0.009149895402980678,0.06785019805710232,-0.25064974853713595,0.258227299753441,0.6027473290673042,0.3998873194193991,0.6279473522415913,-1,1,-1,1,-13,13,-13,13,-13,14,-13,13
1783308573.2856731,35.0,0.0,0.0,35.0,0.0,0,10.283857861322469,10.283857861322469,10.283857861322469,10.283857861322469,11.170000076293945,10.15999984741211,10.460000038146973,10.640000343322754,-0.8861422149714766,0.12385801391035933,-0.17614217682450395,-0.3561424820002852,-0.3101497752400168,0.04335030486862576,-0.061649761888576377,-0.12464986870009981,0.2502520198186977,0.6038620511924975,0.39830203982797857,0.6247420699035887,-1,1,-1,1,-13,13,-13,13,-13,14,-13,14
1783308573.3056557,35.0,0.0,0.0,35.0,0.0,0,10.283857861322469,10.283857861322469,10.283857861322469,10.283857861322469,11.170000076293945,10.15999984741211,10.460000038146973,10.640000343322754,-0.8861422149714766,0.12385801391035933,-0.17614217682450395,-0.3561424820002852,-0.3101497752400168,0.04335030486862576,-0.061649761888576377,-0.12464986870009981,0.24227673988395443,0.6049767733176907,0.39671676023655805,0.6215367875655862,-1,1,-1,1,-13,13,-13,13,-13,14,-13,13
1783308573.325606,35.0,0.0,0.0,35.0,0.0,0,10.283857861322469,10.283857861322469,10.283857861322469,10.283857861322469,11.170000076293945,10.15999984741211,10.460000038146973,10.640000343322754,-0.8861422149714766,0.12385801391035933,-0.17614217682450395,-0.3561424820002852,-0.3101497752400168,0.04335030486862576,-0.061649761888576377,-0.12464986870009981,0.23430145994921114,0.606091495442884,0.39513148064513753,0.6183315052275836,-1,1,-1,1,-13,13,-13,13,-13,14,-13,13
1783308573.3456523,35.0,0.0,0.0,35.0,0.0,0,10.283857861322469,10.283857861322469,10.283857861322469,10.283857861322469,10.989999771118164,10.050000190734863,10.270000457763672,10.170000076293945,-0.7061419097956954,0.23385767058760543,0.013857403558796832,0.1138577850285234,-0.24714966842849337,0.0818501847056619,0.004850091245578891,0.039850224759983184,0.2279461827610499,0.6081962144781724,0.3952561972771667,0.6193562252928403,-1,1,-1,1,-13,13,-13,13,-13,14,-13,14
1783308573.365588,35.0,0.0,0.0,35.0,0.0,0,10.283857861322469,10.283857861322469,10.283857861322469,10.283857861322469,10.989999771118164,10.050000190734863,10.270000457763672,10.170000076293945,-0.7061419097956954,0.23385767058760543,0.013857403558796832,0.1138577850285234,-0.24714966842849337,0.0818501847056619,0.004850091245578891,0.039850224759983184,0.22159090557288863,0.6103009335134608,0.3953809139091959,0.620380945358097,-1,1,-1,1,-13,13,-13,13,-13,14,-13,14
1783308573.385754,35.0,0.0,0.0,35.0,0.0,0,10.283857861322469,10.283857861322469,10.283857861322469,10.283857861322469,10.859999656677246,10.430000305175781,10.359999656677246,10.739999771118164,-0.5761417953547774,-0.14614244385331254,-0.07614179535477739,-0.45614190979569536,-0.20164962837417208,-0.05114985534865939,-0.026649628374172084,-0.15964966842849337,0.21640562941469563,0.608985651518781,0.3946956377510029,0.6162756681699357,-1,1,-1,1,-13,13,-13,13,-13,14,-13,13
1783308573.4056013,35.0,0.0,0.0,35.0,0.0,0,10.283857861322469,10.283857861322469,10.283857861322469,10.283857861322469,10.859999656677246,10.430000305175781,10.359999656677246,10.739999771118164,-0.5761417953547774,-0.14614244385331254,-0.07614179535477739,-0.45614190979569536,-0.20164962837417208,-0.05114985534865939,-0.026649628374172084,-0.15964966842849337,0.21122035325650262,0.6076703695241013,0.39401036159280994,0.6121703909817745,-1,1,-1,1,-13,13,-13,13,-13,14,-13,13
1783308573.4256005,35.0,0.0,0.0,35.0,0.0,0,10.283857861322469,10.283857861322469,10.283857861322469,10.283857861322469,10.859999656677246,10.430000305175781,10.359999656677246,10.739999771118164,-0.5761417953547774,-0.14614244385331254,-0.07614179535477739,-0.45614190979569536,-0.20164962837417208,-0.05114985534865939,-0.026649628374172084,-0.15964966842849337,0.20603507709830962,0.6063550875294215,0.393325085434617,0.6080651137936133,-1,1,-1,1,-13,13,-13,13,-13,14,-13,13
1783308573.445606,35.0,0.0,0.0,35.0,0.0,0,10.283857861322469,10.283857861322469,10.283857861322469,10.283857861322469,10.770000457763672,10.699999809265137,10.420000076293945,10.6899995803833,-0.48614259644120317,-0.416141947942668,-0.1361422149714766,-0.4061417190608321,-0.1701499087544211,-0.1456496817799338,-0.04764977524001681,-0.1421496016712912,0.2016597937303388,0.6026098099979375,0.39209980549987367,0.6044098383220657,-1,1,-1,1,-13,13,-13,13,-13,13,-13,13
1783308573.4655983,35.0,0.0,0.0,35.0,0.0,0,10.283857861322469,10.283857861322469,10.283857861322469,10.283857861322469,10.770000457763672,10.699999809265137,10.420000076293945,10.6899995803833,-0.48614259644120317,-0.416141947942668,-0.1361422149714766,-0.4061417190608321,-0.1701499087544211,-0.1456496817799338,-0.04764977524001681,-0.1421496016712912,0.19728451036236797,0.5988645324664534,0.39087452556513036,0.6007545628505182,-1,1,-1,1,-13,13,-13,13,-13,13,-13,13
1783308573.485753,35.0,0.0,0.0,35.0,0.0,0,10.283857861322469,10.283857861322469,10.283857861322469,10.283857861322469,10.710000038146973,11.34000015258789,10.460000038146973,10.880000114440918,-0.42614217682450395,-1.056142291265422,-0.17614217682450395,-0.5961422531184493,-0.14914976188857637,-0.36964980194289765,-0.061649761888576377,-0.20864978859145722,0.19344923077094742,0.5893592518450647,0.38928924597370984,0.5953892825724522,-1,1,-1,1,-13,13,-13,13,-13,13,-13,13
1783308573.5055914,35.0,0.0,0.0,35.0,0.0,0,10.283857861322469,10.283857861322469,10.283857861322469,10.283857861322469,10.710000038146973,11.34000015258789,10.460000038146973,10.880000114440918,-0.42614217682450395,-1.056142291265422,-0.17614217682450395,-0.5961422531184493,-0.14914976188857637,-0.36964980194289765,-0.061649761888576377,-0.20864978859145722,0.18961395117952687,0.5798539712236759,0.3877039663822893,0.5900240022943861,-1,1,-1,1,-13,13,-13,13,-13,13,-13,13
1783308573.525605,35.0,0.0,0.0,35.0,0.0,0,10.283857861322469,10.283857861322469,10.283857861322469,10.283857861322469,10.710000038146973,11.34000015258789,10.460000038146973,10.880000114440918,-0.42614217682450395,-1.056142291265422,-0.17614217682450395,-0.5961422531184493,-0.14914976188857637,-0.36964980194289765,-0.061649761888576377,-0.20864978859145722,0.18577867158810632,0.5703486906022871,0.3861186867908688,0.5846587220163201,-1,1,-1,1,-13,13,-13,13,-13,13,-13,13
1783308573.5456,35.0,0.0,0.0,35.0,0.0,0,10.283857861322469,10.283857861322469,10.283857861322469,10.283857861322469,10.4399995803833,11.5600004196167,11.170000076293945,11.010000228881836,-0.15614171906083207,-1.2761425582942305,-0.8861422149714766,-0.7261423675593672,-0.05464960167129122,-0.44664989540298067,-0.3101497752400168,-0.2541498286457785,0.18437339611655884,0.5588634075776391,0.3781434068561255,0.5781234407082858,-1,1,-1,1,-13,13,-13,13,-13,13,-13,13
1783308573.5656023,35.0,0.0,0.0,35.0,0.0,0,10.283857861322469,10.283857861322469,10.283857861322469,10.283857861322469,10.4399995803833,11.5600004196167,11.170000076293945,11.010000228881836,-0.15614171906083207,-1.2761425582942305,-0.8861422149714766,-0.7261423675593672,-0.05464960167129122,-0.44664989540298067,-0.3101497752400168,-0.2541498286457785,0.18296812064501136,0.547378124552991,0.37016812692138223,0.5715881594002515,-1,1,-1,1,-13,13,-13,13,-13,13,-13,13
1783308573.5856805,35.0,0.0,0.0,35.0,0.0,0,10.283857861322469,10.283857861322469,10.283857861322469,10.283857861322469,10.699999809265137,11.9399995803833,11.220000267028809,11.5600004196167,-0.416141947942668,-1.656141719060832,-0.9361424057063399,-1.2761425582942305,-0.1456496817799338,-0.5796496016712912,-0.3276498419972189,-0.44664989540298067,0.17922284311352735,0.5324728490814434,0.36174284527002515,0.5601028763756035,-1,1,-1,1,-13,13,-13,13,-13,13,-13,13
1783308573.60563,35.0,0.0,0.0,35.0,0.0,0,10.283857861322469,10.283857861322469,10.283857861322469,10.283857861322469,10.699999809265137,11.9399995803833,11.220000267028809,11.5600004196167,-0.416141947942668,-1.656141719060832,-0.9361424057063399,-1.2761425582942305,-0.1456496817799338,-0.5796496016712912,-0.3276498419972189,-0.44664989540298067,0.17547756558204333,0.5175675736098959,0.35331756361866806,0.5486175933509554,-1,1,-1,1,-13,13,-13,13,-13,13,-13,13
1783308573.6256826,35.0,0.0,0.0,35.0,0.0,0,10.283857861322469,10.283857861322469,10.283857861322469,10.283857861322469,10.699999809265137,11.9399995803833,11.220000267028809,11.5600004196167,-0.416141947942668,-1.656141719060832,-0.9361424057063399,-1.2761425582942305,-0.1456496817799338,-0.5796496016712912,-0.3276498419972189,-0.44664989540298067,0.17173228805055932,0.5026622981383484,0.344892281967311,0.5371323103263073,-1,1,-1,1,-13,13,-13,13,-13,13,-13,13
1783308573.645594,35.0,0.0,0.0,35.0,0.0,0,10.283857861322469,10.283857861322469,10.283857861322469,10.283857861322469,11.34000015258789,11.300000190734863,11.470000267028809,11.260000228881836,-1.056142291265422,-1.0161423294123946,-1.1861424057063399,-0.9761423675593672,-0.36964980194289765,-0.3556498152943381,-0.41514984199721894,-0.34164982864577853,0.1622270074291705,0.49351701717363683,0.3342170003159539,0.5283470290182729,-1,1,-1,1,-13,13,-13,13,-13,13,-13,13
1783308573.665704,35.0,0.0,0.0,35.0,0.0,0,10.283857861322469,10.283857861322469,10.283857861322469,10.283857861322469,11.34000015258789,11.300000190734863,11.470000267028809,11.260000228881836,-1.056142291265422,-1.0161423294123946,-1.1861424057063399,-0.9761423675593672,-0.36964980194289765,-0.3556498152943381,-0.41514984199721894,-0.34164982864577853,0.1527217268077817,0.48437173620892526,0.32354171866459686,0.5195617477102386,-1,1,-1,1,-13,13,-13,13,-13,13,-13,13
1783308573.6857202,35.0,0.0,0.0,35.0,0.0,0,10.283857861322469,10.283857861322469,10.283857861322469,10.283857861322469,11.5600004196167,11.3100004196167,11.65999984741211,11.050000190734863,-1.2761425582942305,-1.0261425582942305,-1.3761419860896407,-0.7661423294123946,-0.44664989540298067,-0.35914989540298065,-0.4816496951313742,-0.26814981529433807,0.14123644378313363,0.47513645318427716,0.3111564407897901,0.512666466745527,-1,1,-1,1,-13,13,-13,13,-13,13,-13,13
1783308573.7056053,35.0,0.0,0.0,35.0,0.0,0,10.283857861322469,10.283857861322469,10.283857861322469,10.283857861322469,11.5600004196167,11.3100004196167,11.65999984741211,11.050000190734863,-1.2761425582942305,-1.0261425582942305,-1.3761419860896407,-0.7661423294123946,-0.44664989540298067,-0.35914989540298065,-0.4816496951313742,-0.26814981529433807,0.12975116075848556,0.46590117015962906,0.29877116291498335,0.5057711857808154,-1,1,-1,1,-13,13,-13,13,-13,13,-13,13
1783308573.7257044,35.0,0.0,0.0,35.0,0.0,0,10.283857861322469,10.283857861322469,10.283857861322469,10.283857861322469,11.5600004196167,11.3100004196167,11.65999984741211,11.050000190734863,-1.2761425582942305,-1.0261425582942305,-1.3761419860896407,-0.7661423294123946,-0.44664989540298067,-0.35914989540298065,-0.4816496951313742,-0.26814981529433807,0.11826587773383748,0.45666588713498096,0.2863858850401766,0.49887590481610383,-1,1,-1,1,-13,13,-13,13,-13,13,-13,13
1783308573.7456279,35.0,0.0,0.0,35.0,0.0,0,10.283857861322469,10.283857861322469,10.283857861322469,10.283857861322469,11.489999771118164,11.3100004196167,11.100000381469727,11.8100004196167,-1.2061419097956954,-1.0261425582942305,-0.8161425201472579,-1.5261425582942305,-0.42214966842849333,-0.35914989540298065,-0.28564988205154024,-0.5341498954029806,0.10741060054567622,0.44743060411033286,0.27904060235885125,0.4851406217914558,-1,1,-1,1,-13,13,-13,13,-13,13,-13,13
1783308573.765692,35.0,0.0,0.0,35.0,0.0,0,10.283857861322469,10.283857861322469,10.283857861322469,10.283857861322469,11.489999771118164,11.3100004196167,11.100000381469727,11.8100004196167,-1.2061419097956954,-1.0261425582942305,-0.8161425201472579,-1.5261425582942305,-0.42214966842849333,-0.35914989540298065,-0.28564988205154024,-0.5341498954029806,0.09655532335751496,0.43819532108568476,0.2716953196775259,0.4714053387668077,-1,1,-1,1,-13,13,-13,13,-13,13,-13,13
1783308573.7856717,35.0,0.0,0.0,35.0,0.0,0,10.283857861322469,10.283857861322469,10.283857861322469,10.283857861322469,11.4399995803833,11.09000015258789,10.9399995803833,11.4399995803833,-1.156141719060832,-0.8061422912654219,-0.6561417190608321,-1.156141719060832,-0.4046496016712912,-0.2821498019428976,-0.2296496016712912,-0.4046496016712912,0.08615004788596747,0.43094004046429596,0.2657900442059784,0.46100006329526017,-1,1,-1,1,-13,13,-13,13,-13,13,-13,13
1783308573.8056512,35.0,0.0,0.0,35.0,0.0,0,10.283857861322469,10.283857861322469,10.283857861322469,10.283857861322469,11.4399995803833,11.09000015258789,10.9399995803833,11.4399995803833,-1.156141719060832,-0.8061422912654219,-0.6561417190608321,-1.156141719060832,-0.4046496016712912,-0.2821498019428976,-0.2296496016712912,-0.4046496016712912,0.07574477241441999,0.42368475984290715,0.2598847687344309,0.45059478782371265,-1,1,-1,1,-13,13,-13,13,-13,13,-13,13
1783308573.8255646,0.0,0.0,0.0,0.0,0.0,0,0.0,0.0,0.0,0.0,11.4399995803833,11.09000015258789,10.9399995803833,11.4399995803833,-11.4399995803833,-11.09000015258789,-10.9399995803833,-11.4399995803833,-4.003999853134155,-3.8815000534057615,-3.828999853134155,-4.003999853134155,0.0,0.0,0.0,0.0,-1,1,-1,1,0,0,0,0,0,0,0,0
1783308573.845563,0.0,0.0,0.0,0.0,0.0,0,0.0,0.0,0.0,0.0,11.630000114440918,10.930000305175781,10.829999923706055,11.180000305175781,-11.630000114440918,-10.930000305175781,-10.829999923706055,-11.180000305175781,-4.070500040054321,-3.825500106811523,-3.790499973297119,-3.913000106811523,0.0,0.0,0.0,0.0,-1,1,-1,1,0,0,0,0,0,0,0,0
1783308573.865681,0.0,0.0,0.0,0.0,0.0,0,0.0,0.0,0.0,0.0,11.630000114440918,10.930000305175781,10.829999923706055,11.180000305175781,-11.630000114440918,-10.930000305175781,-10.829999923706055,-11.180000305175781,-4.070500040054321,-3.825500106811523,-3.790499973297119,-3.913000106811523,0.0,0.0,0.0,0.0,-1,1,-1,1,0,0,0,0,0,0,0,0
1783308573.8856537,0.0,0.0,0.0,0.0,0.0,0,0.0,0.0,0.0,0.0,10.630000114440918,10.600000381469727,10.300000190734863,11.220000267028809,-10.630000114440918,-10.600000381469727,-10.300000190734863,-11.220000267028809,-3.720500040054321,-3.710000133514404,-3.605000066757202,-3.927000093460083,0.0,0.0,0.0,0.0,-1,1,-1,1,0,0,0,0,0,0,0,0
1783308573.905778,0.0,0.0,0.0,0.0,0.0,0,0.0,0.0,0.0,0.0,10.630000114440918,10.600000381469727,10.300000190734863,11.220000267028809,-10.630000114440918,-10.600000381469727,-10.300000190734863,-11.220000267028809,-3.720500040054321,-3.710000133514404,-3.605000066757202,-3.927000093460083,0.0,0.0,0.0,0.0,-1,1,-1,1,0,0,0,0,0,0,0,0
1783308573.9255915,0.0,0.0,0.0,0.0,0.0,0,0.0,0.0,0.0,0.0,10.630000114440918,10.600000381469727,10.300000190734863,11.220000267028809,-10.630000114440918,-10.600000381469727,-10.300000190734863,-11.220000267028809,-3.720500040054321,-3.710000133514404,-3.605000066757202,-3.927000093460083,0.0,0.0,0.0,0.0,-1,1,-1,1,0,0,0,0,0,0,0,0
1783308573.945597,0.0,0.0,0.0,0.0,0.0,0,0.0,0.0,0.0,0.0,8.800000190734863,9.229999542236328,8.109999656677246,9.890000343322754,-8.800000190734863,-9.229999542236328,-8.109999656677246,-9.890000343322754,-3.080000066757202,-3.2304998397827145,-2.8384998798370358,-3.4615001201629636,0.0,0.0,0.0,0.0,-1,1,-1,1,0,0,0,0,0,0,0,0
1783308573.9655826,0.0,0.0,0.0,0.0,0.0,0,0.0,0.0,0.0,0.0,8.800000190734863,9.229999542236328,8.109999656677246,9.890000343322754,-8.800000190734863,-9.229999542236328,-8.109999656677246,-9.890000343322754,-3.080000066757202,-3.2304998397827145,-2.8384998798370358,-3.4615001201629636,0.0,0.0,0.0,0.0,-1,1,-1,1,0,0,0,0,0,0,0,0
1783308573.985759,0.0,0.0,0.0,0.0,0.0,0,0.0,0.0,0.0,0.0,7.070000171661377,6.909999847412109,5.909999847412109,7.150000095367432,-7.070000171661377,-6.909999847412109,-5.909999847412109,-7.150000095367432,-2.474500060081482,-2.4184999465942383,-2.068499946594238,-2.5025000333786007,0.0,0.0,0.0,0.0,-1,1,-1,1,0,0,0,0,0,0,0,0
1783308574.005661,0.0,0.0,0.0,0.0,0.0,0,0.0,0.0,0.0,0.0,7.070000171661377,6.909999847412109,5.909999847412109,7.150000095367432,-7.070000171661377,-6.909999847412109,-5.909999847412109,-7.150000095367432,-2.474500060081482,-2.4184999465942383,-2.068499946594238,-2.5025000333786007,0.0,0.0,0.0,0.0,-1,1,-1,1,0,0,0,0,0,0,0,0
1783308574.0255787,0.0,0.0,0.0,0.0,0.0,0,0.0,0.0,0.0,0.0,7.070000171661377,6.909999847412109,5.909999847412109,7.150000095367432,-7.070000171661377,-6.909999847412109,-5.909999847412109,-7.150000095367432,-2.474500060081482,-2.4184999465942383,-2.068499946594238,-2.5025000333786007,0.0,0.0,0.0,0.0,-1,1,-1,1,0,0,0,0,0,0,0,0
1783308574.045586,0.0,0.0,0.0,0.0,0.0,0,0.0,0.0,0.0,0.0,4.949999809265137,4.840000152587891,4.130000114440918,5.010000228881836,-4.949999809265137,-4.840000152587891,-4.130000114440918,-5.010000228881836,-1.7324999332427977,-1.6940000534057615,-1.4455000400543212,-1.7535000801086424,0.0,0.0,0.0,0.0,-1,1,-1,1,0,0,0,0,0,0,0,0
1783308574.065676,0.0,0.0,0.0,0.0,0.0,0,0.0,0.0,0.0,0.0,4.949999809265137,4.840000152587891,4.130000114440918,5.010000228881836,-4.949999809265137,-4.840000152587891,-4.130000114440918,-5.010000228881836,-1.7324999332427977,-1.6940000534057615,-1.4455000400543212,-1.7535000801086424,0.0,0.0,0.0,0.0,-1,1,-1,1,0,0,0,0,0,0,0,0
1783308574.0857623,0.0,0.0,0.0,0.0,0.0,0,0.0,0.0,0.0,0.0,3.4600000381469727,3.390000104904175,2.890000104904175,3.5,-3.4600000381469727,-3.390000104904175,-2.890000104904175,-3.5,-1.2110000133514403,-1.186500036716461,-1.011500036716461,-1.2249999999999999,0.0,0.0,0.0,0.0,-1,1,-1,1,0,0,0,0,0,0,0,0
1783308574.1056018,0.0,0.0,0.0,0.0,0.0,0,0.0,0.0,0.0,0.0,3.4600000381469727,3.390000104904175,2.890000104904175,3.5,-3.4600000381469727,-3.390000104904175,-2.890000104904175,-3.5,-1.2110000133514403,-1.186500036716461,-1.011500036716461,-1.2249999999999999,0.0,0.0,0.0,0.0,-1,1,-1,1,0,0,0,0,0,0,0,0
1783308574.125586,0.0,0.0,0.0,0.0,0.0,0,0.0,0.0,0.0,0.0,3.4600000381469727,3.390000104904175,2.890000104904175,3.5,-3.4600000381469727,-3.390000104904175,-2.890000104904175,-3.5,-1.2110000133514403,-1.186500036716461,-1.011500036716461,-1.2249999999999999,0.0,0.0,0.0,0.0,-1,1,-1,1,0,0,0,0,0,0,0,0
1783308574.1455822,0.0,0.0,0.0,0.0,0.0,0,0.0,0.0,0.0,0.0,2.4200000762939453,2.369999885559082,2.0299999713897705,2.450000047683716,-2.4200000762939453,-2.369999885559082,-2.0299999713897705,-2.450000047683716,-0.8470000267028808,-0.8294999599456787,-0.7104999899864196,-0.8575000166893005,0.0,0.0,0.0,0.0,-1,1,-1,1,0,0,0,0,0,0,0,0
1783308574.1656725,0.0,0.0,0.0,0.0,0.0,0,0.0,0.0,0.0,0.0,2.4200000762939453,2.369999885559082,2.0299999713897705,2.450000047683716,-2.4200000762939453,-2.369999885559082,-2.0299999713897705,-2.450000047683716,-0.8470000267028808,-0.8294999599456787,-0.7104999899864196,-0.8575000166893005,0.0,0.0,0.0,0.0,-1,1,-1,1,0,0,0,0,0,0,0,0
1783308574.1857333,0.0,0.0,0.0,0.0,0.0,0,0.0,0.0,0.0,0.0,1.7000000476837158,1.659999966621399,1.4199999570846558,1.7200000286102295,-1.7000000476837158,-1.659999966621399,-1.4199999570846558,-1.7200000286102295,-0.5950000166893005,-0.5809999883174896,-0.4969999849796295,-0.6020000100135803,0.0,0.0,0.0,0.0,-1,1,-1,1,0,0,0,0,0,0,0,0
1783308574.2055802,0.0,0.0,0.0,0.0,0.0,0,0.0,0.0,0.0,0.0,1.7000000476837158,1.659999966621399,1.4199999570846558,1.7200000286102295,-1.7000000476837158,-1.659999966621399,-1.4199999570846558,-1.7200000286102295,-0.5950000166893005,-0.5809999883174896,-0.4969999849796295,-0.6020000100135803,0.0,0.0,0.0,0.0,-1,1,-1,1,0,0,0,0,0,0,0,0
1783308574.2256577,0.0,0.0,0.0,0.0,0.0,0,0.0,0.0,0.0,0.0,1.7000000476837158,1.659999966621399,1.4199999570846558,1.7200000286102295,-1.7000000476837158,-1.659999966621399,-1.4199999570846558,-1.7200000286102295,-0.5950000166893005,-0.5809999883174896,-0.4969999849796295,-0.6020000100135803,0.0,0.0,0.0,0.0,-1,1,-1,1,0,0,0,0,0,0,0,0
1783308574.2455833,0.0,0.0,0.0,0.0,0.0,0,0.0,0.0,0.0,0.0,1.190000057220459,1.159999966621399,0.9900000095367432,1.2000000476837158,-1.190000057220459,-1.159999966621399,-0.9900000095367432,-1.2000000476837158,-0.41650002002716063,-0.4059999883174896,-0.3465000033378601,-0.42000001668930054,0.0,0.0,0.0,0.0,-1,1,-1,1,0,0,0,0,0,0,0,0
1783308574.2655962,0.0,0.0,0.0,0.0,0.0,0,0.0,0.0,0.0,0.0,1.190000057220459,1.159999966621399,0.9900000095367432,1.2000000476837158,-1.190000057220459,-1.159999966621399,-0.9900000095367432,-1.2000000476837158,-0.41650002002716063,-0.4059999883174896,-0.3465000033378601,-0.42000001668930054,0.0,0.0,0.0,0.0,-1,1,-1,1,0,0,0,0,0,0,0,0
1783308574.2856476,0.0,0.0,0.0,0.0,0.0,0,0.0,0.0,0.0,0.0,0.8299999833106995,0.8100000023841858,0.6899999976158142,0.8399999737739563,-0.8299999833106995,-0.8100000023841858,-0.6899999976158142,-0.8399999737739563,-0.2904999941587448,-0.283500000834465,-0.24149999916553497,-0.2939999908208847,0.0,0.0,0.0,0.0,-1,1,-1,1,0,0,0,0,0,0,0,0
1783308574.3055756,0.0,0.0,0.0,0.0,0.0,0,0.0,0.0,0.0,0.0,0.8299999833106995,0.8100000023841858,0.6899999976158142,0.8399999737739563,-0.8299999833106995,-0.8100000023841858,-0.6899999976158142,-0.8399999737739563,-0.2904999941587448,-0.283500000834465,-0.24149999916553497,-0.2939999908208847,0.0,0.0,0.0,0.0,-1,1,-1,1,0,0,0,0,0,0,0,0
1783308574.325756,0.0,0.0,0.0,0.0,0.0,0,0.0,0.0,0.0,0.0,0.8299999833106995,0.8100000023841858,0.6899999976158142,0.8399999737739563,-0.8299999833106995,-0.8100000023841858,-0.6899999976158142,-0.8399999737739563,-0.2904999941587448,-0.283500000834465,-0.24149999916553497,-0.2939999908208847,0.0,0.0,0.0,0.0,-1,1,-1,1,0,0,0,0,0,0,0,0
1783308574.3456423,0.0,0.0,0.12,0.0,0.0,1,10.225092959257768,-10.225092959257768,10.225092959257768,-10.225092959257768,0.5799999833106995,0.5699999928474426,0.49000000953674316,0.5899999737739563,9.645092975947069,-10.795092952105211,9.735092949721025,-10.815092933031725,3.375782541581474,-3.7782825332368235,3.4072825324023586,-3.785282526561103,0.08680583678352363,-0.0971558365689469,0.08761583654748924,-0.09733583639728552,-1,1,-1,1,-18,-18,-18,-18,-21,-22,-21,-22
1783308574.3656082,0.0,0.0,0.12,0.0,0.0,1,10.225092959257768,-10.225092959257768,10.225092959257768,-10.225092959257768,0.5799999833106995,0.5699999928474426,0.49000000953674316,0.5899999737739563,9.645092975947069,-10.795092952105211,9.735092949721025,-10.815092933031725,3.375782541581474,-3.7782825332368235,3.4072825324023586,-3.785282526561103,0.17361167356704726,-0.1943116731378938,0.17523167309497847,-0.19467167279457104,-1,1,-1,1,-18,-18,-18,-18,-22,-22,-22,-22
1783308574.3856637,0.0,0.0,0.12,0.0,0.0,1,10.225092959257768,-10.225092959257768,10.225092959257768,-10.225092959257768,0.4099999964237213,0.17000000178813934,0.3400000035762787,0.1899999976158142,9.815092962834047,-10.395092961045908,9.88509295568149,-10.415092956873583,3.435282536991916,-3.6382825363660674,3.459782534488521,-3.645282534905754,0.2619475102325537,-0.28786750978730696,0.2641975096961119,-0.2884075094064333,-1,1,-1,1,-18,-18,-18,-18,-22,-22,-22,-22
1783308574.4059129,0.0,0.0,0.12,0.0,0.0,1,10.225092959257768,-10.225092959257768,10.225092959257768,-10.225092959257768,0.4099999964237213,0.17000000178813934,0.3400000035762787,0.1899999976158142,9.815092962834047,-10.395092961045908,9.88509295568149,-10.415092956873583,3.435282536991916,-3.6382825363660674,3.459782534488521,-3.645282534905754,0.3502833468980601,-0.38142334643672016,0.35316334629724533,-0.3821433460182955,-1,1,-1,1,-18,-18,-18,-18,-22,-22,-22,-22
1783308574.4259331,0.0,0.0,0.12,0.0,0.0,1,10.225092959257768,-10.225092959257768,10.225092959257768,-10.225092959257768,0.4099999964237213,0.17000000178813934,0.3400000035762787,0.1899999976158142,9.815092962834047,-10.395092961045908,9.88509295568149,-10.415092956873583,3.435282536991916,-3.6382825363660674,3.459782534488521,-3.645282534905754,0.43861918356356655,-0.47497918308613335,0.44212918289837877,-0.47587918263015777,-1,1,-1,1,-18,-18,-18,-18,-22,-22,-22,-22
1783308574.4455948,0.0,0.0,0.12,0.0,0.0,1,10.225092959257768,-10.225092959257768,10.225092959257768,-10.225092959257768,2.0999999046325684,-2.369999885559082,2.049999952316284,-2.130000114440918,8.1250930546252,-7.855093073698686,8.175093006941484,-8.09509284481685,2.8437825691188197,-2.74928257579454,2.861282552429519,-2.8332824956858973,0.5117450210551934,-0.5456750207494215,0.5157050199608522,-0.5487350182335095,-1,1,-1,1,-18,-18,-18,-18,-21,-21,-21,-21
1783308574.4656653,0.0,0.0,0.12,0.0,0.0,1,10.225092959257768,-10.225092959257768,10.225092959257768,-10.225092959257768,2.0999999046325684,-2.369999885559082,2.049999952316284,-2.130000114440918,8.1250930546252,-7.855093073698686,8.175093006941484,-8.09509284481685,2.8437825691188197,-2.74928257579454,2.861282552429519,-2.8332824956858973,0.5848708585468202,-0.6163708584127097,0.5892808570233256,-0.6215908538368611,-1,1,-1,1,-18,-18,-18,-18,-21,-21,-21,-21
1783308574.4856699,0.0,0.0,0.12,0.0,0.0,1,10.225092959257768,-10.225092959257768,10.225092959257768,-10.225092959257768,5.090000152587891,-5.28000020980835,5.059999942779541,-4.210000038146973,5.135092806669878,-4.945092749449419,5.165093016478227,-6.015092921110796,1.797282482334457,-1.7307824623072965,1.8077825557673795,-2.1052825223887783,0.6310866938068491,-0.6608766931577544,0.6357666941716296,-0.6757266901268583,-1,1,-1,1,-18,-18,-18,-18,-20,-20,-20,-21
1783308574.505677,0.0,0.0,0.12,0.0,0.0,1,10.225092959257768,-10.225092959257768,10.225092959257768,-10.225092959257768,5.090000152587891,-5.28000020980835,5.059999942779541,-4.210000038146973,5.135092806669878,-4.945092749449419,5.165093016478227,-6.015092921110796,1.797282482334457,-1.7307824623072965,1.8077825557673795,-2.1052825223887783,0.677302529066878,-0.7053825279027992,0.6822525313199336,-0.7298625264168555,-1,1,-1,1,-18,-18,-18,-18,-20,-20,-20,-21
1783308574.5256026,0.0,0.0,0.12,0.0,0.0,1,10.225092959257768,-10.225092959257768,10.225092959257768,-10.225092959257768,5.090000152587891,-5.28000020980835,5.059999942779541,-4.210000038146973,5.135092806669878,-4.945092749449419,5.165093016478227,-6.015092921110796,1.797282482334457,-1.7307824623072965,1.8077825557673795,-2.1052825223887783,0.723518364326907,-0.749888362647844,0.7287383684682376,-0.7839983627068526,-1,1,-1,1,-18,-18,-18,-18,-21,-20,-21,-21
1783308574.545645,0.0,0.0,0.12,0.0,0.0,1,10.225092959257768,-10.225092959257768,10.225092959257768,-10.225092959257768,7.190000057220459,-6.869999885559082,7.389999866485596,-6.119999885559082,3.0350929020373094,-3.3550930736986864,2.8350930927721727,-4.105093073698686,1.0622825157130582,-1.17428257579454,0.9922825824702604,-1.43678257579454,0.7508342004452427,-0.7800842003111321,0.7542542063031872,-0.8209442003701408,-1,1,-1,1,-18,-18,-18,-18,-20,-20,-20,-20
1783308574.5656662,0.0,0.0,0.12,0.0,0.0,1,10.225092959257768,-10.225092959257768,10.225092959257768,-10.225092959257768,7.190000057220459,-6.869999885559082,7.389999866485596,-6.119999885559082,3.0350929020373094,-3.3550930736986864,2.8350930927721727,-4.105093073698686,1.0622825157130582,-1.17428257579454,0.9922825824702604,-1.43678257579454,0.7781500365635785,-0.8102800379744203,0.7797700441381368,-0.857890038033429,-1,1,-1,1,-18,-18,-18,-18,-20,-20,-20,-20
1783308574.585653,0.0,0.0,0.12,0.0,0.0,1,10.225092959257768,-10.225092959257768,10.225092959257768,-10.225092959257768,8.649999618530273,-8.65999984741211,8.569999694824219,-7.900000095367432,1.575093340727495,-1.565093111845659,1.6550932644335496,-2.3250928638903368,0.5512826692546232,-0.5477825891459807,0.5792826425517423,-0.8137825023616179,0.792325876630126,-0.8243658759810312,0.7946658835180387,-0.8788158738084421,-1,1,-1,1,-18,-18,-18,-18,-19,-19,-19,-20
1783308574.6055906,0.0,0.0,0.12,0.0,0.0,1,10.225092959257768,-10.225092959257768,10.225092959257768,-10.225092959257768,8.649999618530273,-8.65999984741211,8.569999694824219,-7.900000095367432,1.575093340727495,-1.565093111845659,1.6550932644335496,-2.3250928638903368,0.5512826692546232,-0.5477825891459807,0.5792826425517423,-0.8137825023616179,0.8065017166966735,-0.8384517139876421,0.8095617228979406,-0.8997417095834551,-1,1,-1,1,-18,-18,-18,-18,-19,-19,-19,-20
1783308574.6255841,0.0,0.0,0.12,0.0,0.0,1,10.225092959257768,-10.225092959257768,10.225092959257768,-10.225092959257768,8.649999618530273,-8.65999984741211,8.569999694824219,-7.900000095367432,1.575093340727495,-1.565093111845659,1.6550932644335496,-2.3250928638903368,0.5512826692546232,-0.5477825891459807,0.5792826425517423,-0.8137825023616179,0.820677556763221,-0.852537551994253,0.8244575622778425,-0.9206675453584682,-1,1,-1,1,-18,-18,-18,-18,-19,-19,-19,-20
1783308574.6456857,0.0,0.0,0.12,0.0,0.0,1,10.225092959257768,-10.225092959257768,10.225092959257768,-10.225092959257768,10.359999656677246,-10.130000114440918,9.619999885559082,-9.15999984741211,-0.1349066974194777,-0.09509284481685043,0.6050930736986864,-1.065093111845659,-0.04721734409681719,-0.033282495685897646,0.2117825757945402,-0.3727825891459806,0.8194633964864456,-0.8533933875976046,0.8299033999411307,-0.9302533833650791,-1,1,-1,1,-18,-18,-18,-18,-19,-19,-19,-19
1783308574.6656723,0.0,0.0,0.12,0.0,0.0,1,10.225092959257768,-10.225092959257768,10.225092959257768,-10.225092959257768,10.359999656677246,-10.130000114440918,9.619999885559082,-9.15999984741211,-0.1349066974194777,-0.09509284481685043,0.6050930736986864,-1.065093111845659,-0.04721734409681719,-0.033282495685897646,0.2117825757945402,-0.3727825891459806,0.8182492362096703,-0.8542492232009563,0.8353492376044189,-0.9398392213716901,-1,1,-1,1,-18,-18,-18,-18,-19,-19,-19,-19
1783308574.6856852,0.0,0.0,0.12,0.0,0.0,1,10.225092959257768,-10.225092959257768,10.225092959257768,-10.225092959257768,10.869999885559082,-10.720000267028809,10.8100004196167,-9.8100004196167,-0.6449069263013136,0.4949073077710402,-0.5849074603589308,-0.4150925396410692,-0.22571742420545976,0.17321755771986405,-0.20471761112562578,-0.1452823888743742,0.8124450738729585,-0.8497950574310169,0.8300850704611885,-0.9435750542284597,-1,1,-1,1,-18,-18,-18,-18,-19,-19,-19,-19
1783308574.7057068,0.0,0.0,0.12,0.0,0.0,1,10.225092959257768,-10.225092959257768,10.225092959257768,-10.225092959257768,10.869999885559082,-10.720000267028809,10.8100004196167,-9.8100004196167,-0.6449069263013136,0.4949073077710402,-0.5849074603589308,-0.4150925396410692,-0.22571742420545976,0.17321755771986405,-0.20471761112562578,-0.1452823888743742,0.8066409115362467,-0.8453408916610775,0.8248209033179581,-0.9473108870852293,-1,1,-1,1,-18,-18,-18,-18,-19,-19,-19,-19
1783308574.7256327,0.0,0.0,0.12,0.0,0.0,1,10.225092959257768,-10.225092959257768,10.225092959257768,-10.225092959257768,10.869999885559082,-10.720000267028809,10.8100004196167,-9.8100004196167,-0.6449069263013136,0.4949073077710402,-0.5849074603589308,-0.4150925396410692,-0.22571742420545976,0.17321755771986405,-0.20471761112562578,-0.1452823888743742,0.800836749199535,-0.8408867258911381,0.8195567361747277,-0.9510467199419989,-1,1,-1,1,-18,-18,-18,-18,-19,-19,-19,-19
1783308574.745599,0.0,0.0,0.12,0.0,0.0,1,10.225092959257768,-10.225092959257768,10.225092959257768,-10.225092959257768,11.90999984741211,-11.800000190734863,10.960000038146973,-10.710000038146973,-1.684906888154341,1.5749072314770949,-0.7349070788892043,0.48490707888920426,-0.5897174108540193,0.5512175310169831,-0.2572174776112215,0.16971747761122147,0.7856725872061459,-0.8267125608078443,0.8129425724647249,-0.946682556231996,-1,1,-1,1,-18,-18,-18,-18,-18,-18,-19,-19
1783308574.765604,0.0,0.0,0.12,0.0,0.0,1,10.225092959257768,-10.225092959257768,10.225092959257768,-10.225092959257768,11.90999984741211,-11.800000190734863,10.960000038146973,-10.710000038146973,-1.684906888154341,1.5749072314770949,-0.7349070788892043,0.48490707888920426,-0.5897174108540193,0.5512175310169831,-0.2572174776112215,0.16971747761122147,0.7705084252127568,-0.8125383957245504,0.8063284087547221,-0.9423183925219932,-1,1,-1,1,-18,-18,-18,-18,-18,-18,-19,-19
1783308574.7857826,0.0,0.0,0.12,0.0,0.0,1,10.225092959257768,-10.225092959257768,10.225092959257768,-10.225092959257768,13.09000015258789,-12.34000015258789,11.75,-11.350000381469727,-2.8649071933301222,2.1149071933301222,-1.5249070407422316,1.1249074222119582,-1.0027175176655427,0.7402175176655428,-0.5337174642597811,0.39371759777418536,0.7447242604727856,-0.7935042309845793,0.7926042453880421,-0.9321942257220857,-1,1,-1,1,-18,-18,-18,-18,-18,-18,-18,-19
1783308574.8056002,0.0,0.0,0.12,0.0,0.0,1,10.225092959257768,-10.225092959257768,10.225092959257768,-10.225092959257768,13.09000015258789,-12.34000015258789,11.75,-11.350000381469727,-2.8649071933301222,2.1149071933301222,-1.5249070407422316,1.1249074222119582,-1.0027175176655427,0.7402175176655428,-0.5337174642597811,0.39371759777418536,0.7189400957328145,-0.7744700662446082,0.778880082021362,-0.9220700589221781,-1,1,-1,1,-18,-18,-18,-18,-18,-18,-18,-19
1783308574.825601,0.0,0.0,0.12,0.0,0.0,1,10.225092959257768,-10.225092959257768,10.225092959257768,-10.225092959257768,13.09000015258789,-12.34000015258789,11.75,-11.350000381469727,-2.8649071933301222,2.1149071933301222,-1.5249070407422316,1.1249074222119582,-1.0027175176655427,0.7402175176655428,-0.5337174642597811,0.39371759777418536,0.6931559309928433,-0.7554359015046371,0.765155918654682,-0.9119458921222705,-1,1,-1,1,-18,-18,-18,-18,-18,-18,-18,-19
1783308574.8456028,0.0,0.0,0.12,0.0,0.0,1,10.225092959257768,-10.225092959257768,10.225092959257768,-10.225092959257768,13.010000228881836,-12.489999771118164,12.75,-11.34000015258789,-2.7849072696240675,2.2649068118603957,-2.5249070407422316,1.1149071933301222,-0.9747175443684236,0.7927173841511385,-0.883717464259781,0.39021751766554275,0.6680917655662267,-0.7350517401978935,0.742431755288002,-0.9019117273822994,-1,1,-1,1,-18,-18,-18,-18,-18,-18,-18,-19
1783308574.865612,0.0,0.0,0.12,0.0,0.0,1,10.225092959257768,-10.225092959257768,10.225092959257768,-10.225092959257768,13.010000228881836,-12.489999771118164,12.75,-11.34000015258789,-2.7849072696240675,2.2649068118603957,-2.5249070407422316,1.1149071933301222,-0.9747175443684236,0.7927173841511385,-0.883717464259781,0.39021751766554275,0.6430276001396101,-0.71466757889115,0.7197075919213219,-0.8918775626423283,-1,1,-1,1,-18,-18,-18,-18,-18,-18,-18,-19
1783308574.8857367,0.0,0.0,0.12,0.0,0.0,1,10.225092959257768,-10.225092959257768,10.225092959257768,-10.225092959257768,13.869999885559082,-12.359999656677246,12.100000381469727,-11.329999923706055,-3.6449069263013136,2.1349066974194777,-1.8749074222119582,1.1049069644482863,-1.2757174242054596,0.7472173440968172,-0.6562175977741853,0.3867174375569002,0.6102234378028983,-0.6954534186143747,0.7028334251214143,-0.8819333999622937,-1,1,-1,1,-18,-18,-18,-18,-18,-18,-18,-18
1783308574.9056344,0.0,0.0,0.12,0.0,0.0,1,10.225092959257768,-10.225092959257768,10.225092959257768,-10.225092959257768,13.869999885559082,-12.359999656677246,12.100000381469727,-11.329999923706055,-3.6449069263013136,2.1349066974194777,-1.8749074222119582,1.1049069644482863,-1.2757174242054596,0.7472173440968172,-0.6562175977741853,0.3867174375569002,0.5774192754661865,-0.6762392583375995,0.6859592583215067,-0.8719892372822591,-1,1,-1,1,-18,-18,-18,-18,-18,-18,-18,-18
1783308574.9255965,0.0,0.0,0.12,0.0,0.0,1,10.225092959257768,-10.225092959257768,10.225092959257768,-10.225092959257768,13.869999885559082,-12.359999656677246,12.100000381469727,-11.329999923706055,-3.6449069263013136,2.1349066974194777,-1.8749074222119582,1.1049069644482863,-1.2757174242054596,0.7472173440968172,-0.6562175977741853,0.3867174375569002,0.5446151131294747,-0.6570250980608242,0.6690850915215991,-0.8620450746022245,-1,1,-1,1,-18,-18,-18,-18,-18,-18,-18,-18
1783308574.9456112,0.0,0.0,0.12,0.0,0.0,1,10.225092959257768,-10.225092959257768,10.225092959257768,-10.225092959257768,14.229999542236328,-12.729999542236328,12.319999694824219,-10.649999618530273,-4.00490658297856,2.5049065829785597,-2.0949067355664504,0.42490665927250504,-1.4017173040424957,0.8767173040424958,-0.7332173574482576,0.14871733074537674,0.5085709538826677,-0.6344809388140171,0.6502309309015011,-0.8582209146687719,-1,1,-1,1,-18,-18,-18,-18,-18,-18,-18,-19
1783308574.9657145,0.0,0.0,0.12,0.0,0.0,1,10.225092959257768,-10.225092959257768,10.225092959257768,-10.225092959257768,14.229999542236328,-12.729999542236328,12.319999694824219,-10.649999618530273,-4.00490658297856,2.5049065829785597,-2.0949067355664504,0.42490665927250504,-1.4017173040424957,0.8767173040424958,-0.7332173574482576,0.14871733074537674,0.47252679463586067,-0.61193677956721,0.631376770281403,-0.8543967547353194,-1,1,-1,1,-18,-18,-18,-18,-18,-18,-18,-19
1783308574.9857535,0.0,0.0,0.12,0.0,0.0,1,10.225092959257768,-10.225092959257768,10.225092959257768,-10.225092959257768,14.720000267028809,-13.210000038146973,12.699999809265137,-10.630000114440918,-4.49490730777104,2.9849070788892043,-2.4749068500073683,0.40490715518314957,-1.573217557719864,1.0447174776112214,-0.8662173975025789,0.14171750431410235,0.4320726288659213,-0.5850726158572072,0.6091026086313367,-0.850752590338671,-1,1,-1,1,-18,-18,-18,-18,-18,-18,-18,-19
1783308575.0055952,0.0,0.0,0.12,0.0,0.0,1,10.225092959257768,-10.225092959257768,10.225092959257768,-10.225092959257768,14.720000267028809,-13.210000038146973,12.699999809265137,-10.630000114440918,-4.49490730777104,2.9849070788892043,-2.4749068500073683,0.40490715518314957,-1.573217557719864,1.0447174776112214,-0.8662173975025789,0.14171750431410235,0.3916184630959819,-0.5582084521472043,0.5868284469812703,-0.8471084259420226,-1,1,-1,1,-18,-18,-18,-18,-18,-18,-18,-19
1783308575.0255973,0.0,0.0,0.12,0.0,0.0,1,10.225092959257768,-10.225092959257768,10.225092959257768,-10.225092959257768,14.720000267028809,-13.210000038146973,12.699999809265137,-10.630000114440918,-4.49490730777104,2.9849070788892043,-2.4749068500073683,0.40490715518314957,-1.573217557719864,1.0447174776112214,-0.8662173975025789,0.14171750431410235,0.35116429732604254,-0.5313442884372014,0.564554285331204,-0.8434642615453742,-1,1,-1,1,-18,-18,-18,-18,-18,-18,-18,-19
1783308575.0456004,0.0,0.0,0.12,0.0,0.0,1,10.225092959257768,-10.225092959257768,10.225092959257768,-10.225092959257768,15.510000228881836,-12.869999885559082,12.279999732971191,-9.930000305175781,-5.2849072696240675,2.6449069263013136,-2.054906773713423,-0.29509265408198715,-1.8497175443684235,0.9257174242054597,-0.719217370799698,-0.10328242892869549,0.3036001318994259,-0.5075401261004896,0.5460601243677832,-0.8461200954321121,-1,1,-1,1,-18,-18,-18,-18,-18,-18,-18,-19
1783308575.0656939,0.0,0.0,0.12,0.0,0.0,1,10.225092959257768,-10.225092959257768,10.225092959257768,-10.225092959257768,15.510000228881836,-12.869999885559082,12.279999732971191,-9.930000305175781,-5.2849072696240675,2.6449069263013136,-2.054906773713423,-0.29509265408198715,-1.8497175443684235,0.9257174242054597,-0.719217370799698,-0.10328242892869549,0.2560359664728093,-0.48373596376377775,0.5275659634043623,-0.8487759293188499,-1,1,-1,1,-18,-18,-18,-18,-18,-18,-18,-19
1783308575.085661,0.0,0.0,0.12,0.0,0.0,1,10.225092959257768,-10.225092959257768,10.225092959257768,-10.225092959257768,15.84000015258789,-12.859999656677246,11.319999694824219,-8.529999732971191,-5.614907193330122,2.6349066974194777,-1.0949067355664504,-1.695093226286577,-1.9652175176655426,0.9222173440968171,-0.3832173574482576,-0.593282629200302,0.2055018017328382,-0.46002180348700245,0.5177118027842643,-0.8640317683554292,-1,1,-1,1,-18,-18,-18,-18,-18,-18,-18,-19
1783308575.1056986,0.0,0.0,0.12,0.0,0.0,1,10.225092959257768,-10.225092959257768,10.225092959257768,-10.225092959257768,15.84000015258789,-12.859999656677246,11.319999694824219,-8.529999732971191,-5.614907193330122,2.6349066974194777,-1.0949067355664504,-1.695093226286577,-1.9652175176655426,0.9222173440968171,-0.3832173574482576,-0.593282629200302,0.15496763699286709,-0.43630764321022714,0.5078576421641663,-0.8792876073920084,-1,1,-1,1,-18,-18,-18,-18,-18,-18,-18,-19
1783308575.1256027,0.0,0.0,0.12,0.0,0.0,1,10.225092959257768,-10.225092959257768,10.225092959257768,-10.225092959257768,15.84000015258789,-12.859999656677246,11.319999694824219,-8.529999732971191,-5.614907193330122,2.6349066974194777,-1.0949067355664504,-1.695093226286577,-1.9652175176655426,0.9222173440968171,-0.3832173574482576,-0.593282629200302,0.10443347225289598,-0.4125934829334518,0.49800348154406826,-0.8945434464285876,-1,1,-1,1,-18,-18,-18,-18,-18,-18,-18,-19
1783308575.1456034,0.0,0.0,0.12,0.0,0.0,1,10.225092959257768,-10.225092959257768,10.225092959257768,-10.225092959257768,16.520000457763672,-13.300000190734863,10.859999656677246,-8.010000228881836,-6.2949074985059035,3.074907231477095,-0.6349066974194777,-2.2150927303759325,-2.203217624477066,1.076217531016983,-0.22221734409681718,-0.7752824556315763,0.047779304766342845,-0.384919317850158,0.49228932126729297,-0.9144792810019711,-1,1,-1,1,-18,-18,-18,-18,-18,-18,-18,-20
1783308575.1656842,0.0,0.0,0.12,0.0,0.0,1,10.225092959257768,-10.225092959257768,10.225092959257768,-10.225092959257768,16.520000457763672,-13.300000190734863,10.859999656677246,-8.010000228881836,-6.2949074985059035,3.074907231477095,-0.6349066974194777,-2.2150927303759325,-2.203217624477066,1.076217531016983,-0.22221734409681718,-0.7752824556315763,-0.008874862720210291,-0.35724515276686414,0.4865751609905177,-0.9344151155753545,-1,1,-1,1,-18,-18,-18,-18,-18,-18,-18,-20
1783308575.1856608,0.0,0.0,0.12,0.0,0.0,1,10.225092959257768,-10.225092959257768,10.225092959257768,-10.225092959257768,16.549999237060547,-13.84000015258789,10.779999732971191,-7.869999885559082,-6.3249062778027785,3.6149071933301222,-0.554906773713423,-2.3550930736986864,-2.2137171972309724,1.2652175176655427,-0.19421737079969803,-0.8242825757945402,-0.0657990192204353,-0.324710988026893,0.48158100002709686,-0.9556109532386426,-1,1,-1,1,-18,-18,-18,-18,-18,-18,-18,-20
1783308575.2056315,0.0,0.0,0.12,0.0,0.0,1,10.225092959257768,-10.225092959257768,10.225092959257768,-10.225092959257768,16.549999237060547,-13.84000015258789,10.779999732971191,-7.869999885559082,-6.3249062778027785,3.6149071933301222,-0.554906773713423,-2.3550930736986864,-2.2137171972309724,1.2652175176655427,-0.19421737079969803,-0.8242825757945402,-0.1227231757206603,-0.2921768232869219,0.47658683906367605,-0.9768067909019308,-1,1,-1,1,-18,-18,-18,-18,-18,-18,-18,-20
1783308575.225666,0.0,0.0,0.12,0.0,0.0,1,10.225092959257768,-10.225092959257768,10.225092959257768,-10.225092959257768,16.549999237060547,-13.84000015258789,10.779999732971191,-7.869999885559082,-6.3249062778027785,3.6149071933301222,-0.554906773713423,-2.3550930736986864,-2.2137171972309724,1.2652175176655427,-0.19421737079969803,-0.8242825757945402,-0.1796473322208853,-0.2596426585469508,0.47159267810025524,-0.9980026285652189,-1,1,-1,1,-18,-18,-18,-18,-18,-18,-18,-20
1783308575.2456298,0.0,0.0,0.12,0.0,0.0,1,10.225092959257768,-10.225092959257768,10.225092959257768,-10.225092959257768,17.239999771118164,-13.3100004196167,10.260000228881836,-7.320000171661377,-7.014906811860396,3.084907460358931,-0.03490726962406754,-2.9050927875963914,-2.455217384151138,1.0797176111256257,-0.012217544368423637,-1.016782475658737,-0.24278149352762884,-0.2318784914037204,0.4712785126736386,-1.0241484636535865,-1,1,-1,1,-18,-18,-18,-18,-18,-18,-18,-20
1783308575.2655911,0.0,0.0,0.12,0.0,0.0,1,10.225092959257768,-10.225092959257768,10.225092959257768,-10.225092959257768,17.239999771118164,-13.3100004196167,10.260000228881836,-7.320000171661377,-7.014906811860396,3.084907460358931,-0.03490726962406754,-2.9050927875963914,-2.455217384151138,1.0797176111256257,-0.012217544368423637,-1.016782475658737,-0.3059156548343724,-0.20411432426049003,0.470964347247022,-1.050294298741954,-1,1,-1,1,-18,-18,-18,-18,-18,-18,-18,-20
1783308575.285697,0.0,0.0,0.12,0.0,0.0,1,10.225092959257768,-10.225092959257768,10.225092959257768,-10.225092959257768,16.600000381469727,-13.619999885559082,10.579999923706055,-6.710000038146973,-6.374907422211958,3.3949069263013136,-0.3549069644482863,-3.5150929211107957,-2.2312175977741853,1.1882174242054597,-0.12421743755690019,-1.2302825223887783,-0.36328982163428003,-0.1735601619237782,0.46777018456698743,-1.081930135031951,-1,1,-1,1,-18,-18,-18,-18,-18,-18,-18,-20
1783308575.3056056,0.0,0.0,0.12,0.0,0.0,1,10.225092959257768,-10.225092959257768,10.225092959257768,-10.225092959257768,16.600000381469727,-13.619999885559082,10.579999923706055,-6.710000038146973,-6.374907422211958,3.3949069263013136,-0.3549069644482863,-3.5150929211107957,-2.2312175977741853,1.1882174242054597,-0.12421743755690019,-1.2302825223887783,-0.4206639884341877,-0.1430059995870664,0.46457602188695285,-1.1135659713219481,-1,1,-1,1,-18,-18,-18,-18,-18,-18,-18,-20
1783308575.3256123,0.0,0.0,0.12,0.0,0.0,1,10.225092959257768,-10.225092959257768,10.225092959257768,-10.225092959257768,16.600000381469727,-13.619999885559082,10.579999923706055,-6.710000038146973,-6.374907422211958,3.3949069263013136,-0.3549069644482863,-3.5150929211107957,-2.2312175977741853,1.1882174242054597,-0.12421743755690019,-1.2302825223887783,-0.4780381552340953,-0.11245183725035457,0.46138185920691827,-1.1452018076119452,-1,1,-1,1,-18,-18,-18,-18,-18,-18,-18,-20
1783308575.3455942,0.0,0.0,0.12,0.0,0.0,1,10.225092959257768,-10.225092959257768,10.225092959257768,-10.225092959257768,17.280000686645508,-12.930000305175781,9.899999618530273,-6.059999942779541,-7.054907727387739,2.704907345918013,0.32509334072749496,-4.165093016478227,-2.4692177045857084,0.9467175710713044,0.11378266925462323,-1.4577825557673796,-0.541532324780585,-0.08810767113709245,0.4643076992734657,-1.1826876447602492,-1,1,-1,1,-18,-18,-18,-18,-18,-18,-19,-21
1783308575.3656375,0.0,0.0,0.12,0.0,0.0,1,10.225092959257768,-10.225092959257768,10.225092959257768,-10.225092959257768,17.280000686645508,-12.930000305175781,9.899999618530273,-6.059999942779541,-7.054907727387739,2.704907345918013,0.32509334072749496,-4.165093016478227,-2.4692177045857084,0.9467175710713044,0.11378266925462323,-1.4577825557673796,-0.6050264943270747,-0.06376350502383032,0.46723353934001316,-1.2201734819085532,-1,1,-1,1,-18,-18,-18,-18,-18,-18,-19,-21
1783308575.385667,0.0,0.0,0.12,0.0,0.0,1,10.225092959257768,-10.225092959257768,10.225092959257768,-10.225092959257768,16.850000381469727,-12.670000076293945,10.319999694824219,-5.599999904632568,-6.624907422211958,2.444907117036177,-0.09490673556645035,-4.6250930546252,-2.318717597774185,0.8557174909626619,-0.03321735744825762,-1.61878256911882,-0.6646506611269823,-0.04175934097050473,0.4663793787199151,-1.26179931940018,-1,1,-1,1,-18,-18,-18,-18,-18,-18,-18,-21
1783308575.4056962,0.0,0.0,0.12,0.0,0.0,1,10.225092959257768,-10.225092959257768,10.225092959257768,-10.225092959257768,16.850000381469727,-12.670000076293945,10.319999694824219,-5.599999904632568,-6.624907422211958,2.444907117036177,-0.09490673556645035,-4.6250930546252,-2.318717597774185,0.8557174909626619,-0.03321735744825762,-1.61878256911882,-0.72427482792689,-0.019755176917179137,0.465525218099817,-1.3034251568918067,-1,1,-1,1,-18,-18,-18,-18,-18,-18,-18,-21
1783308575.425636,0.0,0.0,0.12,0.0,0.0,1,10.225092959257768,-10.225092959257768,10.225092959257768,-10.225092959257768,16.850000381469727,-12.670000076293945,10.319999694824219,-5.599999904632568,-6.624907422211958,2.444907117036177,-0.09490673556645035,-4.6250930546252,-2.318717597774185,0.8557174909626619,-0.03321735744825762,-1.61878256911882,-0.7838989947267977,0.002248987136146456,0.46467105747971893,-1.3450509943834335,-1,1,-1,1,-18,-18,-18,-18,-18,-18,-18,-21
1783308575.4455967,0.0,0.0,0.12,0.0,0.0,1,10.225092959257768,-10.225092959257768,10.225092959257768,-10.225092959257768,17.0,-12.720000267028809,9.9399995803833,-5.730000019073486,-6.774907040742232,2.49490730777104,0.2850933788744676,-4.495092940184282,-2.371217464259781,0.873217557719864,0.09978268260606366,-1.5732825290644987,-0.8448731580934777,0.02470315290608582,0.46723689788958916,-1.385506830845092,-1,1,-1,1,-18,-18,-18,-18,-18,-18,-19,-21
1783308575.465633,0.0,0.0,0.12,0.0,0.0,1,10.225092959257768,-10.225092959257768,10.225092959257768,-10.225092959257768,17.0,-12.720000267028809,9.9399995803833,-5.730000019073486,-6.774907040742232,2.49490730777104,0.2850933788744676,-4.495092940184282,-2.371217464259781,0.873217557719864,0.09978268260606366,-1.5732825290644987,-0.9058473214601578,0.047157318676025184,0.4698027382994594,-1.4259626673067505,-1,1,-1,1,-18,-18,-18,-18,-18,-18,-19,-21
1783308575.4857948,0.0,0.0,0.12,0.0,0.0,1,10.225092959257768,-10.225092959257768,10.225092959257768,-10.225092959257768,17.110000610351562,-12.529999732971191,10.359999656677246,-6.269999980926514,-6.884907651093794,2.304906773713423,-0.1349066974194777,-3.9550929783312547,-2.4097176778828278,0.806717370799698,-0.04721734409681719,-1.384282542415939,-0.9678114903200019,0.067901479639446,0.4685885780226841,-1.4615585041117318,-1,1,-1,1,-18,-18,-18,-18,-18,-18,-18,-21
1783308575.5056088,0.0,0.0,0.12,0.0,0.0,1,10.225092959257768,-10.225092959257768,10.225092959257768,-10.225092959257768,17.110000610351562,-12.529999732971191,10.359999656677246,-6.269999980926514,-6.884907651093794,2.304906773713423,-0.1349066974194777,-3.9550929783312547,-2.4097176778828278,0.806717370799698,-0.04721734409681719,-1.384282542415939,-1.0297756591798461,0.08864564060286681,0.4673744177459088,-1.4971543409167132,-1,1,-1,1,-18,-18,-18,-18,-18,-18,-18,-21
1783308575.5256274,0.0,0.0,0.12,0.0,0.0,1,10.225092959257768,-10.225092959257768,10.225092959257768,-10.225092959257768,17.110000610351562,-12.529999732971191,10.359999656677246,-6.269999980926514,-6.884907651093794,2.304906773713423,-0.1349066974194777,-3.9550929783312547,-2.4097176778828278,0.806717370799698,-0.04721734409681719,-1.384282542415939,-1.0917398280396904,0.10938980156628762,0.46616025746913353,-1.5327501777216945,-1,1,-1,1,-18,-18,-18,-18,-18,-18,-18,-21
1783308575.545708,0.0,0.0,0.12,0.0,0.0,1,10.225092959257768,-10.225092959257768,10.225092959257768,-10.225092959257768,16.959999084472656,-12.84000015258789,11.319999694824219,-7.340000152587891,-6.734906125214888,2.6149071933301222,-1.0949067355664504,-2.8850928066698778,-2.3572171438252107,0.9152175176655427,-0.3832173574482576,-1.0097824823344572,-1.1523539831666243,0.13292396630625872,0.4563060968490355,-1.5587160129817235,-1,1,-1,1,-18,-18,-18,-18,-18,-18,-18,-21
1783308575.5656474,0.0,0.0,0.12,0.0,0.0,1,10.225092959257768,-10.225092959257768,10.225092959257768,-10.225092959257768,16.959999084472656,-12.84000015258789,11.319999694824219,-7.340000152587891,-6.734906125214888,2.6149071933301222,-1.0949067355664504,-2.8850928066698778,-2.3572171438252107,0.9152175176655427,-0.3832173574482576,-1.0097824823344572,-1.2129681382935582,0.15645813104622983,0.4464519362289375,-1.5846818482417524,-1,1,-1,1,-18,-18,-18,-18,-18,-18,-18,-21
1783308575.5857048,0.0,0.0,0.12,0.0,0.0,1,10.225092959257768,-10.225092959257768,10.225092959257768,-10.225092959257768,16.850000381469727,-13.069999694824219,11.779999732971191,-7.630000114440918,-6.624907422211958,2.8449067355664504,-1.554906773713423,-2.5950928448168504,-2.318717597774185,0.9957173574482575,-0.544217370799698,-0.9082824956858976,-1.2725923050934658,0.18206229166632787,0.43245777526551665,-1.608037683845104,-1,1,-1,1,-18,-18,-18,-18,-18,-18,-18,-21
1783308575.6056068,0.0,0.0,0.12,0.0,0.0,1,10.225092959257768,-10.225092959257768,10.225092959257768,-10.225092959257768,16.850000381469727,-13.069999694824219,11.779999732971191,-7.630000114440918,-6.624907422211958,2.8449067355664504,-1.554906773713423,-2.5950928448168504,-2.318717597774185,0.9957173574482575,-0.544217370799698,-0.9082824956858976,-1.3322164718933733,0.2076664522864259,0.41846361430209583,-1.6313935194484557,-1,1,-1,1,-18,-18,-18,-18,-18,-18,-18,-21
1783308575.625693,0.0,0.0,0.12,0.0,0.0,1,10.225092959257768,-10.225092959257768,10.225092959257768,-10.225092959257768,16.850000381469727,-13.069999694824219,11.779999732971191,-7.630000114440918,-6.624907422211958,2.8449067355664504,-1.554906773713423,-2.5950928448168504,-2.318717597774185,0.9957173574482575,-0.544217370799698,-0.9082824956858976,-1.391840638693281,0.23327061290652396,0.404469453338675,-1.6547493550518073,-1,1,-1,1,-18,-18,-18,-18,-18,-18,-18,-21
1783308575.6456301,0.0,0.0,0.12,0.0,0.0,1,10.225092959257768,-10.225092959257768,10.225092959257768,-10.225092959257768,17.0,-12.770000457763672,12.319999694824219,-8.050000190734863,-6.774907040742232,2.5449074985059035,-2.0949067355664504,-2.175092768522905,-2.371217464259781,0.8907176244770661,-0.7332173574482576,-0.7612824689830168,-1.452814802059961,0.25617478039307706,0.385615292718577,-1.6743251899685134,-1,1,-1,1,-18,-18,-18,-18,-18,-18,-18,-20
1783308575.6656773,0.0,0.0,0.12,0.0,0.0,1,10.225092959257768,-10.225092959257768,10.225092959257768,-10.225092959257768,17.0,-12.770000457763672,12.319999694824219,-8.050000190734863,-6.774907040742232,2.5449074985059035,-2.0949067355664504,-2.175092768522905,-2.371217464259781,0.8907176244770661,-0.7332173574482576,-0.7612824689830168,-1.513788965426641,0.27907894787963017,0.36676113209847894,-1.6939010248852195,-1,1,-1,1,-18,-18,-18,-18,-18,-18,-18,-20
1783308575.6857545,0.0,0.0,0.12,0.0,0.0,1,10.225092959257768,-10.225092959257768,10.225092959257768,-10.225092959257768,16.8799991607666,-12.789999961853027,12.930000305175781,-8.8100004196167,-6.654906201508833,2.564907002595259,-2.704907345918013,-1.4150925396410692,-2.3292171705280915,0.8977174509083405,-0.9467175710713044,-0.4952823888743742,-1.5736831212402205,0.3021631109029875,0.3424169659852168,-1.7066368577419893,-1,1,-1,1,-18,-18,-18,-18,-18,-18,-18,-20
1783308575.705592,0.0,0.0,0.12,0.0,0.0,1,10.225092959257768,-10.225092959257768,10.225092959257768,-10.225092959257768,16.8799991607666,-12.789999961853027,12.930000305175781,-8.8100004196167,-6.654906201508833,2.564907002595259,-2.704907345918013,-1.4150925396410692,-2.3292171705280915,0.8977174509083405,-0.9467175710713044,-0.4952823888743742,-1.6335772770538,0.3252472739263448,0.3180727998719547,-1.719372690598759,-1,1,-1,1,-18,-18,-18,-18,-18,-18,-18,-20
1783308575.725639,0.0,0.0,0.12,0.0,0.0,1,10.225092959257768,-10.225092959257768,10.225092959257768,-10.225092959257768,16.8799991607666,-12.789999961853027,12.930000305175781,-8.8100004196167,-6.654906201508833,2.564907002595259,-2.704907345918013,-1.4150925396410692,-2.3292171705280915,0.8977174509083405,-0.9467175710713044,-0.4952823888743742,-1.6934714328673794,0.3483314369497021,0.29372863375869257,-1.7321085234555287,-1,1,-1,1,-18,-18,-18,-18,-18,-18,-18,-20
1783308575.7455962,0.0,0.0,0.12,0.0,0.0,1,10.225092959257768,-10.225092959257768,10.225092959257768,-10.225092959257768,15.890000343322754,-12.569999694824219,12.899999618530273,-10.010000228881836,-5.6649073840649855,2.3449067355664504,-2.674906659272505,-0.21509273037593246,-1.9827175844227447,0.8207173574482576,-0.9362173307453767,-0.07528245563157636,-1.7444555993239643,0.36943559756980016,0.26965447382524,-1.734044358028912,-1,1,-1,1,-18,-18,-18,-18,-18,-18,-18,-20
1783308575.7657733,0.0,0.0,0.12,0.0,0.0,1,10.225092959257768,-10.225092959257768,10.225092959257768,-10.225092959257768,15.890000343322754,-12.569999694824219,12.899999618530273,-10.010000228881836,-5.6649073840649855,2.3449067355664504,-2.674906659272505,-0.21509273037593246,-1.9827175844227447,0.8207173574482576,-0.9362173307453767,-0.07528245563157636,-1.7954397657805492,0.3905397581898982,0.24558031389178744,-1.7359801926022953,-1,1,-1,1,-18,-18,-18,-18,-18,-18,-18,-20
1783308575.7856963,0.0,0.0,0.12,0.0,0.0,1,10.225092959257768,-10.225092959257768,10.225092959257768,-10.225092959257768,15.649999618530273,-12.420000076293945,13.100000381469727,-9.050000190734863,-5.424906659272505,2.194907117036177,-2.874907422211958,-1.1750927685229051,-1.8987173307453766,0.7682174909626619,-1.0062175977741854,-0.4112824689830168,-1.8442639257140017,0.4102939222432238,0.21970614709187983,-1.7465560275190015,-1,1,-1,1,-18,-18,-18,-18,-18,-18,-18,-20
1783308575.8055933,0.0,0.0,0.12,0.0,0.0,1,10.225092959257768,-10.225092959257768,10.225092959257768,-10.225092959257768,15.649999618530273,-12.420000076293945,13.100000381469727,-9.050000190734863,-5.424906659272505,2.194907117036177,-2.874907422211958,-1.1750927685229051,-1.8987173307453766,0.7682174909626619,-1.0062175977741854,-0.4112824689830168,-1.8930880856474541,0.4300480862965494,0.1938319802919722,-1.7571318624357077,-1,1,-1,1,-18,-18,-18,-18,-18,-18,-18,-20
1783308575.8257651,0.0,0.0,0.12,0.0,0.0,1,10.225092959257768,-10.225092959257768,10.225092959257768,-10.225092959257768,15.649999618530273,-12.420000076293945,13.100000381469727,-9.050000190734863,-5.424906659272505,2.194907117036177,-2.874907422211958,-1.1750927685229051,-1.8987173307453766,0.7682174909626619,-1.0062175977741854,-0.4112824689830168,-1.9419122455809066,0.449802250349875,0.1679578134920646,-1.767707697352414,-1,1,-1,1,-18,-18,-18,-18,-18,-18,-18,-20
1783308575.8455765,0.0,0.0,0.12,0.0,0.0,1,10.225092959257768,-10.225092959257768,10.225092959257768,-10.225092959257768,15.9399995803833,-12.09000015258789,12.569999694824219,-9.050000190734863,-5.714906621125532,1.8649071933301222,-2.3449067355664504,-1.1750927685229051,-2.000217317393936,0.6527175176655428,-0.8207173574482576,-0.4112824689830168,-1.9933464051710363,0.4665864150898461,0.14685365287196653,-1.7782835322691202,-1,1,-1,1,-18,-18,-18,-18,-18,-18,-18,-20
1783308575.8657875,0.0,0.0,0.12,0.0,0.0,1,10.225092959257768,-10.225092959257768,10.225092959257768,-10.225092959257768,15.9399995803833,-12.09000015258789,12.569999694824219,-9.050000190734863,-5.714906621125532,1.8649071933301222,-2.3449067355664504,-1.1750927685229051,-2.000217317393936,0.6527175176655428,-0.8207173574482576,-0.4112824689830168,-2.044780564761166,0.48337057982981724,0.12574949225186846,-1.7888593671858264,-1,1,-1,1,-18,-18,-18,-18,-18,-18,-18,-20
1783308575.8856773,0.0,0.0,0.12,0.0,0.0,1,10.225092959257768,-10.225092959257768,10.225092959257768,-10.225092959257768,15.6899995803833,-12.989999771118164,12.420000076293945,-9.050000190734863,-5.464906621125532,2.7649068118603957,-2.194907117036177,-1.1750927685229051,-1.9127173173939362,0.9677173841511384,-0.7682174909626619,-0.4112824689830168,-2.093964724351296,0.5082547411365608,0.10599532819854286,-1.7994352021025326,-1,1,-1,1,-18,-18,-18,-18,-18,-18,-18,-20
1783308575.9056103,0.0,0.0,0.12,0.0,0.0,1,10.225092959257768,-10.225092959257768,10.225092959257768,-10.225092959257768,15.6899995803833,-12.989999771118164,12.420000076293945,-9.050000190734863,-5.464906621125532,2.7649068118603957,-2.194907117036177,-1.1750927685229051,-1.9127173173939362,0.9677173841511384,-0.7682174909626619,-0.4112824689830168,-2.143148883941426,0.5331389024433043,0.08624116414521726,-1.8100110370192388,-1,1,-1,1,-18,-18,-18,-18,-18,-18,-18,-20
1783308575.9255993,0.0,0.0,0.12,0.0,0.0,1,10.225092959257768,-10.225092959257768,10.225092959257768,-10.225092959257768,15.6899995803833,-12.989999771118164,12.420000076293945,-9.050000190734863,-5.464906621125532,2.7649068118603957,-2.194907117036177,-1.1750927685229051,-1.9127173173939362,0.9677173841511384,-0.7682174909626619,-0.4112824689830168,-2.192333043531556,0.5580230637500478,0.06648700009189167,-1.820586871935945,-1,1,-1,1,-18,-18,-18,-18,-18,-18,-18,-20
1783308575.9455967,0.0,0.0,0.12,0.0,0.0,1,10.225092959257768,-10.225092959257768,10.225092959257768,-10.225092959257768,16.190000534057617,-13.399999618530273,12.770000457763672,-9.729999542236328,-5.964907574799849,3.174906659272505,-2.5449074985059035,-0.4950934170214403,-2.087717651179947,1.1112173307453768,-0.8907176244770661,-0.1732826959575041,-2.2460172117047543,0.5865972236835004,0.04358283260533853,-1.825042712689138,-1,1,-1,1,-18,-18,-18,-18,-18,-18,-18,-20
1783308575.9657707,0.0,0.0,0.12,0.0,0.0,1,10.225092959257768,-10.225092959257768,10.225092959257768,-10.225092959257768,16.190000534057617,-13.399999618530273,12.770000457763672,-9.729999542236328,-5.964907574799849,3.174906659272505,-2.5449074985059035,-0.4950934170214403,-2.087717651179947,1.1112173307453768,-0.8907176244770661,-0.1732826959575041,-2.299701379877953,0.615171383616953,0.020678665118785397,-1.829498553442331,-1,1,-1,1,-18,-18,-18,-18,-18,-18,-18,-20
1783308575.985688,0.0,0.0,0.12,0.0,0.0,1,10.225092959257768,-10.225092959257768,10.225092959257768,-10.225092959257768,15.630000114440918,-12.770000457763672,13.010000228881836,-9.760000228881836,-5.40490715518315,2.5449074985059035,-2.7849072696240675,-0.46509273037593246,-1.8917175043141021,0.8907176244770661,-0.9747175443684236,-0.16278245563157634,-2.348345544274601,0.6380755511035061,-0.004385500307831209,-1.8336843880157143,-1,1,-1,1,-18,-18,-18,-18,-18,-18,-18,-20
1783308576.0057635,0.0,0.0,0.12,0.0,0.0,1,10.225092959257768,-10.225092959257768,10.225092959257768,-10.225092959257768,15.630000114440918,-12.770000457763672,13.010000228881836,-9.760000228881836,-5.40490715518315,2.5449074985059035,-2.7849072696240675,-0.46509273037593246,-1.8917175043141021,0.8907176244770661,-0.9747175443684236,-0.16278245563157634,-2.3969897086712493,0.6609797185900592,-0.029449665734447815,-1.8378702225890977,-1,1,-1,1,-18,-18,-18,-18,-18,-18,-18,-20
1783308576.0256076,0.0,0.0,0.12,0.0,0.0,1,10.225092959257768,-10.225092959257768,10.225092959257768,-10.225092959257768,15.630000114440918,-12.770000457763672,13.010000228881836,-9.760000228881836,-5.40490715518315,2.5449074985059035,-2.7849072696240675,-0.46509273037593246,-1.8917175043141021,0.8907176244770661,-0.9747175443684236,-0.16278245563157634,-2.4456338730678975,0.6838838860766123,-0.054513831161064424,-1.842056057162481,-1,1,-1,1,-18,-18,-18,-18,-18,-18,-18,-20
1783308576.0456076,0.0,0.0,0.12,0.0,0.0,1,10.225092959257768,-10.225092959257768,10.225092959257768,-10.225092959257768,14.789999961853027,-12.34000015258789,12.960000038146973,-10.680000305175781,-4.564907002595259,2.1149071933301222,-2.7349070788892043,0.45490734591801285,-1.5977174509083405,0.7402175176655428,-0.9572174776112214,0.1592175710713045,-2.4867180360912546,0.7029180508165834,-0.07912799487106727,-1.837961891049219,-1,1,-1,1,-18,-18,-18,-18,-18,-18,-18,-20
1783308576.0656314,0.0,0.0,0.12,0.0,0.0,1,10.225092959257768,-10.225092959257768,10.225092959257768,-10.225092959257768,14.789999961853027,-12.34000015258789,12.960000038146973,-10.680000305175781,-4.564907002595259,2.1149071933301222,-2.7349070788892043,0.45490734591801285,-1.5977174509083405,0.7402175176655428,-0.9572174776112214,0.1592175710713045,-2.527802199114612,0.7219522155565545,-0.10374215858107011,-1.833867724935957,-1,1,-1,1,-18,-18,-18,-18,-18,-18,-18,-20
1783308576.0857978,0.0,0.0,0.12,0.0,0.0,1,10.225092959257768,-10.225092959257768,10.225092959257768,-10.225092959257768,14.65999984741211,-12.489999771118164,13.829999923706055,-11.779999732971191,-4.434906888154341,2.2649068118603957,-3.6049069644482863,1.554906773713423,-1.5522174108540192,0.7927173841511385,-1.2617174375569,0.544217370799698,-2.5677163611080007,0.7423363768632981,-0.1361863212611047,-1.819873563972536,-1,1,-1,1,-18,-18,-18,-18,-18,-18,-18,-19
1783308576.105589,0.0,0.0,0.12,0.0,0.0,1,10.225092959257768,-10.225092959257768,10.225092959257768,-10.225092959257768,14.65999984741211,-12.489999771118164,13.829999923706055,-11.779999732971191,-4.434906888154341,2.2649068118603957,-3.6049069644482863,1.554906773713423,-1.5522174108540192,0.7927173841511385,-1.2617174375569,0.544217370799698,-2.6076305231013897,0.7627205381700417,-0.16863048394113928,-1.8058794030091152,-1,1,-1,1,-18,-18,-18,-18,-18,-18,-18,-19
1783308576.1256375,0.0,0.0,0.12,0.0,0.0,1,10.225092959257768,-10.225092959257768,10.225092959257768,-10.225092959257768,14.65999984741211,-12.489999771118164,13.829999923706055,-11.779999732971191,-4.434906888154341,2.2649068118603957,-3.6049069644482863,1.554906773713423,-1.5522174108540192,0.7927173841511385,-1.2617174375569,0.544217370799698,-2.6475446850947786,0.7831046994767853,-0.20107464662117386,-1.7918852420456943,-1,1,-1,1,-18,-18,-18,-18,-18,-18,-18,-19
1783308576.1456864,0.0,0.0,0.12,0.0,0.0,1,10.225092959257768,-10.225092959257768,10.225092959257768,-10.225092959257768,13.430000305175781,-12.359999656677246,13.529999732971191,-12.09000015258789,-3.204907345918013,2.1349066974194777,-3.304906773713423,1.8649071933301222,-1.1217175710713043,0.7472173440968172,-1.156717370799698,0.6527175176655428,-2.6763888512080407,0.8023188597535605,-0.23081880758459467,-1.7751010773057232,-1,1,-1,1,-18,-18,-18,-18,-18,-18,-18,-19
1783308576.1656358,0.0,0.0,0.12,0.0,0.0,1,10.225092959257768,-10.225092959257768,10.225092959257768,-10.225092959257768,13.430000305175781,-12.359999656677246,13.529999732971191,-12.09000015258789,-3.204907345918013,2.1349066974194777,-3.304906773713423,1.8649071933301222,-1.1217175710713043,0.7472173440968172,-1.156717370799698,0.6527175176655428,-2.705233017321303,0.8215330200303358,-0.2605629685480155,-1.758316912565752,-1,1,-1,1,-18,-18,-18,-18,-18,-18,-18,-19
1783308576.1856422,0.0,0.0,0.12,0.0,0.0,1,10.225092959257768,-10.225092959257768,10.225092959257768,-10.225092959257768,13.25,-12.279999732971191,13.539999961853027,-12.770000457763672,-3.0249070407422316,2.054906773713423,-3.314907002595259,2.5449074985059035,-1.058717464259781,0.719217370799698,-1.1602174509083405,0.8907176244770661,-2.732457180687983,0.8400271809937566,-0.2903971315713728,-1.735412745079199,-1,1,-1,1,-18,-18,-18,-18,-18,-18,-18,-19
1783308576.2056792,0.0,0.0,0.12,0.0,0.0,1,10.225092959257768,-10.225092959257768,10.225092959257768,-10.225092959257768,13.25,-12.279999732971191,13.539999961853027,-12.770000457763672,-3.0249070407422316,2.054906773713423,-3.314907002595259,2.5449074985059035,-1.058717464259781,0.719217370799698,-1.1602174509083405,0.8907176244770661,-2.759681344054663,0.8585213419571774,-0.32023129459473015,-1.7125085775926459,-1,1,-1,1,-18,-18,-18,-18,-18,-18,-18,-19
1783308576.2255955,0.0,0.0,0.12,0.0,0.0,1,10.225092959257768,-10.225092959257768,10.225092959257768,-10.225092959257768,13.25,-12.279999732971191,13.539999961853027,-12.770000457763672,-3.0249070407422316,2.054906773713423,-3.314907002595259,2.5449074985059035,-1.058717464259781,0.719217370799698,-1.1602174509083405,0.8907176244770661,-2.786905507421343,0.8770155029205983,-0.3500654576180875,-1.6896044101060927,-1,1,-1,1,-18,-18,-18,-18,-18,-18,-18,-19
1783308576.2456505,0.0,0.0,0.12,0.0,0.0,1,10.225092959257768,-10.225092959257768,10.225092959257768,-10.225092959257768,13.350000381469727,-12.4399995803833,14.010000228881836,-13.239999771118164,-3.124907422211958,2.2149066211255324,-3.7849072696240675,3.0149068118603957,-1.0937175977741853,0.7752173173939363,-1.3247175443684236,1.0552173841511383,-2.815029674221251,0.896949662510728,-0.3841296230447041,-1.6624702487993492,-1,1,-1,1,-18,-18,-18,-18,-18,-18,-18,-19
1783308576.2656024,0.0,0.0,0.12,0.0,0.0,1,10.225092959257768,-10.225092959257768,10.225092959257768,-10.225092959257768,13.350000381469727,-12.4399995803833,14.010000228881836,-13.239999771118164,-3.124907422211958,2.2149066211255324,-3.7849072696240675,3.0149068118603957,-1.0937175977741853,0.7752173173939363,-1.3247175443684236,1.0552173841511383,-2.8431538410211585,0.9168838221008578,-0.4181937884713207,-1.6353360874926057,-1,1,-1,1,-18,-18,-18,-18,-18,-18,-18,-19
1783308576.2856681,0.0,0.0,0.12,0.0,0.0,1,10.225092959257768,-10.225092959257768,10.225092959257768,-10.225092959257768,12.510000228881836,-12.789999961853027,13.65999984741211,-13.569999694824219,-2.2849072696240675,2.564907002595259,-3.434906888154341,3.3449067355664504,-0.7997175443684236,0.8977174509083405,-1.2022174108540193,1.1707173574482574,-2.863718006447775,0.9399679851242152,-0.4491079504647098,-1.6052319268725077,-1,1,-1,1,-18,-18,-18,-18,-18,-18,-18,-18
1783308576.3057218,0.0,0.0,0.12,0.0,0.0,1,10.225092959257768,-10.225092959257768,10.225092959257768,-10.225092959257768,12.510000228881836,-12.789999961853027,13.65999984741211,-13.569999694824219,-2.2849072696240675,2.564907002595259,-3.434906888154341,3.3449067355664504,-0.7997175443684236,0.8977174509083405,-1.2022174108540193,1.1707173574482574,-2.884282171874392,0.9630521481475726,-0.4800221124580989,-1.5751277662524097,-1,1,-1,1,-18,-18,-18,-18,-18,-18,-18,-18
1783308576.3256323,0.0,0.0,0.12,0.0,0.0,1,10.225092959257768,-10.225092959257768,10.225092959257768,-10.225092959257768,12.510000228881836,-12.789999961853027,13.65999984741211,-13.569999694824219,-2.2849072696240675,2.564907002595259,-3.434906888154341,3.3449067355664504,-0.7997175443684236,0.8977174509083405,-1.2022174108540193,1.1707173574482574,-2.9048463373010085,0.9861363111709299,-0.5109362744514879,-1.5450236056323117,-1,1,-1,1,-18,-18,-18,-18,-18,-18,-18,-18
1783308576.3456092,0.0,0.0,0.12,0.0,0.0,1,10.225092959257768,-10.225092959257768,10.225092959257768,-10.225092959257768,12.380000114440918,-13.479999542236328,13.180000305175781,-14.25,-2.1549071551831496,3.2549065829785597,-2.954907345918013,4.024907040742232,-0.7542175043141023,1.1392173040424958,-1.0342175710713044,1.408717464259781,-2.924240501697657,1.015430470417737,-0.5375304405647501,-1.5087994422656317,-1,1,-1,1,-18,-18,-18,-18,-18,-18,-18,-18
1783308576.365633,0.0,0.0,0.12,0.0,0.0,1,10.225092959257768,-10.225092959257768,10.225092959257768,-10.225092959257768,12.380000114440918,-13.479999542236328,13.180000305175781,-14.25,-2.1549071551831496,3.2549065829785597,-2.954907345918013,4.024907040742232,-0.7542175043141023,1.1392173040424958,-1.0342175710713044,1.408717464259781,-2.9436346660943054,1.044724629664544,-0.5641246066780122,-1.4725752788989517,-1,1,-1,1,-18,-18,-18,-18,-18,-18,-18,-18
1783308576.3856652,0.0,0.0,0.12,0.0,0.0,1,10.225092959257768,-10.225092959257768,10.225092959257768,-10.225092959257768,12.520000457763672,-13.739999771118164,13.079999923706055,-14.510000228881836,-2.2949074985059035,3.5149068118603957,-2.8549069644482863,4.2849072696240675,-0.8032176244770661,1.2302173841511383,-0.9992174375569002,1.4997175443684236,-2.9642888335808584,1.0763587909712875,-0.5898187693580468,-1.434011113472335,-1,1,-1,1,-18,-18,-18,-18,-18,-18,-18,-18
1783308576.4055572,0.0,0.0,0.12,0.0,0.0,1,10.225092959257768,-10.225092959257768,10.225092959257768,-10.225092959257768,12.520000457763672,-13.739999771118164,13.079999923706055,-14.510000228881836,-2.2949074985059035,3.5149068118603957,-2.8549069644482863,4.2849072696240675,-0.8032176244770661,1.2302173841511383,-0.9992174375569002,1.4997175443684236,-2.9849430010674114,1.107992952278031,-0.6155129320380813,-1.3954469480457183,-1,1,-1,1,-18,-18,-18,-18,-18,-18,-18,-18
1783308576.4255638,0.0,0.0,0.12,0.0,0.0,1,10.225092959257768,-10.225092959257768,10.225092959257768,-10.225092959257768,12.520000457763672,-13.739999771118164,13.079999923706055,-14.510000228881836,-2.2949074985059035,3.5149068118603957,-2.8549069644482863,4.2849072696240675,-0.8032176244770661,1.2302173841511383,-0.9992174375569002,1.4997175443684236,-3.0055971685539644,1.1396271135847744,-0.6412070947181159,-1.3568827826191017,-1,1,-1,1,-18,-18,-18,-18,-18,-18,-18,-18
1783308576.445563,0.0,0.0,0.12,0.0,0.0,1,10.225092959257768,-10.225092959257768,10.225092959257768,-10.225092959257768,11.710000038146973,-14.140000343322754,12.319999694824219,-14.680000305175781,-1.4849070788892043,3.9149073840649855,-2.0949067355664504,4.454907345918013,-0.5197174776112214,1.3702175844227449,-0.7332173574482576,1.5592175710713043,-3.0189613322639675,1.1748612800413594,-0.6600612553382139,-1.3167886165058396,-1,1,-1,1,-18,-18,-18,-18,-18,-18,-18,-18
1783308576.4655983,0.0,0.0,0.12,0.0,0.0,1,10.225092959257768,-10.225092959257768,10.225092959257768,-10.225092959257768,11.710000038146973,-14.140000343322754,12.319999694824219,-14.680000305175781,-1.4849070788892043,3.9149073840649855,-2.0949067355664504,4.454907345918013,-0.5197174776112214,1.3702175844227449,-0.7332173574482576,1.5592175710713043,-3.0323254959739705,1.2100954464979443,-0.678915415958312,-1.2766944503925775,-1,1,-1,1,-18,-18,-18,-18,-18,-18,-18,-18
1783308576.4856853,0.0,0.0,0.12,0.0,0.0,1,10.225092959257768,-10.225092959257768,10.225092959257768,-10.225092959257768,11.819999694824219,-14.430000305175781,11.569999694824219,-14.130000114440918,-1.5949067355664504,4.204907345918013,-1.3449067355664504,3.9049071551831496,-0.5582173574482576,1.4717175710713044,-0.4707173574482576,1.3667175043141022,-3.0466796565940686,1.2479396126112063,-0.69101957657841,-1.241550285995929,-1,1,-1,1,-18,-18,-18,-18,-18,-18,-18,-18
1783308576.5056274,0.0,0.0,0.12,0.0,0.0,1,10.225092959257768,-10.225092959257768,10.225092959257768,-10.225092959257768,11.819999694824219,-14.430000305175781,11.569999694824219,-14.130000114440918,-1.5949067355664504,4.204907345918013,-1.3449067355664504,3.9049071551831496,-0.5582173574482576,1.4717175710713044,-0.4707173574482576,1.3667175043141022,-3.0610338172141667,1.2857837787244684,-0.703123737198508,-1.2064061215992807,-1,1,-1,1,-18,-18,-18,-18,-18,-18,-18,-18
1783308576.525679,0.0,0.0,0.12,0.0,0.0,1,10.225092959257768,-10.225092959257768,10.225092959257768,-10.225092959257768,11.819999694824219,-14.430000305175781,11.569999694824219,-14.130000114440918,-1.5949067355664504,4.204907345918013,-1.3449067355664504,3.9049071551831496,-0.5582173574482576,1.4717175710713044,-0.4707173574482576,1.3667175043141022,-3.0753879778342648,1.3236279448377304,-0.715227897818606,-1.1712619572026324,-1,1,-1,1,-18,-18,-18,-18,-18,-18,-18,-18
1783308576.5455968,0.0,0.0,0.12,0.0,0.0,1,10.225092959257768,-10.225092959257768,10.225092959257768,-10.225092959257768,12.350000381469727,-14.180000305175781,11.720000267028809,-13.279999732971191,-2.124907422211958,3.954907345918013,-1.4949073077710402,3.054906773713423,-0.7437175977741853,1.3842175710713045,-0.523217557719864,1.069217370799698,-3.0945121446341726,1.3592221109509925,-0.7286820635885454,-1.1437677962392117,-1,1,-1,1,-18,-18,-18,-18,-18,-18,-18,-18
1783308576.5656974,0.0,0.0,0.12,0.0,0.0,1,10.225092959257768,-10.225092959257768,10.225092959257768,-10.225092959257768,12.350000381469727,-14.180000305175781,11.720000267028809,-13.279999732971191,-2.124907422211958,3.954907345918013,-1.4949073077710402,3.054906773713423,-0.7437175977741853,1.3842175710713045,-0.523217557719864,1.069217370799698,-3.1136363114340804,1.3948162770642547,-0.7421362293584848,-1.116273635275791,-1,1,-1,1,-18,-18,-18,-18,-18,-18,-18,-18
1783308576.5856643,0.0,0.0,0.12,0.0,0.0,1,10.225092959257768,-10.225092959257768,10.225092959257768,-10.225092959257768,12.270000457763672,-14.899999618530273,11.149999618530273,-13.149999618530273,-2.0449074985059035,4.674906659272505,-0.924906659272505,2.924906659272505,-0.7157176244770662,1.6362173307453767,-0.32371733074537673,1.0237173307453766,-3.1320404789206333,1.4368904369977074,-0.7504603892919374,-1.0899494753423384,-1,1,-1,1,-18,-18,-18,-18,-18,-18,-18,-18
1783308576.6056132,0.0,0.0,0.12,0.0,0.0,1,10.225092959257768,-10.225092959257768,10.225092959257768,-10.225092959257768,12.270000457763672,-14.899999618530273,11.149999618530273,-13.149999618530273,-2.0449074985059035,4.674906659272505,-0.924906659272505,2.924906659272505,-0.7157176244770662,1.6362173307453767,-0.32371733074537673,1.0237173307453766,-3.1504446464071862,1.47896459693116,-0.75878454922539,-1.063625315408886,-1,1,-1,1,-18,-18,-18,-18,-18,-18,-18,-18
1783308576.6256034,0.0,0.0,0.12,0.0,0.0,1,10.225092959257768,-10.225092959257768,10.225092959257768,-10.225092959257768,12.270000457763672,-14.899999618530273,11.149999618530273,-13.149999618530273,-2.0449074985059035,4.674906659272505,-0.924906659272505,2.924906659272505,-0.7157176244770662,1.6362173307453767,-0.32371733074537673,1.0237173307453766,-3.168848813893739,1.5210387568646127,-0.7671087091588425,-1.0373011554754334,-1,1,-1,1,-18,-18,-18,-18,-18,-18,-18,-18
1783308576.6457236,0.0,0.0,0.12,0.0,0.0,1,10.225092959257768,-10.225092959257768,10.225092959257768,-10.225092959257768,12.430000305175781,-14.279999732971191,10.289999961853027,-12.600000381469727,-2.204907345918013,4.054906773713423,-0.06490700259525894,2.374907422211958,-0.7717175710713045,1.419217370799698,-0.02271745090834063,0.8312175977741854,-3.1886929800070014,1.5575329178280335,-0.7676928721821998,-1.0159269886755258,-1,1,-1,1,-18,-18,-18,-18,-18,-18,-18,-18
1783308576.665772,0.0,0.0,0.12,0.0,0.0,1,10.225092959257768,-10.225092959257768,10.225092959257768,-10.225092959257768,12.430000305175781,-14.279999732971191,10.289999961853027,-12.600000381469727,-2.204907345918013,4.054906773713423,-0.06490700259525894,2.374907422211958,-0.7717175710713045,1.419217370799698,-0.02271745090834063,0.8312175977741854,-3.2085371461202636,1.5940270787914543,-0.7682770352055571,-0.9945528218756181,-1,1,-1,1,-18,-18,-18,-18,-18,-18,-18,-18
1783308576.6856596,0.0,0.0,0.12,0.0,0.0,1,10.225092959257768,-10.225092959257768,10.225092959257768,-10.225092959257768,12.779999732971191,-14.300000190734863,10.380000114440918,-11.3100004196167,-2.554906773713423,4.074907231477095,-0.15490715518314957,1.0849074603589308,-0.894217370799698,1.4262175310169831,-0.05421750431410235,0.37971761112562574,-3.2315313070836846,1.6307012438747481,-0.7696711996022054,-0.9847886547323877,-1,1,-1,1,-18,-18,-18,-18,-18,-18,-18,-19
1783308576.7057593,0.0,0.0,0.12,0.0,0.0,1,10.225092959257768,-10.225092959257768,10.225092959257768,-10.225092959257768,12.779999732971191,-14.300000190734863,10.380000114440918,-11.3100004196167,-2.554906773713423,4.074907231477095,-0.15490715518314957,1.0849074603589308,-0.894217370799698,1.4262175310169831,-0.05421750431410235,0.37971761112562574,-3.2545254680471056,1.667375408958042,-0.7710653639988537,-0.9750244875891574,-1,1,-1,1,-18,-18,-18,-18,-18,-18,-18,-19
1783308576.7256036,0.0,0.0,0.12,0.0,0.0,1,10.225092959257768,-10.225092959257768,10.225092959257768,-10.225092959257768,12.779999732971191,-14.300000190734863,10.380000114440918,-11.3100004196167,-2.554906773713423,4.074907231477095,-0.15490715518314957,1.0849074603589308,-0.894217370799698,1.4262175310169831,-0.05421750431410235,0.37971761112562574,-3.2775196290105266,1.7040495740413357,-0.772459528395502,-0.965260320445927,-1,1,-1,1,-18,-18,-18,-18,-18,-18,-18,-19
1783308576.7456248,0.0,0.0,0.12,0.0,0.0,1,10.225092959257768,-10.225092959257768,10.225092959257768,-10.225092959257768,13.25,-14.079999923706055,10.430000305175781,-11.09000015258789,-3.0249070407422316,3.8549069644482863,-0.20490734591801285,0.8649071933301222,-1.058717464259781,1.3492174375569002,-0.0717175710713045,0.3027175176655428,-3.3047437923772067,1.7387437367213703,-0.7743036945087641,-0.9574761557059559,-1,1,-1,1,-18,-18,-18,-18,-18,-18,-18,-19
1783308576.7656062,0.0,0.0,0.12,0.0,0.0,1,10.225092959257768,-10.225092959257768,10.225092959257768,-10.225092959257768,13.25,-14.079999923706055,10.430000305175781,-11.09000015258789,-3.0249070407422316,3.8549069644482863,-0.20490734591801285,0.8649071933301222,-1.058717464259781,1.3492174375569002,-0.0717175710713045,0.3027175176655428,-3.331967955743887,1.7734378994014048,-0.7761478606220262,-0.9496919909659848,-1,1,-1,1,-18,-18,-18,-18,-18,-18,-18,-19
1783308576.785698,0.0,0.0,0.12,0.0,0.0,1,10.225092959257768,-10.225092959257768,10.225092959257768,-10.225092959257768,13.579999923706055,-14.15999984741211,9.789999961853027,-10.930000305175781,-3.3549069644482863,3.934906888154341,0.43509299740474106,0.7049073459180129,-1.1742174375569001,1.3772174108540192,0.15228254909165936,0.2467175710713045,-3.3621621184239214,1.8088520613947938,-0.7722320236453836,-0.9433478248527226,-1,1,-1,1,-18,-18,-18,-18,-18,-18,-18,-19
1783308576.805711,0.0,0.0,0.12,0.0,0.0,1,10.225092959257768,-10.225092959257768,10.225092959257768,-10.225092959257768,13.579999923706055,-14.15999984741211,9.789999961853027,-10.930000305175781,-3.3549069644482863,3.934906888154341,0.43509299740474106,0.7049073459180129,-1.1742174375569001,1.3772174108540192,0.15228254909165936,0.2467175710713045,-3.392356281103956,1.8442662233881828,-0.7683161866687409,-0.9370036587394605,-1,1,-1,1,-18,-18,-18,-18,-18,-18,-18,-19
1783308576.8256223,0.0,0.0,0.12,0.0,0.0,1,10.225092959257768,-10.225092959257768,10.225092959257768,-10.225092959257768,13.579999923706055,-14.15999984741211,9.789999961853027,-10.930000305175781,-3.3549069644482863,3.934906888154341,0.43509299740474106,0.7049073459180129,-1.1742174375569001,1.3772174108540192,0.15228254909165936,0.2467175710713045,-3.4225504437839906,1.8796803853815718,-0.7644003496920982,-0.9306594926261983,-1,1,-1,1,-18,-18,-18,-18,-18,-18,-18,-19
1783308576.845703,0.0,0.0,0.12,0.0,0.0,1,10.225092959257768,-10.225092959257768,10.225092959257768,-10.225092959257768,13.350000381469727,-13.760000228881836,9.569999694824219,-9.6899995803833,-3.124907422211958,3.5349072696240675,0.6550932644335496,-0.5350933788744676,-1.0937175977741853,1.2372175443684235,0.22928264255174235,-0.18728268260606365,-3.4506746105838983,1.9114945508081884,-0.7585045103121963,-0.9354753330360684,-1,1,-1,1,-18,-18,-18,-18,-18,-18,-18,-19
1783308576.8656006,0.0,0.0,0.12,0.0,0.0,1,10.225092959257768,-10.225092959257768,10.225092959257768,-10.225092959257768,13.350000381469727,-13.760000228881836,9.569999694824219,-9.6899995803833,-3.124907422211958,3.5349072696240675,0.6550932644335496,-0.5350933788744676,-1.0937175977741853,1.2372175443684235,0.22928264255174235,-0.18728268260606365,-3.478798777383806,1.943308716234805,-0.7526086709322944,-0.9402911734459386,-1,1,-1,1,-18,-18,-18,-18,-18,-18,-18,-19
1783308576.8856764,0.0,0.0,0.12,0.0,0.0,1,10.225092959257768,-10.225092959257768,10.225092959257768,-10.225092959257768,13.420000076293945,-12.800000190734863,9.640000343322754,-8.59000015258789,-3.194907117036177,2.574907231477095,0.5850926159350145,-1.6350928066698778,-1.1182174909626619,0.9012175310169831,0.20478241557725507,-0.5722824823344572,-3.507552941437132,1.966482881318099,-0.7473428373888793,-0.9550070087059676,-1,1,-1,1,-18,-18,-18,-18,-18,-18,-18,-20
1783308576.9055893,0.0,0.0,0.12,0.0,0.0,1,10.225092959257768,-10.225092959257768,10.225092959257768,-10.225092959257768,13.420000076293945,-12.800000190734863,9.640000343322754,-8.59000015258789,-3.194907117036177,2.574907231477095,0.5850926159350145,-1.6350928066698778,-1.1182174909626619,0.9012175310169831,0.20478241557725507,-0.5722824823344572,-3.5363071054904576,1.989657046401393,-0.7420770038454642,-0.9697228439659965,-1,1,-1,1,-18,-18,-18,-18,-18,-18,-18,-20
1783308576.925639,0.0,0.0,0.12,0.0,0.0,1,10.225092959257768,-10.225092959257768,10.225092959257768,-10.225092959257768,13.420000076293945,-12.800000190734863,9.640000343322754,-8.59000015258789,-3.194907117036177,2.574907231477095,0.5850926159350145,-1.6350928066698778,-1.1182174909626619,0.9012175310169831,0.20478241557725507,-0.5722824823344572,-3.5650612695437833,2.012831211484687,-0.736811170302049,-0.9844386792260255,-1,1,-1,1,-18,-18,-18,-18,-18,-18,-18,-20
1783308576.9457276,0.0,0.0,0.12,0.0,0.0,1,10.225092959257768,-10.225092959257768,10.225092959257768,-10.225092959257768,14.380000114440918,-11.90999984741211,10.600000381469727,-8.510000228881836,-4.15490715518315,1.684906888154341,-0.37490742221195816,-1.7150927303759325,-1.4542175043141023,0.5897174108540193,-0.13121759777418535,-0.6002824556315763,-3.6024554339404316,2.027995373478076,-0.7401853371019567,-0.9998745137994088,-1,1,-1,1,-18,-18,-18,-18,-18,-18,-18,-20
1783308576.9656029,0.0,0.0,0.12,0.0,0.0,1,10.225092959257768,-10.225092959257768,10.225092959257768,-10.225092959257768,14.380000114440918,-11.90999984741211,10.600000381469727,-8.510000228881836,-4.15490715518315,1.684906888154341,-0.37490742221195816,-1.7150927303759325,-1.4542175043141023,0.5897174108540193,-0.13121759777418535,-0.6002824556315763,-3.6398495983370798,2.0431595354714647,-0.7435595039018643,-1.0153103483727923,-1,1,-1,1,-18,-18,-18,-18,-18,-18,-18,-20
1783308576.9856744,0.0,0.0,0.12,0.0,0.0,1,10.225092959257768,-10.225092959257768,10.225092959257768,-10.225092959257768,13.90999984741211,-11.279999732971191,10.819999694824219,-9.119999885559082,-3.684906888154341,1.054906773713423,-0.5949067355664504,-1.1050930736986864,-1.2897174108540193,0.369217370799698,-0.20821735744825762,-0.38678257579454023,-3.673013760330469,2.0526536964348856,-0.7489136645219624,-1.0252561860360805,-1,1,-1,1,-18,-18,-18,-18,-18,-18,-18,-19
1783308577.0055857,0.0,0.0,0.12,0.0,0.0,1,10.225092959257768,-10.225092959257768,10.225092959257768,-10.225092959257768,13.90999984741211,-11.279999732971191,10.819999694824219,-9.119999885559082,-3.684906888154341,1.054906773713423,-0.5949067355664504,-1.1050930736986864,-1.2897174108540193,0.369217370799698,-0.20821735744825762,-0.38678257579454023,-3.706177922323858,2.0621478573983065,-0.7542678251420605,-1.0352020236993686,-1,1,-1,1,-18,-18,-18,-18,-18,-18,-18,-19
1783308577.0256402,0.0,0.0,0.12,0.0,0.0,1,10.225092959257768,-10.225092959257768,10.225092959257768,-10.225092959257768,13.90999984741211,-11.279999732971191,10.819999694824219,-9.119999885559082,-3.684906888154341,1.054906773713423,-0.5949067355664504,-1.1050930736986864,-1.2897174108540193,0.369217370799698,-0.20821735744825762,-0.38678257579454023,-3.739342084317247,2.0716420183617275,-0.7596219857621586,-1.0451478613626568,-1,1,-1,1,-18,-18,-18,-18,-18,-18,-18,-19
1783308577.0455947,0.0,0.0,0.12,0.0,0.0,1,10.225092959257768,-10.225092959257768,10.225092959257768,-10.225092959257768,13.130000114440918,-11.520000457763672,11.1899995803833,-9.100000381469727,-2.9049071551831496,1.2949074985059035,-0.9649066211255324,-1.1250925777880418,-1.0167175043141023,0.4532176244770662,-0.3377173173939363,-0.3937824022258146,-3.7654862487138954,2.0832961858482806,-0.7683061453522884,-1.0552736945627492,-1,1,-1,1,-18,-18,-18,-18,-18,-18,-18,-19
1783308577.0656111,0.0,0.0,0.12,0.0,0.0,1,10.225092959257768,-10.225092959257768,10.225092959257768,-10.225092959257768,13.130000114440918,-11.520000457763672,11.1899995803833,-9.100000381469727,-2.9049071551831496,1.2949074985059035,-0.9649066211255324,-1.1250925777880418,-1.0167175043141023,0.4532176244770662,-0.3377173173939363,-0.3937824022258146,-3.7916304131105436,2.0949503533348337,-0.7769903049424182,-1.0653995277628416,-1,1,-1,1,-18,-18,-18,-18,-18,-18,-18,-19
1783308577.0856597,0.0,0.0,0.12,0.0,0.0,1,10.225092959257768,-10.225092959257768,10.225092959257768,-10.225092959257768,13.720000267028809,-11.460000038146973,11.680000305175781,-9.539999961853027,-3.49490730777104,1.2349070788892043,-1.4549073459180129,-0.685092997404741,-1.223217557719864,0.4322174776112215,-0.5092175710713045,-0.23978254909165936,-3.823084578880483,2.1060645170448367,-0.7900844710556802,-1.0715653647394843,-1,1,-1,1,-18,-18,-18,-18,-18,-18,-18,-19
1783308577.105628,0.0,0.0,0.12,0.0,0.0,1,10.225092959257768,-10.225092959257768,10.225092959257768,-10.225092959257768,13.720000267028809,-11.460000038146973,11.680000305175781,-9.539999961853027,-3.49490730777104,1.2349070788892043,-1.4549073459180129,-0.685092997404741,-1.223217557719864,0.4322174776112215,-0.5092175710713045,-0.23978254909165936,-3.854538744650422,2.1171786807548396,-0.8031786371689423,-1.077731201716127,-1,1,-1,1,-18,-18,-18,-18,-18,-18,-18,-19
1783308577.1256897,0.0,0.0,0.12,0.0,0.0,1,10.225092959257768,-10.225092959257768,10.225092959257768,-10.225092959257768,13.720000267028809,-11.460000038146973,11.680000305175781,-9.539999961853027,-3.49490730777104,1.2349070788892043,-1.4549073459180129,-0.685092997404741,-1.223217557719864,0.4322174776112215,-0.5092175710713045,-0.23978254909165936,-3.885992910420361,2.1282928444648426,-0.8162728032822044,-1.0838970386927695,-1,1,-1,1,-18,-18,-18,-18,-18,-18,-18,-19
1783308577.1455932,0.0,0.0,0.12,0.0,0.0,1,10.225092959257768,-10.225092959257768,10.225092959257768,-10.225092959257768,13.0,-11.420000076293945,11.119999885559082,-9.170000076293945,-2.7749070407422316,1.194907117036177,-0.8949069263013136,-1.055092882963823,-0.971217464259781,0.4182174909626619,-0.3132174242054597,-0.36928250903733806,-3.9109670737870412,2.139047008518168,-0.8243269656189163,-1.093392874639444,-1,1,-1,1,-18,-18,-18,-18,-18,-18,-18,-19
1783308577.165587,0.0,0.0,0.12,0.0,0.0,1,10.225092959257768,-10.225092959257768,10.225092959257768,-10.225092959257768,13.0,-11.420000076293945,11.119999885559082,-9.170000076293945,-2.7749070407422316,1.194907117036177,-0.8949069263013136,-1.055092882963823,-0.971217464259781,0.4182174909626619,-0.3132174242054597,-0.36928250903733806,-3.9359412371537212,2.1498011725714936,-0.8323811279556281,-1.1028887105861183,-1,1,-1,1,-18,-18,-18,-18,-18,-18,-18,-19
1783308577.185667,0.0,0.0,0.12,0.0,0.0,1,10.225092959257768,-10.225092959257768,10.225092959257768,-10.225092959257768,12.720000267028809,-11.84000015258789,10.050000190734863,-8.680000305175781,-2.49490730777104,1.6149071933301222,0.17509276852290512,-1.5450926540819871,-0.873217557719864,0.5652175176655427,0.061282468983016786,-0.5407824289286954,-3.9583954029236605,2.164335337311465,-0.830805293038922,-1.1167945444728562,-1,1,-1,1,-18,-18,-18,-18,-18,-18,-18,-20
1783308577.2057567,0.0,0.0,0.12,0.0,0.0,1,10.225092959257768,-10.225092959257768,10.225092959257768,-10.225092959257768,12.720000267028809,-11.84000015258789,10.050000190734863,-8.680000305175781,-2.49490730777104,1.6149071933301222,0.17509276852290512,-1.5450926540819871,-0.873217557719864,0.5652175176655427,0.061282468983016786,-0.5407824289286954,-3.9808495686936,2.178869502051436,-0.8292294581222159,-1.1307003783595941,-1,1,-1,1,-18,-18,-18,-18,-18,-18,-18,-20
1783308577.225745,0.0,0.0,0.12,0.0,0.0,1,10.225092959257768,-10.225092959257768,10.225092959257768,-10.225092959257768,12.720000267028809,-11.84000015258789,10.050000190734863,-8.680000305175781,-2.49490730777104,1.6149071933301222,0.17509276852290512,-1.5450926540819871,-0.873217557719864,0.5652175176655427,0.061282468983016786,-0.5407824289286954,-4.00330373446354,2.1934036667914074,-0.8276536232055098,-1.144606212246332,-1,1,-1,1,-18,-18,-18,-18,-18,-18,-18,-20
1783308577.245595,0.0,0.0,0.12,0.0,0.0,1,10.225092959257768,-10.225092959257768,10.225092959257768,-10.225092959257768,13.65999984741211,-12.819999694824219,9.75,-9.020000457763672,-3.434906888154341,2.5949067355664504,0.4750929592577684,-1.2050925014940965,-1.2022174108540193,0.9082173574482576,0.16628253574021892,-0.42178237552293374,-4.034217896456929,2.2167578274115054,-0.82337778657219,-1.155452044759779,-1,1,-1,1,-18,-18,-18,-18,-18,-18,-18,-20
1783308577.2656317,0.0,0.0,0.12,0.0,0.0,1,10.225092959257768,-10.225092959257768,10.225092959257768,-10.225092959257768,13.65999984741211,-12.819999694824219,9.75,-9.020000457763672,-3.434906888154341,2.5949067355664504,0.4750929592577684,-1.2050925014940965,-1.2022174108540193,0.9082173574482576,0.16628253574021892,-0.42178237552293374,-4.0651320584503186,2.2401119880316034,-0.8191019499388701,-1.1662978772732258,-1,1,-1,1,-18,-18,-18,-18,-18,-18,-18,-20
1783308577.2857008,0.0,0.0,0.12,0.0,0.0,1,10.225092959257768,-10.225092959257768,10.225092959257768,-10.225092959257768,13.640000343322754,-12.819999694824219,10.680000305175781,-9.260000228881836,-3.4149073840649855,2.5949067355664504,-0.45490734591801285,-0.9650927303759325,-1.1952175844227448,0.9082173574482576,-0.1592175710713045,-0.33778245563157633,-4.095866224906904,2.2634661486517014,-0.8231961160521322,-1.174983711846609,-1,1,-1,1,-18,-18,-18,-18,-18,-18,-18,-20
1783308577.305612,0.0,0.0,0.12,0.0,0.0,1,10.225092959257768,-10.225092959257768,10.225092959257768,-10.225092959257768,13.640000343322754,-12.819999694824219,10.680000305175781,-9.260000228881836,-3.4149073840649855,2.5949067355664504,-0.45490734591801285,-0.9650927303759325,-1.1952175844227448,0.9082173574482576,-0.1592175710713045,-0.33778245563157633,-4.126600391363489,2.2868203092717994,-0.8272902821653942,-1.1836695464199924,-1,1,-1,1,-18,-18,-18,-18,-18,-18,-18,-20
1783308577.3256252,0.0,0.0,0.12,0.0,0.0,1,10.225092959257768,-10.225092959257768,10.225092959257768,-10.225092959257768,13.640000343322754,-12.819999694824219,10.680000305175781,-9.260000228881836,-3.4149073840649855,2.5949067355664504,-0.45490734591801285,-0.9650927303759325,-1.1952175844227448,0.9082173574482576,-0.1592175710713045,-0.33778245563157633,-4.157334557820074,2.3101744698918973,-0.8313844482786563,-1.1923553809933758,-1,1,-1,1,-18,-18,-18,-18,-18,-18,-18,-20
1783308577.3456125,0.0,0.0,0.12,0.0,0.0,1,10.225092959257768,-10.225092959257768,10.225092959257768,-10.225092959257768,13.399999618530273,-12.600000381469727,11.100000381469727,-9.649999618530273,-3.174906659272505,2.374907422211958,-0.8749074222119582,-0.575093340727495,-1.1112173307453768,0.8312175977741854,-0.30621759777418533,-0.20128266925462324,-4.185908717753526,2.331548636691805,-0.8392586150785639,-1.1975312210599232,-1,1,-1,1,-18,-18,-18,-18,-18,-18,-18,-19
1783308577.3656125,0.0,0.0,0.12,0.0,0.0,1,10.225092959257768,-10.225092959257768,10.225092959257768,-10.225092959257768,13.399999618530273,-12.600000381469727,11.100000381469727,-9.649999618530273,-3.174906659272505,2.374907422211958,-0.8749074222119582,-0.575093340727495,-1.1112173307453768,0.8312175977741854,-0.30621759777418533,-0.20128266925462324,-4.2144828776869785,2.3529228034917122,-0.8471327818784715,-1.2027070611264705,-1,1,-1,1,-18,-18,-18,-18,-18,-18,-18,-19
1783308577.385783,0.0,0.0,0.12,0.0,0.0,1,10.225092959257768,-10.225092959257768,10.225092959257768,-10.225092959257768,13.680000305175781,-12.210000038146973,11.619999885559082,-9.930000305175781,-3.454907345918013,1.9849070788892043,-1.3949069263013136,-0.29509265408198715,-1.2092175710713045,0.6947174776112215,-0.4882174242054597,-0.10328242892869549,-4.245577043800241,2.370786967201715,-0.8596869442151833,-1.2053628950132085,-1,1,-1,1,-18,-18,-18,-18,-18,-18,-18,-19
1783308577.4056067,0.0,0.0,0.12,0.0,0.0,1,10.225092959257768,-10.225092959257768,10.225092959257768,-10.225092959257768,13.680000305175781,-12.210000038146973,11.619999885559082,-9.930000305175781,-3.454907345918013,1.9849070788892043,-1.3949069263013136,-0.29509265408198715,-1.2092175710713045,0.6947174776112215,-0.4882174242054597,-0.10328242892869549,-4.276671209913503,2.3886511309117178,-0.8722411065518951,-1.2080187288999464,-1,1,-1,1,-18,-18,-18,-18,-18,-18,-18,-19
1783308577.4256027,0.0,0.0,0.12,0.0,0.0,1,10.225092959257768,-10.225092959257768,10.225092959257768,-10.225092959257768,13.680000305175781,-12.210000038146973,11.619999885559082,-9.930000305175781,-3.454907345918013,1.9849070788892043,-1.3949069263013136,-0.29509265408198715,-1.2092175710713045,0.6947174776112215,-0.4882174242054597,-0.10328242892869549,-4.307765376026765,2.4065152946217205,-0.8847952688886069,-1.2106745627866844,-1,1,-1,1,-18,-18,-18,-18,-18,-18,-18,-19
1783308577.445593,0.0,0.0,0.12,0.0,0.0,1,10.225092959257768,-10.225092959257768,10.225092959257768,-10.225092959257768,13.420000076293945,-11.720000267028809,12.65999984741211,-10.34000015258789,-3.194907117036177,1.4949073077710402,-2.434906888154341,0.11490719333012223,-1.1182174909626619,0.523217557719864,-0.8522174108540193,0.040217517665542775,-4.336519540080091,2.41996946039166,-0.906709430881996,-1.2096403980467132,-1,1,-1,1,-18,-18,-18,-18,-18,-18,-18,-19
1783308577.4656372,0.0,0.0,0.12,0.0,0.0,1,10.225092959257768,-10.225092959257768,10.225092959257768,-10.225092959257768,13.420000076293945,-11.720000267028809,12.65999984741211,-10.34000015258789,-3.194907117036177,1.4949073077710402,-2.434906888154341,0.11490719333012223,-1.1182174909626619,0.523217557719864,-0.8522174108540193,0.040217517665542775,-4.365273704133417,2.4334236261615994,-0.928623592875385,-1.208606233306742,-1,1,-1,1,-18,-18,-18,-18,-18,-18,-18,-19
1783308577.4856706,0.0,0.0,0.12,0.0,0.0,1,10.225092959257768,-10.225092959257768,10.225092959257768,-10.225092959257768,13.699999809265137,-11.600000381469727,12.479999542236328,-10.859999656677246,-3.4749068500073683,1.3749074222119582,-2.2549065829785597,0.6349066974194777,-1.2162173975025787,0.4812175977741853,-0.7892173040424959,0.22221734409681718,-4.396547865783483,2.445797792961507,-0.948917752122192,-1.2028920730299666,-1,1,-1,1,-18,-18,-18,-18,-18,-18,-18,-19
1783308577.5056078,0.0,0.0,0.12,0.0,0.0,1,10.225092959257768,-10.225092959257768,10.225092959257768,-10.225092959257768,13.699999809265137,-11.600000381469727,12.479999542236328,-10.859999656677246,-3.4749068500073683,1.3749074222119582,-2.2549065829785597,0.6349066974194777,-1.2162173975025787,0.4812175977741853,-0.7892173040424959,0.22221734409681718,-4.42782202743355,2.4581719597614144,-0.969211911368999,-1.1971779127531912,-1,1,-1,1,-18,-18,-18,-18,-18,-18,-18,-19
1783308577.52559,0.0,0.0,0.12,0.0,0.0,1,10.225092959257768,-10.225092959257768,10.225092959257768,-10.225092959257768,13.699999809265137,-11.600000381469727,12.479999542236328,-10.859999656677246,-3.4749068500073683,1.3749074222119582,-2.2549065829785597,0.6349066974194777,-1.2162173975025787,0.4812175977741853,-0.7892173040424959,0.22221734409681718,-4.459096189083616,2.470546126561322,-0.989506070615806,-1.1914637524764158,-1,1,-1,1,-18,-18,-18,-18,-18,-18,-18,-19
1783308577.5457006,0.0,0.0,0.12,0.0,0.0,1,10.225092959257768,-10.225092959257768,10.225092959257768,-10.225092959257768,14.119999885559082,-12.420000076293945,12.8100004196167,-10.550000190734863,-3.8949069263013136,2.194907117036177,-2.584907460358931,0.3249072314770949,-1.3632174242054598,0.7682174909626619,-0.9047176111256258,0.1137175310169832,-4.494150351420328,2.4903002906146474,-1.0127702377590364,-1.188539587393122,-1,1,-1,1,-18,-18,-18,-18,-18,-18,-18,-19
1783308577.5656116,0.0,0.0,0.12,0.0,0.0,1,10.225092959257768,-10.225092959257768,10.225092959257768,-10.225092959257768,14.119999885559082,-12.420000076293945,12.8100004196167,-10.550000190734863,-3.8949069263013136,2.194907117036177,-2.584907460358931,0.3249072314770949,-1.3632174242054598,0.7682174909626619,-0.9047176111256258,0.1137175310169832,-4.52920451375704,2.510054454667973,-1.0360344049022667,-1.185615422309828,-1,1,-1,1,-18,-18,-18,-18,-18,-18,-18,-19
1783308577.5856621,0.0,0.0,0.12,0.0,0.0,1,10.225092959257768,-10.225092959257768,10.225092959257768,-10.225092959257768,13.960000038146973,-11.40999984741211,13.270000457763672,-11.229999542236328,-3.7349070788892043,1.184906888154341,-3.0449074985059035,1.0049065829785597,-1.3072174776112213,0.4147174108540193,-1.065717624477066,0.3517173040424959,-4.5628186774670425,2.520718616661362,-1.0634385723888198,-1.176571263063021,-1,1,-1,1,-18,-18,-18,-18,-18,-18,-18,-19
1783308577.60571,0.0,0.0,0.12,0.0,0.0,1,10.225092959257768,-10.225092959257768,10.225092959257768,-10.225092959257768,13.960000038146973,-11.40999984741211,13.270000457763672,-11.229999542236328,-3.7349070788892043,1.184906888154341,-3.0449074985059035,1.0049065829785597,-1.3072174776112213,0.4147174108540193,-1.065717624477066,0.3517173040424959,-4.596432841177045,2.531382778654751,-1.0908427398753728,-1.1675271038162138,-1,1,-1,1,-18,-18,-18,-18,-18,-18,-18,-19
1783308577.6256077,0.0,0.0,0.12,0.0,0.0,1,10.225092959257768,-10.225092959257768,10.225092959257768,-10.225092959257768,13.960000038146973,-11.40999984741211,13.270000457763672,-11.229999542236328,-3.7349070788892043,1.184906888154341,-3.0449074985059035,1.0049065829785597,-1.3072174776112213,0.4147174108540193,-1.065717624477066,0.3517173040424959,-4.630047004887048,2.5420469406481403,-1.118246907361926,-1.1584829445694067,-1,1,-1,1,-18,-18,-18,-18,-18,-18,-18,-19
1783308577.6456056,0.0,0.0,0.12,0.0,0.0,1,10.225092959257768,-10.225092959257768,10.225092959257768,-10.225092959257768,14.069999694824219,-11.609999656677246,13.819999694824219,-11.260000228881836,-3.8449067355664504,1.3849066974194777,-3.5949067355664504,1.0349072696240675,-1.3457173574482575,0.48471734409681716,-1.2582173574482576,0.3622175443684236,-4.664651165507147,2.5545111009249157,-1.150601067982024,-1.14916877914279,-1,1,-1,1,-18,-18,-18,-18,-18,-18,-18,-19
1783308577.6656063,0.0,0.0,0.12,0.0,0.0,1,10.225092959257768,-10.225092959257768,10.225092959257768,-10.225092959257768,14.069999694824219,-11.609999656677246,13.819999694824219,-11.260000228881836,-3.8449067355664504,1.3849066974194777,-3.5949067355664504,1.0349072696240675,-1.3457173574482575,0.48471734409681716,-1.2582173574482576,0.3622175443684236,-4.699255326127245,2.566975261201691,-1.182955228602122,-1.1398546137161734,-1,1,-1,1,-18,-18,-18,-18,-18,-18,-18,-19
1783308577.6857424,0.0,0.0,0.12,0.0,0.0,1,10.225092959257768,-10.225092959257768,10.225092959257768,-10.225092959257768,14.380000114440918,-11.979999542236328,14.430000305175781,-11.5,-4.15490715518315,1.7549065829785597,-4.204907345918013,1.2749070407422316,-1.4542175043141023,0.6142173040424959,-1.4717175710713044,0.44621746425978104,-4.736649490523893,2.582769420448498,-1.2207993947153841,-1.1283804503494932,-1,1,-1,1,-18,-18,-18,-18,-18,-18,-18,-19
1783308577.705611,0.0,0.0,0.12,0.0,0.0,1,10.225092959257768,-10.225092959257768,10.225092959257768,-10.225092959257768,14.380000114440918,-11.979999542236328,14.430000305175781,-11.5,-4.15490715518315,1.7549065829785597,-4.204907345918013,1.2749070407422316,-1.4542175043141023,0.6142173040424959,-1.4717175710713044,0.44621746425978104,-4.774043654920542,2.598563579695305,-1.2586435608286461,-1.116906286982813,-1,1,-1,1,-18,-18,-18,-18,-18,-18,-18,-19
1783308577.7255886,0.0,0.0,0.12,0.0,0.0,1,10.225092959257768,-10.225092959257768,10.225092959257768,-10.225092959257768,14.380000114440918,-11.979999542236328,14.430000305175781,-11.5,-4.15490715518315,1.7549065829785597,-4.204907345918013,1.2749070407422316,-1.4542175043141023,0.6142173040424959,-1.4717175710713044,0.44621746425978104,-4.81143781931719,2.614357738942112,-1.2964877269419082,-1.1054321236161329,-1,1,-1,1,-18,-18,-18,-18,-18,-18,-18,-19
1783308577.745604,0.0,0.0,0.12,0.0,0.0,1,10.225092959257768,-10.225092959257768,10.225092959257768,-10.225092959257768,14.819999694824219,-11.550000190734863,14.630000114440918,-12.579999923706055,-4.59490673556645,1.3249072314770949,-4.40490715518315,2.3549069644482863,-1.6082173574482574,0.46371753101698315,-1.5417175043141023,0.8242174375569001,-4.852791979937288,2.6262819040254057,-1.3361318913385565,-1.0842379609360984,-1,1,-1,1,-18,-18,-18,-18,-18,-18,-18,-18
1783308577.7656956,0.0,0.0,0.12,0.0,0.0,1,10.225092959257768,-10.225092959257768,10.225092959257768,-10.225092959257768,14.819999694824219,-11.550000190734863,14.630000114440918,-12.579999923706055,-4.59490673556645,1.3249072314770949,-4.40490715518315,2.3549069644482863,-1.6082173574482574,0.46371753101698315,-1.5417175043141023,0.8242174375569001,-4.894146140557385,2.6382060691086995,-1.3757760557352048,-1.0630437982560639,-1,1,-1,1,-18,-18,-18,-18,-18,-18,-18,-18
1783308577.785816,0.0,0.0,0.12,0.0,0.0,1,10.225092959257768,-10.225092959257768,10.225092959257768,-10.225092959257768,14.0,-11.479999542236328,15.670000076293945,-12.65999984741211,-3.7749070407422316,1.2549065829785597,-5.444907117036177,2.434906888154341,-1.321217464259781,0.43921730404249587,-1.9057174909626617,0.8522174108540193,-4.928120303924065,2.6495002283555067,-1.4247802197885304,-1.0411296362626747,-1,1,-1,1,-18,-18,-18,-18,-18,-18,-18,-18
1783308577.8056087,0.0,0.0,0.12,0.0,0.0,1,10.225092959257768,-10.225092959257768,10.225092959257768,-10.225092959257768,14.0,-11.479999542236328,15.670000076293945,-12.65999984741211,-3.7749070407422316,1.2549065829785597,-5.444907117036177,2.434906888154341,-1.321217464259781,0.43921730404249587,-1.9057174909626617,0.8522174108540193,-4.962094467290745,2.660794387602314,-1.473784383841856,-1.0192154742692856,-1,1,-1,1,-18,-18,-18,-18,-18,-18,-18,-18
1783308577.825764,0.0,0.0,0.12,0.0,0.0,1,10.225092959257768,-10.225092959257768,10.225092959257768,-10.225092959257768,14.0,-11.479999542236328,15.670000076293945,-12.65999984741211,-3.7749070407422316,1.2549065829785597,-5.444907117036177,2.434906888154341,-1.321217464259781,0.43921730404249587,-1.9057174909626617,0.8522174108540193,-4.996068630657425,2.672088546849121,-1.5227885478951817,-0.9973013122758966,-1,1,-1,1,-18,-18,-18,-18,-18,-18,-18,-18
1783308577.8456118,0.0,0.0,0.12,0.0,0.0,1,10.225092959257768,-10.225092959257768,10.225092959257768,-10.225092959257768,13.649999618530273,-11.65999984741211,16.18000030517578,-13.390000343322754,-3.424906659272505,1.434906888154341,-5.954907345918013,3.1649073840649855,-1.1987173307453767,0.5022174108540193,-2.0842175710713042,1.107717584422745,-5.026892790590877,2.6850027088425104,-1.5763827140084439,-0.9688171458193117,-1,1,-1,1,-18,-18,-18,-18,-18,-18,-18,-18
1783308577.8656108,0.0,0.0,0.12,0.0,0.0,1,10.225092959257768,-10.225092959257768,10.225092959257768,-10.225092959257768,13.649999618530273,-11.65999984741211,16.18000030517578,-13.390000343322754,-3.424906659272505,1.434906888154341,-5.954907345918013,3.1649073840649855,-1.1987173307453767,0.5022174108540193,-2.0842175710713042,1.107717584422745,-5.05771695052433,2.6979168708358996,-1.629976880121706,-0.9403329793627268,-1,1,-1,1,-18,-18,-18,-18,-18,-18,-18,-18
1783308577.8857143,0.0,0.0,0.12,0.0,0.0,1,10.225092959257768,-10.225092959257768,10.225092959257768,-10.225092959257768,14.3100004196167,-11.329999923706055,16.079999923706055,-14.350000381469727,-4.084907460358931,1.1049069644482863,-5.854906964448286,4.124907422211958,-1.4297176111256258,0.3867174375569002,-2.0492174375569,1.4437175977741852,-5.09448111766756,2.7078610335159343,-1.6826710428017406,-0.9032088125628192,-1,1,-1,1,-18,-18,-18,-18,-18,-18,-18,-18
1783308577.9056418,0.0,0.0,0.12,0.0,0.0,1,10.225092959257768,-10.225092959257768,10.225092959257768,-10.225092959257768,14.3100004196167,-11.329999923706055,16.079999923706055,-14.350000381469727,-4.084907460358931,1.1049069644482863,-5.854906964448286,4.124907422211958,-1.4297176111256258,0.3867174375569002,-2.0492174375569,1.4437175977741852,-5.131245284810791,2.717805196195969,-1.7353652054817752,-0.8660846457629116,-1,1,-1,1,-18,-18,-18,-18,-18,-18,-18,-18
1783308577.925726,0.0,0.0,0.12,0.0,0.0,1,10.225092959257768,-10.225092959257768,10.225092959257768,-10.225092959257768,14.3100004196167,-11.329999923706055,16.079999923706055,-14.350000381469727,-4.084907460358931,1.1049069644482863,-5.854906964448286,4.124907422211958,-1.4297176111256258,0.3867174375569002,-2.0492174375569,1.4437175977741852,-5.168009451954021,2.727749358876004,-1.7880593681618098,-0.828960478963004,-1,1,-1,1,-18,-18,-18,-18,-18,-18,-18,-18
1783308577.9456475,0.0,0.0,0.12,0.0,0.0,1,10.225092959257768,-10.225092959257768,10.225092959257768,-10.225092959257768,14.09000015258789,-11.329999923706055,17.139999389648438,-13.670000076293945,-3.8649071933301222,1.1049069644482863,-6.914906430390669,3.444907117036177,-1.3527175176655426,0.3867174375569002,-2.420217250636734,1.2057174909626618,-5.2027936166939925,2.7376935215560385,-1.8502935260353257,-0.7979563149096783,-1,1,-1,1,-18,-18,-18,-18,-18,-18,-18,-18
1783308577.965714,0.0,0.0,0.12,0.0,0.0,1,10.225092959257768,-10.225092959257768,10.225092959257768,-10.225092959257768,14.09000015258789,-11.329999923706055,17.139999389648438,-13.670000076293945,-3.8649071933301222,1.1049069644482863,-6.914906430390669,3.444907117036177,-1.3527175176655426,0.3867174375569002,-2.420217250636734,1.2057174909626618,-5.237577781433964,2.7476376842360732,-1.9125276839088416,-0.7669521508563527,-1,1,-1,1,-18,-18,-18,-18,-18,-18,-18,-18
1783308577.9856696,0.0,0.0,0.12,0.0,0.0,1,10.225092959257768,-10.225092959257768,10.225092959257768,-10.225092959257768,14.170000076293945,-10.869999885559082,16.979999542236328,-14.319999694824219,-3.944907117036177,0.6449069263013136,-6.75490658297856,4.09490673556645,-1.3807174909626618,0.22571742420545976,-2.3642173040424956,1.4332173574482576,-5.27308194548729,2.7534418465727852,-1.9733218431556487,-0.7300979902362547,-1,1,-1,1,-18,-18,-18,-18,-18,-18,-18,-18
1783308578.005645,0.0,0.0,0.12,0.0,0.0,1,10.225092959257768,-10.225092959257768,10.225092959257768,-10.225092959257768,14.170000076293945,-10.869999885559082,16.979999542236328,-14.319999694824219,-3.944907117036177,0.6449069263013136,-6.75490658297856,4.09490673556645,-1.3807174909626618,0.22571742420545976,-2.3642173040424956,1.4332173574482576,-5.308586109540616,2.7592460089094972,-2.0341160024024556,-0.6932438296161566,-1,1,-1,1,-18,-18,-18,-18,-18,-18,-18,-18
1783308578.025602,0.0,0.0,0.12,0.0,0.0,1,10.225092959257768,-10.225092959257768,10.225092959257768,-10.225092959257768,14.170000076293945,-10.869999885559082,16.979999542236328,-14.319999694824219,-3.944907117036177,0.6449069263013136,-6.75490658297856,4.09490673556645,-1.3807174909626618,0.22571742420545976,-2.3642173040424956,1.4332173574482576,-5.344090273593942,2.765050171246209,-2.0949101616492625,-0.6563896689960586,-1,1,-1,1,-18,-18,-18,-18,-18,-18,-18,-18
1783308578.0456097,0.0,0.0,0.12,0.0,0.0,1,10.225092959257768,-10.225092959257768,10.225092959257768,-10.225092959257768,14.220000267028809,-10.779999732971191,17.549999237060547,-14.100000381469727,-3.99490730777104,0.554906773713423,-7.3249062778027785,3.874907422211958,-1.398217557719864,0.19421737079969803,-2.5637171972309725,1.3562175977741853,-5.380044439363881,2.77004433220963,-2.1608343181494876,-0.6215155021961509,-1,1,-1,1,-18,-18,-18,-18,-18,-18,-18,-18
1783308578.0656922,0.0,0.0,0.12,0.0,0.0,1,10.225092959257768,-10.225092959257768,10.225092959257768,-10.225092959257768,14.220000267028809,-10.779999732971191,17.549999237060547,-14.100000381469727,-3.99490730777104,0.554906773713423,-7.3249062778027785,3.874907422211958,-1.398217557719864,0.19421737079969803,-2.5637171972309725,1.3562175977741853,-5.4159986051338205,2.7750384931730507,-2.2267584746497127,-0.5866413353962433,-1,1,-1,1,-18,-18,-18,-18,-18,-18,-18,-18
1783308578.0856655,0.0,0.0,0.12,0.0,0.0,1,10.225092959257768,-10.225092959257768,10.225092959257768,-10.225092959257768,14.25,-10.039999961853027,16.579999923706055,-13.270000457763672,-4.024907040742232,-0.18509299740474106,-6.354906964448286,3.0449074985059035,-1.408717464259781,-0.06478254909165937,-2.2242174375569,1.065717624477066,-5.4522227685005005,2.773372656196408,-2.2839526373297474,-0.5592371679096901,-1,1,-1,1,-18,-18,-18,-18,-18,-18,-18,-18
1783308578.1056874,0.0,0.0,0.12,0.0,0.0,1,10.225092959257768,-10.225092959257768,10.225092959257768,-10.225092959257768,14.25,-10.039999961853027,16.579999923706055,-13.270000457763672,-4.024907040742232,-0.18509299740474106,-6.354906964448286,3.0449074985059035,-1.408717464259781,-0.06478254909165937,-2.2242174375569,1.065717624477066,-5.4884469318671805,2.7717068192197654,-2.341146800009782,-0.531833000423137,-1,1,-1,1,-18,-18,-18,-18,-18,-18,-18,-18
1783308578.1255896,0.0,0.0,0.12,0.0,0.0,1,10.225092959257768,-10.225092959257768,10.225092959257768,-10.225092959257768,14.25,-10.039999961853027,16.579999923706055,-13.270000457763672,-4.024907040742232,-0.18509299740474106,-6.354906964448286,3.0449074985059035,-1.408717464259781,-0.06478254909165937,-2.2242174375569,1.065717624477066,-5.5246710952338605,2.7700409822431227,-2.398340962689817,-0.5044288329365838,-1,1,-1,1,-18,-18,-18,-18,-18,-18,-18,-18
1783308578.1457167,0.0,0.0,0.12,0.0,0.0,1,10.225092959257768,-10.225092959257768,10.225092959257768,-10.225092959257768,13.829999923706055,-10.199999809265137,16.360000610351562,-11.779999732971191,-3.6049069644482863,-0.02509314999263168,-6.134907651093794,1.554906773713423,-1.2617174375569,-0.008782602497421087,-2.1472176778828276,0.544217370799698,-5.557115257913895,2.769815143893189,-2.453555131549661,-0.490434671973163,-1,1,-1,1,-18,-18,-18,-18,-18,-18,-18,-18
1783308578.1655881,0.0,0.0,0.12,0.0,0.0,1,10.225092959257768,-10.225092959257768,10.225092959257768,-10.225092959257768,13.829999923706055,-10.199999809265137,16.360000610351562,-11.779999732971191,-3.6049069644482863,-0.02509314999263168,-6.134907651093794,1.554906773713423,-1.2617174375569,-0.008782602497421087,-2.1472176778828276,0.544217370799698,-5.58955942059393,2.769589305543255,-2.5087693004095053,-0.47644051100974216,-1,1,-1,1,-18,-18,-18,-18,-18,-18,-18,-18
1783308578.1856883,0.0,0.0,0.12,0.0,0.0,1,10.225092959257768,-10.225092959257768,10.225092959257768,-10.225092959257768,14.430000305175781,-9.850000381469727,14.619999885559082,-11.1899995803833,-4.204907345918013,-0.37509257778804184,-4.394906926301314,0.9649066211255324,-1.4717175710713044,-0.13128240222581464,-1.5382174242054596,0.3377173173939363,-5.627403586707192,2.766213472343163,-2.5483234627462172,-0.46775635141961236,-1,1,-1,1,-18,-18,-18,-18,-18,-18,-18,-18
1783308578.2056844,0.0,0.0,0.0,0.0,0.0,0,0.0,0.0,0.0,0.0,14.430000305175781,-9.850000381469727,14.619999885559082,-11.1899995803833,-14.430000305175781,9.850000381469727,-14.619999885559082,11.1899995803833,-5.050500106811523,3.447500133514404,-5.116999959945678,3.916499853134155,0.0,0.0,0.0,0.0,-1,1,-1,1,0,0,0,0,0,0,0,0
1783308578.225571,0.0,0.0,0.0,0.0,0.0,0,0.0,0.0,0.0,0.0,14.430000305175781,-9.850000381469727,14.619999885559082,-11.1899995803833,-14.430000305175781,9.850000381469727,-14.619999885559082,11.1899995803833,-5.050500106811523,3.447500133514404,-5.116999959945678,3.916499853134155,0.0,0.0,0.0,0.0,-1,1,-1,1,0,0,0,0,0,0,0,0
1783308578.2455666,0.0,0.0,0.0,0.0,0.0,0,0.0,0.0,0.0,0.0,14.180000305175781,-10.520000457763672,14.3100004196167,-10.100000381469727,-14.180000305175781,10.520000457763672,-14.3100004196167,10.100000381469727,-4.963000106811523,3.6820001602172847,-5.0085001468658445,3.535000133514404,0.0,0.0,0.0,0.0,-1,1,-1,1,0,0,0,0,0,0,0,0
1783308578.2655625,0.0,0.0,0.0,0.0,0.0,0,0.0,0.0,0.0,0.0,14.180000305175781,-10.520000457763672,14.3100004196167,-10.100000381469727,-14.180000305175781,10.520000457763672,-14.3100004196167,10.100000381469727,-4.963000106811523,3.6820001602172847,-5.0085001468658445,3.535000133514404,0.0,0.0,0.0,0.0,-1,1,-1,1,0,0,0,0,0,0,0,0
1783308578.285668,0.0,0.0,0.0,0.0,0.0,0,0.0,0.0,0.0,0.0,12.869999885559082,-8.270000457763672,11.380000114440918,-7.070000171661377,-12.869999885559082,8.270000457763672,-11.380000114440918,7.070000171661377,-4.5044999599456785,2.894500160217285,-3.983000040054321,2.474500060081482,0.0,0.0,0.0,0.0,-1,1,-1,1,0,0,0,0,0,0,0,0
1783308578.3057249,0.0,0.0,0.12,0.0,0.0,1,10.225092959257768,-10.225092959257768,10.225092959257768,-10.225092959257768,12.869999885559082,-8.270000457763672,11.380000114440918,-7.070000171661377,-2.6449069263013136,-1.9550925014940965,-1.1549071551831496,-3.1550927875963914,-0.9257174242054597,-0.6842823755229337,-0.4042175043141023,-1.1042824756587368,-0.023804162336711822,-0.01759583251344687,-0.010394164396648347,-0.028395835088367526,-1,1,-1,1,-18,-18,-18,-18,-18,-19,-18,-19
1783308578.3256335,0.0,0.0,0.12,0.0,0.0,1,10.225092959257768,-10.225092959257768,10.225092959257768,-10.225092959257768,12.869999885559082,-8.270000457763672,11.380000114440918,-7.070000171661377,-2.6449069263013136,-1.9550925014940965,-1.1549071551831496,-3.1550927875963914,-0.9257174242054597,-0.6842823755229337,-0.4042175043141023,-1.1042824756587368,-0.047608324673423644,-0.03519166502689374,-0.020788328793296694,-0.05679167017673505,-1,1,-1,1,-18,-18,-18,-18,-18,-19,-18,-19
1783308578.3456664,0.0,0.0,0.12,0.0,0.0,1,10.225092959257768,-10.225092959257768,10.225092959257768,-10.225092959257768,9.229999542236328,-5.559999942779541,7.960000038146973,-4.489999771118164,0.9950934170214403,-4.665093016478227,2.2650929211107957,-5.735093188139604,0.34828269595750405,-1.6327825557673794,0.7927825223887784,-2.0072826158488613,-0.038652483920230685,-0.07717750217519778,-0.00040249250329953135,-0.10840750886999148,-1,1,-1,1,-18,-18,-18,-18,-18,-20,-19,-20
1783308578.365567,0.0,0.0,0.0,0.0,0.0,0,0.0,0.0,0.0,0.0,9.229999542236328,-5.559999942779541,7.960000038146973,-4.489999771118164,-9.229999542236328,5.559999942779541,-7.960000038146973,4.489999771118164,-3.2304998397827145,1.9459999799728391,-2.7860000133514404,1.5714999198913573,0.0,0.0,0.0,0.0,-1,1,-1,1,0,0,0,0,0,0,0,0
1783308578.3856533,0.0,0.0,0.0,0.0,0.0,0,0.0,0.0,0.0,0.0,7.369999885559082,-4.349999904632568,6.929999828338623,-3.369999885559082,-7.369999885559082,4.349999904632568,-6.929999828338623,3.369999885559082,-2.5794999599456787,1.5224999666213987,-2.425499939918518,1.1794999599456786,0.0,0.0,0.0,0.0,-1,1,-1,1,0,0,0,0,0,0,0,0
1783308578.4055898,0.0,0.0,0.0,0.0,0.0,0,0.0,0.0,0.0,0.0,7.369999885559082,-4.349999904632568,6.929999828338623,-3.369999885559082,-7.369999885559082,4.349999904632568,-6.929999828338623,3.369999885559082,-2.5794999599456787,1.5224999666213987,-2.425499939918518,1.1794999599456786,0.0,0.0,0.0,0.0,-1,1,-1,1,0,0,0,0,0,0,0,0
1783308578.4257329,0.0,0.0,0.0,0.0,0.0,0,0.0,0.0,0.0,0.0,7.369999885559082,-4.349999904632568,6.929999828338623,-3.369999885559082,-7.369999885559082,4.349999904632568,-6.929999828338623,3.369999885559082,-2.5794999599456787,1.5224999666213987,-2.425499939918518,1.1794999599456786,0.0,0.0,0.0,0.0,-1,1,-1,1,0,0,0,0,0,0,0,0
1783308578.4455578,0.0,0.0,0.0,0.0,0.0,0,0.0,0.0,0.0,0.0,5.610000133514404,-3.5,4.849999904632568,-2.359999895095825,-5.610000133514404,3.5,-4.849999904632568,2.359999895095825,-1.9635000467300414,1.2249999999999999,-1.6974999666213988,0.8259999632835388,0.0,0.0,0.0,0.0,-1,1,-1,1,0,0,0,0,0,0,0,0
1783308578.4656017,0.0,0.0,0.12,0.0,0.0,1,10.225092959257768,-10.225092959257768,10.225092959257768,-10.225092959257768,5.610000133514404,-3.5,4.849999904632568,-2.359999895095825,4.615092825743364,-6.725092959257768,5.3750930546252,-7.865093064161943,1.6152824890101773,-2.3537825357402187,1.88128256911882,-2.75278257245668,0.04153583543169028,-0.06052583663331992,0.0483758374916268,-0.07078583757745749,-1,1,-1,1,-18,-18,-18,-18,-20,-20,-20,-21
1783308578.4857929,0.0,0.0,0.12,0.0,0.0,1,10.225092959257768,-10.225092959257768,10.225092959257768,-10.225092959257768,3.930000066757202,-2.450000047683716,3.4000000953674316,-1.649999976158142,6.295092892500566,-7.775092911574053,6.825092863890337,-8.575092983099626,2.203282512375198,-2.7212825190509182,2.3887825023616176,-3.001282544084869,0.09819167146419538,-0.1305016728374864,0.10980167326663984,-0.14796167442535413,-1,1,-1,1,-18,-18,-18,-18,-20,-21,-20,-21
1783308578.5055852,0.0,0.0,0.0,0.0,0.0,0,0.0,0.0,0.0,0.0,3.930000066757202,-2.450000047683716,3.4000000953674316,-1.649999976158142,-3.930000066757202,2.450000047683716,-3.4000000953674316,1.649999976158142,-1.3755000233650208,0.8575000166893005,-1.190000033378601,0.5774999916553497,0.0,0.0,0.0,0.0,-1,1,-1,1,0,0,0,0,0,0,0,0
1783308578.5255964,0.0,0.0,0.0,0.0,0.0,0,0.0,0.0,0.0,0.0,3.930000066757202,-2.450000047683716,3.4000000953674316,-1.649999976158142,-3.930000066757202,2.450000047683716,-3.4000000953674316,1.649999976158142,-1.3755000233650208,0.8575000166893005,-1.190000033378601,0.5774999916553497,0.0,0.0,0.0,0.0,-1,1,-1,1,0,0,0,0,0,0,0,0
1783308578.5455945,0.0,0.0,0.0,0.0,0.0,0,0.0,0.0,0.0,0.0,3.430000066757202,-2.1700000762939453,2.8299999237060547,-1.3799999952316284,-3.430000066757202,2.1700000762939453,-2.8299999237060547,1.3799999952316284,-1.2005000233650207,0.7595000267028809,-0.990499973297119,0.48299999833106994,0.0,0.0,0.0,0.0,-1,1,-1,1,0,0,0,0,0,0,0,0
1783308578.5655987,0.0,0.0,0.0,0.0,0.0,0,0.0,0.0,0.0,0.0,3.430000066757202,-2.1700000762939453,2.8299999237060547,-1.3799999952316284,-3.430000066757202,2.1700000762939453,-2.8299999237060547,1.3799999952316284,-1.2005000233650207,0.7595000267028809,-0.990499973297119,0.48299999833106994,0.0,0.0,0.0,0.0,-1,1,-1,1,0,0,0,0,0,0,0,0
1783308578.5857363,0.0,0.0,0.0,0.0,0.0,0,0.0,0.0,0.0,0.0,2.630000114440918,-1.7400000095367432,1.7599999904632568,-0.9700000286102295,-2.630000114440918,1.7400000095367432,-1.7599999904632568,0.9700000286102295,-0.9205000400543212,0.6090000033378601,-0.6159999966621399,0.3395000100135803,0.0,0.0,0.0,0.0,-1,1,-1,1,0,0,0,0,0,0,0,0
1783308578.6055832,0.0,0.0,0.0,0.0,0.0,0,0.0,0.0,0.0,0.0,2.630000114440918,-1.7400000095367432,1.7599999904632568,-0.9700000286102295,-2.630000114440918,1.7400000095367432,-1.7599999904632568,0.9700000286102295,-0.9205000400543212,0.6090000033378601,-0.6159999966621399,0.3395000100135803,0.0,0.0,0.0,0.0,-1,1,-1,1,0,0,0,0,0,0,0,0
1783308578.6256073,0.0,0.0,0.12,0.0,0.0,1,10.225092959257768,-10.225092959257768,10.225092959257768,-10.225092959257768,2.630000114440918,-1.7400000095367432,1.7599999904632568,-0.9700000286102295,7.59509284481685,-8.485092949721025,8.465092968794512,-9.255092930647539,2.6582824956858975,-2.9697825324023586,2.962782539078079,-3.2392825257266384,0.06835583560335166,-0.07636583654748923,0.07618583671915061,-0.08329583637582787,-1,1,-1,1,-18,-18,-18,-18,-21,-21,-21,-21
1783308578.6456053,0.0,0.0,0.12,0.0,0.0,1,10.225092959257768,-10.225092959257768,10.225092959257768,-10.225092959257768,1.840000033378601,-1.2200000286102295,1.2300000190734863,-0.6800000071525574,8.385092925879167,-9.005092930647539,8.995092940184282,-9.545092952105211,2.9347825240577086,-3.1517825257266385,3.1482825290644985,-3.3407825332368235,0.14382167193626416,-0.1574116729233171,0.15714167318080915,-0.16920167294477478,-1,1,-1,1,-18,-18,-18,-18,-21,-21,-21,-22
1783308578.6657476,0.0,0.0,0.0,0.0,0.0,0,0.0,0.0,0.0,0.0,1.840000033378601,-1.2200000286102295,1.2300000190734863,-0.6800000071525574,-1.840000033378601,1.2200000286102295,-1.2300000190734863,0.6800000071525574,-0.6440000116825103,0.4270000100135803,-0.4305000066757202,0.23800000250339506,0.0,0.0,0.0,0.0,-1,1,-1,1,0,0,0,0,0,0,0,0
1783308578.6856444,0.0,0.0,0.0,0.0,0.0,0,0.0,0.0,0.0,0.0,1.7400000095367432,-1.309999942779541,1.090000033378601,-0.699999988079071,-1.7400000095367432,1.309999942779541,-1.090000033378601,0.699999988079071,-0.6090000033378601,0.4584999799728393,-0.38150001168251035,0.24499999582767484,0.0,0.0,0.0,0.0,-1,1,-1,1,0,0,0,0,0,0,0,0
1783308578.7056878,0.0,0.0,0.0,0.0,0.0,0,0.0,0.0,0.0,0.0,1.7400000095367432,-1.309999942779541,1.090000033378601,-0.699999988079071,-1.7400000095367432,1.309999942779541,-1.090000033378601,0.699999988079071,-0.6090000033378601,0.4584999799728393,-0.38150001168251035,0.24499999582767484,0.0,0.0,0.0,0.0,-1,1,-1,1,0,0,0,0,0,0,0,0
1783308578.7256875,0.0,0.0,0.0,0.0,0.0,0,0.0,0.0,0.0,0.0,1.7400000095367432,-1.309999942779541,1.090000033378601,-0.699999988079071,-1.7400000095367432,1.309999942779541,-1.090000033378601,0.699999988079071,-0.6090000033378601,0.4584999799728393,-0.38150001168251035,0.24499999582767484,0.0,0.0,0.0,0.0,-1,1,-1,1,0,0,0,0,0,0,0,0
1783308578.7455962,0.0,0.0,0.0,0.0,0.0,0,0.0,0.0,0.0,0.0,1.6699999570846558,-1.3700000047683716,0.9900000095367432,-0.49000000953674316,-1.6699999570846558,1.3700000047683716,-0.9900000095367432,0.49000000953674316,-0.5844999849796295,0.47950000166893003,-0.3465000033378601,0.17150000333786009,0.0,0.0,0.0,0.0,-1,1,-1,1,0,0,0,0,0,0,0,0
1783308578.765573,0.0,0.0,0.0,0.0,0.0,0,0.0,0.0,0.0,0.0,1.6699999570846558,-1.3700000047683716,0.9900000095367432,-0.49000000953674316,-1.6699999570846558,1.3700000047683716,-0.9900000095367432,0.49000000953674316,-0.5844999849796295,0.47950000166893003,-0.3465000033378601,0.17150000333786009,0.0,0.0,0.0,0.0,-1,1,-1,1,0,0,0,0,0,0,0,0
1783308578.7856846,0.0,0.0,0.12,0.0,0.0,1,10.225092959257768,-10.225092959257768,10.225092959257768,-10.225092959257768,1.1699999570846558,-0.9599999785423279,0.6899999976158142,-0.3400000035762787,9.055093002173113,-9.26509298071544,9.535092961641954,-9.88509295568149,3.169282550760589,-3.242782543250404,3.337282536574684,-3.459782534488521,0.08149583701955802,-0.08338583682643896,0.08581583665477759,-0.08896583660113341,-1,1,-1,1,-18,-18,-18,-18,-21,-21,-21,-22
1783308578.8055978,0.0,0.0,0.12,0.0,0.0,1,10.225092959257768,-10.225092959257768,10.225092959257768,-10.225092959257768,1.1699999570846558,-0.9599999785423279,0.6899999976158142,-0.3400000035762787,9.055093002173113,-9.26509298071544,9.535092961641954,-9.88509295568149,3.169282550760589,-3.242782543250404,3.337282536574684,-3.459782534488521,0.16299167403911605,-0.16677167365287793,0.17163167330955517,-0.17793167320226683,-1,1,-1,1,-18,-18,-18,-18,-21,-21,-22,-22
1783308578.825578,0.0,0.0,0.0,0.0,0.0,0,0.0,0.0,0.0,0.0,1.1699999570846558,-0.9599999785423279,0.6899999976158142,-0.3400000035762787,-1.1699999570846558,0.9599999785423279,-0.6899999976158142,0.3400000035762787,-0.40949998497962947,0.3359999924898147,-0.24149999916553497,0.11900000125169753,0.0,0.0,0.0,0.0,-1,1,-1,1,0,0,0,0,0,0,0,0
1783308578.8455877,0.0,0.0,0.0,0.0,0.0,0,0.0,0.0,0.0,0.0,0.8199999928474426,-0.8999999761581421,0.47999998927116394,-0.4699999988079071,-0.8199999928474426,0.8999999761581421,-0.47999998927116394,0.4699999988079071,-0.2869999974966049,0.3149999916553497,-0.16799999624490736,0.16449999958276748,0.0,0.0,0.0,0.0,-1,1,-1,1,0,0,0,0,0,0,0,0
1783308578.865578,0.0,0.0,0.0,0.0,0.0,0,0.0,0.0,0.0,0.0,0.8199999928474426,-0.8999999761581421,0.47999998927116394,-0.4699999988079071,-0.8199999928474426,0.8999999761581421,-0.47999998927116394,0.4699999988079071,-0.2869999974966049,0.3149999916553497,-0.16799999624490736,0.16449999958276748,0.0,0.0,0.0,0.0,-1,1,-1,1,0,0,0,0,0,0,0,0
1783308578.8856382,0.0,0.0,0.0,0.0,0.0,0,0.0,0.0,0.0,0.0,0.800000011920929,-1.0800000429153442,0.3400000035762787,-0.550000011920929,-0.800000011920929,1.0800000429153442,-0.3400000035762787,0.550000011920929,-0.2800000041723251,0.37800001502037045,-0.11900000125169753,0.19250000417232513,0.0,0.0,0.0,0.0,-1,1,-1,1,0,0,0,0,0,0,0,0
1783308578.905647,0.0,0.0,0.0,0.0,0.0,0,0.0,0.0,0.0,0.0,0.800000011920929,-1.0800000429153442,0.3400000035762787,-0.550000011920929,-0.800000011920929,1.0800000429153442,-0.3400000035762787,0.550000011920929,-0.2800000041723251,0.37800001502037045,-0.11900000125169753,0.19250000417232513,0.0,0.0,0.0,0.0,-1,1,-1,1,0,0,0,0,0,0,0,0
1783308578.925589,0.0,0.0,0.0,0.0,0.0,0,0.0,0.0,0.0,0.0,0.800000011920929,-1.0800000429153442,0.3400000035762787,-0.550000011920929,-0.800000011920929,1.0800000429153442,-0.3400000035762787,0.550000011920929,-0.2800000041723251,0.37800001502037045,-0.11900000125169753,0.19250000417232513,0.0,0.0,0.0,0.0,-1,1,-1,1,0,0,0,0,0,0,0,0
1783308578.9457893,0.0,0.0,0.12,0.0,0.0,1,10.225092959257768,-10.225092959257768,10.225092959257768,-10.225092959257768,0.5600000023841858,-0.7599999904632568,0.23999999463558197,-0.38999998569488525,9.665092956873583,-9.465092968794512,9.985092964622186,-9.835092973562883,3.3827825349057536,-3.312782539078079,3.4947825376177653,-3.442282540747009,0.08698583661186225,-0.0851858367191506,0.08986583668159968,-0.08851583676206595,-1,1,-1,1,-18,-18,-18,-18,-21,-21,-22,-22
1783308578.9656062,0.0,0.0,0.12,0.0,0.0,1,10.225092959257768,-10.225092959257768,10.225092959257768,-10.225092959257768,0.5600000023841858,-0.7599999904632568,0.23999999463558197,-0.38999998569488525,9.665092956873583,-9.465092968794512,9.985092964622186,-9.835092973562883,3.3827825349057536,-3.312782539078079,3.4947825376177653,-3.442282540747009,0.1739716732237245,-0.1703716734383012,0.17973167336319937,-0.1770316735241319,-1,1,-1,1,-18,-18,-18,-18,-22,-21,-22,-22
1783308578.985644,0.0,0.0,0.0,0.0,0.0,0,0.0,0.0,0.0,0.0,0.6200000047683716,-0.7599999904632568,0.38999998569488525,-0.27000001072883606,-0.6200000047683716,0.7599999904632568,-0.38999998569488525,0.27000001072883606,-0.21700000166893005,0.26599999666213986,-0.13649999499320983,0.09450000375509261,0.0,0.0,0.0,0.0,-1,1,-1,1,0,0,0,0,0,0,0,0
1783308579.005656,0.0,0.0,0.0,0.0,0.0,0,0.0,0.0,0.0,0.0,0.6200000047683716,-0.7599999904632568,0.38999998569488525,-0.27000001072883606,-0.6200000047683716,0.7599999904632568,-0.38999998569488525,0.27000001072883606,-0.21700000166893005,0.26599999666213986,-0.13649999499320983,0.09450000375509261,0.0,0.0,0.0,0.0,-1,1,-1,1,0,0,0,0,0,0,0,0
1783308579.0255904,0.0,0.0,0.0,0.0,0.0,0,0.0,0.0,0.0,0.0,0.6200000047683716,-0.7599999904632568,0.38999998569488525,-0.27000001072883606,-0.6200000047683716,0.7599999904632568,-0.38999998569488525,0.27000001072883606,-0.21700000166893005,0.26599999666213986,-0.13649999499320983,0.09450000375509261,0.0,0.0,0.0,0.0,-1,1,-1,1,0,0,0,0,0,0,0,0
1783308579.0455852,0.0,0.0,0.0,0.0,0.0,0,0.0,0.0,0.0,0.0,0.8899999856948853,-1.4299999475479126,0.27000001072883606,-0.6399999856948853,-0.8899999856948853,1.4299999475479126,-0.27000001072883606,0.6399999856948853,-0.3114999949932098,0.5004999816417693,-0.09450000375509261,0.22399999499320983,0.0,0.0,0.0,0.0,-1,1,-1,1,0,0,0,0,0,0,0,0
1783308579.0655966,0.0,0.0,0.0,0.0,0.0,0,0.0,0.0,0.0,0.0,0.8899999856948853,-1.4299999475479126,0.27000001072883606,-0.6399999856948853,-0.8899999856948853,1.4299999475479126,-0.27000001072883606,0.6399999856948853,-0.3114999949932098,0.5004999816417693,-0.09450000375509261,0.22399999499320983,0.0,0.0,0.0,0.0,-1,1,-1,1,0,0,0,0,0,0,0,0
1783308579.085614,0.0,0.0,0.0,0.0,0.0,0,0.0,0.0,0.0,0.0,0.6200000047683716,-1.0,0.1899999976158142,-0.44999998807907104,-0.6200000047683716,1.0,-0.1899999976158142,0.44999998807907104,-0.21700000166893005,0.35,-0.06649999916553496,0.15749999582767485,0.0,0.0,0.0,0.0,-1,1,-1,1,0,0,0,0,0,0,0,0
1783308579.1055923,0.0,0.0,0.12,0.0,0.0,1,10.225092959257768,-10.225092959257768,10.225092959257768,-10.225092959257768,0.6200000047683716,-1.0,0.1899999976158142,-0.44999998807907104,9.605092954489397,-9.225092959257768,10.035092961641954,-9.775092971178697,3.361782534071289,-3.2287825357402187,3.5122825365746837,-3.4212825399125437,0.08644583659040457,-0.08302583663331993,0.09031583665477759,-0.08797583674060828,-1,1,-1,1,-18,-18,-18,-18,-21,-21,-22,-22
1783308579.1256027,0.0,0.0,0.12,0.0,0.0,1,10.225092959257768,-10.225092959257768,10.225092959257768,-10.225092959257768,0.6200000047683716,-1.0,0.1899999976158142,-0.44999998807907104,9.605092954489397,-9.225092959257768,10.035092961641954,-9.775092971178697,3.361782534071289,-3.2287825357402187,3.5122825365746837,-3.4212825399125437,0.17289167318080914,-0.16605167326663986,0.18063167330955518,-0.17595167348121657,-1,1,-1,1,-18,-18,-18,-18,-22,-21,-22,-22
1783308579.1456115,0.0,0.0,0.0,0.0,0.0,0,0.0,0.0,0.0,0.0,0.4300000071525574,-0.699999988079071,0.12999999523162842,-0.3100000023841858,-0.4300000071525574,0.699999988079071,-0.12999999523162842,0.3100000023841858,-0.15050000250339507,0.24499999582767484,-0.04549999833106994,0.10850000083446502,0.0,0.0,0.0,0.0,-1,1,-1,1,0,0,0,0,0,0,0,0
1783308579.1655786,0.0,0.0,0.0,0.0,0.0,0,0.0,0.0,0.0,0.0,0.4300000071525574,-0.699999988079071,0.12999999523162842,-0.3100000023841858,-0.4300000071525574,0.699999988079071,-0.12999999523162842,0.3100000023841858,-0.15050000250339507,0.24499999582767484,-0.04549999833106994,0.10850000083446502,0.0,0.0,0.0,0.0,-1,1,-1,1,0,0,0,0,0,0,0,0
1783308579.185664,0.0,0.0,0.0,0.0,0.0,0,0.0,0.0,0.0,0.0,0.9800000190734863,-1.1699999570846558,0.09000000357627869,-0.6700000166893005,-0.9800000190734863,1.1699999570846558,-0.09000000357627869,0.6700000166893005,-0.34300000667572017,0.40949998497962947,-0.03150000125169754,0.23450000584125516,0.0,0.0,0.0,0.0,-1,1,-1,1,0,0,0,0,0,0,0,0
1783308579.205601,0.0,0.0,0.0,0.0,0.0,0,0.0,0.0,0.0,0.0,0.9800000190734863,-1.1699999570846558,0.09000000357627869,-0.6700000166893005,-0.9800000190734863,1.1699999570846558,-0.09000000357627869,0.6700000166893005,-0.34300000667572017,0.40949998497962947,-0.03150000125169754,0.23450000584125516,0.0,0.0,0.0,0.0,-1,1,-1,1,0,0,0,0,0,0,0,0
1783308579.2256553,0.0,0.0,0.0,0.0,0.0,0,0.0,0.0,0.0,0.0,0.9800000190734863,-1.1699999570846558,0.09000000357627869,-0.6700000166893005,-0.9800000190734863,1.1699999570846558,-0.09000000357627869,0.6700000166893005,-0.34300000667572017,0.40949998497962947,-0.03150000125169754,0.23450000584125516,0.0,0.0,0.0,0.0,-1,1,-1,1,0,0,0,0,0,0,0,0
1783308579.245595,0.0,0.0,0.0,0.0,0.0,0,0.0,0.0,0.0,0.0,0.46000000834465027,-0.8199999928474426,0.07000000029802322,-0.4699999988079071,-0.46000000834465027,0.8199999928474426,-0.07000000029802322,0.4699999988079071,-0.16100000292062758,0.2869999974966049,-0.024500000104308126,0.16449999958276748,0.0,0.0,0.0,0.0,-1,1,-1,1,0,0,0,0,0,0,0,0
1783308579.2656026,0.0,0.0,0.0,0.0,0.0,0,0.0,0.0,0.0,0.0,0.46000000834465027,-0.8199999928474426,0.07000000029802322,-0.4699999988079071,-0.46000000834465027,0.8199999928474426,-0.07000000029802322,0.4699999988079071,-0.16100000292062758,0.2869999974966049,-0.024500000104308126,0.16449999958276748,0.0,0.0,0.0,0.0,-1,1,-1,1,0,0,0,0,0,0,0,0
1783308579.2856965,0.0,0.0,0.12,0.0,0.0,1,10.225092959257768,-10.225092959257768,10.225092959257768,-10.225092959257768,0.3199999928474426,-0.5699999928474426,0.05000000074505806,-0.33000001311302185,9.905092966410326,-9.655092966410326,10.17509295851271,-9.895092946144747,3.466782538243614,-3.379282538243614,3.561282535479448,-3.463282531150661,0.08914583669769292,-0.08689583669769294,0.09157583662661439,-0.08905583651530272,-1,1,-1,1,-18,-18,-18,-18,-22,-21,-22,-22
1783308579.3055935,0.0,0.0,0.12,0.0,0.0,1,10.225092959257768,-10.225092959257768,10.225092959257768,-10.225092959257768,0.3199999928474426,-0.5699999928474426,0.05000000074505806,-0.33000001311302185,9.905092966410326,-9.655092966410326,10.17509295851271,-9.895092946144747,3.466782538243614,-3.379282538243614,3.561282535479448,-3.463282531150661,0.17829167339538585,-0.17379167339538587,0.18315167325322879,-0.17811167303060543,-1,1,-1,1,-18,-18,-18,-18,-22,-22,-22,-22
1783308579.325683,0.0,0.0,0.0,0.0,0.0,0,0.0,0.0,0.0,0.0,0.3199999928474426,-0.5699999928474426,0.05000000074505806,-0.33000001311302185,-0.3199999928474426,0.5699999928474426,-0.05000000074505806,0.33000001311302185,-0.11199999749660491,0.1994999974966049,-0.01750000026077032,0.11550000458955764,0.0,0.0,0.0,0.0,-1,1,-1,1,0,0,0,0,0,0,0,0
1783308579.345595,0.0,0.0,0.0,0.0,0.0,0,0.0,0.0,0.0,0.0,0.44999998807907104,-0.6299999952316284,0.25999999046325684,-0.46000000834465027,-0.44999998807907104,0.6299999952316284,-0.25999999046325684,0.46000000834465027,-0.15749999582767485,0.22049999833106992,-0.09099999666213988,0.16100000292062758,0.0,0.0,0.0,0.0,-1,1,-1,1,0,0,0,0,0,0,0,0
1783308579.3656683,0.0,0.0,0.0,0.0,0.0,0,0.0,0.0,0.0,0.0,0.44999998807907104,-0.6299999952316284,0.25999999046325684,-0.46000000834465027,-0.44999998807907104,0.6299999952316284,-0.25999999046325684,0.46000000834465027,-0.15749999582767485,0.22049999833106992,-0.09099999666213988,0.16100000292062758,0.0,0.0,0.0,0.0,-1,1,-1,1,0,0,0,0,0,0,0,0
1783308579.3856397,0.0,0.0,0.0,0.0,0.0,0,0.0,0.0,0.0,0.0,0.3199999928474426,-0.6700000166893005,-0.05000000074505806,-0.550000011920929,-0.3199999928474426,0.6700000166893005,0.05000000074505806,0.550000011920929,-0.11199999749660491,0.23450000584125516,0.01750000026077032,0.19250000417232513,0.0,0.0,0.0,0.0,-1,1,-1,1,0,0,0,0,0,0,0,0
1783308579.4056082,0.0,0.0,0.0,0.0,0.0,0,0.0,0.0,0.0,0.0,0.3199999928474426,-0.6700000166893005,-0.05000000074505806,-0.550000011920929,-0.3199999928474426,0.6700000166893005,0.05000000074505806,0.550000011920929,-0.11199999749660491,0.23450000584125516,0.01750000026077032,0.19250000417232513,0.0,0.0,0.0,0.0,-1,1,-1,1,0,0,0,0,0,0,0,0
1783308579.4255767,0.0,0.0,0.0,0.0,0.0,0,0.0,0.0,0.0,0.0,0.3199999928474426,-0.6700000166893005,-0.05000000074505806,-0.550000011920929,-0.3199999928474426,0.6700000166893005,0.05000000074505806,0.550000011920929,-0.11199999749660491,0.23450000584125516,0.01750000026077032,0.19250000417232513,0.0,0.0,0.0,0.0,-1,1,-1,1,0,0,0,0,0,0,0,0
1783308579.4455552,0.0,0.0,0.0,0.0,0.0,0,0.0,0.0,0.0,0.0,0.2199999988079071,-0.4699999988079071,-0.029999999329447746,-0.3799999952316284,-0.2199999988079071,0.4699999988079071,0.029999999329447746,0.3799999952316284,-0.07699999958276749,0.16449999958276748,0.01049999976530671,0.13299999833106993,0.0,0.0,0.0,0.0,-1,1,-1,1,0,0,0,0,0,0,0,0
1783308579.4657013,0.0,0.0,0.12,0.0,0.0,1,10.225092959257768,-10.225092959257768,10.225092959257768,-10.225092959257768,0.2199999988079071,-0.4699999988079071,-0.029999999329447746,-0.3799999952316284,10.005092960449861,-9.755092960449861,10.255092958587216,-9.84509296402614,3.5017825361574513,-3.4142825361574514,3.5892825355055256,-3.4457825374091486,0.09004583664404876,-0.08779583664404875,0.09229583662728494,-0.08860583667623527,-1,1,-1,1,-18,-18,-18,-18,-22,-22,-22,-22
1783308579.4856634,0.0,0.0,0.12,0.0,0.0,1,10.225092959257768,-10.225092959257768,10.225092959257768,-10.225092959257768,0.1599999964237213,-0.33000001311302185,-0.019999999552965164,-0.27000001072883606,10.065092962834047,-9.895092946144747,10.245092958810734,-9.955092948528932,3.522782536991916,-3.463282531150661,3.5857825355837565,-3.484282531985126,0.1806316733095552,-0.17685167315935146,0.18450167325658157,-0.17820167321299568,-1,1,-1,1,-18,-18,-18,-18,-22,-22,-22,-22
1783308579.505582,0.0,0.0,0.0,0.0,0.0,0,0.0,0.0,0.0,0.0,0.1599999964237213,-0.33000001311302185,-0.019999999552965164,-0.27000001072883606,-0.1599999964237213,0.33000001311302185,0.019999999552965164,0.27000001072883606,-0.05599999874830246,0.11550000458955764,0.006999999843537807,0.09450000375509261,0.0,0.0,0.0,0.0,-1,1,-1,1,0,0,0,0,0,0,0,0
1783308579.5255687,0.0,0.0,0.0,0.0,0.0,0,0.0,0.0,0.0,0.0,0.1599999964237213,-0.33000001311302185,-0.019999999552965164,-0.27000001072883606,-0.1599999964237213,0.33000001311302185,0.019999999552965164,0.27000001072883606,-0.05599999874830246,0.11550000458955764,0.006999999843537807,0.09450000375509261,0.0,0.0,0.0,0.0,-1,1,-1,1,0,0,0,0,0,0,0,0
1783308579.5455837,0.0,0.0,0.0,0.0,0.0,0,0.0,0.0,0.0,0.0,0.3400000035762787,-0.6800000071525574,0.20999999344348907,-0.4099999964237213,-0.3400000035762787,0.6800000071525574,-0.20999999344348907,0.4099999964237213,-0.11900000125169753,0.23800000250339506,-0.07349999770522117,0.14349999874830244,0.0,0.0,0.0,0.0,-1,1,-1,1,0,0,0,0,0,0,0,0
1783308579.565586,0.0,0.0,0.0,0.0,0.0,0,0.0,0.0,0.0,0.0,0.3400000035762787,-0.6800000071525574,0.20999999344348907,-0.4099999964237213,-0.3400000035762787,0.6800000071525574,-0.20999999344348907,0.4099999964237213,-0.11900000125169753,0.23800000250339506,-0.07349999770522117,0.14349999874830244,0.0,0.0,0.0,0.0,-1,1,-1,1,0,0,0,0,0,0,0,0
1783308579.5858192,0.0,0.0,0.0,0.0,0.0,0,0.0,0.0,0.0,0.0,-0.2199999988079071,-0.47999998927116394,-0.07999999821186066,-0.28999999165534973,0.2199999988079071,0.47999998927116394,0.07999999821186066,0.28999999165534973,0.07699999958276749,0.16799999624490736,0.02799999937415123,0.1014999970793724,0.0,0.0,0.0,0.0,-1,1,-1,1,0,0,0,0,0,0,0,0
1783308579.6056588,0.0,0.0,0.0,0.0,0.0,0,0.0,0.0,0.0,0.0,-0.2199999988079071,-0.47999998927116394,-0.07999999821186066,-0.28999999165534973,0.2199999988079071,0.47999998927116394,0.07999999821186066,0.28999999165534973,0.07699999958276749,0.16799999624490736,0.02799999937415123,0.1014999970793724,0.0,0.0,0.0,0.0,-1,1,-1,1,0,0,0,0,0,0,0,0
1783308579.625585,0.0,0.0,0.0,0.0,0.0,0,0.0,0.0,0.0,0.0,-0.2199999988079071,-0.47999998927116394,-0.07999999821186066,-0.28999999165534973,0.2199999988079071,0.47999998927116394,0.07999999821186066,0.28999999165534973,0.07699999958276749,0.16799999624490736,0.02799999937415123,0.1014999970793724,0.0,0.0,0.0,0.0,-1,1,-1,1,0,0,0,0,0,0,0,0
1783308579.6456094,0.0,0.0,0.12,0.0,0.0,1,10.225092959257768,-10.225092959257768,10.225092959257768,-10.225092959257768,-0.15000000596046448,-0.33000001311302185,-0.05999999865889549,-0.20000000298023224,10.375092965218233,-9.895092946144747,10.285092957916664,-10.025092956277536,3.6312825378263813,-3.463282531150661,3.599782535270832,-3.5087825346971373,0.09337583668696411,-0.08905583651530272,0.09256583662124998,-0.09022583660649783,-1,1,-1,1,-18,-18,-18,-18,-22,-22,-22,-22
1783308579.665601,0.0,0.0,0.12,0.0,0.0,1,10.225092959257768,-10.225092959257768,10.225092959257768,-10.225092959257768,-0.15000000596046448,-0.33000001311302185,-0.05999999865889549,-0.20000000298023224,10.375092965218233,-9.895092946144747,10.285092957916664,-10.025092956277536,3.6312825378263813,-3.463282531150661,3.599782535270832,-3.5087825346971373,0.18675167337392823,-0.17811167303060543,0.18513167324249996,-0.18045167321299566,-1,1,-1,1,-18,-18,-18,-18,-22,-22,-22,-22
1783308579.685761,0.0,0.0,0.0,0.0,0.0,0,0.0,0.0,0.0,0.0,0.11999999731779099,-0.46000000834465027,0.1899999976158142,-0.3700000047683716,-0.11999999731779099,0.46000000834465027,-0.1899999976158142,0.3700000047683716,-0.04199999906122684,0.16100000292062758,-0.06649999916553496,0.12950000166893005,0.0,0.0,0.0,0.0,-1,1,-1,1,0,0,0,0,0,0,0,0
1783308579.7056718,0.0,0.0,0.0,0.0,0.0,0,0.0,0.0,0.0,0.0,0.11999999731779099,-0.46000000834465027,0.1899999976158142,-0.3700000047683716,-0.11999999731779099,0.46000000834465027,-0.1899999976158142,0.3700000047683716,-0.04199999906122684,0.16100000292062758,-0.06649999916553496,0.12950000166893005,0.0,0.0,0.0,0.0,-1,1,-1,1,0,0,0,0,0,0,0,0
1783308579.7255797,0.0,0.0,0.0,0.0,0.0,0,0.0,0.0,0.0,0.0,0.11999999731779099,-0.46000000834465027,0.1899999976158142,-0.3700000047683716,-0.11999999731779099,0.46000000834465027,-0.1899999976158142,0.3700000047683716,-0.04199999906122684,0.16100000292062758,-0.06649999916553496,0.12950000166893005,0.0,0.0,0.0,0.0,-1,1,-1,1,0,0,0,0,0,0,0,0
1783308579.745588,0.0,0.0,0.0,0.0,0.0,0,0.0,0.0,0.0,0.0,0.07999999821186066,-0.550000011920929,0.12999999523162842,-0.47999998927116394,-0.07999999821186066,0.550000011920929,-0.12999999523162842,0.47999998927116394,-0.02799999937415123,0.19250000417232513,-0.04549999833106994,0.16799999624490736,0.0,0.0,0.0,0.0,-1,1,-1,1,0,0,0,0,0,0,0,0
1783308579.7655652,0.0,0.0,0.0,0.0,0.0,0,0.0,0.0,0.0,0.0,0.07999999821186066,-0.550000011920929,0.12999999523162842,-0.47999998927116394,-0.07999999821186066,0.550000011920929,-0.12999999523162842,0.47999998927116394,-0.02799999937415123,0.19250000417232513,-0.04549999833106994,0.16799999624490736,0.0,0.0,0.0,0.0,-1,1,-1,1,0,0,0,0,0,0,0,0
1783308579.7856534,0.0,0.0,0.0,0.0,0.0,0,0.0,0.0,0.0,0.0,-0.17000000178813934,-0.3799999952316284,-0.12999999523162842,-0.3400000035762787,0.17000000178813934,0.3799999952316284,0.12999999523162842,0.3400000035762787,0.059500000625848766,0.13299999833106993,0.04549999833106994,0.11900000125169753,0.0,0.0,0.0,0.0,-1,1,-1,1,0,0,0,0,0,0,0,0
1783308579.8055844,0.0,0.0,0.0,0.0,0.0,0,0.0,0.0,0.0,0.0,-0.17000000178813934,-0.3799999952316284,-0.12999999523162842,-0.3400000035762787,0.17000000178813934,0.3799999952316284,0.12999999523162842,0.3400000035762787,0.059500000625848766,0.13299999833106993,0.04549999833106994,0.11900000125169753,0.0,0.0,0.0,0.0,-1,1,-1,1,0,0,0,0,0,0,0,0
1783308579.8255963,0.0,0.0,0.12,0.0,0.0,1,10.225092959257768,-10.225092959257768,10.225092959257768,-10.225092959257768,-0.17000000178813934,-0.3799999952316284,-0.12999999523162842,-0.3400000035762787,10.395092961045908,-9.84509296402614,10.355092954489397,-9.88509295568149,3.6382825363660674,-3.4457825374091486,3.6242825340712885,-3.459782534488521,0.09355583664941318,-0.08860583667623527,0.09319583659040458,-0.08896583660113341,-1,1,-1,1,-18,-18,-18,-18,-22,-22,-22,-22
1783308579.8456888,0.0,0.0,0.12,0.0,0.0,1,10.225092959257768,-10.225092959257768,10.225092959257768,-10.225092959257768,-0.11999999731779099,-0.27000001072883606,-0.09000000357627869,-0.23999999463558197,10.34509295657556,-9.955092948528932,10.315092962834047,-9.985092964622186,3.6207825348014455,-3.484282531985126,3.610282536991916,-3.4947825376177653,0.18666167325859323,-0.17820167321299568,0.186031673255911,-0.17883167328273308,-1,1,-1,1,-18,-18,-18,-18,-22,-22,-22,-22
1783308579.865582,0.0,0.0,0.0,0.0,0.0,0,0.0,0.0,0.0,0.0,-0.11999999731779099,-0.27000001072883606,-0.09000000357627869,-0.23999999463558197,0.11999999731779099,0.27000001072883606,0.09000000357627869,0.23999999463558197,0.04199999906122684,0.09450000375509261,0.03150000125169754,0.08399999812245368,0.0,0.0,0.0,0.0,-1,1,-1,1,0,0,0,0,0,0,0,0
1783308579.885633,0.0,0.0,0.0,0.0,0.0,0,0.0,0.0,0.0,0.0,0.14000000059604645,-0.4099999964237213,0.1599999964237213,-0.38999998569488525,-0.14000000059604645,0.4099999964237213,-0.1599999964237213,0.38999998569488525,-0.04900000020861625,0.14349999874830244,-0.05599999874830246,0.13649999499320983,0.0,0.0,0.0,0.0,-1,1,-1,1,0,0,0,0,0,0,0,0
1783308579.9059167,0.0,0.0,0.0,0.0,0.0,0,0.0,0.0,0.0,0.0,0.14000000059604645,-0.4099999964237213,0.1599999964237213,-0.38999998569488525,-0.14000000059604645,0.4099999964237213,-0.1599999964237213,0.38999998569488525,-0.04900000020861625,0.14349999874830244,-0.05599999874830246,0.13649999499320983,0.0,0.0,0.0,0.0,-1,1,-1,1,0,0,0,0,0,0,0,0
1783308579.9256706,0.0,0.0,0.0,0.0,0.0,0,0.0,0.0,0.0,0.0,0.14000000059604645,-0.4099999964237213,0.1599999964237213,-0.38999998569488525,-0.14000000059604645,0.4099999964237213,-0.1599999964237213,0.38999998569488525,-0.04900000020861625,0.14349999874830244,-0.05599999874830246,0.13649999499320983,0.0,0.0,0.0,0.0,-1,1,-1,1,0,0,0,0,0,0,0,0
1783308579.9456034,0.0,0.0,0.0,0.0,0.0,0,0.0,0.0,0.0,0.0,-0.12999999523162842,-0.28999999165534973,-0.10999999940395355,-0.5,0.12999999523162842,0.28999999165534973,0.10999999940395355,0.5,0.04549999833106994,0.1014999970793724,0.03849999979138374,0.175,0.0,0.0,0.0,0.0,-1,1,-1,1,0,0,0,0,0,0,0,0
1783308579.9656131,0.0,0.0,0.0,0.0,0.0,0,0.0,0.0,0.0,0.0,-0.12999999523162842,-0.28999999165534973,-0.10999999940395355,-0.5,0.12999999523162842,0.28999999165534973,0.10999999940395355,0.5,0.04549999833106994,0.1014999970793724,0.03849999979138374,0.175,0.0,0.0,0.0,0.0,-1,1,-1,1,0,0,0,0,0,0,0,0
1783308579.985651,0.0,0.0,0.0,0.0,0.0,0,0.0,0.0,0.0,0.0,-0.09000000357627869,-0.20000000298023224,-0.07999999821186066,-0.3499999940395355,0.09000000357627869,0.20000000298023224,0.07999999821186066,0.3499999940395355,0.03150000125169754,0.07000000104308128,0.02799999937415123,0.12249999791383742,0.0,0.0,0.0,0.0,-1,1,-1,1,0,0,0,0,0,0,0,0
1783308580.0056036,0.0,0.0,0.12,0.0,0.0,1,10.225092959257768,-10.225092959257768,10.225092959257768,-10.225092959257768,-0.09000000357627869,-0.20000000298023224,-0.07999999821186066,-0.3499999940395355,10.315092962834047,-10.025092956277536,10.305092957469629,-9.875092965218233,3.610282536991916,-3.5087825346971373,3.60678253511437,-3.4562825378263815,0.09283583666550642,-0.09022583660649783,0.09274583661722666,-0.0888758366869641,-1,1,-1,1,-18,-18,-18,-18,-22,-22,-22,-22
1783308580.0256112,0.0,0.0,0.12,0.0,0.0,1,10.225092959257768,-10.225092959257768,10.225092959257768,-10.225092959257768,-0.09000000357627869,-0.20000000298023224,-0.07999999821186066,-0.3499999940395355,10.315092962834047,-10.025092956277536,10.305092957469629,-9.875092965218233,3.610282536991916,-3.5087825346971373,3.60678253511437,-3.4562825378263815,0.18567167333101284,-0.18045167321299566,0.1854916732344533,-0.1777516733739282,-1,1,-1,1,-18,-18,-18,-18,-22,-22,-22,-22
1783308580.045589,0.0,0.0,0.0,0.0,0.0,0,0.0,0.0,0.0,0.0,-0.05999999865889549,-0.14000000059604645,-0.05999999865889549,-0.25,0.05999999865889549,0.14000000059604645,0.05999999865889549,0.25,0.02099999953061342,0.04900000020861625,0.02099999953061342,0.0875,0.0,0.0,0.0,0.0,-1,1,-1,1,0,0,0,0,0,0,0,0
1783308580.0656106,0.0,0.0,0.0,0.0,0.0,0,0.0,0.0,0.0,0.0,-0.05999999865889549,-0.14000000059604645,-0.05999999865889549,-0.25,0.05999999865889549,0.14000000059604645,0.05999999865889549,0.25,0.02099999953061342,0.04900000020861625,0.02099999953061342,0.0875,0.0,0.0,0.0,0.0,-1,1,-1,1,0,0,0,0,0,0,0,0
1783308580.085641,0.0,0.0,0.0,0.0,0.0,0,0.0,0.0,0.0,0.0,0.18000000715255737,-0.550000011920929,0.1899999976158142,-0.4000000059604645,-0.18000000715255737,0.550000011920929,-0.1899999976158142,0.4000000059604645,-0.06300000250339508,0.19250000417232513,-0.06649999916553496,0.14000000208616256,0.0,0.0,0.0,0.0,-1,1,-1,1,0,0,0,0,0,0,0,0
1783308580.1055937,0.0,0.0,0.0,0.0,0.0,0,0.0,0.0,0.0,0.0,0.18000000715255737,-0.550000011920929,0.1899999976158142,-0.4000000059604645,-0.18000000715255737,0.550000011920929,-0.1899999976158142,0.4000000059604645,-0.06300000250339508,0.19250000417232513,-0.06649999916553496,0.14000000208616256,0.0,0.0,0.0,0.0,-1,1,-1,1,0,0,0,0,0,0,0,0
1783308580.1255803,0.0,0.0,0.0,0.0,0.0,0,0.0,0.0,0.0,0.0,0.18000000715255737,-0.550000011920929,0.1899999976158142,-0.4000000059604645,-0.18000000715255737,0.550000011920929,-0.1899999976158142,0.4000000059604645,-0.06300000250339508,0.19250000417232513,-0.06649999916553496,0.14000000208616256,0.0,0.0,0.0,0.0,-1,1,-1,1,0,0,0,0,0,0,0,0
1783308580.1457388,0.0,0.0,0.0,0.0,0.0,0,0.0,0.0,0.0,0.0,-0.10000000149011612,-0.1599999964237213,-0.10000000149011612,-0.2800000011920929,0.10000000149011612,0.1599999964237213,0.10000000149011612,0.2800000011920929,0.03500000052154064,0.05599999874830246,0.03500000052154064,0.0980000004172325,0.0,0.0,0.0,0.0,-1,1,-1,1,0,0,0,0,0,0,0,0
1783308580.1657367,0.0,0.0,0.0,0.0,0.0,0,0.0,0.0,0.0,0.0,-0.10000000149011612,-0.1599999964237213,-0.10000000149011612,-0.2800000011920929,0.10000000149011612,0.1599999964237213,0.10000000149011612,0.2800000011920929,0.03500000052154064,0.05599999874830246,0.03500000052154064,0.0980000004172325,0.0,0.0,0.0,0.0,-1,1,-1,1,0,0,0,0,0,0,0,0
1783308580.1856894,0.0,0.0,0.12,0.0,0.0,1,10.225092959257768,-10.225092959257768,10.225092959257768,-10.225092959257768,-0.07000000029802322,-0.10999999940395355,-0.07000000029802322,-0.20000000298023224,10.295092959555792,-10.115092959853815,10.295092959555792,-10.025092956277536,3.6032825358445266,-3.540282535948835,3.6032825358445266,-3.5087825346971373,0.09265583663600213,-0.09103583663868435,0.09265583663600213,-0.09022583660649783,-1,1,-1,1,-18,-18,-18,-18,-22,-22,-22,-22
1783308580.2056017,0.0,0.0,0.12,0.0,0.0,1,10.225092959257768,-10.225092959257768,10.225092959257768,-10.225092959257768,-0.07000000029802322,-0.10999999940395355,-0.07000000029802322,-0.20000000298023224,10.295092959555792,-10.115092959853815,10.295092959555792,-10.025092956277536,3.6032825358445266,-3.540282535948835,3.6032825358445266,-3.5087825346971373,0.18531167327200426,-0.1820716732773687,0.18531167327200426,-0.18045167321299566,-1,1,-1,1,-18,-18,-18,-18,-22,-22,-22,-22
1783308580.2255723,0.0,0.0,0.0,0.0,0.0,0,0.0,0.0,0.0,0.0,-0.07000000029802322,-0.10999999940395355,-0.07000000029802322,-0.20000000298023224,0.07000000029802322,0.10999999940395355,0.07000000029802322,0.20000000298023224,0.024500000104308126,0.03849999979138374,0.024500000104308126,0.07000000104308128,0.0,0.0,0.0,0.0,-1,1,-1,1,0,0,0,0,0,0,0,0
1783308580.2456708,0.0,0.0,0.0,0.0,0.0,0,0.0,0.0,0.0,0.0,0.18000000715255737,-0.30000001192092896,0.18000000715255737,-0.36000001430511475,-0.18000000715255737,0.30000001192092896,-0.18000000715255737,0.36000001430511475,-0.06300000250339508,0.10500000417232513,-0.06300000250339508,0.12600000500679015,0.0,0.0,0.0,0.0,-1,1,-1,1,0,0,0,0,0,0,0,0
1783308580.2656026,0.0,0.0,0.0,0.0,0.0,0,0.0,0.0,0.0,0.0,0.18000000715255737,-0.30000001192092896,0.18000000715255737,-0.36000001430511475,-0.18000000715255737,0.30000001192092896,-0.18000000715255737,0.36000001430511475,-0.06300000250339508,0.10500000417232513,-0.06300000250339508,0.12600000500679015,0.0,0.0,0.0,0.0,-1,1,-1,1,0,0,0,0,0,0,0,0
1783308580.2856793,0.0,0.0,0.0,0.0,0.0,0,0.0,0.0,0.0,0.0,-0.10000000149011612,-0.4399999976158142,-0.10000000149011612,-0.25,0.10000000149011612,0.4399999976158142,0.10000000149011612,0.25,0.03500000052154064,0.15399999916553497,0.03500000052154064,0.0875,0.0,0.0,0.0,0.0,-1,1,-1,1,0,0,0,0,0,0,0,0
1783308580.3055758,0.0,0.0,0.0,0.0,0.0,0,0.0,0.0,0.0,0.0,-0.10000000149011612,-0.4399999976158142,-0.10000000149011612,-0.25,0.10000000149011612,0.4399999976158142,0.10000000149011612,0.25,0.03500000052154064,0.15399999916553497,0.03500000052154064,0.0875,0.0,0.0,0.0,0.0,-1,1,-1,1,0,0,0,0,0,0,0,0
1783308580.3255649,0.0,0.0,0.0,0.0,0.0,0,0.0,0.0,0.0,0.0,-0.10000000149011612,-0.4399999976158142,-0.10000000149011612,-0.25,0.10000000149011612,0.4399999976158142,0.10000000149011612,0.25,0.03500000052154064,0.15399999916553497,0.03500000052154064,0.0875,0.0,0.0,0.0,0.0,-1,1,-1,1,0,0,0,0,0,0,0,0
1783308580.345685,0.0,0.0,0.0,0.0,0.0,0,0.0,0.0,0.0,0.0,-0.07000000029802322,-0.3100000023841858,-0.07000000029802322,-0.18000000715255737,0.07000000029802322,0.3100000023841858,0.07000000029802322,0.18000000715255737,0.024500000104308126,0.10850000083446502,0.024500000104308126,0.06300000250339508,0.0,0.0,0.0,0.0,-1,1,-1,1,0,0,0,0,0,0,0,0
1783308580.3655882,0.0,0.0,0.12,0.0,0.0,1,10.225092959257768,-10.225092959257768,10.225092959257768,-10.225092959257768,-0.07000000029802322,-0.3100000023841858,-0.07000000029802322,-0.18000000715255737,10.295092959555792,-9.915092956873583,10.295092959555792,-10.045092952105211,3.6032825358445266,-3.4702825349057536,3.6032825358445266,-3.5157825332368238,0.09265583663600213,-0.08923583661186225,0.09265583663600213,-0.09040583656894689,-1,1,-1,1,-18,-18,-18,-18,-22,-22,-22,-22
1783308580.3856523,0.0,0.0,0.12,0.0,0.0,1,10.225092959257768,-10.225092959257768,10.225092959257768,-10.225092959257768,-0.05000000074505806,-0.2199999988079071,-0.05000000074505806,-0.11999999731779099,10.275092960002826,-10.005092960449861,10.275092960002826,-10.105092961939977,3.596282536000989,-3.5017825361574513,3.596282536000989,-3.536782536678992,0.1851316732760276,-0.17928167325591102,0.1851316732760276,-0.1813516732264067,-1,1,-1,1,-18,-18,-18,-18,-22,-22,-22,-22
1783308580.405654,0.0,0.0,0.0,0.0,0.0,0,0.0,0.0,0.0,0.0,-0.05000000074505806,-0.2199999988079071,-0.05000000074505806,-0.11999999731779099,0.05000000074505806,0.2199999988079071,0.05000000074505806,0.11999999731779099,0.01750000026077032,0.07699999958276749,0.01750000026077032,0.04199999906122684,0.0,0.0,0.0,0.0,-1,1,-1,1,0,0,0,0,0,0,0,0
1783308580.425577,0.0,0.0,0.0,0.0,0.0,0,0.0,0.0,0.0,0.0,-0.05000000074505806,-0.2199999988079071,-0.05000000074505806,-0.11999999731779099,0.05000000074505806,0.2199999988079071,0.05000000074505806,0.11999999731779099,0.01750000026077032,0.07699999958276749,0.01750000026077032,0.04199999906122684,0.0,0.0,0.0,0.0,-1,1,-1,1,0,0,0,0,0,0,0,0
1783308580.4456756,0.0,0.0,0.0,0.0,0.0,0,0.0,0.0,0.0,0.0,0.1899999976158142,-0.6000000238418579,0.41999998688697815,-0.5400000214576721,-0.1899999976158142,0.6000000238418579,-0.41999998688697815,0.5400000214576721,-0.06649999916553496,0.21000000834465027,-0.14699999541044234,0.18900000751018523,0.0,0.0,0.0,0.0,-1,1,-1,1,0,0,0,0,0,0,0,0
1783308580.4655745,0.0,0.0,0.0,0.0,0.0,0,0.0,0.0,0.0,0.0,0.1899999976158142,-0.6000000238418579,0.41999998688697815,-0.5400000214576721,-0.1899999976158142,0.6000000238418579,-0.41999998688697815,0.5400000214576721,-0.06649999916553496,0.21000000834465027,-0.14699999541044234,0.18900000751018523,0.0,0.0,0.0,0.0,-1,1,-1,1,0,0,0,0,0,0,0,0
1783308580.4856734,0.0,0.0,0.0,0.0,0.0,0,0.0,0.0,0.0,0.0,0.12999999523162842,-0.41999998688697815,0.07000000029802322,-0.3799999952316284,-0.12999999523162842,0.41999998688697815,-0.07000000029802322,0.3799999952316284,-0.04549999833106994,0.14699999541044234,-0.024500000104308126,0.13299999833106993,0.0,0.0,0.0,0.0,-1,1,-1,1,0,0,0,0,0,0,0,0
1783308580.5055654,0.0,0.0,0.0,0.0,0.0,0,0.0,0.0,0.0,0.0,0.12999999523162842,-0.41999998688697815,0.07000000029802322,-0.3799999952316284,-0.12999999523162842,0.41999998688697815,-0.07000000029802322,0.3799999952316284,-0.04549999833106994,0.14699999541044234,-0.024500000104308126,0.13299999833106993,0.0,0.0,0.0,0.0,-1,1,-1,1,0,0,0,0,0,0,0,0
1783308580.5255926,0.0,0.0,0.0,0.0,0.0,0,0.0,0.0,0.0,0.0,0.12999999523162842,-0.41999998688697815,0.07000000029802322,-0.3799999952316284,-0.12999999523162842,0.41999998688697815,-0.07000000029802322,0.3799999952316284,-0.04549999833106994,0.14699999541044234,-0.024500000104308126,0.13299999833106993,0.0,0.0,0.0,0.0,-1,1,-1,1,0,0,0,0,0,0,0,0
1783308580.5457323,0.0,0.0,0.12,0.0,0.0,1,10.225092959257768,-10.225092959257768,10.225092959257768,-10.225092959257768,0.09000000357627869,-0.30000001192092896,0.05000000074505806,-0.25999999046325684,10.13509295568149,-9.92509294733684,10.17509295851271,-9.965092968794512,3.547282534488521,-3.4737825315678936,3.561282535479448,-3.487782539078079,0.09121583660113342,-0.08932583652603157,0.09157583662661439,-0.08968583671915062,-1,1,-1,1,-18,-18,-18,-18,-22,-22,-22,-22
1783308580.5656302,0.0,0.0,0.12,0.0,0.0,1,10.225092959257768,-10.225092959257768,10.225092959257768,-10.225092959257768,0.09000000357627869,-0.30000001192092896,0.05000000074505806,-0.25999999046325684,10.13509295568149,-9.92509294733684,10.17509295851271,-9.965092968794512,3.547282534488521,-3.4737825315678936,3.561282535479448,-3.487782539078079,0.18243167320226683,-0.17865167305206314,0.18315167325322879,-0.17937167343830124,-1,1,-1,1,-18,-18,-18,-18,-22,-22,-22,-22
1783308580.5856059,0.0,0.0,0.0,0.0,0.0,0,0.0,0.0,0.0,0.0,0.07000000029802322,-0.20999999344348907,0.029999999329447746,-0.1899999976158142,-0.07000000029802322,0.20999999344348907,-0.029999999329447746,0.1899999976158142,-0.024500000104308126,0.07349999770522117,-0.01049999976530671,0.06649999916553496,0.0,0.0,0.0,0.0,-1,1,-1,1,0,0,0,0,0,0,0,0
1783308580.6055632,0.0,0.0,0.0,0.0,0.0,0,0.0,0.0,0.0,0.0,0.07000000029802322,-0.20999999344348907,0.029999999329447746,-0.1899999976158142,-0.07000000029802322,0.20999999344348907,-0.029999999329447746,0.1899999976158142,-0.024500000104308126,0.07349999770522117,-0.01049999976530671,0.06649999916553496,0.0,0.0,0.0,0.0,-1,1,-1,1,0,0,0,0,0,0,0,0
1783308580.6256926,0.0,0.0,0.0,0.0,0.0,0,0.0,0.0,0.0,0.0,0.07000000029802322,-0.20999999344348907,0.029999999329447746,-0.1899999976158142,-0.07000000029802322,0.20999999344348907,-0.029999999329447746,0.1899999976158142,-0.024500000104308126,0.07349999770522117,-0.01049999976530671,0.06649999916553496,0.0,0.0,0.0,0.0,-1,1,-1,1,0,0,0,0,0,0,0,0
1783308580.645563,0.0,0.0,0.0,0.0,0.0,0,0.0,0.0,0.0,0.0,0.05000000074505806,-0.8199999928474426,0.47999998927116394,-0.36000001430511475,-0.05000000074505806,0.8199999928474426,-0.47999998927116394,0.36000001430511475,-0.01750000026077032,0.2869999974966049,-0.16799999624490736,0.12600000500679015,0.0,0.0,0.0,0.0,-1,1,-1,1,0,0,0,0,0,0,0,0
1783308580.6656625,0.0,0.0,0.0,0.0,0.0,0,0.0,0.0,0.0,0.0,0.05000000074505806,-0.8199999928474426,0.47999998927116394,-0.36000001430511475,-0.05000000074505806,0.8199999928474426,-0.47999998927116394,0.36000001430511475,-0.01750000026077032,0.2869999974966049,-0.16799999624490736,0.12600000500679015,0.0,0.0,0.0,0.0,-1,1,-1,1,0,0,0,0,0,0,0,0
1783308580.6856668,0.0,0.0,0.0,0.0,0.0,0,0.0,0.0,0.0,0.0,0.029999999329447746,-0.5799999833106995,0.10999999940395355,-0.25,-0.029999999329447746,0.5799999833106995,-0.10999999940395355,0.25,-0.01049999976530671,0.2029999941587448,-0.03849999979138374,0.0875,0.0,0.0,0.0,0.0,-1,1,-1,1,0,0,0,0,0,0,0,0
1783308580.7055788,0.0,0.0,0.0,0.0,0.0,0,0.0,0.0,0.0,0.0,0.029999999329447746,-0.5799999833106995,0.10999999940395355,-0.25,-0.029999999329447746,0.5799999833106995,-0.10999999940395355,0.25,-0.01049999976530671,0.2029999941587448,-0.03849999979138374,0.0875,0.0,0.0,0.0,0.0,-1,1,-1,1,0,0,0,0,0,0,0,0
1783308580.725778,0.0,0.0,0.12,0.0,0.0,1,10.225092959257768,-10.225092959257768,10.225092959257768,-10.225092959257768,0.029999999329447746,-0.5799999833106995,0.10999999940395355,-0.25,10.19509295992832,-9.645092975947069,10.115092959853815,-9.975092959257768,3.568282535974912,-3.375782541581474,3.540282535948835,-3.491282535740219,0.0917558366393549,-0.08680583678352363,0.09103583663868435,-0.08977583663331991,-1,1,-1,1,-18,-18,-18,-18,-22,-21,-22,-22
1783308580.7456095,0.0,0.0,0.12,0.0,0.0,1,10.225092959257768,-10.225092959257768,10.225092959257768,-10.225092959257768,0.019999999552965164,-0.4000000059604645,0.07000000029802322,-0.17000000178813934,10.205092959704803,-9.825092953297304,10.155092958959745,-10.055092957469629,3.571782535896681,-3.4387825336540563,3.5542825356359105,-3.5192825351143697,0.18360167327669813,-0.17523167336319936,0.18243167326932208,-0.18027167325054658,-1,1,-1,1,-18,-18,-18,-18,-22,-22,-22,-22
1783308580.7656848,0.0,0.0,0.0,0.0,0.0,0,0.0,0.0,0.0,0.0,0.019999999552965164,-0.4000000059604645,0.07000000029802322,-0.17000000178813934,-0.019999999552965164,0.4000000059604645,-0.07000000029802322,0.17000000178813934,-0.006999999843537807,0.14000000208616256,-0.024500000104308126,0.059500000625848766,0.0,0.0,0.0,0.0,-1,1,-1,1,0,0,0,0,0,0,0,0
1783308580.785666,0.0,0.0,0.0,0.0,0.0,0,0.0,0.0,0.0,0.0,0.23999999463558197,-0.2800000011920929,0.2800000011920929,-0.5699999928474426,-0.23999999463558197,0.2800000011920929,-0.2800000011920929,0.5699999928474426,-0.08399999812245368,0.0980000004172325,-0.0980000004172325,0.1994999974966049,0.0,0.0,0.0,0.0,-1,1,-1,1,0,0,0,0,0,0,0,0
1783308580.8055854,0.0,0.0,0.0,0.0,0.0,0,0.0,0.0,0.0,0.0,0.23999999463558197,-0.2800000011920929,0.2800000011920929,-0.5699999928474426,-0.23999999463558197,0.2800000011920929,-0.2800000011920929,0.5699999928474426,-0.08399999812245368,0.0980000004172325,-0.0980000004172325,0.1994999974966049,0.0,0.0,0.0,0.0,-1,1,-1,1,0,0,0,0,0,0,0,0
1783308580.8256865,0.0,0.0,0.0,0.0,0.0,0,0.0,0.0,0.0,0.0,0.23999999463558197,-0.2800000011920929,0.2800000011920929,-0.5699999928474426,-0.23999999463558197,0.2800000011920929,-0.2800000011920929,0.5699999928474426,-0.08399999812245368,0.0980000004172325,-0.0980000004172325,0.1994999974966049,0.0,0.0,0.0,0.0,-1,1,-1,1,0,0,0,0,0,0,0,0
1783308580.845585,0.0,0.0,0.0,0.0,0.0,0,0.0,0.0,0.0,0.0,0.17000000178813934,-0.41999998688697815,0.20000000298023224,-0.6299999952316284,-0.17000000178813934,0.41999998688697815,-0.20000000298023224,0.6299999952316284,-0.059500000625848766,0.14699999541044234,-0.07000000104308128,0.22049999833106992,0.0,0.0,0.0,0.0,-1,1,-1,1,0,0,0,0,0,0,0,0
1783308580.865646,0.0,0.0,0.0,0.0,0.0,0,0.0,0.0,0.0,0.0,0.17000000178813934,-0.41999998688697815,0.20000000298023224,-0.6299999952316284,-0.17000000178813934,0.41999998688697815,-0.20000000298023224,0.6299999952316284,-0.059500000625848766,0.14699999541044234,-0.07000000104308128,0.22049999833106992,0.0,0.0,0.0,0.0,-1,1,-1,1,0,0,0,0,0,0,0,0
1783308580.8856454,0.0,0.0,0.0,0.0,0.0,0,0.0,0.0,0.0,0.0,0.11999999731779099,-0.30000001192092896,0.14000000059604645,-0.4399999976158142,-0.11999999731779099,0.30000001192092896,-0.14000000059604645,0.4399999976158142,-0.04199999906122684,0.10500000417232513,-0.04900000020861625,0.15399999916553497,0.0,0.0,0.0,0.0,-1,1,-1,1,0,0,0,0,0,0,0,0
1783308580.9056113,0.0,0.0,0.12,0.0,0.0,1,10.225092959257768,-10.225092959257768,10.225092959257768,-10.225092959257768,0.11999999731779099,-0.30000001192092896,0.14000000059604645,-0.4399999976158142,10.105092961939977,-9.92509294733684,10.085092958661722,-9.785092961641954,3.536782536678992,-3.4737825315678936,3.5297825355316026,-3.424782536574684,0.0909458366574598,-0.08932583652603157,0.0907658366279555,-0.0880658366547776,-1,1,-1,1,-18,-18,-18,-18,-22,-22,-22,-22
1783308580.925601,0.0,0.0,0.12,0.0,0.0,1,10.225092959257768,-10.225092959257768,10.225092959257768,-10.225092959257768,0.11999999731779099,-0.30000001192092896,0.14000000059604645,-0.4399999976158142,10.105092961939977,-9.92509294733684,10.085092958661722,-9.785092961641954,3.536782536678992,-3.4737825315678936,3.5297825355316026,-3.424782536574684,0.1818916733149196,-0.17865167305206314,0.181531673255911,-0.1761316733095552,-1,1,-1,1,-18,-18,-18,-18,-22,-22,-22,-22
1783308580.9457042,0.0,0.0,0.0,0.0,0.0,0,0.0,0.0,0.0,0.0,0.07999999821186066,-0.20999999344348907,0.10000000149011612,-0.3100000023841858,-0.07999999821186066,0.20999999344348907,-0.10000000149011612,0.3100000023841858,-0.02799999937415123,0.07349999770522117,-0.03500000052154064,0.10850000083446502,0.0,0.0,0.0,0.0,-1,1,-1,1,0,0,0,0,0,0,0,0
1783308580.9656546,0.0,0.0,0.0,0.0,0.0,0,0.0,0.0,0.0,0.0,0.07999999821186066,-0.20999999344348907,0.10000000149011612,-0.3100000023841858,-0.07999999821186066,0.20999999344348907,-0.10000000149011612,0.3100000023841858,-0.02799999937415123,0.07349999770522117,-0.03500000052154064,0.10850000083446502,0.0,0.0,0.0,0.0,-1,1,-1,1,0,0,0,0,0,0,0,0
1783308580.9856412,0.0,0.0,0.0,0.0,0.0,0,0.0,0.0,0.0,0.0,0.2800000011920929,-0.3700000047683716,0.28999999165534973,-0.6700000166893005,-0.2800000011920929,0.3700000047683716,-0.28999999165534973,0.6700000166893005,-0.0980000004172325,0.12950000166893005,-0.1014999970793724,0.23450000584125516,0.0,0.0,0.0,0.0,-1,1,-1,1,0,0,0,0,0,0,0,0
1783308581.0056367,0.0,0.0,0.0,0.0,0.0,0,0.0,0.0,0.0,0.0,0.2800000011920929,-0.3700000047683716,0.28999999165534973,-0.6700000166893005,-0.2800000011920929,0.3700000047683716,-0.28999999165534973,0.6700000166893005,-0.0980000004172325,0.12950000166893005,-0.1014999970793724,0.23450000584125516,0.0,0.0,0.0,0.0,-1,1,-1,1,0,0,0,0,0,0,0,0
1783308581.0255752,0.0,0.0,0.0,0.0,0.0,0,0.0,0.0,0.0,0.0,0.2800000011920929,-0.3700000047683716,0.28999999165534973,-0.6700000166893005,-0.2800000011920929,0.3700000047683716,-0.28999999165534973,0.6700000166893005,-0.0980000004172325,0.12950000166893005,-0.1014999970793724,0.23450000584125516,0.0,0.0,0.0,0.0,-1,1,-1,1,0,0,0,0,0,0,0,0
1783308581.0456502,0.0,0.0,0.0,0.0,0.0,0,0.0,0.0,0.0,0.0,-0.029999999329447746,-0.25999999046325684,0.20999999344348907,-0.4699999988079071,0.029999999329447746,0.25999999046325684,-0.20999999344348907,0.4699999988079071,0.01049999976530671,0.09099999666213988,-0.07349999770522117,0.16449999958276748,0.0,0.0,0.0,0.0,-1,1,-1,1,0,0,0,0,0,0,0,0
1783308581.065578,0.0,0.0,0.0,0.0,0.0,0,0.0,0.0,0.0,0.0,-0.029999999329447746,-0.25999999046325684,0.20999999344348907,-0.4699999988079071,0.029999999329447746,0.25999999046325684,-0.20999999344348907,0.4699999988079071,0.01049999976530671,0.09099999666213988,-0.07349999770522117,0.16449999958276748,0.0,0.0,0.0,0.0,-1,1,-1,1,0,0,0,0,0,0,0,0
1783308581.08566,0.0,0.0,0.12,0.0,0.0,1,10.225092959257768,-10.225092959257768,10.225092959257768,-10.225092959257768,-0.019999999552965164,-0.18000000715255737,0.14000000059604645,-0.33000001311302185,10.245092958810734,-10.045092952105211,10.085092958661722,-9.895092946144747,3.5857825355837565,-3.5157825332368238,3.5297825355316026,-3.463282531150661,0.09220583662929661,-0.09040583656894689,0.0907658366279555,-0.08905583651530272,-1,1,-1,1,-18,-18,-18,-18,-22,-22,-22,-22
1783308581.1057572,0.0,0.0,0.12,0.0,0.0,1,10.225092959257768,-10.225092959257768,10.225092959257768,-10.225092959257768,-0.019999999552965164,-0.18000000715255737,0.14000000059604645,-0.33000001311302185,10.245092958810734,-10.045092952105211,10.085092958661722,-9.895092946144747,3.5857825355837565,-3.5157825332368238,3.5297825355316026,-3.463282531150661,0.18441167325859323,-0.18081167313789379,0.181531673255911,-0.17811167303060543,-1,1,-1,1,-18,-18,-18,-18,-22,-22,-22,-22
1783308581.12559,0.0,0.0,0.0,0.0,0.0,0,0.0,0.0,0.0,0.0,-0.019999999552965164,-0.18000000715255737,0.14000000059604645,-0.33000001311302185,0.019999999552965164,0.18000000715255737,-0.14000000059604645,0.33000001311302185,0.006999999843537807,0.06300000250339508,-0.04900000020861625,0.11550000458955764,0.0,0.0,0.0,0.0,-1,1,-1,1,0,0,0,0,0,0,0,0
1783308581.1456776,0.0,0.0,0.0,0.0,0.0,0,0.0,0.0,0.0,0.0,0.20999999344348907,-0.3499999940395355,0.10000000149011612,-0.23000000417232513,-0.20999999344348907,0.3499999940395355,-0.10000000149011612,0.23000000417232513,-0.07349999770522117,0.12249999791383742,-0.03500000052154064,0.08050000146031379,0.0,0.0,0.0,0.0,-1,1,-1,1,0,0,0,0,0,0,0,0
1783308581.165583,0.0,0.0,0.0,0.0,0.0,0,0.0,0.0,0.0,0.0,0.20999999344348907,-0.3499999940395355,0.10000000149011612,-0.23000000417232513,-0.20999999344348907,0.3499999940395355,-0.10000000149011612,0.23000000417232513,-0.07349999770522117,0.12249999791383742,-0.03500000052154064,0.08050000146031379,0.0,0.0,0.0,0.0,-1,1,-1,1,0,0,0,0,0,0,0,0
1783308581.185688,0.0,0.0,0.0,0.0,0.0,0,0.0,0.0,0.0,0.0,0.15000000596046448,-0.25,0.30000001192092896,-0.6100000143051147,-0.15000000596046448,0.25,-0.30000001192092896,0.6100000143051147,-0.05250000208616257,0.0875,-0.10500000417232513,0.21350000500679014,0.0,0.0,0.0,0.0,-1,1,-1,1,0,0,0,0,0,0,0,0
1783308581.2055876,0.0,0.0,0.0,0.0,0.0,0,0.0,0.0,0.0,0.0,0.15000000596046448,-0.25,0.30000001192092896,-0.6100000143051147,-0.15000000596046448,0.25,-0.30000001192092896,0.6100000143051147,-0.05250000208616257,0.0875,-0.10500000417232513,0.21350000500679014,0.0,0.0,0.0,0.0,-1,1,-1,1,0,0,0,0,0,0,0,0
1783308581.225576,0.0,0.0,0.0,0.0,0.0,0,0.0,0.0,0.0,0.0,0.15000000596046448,-0.25,0.30000001192092896,-0.6100000143051147,-0.15000000596046448,0.25,-0.30000001192092896,0.6100000143051147,-0.05250000208616257,0.0875,-0.10500000417232513,0.21350000500679014,0.0,0.0,0.0,0.0,-1,1,-1,1,0,0,0,0,0,0,0,0
1783308581.245586,0.0,0.0,0.0,0.0,0.0,0,0.0,0.0,0.0,0.0,0.10000000149011612,-0.17000000178813934,0.20999999344348907,-0.4300000071525574,-0.10000000149011612,0.17000000178813934,-0.20999999344348907,0.4300000071525574,-0.03500000052154064,0.059500000625848766,-0.07349999770522117,0.15050000250339507,0.0,0.0,0.0,0.0,-1,1,-1,1,0,0,0,0,0,0,0,0
1783308581.265599,0.0,0.0,0.12,0.0,0.0,1,10.225092959257768,-10.225092959257768,10.225092959257768,-10.225092959257768,0.10000000149011612,-0.17000000178813934,0.20999999344348907,-0.4300000071525574,10.125092957767652,-10.055092957469629,10.01509296581428,-9.795092952105211,3.543782535218678,-3.5192825351143697,3.5052825380349977,-3.428282533236824,0.09112583661990888,-0.09049583661722667,0.09013583669232851,-0.0881558365689469,-1,1,-1,1,-18,-18,-18,-18,-22,-22,-22,-22
1783308581.285683,0.0,0.0,0.12,0.0,0.0,1,10.225092959257768,-10.225092959257768,10.225092959257768,-10.225092959257768,0.07000000029802322,-0.11999999731779099,0.15000000596046448,-0.30000001192092896,10.155092958959745,-10.105092961939977,10.075092953297304,-9.92509294733684,3.5542825356359105,-3.536782536678992,3.526282533654056,-3.4737825315678936,0.18252167325054658,-0.18144167327468647,0.18081167327200426,-0.17748167309497848,-1,1,-1,1,-18,-18,-18,-18,-22,-22,-22,-22
1783308581.3055766,0.0,0.0,0.0,0.0,0.0,0,0.0,0.0,0.0,0.0,0.07000000029802322,-0.11999999731779099,0.15000000596046448,-0.30000001192092896,-0.07000000029802322,0.11999999731779099,-0.15000000596046448,0.30000001192092896,-0.024500000104308126,0.04199999906122684,-0.05250000208616257,0.10500000417232513,0.0,0.0,0.0,0.0,-1,1,-1,1,0,0,0,0,0,0,0,0
1783308581.325666,0.0,0.0,0.0,0.0,0.0,0,0.0,0.0,0.0,0.0,0.07000000029802322,-0.11999999731779099,0.15000000596046448,-0.30000001192092896,-0.07000000029802322,0.11999999731779099,-0.15000000596046448,0.30000001192092896,-0.024500000104308126,0.04199999906122684,-0.05250000208616257,0.10500000417232513,0.0,0.0,0.0,0.0,-1,1,-1,1,0,0,0,0,0,0,0,0
1783308581.345592,0.0,0.0,0.0,0.0,0.0,0,0.0,0.0,0.0,0.0,0.2800000011920929,-0.3100000023841858,0.33000001311302185,-0.8899999856948853,-0.2800000011920929,0.3100000023841858,-0.33000001311302185,0.8899999856948853,-0.0980000004172325,0.10850000083446502,-0.11550000458955764,0.3114999949932098,0.0,0.0,0.0,0.0,-1,1,-1,1,0,0,0,0,0,0,0,0
1783308581.3655841,0.0,0.0,0.0,0.0,0.0,0,0.0,0.0,0.0,0.0,0.2800000011920929,-0.3100000023841858,0.33000001311302185,-0.8899999856948853,-0.2800000011920929,0.3100000023841858,-0.33000001311302185,0.8899999856948853,-0.0980000004172325,0.10850000083446502,-0.11550000458955764,0.3114999949932098,0.0,0.0,0.0,0.0,-1,1,-1,1,0,0,0,0,0,0,0,0
1783308581.3856497,0.0,0.0,0.0,0.0,0.0,0,0.0,0.0,0.0,0.0,-0.029999999329447746,-0.2199999988079071,0.23000000417232513,-0.6200000047683716,0.029999999329447746,0.2199999988079071,-0.23000000417232513,0.6200000047683716,0.01049999976530671,0.07699999958276749,-0.08050000146031379,0.21700000166893005,0.0,0.0,0.0,0.0,-1,1,-1,1,0,0,0,0,0,0,0,0
1783308581.4055927,0.0,0.0,0.0,0.0,0.0,0,0.0,0.0,0.0,0.0,-0.029999999329447746,-0.2199999988079071,0.23000000417232513,-0.6200000047683716,0.029999999329447746,0.2199999988079071,-0.23000000417232513,0.6200000047683716,0.01049999976530671,0.07699999958276749,-0.08050000146031379,0.21700000166893005,0.0,0.0,0.0,0.0,-1,1,-1,1,0,0,0,0,0,0,0,0
1783308581.4256706,0.0,0.0,0.0,0.0,0.0,0,0.0,0.0,0.0,0.0,-0.029999999329447746,-0.2199999988079071,0.23000000417232513,-0.6200000047683716,0.029999999329447746,0.2199999988079071,-0.23000000417232513,0.6200000047683716,0.01049999976530671,0.07699999958276749,-0.08050000146031379,0.21700000166893005,0.0,0.0,0.0,0.0,-1,1,-1,1,0,0,0,0,0,0,0,0
1783308581.4456003,0.0,0.0,0.12,0.0,0.0,1,10.225092959257768,-10.225092959257768,10.225092959257768,-10.225092959257768,-0.019999999552965164,-0.15000000596046448,0.1599999964237213,-0.4399999976158142,10.245092958810734,-10.075092953297304,10.065092962834047,-9.785092961641954,3.5857825355837565,-3.526282533654056,3.522782536991916,-3.424782536574684,0.09220583662929661,-0.09067583657967575,0.09058583666550643,-0.0880658366547776,-1,1,-1,1,-18,-18,-18,-18,-22,-22,-22,-22
1783308581.4656518,0.0,0.0,0.12,0.0,0.0,1,10.225092959257768,-10.225092959257768,10.225092959257768,-10.225092959257768,-0.019999999552965164,-0.15000000596046448,0.1599999964237213,-0.4399999976158142,10.245092958810734,-10.075092953297304,10.065092962834047,-9.785092961641954,3.5857825355837565,-3.526282533654056,3.522782536991916,-3.424782536574684,0.18441167325859323,-0.1813516731593515,0.18117167333101286,-0.1761316733095552,-1,1,-1,1,-18,-18,-18,-18,-22,-22,-22,-22
1783308581.485634,0.0,0.0,0.0,0.0,0.0,0,0.0,0.0,0.0,0.0,0.20999999344348907,-0.10999999940395355,0.10999999940395355,-0.3100000023841858,-0.20999999344348907,0.10999999940395355,-0.10999999940395355,0.3100000023841858,-0.07349999770522117,0.03849999979138374,-0.03849999979138374,0.10850000083446502,0.0,0.0,0.0,0.0,-1,1,-1,1,0,0,0,0,0,0,0,0
1783308581.505639,0.0,0.0,0.0,0.0,0.0,0,0.0,0.0,0.0,0.0,0.20999999344348907,-0.10999999940395355,0.10999999940395355,-0.3100000023841858,-0.20999999344348907,0.10999999940395355,-0.10999999940395355,0.3100000023841858,-0.07349999770522117,0.03849999979138374,-0.03849999979138374,0.10850000083446502,0.0,0.0,0.0,0.0,-1,1,-1,1,0,0,0,0,0,0,0,0
1783308581.5256753,0.0,0.0,0.0,0.0,0.0,0,0.0,0.0,0.0,0.0,0.20999999344348907,-0.10999999940395355,0.10999999940395355,-0.3100000023841858,-0.20999999344348907,0.10999999940395355,-0.10999999940395355,0.3100000023841858,-0.07349999770522117,0.03849999979138374,-0.03849999979138374,0.10850000083446502,0.0,0.0,0.0,0.0,-1,1,-1,1,0,0,0,0,0,0,0,0
1783308581.5455804,0.0,0.0,0.0,0.0,0.0,0,0.0,0.0,0.0,0.0,0.15000000596046448,-0.07000000029802322,0.3100000023841858,-0.20999999344348907,-0.15000000596046448,0.07000000029802322,-0.3100000023841858,0.20999999344348907,-0.05250000208616257,0.024500000104308126,-0.10850000083446502,0.07349999770522117,0.0,0.0,0.0,0.0,-1,1,-1,1,0,0,0,0,0,0,0,0
1783308581.5656438,0.0,0.0,0.0,0.0,0.0,0,0.0,0.0,0.0,0.0,0.15000000596046448,-0.07000000029802322,0.3100000023841858,-0.20999999344348907,-0.15000000596046448,0.07000000029802322,-0.3100000023841858,0.20999999344348907,-0.05250000208616257,0.024500000104308126,-0.10850000083446502,0.07349999770522117,0.0,0.0,0.0,0.0,-1,1,-1,1,0,0,0,0,0,0,0,0
1783308581.5856357,0.0,0.0,0.0,0.0,0.0,0,0.0,0.0,0.0,0.0,0.10000000149011612,-0.05000000074505806,-0.009999999776482582,-0.15000000596046448,-0.10000000149011612,0.05000000074505806,0.009999999776482582,0.15000000596046448,-0.03500000052154064,0.01750000026077032,0.0034999999217689036,0.05250000208616257,0.0,0.0,0.0,0.0,-1,1,-1,1,0,0,0,0,0,0,0,0
1783308581.6056747,0.0,0.0,0.0,0.0,0.0,0,0.0,0.0,0.0,0.0,0.10000000149011612,-0.05000000074505806,-0.009999999776482582,-0.15000000596046448,-0.10000000149011612,0.05000000074505806,0.009999999776482582,0.15000000596046448,-0.03500000052154064,0.01750000026077032,0.0034999999217689036,0.05250000208616257,0.0,0.0,0.0,0.0,-1,1,-1,1,0,0,0,0,0,0,0,0
1783308581.6255972,0.0,0.0,0.12,0.0,0.0,1,10.225092959257768,-10.225092959257768,10.225092959257768,-10.225092959257768,0.10000000149011612,-0.05000000074505806,-0.009999999776482582,-0.15000000596046448,10.125092957767652,-10.17509295851271,10.235092959034251,-10.075092953297304,3.543782535218678,-3.561282535479448,3.5822825356619874,-3.526282533654056,0.09112583661990888,-0.09157583662661439,0.09211583663130826,-0.09067583657967575,-1,1,-1,1,-18,-18,-18,-18,-22,-22,-22,-22
1783308581.6456094,0.0,0.0,0.12,0.0,0.0,1,10.225092959257768,-10.225092959257768,10.225092959257768,-10.225092959257768,0.07000000029802322,-0.03999999910593033,-0.009999999776482582,-0.10000000149011612,10.155092958959745,-10.185092960151838,10.235092959034251,-10.125092957767652,3.5542825356359105,-3.564782536053143,3.5822825356619874,-3.543782535218678,0.18252167325054658,-0.18324167326798094,0.18423167326261652,-0.18180167319958462,-1,1,-1,1,-18,-18,-18,-18,-22,-22,-22,-22
1783308581.665577,0.0,0.0,0.0,0.0,0.0,0,0.0,0.0,0.0,0.0,0.07000000029802322,-0.03999999910593033,-0.009999999776482582,-0.10000000149011612,-0.07000000029802322,0.03999999910593033,0.009999999776482582,0.10000000149011612,-0.024500000104308126,0.013999999687075614,0.0034999999217689036,0.03500000052154064,0.0,0.0,0.0,0.0,-1,1,-1,1,0,0,0,0,0,0,0,0
1783308581.6856568,0.0,0.0,0.0,0.0,0.0,0,0.0,0.0,0.0,0.0,0.2800000011920929,-0.25,0.44999998807907104,-0.30000001192092896,-0.2800000011920929,0.25,-0.44999998807907104,0.30000001192092896,-0.0980000004172325,0.0875,-0.15749999582767485,0.10500000417232513,0.0,0.0,0.0,0.0,-1,1,-1,1,0,0,0,0,0,0,0,0
1783308581.705667,0.0,0.0,0.0,0.0,0.0,0,0.0,0.0,0.0,0.0,0.2800000011920929,-0.25,0.44999998807907104,-0.30000001192092896,-0.2800000011920929,0.25,-0.44999998807907104,0.30000001192092896,-0.0980000004172325,0.0875,-0.15749999582767485,0.10500000417232513,0.0,0.0,0.0,0.0,-1,1,-1,1,0,0,0,0,0,0,0,0
1783308581.7255683,0.0,0.0,0.0,0.0,0.0,0,0.0,0.0,0.0,0.0,0.2800000011920929,-0.25,0.44999998807907104,-0.30000001192092896,-0.2800000011920929,0.25,-0.44999998807907104,0.30000001192092896,-0.0980000004172325,0.0875,-0.15749999582767485,0.10500000417232513,0.0,0.0,0.0,0.0,-1,1,-1,1,0,0,0,0,0,0,0,0
1783308581.7455792,0.0,0.0,0.0,0.0,0.0,0,0.0,0.0,0.0,0.0,-0.029999999329447746,-0.18000000715255737,0.09000000357627869,0.019999999552965164,0.029999999329447746,0.18000000715255737,-0.09000000357627869,-0.019999999552965164,0.01049999976530671,0.06300000250339508,-0.03150000125169754,-0.006999999843537807,0.0,0.0,0.0,0.0,-1,1,-1,1,0,0,0,0,0,0,0,0
1783308581.765564,0.0,0.0,0.0,0.0,0.0,0,0.0,0.0,0.0,0.0,-0.029999999329447746,-0.18000000715255737,0.09000000357627869,0.019999999552965164,0.029999999329447746,0.18000000715255737,-0.09000000357627869,-0.019999999552965164,0.01049999976530671,0.06300000250339508,-0.03150000125169754,-0.006999999843537807,0.0,0.0,0.0,0.0,-1,1,-1,1,0,0,0,0,0,0,0,0
1783308581.7856555,0.0,0.0,0.0,0.0,0.0,0,0.0,0.0,0.0,0.0,-0.019999999552965164,-0.11999999731779099,0.05999999865889549,0.009999999776482582,0.019999999552965164,0.11999999731779099,-0.05999999865889549,-0.009999999776482582,0.006999999843537807,0.04199999906122684,-0.02099999953061342,-0.0034999999217689036,0.0,0.0,0.0,0.0,-1,1,-1,1,0,0,0,0,0,0,0,0
1783308581.8057754,0.0,0.0,0.12,0.0,0.0,1,10.225092959257768,-10.225092959257768,10.225092959257768,-10.225092959257768,-0.019999999552965164,-0.11999999731779099,0.05999999865889549,0.009999999776482582,10.245092958810734,-10.105092961939977,10.165092960598873,-10.235092959034251,3.5857825355837565,-3.536782536678992,3.557782536209605,-3.5822825356619874,0.09220583662929661,-0.0909458366574598,0.09148583664538987,-0.09211583663130826,-1,1,-1,1,-18,-18,-18,-18,-22,-22,-22,-22
1783308581.8255994,0.0,0.0,0.12,0.0,0.0,1,10.225092959257768,-10.225092959257768,10.225092959257768,-10.225092959257768,-0.019999999552965164,-0.11999999731779099,0.05999999865889549,0.009999999776482582,10.245092958810734,-10.105092961939977,10.165092960598873,-10.235092959034251,3.5857825355837565,-3.536782536678992,3.557782536209605,-3.5822825356619874,0.18441167325859323,-0.1818916733149196,0.18297167329077973,-0.18423167326261652,-1,1,-1,1,-18,-18,-18,-18,-22,-22,-22,-22
1783308581.8457508,0.0,0.0,0.0,0.0,0.0,0,0.0,0.0,0.0,0.0,-0.019999999552965164,-0.09000000357627869,0.03999999910593033,0.009999999776482582,0.019999999552965164,0.09000000357627869,-0.03999999910593033,-0.009999999776482582,0.006999999843537807,0.03150000125169754,-0.013999999687075614,-0.0034999999217689036,0.0,0.0,0.0,0.0,-1,1,-1,1,0,0,0,0,0,0,0,0
1783308581.865594,0.0,0.0,0.0,0.0,0.0,0,0.0,0.0,0.0,0.0,-0.019999999552965164,-0.09000000357627869,0.03999999910593033,0.009999999776482582,0.019999999552965164,0.09000000357627869,-0.03999999910593033,-0.009999999776482582,0.006999999843537807,0.03150000125169754,-0.013999999687075614,-0.0034999999217689036,0.0,0.0,0.0,0.0,-1,1,-1,1,0,0,0,0,0,0,0,0
1783308581.885793,0.0,0.0,0.0,0.0,0.0,0,0.0,0.0,0.0,0.0,0.2199999988079071,-0.28999999165534973,0.25999999046325684,-0.6700000166893005,-0.2199999988079071,0.28999999165534973,-0.25999999046325684,0.6700000166893005,-0.07699999958276749,0.1014999970793724,-0.09099999666213988,0.23450000584125516,0.0,0.0,0.0,0.0,-1,1,-1,1,0,0,0,0,0,0,0,0
1783308581.905585,0.0,0.0,0.0,0.0,0.0,0,0.0,0.0,0.0,0.0,0.2199999988079071,-0.28999999165534973,0.25999999046325684,-0.6700000166893005,-0.2199999988079071,0.28999999165534973,-0.25999999046325684,0.6700000166893005,-0.07699999958276749,0.1014999970793724,-0.09099999666213988,0.23450000584125516,0.0,0.0,0.0,0.0,-1,1,-1,1,0,0,0,0,0,0,0,0
1783308581.9256814,0.0,0.0,0.0,0.0,0.0,0,0.0,0.0,0.0,0.0,0.2199999988079071,-0.28999999165534973,0.25999999046325684,-0.6700000166893005,-0.2199999988079071,0.28999999165534973,-0.25999999046325684,0.6700000166893005,-0.07699999958276749,0.1014999970793724,-0.09099999666213988,0.23450000584125516,0.0,0.0,0.0,0.0,-1,1,-1,1,0,0,0,0,0,0,0,0
1783308581.9456017,0.0,0.0,0.0,0.0,0.0,0,0.0,0.0,0.0,0.0,-0.07999999821186066,-0.20000000298023224,-0.05000000074505806,-0.25,0.07999999821186066,0.20000000298023224,0.05000000074505806,0.25,0.02799999937415123,0.07000000104308128,0.01750000026077032,0.0875,0.0,0.0,0.0,0.0,-1,1,-1,1,0,0,0,0,0,0,0,0
1783308581.9656022,0.0,0.0,0.0,0.0,0.0,0,0.0,0.0,0.0,0.0,-0.07999999821186066,-0.20000000298023224,-0.05000000074505806,-0.25,0.07999999821186066,0.20000000298023224,0.05000000074505806,0.25,0.02799999937415123,0.07000000104308128,0.01750000026077032,0.0875,0.0,0.0,0.0,0.0,-1,1,-1,1,0,0,0,0,0,0,0,0
1783308581.9857254,0.0,0.0,0.12,0.0,0.0,1,10.225092959257768,-10.225092959257768,10.225092959257768,-10.225092959257768,-0.05000000074505806,-0.14000000059604645,-0.25999999046325684,-0.17000000178813934,10.275092960002826,-10.085092958661722,10.485092949721025,-10.055092957469629,3.596282536000989,-3.5297825355316026,3.6697825324023587,-3.5192825351143697,0.09247583664002544,-0.0907658366279555,0.09436583654748923,-0.09049583661722667,-1,1,-1,1,-18,-18,-18,-18,-22,-22,-22,-22
1783308582.005645,0.0,0.0,0.12,0.0,0.0,1,10.225092959257768,-10.225092959257768,10.225092959257768,-10.225092959257768,-0.05000000074505806,-0.14000000059604645,-0.25999999046325684,-0.17000000178813934,10.275092960002826,-10.085092958661722,10.485092949721025,-10.055092957469629,3.596282536000989,-3.5297825355316026,3.6697825324023587,-3.5192825351143697,0.18495167328005088,-0.181531673255911,0.18873167309497846,-0.18099167323445334,-1,1,-1,1,-18,-18,-18,-18,-22,-22,-22,-22
1783308582.0256538,0.0,0.0,0.0,0.0,0.0,0,0.0,0.0,0.0,0.0,-0.05000000074505806,-0.14000000059604645,-0.25999999046325684,-0.17000000178813934,0.05000000074505806,0.14000000059604645,0.25999999046325684,0.17000000178813934,0.01750000026077032,0.04900000020861625,0.09099999666213988,0.059500000625848766,0.0,0.0,0.0,0.0,-1,1,-1,1,0,0,0,0,0,0,0,0
1783308582.0455709,0.0,0.0,0.0,0.0,0.0,0,0.0,0.0,0.0,0.0,-0.03999999910593033,-0.3199999928474426,0.03999999910593033,-0.3499999940395355,0.03999999910593033,0.3199999928474426,-0.03999999910593033,0.3499999940395355,0.013999999687075614,0.11199999749660491,-0.013999999687075614,0.12249999791383742,0.0,0.0,0.0,0.0,-1,1,-1,1,0,0,0,0,0,0,0,0
1783308582.0656285,0.0,0.0,0.0,0.0,0.0,0,0.0,0.0,0.0,0.0,-0.03999999910593033,-0.3199999928474426,0.03999999910593033,-0.3499999940395355,0.03999999910593033,0.3199999928474426,-0.03999999910593033,0.3499999940395355,0.013999999687075614,0.11199999749660491,-0.013999999687075614,0.12249999791383742,0.0,0.0,0.0,0.0,-1,1,-1,1,0,0,0,0,0,0,0,0
1783308582.085647,0.0,0.0,0.0,0.0,0.0,0,0.0,0.0,0.0,0.0,-0.029999999329447746,-0.23000000417232513,0.029999999329447746,-0.23999999463558197,0.029999999329447746,0.23000000417232513,-0.029999999329447746,0.23999999463558197,0.01049999976530671,0.08050000146031379,-0.01049999976530671,0.08399999812245368,0.0,0.0,0.0,0.0,-1,1,-1,1,0,0,0,0,0,0,0,0
1783308582.1056018,0.0,0.0,0.0,0.0,0.0,0,0.0,0.0,0.0,0.0,-0.029999999329447746,-0.23000000417232513,0.029999999329447746,-0.23999999463558197,0.029999999329447746,0.23000000417232513,-0.029999999329447746,0.23999999463558197,0.01049999976530671,0.08050000146031379,-0.01049999976530671,0.08399999812245368,0.0,0.0,0.0,0.0,-1,1,-1,1,0,0,0,0,0,0,0,0
1783308582.1256142,0.0,0.0,0.0,0.0,0.0,0,0.0,0.0,0.0,0.0,-0.029999999329447746,-0.23000000417232513,0.029999999329447746,-0.23999999463558197,0.029999999329447746,0.23000000417232513,-0.029999999329447746,0.23999999463558197,0.01049999976530671,0.08050000146031379,-0.01049999976530671,0.08399999812245368,0.0,0.0,0.0,0.0,-1,1,-1,1,0,0,0,0,0,0,0,0
1783308582.1456287,0.0,0.0,0.0,0.0,0.0,0,0.0,0.0,0.0,0.0,-0.019999999552965164,-0.1599999964237213,0.019999999552965164,-0.17000000178813934,0.019999999552965164,0.1599999964237213,-0.019999999552965164,0.17000000178813934,0.006999999843537807,0.05599999874830246,-0.006999999843537807,0.059500000625848766,0.0,0.0,0.0,0.0,-1,1,-1,1,0,0,0,0,0,0,0,0
1783308582.1655886,0.0,0.0,0.12,0.0,0.0,1,10.225092959257768,-10.225092959257768,10.225092959257768,-10.225092959257768,-0.019999999552965164,-0.1599999964237213,0.019999999552965164,-0.17000000178813934,10.245092958810734,-10.065092962834047,10.205092959704803,-10.055092957469629,3.5857825355837565,-3.522782536991916,3.571782535896681,-3.5192825351143697,0.09220583662929661,-0.09058583666550643,0.09184583663734323,-0.09049583661722667,-1,1,-1,1,-18,-18,-18,-18,-22,-22,-22,-22
1783308582.1856654,0.0,0.0,0.12,0.0,0.0,1,10.225092959257768,-10.225092959257768,10.225092959257768,-10.225092959257768,-0.009999999776482582,-0.10999999940395355,0.019999999552965164,-0.11999999731779099,10.235092959034251,-10.115092959853815,10.205092959704803,-10.105092961939977,3.5822825356619874,-3.540282535948835,3.571782535896681,-3.536782536678992,0.1843216732606049,-0.18162167330419077,0.18369167327468647,-0.18144167327468647,-1,1,-1,1,-18,-18,-18,-18,-22,-22,-22,-22
1783308582.205575,0.0,0.0,0.0,0.0,0.0,0,0.0,0.0,0.0,0.0,-0.009999999776482582,-0.10999999940395355,0.019999999552965164,-0.11999999731779099,0.009999999776482582,0.10999999940395355,-0.019999999552965164,0.11999999731779099,0.0034999999217689036,0.03849999979138374,-0.006999999843537807,0.04199999906122684,0.0,0.0,0.0,0.0,-1,1,-1,1,0,0,0,0,0,0,0,0
1783308582.2255743,0.0,0.0,0.0,0.0,0.0,0,0.0,0.0,0.0,0.0,-0.009999999776482582,-0.10999999940395355,0.019999999552965164,-0.11999999731779099,0.009999999776482582,0.10999999940395355,-0.019999999552965164,0.11999999731779099,0.0034999999217689036,0.03849999979138374,-0.006999999843537807,0.04199999906122684,0.0,0.0,0.0,0.0,-1,1,-1,1,0,0,0,0,0,0,0,0
1783308582.2456775,0.0,0.0,0.0,0.0,0.0,0,0.0,0.0,0.0,0.0,0.2199999988079071,-0.30000001192092896,0.23999999463558197,-0.3100000023841858,-0.2199999988079071,0.30000001192092896,-0.23999999463558197,0.3100000023841858,-0.07699999958276749,0.10500000417232513,-0.08399999812245368,0.10850000083446502,0.0,0.0,0.0,0.0,-1,1,-1,1,0,0,0,0,0,0,0,0
1783308582.2656322,0.0,0.0,0.0,0.0,0.0,0,0.0,0.0,0.0,0.0,0.2199999988079071,-0.30000001192092896,0.23999999463558197,-0.3100000023841858,-0.2199999988079071,0.30000001192092896,-0.23999999463558197,0.3100000023841858,-0.07699999958276749,0.10500000417232513,-0.08399999812245368,0.10850000083446502,0.0,0.0,0.0,0.0,-1,1,-1,1,0,0,0,0,0,0,0,0
1783308582.2856781,0.0,0.0,0.0,0.0,0.0,0,0.0,0.0,0.0,0.0,-0.07000000029802322,0.009999999776482582,-0.05999999865889549,0.009999999776482582,0.07000000029802322,-0.009999999776482582,0.05999999865889549,-0.009999999776482582,0.024500000104308126,-0.0034999999217689036,0.02099999953061342,-0.0034999999217689036,0.0,0.0,0.0,0.0,-1,1,-1,1,0,0,0,0,0,0,0,0
1783308582.3055658,0.0,0.0,0.0,0.0,0.0,0,0.0,0.0,0.0,0.0,-0.07000000029802322,0.009999999776482582,-0.05999999865889549,0.009999999776482582,0.07000000029802322,-0.009999999776482582,0.05999999865889549,-0.009999999776482582,0.024500000104308126,-0.0034999999217689036,0.02099999953061342,-0.0034999999217689036,0.0,0.0,0.0,0.0,-1,1,-1,1,0,0,0,0,0,0,0,0
1783308582.3256958,0.0,0.0,0.0,0.0,0.0,0,0.0,0.0,0.0,0.0,-0.07000000029802322,0.009999999776482582,-0.05999999865889549,0.009999999776482582,0.07000000029802322,-0.009999999776482582,0.05999999865889549,-0.009999999776482582,0.024500000104308126,-0.0034999999217689036,0.02099999953061342,-0.0034999999217689036,0.0,0.0,0.0,0.0,-1,1,-1,1,0,0,0,0,0,0,0,0
1783308582.3456123,0.0,0.0,0.12,0.0,0.0,1,10.225092959257768,-10.225092959257768,10.225092959257768,-10.225092959257768,-0.05000000074505806,0.009999999776482582,-0.03999999910593033,0.009999999776482582,10.275092960002826,-10.235092959034251,10.265092958363699,-10.235092959034251,3.596282536000989,-3.5822825356619874,3.592782535427294,-3.5822825356619874,0.09247583664002544,-0.09211583663130826,0.09238583662527329,-0.09211583663130826,-1,1,-1,1,-18,-18,-18,-18,-22,-22,-22,-22
1783308582.3656845,0.0,0.0,0.12,0.0,0.0,1,10.225092959257768,-10.225092959257768,10.225092959257768,-10.225092959257768,-0.05000000074505806,0.009999999776482582,-0.03999999910593033,0.009999999776482582,10.275092960002826,-10.235092959034251,10.265092958363699,-10.235092959034251,3.596282536000989,-3.5822825356619874,3.592782535427294,-3.5822825356619874,0.18495167328005088,-0.18423167326261652,0.18477167325054658,-0.18423167326261652,-1,1,-1,1,-18,-18,-18,-18,-22,-22,-22,-22
1783308582.385632,0.0,0.0,0.0,0.0,0.0,0,0.0,0.0,0.0,0.0,-0.03999999910593033,-0.2199999988079071,-0.029999999329447746,-0.2199999988079071,0.03999999910593033,0.2199999988079071,0.029999999329447746,0.2199999988079071,0.013999999687075614,0.07699999958276749,0.01049999976530671,0.07699999958276749,0.0,0.0,0.0,0.0,-1,1,-1,1,0,0,0,0,0,0,0,0
1783308582.4055753,0.0,0.0,0.0,0.0,0.0,0,0.0,0.0,0.0,0.0,-0.03999999910593033,-0.2199999988079071,-0.029999999329447746,-0.2199999988079071,0.03999999910593033,0.2199999988079071,0.029999999329447746,0.2199999988079071,0.013999999687075614,0.07699999958276749,0.01049999976530671,0.07699999958276749,0.0,0.0,0.0,0.0,-1,1,-1,1,0,0,0,0,0,0,0,0
1783308582.4255843,0.0,0.0,0.0,0.0,0.0,0,0.0,0.0,0.0,0.0,-0.03999999910593033,-0.2199999988079071,-0.029999999329447746,-0.2199999988079071,0.03999999910593033,0.2199999988079071,0.029999999329447746,0.2199999988079071,0.013999999687075614,0.07699999958276749,0.01049999976530671,0.07699999958276749,0.0,0.0,0.0,0.0,-1,1,-1,1,0,0,0,0,0,0,0,0
1783308582.4455972,0.0,0.0,0.0,0.0,0.0,0,0.0,0.0,0.0,0.0,0.20000000298023224,-0.15000000596046448,-0.019999999552965164,-0.1599999964237213,-0.20000000298023224,0.15000000596046448,0.019999999552965164,0.1599999964237213,-0.07000000104308128,0.05250000208616257,0.006999999843537807,0.05599999874830246,0.0,0.0,0.0,0.0,-1,1,-1,1,0,0,0,0,0,0,0,0
1783308582.4655752,0.0,0.0,0.0,0.0,0.0,0,0.0,0.0,0.0,0.0,0.20000000298023224,-0.15000000596046448,-0.019999999552965164,-0.1599999964237213,-0.20000000298023224,0.15000000596046448,0.019999999552965164,0.1599999964237213,-0.07000000104308128,0.05250000208616257,0.006999999843537807,0.05599999874830246,0.0,0.0,0.0,0.0,-1,1,-1,1,0,0,0,0,0,0,0,0
1783308582.485992,0.0,0.0,0.0,0.0,0.0,0,0.0,0.0,0.0,0.0,-0.09000000357627869,-0.10999999940395355,-0.009999999776482582,-0.10999999940395355,0.09000000357627869,0.10999999940395355,0.009999999776482582,0.10999999940395355,0.03150000125169754,0.03849999979138374,0.0034999999217689036,0.03849999979138374,0.0,0.0,0.0,0.0,-1,1,-1,1,0,0,0,0,0,0,0,0
1783308582.5057256,0.0,0.0,0.0,0.0,0.0,0,0.0,0.0,0.0,0.0,-0.09000000357627869,-0.10999999940395355,-0.009999999776482582,-0.10999999940395355,0.09000000357627869,0.10999999940395355,0.009999999776482582,0.10999999940395355,0.03150000125169754,0.03849999979138374,0.0034999999217689036,0.03849999979138374,0.0,0.0,0.0,0.0,-1,1,-1,1,0,0,0,0,0,0,0,0
1783308582.525673,0.0,0.0,0.12,0.0,0.0,1,10.225092959257768,-10.225092959257768,10.225092959257768,-10.225092959257768,-0.09000000357627869,-0.10999999940395355,-0.009999999776482582,-0.10999999940395355,10.315092962834047,-10.115092959853815,10.235092959034251,-10.115092959853815,3.610282536991916,-3.540282535948835,3.5822825356619874,-3.540282535948835,0.09283583666550642,-0.09103583663868435,0.09211583663130826,-0.09103583663868435,-1,1,-1,1,-18,-18,-18,-18,-22,-22,-22,-22
1783308582.545728,0.0,0.0,0.12,0.0,0.0,1,10.225092959257768,-10.225092959257768,10.225092959257768,-10.225092959257768,-0.05999999865889549,-0.07999999821186066,-0.009999999776482582,-0.07999999821186066,10.285092957916664,-10.145092961045908,10.235092959034251,-10.145092961045908,3.599782535270832,-3.5507825363660674,3.5822825356619874,-3.5507825363660674,0.18540167328675639,-0.18234167328809753,0.18423167326261652,-0.18234167328809753,-1,1,-1,1,-18,-18,-18,-18,-22,-22,-22,-22
1783308582.5655837,0.0,0.0,0.0,0.0,0.0,0,0.0,0.0,0.0,0.0,-0.05999999865889549,-0.07999999821186066,-0.009999999776482582,-0.07999999821186066,0.05999999865889549,0.07999999821186066,0.009999999776482582,0.07999999821186066,0.02099999953061342,0.02799999937415123,0.0034999999217689036,0.02799999937415123,0.0,0.0,0.0,0.0,-1,1,-1,1,0,0,0,0,0,0,0,0
1783308582.5857303,0.0,0.0,0.0,0.0,0.0,0,0.0,0.0,0.0,0.0,0.18000000715255737,-0.05000000074505806,0.2199999988079071,-0.05000000074505806,-0.18000000715255737,0.05000000074505806,-0.2199999988079071,0.05000000074505806,-0.06300000250339508,0.01750000026077032,-0.07699999958276749,0.01750000026077032,0.0,0.0,0.0,0.0,-1,1,-1,1,0,0,0,0,0,0,0,0
1783308582.6055558,0.0,0.0,0.0,0.0,0.0,0,0.0,0.0,0.0,0.0,0.18000000715255737,-0.05000000074505806,0.2199999988079071,-0.05000000074505806,-0.18000000715255737,0.05000000074505806,-0.2199999988079071,0.05000000074505806,-0.06300000250339508,0.01750000026077032,-0.07699999958276749,0.01750000026077032,0.0,0.0,0.0,0.0,-1,1,-1,1,0,0,0,0,0,0,0,0
1783308582.6256034,0.0,0.0,0.0,0.0,0.0,0,0.0,0.0,0.0,0.0,0.18000000715255737,-0.05000000074505806,0.2199999988079071,-0.05000000074505806,-0.18000000715255737,0.05000000074505806,-0.2199999988079071,0.05000000074505806,-0.06300000250339508,0.01750000026077032,-0.07699999958276749,0.01750000026077032,0.0,0.0,0.0,0.0,-1,1,-1,1,0,0,0,0,0,0,0,0
1783308582.645584,0.0,0.0,0.0,0.0,0.0,0,0.0,0.0,0.0,0.0,-0.10000000149011612,-0.03999999910593033,-0.07000000029802322,-0.03999999910593033,0.10000000149011612,0.03999999910593033,0.07000000029802322,0.03999999910593033,0.03500000052154064,0.013999999687075614,0.024500000104308126,0.013999999687075614,0.0,0.0,0.0,0.0,-1,1,-1,1,0,0,0,0,0,0,0,0
1783308582.6655586,0.0,0.0,0.0,0.0,0.0,0,0.0,0.0,0.0,0.0,-0.10000000149011612,-0.03999999910593033,-0.07000000029802322,-0.03999999910593033,0.10000000149011612,0.03999999910593033,0.07000000029802322,0.03999999910593033,0.03500000052154064,0.013999999687075614,0.024500000104308126,0.013999999687075614,0.0,0.0,0.0,0.0,-1,1,-1,1,0,0,0,0,0,0,0,0
1783308582.6856136,0.0,0.0,0.0,0.0,0.0,0,0.0,0.0,0.0,0.0,-0.07000000029802322,-0.029999999329447746,-0.05000000074505806,-0.029999999329447746,0.07000000029802322,0.029999999329447746,0.05000000074505806,0.029999999329447746,0.024500000104308126,0.01049999976530671,0.01750000026077032,0.01049999976530671,0.0,0.0,0.0,0.0,-1,1,-1,1,0,0,0,0,0,0,0,0
1783308582.705584,0.0,0.0,0.12,0.0,0.0,1,10.225092959257768,-10.225092959257768,10.225092959257768,-10.225092959257768,-0.07000000029802322,-0.029999999329447746,-0.05000000074505806,-0.029999999329447746,10.295092959555792,-10.19509295992832,10.275092960002826,-10.19509295992832,3.6032825358445266,-3.568282535974912,3.596282536000989,-3.568282535974912,0.09265583663600213,-0.0917558366393549,0.09247583664002544,-0.0917558366393549,-1,1,-1,1,-18,-18,-18,-18,-22,-22,-22,-22
1783308582.725714,0.0,0.0,0.12,0.0,0.0,1,10.225092959257768,-10.225092959257768,10.225092959257768,-10.225092959257768,-0.07000000029802322,-0.029999999329447746,-0.05000000074505806,-0.029999999329447746,10.295092959555792,-10.19509295992832,10.275092960002826,-10.19509295992832,3.6032825358445266,-3.568282535974912,3.596282536000989,-3.568282535974912,0.18531167327200426,-0.1835116732787098,0.18495167328005088,-0.1835116732787098,-1,1,-1,1,-18,-18,-18,-18,-22,-22,-22,-22
1783308582.745569,0.0,0.0,0.0,0.0,0.0,0,0.0,0.0,0.0,0.0,-0.05000000074505806,-0.019999999552965164,-0.03999999910593033,-0.019999999552965164,0.05000000074505806,0.019999999552965164,0.03999999910593033,0.019999999552965164,0.01750000026077032,0.006999999843537807,0.013999999687075614,0.006999999843537807,0.0,0.0,0.0,0.0,-1,1,-1,1,0,0,0,0,0,0,0,0
1783308582.7656868,0.0,0.0,0.0,0.0,0.0,0,0.0,0.0,0.0,0.0,-0.05000000074505806,-0.019999999552965164,-0.03999999910593033,-0.019999999552965164,0.05000000074505806,0.019999999552965164,0.03999999910593033,0.019999999552965164,0.01750000026077032,0.006999999843537807,0.013999999687075614,0.006999999843537807,0.0,0.0,0.0,0.0,-1,1,-1,1,0,0,0,0,0,0,0,0
1783308582.7856526,0.0,0.0,0.0,0.0,0.0,0,0.0,0.0,0.0,0.0,0.1899999976158142,-0.009999999776482582,0.20000000298023224,-0.009999999776482582,-0.1899999976158142,0.009999999776482582,-0.20000000298023224,0.009999999776482582,-0.06649999916553496,0.0034999999217689036,-0.07000000104308128,0.0034999999217689036,0.0,0.0,0.0,0.0,-1,1,-1,1,0,0,0,0,0,0,0,0
1783308582.8055587,0.0,0.0,0.0,0.0,0.0,0,0.0,0.0,0.0,0.0,0.1899999976158142,-0.009999999776482582,0.20000000298023224,-0.009999999776482582,-0.1899999976158142,0.009999999776482582,-0.20000000298023224,0.009999999776482582,-0.06649999916553496,0.0034999999217689036,-0.07000000104308128,0.0034999999217689036,0.0,0.0,0.0,0.0,-1,1,-1,1,0,0,0,0,0,0,0,0
1783308582.8256981,0.0,0.0,0.0,0.0,0.0,0,0.0,0.0,0.0,0.0,0.1899999976158142,-0.009999999776482582,0.20000000298023224,-0.009999999776482582,-0.1899999976158142,0.009999999776482582,-0.20000000298023224,0.009999999776482582,-0.06649999916553496,0.0034999999217689036,-0.07000000104308128,0.0034999999217689036,0.0,0.0,0.0,0.0,-1,1,-1,1,0,0,0,0,0,0,0,0
1783308582.8455613,0.0,0.0,0.0,0.0,0.0,0,0.0,0.0,0.0,0.0,-0.09000000357627869,-0.009999999776482582,-0.09000000357627869,-0.009999999776482582,0.09000000357627869,0.009999999776482582,0.09000000357627869,0.009999999776482582,0.03150000125169754,0.0034999999217689036,0.03150000125169754,0.0034999999217689036,0.0,0.0,0.0,0.0,-1,1,-1,1,0,0,0,0,0,0,0,0
1783308582.865589,0.0,0.0,0.0,0.0,0.0,0,0.0,0.0,0.0,0.0,-0.09000000357627869,-0.009999999776482582,-0.09000000357627869,-0.009999999776482582,0.09000000357627869,0.009999999776482582,0.09000000357627869,0.009999999776482582,0.03150000125169754,0.0034999999217689036,0.03150000125169754,0.0034999999217689036,0.0,0.0,0.0,0.0,-1,1,-1,1,0,0,0,0,0,0,0,0
1783308582.8857055,0.0,0.0,0.12,0.0,0.0,1,10.225092959257768,-10.225092959257768,10.225092959257768,-10.225092959257768,-0.05999999865889549,-0.009999999776482582,-0.05999999865889549,-0.009999999776482582,10.285092957916664,-10.215092959481286,10.285092957916664,-10.215092959481286,3.599782535270832,-3.5752825358184497,3.599782535270832,-3.5752825358184497,0.09256583662124998,-0.09193583663533157,0.09256583662124998,-0.09193583663533157,-1,1,-1,1,-18,-18,-18,-18,-22,-22,-22,-22
1783308582.9056349,0.0,0.0,0.12,0.0,0.0,1,10.225092959257768,-10.225092959257768,10.225092959257768,-10.225092959257768,-0.05999999865889549,-0.009999999776482582,-0.05999999865889549,-0.009999999776482582,10.285092957916664,-10.215092959481286,10.285092957916664,-10.215092959481286,3.599782535270832,-3.5752825358184497,3.599782535270832,-3.5752825358184497,0.18513167324249996,-0.18387167327066314,0.18513167324249996,-0.18387167327066314,-1,1,-1,1,-18,-18,-18,-18,-22,-22,-22,-22
1783308582.9255936,0.0,0.0,0.0,0.0,0.0,0,0.0,0.0,0.0,0.0,-0.05999999865889549,-0.009999999776482582,-0.05999999865889549,-0.009999999776482582,0.05999999865889549,0.009999999776482582,0.05999999865889549,0.009999999776482582,0.02099999953061342,0.0034999999217689036,0.02099999953061342,0.0034999999217689036,0.0,0.0,0.0,0.0,-1,1,-1,1,0,0,0,0,0,0,0,0
1783308582.945576,0.0,0.0,0.0,0.0,0.0,0,0.0,0.0,0.0,0.0,0.18000000715255737,-0.0,0.18000000715255737,-0.0,-0.18000000715255737,0.0,-0.18000000715255737,0.0,-0.06300000250339508,0.0,-0.06300000250339508,0.0,0.0,0.0,0.0,0.0,-1,1,-1,1,0,0,0,0,0,0,0,0
1783308582.965649,0.0,0.0,0.0,0.0,0.0,0,0.0,0.0,0.0,0.0,0.18000000715255737,-0.0,0.18000000715255737,-0.0,-0.18000000715255737,0.0,-0.18000000715255737,0.0,-0.06300000250339508,0.0,-0.06300000250339508,0.0,0.0,0.0,0.0,0.0,-1,1,-1,1,0,0,0,0,0,0,0,0
1783308582.985647,0.0,0.0,0.0,0.0,0.0,0,0.0,0.0,0.0,0.0,-0.10000000149011612,-0.0,-0.10000000149011612,-0.0,0.10000000149011612,0.0,0.10000000149011612,0.0,0.03500000052154064,0.0,0.03500000052154064,0.0,0.0,0.0,0.0,0.0,-1,1,-1,1,0,0,0,0,0,0,0,0
1783308583.005654,0.0,0.0,0.0,0.0,0.0,0,0.0,0.0,0.0,0.0,-0.10000000149011612,-0.0,-0.10000000149011612,-0.0,0.10000000149011612,0.0,0.10000000149011612,0.0,0.03500000052154064,0.0,0.03500000052154064,0.0,0.0,0.0,0.0,0.0,-1,1,-1,1,0,0,0,0,0,0,0,0
1783308583.0255659,0.0,0.0,0.0,0.0,0.0,0,0.0,0.0,0.0,0.0,-0.10000000149011612,-0.0,-0.10000000149011612,-0.0,0.10000000149011612,0.0,0.10000000149011612,0.0,0.03500000052154064,0.0,0.03500000052154064,0.0,0.0,0.0,0.0,0.0,-1,1,-1,1,0,0,0,0,0,0,0,0
1783308583.0455954,0.0,0.0,0.0,0.0,0.0,0,0.0,0.0,0.0,0.0,-0.07000000029802322,-0.0,-0.07000000029802322,-0.0,0.07000000029802322,0.0,0.07000000029802322,0.0,0.024500000104308126,0.0,0.024500000104308126,0.0,0.0,0.0,0.0,0.0,-1,1,-1,1,0,0,0,0,0,0,0,0
1783308583.0656676,0.0,0.0,0.12,0.0,0.0,1,10.225092959257768,-10.225092959257768,10.225092959257768,-10.225092959257768,-0.07000000029802322,-0.0,-0.07000000029802322,-0.0,10.295092959555792,-10.225092959257768,10.295092959555792,-10.225092959257768,3.6032825358445266,-3.5787825357402188,3.6032825358445266,-3.5787825357402188,0.09265583663600213,-0.09202583663331992,0.09265583663600213,-0.09202583663331992,-1,1,-1,1,-18,-18,-18,-18,-22,-22,-22,-22
1783308583.085678,0.0,0.0,0.12,0.0,0.0,1,10.225092959257768,-10.225092959257768,10.225092959257768,-10.225092959257768,-0.05000000074505806,-0.0,-0.05000000074505806,-0.0,10.275092960002826,-10.225092959257768,10.275092960002826,-10.225092959257768,3.596282536000989,-3.5787825357402188,3.596282536000989,-3.5787825357402188,0.1851316732760276,-0.18405167326663985,0.1851316732760276,-0.18405167326663985,-1,1,-1,1,-18,-18,-18,-18,-22,-22,-22,-22
1783308583.1056929,0.0,0.0,0.0,0.0,0.0,0,0.0,0.0,0.0,0.0,-0.05000000074505806,-0.0,-0.05000000074505806,-0.0,0.05000000074505806,0.0,0.05000000074505806,0.0,0.01750000026077032,0.0,0.01750000026077032,0.0,0.0,0.0,0.0,0.0,-1,1,-1,1,0,0,0,0,0,0,0,0
1783308583.1255777,0.0,0.0,0.0,0.0,0.0,0,0.0,0.0,0.0,0.0,-0.05000000074505806,-0.0,-0.05000000074505806,-0.0,0.05000000074505806,0.0,0.05000000074505806,0.0,0.01750000026077032,0.0,0.01750000026077032,0.0,0.0,0.0,0.0,0.0,-1,1,-1,1,0,0,0,0,0,0,0,0
1783308583.145679,0.0,0.0,0.0,0.0,0.0,0,0.0,0.0,0.0,0.0,0.1899999976158142,-0.0,0.1899999976158142,-0.0,-0.1899999976158142,0.0,-0.1899999976158142,0.0,-0.06649999916553496,0.0,-0.06649999916553496,0.0,0.0,0.0,0.0,0.0,-1,1,-1,1,0,0,0,0,0,0,0,0
1783308583.165573,0.0,0.0,0.0,0.0,0.0,0,0.0,0.0,0.0,0.0,0.1899999976158142,-0.0,0.1899999976158142,-0.0,-0.1899999976158142,0.0,-0.1899999976158142,0.0,-0.06649999916553496,0.0,-0.06649999916553496,0.0,0.0,0.0,0.0,0.0,-1,1,-1,1,0,0,0,0,0,0,0,0
1783308583.1856365,0.0,0.0,0.0,0.0,0.0,0,0.0,0.0,0.0,0.0,-0.09000000357627869,-0.0,-0.09000000357627869,-0.0,0.09000000357627869,0.0,0.09000000357627869,0.0,0.03150000125169754,0.0,0.03150000125169754,0.0,0.0,0.0,0.0,0.0,-1,1,-1,1,0,0,0,0,0,0,0,0
1783308583.2055905,0.0,0.0,0.0,0.0,0.0,0,0.0,0.0,0.0,0.0,-0.09000000357627869,-0.0,-0.09000000357627869,-0.0,0.09000000357627869,0.0,0.09000000357627869,0.0,0.03150000125169754,0.0,0.03150000125169754,0.0,0.0,0.0,0.0,0.0,-1,1,-1,1,0,0,0,0,0,0,0,0
1783308583.2255924,0.0,0.0,0.0,0.0,0.0,0,0.0,0.0,0.0,0.0,-0.09000000357627869,-0.0,-0.09000000357627869,-0.0,0.09000000357627869,0.0,0.09000000357627869,0.0,0.03150000125169754,0.0,0.03150000125169754,0.0,0.0,0.0,0.0,0.0,-1,1,-1,1,0,0,0,0,0,0,0,0
1783308583.2456336,0.0,0.0,0.12,0.0,0.0,1,10.225092959257768,-10.225092959257768,10.225092959257768,-10.225092959257768,-0.05999999865889549,-0.0,-0.05999999865889549,-0.0,10.285092957916664,-10.225092959257768,10.285092957916664,-10.225092959257768,3.599782535270832,-3.5787825357402188,3.599782535270832,-3.5787825357402188,0.09256583662124998,-0.09202583663331992,0.09256583662124998,-0.09202583663331992,-1,1,-1,1,-18,-18,-18,-18,-22,-22,-22,-22
1783308583.265598,0.0,0.0,0.12,0.0,0.0,1,10.225092959257768,-10.225092959257768,10.225092959257768,-10.225092959257768,-0.05999999865889549,-0.0,-0.05999999865889549,-0.0,10.285092957916664,-10.225092959257768,10.285092957916664,-10.225092959257768,3.599782535270832,-3.5787825357402188,3.599782535270832,-3.5787825357402188,0.18513167324249996,-0.18405167326663985,0.18513167324249996,-0.18405167326663985,-1,1,-1,1,-18,-18,-18,-18,-22,-22,-22,-22
1783308583.2856505,0.0,0.0,0.0,0.0,0.0,0,0.0,0.0,0.0,0.0,-0.03999999910593033,-0.0,0.18000000715255737,-0.0,0.03999999910593033,0.0,-0.18000000715255737,0.0,0.013999999687075614,0.0,-0.06300000250339508,0.0,0.0,0.0,0.0,0.0,-1,1,-1,1,0,0,0,0,0,0,0,0
1783308583.3056679,0.0,0.0,0.0,0.0,0.0,0,0.0,0.0,0.0,0.0,-0.03999999910593033,-0.0,0.18000000715255737,-0.0,0.03999999910593033,0.0,-0.18000000715255737,0.0,0.013999999687075614,0.0,-0.06300000250339508,0.0,0.0,0.0,0.0,0.0,-1,1,-1,1,0,0,0,0,0,0,0,0
1783308583.3255947,0.0,0.0,0.0,0.0,0.0,0,0.0,0.0,0.0,0.0,-0.03999999910593033,-0.0,0.18000000715255737,-0.0,0.03999999910593033,0.0,-0.18000000715255737,0.0,0.013999999687075614,0.0,-0.06300000250339508,0.0,0.0,0.0,0.0,0.0,-1,1,-1,1,0,0,0,0,0,0,0,0
1783308583.3455768,0.0,0.0,0.0,0.0,0.0,0,0.0,0.0,0.0,0.0,0.1899999976158142,-0.0,0.12999999523162842,-0.0,-0.1899999976158142,0.0,-0.12999999523162842,0.0,-0.06649999916553496,0.0,-0.04549999833106994,0.0,0.0,0.0,0.0,0.0,-1,1,-1,1,0,0,0,0,0,0,0,0
1783308583.3656044,0.0,0.0,0.0,0.0,0.0,0,0.0,0.0,0.0,0.0,0.1899999976158142,-0.0,0.12999999523162842,-0.0,-0.1899999976158142,0.0,-0.12999999523162842,0.0,-0.06649999916553496,0.0,-0.04549999833106994,0.0,0.0,0.0,0.0,0.0,-1,1,-1,1,0,0,0,0,0,0,0,0
1783308583.3856456,0.0,0.0,0.0,0.0,0.0,0,0.0,0.0,0.0,0.0,-0.09000000357627869,-0.0,-0.14000000059604645,-0.0,0.09000000357627869,0.0,0.14000000059604645,0.0,0.03150000125169754,0.0,0.04900000020861625,0.0,0.0,0.0,0.0,0.0,-1,1,-1,1,0,0,0,0,0,0,0,0
1783308583.4055836,0.0,0.0,0.0,0.0,0.0,0,0.0,0.0,0.0,0.0,-0.09000000357627869,-0.0,-0.14000000059604645,-0.0,0.09000000357627869,0.0,0.14000000059604645,0.0,0.03150000125169754,0.0,0.04900000020861625,0.0,0.0,0.0,0.0,0.0,-1,1,-1,1,0,0,0,0,0,0,0,0
1783308583.4256947,0.0,0.0,0.12,0.0,0.0,1,10.225092959257768,-10.225092959257768,10.225092959257768,-10.225092959257768,-0.09000000357627869,-0.0,-0.14000000059604645,-0.0,10.315092962834047,-10.225092959257768,10.365092959853815,-10.225092959257768,3.610282536991916,-3.5787825357402188,3.627782535948835,-3.5787825357402188,0.09283583666550642,-0.09202583663331992,0.09328583663868434,-0.09202583663331992,-1,1,-1,1,-18,-18,-18,-18,-22,-22,-22,-22
1783308583.4456322,0.0,0.0,0.12,0.0,0.0,1,10.225092959257768,-10.225092959257768,10.225092959257768,-10.225092959257768,-0.05999999865889549,-0.0,-0.10000000149011612,-0.0,10.285092957916664,-10.225092959257768,10.325092960747885,-10.225092959257768,3.599782535270832,-3.5787825357402188,3.6137825362617595,-3.5787825357402188,0.18540167328675639,-0.18405167326663985,0.1862116732854153,-0.18405167326663985,-1,1,-1,1,-18,-18,-18,-18,-22,-22,-22,-22
1783308583.4655821,0.0,0.0,0.0,0.0,0.0,0,0.0,0.0,0.0,0.0,-0.05999999865889549,-0.0,-0.10000000149011612,-0.0,0.05999999865889549,0.0,0.10000000149011612,0.0,0.02099999953061342,0.0,0.03500000052154064,0.0,0.0,0.0,0.0,0.0,-1,1,-1,1,0,0,0,0,0,0,0,0
1783308583.4856267,0.0,0.0,0.0,0.0,0.0,0,0.0,0.0,0.0,0.0,0.18000000715255737,-0.0,0.1599999964237213,-0.0,-0.18000000715255737,0.0,-0.1599999964237213,0.0,-0.06300000250339508,0.0,-0.05599999874830246,0.0,0.0,0.0,0.0,0.0,-1,1,-1,1,0,0,0,0,0,0,0,0
1783308583.505566,0.0,0.0,0.0,0.0,0.0,0,0.0,0.0,0.0,0.0,0.18000000715255737,-0.0,0.1599999964237213,-0.0,-0.18000000715255737,0.0,-0.1599999964237213,0.0,-0.06300000250339508,0.0,-0.05599999874830246,0.0,0.0,0.0,0.0,0.0,-1,1,-1,1,0,0,0,0,0,0,0,0
1783308583.5256488,0.0,0.0,0.0,0.0,0.0,0,0.0,0.0,0.0,0.0,0.18000000715255737,-0.0,0.1599999964237213,-0.0,-0.18000000715255737,0.0,-0.1599999964237213,0.0,-0.06300000250339508,0.0,-0.05599999874830246,0.0,0.0,0.0,0.0,0.0,-1,1,-1,1,0,0,0,0,0,0,0,0
1783308583.5455878,0.0,0.0,0.0,0.0,0.0,0,0.0,0.0,0.0,0.0,-0.10000000149011612,-0.0,0.10999999940395355,-0.0,0.10000000149011612,0.0,-0.10999999940395355,0.0,0.03500000052154064,0.0,-0.03849999979138374,0.0,0.0,0.0,0.0,0.0,-1,1,-1,1,0,0,0,0,0,0,0,0
1783308583.5655754,0.0,0.0,0.0,0.0,0.0,0,0.0,0.0,0.0,0.0,-0.10000000149011612,-0.0,0.10999999940395355,-0.0,0.10000000149011612,0.0,-0.10999999940395355,0.0,0.03500000052154064,0.0,-0.03849999979138374,0.0,0.0,0.0,0.0,0.0,-1,1,-1,1,0,0,0,0,0,0,0,0
1783308583.58563,0.0,0.0,0.0,0.0,0.0,0,0.0,0.0,0.0,0.0,-0.07000000029802322,-0.0,-0.15000000596046448,-0.0,0.07000000029802322,0.0,0.15000000596046448,0.0,0.024500000104308126,0.0,0.05250000208616257,0.0,0.0,0.0,0.0,0.0,-1,1,-1,1,0,0,0,0,0,0,0,0
1783308583.6056054,0.0,0.0,0.12,0.0,0.0,1,10.225092959257768,-10.225092959257768,10.225092959257768,-10.225092959257768,-0.07000000029802322,-0.0,-0.15000000596046448,-0.0,10.295092959555792,-10.225092959257768,10.375092965218233,-10.225092959257768,3.6032825358445266,-3.5787825357402188,3.6312825378263813,-3.5787825357402188,0.09265583663600213,-0.09202583663331992,0.09337583668696411,-0.09202583663331992,-1,1,-1,1,-18,-18,-18,-18,-22,-22,-22,-22
1783308583.6256075,0.0,0.0,0.12,0.0,0.0,1,10.225092959257768,-10.225092959257768,10.225092959257768,-10.225092959257768,-0.07000000029802322,-0.0,-0.15000000596046448,-0.0,10.295092959555792,-10.225092959257768,10.375092965218233,-10.225092959257768,3.6032825358445266,-3.5787825357402188,3.6312825378263813,-3.5787825357402188,0.18531167327200426,-0.18405167326663985,0.18675167337392823,-0.18405167326663985,-1,1,-1,1,-18,-18,-18,-18,-22,-22,-22,-22
1783308583.6455941,0.0,0.0,0.0,0.0,0.0,0,0.0,0.0,0.0,0.0,-0.05000000074505806,-0.0,-0.10000000149011612,-0.0,0.05000000074505806,0.0,0.10000000149011612,0.0,0.01750000026077032,0.0,0.03500000052154064,0.0,0.0,0.0,0.0,0.0,-1,1,-1,1,0,0,0,0,0,0,0,0
1783308583.6655734,0.0,0.0,0.0,0.0,0.0,0,0.0,0.0,0.0,0.0,-0.05000000074505806,-0.0,-0.10000000149011612,-0.0,0.05000000074505806,0.0,0.10000000149011612,0.0,0.01750000026077032,0.0,0.03500000052154064,0.0,0.0,0.0,0.0,0.0,-1,1,-1,1,0,0,0,0,0,0,0,0
1783308583.6856794,0.0,0.0,0.0,0.0,0.0,0,0.0,0.0,0.0,0.0,0.1899999976158142,-0.0,0.15000000596046448,-0.0,-0.1899999976158142,0.0,-0.15000000596046448,0.0,-0.06649999916553496,0.0,-0.05250000208616257,0.0,0.0,0.0,0.0,0.0,-1,1,-1,1,0,0,0,0,0,0,0,0
1783308583.7056556,0.0,0.0,0.0,0.0,0.0,0,0.0,0.0,0.0,0.0,0.1899999976158142,-0.0,0.15000000596046448,-0.0,-0.1899999976158142,0.0,-0.15000000596046448,0.0,-0.06649999916553496,0.0,-0.05250000208616257,0.0,0.0,0.0,0.0,0.0,-1,1,-1,1,0,0,0,0,0,0,0,0
1783308583.7255733,0.0,0.0,0.0,0.0,0.0,0,0.0,0.0,0.0,0.0,0.1899999976158142,-0.0,0.15000000596046448,-0.0,-0.1899999976158142,0.0,-0.15000000596046448,0.0,-0.06649999916553496,0.0,-0.05250000208616257,0.0,0.0,0.0,0.0,0.0,-1,1,-1,1,0,0,0,0,0,0,0,0
1783308583.745624,0.0,0.0,0.0,0.0,0.0,0,0.0,0.0,0.0,0.0,-0.09000000357627869,-0.0,-0.11999999731779099,-0.0,0.09000000357627869,0.0,0.11999999731779099,0.0,0.03150000125169754,0.0,0.04199999906122684,0.0,0.0,0.0,0.0,0.0,-1,1,-1,1,0,0,0,0,0,0,0,0
1783308583.765579,0.0,0.0,0.0,0.0,0.0,0,0.0,0.0,0.0,0.0,-0.09000000357627869,-0.0,-0.11999999731779099,-0.0,0.09000000357627869,0.0,0.11999999731779099,0.0,0.03150000125169754,0.0,0.04199999906122684,0.0,0.0,0.0,0.0,0.0,-1,1,-1,1,0,0,0,0,0,0,0,0
1783308583.785671,0.0,0.0,0.12,0.0,0.0,1,10.225092959257768,-10.225092959257768,10.225092959257768,-10.225092959257768,-0.05999999865889549,-0.0,-0.07999999821186066,-0.0,10.285092957916664,-10.225092959257768,10.305092957469629,-10.225092959257768,3.599782535270832,-3.5787825357402188,3.60678253511437,-3.5787825357402188,0.09256583662124998,-0.09202583663331992,0.09274583661722666,-0.09202583663331992,-1,1,-1,1,-18,-18,-18,-18,-22,-22,-22,-22
1783308583.805722,0.0,0.0,0.12,0.0,0.0,1,10.225092959257768,-10.225092959257768,10.225092959257768,-10.225092959257768,-0.05999999865889549,-0.0,-0.07999999821186066,-0.0,10.285092957916664,-10.225092959257768,10.305092957469629,-10.225092959257768,3.599782535270832,-3.5787825357402188,3.60678253511437,-3.5787825357402188,0.18513167324249996,-0.18405167326663985,0.1854916732344533,-0.18405167326663985,-1,1,-1,1,-18,-18,-18,-18,-22,-22,-22,-22
1783308583.825569,0.0,0.0,0.0,0.0,0.0,0,0.0,0.0,0.0,0.0,-0.05999999865889549,-0.0,-0.07999999821186066,-0.0,0.05999999865889549,0.0,0.07999999821186066,0.0,0.02099999953061342,0.0,0.02799999937415123,0.0,0.0,0.0,0.0,0.0,-1,1,-1,1,0,0,0,0,0,0,0,0
1783308583.8455667,0.0,0.0,0.0,0.0,0.0,0,0.0,0.0,0.0,0.0,0.18000000715255737,-0.0,0.17000000178813934,-0.0,-0.18000000715255737,0.0,-0.17000000178813934,0.0,-0.06300000250339508,0.0,-0.059500000625848766,0.0,0.0,0.0,0.0,0.0,-1,1,-1,1,0,0,0,0,0,0,0,0
1783308583.8656976,0.0,0.0,0.0,0.0,0.0,0,0.0,0.0,0.0,0.0,0.18000000715255737,-0.0,0.17000000178813934,-0.0,-0.18000000715255737,0.0,-0.17000000178813934,0.0,-0.06300000250339508,0.0,-0.059500000625848766,0.0,0.0,0.0,0.0,0.0,-1,1,-1,1,0,0,0,0,0,0,0,0
1783308583.8856528,0.0,0.0,0.0,0.0,0.0,0,0.0,0.0,0.0,0.0,-0.10000000149011612,-0.0,0.11999999731779099,-0.0,0.10000000149011612,0.0,-0.11999999731779099,0.0,0.03500000052154064,0.0,-0.04199999906122684,0.0,0.0,0.0,0.0,0.0,-1,1,-1,1,0,0,0,0,0,0,0,0
1783308583.9055595,0.0,0.0,0.0,0.0,0.0,0,0.0,0.0,0.0,0.0,-0.10000000149011612,-0.0,0.11999999731779099,-0.0,0.10000000149011612,0.0,-0.11999999731779099,0.0,0.03500000052154064,0.0,-0.04199999906122684,0.0,0.0,0.0,0.0,0.0,-1,1,-1,1,0,0,0,0,0,0,0,0
1783308583.9255562,0.0,0.0,0.0,0.0,0.0,0,0.0,0.0,0.0,0.0,-0.10000000149011612,-0.0,0.11999999731779099,-0.0,0.10000000149011612,0.0,-0.11999999731779099,0.0,0.03500000052154064,0.0,-0.04199999906122684,0.0,0.0,0.0,0.0,0.0,-1,1,-1,1,0,0,0,0,0,0,0,0
1783308583.945756,0.0,0.0,0.0,0.0,0.0,0,0.0,0.0,0.0,0.0,-0.07000000029802322,-0.0,0.07999999821186066,-0.0,0.07000000029802322,0.0,-0.07999999821186066,0.0,0.024500000104308126,0.0,-0.02799999937415123,0.0,0.0,0.0,0.0,0.0,-1,1,-1,1,0,0,0,0,0,0,0,0
1783308583.9656568,0.0,0.0,0.12,0.0,0.0,1,10.225092959257768,-10.225092959257768,10.225092959257768,-10.225092959257768,-0.07000000029802322,-0.0,0.07999999821186066,-0.0,10.295092959555792,-10.225092959257768,10.145092961045908,-10.225092959257768,3.6032825358445266,-3.5787825357402188,3.5507825363660674,-3.5787825357402188,0.09265583663600213,-0.09202583663331992,0.09130583664941318,-0.09202583663331992,-1,1,-1,1,-18,-18,-18,-18,-22,-22,-22,-22
1783308583.9858382,0.0,0.0,0.12,0.0,0.0,1,10.225092959257768,-10.225092959257768,10.225092959257768,-10.225092959257768,-0.05000000074505806,-0.0,0.05999999865889549,-0.0,10.275092960002826,-10.225092959257768,10.165092960598873,-10.225092959257768,3.596282536000989,-3.5787825357402188,3.557782536209605,-3.5787825357402188,0.1851316732760276,-0.18405167326663985,0.18279167329480306,-0.18405167326663985,-1,1,-1,1,-18,-18,-18,-18,-22,-22,-22,-22
1783308584.0055752,0.0,0.0,0.0,0.0,0.0,0,0.0,0.0,0.0,0.0,-0.05000000074505806,-0.0,0.05999999865889549,-0.0,0.05000000074505806,0.0,-0.05999999865889549,0.0,0.01750000026077032,0.0,-0.02099999953061342,0.0,0.0,0.0,0.0,0.0,-1,1,-1,1,0,0,0,0,0,0,0,0
1783308584.025569,0.0,0.0,0.0,0.0,0.0,0,0.0,0.0,0.0,0.0,-0.05000000074505806,-0.0,0.05999999865889549,-0.0,0.05000000074505806,0.0,-0.05999999865889549,0.0,0.01750000026077032,0.0,-0.02099999953061342,0.0,0.0,0.0,0.0,0.0,-1,1,-1,1,0,0,0,0,0,0,0,0
1783308584.0455678,0.0,0.0,0.0,0.0,0.0,0,0.0,0.0,0.0,0.0,0.1899999976158142,-0.0,0.03999999910593033,-0.23000000417232513,-0.1899999976158142,0.0,-0.03999999910593033,0.23000000417232513,-0.06649999916553496,0.0,-0.013999999687075614,0.08050000146031379,0.0,0.0,0.0,0.0,-1,1,-1,1,0,0,0,0,0,0,0,0
1783308584.0655627,0.0,0.0,0.0,0.0,0.0,0,0.0,0.0,0.0,0.0,0.1899999976158142,-0.0,0.03999999910593033,-0.23000000417232513,-0.1899999976158142,0.0,-0.03999999910593033,0.23000000417232513,-0.06649999916553496,0.0,-0.013999999687075614,0.08050000146031379,0.0,0.0,0.0,0.0,-1,1,-1,1,0,0,0,0,0,0,0,0
1783308584.0856452,0.0,0.0,0.0,0.0,0.0,0,0.0,0.0,0.0,0.0,-0.09000000357627869,-0.0,-0.20000000298023224,0.07000000029802322,0.09000000357627869,0.0,0.20000000298023224,-0.07000000029802322,0.03150000125169754,0.0,0.07000000104308128,-0.024500000104308126,0.0,0.0,0.0,0.0,-1,1,-1,1,0,0,0,0,0,0,0,0
1783308584.1055675,0.0,0.0,0.0,0.0,0.0,0,0.0,0.0,0.0,0.0,-0.09000000357627869,-0.0,-0.20000000298023224,0.07000000029802322,0.09000000357627869,0.0,0.20000000298023224,-0.07000000029802322,0.03150000125169754,0.0,0.07000000104308128,-0.024500000104308126,0.0,0.0,0.0,0.0,-1,1,-1,1,0,0,0,0,0,0,0,0
1783308584.1255972,0.0,0.0,0.0,0.0,0.0,0,0.0,0.0,0.0,0.0,-0.09000000357627869,-0.0,-0.20000000298023224,0.07000000029802322,0.09000000357627869,0.0,0.20000000298023224,-0.07000000029802322,0.03150000125169754,0.0,0.07000000104308128,-0.024500000104308126,0.0,0.0,0.0,0.0,-1,1,-1,1,0,0,0,0,0,0,0,0
1783308584.1456003,0.0,0.0,0.0,0.0,0.0,0,0.0,0.0,0.0,0.0,-0.05999999865889549,-0.0,-0.14000000059604645,0.05000000074505806,0.05999999865889549,0.0,0.14000000059604645,-0.05000000074505806,0.02099999953061342,0.0,0.04900000020861625,-0.01750000026077032,0.0,0.0,0.0,0.0,-1,1,-1,1,0,0,0,0,0,0,0,0
1783308584.1656945,0.0,0.0,0.0,0.0,0.0,0,0.0,0.0,0.0,0.0,-0.05999999865889549,-0.0,-0.14000000059604645,0.05000000074505806,0.05999999865889549,0.0,0.14000000059604645,-0.05000000074505806,0.02099999953061342,0.0,0.04900000020861625,-0.01750000026077032,0.0,0.0,0.0,0.0,-1,1,-1,1,0,0,0,0,0,0,0,0
1783308584.185643,0.0,0.0,0.0,0.0,0.0,0,0.0,0.0,0.0,0.0,-0.03999999910593033,-0.0,-0.10000000149011612,0.029999999329447746,0.03999999910593033,0.0,0.10000000149011612,-0.029999999329447746,0.013999999687075614,0.0,0.03500000052154064,-0.01049999976530671,0.0,0.0,0.0,0.0,-1,1,-1,1,0,0,0,0,0,0,0,0
1783308584.2055564,0.0,0.0,0.0,0.0,0.0,0,0.0,0.0,0.0,0.0,-0.03999999910593033,-0.0,-0.10000000149011612,0.029999999329447746,0.03999999910593033,0.0,0.10000000149011612,-0.029999999329447746,0.013999999687075614,0.0,0.03500000052154064,-0.01049999976530671,0.0,0.0,0.0,0.0,-1,1,-1,1,0,0,0,0,0,0,0,0
1783308584.225657,0.0,0.0,0.0,0.0,0.0,0,0.0,0.0,0.0,0.0,-0.03999999910593033,-0.0,-0.10000000149011612,0.029999999329447746,0.03999999910593033,0.0,0.10000000149011612,-0.029999999329447746,0.013999999687075614,0.0,0.03500000052154064,-0.01049999976530671,0.0,0.0,0.0,0.0,-1,1,-1,1,0,0,0,0,0,0,0,0
1783308584.2456088,0.0,0.0,0.0,0.0,0.0,0,0.0,0.0,0.0,0.0,-0.029999999329447746,-0.0,-0.07000000029802322,0.019999999552965164,0.029999999329447746,0.0,0.07000000029802322,-0.019999999552965164,0.01049999976530671,0.0,0.024500000104308126,-0.006999999843537807,0.0,0.0,0.0,0.0,-1,1,-1,1,0,0,0,0,0,0,0,0
1783308584.2656934,0.0,0.0,0.0,0.0,0.0,0,0.0,0.0,0.0,0.0,-0.029999999329447746,-0.0,-0.07000000029802322,0.019999999552965164,0.029999999329447746,0.0,0.07000000029802322,-0.019999999552965164,0.01049999976530671,0.0,0.024500000104308126,-0.006999999843537807,0.0,0.0,0.0,0.0,-1,1,-1,1,0,0,0,0,0,0,0,0
1783308584.2856395,0.0,0.0,0.0,0.0,0.0,0,0.0,0.0,0.0,0.0,-0.019999999552965164,-0.0,-0.05000000074505806,0.019999999552965164,0.019999999552965164,0.0,0.05000000074505806,-0.019999999552965164,0.006999999843537807,0.0,0.01750000026077032,-0.006999999843537807,0.0,0.0,0.0,0.0,-1,1,-1,1,0,0,0,0,0,0,0,0
1783308584.3055778,0.0,0.0,0.0,0.0,0.0,0,0.0,0.0,0.0,0.0,-0.019999999552965164,-0.0,-0.05000000074505806,0.019999999552965164,0.019999999552965164,0.0,0.05000000074505806,-0.019999999552965164,0.006999999843537807,0.0,0.01750000026077032,-0.006999999843537807,0.0,0.0,0.0,0.0,-1,1,-1,1,0,0,0,0,0,0,0,0
1783308584.3255773,0.0,0.0,0.0,0.0,0.0,0,0.0,0.0,0.0,0.0,-0.019999999552965164,-0.0,-0.05000000074505806,0.019999999552965164,0.019999999552965164,0.0,0.05000000074505806,-0.019999999552965164,0.006999999843537807,0.0,0.01750000026077032,-0.006999999843537807,0.0,0.0,0.0,0.0,-1,1,-1,1,0,0,0,0,0,0,0,0
1783308584.3455882,0.0,0.0,0.0,0.0,0.0,0,0.0,0.0,0.0,0.0,-0.019999999552965164,-0.0,-0.029999999329447746,0.009999999776482582,0.019999999552965164,0.0,0.029999999329447746,-0.009999999776482582,0.006999999843537807,0.0,0.01049999976530671,-0.0034999999217689036,0.0,0.0,0.0,0.0,-1,1,-1,1,0,0,0,0,0,0,0,0
1783308584.3655796,0.0,0.0,0.0,0.0,0.0,0,0.0,0.0,0.0,0.0,-0.019999999552965164,-0.0,-0.029999999329447746,0.009999999776482582,0.019999999552965164,0.0,0.029999999329447746,-0.009999999776482582,0.006999999843537807,0.0,0.01049999976530671,-0.0034999999217689036,0.0,0.0,0.0,0.0,-1,1,-1,1,0,0,0,0,0,0,0,0
1783308584.385605,0.0,0.0,0.0,0.0,0.0,0,0.0,0.0,0.0,0.0,-0.009999999776482582,-0.0,-0.019999999552965164,0.009999999776482582,0.009999999776482582,0.0,0.019999999552965164,-0.009999999776482582,0.0034999999217689036,0.0,0.006999999843537807,-0.0034999999217689036,0.0,0.0,0.0,0.0,-1,1,-1,1,0,0,0,0,0,0,0,0
1783308584.405699,0.0,0.0,0.0,0.0,0.0,0,0.0,0.0,0.0,0.0,-0.009999999776482582,-0.0,-0.019999999552965164,0.009999999776482582,0.009999999776482582,0.0,0.019999999552965164,-0.009999999776482582,0.0034999999217689036,0.0,0.006999999843537807,-0.0034999999217689036,0.0,0.0,0.0,0.0,-1,1,-1,1,0,0,0,0,0,0,0,0
1783308584.4255824,0.0,0.0,0.0,0.0,0.0,0,0.0,0.0,0.0,0.0,-0.009999999776482582,-0.0,-0.019999999552965164,0.009999999776482582,0.009999999776482582,0.0,0.019999999552965164,-0.009999999776482582,0.0034999999217689036,0.0,0.006999999843537807,-0.0034999999217689036,0.0,0.0,0.0,0.0,-1,1,-1,1,0,0,0,0,0,0,0,0
1783308584.44556,0.0,0.0,0.0,0.0,0.0,0,0.0,0.0,0.0,0.0,-0.009999999776482582,-0.0,-0.019999999552965164,0.009999999776482582,0.009999999776482582,0.0,0.019999999552965164,-0.009999999776482582,0.0034999999217689036,0.0,0.006999999843537807,-0.0034999999217689036,0.0,0.0,0.0,0.0,-1,1,-1,1,0,0,0,0,0,0,0,0
1783308584.4657037,0.0,0.0,0.0,0.0,0.0,0,0.0,0.0,0.0,0.0,-0.009999999776482582,-0.0,-0.019999999552965164,0.009999999776482582,0.009999999776482582,0.0,0.019999999552965164,-0.009999999776482582,0.0034999999217689036,0.0,0.006999999843537807,-0.0034999999217689036,0.0,0.0,0.0,0.0,-1,1,-1,1,0,0,0,0,0,0,0,0
1783308584.4856143,0.0,0.0,0.0,0.0,0.0,0,0.0,0.0,0.0,0.0,-0.009999999776482582,-0.0,-0.009999999776482582,0.0,0.009999999776482582,0.0,0.009999999776482582,0.0,0.0034999999217689036,0.0,0.0034999999217689036,0.0,0.0,0.0,0.0,0.0,-1,1,-1,1,0,0,0,0,0,0,0,0
1783308584.5057318,0.0,0.0,0.0,0.0,0.0,0,0.0,0.0,0.0,0.0,-0.009999999776482582,-0.0,-0.009999999776482582,0.0,0.009999999776482582,0.0,0.009999999776482582,0.0,0.0034999999217689036,0.0,0.0034999999217689036,0.0,0.0,0.0,0.0,0.0,-1,1,-1,1,0,0,0,0,0,0,0,0
1783308584.525585,0.0,0.0,0.0,0.0,0.0,0,0.0,0.0,0.0,0.0,-0.009999999776482582,-0.0,-0.009999999776482582,0.0,0.009999999776482582,0.0,0.009999999776482582,0.0,0.0034999999217689036,0.0,0.0034999999217689036,0.0,0.0,0.0,0.0,0.0,-1,1,-1,1,0,0,0,0,0,0,0,0
1783308584.5457342,0.0,0.0,0.0,0.0,0.0,0,0.0,0.0,0.0,0.0,-0.0,-0.0,-0.009999999776482582,0.0,0.0,0.0,0.009999999776482582,0.0,0.0,0.0,0.0034999999217689036,0.0,0.0,0.0,0.0,0.0,-1,1,-1,1,0,0,0,0,0,0,0,0
1783308584.5655875,0.0,0.0,0.0,0.0,0.0,0,0.0,0.0,0.0,0.0,-0.0,-0.0,-0.009999999776482582,0.0,0.0,0.0,0.009999999776482582,0.0,0.0,0.0,0.0034999999217689036,0.0,0.0,0.0,0.0,0.0,-1,1,-1,1,0,0,0,0,0,0,0,0
1783308584.5856702,35.0,0.0,0.0,35.0,0.0,0,10.283857861322469,10.283857861322469,10.283857861322469,10.283857861322469,-0.0,-0.0,-0.009999999776482582,0.0,10.283857861322469,10.283857861322469,10.293857861098951,10.283857861322469,3.5993502514628637,3.5993502514628637,3.6028502513846328,3.5993502514628637,0.09255472075190221,0.09255472075190221,0.09264472074989057,0.09255472075190221,-1,1,-1,1,-13,13,-13,13,-17,17,-17,17
1783308584.605602,35.0,0.0,0.0,35.0,0.0,0,10.283857861322469,10.283857861322469,10.283857861322469,10.283857861322469,-0.0,-0.0,-0.009999999776482582,0.0,10.283857861322469,10.283857861322469,10.293857861098951,10.283857861322469,3.5993502514628637,3.5993502514628637,3.6028502513846328,3.5993502514628637,0.18510944150380443,0.18510944150380443,0.18528944149978113,0.18510944150380443,-1,1,-1,1,-13,13,-13,13,-17,17,-17,17
1783308584.625718,35.0,0.0,0.0,35.0,0.0,0,10.283857861322469,10.283857861322469,10.283857861322469,10.283857861322469,-0.0,-0.0,-0.009999999776482582,0.0,10.283857861322469,10.283857861322469,10.293857861098951,10.283857861322469,3.5993502514628637,3.5993502514628637,3.6028502513846328,3.5993502514628637,0.27766416225570667,0.27766416225570667,0.2779341622496717,0.27766416225570667,-1,1,-1,1,-13,13,-13,13,-17,17,-17,17
1783308584.6457264,35.0,0.0,0.0,35.0,0.0,0,10.283857861322469,10.283857861322469,10.283857861322469,10.283857861322469,-0.0,0.44999998807907104,0.2199999988079071,0.44999998807907104,10.283857861322469,9.833857873243398,10.063857862514562,9.833857873243398,3.5993502514628637,3.441850255635189,3.522350251880096,3.441850255635189,0.37021888300760886,0.36616888311489726,0.3685088830123028,0.36616888311489726,-1,1,-1,1,-13,13,-13,13,-17,17,-17,17
1783308584.6656063,35.0,0.0,0.0,35.0,0.0,0,10.283857861322469,10.283857861322469,10.283857861322469,10.283857861322469,-0.0,0.44999998807907104,0.2199999988079071,0.44999998807907104,10.283857861322469,9.833857873243398,10.063857862514562,9.833857873243398,3.5993502514628637,3.441850255635189,3.522350251880096,3.441850255635189,0.46277360375951104,0.45467360397408785,0.45908360377493385,0.45467360397408785,-1,1,-1,1,-13,13,-13,13,-17,17,-17,17
1783308584.685646,35.0,0.0,0.0,35.0,0.0,0,10.283857861322469,10.283857861322469,10.283857861322469,10.283857861322469,0.23000000417232513,1.6799999475479126,0.1599999964237213,1.6799999475479126,10.053857857150144,8.603857913774556,10.123857864898747,8.603857913774556,3.51885025000255,3.0113502698210945,3.5433502527145615,3.0113502698210945,0.5532583244738624,0.5321083251980588,0.5501983245590226,0.5321083251980588,-1,1,-1,1,-13,13,-13,13,-17,17,-17,17
1783308584.7055984,35.0,0.0,0.0,35.0,0.0,0,10.283857861322469,10.283857861322469,10.283857861322469,10.283857861322469,0.23000000417232513,1.6799999475479126,0.1599999964237213,1.6799999475479126,10.053857857150144,8.603857913774556,10.123857864898747,8.603857913774556,3.51885025000255,3.0113502698210945,3.5433502527145615,3.0113502698210945,0.6437430451882137,0.6095430464220298,0.6413130453431114,0.6095430464220298,-1,1,-1,1,-13,13,-13,13,-17,17,-17,17
1783308584.7256079,35.0,0.0,0.0,35.0,0.0,0,10.283857861322469,10.283857861322469,10.283857861322469,10.283857861322469,0.23000000417232513,1.6799999475479126,0.1599999964237213,1.6799999475479126,10.053857857150144,8.603857913774556,10.123857864898747,8.603857913774556,3.51885025000255,3.0113502698210945,3.5433502527145615,3.0113502698210945,0.734227765902565,0.6869777676460008,0.7324277661272002,0.6869777676460008,-1,1,-1,1,-13,13,-13,13,-17,17,-17,17
1783308584.7456374,35.0,0.0,0.0,35.0,0.0,0,10.283857861322469,10.283857861322469,10.283857861322469,10.283857861322469,0.3799999952316284,2.5299999713897705,0.7900000214576721,2.0799999237060547,9.90385786609084,7.753857889932698,9.493857839864797,8.203857937616414,3.466350253131794,2.7138502614764444,3.322850243952679,2.8713502781657447,0.8233624866973825,0.7567624886553951,0.8178724866859833,0.7608124890845486,-1,1,-1,1,-13,13,-13,13,-17,16,-17,17
1783308584.765628,35.0,0.0,0.0,35.0,0.0,0,10.283857861322469,10.283857861322469,10.283857861322469,10.283857861322469,0.3799999952316284,2.5299999713897705,0.7900000214576721,2.0799999237060547,9.90385786609084,7.753857889932698,9.493857839864797,8.203857937616414,3.466350253131794,2.7138502614764444,3.322850243952679,2.8713502781657447,0.9124972074922001,0.8265472096647893,0.9033172072447665,0.8346472105230963,-1,1,-1,1,-13,13,-13,13,-17,17,-17,17
1783308584.7856677,35.0,0.0,0.0,35.0,0.0,0,10.283857861322469,10.283857861322469,10.283857861322469,10.283857861322469,0.949999988079071,3.359999895095825,1.4600000381469727,2.5899999141693115,9.333857873243398,6.9238579662266435,8.823857823175496,7.693857947153157,3.266850255635189,2.423350288179325,3.0883502381114236,2.692850281503605,0.9965019283513906,0.8888619313608291,0.9827319276533459,0.9038919320474748,-1,1,-1,1,-13,13,-13,13,-17,16,-17,17
1783308584.8056364,35.0,0.0,0.0,35.0,0.0,0,10.283857861322469,10.283857861322469,10.283857861322469,10.283857861322469,0.949999988079071,3.359999895095825,1.4600000381469727,2.5899999141693115,9.333857873243398,6.9238579662266435,8.823857823175496,7.693857947153157,3.266850255635189,2.423350288179325,3.0883502381114236,2.692850281503605,1.0805066492105813,0.9511766530568689,1.0621466480619255,0.9731366535718532,-1,1,-1,1,-13,13,-13,13,-17,16,-17,17
1783308584.8255875,35.0,0.0,0.0,35.0,0.0,0,10.283857861322469,10.283857861322469,10.283857861322469,10.283857861322469,0.949999988079071,3.359999895095825,1.4600000381469727,2.5899999141693115,9.333857873243398,6.9238579662266435,8.823857823175496,7.693857947153157,3.266850255635189,2.423350288179325,3.0883502381114236,2.692850281503605,1.1645113700697718,1.0134913747529086,1.141561368470505,1.0423813750962316,-1,1,-1,1,-13,13,-13,13,-17,16,-17,17
1783308584.8456364,35.0,0.0,0.0,35.0,0.0,0,10.283857861322469,10.283857861322469,10.283857861322469,10.283857861322469,2.0199999809265137,3.4800000190734863,2.1500000953674316,2.940000057220459,8.263857880395955,6.803857842248982,8.133857765955037,7.34385780410201,2.8923502581385843,2.3813502447871437,2.846850218084263,2.5703502314357034,1.2388860909933355,1.0747260953331494,1.2147660883641005,1.1084760953331498,-1,1,-1,1,-13,13,-13,13,-17,16,-17,17
1783308584.8656642,35.0,0.0,0.0,35.0,0.0,0,10.283857861322469,10.283857861322469,10.283857861322469,10.283857861322469,2.0199999809265137,3.4800000190734863,2.1500000953674316,2.940000057220459,8.263857880395955,6.803857842248982,8.133857765955037,7.34385780410201,2.8923502581385843,2.3813502447871437,2.846850218084263,2.5703502314357034,1.3132608119168991,1.1359608159133903,1.287970808257696,1.174570815570068,-1,1,-1,1,-13,13,-13,13,-17,17,-17,17
1783308584.8856742,35.0,0.0,0.0,35.0,0.0,0,10.283857861322469,10.283857861322469,10.283857861322469,10.283857861322469,2.7699999809265137,3.569999933242798,3.319999933242798,3.6500000953674316,7.513857880395955,6.713857928079671,6.963857928079671,6.633857765955037,2.629850258138584,2.3498502748278844,2.437350274827885,2.3218502180842626,1.3808855328404628,1.1963855372661074,1.350645529610413,1.2342755354636634,-1,1,-1,1,-13,13,-13,13,-17,17,-17,17
1783308584.9055824,35.0,0.0,0.0,35.0,0.0,0,10.283857861322469,10.283857861322469,10.283857861322469,10.283857861322469,2.7699999809265137,3.569999933242798,3.319999933242798,3.6500000953674316,7.513857880395955,6.713857928079671,6.963857928079671,6.633857765955037,2.629850258138584,2.3498502748278844,2.437350274827885,2.3218502180842626,1.4485102537640264,1.2568102586188246,1.41332025096313,1.2939802553572588,-1,1,-1,1,-13,13,-13,13,-17,17,-17,17
1783308584.925597,35.0,0.0,0.0,35.0,0.0,0,10.283857861322469,10.283857861322469,10.283857861322469,10.283857861322469,2.7699999809265137,3.569999933242798,3.319999933242798,3.6500000953674316,7.513857880395955,6.713857928079671,6.963857928079671,6.633857765955037,2.629850258138584,2.3498502748278844,2.437350274827885,2.3218502180842626,1.51613497468759,1.3172349799715417,1.475994972315847,1.3536849752508542,-1,1,-1,1,-13,13,-13,13,-17,17,-17,17
1783308584.9455981,35.0,0.0,0.0,35.0,0.0,0,10.283857861322469,10.283857861322469,10.283857861322469,10.283857861322469,3.299999952316284,4.539999961853027,3.680000066757202,4.139999866485596,6.9838579090061845,5.743857899469441,6.603857794565267,6.143857994836873,2.4443502681521645,2.0103502648143046,2.3113502280978433,2.1503502981929055,1.5789896958686458,1.3689297010667667,1.5354296924669344,1.408979697204386,-1,1,-1,1,-13,13,-13,13,-17,16,-17,17
1783308584.9655876,35.0,0.0,0.0,35.0,0.0,0,10.283857861322469,10.283857861322469,10.283857861322469,10.283857861322469,3.299999952316284,4.539999961853027,3.680000066757202,4.139999866485596,6.9838579090061845,5.743857899469441,6.603857794565267,6.143857994836873,2.4443502681521645,2.0103502648143046,2.3113502280978433,2.1503502981929055,1.6418444170497015,1.4206244221619917,1.5948644126180218,1.4642744191579178,-1,1,-1,1,-13,13,-13,13,-17,16,-17,17
1783308584.9858027,35.0,0.0,0.0,35.0,0.0,0,10.283857861322469,10.283857861322469,10.283857861322469,10.283857861322469,4.119999885559082,5.670000076293945,4.610000133514404,5.389999866485596,6.163857975763387,4.613857785028523,5.673857727808064,4.893857994836873,2.157350291517185,1.6148502247599832,1.9858502047328224,1.7128502981929055,1.697319138831572,1.4621491422272483,1.6459291321682943,1.5083191411114496,-1,1,-1,1,-13,13,-13,13,-17,16,-17,16
1783308585.0056312,35.0,0.0,0.0,35.0,0.0,0,10.283857861322469,10.283857861322469,10.283857861322469,10.283857861322469,4.119999885559082,5.670000076293945,4.610000133514404,5.389999866485596,6.163857975763387,4.613857785028523,5.673857727808064,4.893857994836873,2.157350291517185,1.6148502247599832,1.9858502047328224,1.7128502981929055,1.7527938606134426,1.503673862292505,1.6969938517185668,1.5523638630649814,-1,1,-1,1,-13,13,-13,13,-17,16,-17,16
1783308585.025595,35.0,0.0,0.0,35.0,0.0,0,10.283857861322469,10.283857861322469,10.283857861322469,10.283857861322469,4.119999885559082,5.670000076293945,4.610000133514404,5.389999866485596,6.163857975763387,4.613857785028523,5.673857727808064,4.893857994836873,2.157350291517185,1.6148502247599832,1.9858502047328224,1.7128502981929055,1.808268582395313,1.5451985823577616,1.7480585712688392,1.5964085850185132,-1,1,-1,1,-13,13,-13,13,-17,16,-17,16
1783308585.045636,35.0,0.0,0.0,35.0,0.0,0,10.283857861322469,10.283857861322469,10.283857861322469,10.283857861322469,5.380000114440918,6.909999847412109,5.71999979019165,6.489999771118164,4.903857746881551,3.3738580139103593,4.563858071130818,3.7938580902043046,1.7163502114085427,1.1808503048686256,1.5973503248957863,1.3278503315715064,1.852403302117247,1.575563304482955,1.7891332939090165,1.630553307830352,-1,1,-1,1,-13,13,-13,13,-17,16,-16,16
1783308585.0657086,35.0,0.0,0.0,35.0,0.0,0,10.283857861322469,10.283857861322469,10.283857861322469,10.283857861322469,5.380000114440918,6.909999847412109,5.71999979019165,6.489999771118164,4.903857746881551,3.3738580139103593,4.563858071130818,3.7938580902043046,1.7163502114085427,1.1808503048686256,1.5973503248957863,1.3278503315715064,1.896538021839181,1.6059280266081482,1.8302080165491939,1.6646980306421908,-1,1,-1,1,-13,13,-13,13,-17,16,-16,16
1783308585.0856671,35.0,0.0,0.0,35.0,0.0,0,10.283857861322469,10.283857861322469,10.283857861322469,10.283857861322469,6.03000020980835,8.010000228881836,6.5,7.03000020980835,4.253857651514119,2.2738576324406328,3.7838578613224687,3.253857651514119,1.4888501780299417,0.7958501713542214,1.324350251462864,1.1388501780299416,1.934822740702808,1.626392745300114,1.864262737301096,1.693982749505818,-1,1,-1,1,-13,13,-13,13,-16,15,-16,16
1783308585.105677,35.0,0.0,0.0,35.0,0.0,0,10.283857861322469,10.283857861322469,10.283857861322469,10.283857861322469,6.03000020980835,8.010000228881836,6.5,7.03000020980835,4.253857651514119,2.2738576324406328,3.7838578613224687,3.253857651514119,1.4888501780299417,0.7958501713542214,1.324350251462864,1.1388501780299416,1.973107459566435,1.6468574639920797,1.8983174580529982,1.723267468369445,-1,1,-1,1,-13,13,-13,13,-16,15,-16,16
1783308585.1256375,35.0,0.0,0.0,35.0,0.0,0,10.283857861322469,10.283857861322469,10.283857861322469,10.283857861322469,6.03000020980835,8.010000228881836,6.5,7.03000020980835,4.253857651514119,2.2738576324406328,3.7838578613224687,3.253857651514119,1.4888501780299417,0.7958501713542214,1.324350251462864,1.1388501780299416,2.011392178430062,1.6673221826840454,1.9323721788049004,1.7525521872330723,-1,1,-1,1,-13,13,-13,13,-17,15,-16,16
1783308585.1457434,35.0,0.0,0.0,35.0,0.0,0,10.283857861322469,10.283857861322469,10.283857861322469,10.283857861322469,6.710000038146973,8.100000381469727,7.260000228881836,7.869999885559082,3.573857823175496,2.183857479852742,3.0238576324406328,2.4138579757633867,1.2508502381114235,0.7643501179484598,1.0583501713542214,0.8448502915171853,2.0435568988386414,1.6869769000027202,1.9595868974968662,1.7742769090149428,-1,1,-1,1,-13,13,-13,13,-16,15,-16,16
1783308585.1656072,35.0,0.0,0.0,35.0,0.0,0,10.283857861322469,10.283857861322469,10.283857861322469,10.283857861322469,6.710000038146973,8.100000381469727,7.260000228881836,7.869999885559082,3.573857823175496,2.183857479852742,3.0238576324406328,2.4138579757633867,1.2508502381114235,0.7643501179484598,1.0583501713542214,0.8448502915171853,2.0757216192472208,1.706631617321395,1.986801616188832,1.7960016307968134,-1,1,-1,1,-13,13,-13,13,-16,15,-16,16
1783308585.1857078,35.0,0.0,0.0,35.0,0.0,0,10.283857861322469,10.283857861322469,10.283857861322469,10.283857861322469,8.09000015258789,9.0600004196167,8.25,8.899999618530273,2.193857708734578,1.2238574417057695,2.0338578613224687,1.3838582427921953,0.7678501980571023,0.4283501045970193,0.711850251462864,0.4843503849772683,2.095466338625832,1.7176463342967467,2.005106336940734,1.8084563549819432,-1,1,-1,1,-13,13,-13,13,-16,15,-16,15
1783308585.2057261,35.0,0.0,0.0,35.0,0.0,0,10.283857861322469,10.283857861322469,10.283857861322469,10.283857861322469,8.09000015258789,9.0600004196167,8.25,8.899999618530273,2.193857708734578,1.2238574417057695,2.0338578613224687,1.3838582427921953,0.7678501980571023,0.4283501045970193,0.711850251462864,0.4843503849772683,2.115211058004443,1.7286610512720986,2.0234110576926363,1.820911079167073,-1,1,-1,1,-13,13,-13,13,-16,15,-16,15
1783308585.2256038,35.0,0.0,0.0,35.0,0.0,0,10.283857861322469,10.283857861322469,10.283857861322469,10.283857861322469,8.09000015258789,9.0600004196167,8.25,8.899999618530273,2.193857708734578,1.2238574417057695,2.0338578613224687,1.3838582427921953,0.7678501980571023,0.4283501045970193,0.711850251462864,0.4843503849772683,2.134955777383054,1.7396757682474504,2.0417157784445386,1.833365803352203,-1,1,-1,1,-13,13,-13,13,-16,15,-16,15
1783308585.2455885,35.0,0.0,0.0,35.0,0.0,0,10.283857861322469,10.283857861322469,10.283857861322469,10.283857861322469,9.0600004196167,10.1899995803833,9.170000076293945,9.630000114440918,1.2238574417057695,0.09385828093916793,1.1138577850285234,0.6538577468815507,0.4283501045970193,0.03285039832870877,0.38985022475998315,0.22885021140854275,2.145970494358406,1.7405204927759028,2.0517404985097953,1.839250523074137,-1,1,-1,1,-13,13,-13,13,-16,15,-15,15
1783308585.2656043,35.0,0.0,0.0,35.0,0.0,0,10.283857861322469,10.283857861322469,10.283857861322469,10.283857861322469,9.0600004196167,10.1899995803833,9.170000076293945,9.630000114440918,1.2238574417057695,0.09385828093916793,1.1138577850285234,0.6538577468815507,0.4283501045970193,0.03285039832870877,0.38985022475998315,0.22885021140854275,2.1569852113337578,1.7413652173043552,2.061765218575052,1.845135242796071,-1,1,-1,1,-13,13,-13,13,-16,15,-15,15
1783308585.285682,35.0,0.0,0.0,35.0,0.0,0,10.283857861322469,10.283857861322469,10.283857861322469,10.283857861322469,9.510000228881836,10.300000190734863,9.819999694824219,9.90999984741211,0.7738576324406328,-0.016142329412394574,0.46385816649824996,0.37385801391035933,0.27085017135422146,-0.005649815294338101,0.16235035827438749,0.13085030486862576,2.1639499300257237,1.7412199363396437,2.0659399420735363,1.8484999649212643,-1,1,-1,1,-13,13,-13,13,-15,15,-15,15
1783308585.3055954,35.0,0.0,0.0,35.0,0.0,0,10.283857861322469,10.283857861322469,10.283857861322469,10.283857861322469,9.510000228881836,10.300000190734863,9.819999694824219,9.90999984741211,0.7738576324406328,-0.016142329412394574,0.46385816649824996,0.37385801391035933,0.27085017135422146,-0.005649815294338101,0.16235035827438749,0.13085030486862576,2.1709146487176896,1.7410746553749321,2.0701146655720204,1.8518646870464577,-1,1,-1,1,-13,13,-13,13,-15,15,-15,15
1783308585.3256285,35.0,0.0,0.0,35.0,0.0,0,10.283857861322469,10.283857861322469,10.283857861322469,10.283857861322469,9.510000228881836,10.300000190734863,9.819999694824219,9.90999984741211,0.7738576324406328,-0.016142329412394574,0.46385816649824996,0.37385801391035933,0.27085017135422146,-0.005649815294338101,0.16235035827438749,0.13085030486862576,2.1778793674096555,1.7409293744102206,2.0742893890705045,1.855229409171651,-1,1,-1,1,-13,13,-13,13,-15,15,-15,15
1783308585.3456032,35.0,0.0,0.0,35.0,0.0,0,10.283857861322469,10.283857861322469,10.283857861322469,10.283857861322469,10.510000228881836,10.84000015258789,10.720000267028809,10.5600004196167,-0.22614236755936723,-0.5561422912654219,-0.4361424057063399,-0.2761425582942305,-0.07914982864577852,-0.19464980194289766,-0.15264984199721895,-0.09664989540298068,2.175844086101621,1.7359240937888318,2.0703641074191474,1.852744126147003,-1,1,-1,1,-13,13,-13,13,-15,15,-15,15
1783308585.3656049,35.0,0.0,0.0,35.0,0.0,0,10.283857861322469,10.283857861322469,10.283857861322469,10.283857861322469,10.510000228881836,10.84000015258789,10.720000267028809,10.5600004196167,-0.22614236755936723,-0.5561422912654219,-0.4361424057063399,-0.2761425582942305,-0.07914982864577852,-0.19464980194289766,-0.15264984199721895,-0.09664989540298068,2.1738088047935866,1.7309188131674431,2.0664388257677904,1.850258843122355,-1,1,-1,1,-13,13,-13,13,-15,15,-15,15
1783308585.3856578,35.0,0.0,0.0,35.0,0.0,0,10.283857861322469,10.283857861322469,10.283857861322469,10.283857861322469,11.430000305175781,11.65999984741211,12.029999732971191,11.239999771118164,-1.1461424438533125,-1.3761419860896407,-1.7461418716487227,-0.9561419097956954,-0.4011498553486594,-0.4816496951313742,-0.6111496550770529,-0.33464966842849336,2.1634935227989067,1.7185335352926363,2.050723548922952,1.8416535659341937,-1,1,-1,1,-13,13,-13,13,-15,14,-14,15
1783308585.4057262,35.0,0.0,0.0,35.0,0.0,0,10.283857861322469,10.283857861322469,10.283857861322469,10.283857861322469,11.430000305175781,11.65999984741211,12.029999732971191,11.239999771118164,-1.1461424438533125,-1.3761419860896407,-1.7461418716487227,-0.9561419097956954,-0.4011498553486594,-0.4816496951313742,-0.6111496550770529,-0.33464966842849336,2.153178240804227,1.7061482574178295,2.0350082720781137,1.8330482887460324,-1,1,-1,1,-13,13,-13,13,-15,14,-14,14
1783308585.426001,35.0,0.0,0.0,35.0,0.0,0,10.283857861322469,10.283857861322469,10.283857861322469,10.283857861322469,11.430000305175781,11.65999984741211,12.029999732971191,11.239999771118164,-1.1461424438533125,-1.3761419860896407,-1.7461418716487227,-0.9561419097956954,-0.4011498553486594,-0.4816496951313742,-0.6111496550770529,-0.33464966842849336,2.142862958809547,1.6937629795430227,2.0192929952332754,1.8244430115578711,-1,1,-1,1,-13,13,-13,13,-15,14,-14,14
1783308585.445586,35.0,0.0,0.0,35.0,0.0,0,10.283857861322469,10.283857861322469,10.283857861322469,10.283857861322469,11.850000381469727,11.789999961853027,12.050000190734863,11.720000267028809,-1.5661425201472579,-1.5061421005305586,-1.7661423294123946,-1.4361424057063399,-0.5481498820515402,-0.5271497351856955,-0.6181498152943381,-0.502649841997219,2.1287676761282217,1.6802077006382476,2.003397714268564,1.8115177299065142,-1,1,-1,1,-13,13,-13,13,-15,14,-14,14
1783308585.4657066,35.0,0.0,0.0,35.0,0.0,0,10.283857861322469,10.283857861322469,10.283857861322469,10.283857861322469,11.850000381469727,11.789999961853027,12.050000190734863,11.720000267028809,-1.5661425201472579,-1.5061421005305586,-1.7661423294123946,-1.4361424057063399,-0.5481498820515402,-0.5271497351856955,-0.6181498152943381,-0.502649841997219,2.1146723934468965,1.6666524217334726,1.9875024333038525,1.7985924482551572,-1,1,-1,1,-13,13,-13,13,-15,14,-14,14
1783308585.4857502,35.0,0.0,0.0,35.0,0.0,0,10.283857861322469,10.283857861322469,10.283857861322469,10.283857861322469,12.369999885559082,11.869999885559082,12.510000228881836,12.050000190734863,-2.0861420242366133,-1.5861420242366133,-2.2261423675593672,-1.7661423294123946,-0.7301497084828146,-0.5551497084828146,-0.7791498286457785,-0.6181498152943381,2.095897115228767,1.6523771435153431,1.9674671519958182,1.7826971672904457,-1,1,-1,1,-13,13,-13,13,-14,14,-14,14
1783308585.50561,35.0,0.0,0.0,35.0,0.0,0,10.283857861322469,10.283857861322469,10.283857861322469,10.283857861322469,12.369999885559082,11.869999885559082,12.510000228881836,12.050000190734863,-2.0861420242366133,-1.5861420242366133,-2.2261423675593672,-1.7661423294123946,-0.7301497084828146,-0.5551497084828146,-0.7791498286457785,-0.6181498152943381,2.0771218370106372,1.6381018652972137,1.947431870687784,1.7668018863257342,-1,1,-1,1,-13,13,-13,13,-14,14,-14,14
1783308585.5256019,35.0,0.0,0.0,35.0,0.0,0,10.283857861322469,10.283857861322469,10.283857861322469,10.283857861322469,12.369999885559082,11.869999885559082,12.510000228881836,12.050000190734863,-2.0861420242366133,-1.5861420242366133,-2.2261423675593672,-1.7661423294123946,-0.7301497084828146,-0.5551497084828146,-0.7791498286457785,-0.6181498152943381,2.0583465587925076,1.6238265870790842,1.9273965893797498,1.7509066053610227,-1,1,-1,1,-13,13,-13,13,-14,14,-14,14
1783308585.5457306,35.0,0.0,0.0,35.0,0.0,0,10.283857861322469,10.283857861322469,10.283857861322469,10.283857861322469,12.960000038146973,12.390000343322754,12.829999923706055,12.510000228881836,-2.676142176824504,-2.106142482000285,-2.546142062383586,-2.2261423675593672,-0.9366497618885763,-0.7371498687000998,-0.891149721834255,-0.7791498286457785,2.034261279201087,1.6048713047410816,1.9044813108182974,1.7308713240529885,-1,1,-1,1,-13,13,-13,13,-14,14,-14,14
1783308585.5656347,35.0,0.0,0.0,35.0,0.0,0,10.283857861322469,10.283857861322469,10.283857861322469,10.283857861322469,12.960000038146973,12.390000343322754,12.829999923706055,12.510000228881836,-2.676142176824504,-2.106142482000285,-2.546142062383586,-2.2261423675593672,-0.9366497618885763,-0.7371498687000998,-0.891149721834255,-0.7791498286457785,2.0101759996096664,1.585916022403079,1.881566032256845,1.7108360427449543,-1,1,-1,1,-13,13,-13,13,-14,14,-14,14
1783308585.5856793,35.0,0.0,0.0,35.0,0.0,0,10.283857861322469,10.283857861322469,10.283857861322469,10.283857861322469,13.829999923706055,11.609999656677246,13.0600004196167,11.930000305175781,-3.546142062383586,-1.3261417953547774,-2.7761425582942305,-1.6461424438533125,-1.241149721834255,-0.46414962837417206,-0.9716498954029806,-0.5761498553486594,1.9782607210482142,1.573980746244886,1.856580749232197,1.6960207607502744,-1,1,-1,1,-13,13,-13,13,-14,14,-14,14
1783308585.605605,35.0,0.0,0.0,35.0,0.0,0,10.283857861322469,10.283857861322469,10.283857861322469,10.283857861322469,13.829999923706055,11.609999656677246,13.0600004196167,11.930000305175781,-3.546142062383586,-1.3261417953547774,-2.7761425582942305,-1.6461424438533125,-1.241149721834255,-0.46414962837417206,-0.9716498954029806,-0.5761498553486594,1.946345442486762,1.562045470086693,1.831595466207549,1.6812054787555946,-1,1,-1,1,-13,13,-13,13,-14,14,-14,14
1783308585.6255987,35.0,0.0,0.0,35.0,0.0,0,10.283857861322469,10.283857861322469,10.283857861322469,10.283857861322469,13.829999923706055,11.609999656677246,13.0600004196167,11.930000305175781,-3.546142062383586,-1.3261417953547774,-2.7761425582942305,-1.6461424438533125,-1.241149721834255,-0.46414962837417206,-0.9716498954029806,-0.5761498553486594,1.9144301639253096,1.5501101939285,1.8066101831829011,1.6663901967609147,-1,1,-1,1,-13,13,-13,13,-14,14,-14,14
1783308585.645608,35.0,0.0,0.0,35.0,0.0,0,10.283857861322469,10.283857861322469,10.283857861322469,10.283857861322469,13.75,11.529999732971191,13.220000267028809,12.199999809265137,-3.4661421386775313,-1.2461418716487227,-2.93614240570634,-1.916141947942668,-1.2131497485371359,-0.43614965507705294,-1.0276498419972189,-0.6706496817799338,1.8832348846772118,1.5388949170836614,1.780184901531544,1.6491449192294307,-1,1,-1,1,-13,13,-13,13,-14,14,-14,14
1783308585.6656106,35.0,0.0,0.0,35.0,0.0,0,10.283857861322469,10.283857861322469,10.283857861322469,10.283857861322469,13.75,11.529999732971191,13.220000267028809,12.199999809265137,-3.4661421386775313,-1.2461418716487227,-2.93614240570634,-1.916141947942668,-1.2131497485371359,-0.43614965507705294,-1.0276498419972189,-0.6706496817799338,1.852039605429114,1.5276796402388229,1.753759619880187,1.6318996416979468,-1,1,-1,1,-13,13,-13,13,-14,14,-14,14
1783308585.6856592,35.0,0.0,0.0,35.0,0.0,0,10.283857861322469,10.283857861322469,10.283857861322469,10.283857861322469,13.479999542236328,12.600000381469727,13.100000381469727,12.390000343322754,-3.1961416809138594,-2.316142520147258,-2.816142520147258,-2.106142482000285,-1.1186495883198506,-0.8106498820515402,-0.9856498820515401,-0.7371498687000998,1.8232743303008891,1.5068343575574976,1.7284143371988616,1.6129443593599442,-1,1,-1,1,-13,13,-13,13,-14,14,-14,14
1783308585.7056894,35.0,0.0,0.0,35.0,0.0,0,10.283857861322469,10.283857861322469,10.283857861322469,10.283857861322469,13.479999542236328,12.600000381469727,13.100000381469727,12.390000343322754,-3.1961416809138594,-2.316142520147258,-2.816142520147258,-2.106142482000285,-1.1186495883198506,-0.8106498820515402,-0.9856498820515401,-0.7371498687000998,1.7945090551726643,1.4859890748761724,1.7030690545175362,1.5939890770219416,-1,1,-1,1,-13,13,-13,13,-14,14,-14,14
1783308585.7256033,35.0,0.0,0.0,35.0,0.0,0,10.283857861322469,10.283857861322469,10.283857861322469,10.283857861322469,13.479999542236328,12.600000381469727,13.100000381469727,12.390000343322754,-3.1961416809138594,-2.316142520147258,-2.816142520147258,-2.106142482000285,-1.1186495883198506,-0.8106498820515402,-0.9856498820515401,-0.7371498687000998,1.7657437800444395,1.4651437921948471,1.6777237718362108,1.575033794683939,-1,1,-1,1,-13,13,-13,13,-14,14,-14,14
1783308585.7455924,35.0,0.0,0.0,35.0,0.0,0,10.283857861322469,10.283857861322469,10.283857861322469,10.283857861322469,13.739999771118164,12.210000038146973,13.25,12.75,-3.4561419097956954,-1.926142176824504,-2.9661421386775313,-2.4661421386775313,-1.2096496684284932,-0.6741497618885763,-1.0381497485371358,-0.8631497485371359,1.7346385028562783,1.4478085126034266,1.6510284925881131,1.5528385154358413,-1,1,-1,1,-13,13,-13,13,-14,14,-14,14
1783308585.7657306,35.0,0.0,0.0,35.0,0.0,0,10.283857861322469,10.283857861322469,10.283857861322469,10.283857861322469,13.739999771118164,12.210000038146973,13.25,12.75,-3.4561419097956954,-1.926142176824504,-2.9661421386775313,-2.4661421386775313,-1.2096496684284932,-0.6741497618885763,-1.0381497485371358,-0.8631497485371359,1.703533225668117,1.430473233012006,1.6243332133400155,1.5306432361877436,-1,1,-1,1,-13,13,-13,13,-13,14,-14,14
1783308585.785663,35.0,0.0,0.0,35.0,0.0,0,10.283857861322469,10.283857861322469,10.283857861322469,10.283857861322469,13.010000228881836,12.850000381469727,13.119999885559082,13.220000267028809,-2.7261423675593672,-2.566142520147258,-2.8361420242366133,-2.93614240570634,-0.9541498286457785,-0.8981498820515402,-0.9926497084828146,-1.0276498419972189,1.6789979443600827,1.4073779503306807,1.598807935121886,1.5042179545363865,-1,1,-1,1,-13,13,-13,13,-14,14,-14,13
1783308585.8056138,35.0,0.0,0.0,35.0,0.0,0,10.283857861322469,10.283857861322469,10.283857861322469,10.283857861322469,13.010000228881836,12.850000381469727,13.119999885559082,13.220000267028809,-2.7261423675593672,-2.566142520147258,-2.8361420242366133,-2.93614240570634,-0.9541498286457785,-0.8981498820515402,-0.9926497084828146,-1.0276498419972189,1.6544626630520483,1.3842826676493554,1.5732826569037566,1.4777926728850295,-1,1,-1,1,-13,13,-13,13,-14,13,-14,13
1783308585.8256097,35.0,0.0,0.0,35.0,0.0,0,10.283857861322469,10.283857861322469,10.283857861322469,10.283857861322469,13.010000228881836,12.850000381469727,13.119999885559082,13.220000267028809,-2.7261423675593672,-2.566142520147258,-2.8361420242366133,-2.93614240570634,-0.9541498286457785,-0.8981498820515402,-0.9926497084828146,-1.0276498419972189,1.6299273817440139,1.36118738496803,1.5477573786856271,1.4513673912336724,-1,1,-1,1,-13,13,-13,13,-14,13,-14,13
1783308585.8455975,35.0,0.0,0.0,35.0,0.0,0,10.283857861322469,10.283857861322469,10.283857861322469,10.283857861322469,13.180000305175781,13.75,12.579999923706055,13.329999923706055,-2.8961424438533125,-3.4661421386775313,-2.296142062383586,-3.046142062383586,-1.0136498553486593,-1.2131497485371359,-0.8036497218342551,-1.066149721834255,1.603862099749334,1.3299921057199322,1.5270921001241748,1.42395211267222,-1,1,-1,1,-13,13,-13,13,-14,13,-14,13
1783308585.8657098,35.0,0.0,0.0,35.0,0.0,0,10.283857861322469,10.283857861322469,10.283857861322469,10.283857861322469,13.180000305175781,13.75,12.579999923706055,13.329999923706055,-2.8961424438533125,-3.4661421386775313,-2.296142062383586,-3.046142062383586,-1.0136498553486593,-1.2131497485371359,-0.8036497218342551,-1.066149721834255,1.5777968177546542,1.2987968264718344,1.5064268215627226,1.3965368341107678,-1,1,-1,1,-13,13,-13,13,-14,13,-14,13
1783308585.885661,35.0,0.0,0.0,35.0,0.0,0,10.283857861322469,10.283857861322469,10.283857861322469,10.283857861322469,12.850000381469727,13.470000267028809,12.880000114440918,12.960000038146973,-2.566142520147258,-3.18614240570634,-2.5961422531184493,-2.676142176824504,-0.8981498820515402,-1.1151498419972188,-0.9086497885914572,-0.9366497618885763,1.5547015350733289,1.2701215448204772,1.4830615412846566,1.3724515545193472,-1,1,-1,1,-13,13,-13,13,-14,13,-14,13
1783308585.905696,35.0,0.0,0.0,35.0,0.0,0,10.283857861322469,10.283857861322469,10.283857861322469,10.283857861322469,12.850000381469727,13.470000267028809,12.880000114440918,12.960000038146973,-2.566142520147258,-3.18614240570634,-2.5961422531184493,-2.676142176824504,-0.8981498820515402,-1.1151498419972188,-0.9086497885914572,-0.9366497618885763,1.5316062523920035,1.24144626316912,1.4596962610065907,1.3483662749279266,-1,1,-1,1,-13,13,-13,13,-14,13,-14,13
1783308585.9256082,35.0,0.0,0.0,35.0,0.0,0,10.283857861322469,10.283857861322469,10.283857861322469,10.283857861322469,12.850000381469727,13.470000267028809,12.880000114440918,12.960000038146973,-2.566142520147258,-3.18614240570634,-2.5961422531184493,-2.676142176824504,-0.8981498820515402,-1.1151498419972188,-0.9086497885914572,-0.9366497618885763,1.5085109697106782,1.212770981517763,1.4363309807285247,1.324280995336506,-1,1,-1,1,-13,13,-13,13,-14,13,-14,13
1783308585.9457939,35.0,0.0,0.0,35.0,0.0,0,10.283857861322469,10.283857861322469,10.283857861322469,10.283857861322469,13.069999694824219,13.729999542236328,13.770000457763672,12.920000076293945,-2.78614183350175,-3.4461416809138594,-3.486142596441203,-2.6361422149714766,-0.9751496417256125,-1.2061495883198508,-1.220149908754421,-0.9226497752400168,1.4834356932091626,1.1817557063895383,1.404955697360554,1.3005557154017626,-1,1,-1,1,-13,13,-13,13,-14,13,-13,13
1783308585.9656098,35.0,0.0,0.0,35.0,0.0,0,10.283857861322469,10.283857861322469,10.283857861322469,10.283857861322469,13.069999694824219,13.729999542236328,13.770000457763672,12.920000076293945,-2.78614183350175,-3.4461416809138594,-3.486142596441203,-2.6361422149714766,-0.9751496417256125,-1.2061495883198508,-1.220149908754421,-0.9226497752400168,1.458360416707647,1.1507404312613136,1.3735804139925831,1.2768304354670192,-1,1,-1,1,-13,13,-13,13,-13,13,-13,13
1783308585.9856634,35.0,0.0,0.0,35.0,0.0,0,10.283857861322469,10.283857861322469,10.283857861322469,10.283857861322469,13.0,13.6899995803833,13.489999771118164,12.890000343322754,-2.7161421386775313,-3.406141719060832,-3.2061419097956954,-2.606142482000285,-0.9506497485371359,-1.1921496016712911,-1.1221496684284933,-0.9121498687000997,1.4339151374595491,1.1200851557897662,1.344725136804422,1.2533751531290167,-1,1,-1,1,-13,13,-13,13,-13,13,-13,13
1783308586.0055938,35.0,0.0,0.0,35.0,0.0,0,10.283857861322469,10.283857861322469,10.283857861322469,10.283857861322469,13.0,13.6899995803833,13.489999771118164,12.890000343322754,-2.7161421386775313,-3.406141719060832,-3.2061419097956954,-2.606142482000285,-0.9506497485371359,-1.1921496016712911,-1.1221496684284933,-0.9121498687000997,1.4094698582114513,1.0894298803182187,1.3158698596162608,1.2299198707910142,-1,1,-1,1,-13,13,-13,13,-13,13,-13,13
1783308586.0256698,35.0,0.0,0.0,35.0,0.0,0,10.283857861322469,10.283857861322469,10.283857861322469,10.283857861322469,13.0,13.6899995803833,13.489999771118164,12.890000343322754,-2.7161421386775313,-3.406141719060832,-3.2061419097956954,-2.606142482000285,-0.9506497485371359,-1.1921496016712911,-1.1221496684284933,-0.9121498687000997,1.3850245789633535,1.0587746048466713,1.2870145824280996,1.2064645884530116,-1,1,-1,1,-13,13,-13,13,-13,13,-13,13
1783308586.0457156,35.0,0.0,0.0,35.0,0.0,0,10.283857861322469,10.283857861322469,10.283857861322469,10.283857861322469,12.949999809265137,13.880000114440918,13.289999961853027,12.649999618530273,-2.666141947942668,-3.5961422531184493,-3.0061421005305586,-2.3661417572078047,-0.9331496817799337,-1.2586497885914572,-1.0521497351856954,-0.8281496150227317,1.3610293014318695,1.0264093245686052,1.2599593035233245,1.1851693126381413,-1,1,-1,1,-13,13,-13,13,-13,13,-13,13
1783308586.0656052,35.0,0.0,0.0,35.0,0.0,0,10.283857861322469,10.283857861322469,10.283857861322469,10.283857861322469,12.949999809265137,13.880000114440918,13.289999961853027,12.649999618530273,-2.666141947942668,-3.5961422531184493,-3.0061421005305586,-2.3661417572078047,-0.9331496817799337,-1.2586497885914572,-1.0521497351856954,-0.8281496150227317,1.3370340239003855,0.9940440442905392,1.2329040246185494,1.163874036823271,-1,1,-1,1,-13,13,-13,13,-13,13,-13,13
1783308586.0856495,35.0,0.0,0.0,35.0,0.0,0,10.283857861322469,10.283857861322469,10.283857861322469,10.283857861322469,13.369999885559082,14.020000457763672,13.609999656677246,13.380000114440918,-3.0861420242366133,-3.736142596441203,-3.3261417953547774,-3.0961422531184493,-1.0801497084828147,-1.307649908754421,-1.164149628374172,-1.083649788591457,1.309258745682256,0.9604187609225683,1.2029687484603564,1.1360087565452048,-1,1,-1,1,-13,13,-13,13,-13,13,-13,13
1783308586.105594,35.0,0.0,0.0,35.0,0.0,0,10.283857861322469,10.283857861322469,10.283857861322469,10.283857861322469,13.369999885559082,14.020000457763672,13.609999656677246,13.380000114440918,-3.0861420242366133,-3.736142596441203,-3.3261417953547774,-3.0961422531184493,-1.0801497084828147,-1.307649908754421,-1.164149628374172,-1.083649788591457,1.2814834674641264,0.9267934775545974,1.1730334723021634,1.1081434762671387,-1,1,-1,1,-13,13,-13,13,-13,13,-13,13
1783308586.1256423,35.0,0.0,0.0,35.0,0.0,0,10.283857861322469,10.283857861322469,10.283857861322469,10.283857861322469,13.369999885559082,14.020000457763672,13.609999656677246,13.380000114440918,-3.0861420242366133,-3.736142596441203,-3.3261417953547774,-3.0961422531184493,-1.0801497084828147,-1.307649908754421,-1.164149628374172,-1.083649788591457,1.253708189245997,0.8931681941866265,1.1430981961439703,1.0802781959890726,-1,1,-1,1,-13,13,-13,13,-13,13,-13,13
1783308586.145611,35.0,0.0,0.0,35.0,0.0,0,10.283857861322469,10.283857861322469,10.283857861322469,10.283857861322469,13.430000305175781,13.890000343322754,13.829999923706055,12.989999771118164,-3.1461424438533125,-3.606142482000285,-3.546142062383586,-2.7061419097956954,-1.1011498553486594,-1.2621498687000998,-1.241149721834255,-0.9471496684284934,1.225392907251317,0.860712911848624,1.111182917582518,1.0559229188009114,-1,1,-1,1,-13,13,-13,13,-13,13,-13,13
1783308586.1656022,35.0,0.0,0.0,35.0,0.0,0,10.283857861322469,10.283857861322469,10.283857861322469,10.283857861322469,13.430000305175781,13.890000343322754,13.829999923706055,12.989999771118164,-3.1461424438533125,-3.606142482000285,-3.546142062383586,-2.7061419097956954,-1.1011498553486594,-1.2621498687000998,-1.241149721834255,-0.9471496684284934,1.197077625256637,0.8282576295106214,1.0792676390210658,1.0315676416127502,-1,1,-1,1,-13,13,-13,13,-13,13,-13,13
1783308586.1856568,35.0,0.0,0.0,35.0,0.0,0,10.283857861322469,10.283857861322469,10.283857861322469,10.283857861322469,13.930000305175781,13.350000381469727,14.210000038146973,12.9399995803833,-3.6461424438533125,-3.066142520147258,-3.926142176824504,-2.656141719060832,-1.2761498553486592,-1.0731498820515402,-1.3741497618885763,-0.9296496016712912,1.1642623432619572,0.8006623468292962,1.0439323594296452,1.0076623661412027,-1,1,-1,1,-13,13,-13,13,-13,13,-13,13
1783308586.2055938,35.0,0.0,0.0,35.0,0.0,0,10.283857861322469,10.283857861322469,10.283857861322469,10.283857861322469,13.930000305175781,13.350000381469727,14.210000038146973,12.9399995803833,-3.6461424438533125,-3.066142520147258,-3.926142176824504,-2.656141719060832,-1.2761498553486592,-1.0731498820515402,-1.3741497618885763,-0.9296496016712912,1.1314470612672773,0.7730670641479709,1.0085970798382247,0.9837570906696552,-1,1,-1,1,-13,13,-13,13,-13,13,-13,13
1783308586.2257202,35.0,0.0,0.0,35.0,0.0,0,10.283857861322469,10.283857861322469,10.283857861322469,10.283857861322469,13.930000305175781,13.350000381469727,14.210000038146973,12.9399995803833,-3.6461424438533125,-3.066142520147258,-3.926142176824504,-2.656141719060832,-1.2761498553486592,-1.0731498820515402,-1.3741497618885763,-0.9296496016712912,1.0986317792725975,0.7454717814666456,0.9732618002468041,0.9598518151981077,-1,1,-1,1,-13,13,-13,13,-13,13,-13,13
1783308586.2456462,35.0,0.0,0.0,35.0,0.0,0,10.283857861322469,10.283857861322469,10.283857861322469,10.283857861322469,14.510000228881836,13.1899995803833,14.25,12.90999984741211,-4.226142367559367,-2.906141719060832,-3.9661421386775313,-2.6261419860896407,-1.4791498286457785,-1.017149601671291,-1.388149748537136,-0.9191496951313741,1.0605964979645632,0.7193165059950981,0.9375665209987063,0.9362165373233009,-1,1,-1,1,-13,13,-13,13,-13,13,-13,13
1783308586.265635,35.0,0.0,0.0,35.0,0.0,0,10.283857861322469,10.283857861322469,10.283857861322469,10.283857861322469,14.510000228881836,13.1899995803833,14.25,12.90999984741211,-4.226142367559367,-2.906141719060832,-3.9661421386775313,-2.6261419860896407,-1.4791498286457785,-1.017149601671291,-1.388149748537136,-0.9191496951313741,1.022561216656529,0.6931612305235506,0.9018712417506085,0.9125812594484941,-1,1,-1,1,-13,13,-13,13,-13,13,-13,13
1783308586.2856967,35.0,0.0,0.0,35.0,0.0,0,10.283857861322469,10.283857861322469,10.283857861322469,10.283857861322469,14.90999984741211,12.399999618530273,14.270000457763672,12.65999984741211,-4.626141986089641,-2.1161417572078047,-3.986142596441203,-2.3761419860896407,-1.6191496951313742,-0.7406496150227316,-1.395149908754421,-0.8316496951313742,0.9809259387817222,0.6741159547086804,0.8659959583826377,0.8911959815736873,-1,1,-1,1,-13,13,-13,13,-12,13,-12,13
1783308586.305629,35.0,0.0,0.0,35.0,0.0,0,10.283857861322469,10.283857861322469,10.283857861322469,10.283857861322469,14.90999984741211,12.399999618530273,14.270000457763672,12.65999984741211,-4.626141986089641,-2.1161417572078047,-3.986142596441203,-2.3761419860896407,-1.6191496951313742,-0.7406496150227316,-1.395149908754421,-0.8316496951313742,0.9392906609069154,0.6550706788938101,0.8301206750146668,0.8698107036988805,-1,1,-1,1,-13,13,-13,13,-12,13,-12,13
1783308586.3256369,35.0,0.0,0.0,35.0,0.0,0,10.283857861322469,10.283857861322469,10.283857861322469,10.283857861322469,14.90999984741211,12.399999618530273,14.270000457763672,12.65999984741211,-4.626141986089641,-2.1161417572078047,-3.986142596441203,-2.3761419860896407,-1.6191496951313742,-0.7406496150227316,-1.395149908754421,-0.8316496951313742,0.8976553830321086,0.6360254030789398,0.7942453916466959,0.8484254258240737,-1,1,-1,1,-13,13,-13,13,-12,13,-12,13
1783308586.3456092,35.0,0.0,0.0,35.0,0.0,0,10.283857861322469,10.283857861322469,10.283857861322469,10.283857861322469,14.289999961853027,12.529999732971191,14.289999961853027,12.479999542236328,-4.006142100530559,-2.2461418716487227,-4.006142100530559,-2.1961416809138594,-1.4021497351856955,-0.7861496550770529,-1.4021497351856955,-0.7686495883198508,0.8616001041273336,0.6158101262341014,0.7581901127419209,0.8286601506958489,-1,1,-1,1,-13,13,-13,13,-12,13,-12,13
1783308586.3656135,35.0,0.0,0.0,35.0,0.0,0,10.283857861322469,10.283857861322469,10.283857861322469,10.283857861322469,14.289999961853027,12.529999732971191,14.289999961853027,12.479999542236328,-4.006142100530559,-2.2461418716487227,-4.006142100530559,-2.1961416809138594,-1.4021497351856955,-0.7861496550770529,-1.4021497351856955,-0.7686495883198508,0.8255448252225586,0.5955948493892629,0.7221348338371459,0.8088948755676242,-1,1,-1,1,-13,13,-13,13,-12,13,-12,13
1783308586.3856578,35.0,0.0,0.0,35.0,0.0,0,10.283857861322469,10.283857861322469,10.283857861322469,10.283857861322469,13.850000381469727,12.850000381469727,13.399999618530273,12.8100004196167,-3.566142520147258,-2.566142520147258,-3.1161417572078047,-2.5261425582942305,-1.2481498820515402,-0.8981498820515402,-1.0906496150227316,-0.8841498954029806,0.7934495425412332,0.5724995667079376,0.6940895580222757,0.7861595925429761,-1,1,-1,1,-13,13,-13,13,-13,13,-13,13
1783308586.4055884,35.0,0.0,0.0,35.0,0.0,0,10.283857861322469,10.283857861322469,10.283857861322469,10.283857861322469,13.850000381469727,12.850000381469727,13.399999618530273,12.8100004196167,-3.566142520147258,-2.566142520147258,-3.1161417572078047,-2.5261425582942305,-1.2481498820515402,-0.8981498820515402,-1.0906496150227316,-0.8841498954029806,0.7613542598599079,0.5494042840266122,0.6660442822074054,0.763424309518328,-1,1,-1,1,-13,13,-13,13,-13,13,-13,13
1783308586.4255996,35.0,0.0,0.0,35.0,0.0,0,10.283857861322469,10.283857861322469,10.283857861322469,10.283857861322469,13.850000381469727,12.850000381469727,13.399999618530273,12.8100004196167,-3.566142520147258,-2.566142520147258,-3.1161417572078047,-2.5261425582942305,-1.2481498820515402,-0.8981498820515402,-1.0906496150227316,-0.8841498954029806,0.7292589771785826,0.5263090013452869,0.6379990063925352,0.7406890264936798,-1,1,-1,1,-13,13,-13,13,-12,13,-13,13
1783308586.4455984,35.0,0.0,0.0,35.0,0.0,0,10.283857861322469,10.283857861322469,10.283857861322469,10.283857861322469,13.319999694824219,12.84000015258789,13.229999542236328,12.819999694824219,-3.03614183350175,-2.556142291265422,-2.9461416809138594,-2.53614183350175,-1.0626496417256124,-0.8946498019428976,-1.0311495883198507,-0.8876496417256124,0.7019337006770668,0.5033037207238981,0.6114837312643104,0.7178637499921641,-1,1,-1,1,-13,13,-13,13,-13,13,-13,13
1783308586.4657185,35.0,0.0,0.0,35.0,0.0,0,10.283857861322469,10.283857861322469,10.283857861322469,10.283857861322469,13.319999694824219,12.84000015258789,13.229999542236328,12.819999694824219,-3.03614183350175,-2.556142291265422,-2.9461416809138594,-2.53614183350175,-1.0626496417256124,-0.8946498019428976,-1.0311495883198507,-0.8876496417256124,0.6746084241755511,0.48029844010250927,0.5849684561360857,0.6950384734906483,-1,1,-1,1,-13,13,-13,13,-13,13,-13,13
1783308586.4856672,35.0,0.0,0.0,35.0,0.0,0,10.283857861322469,10.283857861322469,10.283857861322469,10.283857861322469,12.720000267028809,12.84000015258789,12.880000114440918,12.819999694824219,-2.43614240570634,-2.556142291265422,-2.5961422531184493,-2.53614183350175,-0.8526498419972189,-0.8946498019428976,-0.9086497885914572,-0.8876496417256124,0.652683142524194,0.4572931594811205,0.5616031758580197,0.6722131969891325,-1,1,-1,1,-13,13,-13,13,-13,13,-13,13
1783308586.5055983,35.0,0.0,0.0,35.0,0.0,0,10.283857861322469,10.283857861322469,10.283857861322469,10.283857861322469,12.720000267028809,12.84000015258789,12.880000114440918,12.819999694824219,-2.43614240570634,-2.556142291265422,-2.5961422531184493,-2.53614183350175,-0.8526498419972189,-0.8946498019428976,-0.9086497885914572,-0.8876496417256124,0.6307578608728369,0.4342878788597317,0.5382378955799536,0.6493879204876167,-1,1,-1,1,-13,13,-13,13,-13,13,-13,13
1783308586.5256088,35.0,0.0,0.0,35.0,0.0,0,10.283857861322469,10.283857861322469,10.283857861322469,10.283857861322469,12.720000267028809,12.84000015258789,12.880000114440918,12.819999694824219,-2.43614240570634,-2.556142291265422,-2.5961422531184493,-2.53614183350175,-0.8526498419972189,-0.8946498019428976,-0.9086497885914572,-0.8876496417256124,0.6088325792214798,0.4112825982383429,0.5148726153018875,0.626562643986101,-1,1,-1,1,-13,13,-13,13,-13,13,-13,13
1783308586.5456352,35.0,0.0,0.0,35.0,0.0,0,10.283857861322469,10.283857861322469,10.283857861322469,10.283857861322469,12.069999694824219,12.84000015258789,12.1899995803833,13.050000190734863,-1.78614183350175,-2.556142291265422,-1.906141719060832,-2.7661423294123946,-0.6251496417256125,-0.8946498019428976,-0.6671496016712912,-0.9681498152943381,0.5927573027199641,0.3882773176169541,0.49771733983034006,0.6016673630213893,-1,1,-1,1,-13,13,-13,13,-13,12,-13,13
1783308586.5656345,35.0,0.0,0.0,35.0,0.0,0,10.283857861322469,10.283857861322469,10.283857861322469,10.283857861322469,12.069999694824219,12.84000015258789,12.1899995803833,13.050000190734863,-1.78614183350175,-2.556142291265422,-1.906141719060832,-2.7661423294123946,-0.6251496417256125,-0.8946498019428976,-0.6671496016712912,-0.9681498152943381,0.5766820262184483,0.3652720369955653,0.48056206435879256,0.5767720820566777,-1,1,-1,1,-13,13,-13,13,-13,12,-13,13
1783308586.5858262,35.0,0.0,0.0,35.0,0.0,0,10.283857861322469,10.283857861322469,10.283857861322469,10.283857861322469,11.850000381469727,13.0600004196167,11.930000305175781,12.760000228881836,-1.5661425201472579,-2.7761425582942305,-1.6461424438533125,-2.4761423675593672,-0.5481498820515402,-0.9716498954029806,-0.5761498553486594,-0.8666498286457784,0.562586743537123,0.34028675397091723,0.46574678236411277,0.5544868007486434,-1,1,-1,1,-13,13,-13,13,-13,12,-13,13
1783308586.6057706,35.0,0.0,0.0,35.0,0.0,0,10.283857861322469,10.283857861322469,10.283857861322469,10.283857861322469,11.850000381469727,13.0600004196167,11.930000305175781,12.760000228881836,-1.5661425201472579,-2.7761425582942305,-1.6461424438533125,-2.4761423675593672,-0.5481498820515402,-0.9716498954029806,-0.5761498553486594,-0.8666498286457784,0.5484914608557977,0.31530147094626915,0.45093150036943297,0.5322015194406091,-1,1,-1,1,-13,13,-13,13,-13,12,-13,13
1783308586.6256008,35.0,0.0,0.0,35.0,0.0,0,10.283857861322469,10.283857861322469,10.283857861322469,10.283857861322469,11.850000381469727,13.0600004196167,11.930000305175781,12.760000228881836,-1.5661425201472579,-2.7761425582942305,-1.6461424438533125,-2.4761423675593672,-0.5481498820515402,-0.9716498954029806,-0.5761498553486594,-0.8666498286457784,0.5343961781744724,0.29031618792162106,0.4361162183747532,0.5099162381325748,-1,1,-1,1,-13,13,-13,13,-13,12,-13,13
1783308586.645702,35.0,0.0,0.0,35.0,0.0,0,10.283857861322469,10.283857861322469,10.283857861322469,10.283857861322469,11.6899995803833,12.3100004196167,11.970000267028809,12.779999732971191,-1.406141719060832,-2.0261425582942305,-1.6861424057063399,-2.4961418716487227,-0.4921496016712912,-0.7091498954029807,-0.5901498419972189,-0.873649655077053,0.521740902702925,0.272080904896973,0.4209409367233961,0.4874509612877363,-1,1,-1,1,-13,13,-13,13,-13,13,-13,13
1783308586.6655943,35.0,0.0,0.0,35.0,0.0,0,10.283857861322469,10.283857861322469,10.283857861322469,10.283857861322469,11.6899995803833,12.3100004196167,11.970000267028809,12.779999732971191,-1.406141719060832,-2.0261425582942305,-1.6861424057063399,-2.4961418716487227,-0.4921496016712912,-0.7091498954029807,-0.5901498419972189,-0.873649655077053,0.5090856272313775,0.25384562187232496,0.40576565507203904,0.4649856844428978,-1,1,-1,1,-13,13,-13,13,-13,13,-13,13
1783308586.6856556,35.0,0.0,0.0,35.0,0.0,0,10.283857861322469,10.283857861322469,10.283857861322469,10.283857861322469,11.350000381469727,12.6899995803833,11.779999732971191,12.34000015258789,-1.0661425201472579,-2.406141719060832,-1.4961418716487227,-2.056142291265422,-0.3731498820515402,-0.8421496016712912,-0.523649655077053,-0.7196498019428976,0.4994903445500522,0.23219034640077746,0.39230037822720054,0.446480403821509,-1,1,-1,1,-13,13,-13,13,-13,12,-13,13
1783308586.7055945,35.0,0.0,0.0,35.0,0.0,0,10.283857861322469,10.283857861322469,10.283857861322469,10.283857861322469,11.350000381469727,12.6899995803833,11.779999732971191,12.34000015258789,-1.0661425201472579,-2.406141719060832,-1.4961418716487227,-2.056142291265422,-0.3731498820515402,-0.8421496016712912,-0.523649655077053,-0.7196498019428976,0.4898950618687269,0.21053507092922996,0.37883510138236204,0.4279751232001202,-1,1,-1,1,-13,13,-13,13,-13,12,-13,13
1783308586.7256024,35.0,0.0,0.0,35.0,0.0,0,10.283857861322469,10.283857861322469,10.283857861322469,10.283857861322469,11.350000381469727,12.6899995803833,11.779999732971191,12.34000015258789,-1.0661425201472579,-2.406141719060832,-1.4961418716487227,-2.056142291265422,-0.3731498820515402,-0.8421496016712912,-0.523649655077053,-0.7196498019428976,0.4802997791874016,0.18887979545768246,0.36536982453752354,0.4094698425787314,-1,1,-1,1,-13,13,-13,13,-13,12,-13,13
1783308586.7456424,35.0,0.0,0.0,35.0,0.0,0,10.283857861322469,10.283857861322469,10.283857861322469,10.283857861322469,11.119999885559082,12.510000228881836,11.1899995803833,12.039999961853027,-0.8361420242366133,-2.2261423675593672,-0.9061417190608321,-1.7561421005305586,-0.29264970848281463,-0.7791498286457785,-0.3171496016712912,-0.6146497351856954,0.47277450096927204,0.16884451414964816,0.35721454906597605,0.3936645636739564,-1,1,-1,1,-13,13,-13,13,-13,12,-13,13
1783308586.7656333,35.0,0.0,0.0,35.0,0.0,0,10.283857861322469,10.283857861322469,10.283857861322469,10.283857861322469,11.119999885559082,12.510000228881836,11.1899995803833,12.039999961853027,-0.8361420242366133,-2.2261423675593672,-0.9061417190608321,-1.7561421005305586,-0.29264970848281463,-0.7791498286457785,-0.3171496016712912,-0.6146497351856954,0.4652492227511425,0.14880923284161385,0.34905927359442857,0.3778592847691814,-1,1,-1,1,-13,13,-13,13,-13,12,-13,13
1783308586.7856493,35.0,0.0,0.0,35.0,0.0,0,10.283857861322469,10.283857861322469,10.283857861322469,10.283857861322469,10.949999809265137,11.699999809265137,11.449999809265137,11.59000015258789,-0.666141947942668,-1.416141947942668,-1.166141947942668,-1.306142291265422,-0.23314968177993378,-0.4956496817799338,-0.40814968177993377,-0.4571498019428976,0.4592539452196585,0.13606395531012982,0.33856399606294457,0.3661040041477926,-1,1,-1,1,-13,13,-13,13,-13,13,-13,13
1783308586.8056026,35.0,0.0,0.0,35.0,0.0,0,10.283857861322469,10.283857861322469,10.283857861322469,10.283857861322469,10.949999809265137,11.699999809265137,11.449999809265137,11.59000015258789,-0.666141947942668,-1.416141947942668,-1.166141947942668,-1.306142291265422,-0.23314968177993378,-0.4956496817799338,-0.40814968177993377,-0.4571498019428976,0.4532586676881745,0.12331867777864582,0.3280687185314606,0.3543487235264038,-1,1,-1,1,-13,13,-13,13,-13,13,-13,13
1783308586.825614,35.0,0.0,0.0,35.0,0.0,0,10.283857861322469,10.283857861322469,10.283857861322469,10.283857861322469,10.949999809265137,11.699999809265137,11.449999809265137,11.59000015258789,-0.666141947942668,-1.416141947942668,-1.166141947942668,-1.306142291265422,-0.23314968177993378,-0.4956496817799338,-0.40814968177993377,-0.4571498019428976,0.44726339015669053,0.11057340024716181,0.3175734409999766,0.342593442905015,-1,1,-1,1,-13,13,-13,13,-13,13,-13,13
1783308586.845697,35.0,0.0,0.0,35.0,0.0,0,10.283857861322469,10.283857861322469,10.283857861322469,10.283857861322469,11.0600004196167,12.039999961853027,11.40999984741211,11.970000267028809,-0.7761425582942305,-1.7561421005305586,-1.1261419860896407,-1.6861424057063399,-0.2716498954029807,-0.6146497351856954,-0.3941496951313742,-0.5901498419972189,0.44027810713204246,0.09476812134238678,0.3074381631251698,0.3274181612536579,-1,1,-1,1,-13,13,-13,13,-13,12,-13,13
1783308586.865612,35.0,0.0,0.0,35.0,0.0,0,10.283857861322469,10.283857861322469,10.283857861322469,10.283857861322469,11.0600004196167,12.039999961853027,11.40999984741211,11.970000267028809,-0.7761425582942305,-1.7561421005305586,-1.1261419860896407,-1.6861424057063399,-0.2716498954029807,-0.6146497351856954,-0.3941496951313742,-0.5901498419972189,0.4332928241073944,0.07896284243761176,0.297302885250363,0.31224287960230085,-1,1,-1,1,-13,13,-13,13,-13,12,-13,13
1783308586.885658,35.0,0.0,0.0,35.0,0.0,0,10.283857861322469,10.283857861322469,10.283857861322469,10.283857861322469,10.90999984741211,12.050000190734863,10.930000305175781,11.770000457763672,-0.6261419860896407,-1.7661423294123946,-0.6461424438533125,-1.4861425964412032,-0.21914969513137422,-0.6181498152943381,-0.22614985534865936,-0.5201499087544211,0.4276575462325876,0.06306756147290021,0.29148760325568324,0.29886759623433,-1,1,-1,1,-13,13,-13,13,-13,12,-13,13
1783308586.9056277,35.0,0.0,0.0,35.0,0.0,0,10.283857861322469,10.283857861322469,10.283857861322469,10.283857861322469,10.90999984741211,12.050000190734863,10.930000305175781,11.770000457763672,-0.6261419860896407,-1.7661423294123946,-0.6461424438533125,-1.4861425964412032,-0.21914969513137422,-0.6181498152943381,-0.22614985534865936,-0.5201499087544211,0.42202226835778084,0.04717228050818866,0.28567232126100345,0.2854923128663592,-1,1,-1,1,-13,13,-13,13,-13,12,-13,13
1783308586.9257474,35.0,0.0,0.0,35.0,0.0,0,10.283857861322469,10.283857861322469,10.283857861322469,10.283857861322469,10.90999984741211,12.050000190734863,10.930000305175781,11.770000457763672,-0.6261419860896407,-1.7661423294123946,-0.6461424438533125,-1.4861425964412032,-0.21914969513137422,-0.6181498152943381,-0.22614985534865936,-0.5201499087544211,0.41638699048297406,0.03127699954347711,0.27985703926632366,0.27211702949838834,-1,1,-1,1,-13,13,-13,13,-13,12,-13,13
1783308586.945658,35.0,0.0,0.0,35.0,0.0,0,10.283857861322469,10.283857861322469,10.283857861322469,10.283857861322469,10.8100004196167,11.600000381469727,11.050000190734863,10.729999542236328,-0.5261425582942305,-1.3161425201472579,-0.7661423294123946,-0.4461416809138594,-0.18414989540298066,-0.4606498820515402,-0.26814981529433807,-0.1561495883198508,0.41165170745832597,0.01943171686215179,0.2729617583016121,0.2681017543701636,-1,1,-1,1,-13,13,-13,13,-13,13,-13,13
1783308586.9656427,35.0,0.0,0.0,35.0,0.0,0,10.283857861322469,10.283857861322469,10.283857861322469,10.283857861322469,10.8100004196167,11.600000381469727,11.050000190734863,10.729999542236328,-0.5261425582942305,-1.3161425201472579,-0.7661423294123946,-0.4461416809138594,-0.18414989540298066,-0.4606498820515402,-0.26814981529433807,-0.1561495883198508,0.40691642443367787,0.007586434180826466,0.2660664773369006,0.26408647924193884,-1,1,-1,1,-13,13,-13,13,-13,13,-13,13
1783308586.985659,35.0,0.0,0.0,35.0,0.0,0,10.283857861322469,10.283857861322469,10.283857861322469,10.283857861322469,10.960000038146973,10.84000015258789,11.579999923706055,10.460000038146973,-0.676142176824504,-0.5561422912654219,-1.296142062383586,-0.17614217682450395,-0.23664976188857637,-0.19464980194289766,-0.45364972183425506,-0.061649761888576377,0.40083114484225735,0.002581153559437668,0.2544011987754483,0.2625011996505183,-1,1,-1,1,-13,13,-13,13,-13,13,-13,13
1783308587.0055833,35.0,0.0,0.0,35.0,0.0,0,10.283857861322469,10.283857861322469,10.283857861322469,10.283857861322469,10.960000038146973,10.84000015258789,11.579999923706055,10.460000038146973,-0.676142176824504,-0.5561422912654219,-1.296142062383586,-0.17614217682450395,-0.23664976188857637,-0.19464980194289766,-0.45364972183425506,-0.061649761888576377,0.3947458652508368,-0.00242412706195113,0.24273592021399604,0.2609159200590978,-1,1,-1,1,-13,13,-13,13,-13,13,-13,13
1783308587.025708,35.0,0.0,0.0,35.0,0.0,0,10.283857861322469,10.283857861322469,10.283857861322469,10.283857861322469,10.960000038146973,10.84000015258789,11.579999923706055,10.460000038146973,-0.676142176824504,-0.5561422912654219,-1.296142062383586,-0.17614217682450395,-0.23664976188857637,-0.19464980194289766,-0.45364972183425506,-0.061649761888576377,0.3886605856594163,-0.007429407683339928,0.23107064165254376,0.2593306404676773,-1,1,-1,1,-13,13,-13,13,-13,13,-13,13
1783308587.0456023,35.0,0.0,0.0,35.0,0.0,0,10.283857861322469,10.283857861322469,10.283857861322469,10.283857861322469,11.069999694824219,10.760000228881836,11.050000190734863,10.260000228881836,-0.78614183350175,-0.47614236755936723,-0.7661423294123946,0.02385763244063277,-0.2751496417256125,-0.1666498286457785,-0.26814981529433807,0.008350171354221468,0.38158530915790057,-0.011714688991374234,0.2241753606878322,0.259545359159643,-1,1,-1,1,-13,13,-13,13,-13,13,-13,13
1783308587.065606,35.0,0.0,0.0,35.0,0.0,0,10.283857861322469,10.283857861322469,10.283857861322469,10.283857861322469,11.069999694824219,10.760000228881836,11.050000190734863,10.260000228881836,-0.78614183350175,-0.47614236755936723,-0.7661423294123946,0.02385763244063277,-0.2751496417256125,-0.1666498286457785,-0.26814981529433807,0.008350171354221468,0.37451003265638483,-0.01599997029940854,0.21728007972312063,0.2597600778516087,-1,1,-1,1,-13,13,-13,13,-13,13,-13,13
1783308587.0856671,35.0,0.0,0.0,35.0,0.0,0,10.283857861322469,10.283857861322469,10.283857861322469,10.283857861322469,11.149999618530273,10.25,11.130000114440918,10.130000114440918,-0.8661417572078047,0.03385786132246871,-0.8461422531184493,0.15385774688155074,-0.30314961502273163,0.011850251462864047,-0.29614978859145724,0.05385021140854276,0.3667147568415146,-0.01569524954750632,0.2096647994450546,0.26114479757354264,-1,1,-1,1,-13,13,-13,13,-13,13,-13,13
1783308587.1057034,0.0,0.0,0.0,0.0,0.0,0,0.0,0.0,0.0,0.0,11.149999618530273,10.25,11.130000114440918,10.130000114440918,-11.149999618530273,-10.25,-11.130000114440918,-10.130000114440918,-3.9024998664855954,-3.5875,-3.895500040054321,-3.545500040054321,0.0,0.0,0.0,0.0,-1,1,-1,1,0,0,0,0,0,0,0,0
1783308587.1255686,0.0,0.0,0.0,0.0,0.0,0,0.0,0.0,0.0,0.0,11.149999618530273,10.25,11.130000114440918,10.130000114440918,-11.149999618530273,-10.25,-11.130000114440918,-10.130000114440918,-3.9024998664855954,-3.5875,-3.895500040054321,-3.545500040054321,0.0,0.0,0.0,0.0,-1,1,-1,1,0,0,0,0,0,0,0,0
1783308587.1456623,0.0,0.0,0.0,0.0,0.0,0,0.0,0.0,0.0,0.0,11.880000114440918,9.65999984741211,11.420000076293945,9.579999923706055,-11.880000114440918,-9.65999984741211,-11.420000076293945,-9.579999923706055,-4.158000040054321,-3.380999946594238,-3.9970000267028807,-3.352999973297119,0.0,0.0,0.0,0.0,-1,1,-1,1,0,0,0,0,0,0,0,0
1783308587.1656935,0.0,0.0,0.0,0.0,0.0,0,0.0,0.0,0.0,0.0,11.880000114440918,9.65999984741211,11.420000076293945,9.579999923706055,-11.880000114440918,-9.65999984741211,-11.420000076293945,-9.579999923706055,-4.158000040054321,-3.380999946594238,-3.9970000267028807,-3.352999973297119,0.0,0.0,0.0,0.0,-1,1,-1,1,0,0,0,0,0,0,0,0
1783308587.185667,0.0,0.0,0.0,0.0,0.0,0,0.0,0.0,0.0,0.0,10.350000381469727,8.579999923706055,10.710000038146973,8.520000457763672,-10.350000381469727,-8.579999923706055,-10.710000038146973,-8.520000457763672,-3.622500133514404,-3.002999973297119,-3.7485000133514403,-2.982000160217285,0.0,0.0,0.0,0.0,-1,1,-1,1,0,0,0,0,0,0,0,0
1783308587.2055755,0.0,0.0,0.0,0.0,0.0,0,0.0,0.0,0.0,0.0,10.350000381469727,8.579999923706055,10.710000038146973,8.520000457763672,-10.350000381469727,-8.579999923706055,-10.710000038146973,-8.520000457763672,-3.622500133514404,-3.002999973297119,-3.7485000133514403,-2.982000160217285,0.0,0.0,0.0,0.0,-1,1,-1,1,0,0,0,0,0,0,0,0
1783308587.2255728,0.0,0.0,0.0,0.0,0.0,0,0.0,0.0,0.0,0.0,10.350000381469727,8.579999923706055,10.710000038146973,8.520000457763672,-10.350000381469727,-8.579999923706055,-10.710000038146973,-8.520000457763672,-3.622500133514404,-3.002999973297119,-3.7485000133514403,-2.982000160217285,0.0,0.0,0.0,0.0,-1,1,-1,1,0,0,0,0,0,0,0,0
1783308587.2455978,0.0,0.0,0.0,0.0,0.0,0,0.0,0.0,0.0,0.0,7.929999828338623,7.590000152587891,8.630000114440918,7.090000152587891,-7.929999828338623,-7.590000152587891,-8.630000114440918,-7.090000152587891,-2.775499939918518,-2.6565000534057615,-3.020500040054321,-2.4815000534057616,0.0,0.0,0.0,0.0,-1,1,-1,1,0,0,0,0,0,0,0,0
1783308587.2655742,0.0,0.0,0.0,0.0,0.0,0,0.0,0.0,0.0,0.0,7.929999828338623,7.590000152587891,8.630000114440918,7.090000152587891,-7.929999828338623,-7.590000152587891,-8.630000114440918,-7.090000152587891,-2.775499939918518,-2.6565000534057615,-3.020500040054321,-2.4815000534057616,0.0,0.0,0.0,0.0,-1,1,-1,1,0,0,0,0,0,0,0,0
1783308587.2856612,0.0,0.0,0.0,0.0,0.0,0,0.0,0.0,0.0,0.0,5.769999980926514,5.539999961853027,6.039999961853027,5.420000076293945,-5.769999980926514,-5.539999961853027,-6.039999961853027,-5.420000076293945,-2.01949999332428,-1.9389999866485594,-2.1139999866485595,-1.8970000267028808,0.0,0.0,0.0,0.0,-1,1,-1,1,0,0,0,0,0,0,0,0
1783308587.3056097,0.0,0.0,0.0,0.0,0.0,0,0.0,0.0,0.0,0.0,5.769999980926514,5.539999961853027,6.039999961853027,5.420000076293945,-5.769999980926514,-5.539999961853027,-6.039999961853027,-5.420000076293945,-2.01949999332428,-1.9389999866485594,-2.1139999866485595,-1.8970000267028808,0.0,0.0,0.0,0.0,-1,1,-1,1,0,0,0,0,0,0,0,0
1783308587.325559,0.0,0.0,0.0,0.0,0.0,0,0.0,0.0,0.0,0.0,5.769999980926514,5.539999961853027,6.039999961853027,5.420000076293945,-5.769999980926514,-5.539999961853027,-6.039999961853027,-5.420000076293945,-2.01949999332428,-1.9389999866485594,-2.1139999866485595,-1.8970000267028808,0.0,0.0,0.0,0.0,-1,1,-1,1,0,0,0,0,0,0,0,0
1783308587.3456745,0.0,0.0,0.0,0.0,0.0,0,0.0,0.0,0.0,0.0,4.039999961853027,3.880000114440918,4.230000019073486,3.7899999618530273,-4.039999961853027,-3.880000114440918,-4.230000019073486,-3.7899999618530273,-1.4139999866485595,-1.3580000400543213,-1.4805000066757201,-1.3264999866485594,0.0,0.0,0.0,0.0,-1,1,-1,1,0,0,0,0,0,0,0,0
1783308587.3655667,0.0,0.0,0.0,0.0,0.0,0,0.0,0.0,0.0,0.0,4.039999961853027,3.880000114440918,4.230000019073486,3.7899999618530273,-4.039999961853027,-3.880000114440918,-4.230000019073486,-3.7899999618530273,-1.4139999866485595,-1.3580000400543213,-1.4805000066757201,-1.3264999866485594,0.0,0.0,0.0,0.0,-1,1,-1,1,0,0,0,0,0,0,0,0
1783308587.3856373,0.0,0.0,0.0,0.0,0.0,0,0.0,0.0,0.0,0.0,2.8299999237060547,2.7100000381469727,2.9600000381469727,2.6600000858306885,-2.8299999237060547,-2.7100000381469727,-2.9600000381469727,-2.6600000858306885,-0.990499973297119,-0.9485000133514404,-1.0360000133514404,-0.931000030040741,0.0,0.0,0.0,0.0,-1,1,-1,1,0,0,0,0,0,0,0,0
1783308587.4055867,0.0,0.0,0.0,0.0,0.0,0,0.0,0.0,0.0,0.0,2.8299999237060547,2.7100000381469727,2.9600000381469727,2.6600000858306885,-2.8299999237060547,-2.7100000381469727,-2.9600000381469727,-2.6600000858306885,-0.990499973297119,-0.9485000133514404,-1.0360000133514404,-0.931000030040741,0.0,0.0,0.0,0.0,-1,1,-1,1,0,0,0,0,0,0,0,0
1783308587.4256089,0.0,0.0,0.0,0.0,0.0,0,0.0,0.0,0.0,0.0,2.8299999237060547,2.7100000381469727,2.9600000381469727,2.6600000858306885,-2.8299999237060547,-2.7100000381469727,-2.9600000381469727,-2.6600000858306885,-0.990499973297119,-0.9485000133514404,-1.0360000133514404,-0.931000030040741,0.0,0.0,0.0,0.0,-1,1,-1,1,0,0,0,0,0,0,0,0
1783308587.4455895,0.0,0.0,0.0,0.0,0.0,0,0.0,0.0,0.0,0.0,1.9800000190734863,1.899999976158142,2.069999933242798,1.8600000143051147,-1.9800000190734863,-1.899999976158142,-2.069999933242798,-1.8600000143051147,-0.6930000066757201,-0.6649999916553497,-0.7244999766349792,-0.6510000050067901,0.0,0.0,0.0,0.0,-1,1,-1,1,0,0,0,0,0,0,0,0
1783308587.4655614,0.0,0.0,0.0,0.0,0.0,0,0.0,0.0,0.0,0.0,1.9800000190734863,1.899999976158142,2.069999933242798,1.8600000143051147,-1.9800000190734863,-1.899999976158142,-2.069999933242798,-1.8600000143051147,-0.6930000066757201,-0.6649999916553497,-0.7244999766349792,-0.6510000050067901,0.0,0.0,0.0,0.0,-1,1,-1,1,0,0,0,0,0,0,0,0
1783308587.4856458,0.0,0.0,0.0,0.0,0.0,0,0.0,0.0,0.0,0.0,1.3899999856948853,1.3300000429153442,1.4500000476837158,1.2999999523162842,-1.3899999856948853,-1.3300000429153442,-1.4500000476837158,-1.2999999523162842,-0.4864999949932098,-0.4655000150203705,-0.5075000166893006,-0.4549999833106994,0.0,0.0,0.0,0.0,-1,1,-1,1,0,0,0,0,0,0,0,0
1783308587.5055828,0.0,0.0,0.0,0.0,0.0,0,0.0,0.0,0.0,0.0,1.3899999856948853,1.3300000429153442,1.4500000476837158,1.2999999523162842,-1.3899999856948853,-1.3300000429153442,-1.4500000476837158,-1.2999999523162842,-0.4864999949932098,-0.4655000150203705,-0.5075000166893006,-0.4549999833106994,0.0,0.0,0.0,0.0,-1,1,-1,1,0,0,0,0,0,0,0,0
1783308587.5255754,0.0,0.0,0.0,0.0,0.0,0,0.0,0.0,0.0,0.0,1.3899999856948853,1.3300000429153442,1.4500000476837158,1.2999999523162842,-1.3899999856948853,-1.3300000429153442,-1.4500000476837158,-1.2999999523162842,-0.4864999949932098,-0.4655000150203705,-0.5075000166893006,-0.4549999833106994,0.0,0.0,0.0,0.0,-1,1,-1,1,0,0,0,0,0,0,0,0
1783308587.5455816,0.0,0.0,0.0,0.0,0.0,0,0.0,0.0,0.0,0.0,0.9700000286102295,0.9300000071525574,1.0199999809265137,0.9100000262260437,-0.9700000286102295,-0.9300000071525574,-1.0199999809265137,-0.9100000262260437,-0.3395000100135803,-0.32550000250339506,-0.3569999933242798,-0.31850000917911525,0.0,0.0,0.0,0.0,-1,1,-1,1,0,0,0,0,0,0,0,0
1783308587.5656796,0.0,0.0,0.0,0.0,0.0,0,0.0,0.0,0.0,0.0,0.9700000286102295,0.9300000071525574,1.0199999809265137,0.9100000262260437,-0.9700000286102295,-0.9300000071525574,-1.0199999809265137,-0.9100000262260437,-0.3395000100135803,-0.32550000250339506,-0.3569999933242798,-0.31850000917911525,0.0,0.0,0.0,0.0,-1,1,-1,1,0,0,0,0,0,0,0,0
1783308587.585704,0.0,0.0,0.0,0.0,0.0,0,0.0,0.0,0.0,0.0,0.6800000071525574,0.6499999761581421,0.7099999785423279,0.6399999856948853,-0.6800000071525574,-0.6499999761581421,-0.7099999785423279,-0.6399999856948853,-0.23800000250339506,-0.2274999916553497,-0.24849999248981475,-0.22399999499320983,0.0,0.0,0.0,0.0,-1,1,-1,1,0,0,0,0,0,0,0,0
1783308587.6056395,0.0,0.0,0.12,0.0,0.0,1,10.225092959257768,-10.225092959257768,10.225092959257768,-10.225092959257768,0.6800000071525574,0.6499999761581421,0.7099999785423279,0.6399999856948853,9.545092952105211,-10.87509293541591,9.51509298071544,-10.865092944952654,3.3407825332368235,-3.8062825273955685,3.330282543250404,-3.8027825307334284,0.0859058365689469,-0.0978758364187432,0.08563583682643897,-0.09778583650457388,-1,1,-1,1,-18,-18,-18,-18,-21,-22,-21,-22
1783308587.6257122,0.0,0.0,0.12,0.0,0.0,1,10.225092959257768,-10.225092959257768,10.225092959257768,-10.225092959257768,0.6800000071525574,0.6499999761581421,0.7099999785423279,0.6399999856948853,9.545092952105211,-10.87509293541591,9.51509298071544,-10.865092944952654,3.3407825332368235,-3.8062825273955685,3.330282543250404,-3.8027825307334284,0.1718116731378938,-0.1957516728374864,0.17127167365287793,-0.19557167300914777,-1,1,-1,1,-18,-18,-18,-18,-22,-22,-22,-22
1783308587.6455996,0.0,0.0,0.12,0.0,0.0,1,10.225092959257768,-10.225092959257768,10.225092959257768,-10.225092959257768,0.47999998927116394,0.46000000834465027,0.5,0.44999998807907104,9.745092969986604,-10.685092967602419,9.725092959257768,-10.67509294733684,3.4107825394953113,-3.739782538660846,3.403782535740219,-3.7362825315678934,0.2595175098677732,-0.29191750954590817,0.25879751028619785,-0.2916475095351793,-1,1,-1,1,-18,-18,-18,-18,-22,-22,-22,-22
1783308587.66567,0.0,0.0,0.12,0.0,0.0,1,10.225092959257768,-10.225092959257768,10.225092959257768,-10.225092959257768,0.47999998927116394,0.46000000834465027,0.5,0.44999998807907104,9.745092969986604,-10.685092967602419,9.725092959257768,-10.67509294733684,3.4107825394953113,-3.739782538660846,3.403782535740219,-3.7362825315678934,0.34722334659765264,-0.38808334625432994,0.34632334691951777,-0.3877233460612109,-1,1,-1,1,-18,-18,-18,-18,-22,-22,-22,-22
1783308587.6856678,0.0,0.0,0.12,0.0,0.0,1,10.225092959257768,-10.225092959257768,10.225092959257768,-10.225092959257768,2.140000104904175,-0.36000001430511475,1.7100000381469727,-0.8199999928474426,8.085092854353594,-9.865092944952654,8.515092921110796,-9.405092966410326,2.8297824990237577,-3.452782530733429,2.9802825223887783,-3.2917825382436137,0.419989182286835,-0.47686918275890383,0.4229591832095149,-0.4723691827589038,-1,1,-1,1,-18,-18,-18,-18,-21,-22,-21,-22
1783308587.7055976,0.0,0.0,0.12,0.0,0.0,1,10.225092959257768,-10.225092959257768,10.225092959257768,-10.225092959257768,2.140000104904175,-0.36000001430511475,1.7100000381469727,-0.8199999928474426,8.085092854353594,-9.865092944952654,8.515092921110796,-9.405092966410326,2.8297824990237577,-3.452782530733429,2.9802825223887783,-3.2917825382436137,0.4927550179760174,-0.5656550192634777,0.49959501949951207,-0.5570150194565968,-1,1,-1,1,-18,-18,-18,-18,-21,-22,-21,-22
1783308587.7257345,0.0,0.0,0.12,0.0,0.0,1,10.225092959257768,-10.225092959257768,10.225092959257768,-10.225092959257768,2.140000104904175,-0.36000001430511475,1.7100000381469727,-0.8199999928474426,8.085092854353594,-9.865092944952654,8.515092921110796,-9.405092966410326,2.8297824990237577,-3.452782530733429,2.9802825223887783,-3.2917825382436137,0.5655208536651998,-0.6544408557680517,0.5762308557895093,-0.6416608561542898,-1,1,-1,1,-18,-18,-18,-18,-21,-22,-22,-22
1783308587.7456377,0.0,0.0,0.12,0.0,0.0,1,10.225092959257768,-10.225092959257768,10.225092959257768,-10.225092959257768,2.630000114440918,-1.840000033378601,3.690000057220459,-2.1600000858306885,7.59509284481685,-8.385092925879167,6.535092902037309,-8.06509287342708,2.6582824956858975,-2.9347825240577086,2.2872825157130583,-2.822782505699478,0.6338766892685515,-0.7299066921009641,0.635046691907845,-0.7142466920151336,-1,1,-1,1,-18,-18,-18,-18,-21,-22,-21,-22
1783308587.766024,0.0,0.0,0.12,0.0,0.0,1,10.225092959257768,-10.225092959257768,10.225092959257768,-10.225092959257768,2.630000114440918,-1.840000033378601,3.690000057220459,-2.1600000858306885,7.59509284481685,-8.385092925879167,6.535092902037309,-8.06509287342708,2.6582824956858975,-2.9347825240577086,2.2872825157130583,-2.822782505699478,0.7022325248719031,-0.8053725284338766,0.6938625280261808,-0.7868325278759774,-1,1,-1,1,-18,-18,-18,-18,-21,-22,-21,-22
1783308587.785555,0.0,0.0,0.12,0.0,0.0,1,10.225092959257768,-10.225092959257768,10.225092959257768,-10.225092959257768,3.200000047683716,-1.9700000286102295,5.300000190734863,-3.549999952316284,7.025092911574053,-8.255092930647539,4.925092768522905,-6.675093006941484,2.458782519050918,-2.8892825257266384,1.7237824689830168,-2.336282552429519,0.7654583610760696,-0.8796683648097045,0.7381883629428869,-0.8469083649384507,-1,1,-1,1,-18,-18,-18,-18,-21,-22,-20,-21
1783308587.8056583,0.0,0.0,0.12,0.0,0.0,1,10.225092959257768,-10.225092959257768,10.225092959257768,-10.225092959257768,3.200000047683716,-1.9700000286102295,5.300000190734863,-3.549999952316284,7.025092911574053,-8.255092930647539,4.925092768522905,-6.675093006941484,2.458782519050918,-2.8892825257266384,1.7237824689830168,-2.336282552429519,0.828684197280236,-0.9539642011855323,0.7825141978595931,-0.906984202000924,-1,1,-1,1,-18,-18,-18,-18,-21,-22,-21,-21
1783308587.8255858,0.0,0.0,0.12,0.0,0.0,1,10.225092959257768,-10.225092959257768,10.225092959257768,-10.225092959257768,3.200000047683716,-1.9700000286102295,5.300000190734863,-3.549999952316284,7.025092911574053,-8.255092930647539,4.925092768522905,-6.675093006941484,2.458782519050918,-2.8892825257266384,1.7237824689830168,-2.336282552429519,0.8919100334844025,-1.0282600375613602,0.8268400327762992,-0.9670600390633973,-1,1,-1,1,-18,-18,-18,-18,-21,-22,-21,-21
1783308587.845602,0.0,0.0,0.12,0.0,0.0,1,10.225092959257768,-10.225092959257768,10.225092959257768,-10.225092959257768,3.5999999046325684,-2.509999990463257,7.099999904632568,-5.880000114440918,6.6250930546252,-7.715092968794512,3.1250930546252,-4.34509284481685,2.3187825691188197,-2.7002825390780787,1.0937825691188199,-1.5207824956858975,0.9515358709760292,-1.0976958742805107,0.854965870267926,-1.006165874666749,-1,1,-1,1,-18,-18,-18,-18,-21,-22,-20,-21
1783308587.8657782,0.0,0.0,0.12,0.0,0.0,1,10.225092959257768,-10.225092959257768,10.225092959257768,-10.225092959257768,3.5999999046325684,-2.509999990463257,7.099999904632568,-5.880000114440918,6.6250930546252,-7.715092968794512,3.1250930546252,-4.34509284481685,2.3187825691188197,-2.7002825390780787,1.0937825691188199,-1.5207824956858975,1.011161708467656,-1.1671317109996613,0.8830917077595528,-1.0452717102701006,-1,1,-1,1,-18,-18,-18,-18,-21,-22,-20,-21
1783308587.8856695,0.0,0.0,0.12,0.0,0.0,1,10.225092959257768,-10.225092959257768,10.225092959257768,-10.225092959257768,4.099999904632568,-3.3399999141693115,9.050000190734863,-7.510000228881836,6.1250930546252,-6.885093045088457,1.1750927685229051,-2.7150927303759325,2.14378256911882,-2.4097825657809597,0.4112824689830168,-0.9502824556315763,1.0662875459592829,-1.2290975484054574,0.8936675426762589,-1.069707544843484,-1,1,-1,1,-18,-18,-18,-18,-21,-22,-19,-20
1783308587.9057562,0.0,0.0,0.12,0.0,0.0,1,10.225092959257768,-10.225092959257768,10.225092959257768,-10.225092959257768,4.099999904632568,-3.3399999141693115,9.050000190734863,-7.510000228881836,6.1250930546252,-6.885093045088457,1.1750927685229051,-2.7150927303759325,2.14378256911882,-2.4097825657809597,0.4112824689830168,-0.9502824556315763,1.1214133834509097,-1.2910633858112535,0.904243377592965,-1.0941433794168676,-1,1,-1,1,-18,-18,-18,-18,-21,-22,-19,-20
1783308587.9256277,0.0,0.0,0.12,0.0,0.0,1,10.225092959257768,-10.225092959257768,10.225092959257768,-10.225092959257768,4.099999904632568,-3.3399999141693115,9.050000190734863,-7.510000228881836,6.1250930546252,-6.885093045088457,1.1750927685229051,-2.7150927303759325,2.14378256911882,-2.4097825657809597,0.4112824689830168,-0.9502824556315763,1.1765392209425365,-1.3530292232170495,0.9148192125096711,-1.118579213990251,-1,1,-1,1,-18,-18,-18,-18,-21,-22,-19,-20
1783308587.9457216,0.0,0.0,0.12,0.0,0.0,1,10.225092959257768,-10.225092959257768,10.225092959257768,-10.225092959257768,4.909999847412109,-3.9200000762939453,9.960000038146973,-9.109999656677246,5.315093111845659,-6.305092882963823,0.26509292111079574,-1.1150933025805223,1.8602825891459804,-2.206782509037338,0.0927825223887785,-0.3902826559031828,1.2243750589491473,-1.409775059163724,0.9172050487996682,-1.1286150537134758,-1,1,-1,1,-18,-18,-18,-18,-21,-22,-19,-20
1783308587.965688,0.0,0.0,0.12,0.0,0.0,1,10.225092959257768,-10.225092959257768,10.225092959257768,-10.225092959257768,4.909999847412109,-3.9200000762939453,9.960000038146973,-9.109999656677246,5.315093111845659,-6.305092882963823,0.26509292111079574,-1.1150933025805223,1.8602825891459804,-2.206782509037338,0.0927825223887785,-0.3902826559031828,1.2722108969557582,-1.4665208951103983,0.9195908850896654,-1.1386508934367006,-1,1,-1,1,-18,-18,-18,-18,-21,-22,-19,-20
1783308587.9856648,0.0,0.0,0.12,0.0,0.0,1,10.225092959257768,-10.225092959257768,10.225092959257768,-10.225092959257768,5.699999809265137,-5.920000076293945,11.720000267028809,-10.899999618530273,4.525093149992632,-4.305092882963823,-1.4949073077710402,0.674906659272505,1.583782602497421,-1.506782509037338,-0.523217557719864,0.23621733074537674,1.3129367353056918,-1.5052667310570726,0.906136719319726,-1.132576733503248,-1,1,-1,1,-18,-18,-18,-18,-21,-21,-18,-19
1783308588.0056994,0.0,0.0,0.12,0.0,0.0,1,10.225092959257768,-10.225092959257768,10.225092959257768,-10.225092959257768,5.699999809265137,-5.920000076293945,11.720000267028809,-10.899999618530273,4.525093149992632,-4.305092882963823,-1.4949073077710402,0.674906659272505,1.583782602497421,-1.506782509037338,-0.523217557719864,0.23621733074537674,1.3536625736556254,-1.544012567003747,0.8926825535497865,-1.1265025735697953,-1,1,-1,1,-18,-18,-18,-18,-21,-21,-18,-19
1783308588.0256336,0.0,0.0,0.12,0.0,0.0,1,10.225092959257768,-10.225092959257768,10.225092959257768,-10.225092959257768,5.699999809265137,-5.920000076293945,11.720000267028809,-10.899999618530273,4.525093149992632,-4.305092882963823,-1.4949073077710402,0.674906659272505,1.583782602497421,-1.506782509037338,-0.523217557719864,0.23621733074537674,1.394388412005559,-1.5827584029504214,0.8792283877798471,-1.1204284136363427,-1,1,-1,1,-18,-18,-18,-18,-21,-21,-18,-19
1783308588.0456085,0.0,0.0,0.12,0.0,0.0,1,10.225092959257768,-10.225092959257768,10.225092959257768,-10.225092959257768,7.159999847412109,-7.539999961853027,11.600000381469727,-12.609999656677246,3.065093111845659,-2.685092997404741,-1.3749074222119582,2.3849066974194777,1.0727825891459806,-0.9397825490916593,-0.4812175977741853,0.8347173440968172,1.42197425001217,-1.606924239927064,0.8668542209799395,-1.0989642533595674,-1,1,-1,1,-18,-18,-18,-18,-20,-21,-18,-18
1783308588.0656114,0.0,0.0,0.12,0.0,0.0,1,10.225092959257768,-10.225092959257768,10.225092959257768,-10.225092959257768,7.159999847412109,-7.539999961853027,11.600000381469727,-12.609999656677246,3.065093111845659,-2.685092997404741,-1.3749074222119582,2.3849066974194777,1.0727825891459806,-0.9397825490916593,-0.4812175977741853,0.8347173440968172,1.449560088018781,-1.6310900769037067,0.8544800541800318,-1.077500093082792,-1,1,-1,1,-18,-18,-18,-18,-21,-21,-18,-18
1783308588.0856547,0.0,0.0,0.12,0.0,0.0,1,10.225092959257768,-10.225092959257768,10.225092959257768,-10.225092959257768,8.180000305175781,-8.670000076293945,12.880000114440918,-12.449999809265137,2.045092654081987,-1.555092882963823,-2.6549071551831496,2.2249068500073683,0.7157824289286955,-0.544282509037338,-0.9292175043141023,0.7787173975025788,1.4679659219055188,-1.645085912850381,0.8305858897833834,-1.0574759314327258,-1,1,-1,1,-18,-18,-18,-18,-20,-20,-18,-18
1783308588.105612,0.0,0.0,0.12,0.0,0.0,1,10.225092959257768,-10.225092959257768,10.225092959257768,-10.225092959257768,8.180000305175781,-8.670000076293945,12.880000114440918,-12.449999809265137,2.045092654081987,-1.555092882963823,-2.6549071551831496,2.2249068500073683,0.7157824289286955,-0.544282509037338,-0.9292175043141023,0.7787173975025788,1.4863717557922567,-1.6590817487970553,0.8066917253867351,-1.0374517697826595,-1,1,-1,1,-18,-18,-18,-18,-20,-20,-18,-18
1783308588.1256406,0.0,0.0,0.12,0.0,0.0,1,10.225092959257768,-10.225092959257768,10.225092959257768,-10.225092959257768,8.180000305175781,-8.670000076293945,12.880000114440918,-12.449999809265137,2.045092654081987,-1.555092882963823,-2.6549071551831496,2.2249068500073683,0.7157824289286955,-0.544282509037338,-0.9292175043141023,0.7787173975025788,1.5047775896789946,-1.6730775847437296,0.7827975609900867,-1.0174276081325933,-1,1,-1,1,-18,-18,-18,-18,-20,-20,-18,-18
1783308588.1457074,0.0,0.0,0.12,0.0,0.0,1,10.225092959257768,-10.225092959257768,10.225092959257768,-10.225092959257768,9.579999923706055,-10.149999618530273,13.09000015258789,-13.920000076293945,0.6450930355517137,-0.07509334072749496,-2.8649071933301222,3.694907117036177,0.22578256244309977,-0.026282669254623234,-1.0027175176655427,1.293217490962662,1.51058342699896,-1.673753424810277,0.7570133962501155,-0.9841734440792677,-1,1,-1,1,-18,-18,-18,-18,-20,-20,-18,-18
1783308588.165607,0.0,0.0,0.12,0.0,0.0,1,10.225092959257768,-10.225092959257768,10.225092959257768,-10.225092959257768,9.579999923706055,-10.149999618530273,13.09000015258789,-13.920000076293945,0.6450930355517137,-0.07509334072749496,-2.8649071933301222,3.694907117036177,0.22578256244309977,-0.026282669254623234,-1.0027175176655427,1.293217490962662,1.5163892643189254,-1.6744292648768244,0.7312292315101444,-0.9509192800259421,-1,1,-1,1,-18,-18,-18,-18,-20,-20,-18,-18
1783308588.1857467,0.0,0.0,0.12,0.0,0.0,1,10.225092959257768,-10.225092959257768,10.225092959257768,-10.225092959257768,10.550000190734863,-11.859999656677246,12.329999923706055,-13.140000343322754,-0.3249072314770949,1.6349066974194777,-2.1049069644482863,2.9149073840649855,-0.1137175310169832,0.5722173440968171,-0.7367174375569001,1.0202175844227448,1.5134650992356316,-1.6597151046000491,0.7122850688301098,-0.9246851135693572,-1,1,-1,1,-18,-18,-18,-18,-19,-19,-18,-18
1783308588.2055864,0.0,0.0,0.12,0.0,0.0,1,10.225092959257768,-10.225092959257768,10.225092959257768,-10.225092959257768,10.550000190734863,-11.859999656677246,12.329999923706055,-13.140000343322754,-0.3249072314770949,1.6349066974194777,-2.1049069644482863,2.9149073840649855,-0.1137175310169832,0.5722173440968171,-0.7367174375569001,1.0202175844227448,1.5105409341523377,-1.6450009443232738,0.6933409061500752,-0.8984509471127724,-1,1,-1,1,-18,-18,-18,-18,-19,-19,-18,-18
1783308588.2257206,0.0,0.0,0.12,0.0,0.0,1,10.225092959257768,-10.225092959257768,10.225092959257768,-10.225092959257768,10.550000190734863,-11.859999656677246,12.329999923706055,-13.140000343322754,-0.3249072314770949,1.6349066974194777,-2.1049069644482863,2.9149073840649855,-0.1137175310169832,0.5722173440968171,-0.7367174375569001,1.0202175844227448,1.5076167690690438,-1.6302867840464985,0.6743967434700405,-0.8722167806561876,-1,1,-1,1,-18,-18,-18,-18,-19,-19,-18,-18
1783308588.245592,0.0,0.0,0.12,0.0,0.0,1,10.225092959257768,-10.225092959257768,10.225092959257768,-10.225092959257768,11.6899995803833,-12.380000114440918,12.029999732971191,-12.819999694824219,-1.4649066211255324,2.1549071551831496,-1.804906773713423,2.5949067355664504,-0.5127173173939363,0.7542175043141023,-0.631717370799698,0.9082173574482576,1.494432609478914,-1.61089261964985,0.6581525825066197,-0.8488626200360895,-1,1,-1,1,-18,-18,-18,-18,-19,-19,-18,-18
1783308588.2655995,0.0,0.0,0.12,0.0,0.0,1,10.225092959257768,-10.225092959257768,10.225092959257768,-10.225092959257768,11.6899995803833,-12.380000114440918,12.029999732971191,-12.819999694824219,-1.4649066211255324,2.1549071551831496,-1.804906773713423,2.5949067355664504,-0.5127173173939363,0.7542175043141023,-0.631717370799698,0.9082173574482576,1.4812484498887841,-1.5914984552532017,0.6419084215431988,-0.8255084594159914,-1,1,-1,1,-18,-18,-18,-18,-19,-19,-18,-18
1783308588.285696,0.0,0.0,0.12,0.0,0.0,1,10.225092959257768,-10.225092959257768,10.225092959257768,-10.225092959257768,12.479999542236328,-13.420000076293945,12.5,-12.829999923706055,-2.2549065829785597,3.194907117036177,-2.2749070407422316,2.6049069644482863,-0.7892173040424959,1.1182174909626619,-0.796217464259781,0.9117174375569002,1.460954290641977,-1.5627442911998761,0.6214342581765188,-0.8020642967359568,-1,1,-1,1,-18,-18,-18,-18,-19,-18,-18,-18
1783308588.3055964,0.0,0.0,0.12,0.0,0.0,1,10.225092959257768,-10.225092959257768,10.225092959257768,-10.225092959257768,12.479999542236328,-13.420000076293945,12.5,-12.829999923706055,-2.2549065829785597,3.194907117036177,-2.2749070407422316,2.6049069644482863,-0.7892173040424959,1.1182174909626619,-0.796217464259781,0.9117174375569002,1.44066013139517,-1.5339901271465506,0.6009600948098387,-0.7786201340559222,-1,1,-1,1,-18,-18,-18,-18,-19,-18,-18,-18
1783308588.3256056,0.0,0.0,0.12,0.0,0.0,1,10.225092959257768,-10.225092959257768,10.225092959257768,-10.225092959257768,12.479999542236328,-13.420000076293945,12.5,-12.829999923706055,-2.2549065829785597,3.194907117036177,-2.2749070407422316,2.6049069644482863,-0.7892173040424959,1.1182174909626619,-0.796217464259781,0.9117174375569002,1.4203659721483628,-1.505235963093225,0.5804859314431586,-0.7551759713758877,-1,1,-1,1,-18,-18,-18,-18,-19,-18,-18,-18
1783308588.345634,0.0,0.0,0.12,0.0,0.0,1,10.225092959257768,-10.225092959257768,10.225092959257768,-10.225092959257768,13.489999771118164,-13.470000267028809,11.6899995803833,-12.149999618530273,-3.2649068118603957,3.24490730777104,-1.4649066211255324,1.924906659272505,-1.1427173841511384,1.135717557719864,-0.5127173173939363,0.6737173307453768,1.3909818108416192,-1.4760317973232857,0.5673017718530289,-0.7378518114424351,-1,1,-1,1,-18,-18,-18,-18,-18,-18,-18,-18
1783308588.3656538,0.0,0.0,0.12,0.0,0.0,1,10.225092959257768,-10.225092959257768,10.225092959257768,-10.225092959257768,13.489999771118164,-13.470000267028809,11.6899995803833,-12.149999618530273,-3.2649068118603957,3.24490730777104,-1.4649066211255324,1.924906659272505,-1.1427173841511384,1.135717557719864,-0.5127173173939363,0.6737173307453768,1.3615976495348756,-1.4468276315533464,0.5541176122628991,-0.7205276515089825,-1,1,-1,1,-18,-18,-18,-18,-18,-18,-18,-18
1783308588.3856597,0.0,0.0,0.12,0.0,0.0,1,10.225092959257768,-10.225092959257768,10.225092959257768,-10.225092959257768,13.75,-13.279999732971191,11.8100004196167,-11.670000076293945,-3.5249070407422316,3.054906773713423,-1.5849074603589308,1.444907117036177,-1.233717464259781,1.069217370799698,-0.5547176111256258,0.5057174909626619,1.3298734861681956,-1.4193334705899256,0.5398534451196687,-0.7075234874556569,-1,1,-1,1,-18,-18,-18,-18,-18,-18,-18,-18
1783308588.4055848,0.0,0.0,0.12,0.0,0.0,1,10.225092959257768,-10.225092959257768,10.225092959257768,-10.225092959257768,13.75,-13.279999732971191,11.8100004196167,-11.670000076293945,-3.5249070407422316,3.054906773713423,-1.5849074603589308,1.444907117036177,-1.233717464259781,1.069217370799698,-0.5547176111256258,0.5057174909626619,1.2981493228015155,-1.391839309626505,0.5255892779764383,-0.6945193234023312,-1,1,-1,1,-18,-18,-18,-18,-18,-18,-18,-18
1783308588.4255843,0.0,0.0,0.12,0.0,0.0,1,10.225092959257768,-10.225092959257768,10.225092959257768,-10.225092959257768,13.75,-13.279999732971191,11.8100004196167,-11.670000076293945,-3.5249070407422316,3.054906773713423,-1.5849074603589308,1.444907117036177,-1.233717464259781,1.069217370799698,-0.5547176111256258,0.5057174909626619,1.2664251594348355,-1.3643451486630842,0.5113251108332079,-0.6815151593490056,-1,1,-1,1,-18,-18,-18,-18,-18,-18,-18,-18
1783308588.4455936,0.0,0.0,0.12,0.0,0.0,1,10.225092959257768,-10.225092959257768,10.225092959257768,-10.225092959257768,13.699999809265137,-14.050000190734863,12.109999656677246,-12.020000457763672,-3.4749068500073683,3.824907231477095,-1.8849066974194777,1.7949074985059035,-1.2162173975025787,1.3387175310169832,-0.6597173440968171,0.6282176244770662,1.2351509977847692,-1.3299209835797903,0.4943609505564326,-0.6653609918624525,-1,1,-1,1,-18,-18,-18,-18,-18,-18,-18,-18
1783308588.4656,0.0,0.0,0.12,0.0,0.0,1,10.225092959257768,-10.225092959257768,10.225092959257768,-10.225092959257768,13.699999809265137,-14.050000190734863,12.109999656677246,-12.020000457763672,-3.4749068500073683,3.824907231477095,-1.8849066974194777,1.7949074985059035,-1.2162173975025787,1.3387175310169832,-0.6597173440968171,0.6282176244770662,1.203876836134703,-1.2954968184964963,0.4773967902796573,-0.6492068243758993,-1,1,-1,1,-18,-18,-18,-18,-18,-18,-18,-18
1783308588.4856684,0.0,0.0,0.12,0.0,0.0,1,10.225092959257768,-10.225092959257768,10.225092959257768,-10.225092959257768,13.4399995803833,-13.0,11.649999618530273,-11.579999923706055,-3.2149066211255324,2.7749070407422316,-1.424906659272505,1.3549069644482863,-1.1252173173939362,0.971217464259781,-0.4987173307453767,0.47421743755690016,1.1749426765445732,-1.2705226551298163,0.4645726303462048,-0.6370126616958647,-1,1,-1,1,-18,-18,-18,-18,-18,-18,-18,-18
1783308588.505601,0.0,0.0,0.12,0.0,0.0,1,10.225092959257768,-10.225092959257768,10.225092959257768,-10.225092959257768,13.4399995803833,-13.0,11.649999618530273,-11.579999923706055,-3.2149066211255324,2.7749070407422316,-1.424906659272505,1.3549069644482863,-1.1252173173939362,0.971217464259781,-0.4987173307453767,0.47421743755690016,1.1460085169544434,-1.2455484917631363,0.45174847041275223,-0.6248184990158301,-1,1,-1,1,-18,-18,-18,-18,-18,-18,-18,-18
1783308588.5255957,0.0,0.0,0.12,0.0,0.0,1,10.225092959257768,-10.225092959257768,10.225092959257768,-10.225092959257768,13.4399995803833,-13.0,11.649999618530273,-11.579999923706055,-3.2149066211255324,2.7749070407422316,-1.424906659272505,1.3549069644482863,-1.1252173173939362,0.971217464259781,-0.4987173307453767,0.47421743755690016,1.1170743573643136,-1.2205743283964563,0.4389243104792997,-0.6126243363357955,-1,1,-1,1,-18,-18,-18,-18,-18,-18,-18,-18
1783308588.5455787,0.0,0.0,0.12,0.0,0.0,1,10.225092959257768,-10.225092959257768,10.225092959257768,-10.225092959257768,13.260000228881836,-12.949999809265137,11.319999694824219,-9.920000076293945,-3.0349072696240675,2.7249068500073683,-1.0949067355664504,-0.3050928829638231,-1.0622175443684236,0.9537173975025789,-0.3832173574482576,-0.10678250903733807,1.089760191937697,-1.19605016674639,0.42907014985920167,-0.6153701722824699,-1,1,-1,1,-18,-18,-18,-18,-18,-18,-18,-19
1783308588.5658278,0.0,0.0,0.12,0.0,0.0,1,10.225092959257768,-10.225092959257768,10.225092959257768,-10.225092959257768,13.260000228881836,-12.949999809265137,11.319999694824219,-9.920000076293945,-3.0349072696240675,2.7249068500073683,-1.0949067355664504,-0.3050928829638231,-1.0622175443684236,0.9537173975025789,-0.3832173574482576,-0.10678250903733807,1.0624460265110802,-1.1715260050963239,0.41921598923910364,-0.6181160082291444,-1,1,-1,1,-18,-18,-18,-18,-18,-18,-18,-19
1783308588.5856726,0.0,0.0,0.12,0.0,0.0,1,10.225092959257768,-10.225092959257768,10.225092959257768,-10.225092959257768,13.350000381469727,-13.140000343322754,9.289999961853027,-8.760000228881836,-3.124907422211958,2.9149073840649855,0.935092997404741,-1.4650927303759325,-1.0937175977741853,1.0202175844227448,0.3272825490916593,-0.5127824556315763,1.0343218597111725,-1.145291838639739,0.4276318262157463,-0.6313018428025278,-1,1,-1,1,-18,-18,-18,-18,-18,-18,-19,-19
1783308588.605751,0.0,0.0,0.12,0.0,0.0,1,10.225092959257768,-10.225092959257768,10.225092959257768,-10.225092959257768,13.350000381469727,-13.140000343322754,9.289999961853027,-8.760000228881836,-3.124907422211958,2.9149073840649855,0.935092997404741,-1.4650927303759325,-1.0937175977741853,1.0202175844227448,0.3272825490916593,-0.5127824556315763,1.0061976929112648,-1.1190576721831542,0.43604766319238897,-0.6444876773759112,-1,1,-1,1,-18,-18,-18,-18,-18,-18,-19,-19
1783308588.6256065,0.0,0.0,0.12,0.0,0.0,1,10.225092959257768,-10.225092959257768,10.225092959257768,-10.225092959257768,13.350000381469727,-13.140000343322754,9.289999961853027,-8.760000228881836,-3.124907422211958,2.9149073840649855,0.935092997404741,-1.4650927303759325,-1.0937175977741853,1.0202175844227448,0.3272825490916593,-0.5127824556315763,0.9780735261113572,-1.0928235057265694,0.44446350016903163,-0.6576735119492946,-1,1,-1,1,-18,-18,-18,-18,-18,-18,-19,-19
1783308588.6456108,0.0,0.0,0.12,0.0,0.0,1,10.225092959257768,-10.225092959257768,10.225092959257768,-10.225092959257768,13.420000076293945,-13.270000457763672,8.3100004196167,-7.940000057220459,-3.194907117036177,3.0449074985059035,1.9150925396410692,-2.2850929020373094,-1.1182174909626619,1.065717624477066,0.6702823888743742,-0.7997825157130583,0.9493193620580316,-1.0654193382400163,0.46169933302580124,-0.6782393480676303,-1,1,-1,1,-18,-18,-18,-18,-18,-18,-19,-19
1783308588.665604,0.0,0.0,0.12,0.0,0.0,1,10.225092959257768,-10.225092959257768,10.225092959257768,-10.225092959257768,13.420000076293945,-13.270000457763672,8.3100004196167,-7.940000057220459,-3.194907117036177,3.0449074985059035,1.9150925396410692,-2.2850929020373094,-1.1182174909626619,1.065717624477066,0.6702823888743742,-0.7997825157130583,0.9205651980047059,-1.0380151707534633,0.47893516588257085,-0.698805184185966,-1,1,-1,1,-18,-18,-18,-18,-18,-18,-19,-19
1783308588.6856375,0.0,0.0,0.12,0.0,0.0,1,10.225092959257768,-10.225092959257768,10.225092959257768,-10.225092959257768,13.699999809265137,-13.140000343322754,8.989999771118164,-8.5,-3.4749068500073683,2.9149073840649855,1.2350931881396043,-1.7250929592577684,-1.2162173975025787,1.0202175844227448,0.4322826158488615,-0.6037825357402189,0.8892910363546396,-1.0117810042968785,0.4900510045758273,-0.714331020819286,-1,1,-1,1,-18,-18,-18,-18,-18,-18,-19,-19
1783308588.7057579,0.0,0.0,0.12,0.0,0.0,1,10.225092959257768,-10.225092959257768,10.225092959257768,-10.225092959257768,13.699999809265137,-13.140000343322754,8.989999771118164,-8.5,-3.4749068500073683,2.9149073840649855,1.2350931881396043,-1.7250929592577684,-1.2162173975025787,1.0202175844227448,0.4322826158488615,-0.6037825357402189,0.8580168747045732,-0.9855468378402936,0.5011668432690837,-0.729856857452606,-1,1,-1,1,-18,-18,-18,-18,-18,-18,-19,-19
1783308588.7256038,0.0,0.0,0.12,0.0,0.0,1,10.225092959257768,-10.225092959257768,10.225092959257768,-10.225092959257768,13.699999809265137,-13.140000343322754,8.989999771118164,-8.5,-3.4749068500073683,2.9149073840649855,1.2350931881396043,-1.7250929592577684,-1.2162173975025787,1.0202175844227448,0.4322826158488615,-0.6037825357402189,0.8267427130545069,-0.9593126713837088,0.5122826819623401,-0.745382694085926,-1,1,-1,1,-18,-18,-18,-18,-18,-18,-19,-19
1783308588.7458205,0.0,0.0,0.12,0.0,0.0,1,10.225092959257768,-10.225092959257768,10.225092959257768,-10.225092959257768,13.65999984741211,-12.819999694824219,7.880000114440918,-7.079999923706055,-3.434906888154341,2.5949067355664504,2.3450928448168504,-3.1450930355517137,-1.2022174108540193,0.9082173574482576,0.8207824956858976,-1.1007825624430998,0.7958285510611178,-0.9359585107636107,0.5333885175656917,-0.7736885314058913,-1,1,-1,1,-18,-18,-18,-18,-18,-18,-19,-20
1783308588.7656312,0.0,0.0,0.12,0.0,0.0,1,10.225092959257768,-10.225092959257768,10.225092959257768,-10.225092959257768,13.65999984741211,-12.819999694824219,7.880000114440918,-7.079999923706055,-3.434906888154341,2.5949067355664504,2.3450928448168504,-3.1450930355517137,-1.2022174108540193,0.9082173574482576,0.8207824956858976,-1.1007825624430998,0.7649143890677288,-0.9126043501435126,0.5544943531690434,-0.8019943687258567,-1,1,-1,1,-18,-18,-18,-18,-18,-18,-19,-20
1783308588.7856824,0.0,0.0,0.12,0.0,0.0,1,10.225092959257768,-10.225092959257768,10.225092959257768,-10.225092959257768,13.869999885559082,-12.140000343322754,7.099999904632568,-5.639999866485596,-3.6449069263013136,1.9149073840649855,3.1250930546252,-4.585093092772173,-1.2757174242054596,0.6702175844227449,1.0937825691188199,-1.6047825824702604,0.732110226731017,-0.8953701836869278,0.5826201906606702,-0.8432602065608062,-1,1,-1,1,-18,-18,-18,-18,-18,-18,-20,-20
1783308588.8056433,0.0,0.0,0.12,0.0,0.0,1,10.225092959257768,-10.225092959257768,10.225092959257768,-10.225092959257768,13.869999885559082,-12.140000343322754,7.099999904632568,-5.639999866485596,-3.6449069263013136,1.9149073840649855,3.1250930546252,-4.585093092772173,-1.2757174242054596,0.6702175844227449,1.0937825691188199,-1.6047825824702604,0.6993060643943052,-0.878136017230343,0.610746028152297,-0.8845260443957558,-1,1,-1,1,-18,-18,-18,-18,-18,-18,-20,-20
1783308588.8256001,0.0,0.0,0.12,0.0,0.0,1,10.225092959257768,-10.225092959257768,10.225092959257768,-10.225092959257768,13.869999885559082,-12.140000343322754,7.099999904632568,-5.639999866485596,-3.6449069263013136,1.9149073840649855,3.1250930546252,-4.585093092772173,-1.2757174242054596,0.6702175844227449,1.0937825691188199,-1.6047825824702604,0.6665019020575934,-0.8609018507737581,0.6388718656439237,-0.9257918822307053,-1,1,-1,1,-18,-18,-18,-18,-18,-18,-20,-21
1783308588.8457353,0.0,0.0,0.12,0.0,0.0,1,10.225092959257768,-10.225092959257768,10.225092959257768,-10.225092959257768,13.5600004196167,-11.4399995803833,7.010000228881836,-4.630000114440918,-3.334907460358931,1.2149066211255324,3.2150927303759325,-5.59509284481685,-1.1672176111256256,0.4252173173939363,1.1252824556315764,-1.9582824956858975,0.6364877349143631,-0.8499676911836284,0.6678077002173072,-0.976147717834057,-1,1,-1,1,-18,-18,-18,-18,-18,-18,-20,-21
1783308588.8656073,0.0,0.0,0.12,0.0,0.0,1,10.225092959257768,-10.225092959257768,10.225092959257768,-10.225092959257768,13.5600004196167,-11.4399995803833,7.010000228881836,-4.630000114440918,-3.334907460358931,1.2149066211255324,3.2150927303759325,-5.59509284481685,-1.1672176111256256,0.4252173173939363,1.1252824556315764,-1.9582824956858975,0.6064735677711327,-0.8390335315934986,0.6967435347906906,-1.0265035534374087,-1,1,-1,1,-18,-18,-18,-18,-18,-18,-20,-21
1783308588.885812,0.0,0.0,0.12,0.0,0.0,1,10.225092959257768,-10.225092959257768,10.225092959257768,-10.225092959257768,13.109999656677246,-10.279999732971191,7.170000076293945,-3.690000057220459,-2.8849066974194777,0.05490677371342301,3.055092882963823,-6.535092902037309,-1.0097173440968172,0.019217370799698052,1.069282509037338,-2.2872825157130583,0.5805094074943574,-0.8385393706300778,0.724239370737365,-1.0853193895557445,-1,1,-1,1,-18,-18,-18,-18,-18,-19,-20,-21
1783308588.9056067,0.0,0.0,0.12,0.0,0.0,1,10.225092959257768,-10.225092959257768,10.225092959257768,-10.225092959257768,13.109999656677246,-10.279999732971191,7.170000076293945,-3.690000057220459,-2.8849066974194777,0.05490677371342301,3.055092882963823,-6.535092902037309,-1.0097173440968172,0.019217370799698052,1.069282509037338,-2.2872825157130583,0.5545452472175821,-0.838045209666657,0.7517352066840394,-1.1441352256740802,-1,1,-1,1,-18,-18,-18,-18,-18,-19,-20,-21
1783308588.9255846,0.0,0.0,0.12,0.0,0.0,1,10.225092959257768,-10.225092959257768,10.225092959257768,-10.225092959257768,13.109999656677246,-10.279999732971191,7.170000076293945,-3.690000057220459,-2.8849066974194777,0.05490677371342301,3.055092882963823,-6.535092902037309,-1.0097173440968172,0.019217370799698052,1.069282509037338,-2.2872825157130583,0.5285810869408069,-0.8375510487032362,0.7792310426307137,-1.202951061792416,-1,1,-1,1,-18,-18,-18,-18,-18,-19,-20,-21
1783308588.9456406,0.0,0.0,0.12,0.0,0.0,1,10.225092959257768,-10.225092959257768,10.225092959257768,-10.225092959257768,13.25,-9.90999984741211,7.059999942779541,-3.259999990463257,-3.0249070407422316,-0.315093111845659,3.1650930164782274,-6.965092968794512,-1.058717464259781,-0.11028258914598064,1.1077825557673795,-2.437782539078079,0.5013569235741268,-0.8403868867098471,0.8077168797790177,-1.2656368985115665,-1,1,-1,1,-18,-18,-18,-18,-18,-19,-20,-22
1783308588.965637,0.0,0.0,0.12,0.0,0.0,1,10.225092959257768,-10.225092959257768,10.225092959257768,-10.225092959257768,13.25,-9.90999984741211,7.059999942779541,-3.259999990463257,-3.0249070407422316,-0.315093111845659,3.1650930164782274,-6.965092968794512,-1.058717464259781,-0.11028258914598064,1.1077825557673795,-2.437782539078079,0.47413276020744666,-0.843222724716458,0.8362027169273218,-1.328322735230717,-1,1,-1,1,-18,-18,-18,-18,-18,-19,-20,-22
1783308588.9857364,0.0,0.0,0.12,0.0,0.0,1,10.225092959257768,-10.225092959257768,10.225092959257768,-10.225092959257768,13.350000381469727,-9.430000305175781,6.519999980926514,-3.190000057220459,-3.124907422211958,-0.7950926540819871,3.7050929783312547,-7.035092902037309,-1.0937175977741853,-0.2782824289286955,1.2967825424159392,-2.462282515713058,0.446008593407539,-0.8503785586031959,0.8695485537323031,-1.3916385713490527,-1,1,-1,1,-18,-18,-18,-18,-18,-19,-20,-22
1783308589.0056121,0.0,0.0,0.12,0.0,0.0,1,10.225092959257768,-10.225092959257768,10.225092959257768,-10.225092959257768,13.350000381469727,-9.430000305175781,6.519999980926514,-3.190000057220459,-3.124907422211958,-0.7950926540819871,3.7050929783312547,-7.035092902037309,-1.0937175977741853,-0.2782824289286955,1.2967825424159392,-2.462282515713058,0.41788442660763137,-0.8575343924899338,0.9028943905372844,-1.4549544074673884,-1,1,-1,1,-18,-18,-18,-18,-18,-19,-20,-22
1783308589.025691,0.0,0.0,0.12,0.0,0.0,1,10.225092959257768,-10.225092959257768,10.225092959257768,-10.225092959257768,13.350000381469727,-9.430000305175781,6.519999980926514,-3.190000057220459,-3.124907422211958,-0.7950926540819871,3.7050929783312547,-7.035092902037309,-1.0937175977741853,-0.2782824289286955,1.2967825424159392,-2.462282515713058,0.3897602598077237,-0.8646902263766717,0.9362402273422656,-1.518270243585724,-1,1,-1,1,-18,-18,-18,-18,-18,-19,-20,-22
1783308589.0456357,0.0,0.0,0.12,0.0,0.0,1,10.225092959257768,-10.225092959257768,10.225092959257768,-10.225092959257768,12.289999961853027,-9.770000457763672,6.829999923706055,-3.359999895095825,-2.064907002595259,-0.4550925014940965,3.3950930355517137,-6.865093064161943,-0.7227174509083406,-0.15928237552293378,1.1882825624430997,-2.40278257245668,0.37117609678436636,-0.8687860588901186,0.9667960646622311,-1.5800560811631816,-1,1,-1,1,-18,-18,-18,-18,-18,-19,-20,-22
1783308589.0656033,0.0,0.0,0.12,0.0,0.0,1,10.225092959257768,-10.225092959257768,10.225092959257768,-10.225092959257768,12.289999961853027,-9.770000457763672,6.829999923706055,-3.359999895095825,-2.064907002595259,-0.4550925014940965,3.3950930355517137,-6.865093064161943,-0.7227174509083406,-0.15928237552293378,1.1882825624430997,-2.40278257245668,0.35259193376100906,-0.8728818914035655,0.9973519019821966,-1.6418419187406392,-1,1,-1,1,-18,-18,-18,-18,-18,-19,-20,-22
1783308589.085762,0.0,0.0,0.12,0.0,0.0,1,10.225092959257768,-10.225092959257768,10.225092959257768,-10.225092959257768,12.680000305175781,-10.010000228881836,7.730000019073486,-5.300000190734863,-2.454907345918013,-0.21509273037593246,2.495092940184282,-4.925092768522905,-0.8592175710713045,-0.07528245563157636,0.8732825290644987,-1.7237824689830168,0.33049776764774697,-0.874817725976949,1.019807738443855,-1.6861677536573454,-1,1,-1,1,-18,-18,-18,-18,-18,-19,-20,-21
1783308589.1056507,0.0,0.0,0.12,0.0,0.0,1,10.225092959257768,-10.225092959257768,10.225092959257768,-10.225092959257768,12.680000305175781,-10.010000228881836,7.730000019073486,-5.300000190734863,-2.454907345918013,-0.21509273037593246,2.495092940184282,-4.925092768522905,-0.8592175710713045,-0.07528245563157636,0.8732825290644987,-1.7237824689830168,0.3084036015344849,-0.8767535605503324,1.0422635749055136,-1.7304935885740516,-1,1,-1,1,-18,-18,-18,-18,-18,-19,-20,-21
1783308589.125793,0.0,0.0,0.12,0.0,0.0,1,10.225092959257768,-10.225092959257768,10.225092959257768,-10.225092959257768,12.680000305175781,-10.010000228881836,7.730000019073486,-5.300000190734863,-2.454907345918013,-0.21509273037593246,2.495092940184282,-4.925092768522905,-0.8592175710713045,-0.07528245563157636,0.8732825290644987,-1.7237824689830168,0.2863094354212228,-0.8786893951237158,1.064719411367172,-1.7748194234907577,-1,1,-1,1,-18,-18,-18,-18,-18,-19,-20,-21
1783308589.1456513,0.0,0.0,0.12,0.0,0.0,1,10.225092959257768,-10.225092959257768,10.225092959257768,-10.225092959257768,13.180000305175781,-10.630000114440918,9.9399995803833,-6.880000114440918,-2.954907345918013,0.40490715518314957,0.2850933788744676,-3.3450928448168504,-1.0342175710713044,0.14171750431410235,0.09978268260606366,-1.1707824956858977,0.2597152693079607,-0.8750452307270674,1.0672852517770424,-1.8049252590941094,-1,1,-1,1,-18,-18,-18,-18,-18,-19,-19,-21
1783308589.1657517,0.0,0.0,0.12,0.0,0.0,1,10.225092959257768,-10.225092959257768,10.225092959257768,-10.225092959257768,13.180000305175781,-10.630000114440918,9.9399995803833,-6.880000114440918,-2.954907345918013,0.40490715518314957,0.2850933788744676,-3.3450928448168504,-1.0342175710713044,0.14171750431410235,0.09978268260606366,-1.1707824956858977,0.23312110319469856,-0.871401066330419,1.0698510921869127,-1.835031094697461,-1,1,-1,1,-18,-18,-18,-18,-18,-19,-19,-21
1783308589.1856918,0.0,0.0,0.12,0.0,0.0,1,10.225092959257768,-10.225092959257768,10.225092959257768,-10.225092959257768,13.069999694824219,-10.380000114440918,11.029999732971191,-8.4399995803833,-2.8449067355664504,0.15490715518314957,-0.804906773713423,-1.7850933788744676,-0.9957173574482575,0.05421750431410235,-0.28171737079969805,-0.6247826826060636,0.20751694257460052,-0.8700069019337707,1.0626069312234918,-1.8510969351073312,-1,1,-1,1,-18,-18,-18,-18,-18,-19,-19,-20
1783308589.2055817,0.0,0.0,0.12,0.0,0.0,1,10.225092959257768,-10.225092959257768,10.225092959257768,-10.225092959257768,13.069999694824219,-10.380000114440918,11.029999732971191,-8.4399995803833,-2.8449067355664504,0.15490715518314957,-0.804906773713423,-1.7850933788744676,-0.9957173574482575,0.05421750431410235,-0.28171737079969805,-0.6247826826060636,0.18191278195450247,-0.8686127375371224,1.055362770260071,-1.8671627755172013,-1,1,-1,1,-18,-18,-18,-18,-18,-19,-19,-20
1783308589.2256794,0.0,0.0,0.12,0.0,0.0,1,10.225092959257768,-10.225092959257768,10.225092959257768,-10.225092959257768,13.069999694824219,-10.380000114440918,11.029999732971191,-8.4399995803833,-2.8449067355664504,0.15490715518314957,-0.804906773713423,-1.7850933788744676,-0.9957173574482575,0.05421750431410235,-0.28171737079969805,-0.6247826826060636,0.15630862133440443,-0.8672185731404741,1.0481186092966501,-1.8832286159270715,-1,1,-1,1,-18,-18,-18,-18,-18,-19,-19,-21
1783308589.2456107,0.0,0.0,0.12,0.0,0.0,1,10.225092959257768,-10.225092959257768,10.225092959257768,-10.225092959257768,12.09000015258789,-9.529999732971191,12.020000457763672,-8.850000381469727,-1.8649071933301222,-0.695093226286577,-1.7949074985059035,-1.3750925777880418,-0.6527175176655428,-0.24328262920030194,-0.6282176244770662,-0.4812824022258146,0.13952445659443333,-0.8734744121770533,1.031964441810097,-1.8956044491271637,-1,1,-1,1,-18,-18,-18,-18,-18,-19,-18,-20
1783308589.2656052,0.0,0.0,0.12,0.0,0.0,1,10.225092959257768,-10.225092959257768,10.225092959257768,-10.225092959257768,12.09000015258789,-9.529999732971191,12.020000457763672,-8.850000381469727,-1.8649071933301222,-0.695093226286577,-1.7949074985059035,-1.3750925777880418,-0.6527175176655428,-0.24328262920030194,-0.6282176244770662,-0.4812824022258146,0.12274029185446222,-0.8797302512136326,1.015810274323544,-1.907980282327256,-1,1,-1,1,-18,-18,-18,-18,-18,-19,-18,-20
1783308589.2856803,0.0,0.0,0.12,0.0,0.0,1,10.225092959257768,-10.225092959257768,10.225092959257768,-10.225092959257768,12.09000015258789,-9.84000015258789,12.720000267028809,-9.819999694824219,-1.8649071933301222,-0.3850928066698778,-2.49490730777104,-0.40509326443354965,-0.6527175176655428,-0.13478248233445722,-0.873217557719864,-0.14178264255174236,0.10595612711449112,-0.8831960864736614,0.9933561085536046,-1.911626121707158,-1,1,-1,1,-18,-18,-18,-18,-18,-19,-18,-20
1783308589.3056421,0.0,0.0,0.12,0.0,0.0,1,10.225092959257768,-10.225092959257768,10.225092959257768,-10.225092959257768,12.09000015258789,-9.84000015258789,12.720000267028809,-9.819999694824219,-1.8649071933301222,-0.3850928066698778,-2.49490730777104,-0.40509326443354965,-0.6527175176655428,-0.13478248233445722,-0.873217557719864,-0.14178264255174236,0.08917196237452002,-0.8866619217336903,0.9709019427836652,-1.9152719610870599,-1,1,-1,1,-18,-18,-18,-18,-18,-19,-18,-20
1783308589.3255982,0.0,0.0,0.12,0.0,0.0,1,10.225092959257768,-10.225092959257768,10.225092959257768,-10.225092959257768,12.09000015258789,-9.84000015258789,12.720000267028809,-9.819999694824219,-1.8649071933301222,-0.3850928066698778,-2.49490730777104,-0.40509326443354965,-0.6527175176655428,-0.13478248233445722,-0.873217557719864,-0.14178264255174236,0.07238779763454892,-0.8901277569937192,0.9484477770137257,-1.9189178004669618,-1,1,-1,1,-18,-18,-18,-18,-18,-19,-18,-20
1783308589.345735,0.0,0.0,0.12,0.0,0.0,1,10.225092959257768,-10.225092959257768,10.225092959257768,-10.225092959257768,11.859999656677246,-9.380000114440918,11.619999885559082,-9.819999694824219,-1.6349066974194777,-0.8450928448168504,-1.3949069263013136,-0.40509326443354965,-0.5722173440968171,-0.29578249568589765,-0.4882174242054597,-0.14178264255174236,0.057673637357773616,-0.8977335925970709,0.9358936146770139,-1.9225636398468637,-1,1,-1,1,-18,-18,-18,-18,-18,-19,-18,-20
1783308589.3656962,0.0,0.0,0.12,0.0,0.0,1,10.225092959257768,-10.225092959257768,10.225092959257768,-10.225092959257768,11.859999656677246,-9.380000114440918,11.619999885559082,-9.819999694824219,-1.6349066974194777,-0.8450928448168504,-1.3949069263013136,-0.40509326443354965,-0.5722173440968171,-0.29578249568589765,-0.4882174242054597,-0.14178264255174236,0.042959477080998315,-0.9053394282004226,0.9233394523403021,-1.9262094792267657,-1,1,-1,1,-18,-18,-18,-18,-18,-19,-18,-20
1783308589.3856506,0.0,0.0,0.12,0.0,0.0,1,10.225092959257768,-10.225092959257768,10.225092959257768,-10.225092959257768,11.239999771118164,-9.0600004196167,12.4399995803833,-10.039999961853027,-1.0149068118603957,-1.1650925396410692,-2.2149066211255324,-0.18509299740474106,-0.35521738415113846,-0.4077823888743742,-0.7752173173939363,-0.06478254909165937,0.03382531577425475,-0.9158252610571922,0.9034052927501723,-1.9278753162034084,-1,1,-1,1,-18,-18,-18,-18,-18,-19,-18,-20
1783308589.4057255,0.0,0.0,0.12,0.0,0.0,1,10.225092959257768,-10.225092959257768,10.225092959257768,-10.225092959257768,11.239999771118164,-9.0600004196167,12.4399995803833,-10.039999961853027,-1.0149068118603957,-1.1650925396410692,-2.2149066211255324,-0.18509299740474106,-0.35521738415113846,-0.4077823888743742,-0.7752173173939363,-0.06478254909165937,0.02469115446751119,-0.9263110939139618,0.8834711331600426,-1.929541153180051,-1,1,-1,1,-18,-18,-18,-18,-18,-19,-18,-20
1783308589.4255943,0.0,0.0,0.12,0.0,0.0,1,10.225092959257768,-10.225092959257768,10.225092959257768,-10.225092959257768,11.239999771118164,-9.0600004196167,12.4399995803833,-10.039999961853027,-1.0149068118603957,-1.1650925396410692,-2.2149066211255324,-0.18509299740474106,-0.35521738415113846,-0.4077823888743742,-0.7752173173939363,-0.06478254909165937,0.015556993160767628,-0.9367969267707315,0.8635369735699128,-1.9312069901566937,-1,1,-1,1,-18,-18,-18,-18,-18,-19,-18,-20
1783308589.4456005,0.0,0.0,0.12,0.0,0.0,1,10.225092959257768,-10.225092959257768,10.225092959257768,-10.225092959257768,11.489999771118164,-9.279999732971191,12.779999732971191,-10.420000076293945,-1.2649068118603957,-0.945093226286577,-2.554906773713423,0.1949071170361769,-0.4427173841511384,-0.33078262920030194,-0.894217370799698,0.06821749096266191,0.004172831854024067,-0.9453027658073107,0.840542812606492,-1.929452826103368,-1,1,-1,1,-18,-18,-18,-18,-18,-19,-18,-20
1783308589.4655912,0.0,0.0,0.12,0.0,0.0,1,10.225092959257768,-10.225092959257768,10.225092959257768,-10.225092959257768,11.489999771118164,-9.279999732971191,12.779999732971191,-10.420000076293945,-1.2649068118603957,-0.945093226286577,-2.554906773713423,0.1949071170361769,-0.4427173841511384,-0.33078262920030194,-0.894217370799698,0.06821749096266191,-0.0072113294527194945,-0.9538086048438899,0.8175486516430712,-1.9276986620500425,-1,1,-1,1,-18,-18,-18,-18,-18,-19,-18,-20
1783308589.4858038,0.0,0.0,0.12,0.0,0.0,1,10.225092959257768,-10.225092959257768,10.225092959257768,-10.225092959257768,11.4399995803833,-10.119999885559082,11.65999984741211,-10.6899995803833,-1.2149066211255324,-0.10509307369868637,-1.434906888154341,0.4649066211255324,-0.4252173173939363,-0.03678257579454022,-0.5022174108540193,0.16271731739393633,-0.018145489042849287,-0.954754442507178,0.8046344896496822,-1.9235145024599127,-1,1,-1,1,-18,-18,-18,-18,-18,-19,-18,-20
1783308589.5055888,0.0,0.0,0.12,0.0,0.0,1,10.225092959257768,-10.225092959257768,10.225092959257768,-10.225092959257768,11.4399995803833,-10.119999885559082,11.65999984741211,-10.6899995803833,-1.2149066211255324,-0.10509307369868637,-1.434906888154341,0.4649066211255324,-0.4252173173939363,-0.03678257579454022,-0.5022174108540193,0.16271731739393633,-0.02907964863297908,-0.9557002801704662,0.7917203276562932,-1.919330342869783,-1,1,-1,1,-18,-18,-18,-18,-18,-19,-18,-20
1783308589.5257134,0.0,0.0,0.12,0.0,0.0,1,10.225092959257768,-10.225092959257768,10.225092959257768,-10.225092959257768,11.4399995803833,-10.119999885559082,11.65999984741211,-10.6899995803833,-1.2149066211255324,-0.10509307369868637,-1.434906888154341,0.4649066211255324,-0.4252173173939363,-0.03678257579454022,-0.5022174108540193,0.16271731739393633,-0.04001380822310887,-0.9566461178337543,0.7788061656629042,-1.9151461832796532,-1,1,-1,1,-18,-18,-18,-18,-18,-19,-18,-20
1783308589.545729,0.0,0.0,0.12,0.0,0.0,1,10.225092959257768,-10.225092959257768,10.225092959257768,-10.225092959257768,11.630000114440918,-10.710000038146973,11.329999923706055,-10.199999809265137,-1.4049071551831496,0.48490707888920426,-1.1049069644482863,-0.02509314999263168,-0.4917175043141023,0.16971747761122147,-0.3867174375569002,-0.008782602497421087,-0.052657972619757215,-0.9522819541237515,0.7688620029828696,-1.9153720216295869,-1,1,-1,1,-18,-18,-18,-18,-18,-19,-18,-20
1783308589.565605,0.0,0.0,0.12,0.0,0.0,1,10.225092959257768,-10.225092959257768,10.225092959257768,-10.225092959257768,11.630000114440918,-10.710000038146973,11.329999923706055,-10.199999809265137,-1.4049071551831496,0.48490707888920426,-1.1049069644482863,-0.02509314999263168,-0.4917175043141023,0.16971747761122147,-0.3867174375569002,-0.008782602497421087,-0.06530213701640557,-0.9479177904137487,0.7589178403028349,-1.9155978599795205,-1,1,-1,1,-18,-18,-18,-18,-18,-19,-18,-20
1783308589.5857875,0.0,0.0,0.12,0.0,0.0,1,10.225092959257768,-10.225092959257768,10.225092959257768,-10.225092959257768,12.4399995803833,-11.800000190734863,11.779999732971191,-10.3100004196167,-2.2149066211255324,1.5749072314770949,-1.554906773713423,0.08490746035893082,-0.7752173173939363,0.5512175310169831,-0.544217370799698,0.029717611125625785,-0.08523629660653537,-0.9337436253304549,0.7449236793394142,-1.9148336928362901,-1,1,-1,1,-18,-18,-18,-18,-18,-18,-18,-20
1783308589.6056259,0.0,0.0,0.12,0.0,0.0,1,10.225092959257768,-10.225092959257768,10.225092959257768,-10.225092959257768,12.4399995803833,-11.800000190734863,11.779999732971191,-10.3100004196167,-2.2149066211255324,1.5749072314770949,-1.554906773713423,0.08490746035893082,-0.7752173173939363,0.5512175310169831,-0.544217370799698,0.029717611125625785,-0.10517045619666515,-0.919569460247161,0.7309295183759934,-1.9140695256930598,-1,1,-1,1,-18,-18,-18,-18,-18,-18,-18,-20
1783308589.6256087,0.0,0.0,0.12,0.0,0.0,1,10.225092959257768,-10.225092959257768,10.225092959257768,-10.225092959257768,12.4399995803833,-11.800000190734863,11.779999732971191,-10.3100004196167,-2.2149066211255324,1.5749072314770949,-1.554906773713423,0.08490746035893082,-0.7752173173939363,0.5512175310169831,-0.544217370799698,0.029717611125625785,-0.12510461578679494,-0.9053952951638672,0.7169353574125726,-1.9133053585498294,-1,1,-1,1,-18,-18,-18,-18,-18,-18,-18,-20
1783308589.6456094,0.0,0.0,0.12,0.0,0.0,1,10.225092959257768,-10.225092959257768,10.225092959257768,-10.225092959257768,12.5600004196167,-12.789999961853027,11.1899995803833,-10.84000015258789,-2.334907460358931,2.564907002595259,-0.9649066211255324,0.6149071933301222,-0.8172176111256257,0.8977174509083405,-0.3377173173939363,0.21521751766554276,-0.1461187829300253,-0.8823111321405098,0.7082511978224428,-1.9077711938098583,-1,1,-1,1,-18,-18,-18,-18,-18,-18,-18,-20
1783308589.6656466,0.0,0.0,0.12,0.0,0.0,1,10.225092959257768,-10.225092959257768,10.225092959257768,-10.225092959257768,12.5600004196167,-12.789999961853027,11.1899995803833,-10.84000015258789,-2.334907460358931,2.564907002595259,-0.9649066211255324,0.6149071933301222,-0.8172176111256257,0.8977174509083405,-0.3377173173939363,0.21521751766554276,-0.16713295007325568,-0.8592269691171525,0.699567038232313,-1.9022370290698871,-1,1,-1,1,-18,-18,-18,-18,-18,-18,-18,-20
1783308589.6857092,0.0,0.0,0.12,0.0,0.0,1,10.225092959257768,-10.225092959257768,10.225092959257768,-10.225092959257768,13.09000015258789,-13.25,10.779999732971191,-10.760000228881836,-2.8649071933301222,3.0249070407422316,-0.554906773713423,0.5349072696240675,-1.0027175176655427,1.058717464259781,-0.19421737079969803,0.18721754436842364,-0.1929171148132268,-0.8320028057504724,0.6945728772688923,-1.8974228636432706,-1,1,-1,1,-18,-18,-18,-18,-18,-18,-19,-20
1783308589.7055883,0.0,0.0,0.12,0.0,0.0,1,10.225092959257768,-10.225092959257768,10.225092959257768,-10.225092959257768,13.09000015258789,-13.25,10.779999732971191,-10.760000228881836,-2.8649071933301222,3.0249070407422316,-0.554906773713423,0.5349072696240675,-1.0027175176655427,1.058717464259781,-0.19421737079969803,0.18721754436842364,-0.2187012795531979,-0.8047786423837923,0.6895787163054715,-1.8926086982166541,-1,1,-1,1,-18,-18,-18,-18,-18,-18,-18,-20
1783308589.725686,0.0,0.0,0.12,0.0,0.0,1,10.225092959257768,-10.225092959257768,10.225092959257768,-10.225092959257768,13.09000015258789,-13.25,10.779999732971191,-10.760000228881836,-2.8649071933301222,3.0249070407422316,-0.554906773713423,0.5349072696240675,-1.0027175176655427,1.058717464259781,-0.19421737079969803,0.18721754436842364,-0.244485444293169,-0.7775544790171122,0.6845845553420508,-1.8877945327900376,-1,1,-1,1,-18,-18,-18,-18,-18,-18,-18,-20
1783308589.7456353,0.0,0.0,0.12,0.0,0.0,1,10.225092959257768,-10.225092959257768,10.225092959257768,-10.225092959257768,13.239999771118164,-13.350000381469727,12.069999694824219,-11.149999618530273,-3.0149068118603957,3.124907422211958,-1.8449067355664504,0.924906659272505,-1.0552173841511383,1.0937175977741853,-0.6457173574482575,0.32371733074537673,-0.2716196055999126,-0.7494303122172046,0.6679803947219527,-1.8794703728565851,-1,1,-1,1,-18,-18,-18,-18,-18,-18,-18,-20
1783308589.7656133,0.0,0.0,0.12,0.0,0.0,1,10.225092959257768,-10.225092959257768,10.225092959257768,-10.225092959257768,13.239999771118164,-13.350000381469727,12.069999694824219,-11.149999618530273,-3.0149068118603957,3.124907422211958,-1.8449067355664504,0.924906659272505,-1.0552173841511383,1.0937175977741853,-0.6457173574482575,0.32371733074537673,-0.29875376690665617,-0.721306145417297,0.6513762341018546,-1.8711462129231327,-1,1,-1,1,-18,-18,-18,-18,-18,-18,-18,-20
1783308589.7856958,0.0,0.0,0.12,0.0,0.0,1,10.225092959257768,-10.225092959257768,10.225092959257768,-10.225092959257768,13.34000015258789,-13.649999618530273,12.300000190734863,-12.34000015258789,-3.1149071933301222,3.424906659272505,-2.074907231477095,2.1149071933301222,-1.0902175176655426,1.1987173307453767,-0.7262175310169832,0.7402175176655428,-0.3267879316466273,-0.6904819854838444,0.6327020690185607,-1.8521120481831617,-1,1,-1,1,-18,-18,-18,-18,-18,-18,-18,-19
1783308589.8055928,0.0,0.0,0.12,0.0,0.0,1,10.225092959257768,-10.225092959257768,10.225092959257768,-10.225092959257768,13.34000015258789,-13.649999618530273,12.300000190734863,-12.34000015258789,-3.1149071933301222,3.424906659272505,-2.074907231477095,2.1149071933301222,-1.0902175176655426,1.1987173307453767,-0.7262175310169832,0.7402175176655428,-0.3548220963865984,-0.6596578255503919,0.6140279039352668,-1.8330778834431907,-1,1,-1,1,-18,-18,-18,-18,-18,-18,-18,-19
1783308589.825834,0.0,0.0,0.12,0.0,0.0,1,10.225092959257768,-10.225092959257768,10.225092959257768,-10.225092959257768,13.34000015258789,-13.649999618530273,12.300000190734863,-12.34000015258789,-3.1149071933301222,3.424906659272505,-2.074907231477095,2.1149071933301222,-1.0902175176655426,1.1987173307453767,-0.7262175310169832,0.7402175176655428,-0.3828562611265695,-0.6288336656169393,0.595353738851973,-1.8140437187032197,-1,1,-1,1,-18,-18,-18,-18,-18,-18,-18,-19
1783308589.8456097,0.0,0.0,0.12,0.0,0.0,1,10.225092959257768,-10.225092959257768,10.225092959257768,-10.225092959257768,13.640000343322754,-13.630000114440918,12.229999542236328,-11.800000190734863,-3.4149073840649855,3.4049071551831496,-2.0049065829785597,1.5749072314770949,-1.1952175844227448,1.1917175043141022,-0.7017173040424959,0.5512175310169831,-0.4135904275831544,-0.598189501220291,0.5773095796051659,-1.7998695536199258,-1,1,-1,1,-18,-18,-18,-18,-18,-18,-18,-19
1783308589.865797,0.0,0.0,0.12,0.0,0.0,1,10.225092959257768,-10.225092959257768,10.225092959257768,-10.225092959257768,13.640000343322754,-13.630000114440918,12.229999542236328,-11.800000190734863,-3.4149073840649855,3.4049071551831496,-2.0049065829785597,1.5749072314770949,-1.1952175844227448,1.1917175043141022,-0.7017173040424959,0.5512175310169831,-0.4443245940397393,-0.5675453368236427,0.5592654203583589,-1.785695388536632,-1,1,-1,1,-18,-18,-18,-18,-18,-18,-18,-19
1783308589.8856692,0.0,0.0,0.12,0.0,0.0,1,10.225092959257768,-10.225092959257768,10.225092959257768,-10.225092959257768,13.630000114440918,-13.84000015258789,11.960000038146973,-10.75,-3.4049071551831496,3.6149071933301222,-1.7349070788892043,0.5249070407422316,-1.1917175043141022,1.2652175176655427,-0.6072174776112215,0.18371746425978105,-0.47496875843638764,-0.5350111720836717,0.5436512566483561,-1.7809712251699519,-1,1,-1,1,-18,-18,-18,-18,-18,-18,-18,-20
1783308589.9055824,0.0,0.0,0.12,0.0,0.0,1,10.225092959257768,-10.225092959257768,10.225092959257768,-10.225092959257768,13.630000114440918,-13.84000015258789,11.960000038146973,-10.75,-3.4049071551831496,3.6149071933301222,-1.7349070788892043,0.5249070407422316,-1.1917175043141022,1.2652175176655427,-0.6072174776112215,0.18371746425978105,-0.5056129228330359,-0.5024770073437006,0.5280370929383533,-1.7762470618032717,-1,1,-1,1,-18,-18,-18,-18,-18,-18,-18,-20
1783308589.9255962,0.0,0.0,0.12,0.0,0.0,1,10.225092959257768,-10.225092959257768,10.225092959257768,-10.225092959257768,13.630000114440918,-13.84000015258789,11.960000038146973,-10.75,-3.4049071551831496,3.6149071933301222,-1.7349070788892043,0.5249070407422316,-1.1917175043141022,1.2652175176655427,-0.6072174776112215,0.18371746425978105,-0.5362570872296842,-0.4699428426037295,0.5124229292283505,-1.7715228984365916,-1,1,-1,1,-18,-18,-18,-18,-18,-18,-18,-20
1783308589.9456382,0.0,0.0,0.12,0.0,0.0,1,10.225092959257768,-10.225092959257768,10.225092959257768,-10.225092959257768,13.390000343322754,-13.09000015258789,11.539999961853027,-10.920000076293945,-3.1649073840649855,2.8649071933301222,-1.314907002595259,0.6949071170361769,-1.107717584422745,1.0027175176655427,-0.4602174509083406,0.2432174909626619,-0.5647412536862692,-0.4441586778637584,0.5005887662049932,-1.765268734383266,-1,1,-1,1,-18,-18,-18,-18,-18,-18,-18,-20
1783308589.965631,0.0,0.0,0.12,0.0,0.0,1,10.225092959257768,-10.225092959257768,10.225092959257768,-10.225092959257768,13.390000343322754,-13.09000015258789,11.539999961853027,-10.920000076293945,-3.1649073840649855,2.8649071933301222,-1.314907002595259,0.6949071170361769,-1.107717584422745,1.0027175176655427,-0.4602174509083406,0.2432174909626619,-0.5932254201428541,-0.4183745131237873,0.4887546031816358,-1.7590145703299405,-1,1,-1,1,-18,-18,-18,-18,-18,-18,-18,-20
1783308589.985636,0.0,0.0,0.12,0.0,0.0,1,10.225092959257768,-10.225092959257768,10.225092959257768,-10.225092959257768,12.770000457763672,-12.5600004196167,11.699999809265137,-11.720000267028809,-2.5449074985059035,2.334907460358931,-1.4749068500073683,1.4949073077710402,-0.8907176244770661,0.8172176111256257,-0.5162173975025789,0.523217557719864,-0.6161295876294072,-0.3973603459805569,0.4754804415315695,-1.745560404560001,-1,1,-1,1,-18,-18,-18,-18,-18,-18,-18,-19
1783308590.0056293,0.0,0.0,0.12,0.0,0.0,1,10.225092959257768,-10.225092959257768,10.225092959257768,-10.225092959257768,12.770000457763672,-12.5600004196167,11.699999809265137,-11.720000267028809,-2.5449074985059035,2.334907460358931,-1.4749068500073683,1.4949073077710402,-0.8907176244770661,0.8172176111256257,-0.5162173975025789,0.523217557719864,-0.6390337551159603,-0.3763461788373265,0.46220627988150315,-1.7321062387900616,-1,1,-1,1,-18,-18,-18,-18,-18,-18,-18,-19
1783308590.025602,0.0,0.0,0.12,0.0,0.0,1,10.225092959257768,-10.225092959257768,10.225092959257768,-10.225092959257768,12.770000457763672,-12.5600004196167,11.699999809265137,-11.720000267028809,-2.5449074985059035,2.334907460358931,-1.4749068500073683,1.4949073077710402,-0.8907176244770661,0.8172176111256257,-0.5162173975025789,0.523217557719864,-0.6619379226025134,-0.3553320116940961,0.4489321182314368,-1.7186520730201222,-1,1,-1,1,-18,-18,-18,-18,-18,-18,-18,-19
1783308590.0456116,0.0,0.0,0.12,0.0,0.0,1,10.225092959257768,-10.225092959257768,10.225092959257768,-10.225092959257768,12.789999961853027,-12.1899995803833,12.039999961853027,-10.920000076293945,-2.564907002595259,1.9649066211255324,-1.814907002595259,0.6949071170361769,-0.8977174509083405,0.6877173173939363,-0.6352174509083406,0.2432174909626619,-0.6850220856258707,-0.3376478521039663,0.4325979552080795,-1.7123979089667967,-1,1,-1,1,-18,-18,-18,-18,-18,-18,-18,-19
1783308590.0656395,0.0,0.0,0.12,0.0,0.0,1,10.225092959257768,-10.225092959257768,10.225092959257768,-10.225092959257768,12.789999961853027,-12.1899995803833,12.039999961853027,-10.920000076293945,-2.564907002595259,1.9649066211255324,-1.814907002595259,0.6949071170361769,-0.8977174509083405,0.6877173173939363,-0.6352174509083406,0.2432174909626619,-0.7081062486492281,-0.3199636925138365,0.41626379218472215,-1.706143744913471,-1,1,-1,1,-18,-18,-18,-18,-18,-18,-18,-19
1783308590.085697,0.0,0.0,0.12,0.0,0.0,1,10.225092959257768,-10.225092959257768,10.225092959257768,-10.225092959257768,11.890000343322754,-11.470000267028809,12.050000190734863,-11.270000457763672,-1.6649073840649855,1.2449073077710402,-1.8249072314770949,1.0449074985059035,-0.5827175844227449,0.43571755771986403,-0.6387175310169831,0.3657176244770662,-0.723090415105813,-0.3087595267438971,0.3998396271014283,-1.696739577426918,-1,1,-1,1,-18,-18,-18,-18,-18,-18,-18,-19
1783308590.105748,0.0,0.0,0.12,0.0,0.0,1,10.225092959257768,-10.225092959257768,10.225092959257768,-10.225092959257768,11.890000343322754,-11.470000267028809,12.050000190734863,-11.270000457763672,-1.6649073840649855,1.2449073077710402,-1.8249072314770949,1.0449074985059035,-0.5827175844227449,0.43571755771986403,-0.6387175310169831,0.3657176244770662,-0.7380745815623978,-0.29755536097395774,0.3834154620181344,-1.687335409940365,-1,1,-1,1,-18,-18,-18,-18,-18,-18,-18,-19
1783308590.1255994,0.0,0.0,0.12,0.0,0.0,1,10.225092959257768,-10.225092959257768,10.225092959257768,-10.225092959257768,11.890000343322754,-11.470000267028809,12.050000190734863,-11.270000457763672,-1.6649073840649855,1.2449073077710402,-1.8249072314770949,1.0449074985059035,-0.5827175844227449,0.43571755771986403,-0.6387175310169831,0.3657176244770662,-0.7530587480189826,-0.28635119520401836,0.36699129693484056,-1.677931242453812,-1,1,-1,1,-18,-18,-18,-18,-18,-18,-18,-19
1783308590.1458066,0.0,0.0,0.12,0.0,0.0,1,10.225092959257768,-10.225092959257768,10.225092959257768,-10.225092959257768,11.5,-10.970000267028809,11.829999923706055,-11.510000228881836,-1.2749070407422316,0.7449073077710402,-1.6049069644482863,1.2849072696240675,-0.44621746425978104,0.26071755771986405,-0.5617174375569002,0.4497175443684236,-0.7645329113856627,-0.279647029434079,0.352547134254806,-1.6663670770271954,-1,1,-1,1,-18,-18,-18,-18,-18,-18,-18,-19
1783308590.1656115,0.0,0.0,0.12,0.0,0.0,1,10.225092959257768,-10.225092959257768,10.225092959257768,-10.225092959257768,11.5,-10.970000267028809,11.829999923706055,-11.510000228881836,-1.2749070407422316,0.7449073077710402,-1.6049069644482863,1.2849072696240675,-0.44621746425978104,0.26071755771986405,-0.5617174375569002,0.4497175443684236,-0.7760070747523428,-0.2729428636641396,0.3381029715747714,-1.654802911600579,-1,1,-1,1,-18,-18,-18,-18,-18,-18,-18,-19
1783308590.1857755,0.0,0.0,0.12,0.0,0.0,1,10.225092959257768,-10.225092959257768,10.225092959257768,-10.225092959257768,11.220000267028809,-11.079999923706055,12.130000114440918,-11.449999809265137,-0.9949073077710402,0.8549069644482863,-1.9049071551831496,1.2249068500073683,-0.34821755771986407,0.29921743755690017,-0.6667175043141023,0.42871739750257887,-0.7849612405222821,-0.265248700984105,0.3209588071781231,-1.6437787499505125,-1,1,-1,1,-18,-18,-18,-18,-18,-18,-18,-19
1783308590.2056286,0.0,0.0,0.12,0.0,0.0,1,10.225092959257768,-10.225092959257768,10.225092959257768,-10.225092959257768,11.220000267028809,-11.079999923706055,12.130000114440918,-11.449999809265137,-0.9949073077710402,0.8549069644482863,-1.9049071551831496,1.2249068500073683,-0.34821755771986407,0.29921743755690017,-0.6667175043141023,0.42871739750257887,-0.7939154062922215,-0.25755453830407044,0.30381464278147474,-1.6327545883004462,-1,1,-1,1,-18,-18,-18,-18,-18,-18,-18,-19
1783308590.2256026,0.0,0.0,0.12,0.0,0.0,1,10.225092959257768,-10.225092959257768,10.225092959257768,-10.225092959257768,11.220000267028809,-11.079999923706055,12.130000114440918,-11.449999809265137,-0.9949073077710402,0.8549069644482863,-1.9049071551831496,1.2249068500073683,-0.34821755771986407,0.29921743755690017,-0.6667175043141023,0.42871739750257887,-0.8028695720621608,-0.24986037562403585,0.2866704783848264,-1.6217304266503798,-1,1,-1,1,-18,-18,-18,-18,-18,-18,-18,-19
1783308590.2456572,0.0,0.0,0.12,0.0,0.0,1,10.225092959257768,-10.225092959257768,10.225092959257768,-10.225092959257768,10.789999961853027,-10.699999809265137,10.979999542236328,-10.960000038146973,-0.564907002595259,0.4749068500073683,-0.7549065829785597,0.7349070788892043,-0.19771745090834061,0.1662173975025789,-0.2642173040424959,0.2572174776112215,-0.8079537350855182,-0.24558621397396954,0.27987631913801936,-1.615116262940377,-1,1,-1,1,-18,-18,-18,-18,-18,-18,-18,-19
1783308590.2656248,0.0,0.0,0.12,0.0,0.0,1,10.225092959257768,-10.225092959257768,10.225092959257768,-10.225092959257768,10.789999961853027,-10.699999809265137,10.979999542236328,-10.960000038146973,-0.564907002595259,0.4749068500073683,-0.7549065829785597,0.7349070788892043,-0.19771745090834061,0.1662173975025789,-0.2642173040424959,0.2572174776112215,-0.8130378981088755,-0.24131205232390324,0.2730821598912123,-1.6085020992303742,-1,1,-1,1,-18,-18,-18,-18,-18,-18,-18,-19
1783308590.285703,0.0,0.0,0.12,0.0,0.0,1,10.225092959257768,-10.225092959257768,10.225092959257768,-10.225092959257768,10.5,-11.34000015258789,9.5,-10.619999885559082,-0.2749070407422316,1.1149071933301222,0.7250929592577684,0.39490692630131363,-0.09621746425978106,0.39021751766554275,0.2537825357402189,0.13821742420545977,-0.8155120614755555,-0.23127788758393214,0.2796079965245322,-1.6049479368936623,-1,1,-1,1,-18,-18,-18,-18,-18,-18,-19,-19
1783308590.3056521,0.0,0.0,0.12,0.0,0.0,1,10.225092959257768,-10.225092959257768,10.225092959257768,-10.225092959257768,10.5,-11.34000015258789,9.5,-10.619999885559082,-0.2749070407422316,1.1149071933301222,0.7250929592577684,0.39490692630131363,-0.09621746425978106,0.39021751766554275,0.2537825357402189,0.13821742420545977,-0.8179862248422356,-0.22124372284396104,0.2861338331578521,-1.6013937745569504,-1,1,-1,1,-18,-18,-18,-18,-18,-18,-19,-19
1783308590.3256497,0.0,0.0,0.12,0.0,0.0,1,10.225092959257768,-10.225092959257768,10.225092959257768,-10.225092959257768,10.5,-11.34000015258789,9.5,-10.619999885559082,-0.2749070407422316,1.1149071933301222,0.7250929592577684,0.39490692630131363,-0.09621746425978106,0.39021751766554275,0.2537825357402189,0.13821742420545977,-0.8204603882089156,-0.21120955810398995,0.29265966979117203,-1.5978396122202385,-1,1,-1,1,-18,-18,-18,-18,-18,-18,-19,-19
1783308590.3456552,0.0,0.0,0.12,0.0,0.0,1,10.225092959257768,-10.225092959257768,10.225092959257768,-10.225092959257768,10.289999961853027,-11.329999923706055,9.140000343322754,-10.600000381469727,-0.06490700259525894,1.1049069644482863,1.0850926159350145,0.37490742221195816,-0.02271745090834063,0.3867174375569002,0.37978241557725506,0.13121759777418535,-0.8210445512322729,-0.20126539542395538,0.3024255033345872,-1.5944654454203309,-1,1,-1,1,-18,-18,-18,-18,-18,-18,-19,-19
1783308590.3656573,0.0,0.0,0.12,0.0,0.0,1,10.225092959257768,-10.225092959257768,10.225092959257768,-10.225092959257768,10.289999961853027,-11.329999923706055,9.140000343322754,-10.600000381469727,-0.06490700259525894,1.1049069644482863,1.0850926159350145,0.37490742221195816,-0.02271745090834063,0.3867174375569002,0.37978241557725506,0.13121759777418535,-0.8216287142556302,-0.19132123274392082,0.3121913368780023,-1.5910912786204232,-1,1,-1,1,-18,-18,-18,-18,-18,-18,-19,-19
1783308590.385656,0.0,0.0,0.12,0.0,0.0,1,10.225092959257768,-10.225092959257768,10.225092959257768,-10.225092959257768,9.699999809265137,-11.5600004196167,9.569999694824219,-10.59000015258789,0.5250931499926317,1.3349074603589308,0.6550932644335496,0.3649071933301222,0.18378260249742107,0.46721761112562576,0.22928264255174235,0.12771751766554276,-0.8169028759056965,-0.17930706560069043,0.3180871762579043,-1.5878071138804521,-1,1,-1,1,-18,-18,-18,-18,-18,-18,-19,-19
1783308590.4056559,0.0,0.0,0.12,0.0,0.0,1,10.225092959257768,-10.225092959257768,10.225092959257768,-10.225092959257768,9.699999809265137,-11.5600004196167,9.569999694824219,-10.59000015258789,0.5250931499926317,1.3349074603589308,0.6550932644335496,0.3649071933301222,0.18378260249742107,0.46721761112562576,0.22928264255174235,0.12771751766554276,-0.8121770375557629,-0.16729289845746004,0.32398301563780624,-1.584522949140481,-1,1,-1,1,-18,-18,-18,-18,-18,-18,-19,-19
1783308590.4256747,0.0,0.0,0.12,0.0,0.0,1,10.225092959257768,-10.225092959257768,10.225092959257768,-10.225092959257768,9.699999809265137,-11.5600004196167,9.569999694824219,-10.59000015258789,0.5250931499926317,1.3349074603589308,0.6550932644335496,0.3649071933301222,0.18378260249742107,0.46721761112562576,0.22928264255174235,0.12771751766554276,-0.8074511992058292,-0.15527873131422965,0.3298788550177082,-1.58123878440051,-1,1,-1,1,-18,-18,-18,-18,-18,-18,-19,-19
1783308590.4456623,0.0,0.0,0.12,0.0,0.0,1,10.225092959257768,-10.225092959257768,10.225092959257768,-10.225092959257768,9.729999542236328,-11.260000228881836,9.40999984741211,-10.8100004196167,0.4950934170214403,1.0349072696240675,0.815093111845659,0.5849074603589308,0.1732826959575041,0.3622175443684236,0.28528258914598065,0.20471761112562578,-0.8029953584526363,-0.14596456588761303,0.3372146930243191,-1.5759746172572797,-1,1,-1,1,-18,-18,-18,-18,-18,-18,-19,-19
1783308590.4656951,0.0,0.0,0.12,0.0,0.0,1,10.225092959257768,-10.225092959257768,10.225092959257768,-10.225092959257768,9.729999542236328,-11.260000228881836,9.40999984741211,-10.8100004196167,0.4950934170214403,1.0349072696240675,0.815093111845659,0.5849074603589308,0.1732826959575041,0.3622175443684236,0.28528258914598065,0.20471761112562578,-0.7985395176994433,-0.1366504004609964,0.34455053103093003,-1.5707104501140494,-1,1,-1,1,-18,-18,-18,-18,-18,-18,-19,-19
1783308590.4856672,0.0,0.0,0.12,0.0,0.0,1,10.225092959257768,-10.225092959257768,10.225092959257768,-10.225092959257768,9.079999923706055,-10.600000381469727,9.760000228881836,-11.420000076293945,1.1450930355517137,0.37490742221195816,0.46509273037593246,1.194907117036177,0.4007825624430998,0.13121759777418535,0.16278245563157634,0.4182174909626619,-0.7882336803794779,-0.1332762336610888,0.3487363656043134,-1.559956286060724,-1,1,-1,1,-18,-18,-18,-18,-18,-18,-19,-19
1783308590.505597,0.0,0.0,0.12,0.0,0.0,1,10.225092959257768,-10.225092959257768,10.225092959257768,-10.225092959257768,9.079999923706055,-10.600000381469727,9.760000228881836,-11.420000076293945,1.1450930355517137,0.37490742221195816,0.46509273037593246,1.194907117036177,0.4007825624430998,0.13121759777418535,0.16278245563157634,0.4182174909626619,-0.7779278430595126,-0.12990206686118116,0.3529222001776968,-1.5492021220073984,-1,1,-1,1,-18,-18,-18,-18,-18,-18,-19,-19
1783308590.5256119,0.0,0.0,0.12,0.0,0.0,1,10.225092959257768,-10.225092959257768,10.225092959257768,-10.225092959257768,9.079999923706055,-10.600000381469727,9.760000228881836,-11.420000076293945,1.1450930355517137,0.37490742221195816,0.46509273037593246,1.194907117036177,0.4007825624430998,0.13121759777418535,0.16278245563157634,0.4182174909626619,-0.7676220057395472,-0.12652790006127354,0.3571080347510802,-1.5384479579540729,-1,1,-1,1,-18,-18,-18,-18,-18,-18,-19,-19
1783308590.545631,0.0,0.0,0.12,0.0,0.0,1,10.225092959257768,-10.225092959257768,10.225092959257768,-10.225092959257768,8.619999885559082,-10.140000343322754,10.449999809265137,-11.609999656677246,1.6050930736986864,-0.08509261593501449,-0.22490685000736832,1.3849066974194777,0.5617825757945402,-0.02978241557725507,-0.0787173975025789,0.48471734409681716,-0.753176168076259,-0.12729373360468868,0.3550838731010139,-1.5259837976772976,-1,1,-1,1,-18,-18,-18,-18,-18,-18,-18,-19
1783308590.5657408,0.0,0.0,0.12,0.0,0.0,1,10.225092959257768,-10.225092959257768,10.225092959257768,-10.225092959257768,8.619999885559082,-10.140000343322754,10.449999809265137,-11.609999656677246,1.6050930736986864,-0.08509261593501449,-0.22490685000736832,1.3849066974194777,0.5617825757945402,-0.02978241557725507,-0.0787173975025789,0.48471734409681716,-0.7387303304129708,-0.12805956714810382,0.3530597114509476,-1.5135196374005224,-1,1,-1,1,-18,-18,-18,-18,-18,-18,-18,-19
1783308590.585672,0.0,0.0,0.12,0.0,0.0,1,10.225092959257768,-10.225092959257768,10.225092959257768,-10.225092959257768,9.649999618530273,-10.260000228881836,11.170000076293945,-11.75,0.575093340727495,0.03490726962406754,-0.9449071170361769,1.5249070407422316,0.20128266925462324,0.012217544368423637,-0.3307174909626619,0.5337174642597811,-0.7335544903464233,-0.1277454017214872,0.344555547397622,-1.4997954740338424,-1,1,-1,1,-18,-18,-18,-18,-18,-18,-18,-19
1783308590.605731,0.0,0.0,0.12,0.0,0.0,1,10.225092959257768,-10.225092959257768,10.225092959257768,-10.225092959257768,9.649999618530273,-10.260000228881836,11.170000076293945,-11.75,0.575093340727495,0.03490726962406754,-0.9449071170361769,1.5249070407422316,0.20128266925462324,0.012217544368423637,-0.3307174909626619,0.5337174642597811,-0.7283786502798758,-0.1274312362948706,0.3360513833442964,-1.4860713106671624,-1,1,-1,1,-18,-18,-18,-18,-18,-18,-18,-19
1783308590.625626,0.0,0.0,0.12,0.0,0.0,1,10.225092959257768,-10.225092959257768,10.225092959257768,-10.225092959257768,9.649999618530273,-10.260000228881836,11.170000076293945,-11.75,0.575093340727495,0.03490726962406754,-0.9449071170361769,1.5249070407422316,0.20128266925462324,0.012217544368423637,-0.3307174909626619,0.5337174642597811,-0.7232028102133283,-0.127117070868254,0.3275472192909708,-1.4723471473004823,-1,1,-1,1,-18,-18,-18,-18,-18,-18,-18,-19
1783308590.645628,0.0,0.0,0.12,0.0,0.0,1,10.225092959257768,-10.225092959257768,10.225092959257768,-10.225092959257768,9.699999809265137,-10.8100004196167,11.670000076293945,-12.529999732971191,0.5250931499926317,0.5849074603589308,-1.444907117036177,2.304906773713423,0.18378260249742107,0.20471761112562578,-0.5057174909626619,0.806717370799698,-0.7184769718633947,-0.12185290372502362,0.3145430552376452,-1.4516029863370614,-1,1,-1,1,-18,-18,-18,-18,-18,-18,-18,-19
1783308590.6656864,0.0,0.0,0.12,0.0,0.0,1,10.225092959257768,-10.225092959257768,10.225092959257768,-10.225092959257768,9.699999809265137,-10.8100004196167,11.670000076293945,-12.529999732971191,0.5250931499926317,0.5849074603589308,-1.444907117036177,2.304906773713423,0.18378260249742107,0.20471761112562578,-0.5057174909626619,0.806717370799698,-0.713751133513461,-0.11658873658179325,0.3015388911843196,-1.4308588253736405,-1,1,-1,1,-18,-18,-18,-18,-18,-18,-18,-19
1783308590.6856916,0.0,0.0,0.12,0.0,0.0,1,10.225092959257768,-10.225092959257768,10.225092959257768,-10.225092959257768,9.729999542236328,-10.510000228881836,11.34000015258789,-12.170000076293945,0.4950934170214403,0.28490726962406754,-1.1149071933301222,1.944907117036177,0.1732826959575041,0.09971754436842363,-0.39021751766554275,0.6807174909626619,-0.709295292760268,-0.11402457115517664,0.2915047264443485,-1.413354661320315,-1,1,-1,1,-18,-18,-18,-18,-18,-18,-18,-19
1783308590.7059522,0.0,0.0,0.12,0.0,0.0,1,10.225092959257768,-10.225092959257768,10.225092959257768,-10.225092959257768,9.729999542236328,-10.510000228881836,11.34000015258789,-12.170000076293945,0.4950934170214403,0.28490726962406754,-1.1149071933301222,1.944907117036177,0.1732826959575041,0.09971754436842363,-0.39021751766554275,0.6807174909626619,-0.7048394520070751,-0.11146040572856003,0.2814705617043774,-1.3958504972669894,-1,1,-1,1,-18,-18,-18,-18,-18,-18,-18,-19
1783308590.725726,0.0,0.0,0.12,0.0,0.0,1,10.225092959257768,-10.225092959257768,10.225092959257768,-10.225092959257768,9.729999542236328,-10.510000228881836,11.34000015258789,-12.170000076293945,0.4950934170214403,0.28490726962406754,-1.1149071933301222,1.944907117036177,0.1732826959575041,0.09971754436842363,-0.39021751766554275,0.6807174909626619,-0.7003836112538822,-0.10889624030194342,0.2714363969644063,-1.3783463332136638,-1,1,-1,1,-18,-18,-18,-18,-18,-18,-18,-19
1783308590.7457864,0.0,0.0,0.12,0.0,0.0,1,10.225092959257768,-10.225092959257768,10.225092959257768,-10.225092959257768,9.979999542236328,-10.75,11.5600004196167,-11.6899995803833,0.24509341702144027,0.5249070407422316,-1.3349074603589308,1.4649066211255324,0.0857826959575041,0.18371746425978105,-0.46721761112562576,0.5127173173939363,-0.6981777705006892,-0.10417207693526334,0.2594222298211759,-1.365162173623534,-1,1,-1,1,-18,-18,-18,-18,-18,-18,-18,-19
1783308590.7656078,0.0,0.0,0.12,0.0,0.0,1,10.225092959257768,-10.225092959257768,10.225092959257768,-10.225092959257768,9.979999542236328,-10.75,11.5600004196167,-11.6899995803833,0.24509341702144027,0.5249070407422316,-1.3349074603589308,1.4649066211255324,0.0857826959575041,0.18371746425978105,-0.46721761112562576,0.5127173173939363,-0.6959719297474962,-0.09944791356858326,0.24740806267794552,-1.3519780140334041,-1,1,-1,1,-18,-18,-18,-18,-18,-18,-18,-19
1783308590.7857044,0.0,0.0,0.12,0.0,0.0,1,10.225092959257768,-10.225092959257768,10.225092959257768,-10.225092959257768,10.15999984741211,-10.920000076293945,11.9399995803833,-12.029999732971191,0.06509311184565902,0.6949071170361769,-1.7149066211255324,1.804906773713423,0.022782589145980657,0.2432174909626619,-0.6002173173939362,0.631717370799698,-0.6953860917408853,-0.09319374951525768,0.23197390308781574,-1.3357338530699834,-1,1,-1,1,-18,-18,-18,-18,-18,-18,-18,-19
1783308590.8057072,0.0,0.0,0.12,0.0,0.0,1,10.225092959257768,-10.225092959257768,10.225092959257768,-10.225092959257768,10.15999984741211,-10.920000076293945,11.9399995803833,-12.029999732971191,0.06509311184565902,0.6949071170361769,-1.7149066211255324,1.804906773713423,0.022782589145980657,0.2432174909626619,-0.6002173173939362,0.631717370799698,-0.6948002537342743,-0.08693958546193209,0.21653974349768595,-1.3194896921065626,-1,1,-1,1,-18,-18,-18,-18,-18,-18,-18,-19
1783308590.8256068,0.0,0.0,0.12,0.0,0.0,1,10.225092959257768,-10.225092959257768,10.225092959257768,-10.225092959257768,10.15999984741211,-10.920000076293945,11.9399995803833,-12.029999732971191,0.06509311184565902,0.6949071170361769,-1.7149066211255324,1.804906773713423,0.022782589145980657,0.2432174909626619,-0.6002173173939362,0.631717370799698,-0.6942144157276634,-0.0806854214086065,0.20110558390755617,-1.303245531143142,-1,1,-1,1,-18,-18,-18,-18,-18,-18,-18,-19
1783308590.8457115,0.0,0.0,0.12,0.0,0.0,1,10.225092959257768,-10.225092959257768,10.225092959257768,-10.225092959257768,9.600000381469727,-10.59000015258789,11.529999732971191,-11.819999694824219,0.6250925777880418,0.3649071933301222,-1.304906773713423,1.5949067355664504,0.21878240222581463,0.12771751766554276,-0.45671737079969804,0.5582173574482576,-0.688588582527571,-0.0774012566686354,0.18936142294413535,-1.2888913705230438,-1,1,-1,1,-18,-18,-18,-18,-18,-18,-18,-19
1783308590.8656037,0.0,0.0,0.12,0.0,0.0,1,10.225092959257768,-10.225092959257768,10.225092959257768,-10.225092959257768,9.600000381469727,-10.59000015258789,11.529999732971191,-11.819999694824219,0.6250925777880418,0.3649071933301222,-1.304906773713423,1.5949067355664504,0.21878240222581463,0.12771751766554276,-0.45671737079969804,0.5582173574482576,-0.6829627493274787,-0.0741170919286643,0.17761726198071454,-1.2745372099029457,-1,1,-1,1,-18,-18,-18,-18,-18,-18,-18,-19
1783308590.8858385,0.0,0.0,0.12,0.0,0.0,1,10.225092959257768,-10.225092959257768,10.225092959257768,-10.225092959257768,9.4399995803833,-9.899999618530273,11.470000267028809,-10.989999771118164,0.7850933788744676,-0.32509334072749496,-1.2449073077710402,0.7649068118603957,0.27478268260606364,-0.11378266925462323,-0.43571755771986403,0.26771738415113844,-0.6758969089176085,-0.07704293199521176,0.16641309621077519,-1.267653048596202,-1,1,-1,1,-18,-18,-18,-18,-18,-18,-18,-19
1783308590.9057443,0.0,0.0,0.12,0.0,0.0,1,10.225092959257768,-10.225092959257768,10.225092959257768,-10.225092959257768,9.4399995803833,-9.899999618530273,11.470000267028809,-10.989999771118164,0.7850933788744676,-0.32509334072749496,-1.2449073077710402,0.7649068118603957,0.27478268260606364,-0.11378266925462323,-0.43571755771986403,0.26771738415113844,-0.6688310685077382,-0.07996877206175922,0.15520893044083584,-1.2607688872894585,-1,1,-1,1,-18,-18,-18,-18,-18,-18,-18,-19
1783308590.9256272,0.0,0.0,0.12,0.0,0.0,1,10.225092959257768,-10.225092959257768,10.225092959257768,-10.225092959257768,9.4399995803833,-9.899999618530273,11.470000267028809,-10.989999771118164,0.7850933788744676,-0.32509334072749496,-1.2449073077710402,0.7649068118603957,0.27478268260606364,-0.11378266925462323,-0.43571755771986403,0.26771738415113844,-0.661765228097868,-0.08289461212830668,0.14400476467089648,-1.2538847259827148,-1,1,-1,1,-18,-18,-18,-18,-18,-18,-18,-19
1783308590.9457374,0.0,0.0,0.12,0.0,0.0,1,10.225092959257768,-10.225092959257768,10.225092959257768,-10.225092959257768,9.550000190734863,-9.420000076293945,11.869999885559082,-11.770000457763672,0.6750927685229051,-0.8050928829638231,-1.6449069263013136,1.5449074985059035,0.23628246898301677,-0.28178250903733804,-0.5757174242054597,0.5407176244770662,-0.6556893931811618,-0.09014044807498109,0.12920060233418465,-1.2399805584961616,-1,1,-1,1,-18,-18,-18,-18,-18,-18,-18,-19
1783308590.9656043,0.0,0.0,0.12,0.0,0.0,1,10.225092959257768,-10.225092959257768,10.225092959257768,-10.225092959257768,9.550000190734863,-9.420000076293945,11.869999885559082,-11.770000457763672,0.6750927685229051,-0.8050928829638231,-1.6449069263013136,1.5449074985059035,0.23628246898301677,-0.28178250903733804,-0.5757174242054597,0.5407176244770662,-0.6496135582644557,-0.0973862840216555,0.11439643999747283,-1.2260763910096084,-1,1,-1,1,-18,-18,-18,-18,-18,-18,-18,-19
1783308590.9856517,0.0,0.0,0.12,0.0,0.0,1,10.225092959257768,-10.225092959257768,10.225092959257768,-10.225092959257768,9.630000114440918,-9.539999961853027,12.390000343322754,-12.3100004196167,0.5950928448168504,-0.685092997404741,-2.1649073840649855,2.084907460358931,0.20828249568589763,-0.23978254909165936,-0.7577175844227448,0.7297176111256257,-0.644257722661104,-0.10355212099829816,0.09491227354088796,-1.207312223866378,-1,1,-1,1,-18,-18,-18,-18,-18,-18,-18,-18
1783308591.005589,0.0,0.0,0.12,0.0,0.0,1,10.225092959257768,-10.225092959257768,10.225092959257768,-10.225092959257768,9.630000114440918,-9.539999961853027,12.390000343322754,-12.3100004196167,0.5950928448168504,-0.685092997404741,-2.1649073840649855,2.084907460358931,0.20828249568589763,-0.23978254909165936,-0.7577175844227448,0.7297176111256257,-0.6389018870577524,-0.10971795797494083,0.07542810708430309,-1.1885480567231477,-1,1,-1,1,-18,-18,-18,-18,-18,-18,-18,-18
1783308591.0255704,0.0,0.0,0.12,0.0,0.0,1,10.225092959257768,-10.225092959257768,10.225092959257768,-10.225092959257768,9.630000114440918,-9.539999961853027,12.390000343322754,-12.3100004196167,0.5950928448168504,-0.685092997404741,-2.1649073840649855,2.084907460358931,0.20828249568589763,-0.23978254909165936,-0.7577175844227448,0.7297176111256257,-0.6335460514544008,-0.11588379495158349,0.055943940627718215,-1.1697838895799173,-1,1,-1,1,-18,-18,-18,-18,-18,-18,-18,-18
1783308591.045605,0.0,0.0,0.12,0.0,0.0,1,10.225092959257768,-10.225092959257768,10.225092959257768,-10.225092959257768,9.90999984741211,-10.069999694824219,12.520000457763672,-11.5600004196167,0.315093111845659,-0.15509326443354965,-2.2949074985059035,1.3349074603589308,0.11028258914598064,-0.05428264255174237,-0.8032176244770661,0.46721761112562576,-0.6307102134477899,-0.11727963433148544,0.03528977314116508,-1.157769722436687,-1,1,-1,1,-18,-18,-18,-18,-18,-18,-18,-19
1783308591.0655985,0.0,0.0,0.12,0.0,0.0,1,10.225092959257768,-10.225092959257768,10.225092959257768,-10.225092959257768,9.90999984741211,-10.069999694824219,12.520000457763672,-11.5600004196167,0.315093111845659,-0.15509326443354965,-2.2949074985059035,1.3349074603589308,0.11028258914598064,-0.05428264255174237,-0.8032176244770661,0.46721761112562576,-0.627874375441179,-0.1186754737113874,0.014635605654611951,-1.1457555552934566,-1,1,-1,1,-18,-18,-18,-18,-18,-18,-18,-19
1783308591.0857854,0.0,0.0,0.12,0.0,0.0,1,10.225092959257768,-10.225092959257768,10.225092959257768,-10.225092959257768,10.5600004196167,-10.449999809265137,13.289999961853027,-12.170000076293945,-0.3349074603589308,0.22490685000736832,-3.064907002595259,1.944907117036177,-0.11721761112562577,0.0787173975025789,-1.0727174509083406,0.6807174909626619,-0.6308885425844093,-0.11665131206132108,-0.012948557368745384,-1.128251391240131,-1,1,-1,1,-18,-18,-18,-18,-18,-18,-18,-18
1783308591.1056316,0.0,0.0,0.12,0.0,0.0,1,10.225092959257768,-10.225092959257768,10.225092959257768,-10.225092959257768,10.5600004196167,-10.449999809265137,13.289999961853027,-12.170000076293945,-0.3349074603589308,0.22490685000736832,-3.064907002595259,1.944907117036177,-0.11721761112562577,0.0787173975025789,-1.0727174509083406,0.6807174909626619,-0.6339027097276396,-0.11462715041125476,-0.04053272039210272,-1.1107472271868055,-1,1,-1,1,-18,-18,-18,-18,-18,-18,-18,-18
1783308591.1256375,0.0,0.0,0.12,0.0,0.0,1,10.225092959257768,-10.225092959257768,10.225092959257768,-10.225092959257768,10.5600004196167,-10.449999809265137,13.289999961853027,-12.170000076293945,-0.3349074603589308,0.22490685000736832,-3.064907002595259,1.944907117036177,-0.11721761112562577,0.0787173975025789,-1.0727174509083406,0.6807174909626619,-0.63691687687087,-0.11260298876118845,-0.06811688341546006,-1.09324306313348,-1,1,-1,1,-18,-18,-18,-18,-18,-18,-18,-18
1783308591.1456385,0.0,0.0,0.12,0.0,0.0,1,10.225092959257768,-10.225092959257768,10.225092959257768,-10.225092959257768,11.239999771118164,-11.15999984741211,13.380000114440918,-13.050000190734863,-1.0149068118603957,0.934906888154341,-3.1549071551831496,2.824907231477095,-0.35521738415113846,0.32721741085401934,-1.1042175043141023,0.9887175310169831,-0.6460510381776136,-0.10418882676779938,-0.09651104781210841,-1.0678188980501861,-1,1,-1,1,-18,-18,-18,-18,-18,-18,-18,-18
1783308591.1656332,0.0,0.0,0.12,0.0,0.0,1,10.225092959257768,-10.225092959257768,10.225092959257768,-10.225092959257768,11.239999771118164,-11.15999984741211,13.380000114440918,-13.050000190734863,-1.0149068118603957,0.934906888154341,-3.1549071551831496,2.824907231477095,-0.35521738415113846,0.32721741085401934,-1.1042175043141023,0.9887175310169831,-0.6551851994843572,-0.09577466477441031,-0.12490521220875676,-1.0423947329668923,-1,1,-1,1,-18,-18,-18,-18,-18,-18,-18,-18
1783308591.1856518,0.0,0.0,0.12,0.0,0.0,1,10.225092959257768,-10.225092959257768,10.225092959257768,-10.225092959257768,11.489999771118164,-11.210000038146973,14.119999885559082,-12.760000228881836,-1.2649068118603957,0.9849070788892043,-3.8949069263013136,2.5349072696240675,-0.4427173841511384,0.34471747761122146,-1.3632174242054598,0.8872175443684236,-0.6665693607911007,-0.08691050106440747,-0.1599593745454686,-1.0195805675402758,-1,1,-1,1,-18,-18,-18,-18,-18,-18,-18,-18
1783308591.2057147,0.0,0.0,0.12,0.0,0.0,1,10.225092959257768,-10.225092959257768,10.225092959257768,-10.225092959257768,11.489999771118164,-11.210000038146973,14.119999885559082,-12.760000228881836,-1.2649068118603957,0.9849070788892043,-3.8949069263013136,2.5349072696240675,-0.4427173841511384,0.34471747761122146,-1.3632174242054598,0.8872175443684236,-0.6779535220978443,-0.07804633735440462,-0.19501353688218043,-0.9967664021136592,-1,1,-1,1,-18,-18,-18,-18,-18,-18,-18,-18
1783308591.2256262,0.0,0.0,0.12,0.0,0.0,1,10.225092959257768,-10.225092959257768,10.225092959257768,-10.225092959257768,11.489999771118164,-11.210000038146973,14.119999885559082,-12.760000228881836,-1.2649068118603957,0.9849070788892043,-3.8949069263013136,2.5349072696240675,-0.4427173841511384,0.34471747761122146,-1.3632174242054598,0.8872175443684236,-0.6893376834045879,-0.06918217364440178,-0.23006769921889225,-0.9739522366870426,-1,1,-1,1,-18,-18,-18,-18,-18,-18,-18,-18
1783308591.2456357,0.0,0.0,0.12,0.0,0.0,1,10.225092959257768,-10.225092959257768,10.225092959257768,-10.225092959257768,11.210000038146973,-11.020000457763672,13.960000038146973,-13.680000305175781,-0.9849070788892043,0.7949074985059035,-3.7349070788892043,3.454907345918013,-0.34471747761122146,0.2782176244770662,-1.3072174776112213,1.2092175710713045,-0.6982018471145908,-0.06202800615784865,-0.2636818629288951,-0.9428580705737805,-1,1,-1,1,-18,-18,-18,-18,-18,-18,-18,-18
1783308591.2656367,0.0,0.0,0.12,0.0,0.0,1,10.225092959257768,-10.225092959257768,10.225092959257768,-10.225092959257768,11.210000038146973,-11.020000457763672,13.960000038146973,-13.680000305175781,-0.9849070788892043,0.7949074985059035,-3.7349070788892043,3.454907345918013,-0.34471747761122146,0.2782176244770662,-1.3072174776112213,1.2092175710713045,-0.7070660108245936,-0.05487383867129551,-0.297296026638898,-0.9117639044605184,-1,1,-1,1,-18,-18,-18,-18,-18,-18,-18,-18
1783308591.2856746,0.0,0.0,0.12,0.0,0.0,1,10.225092959257768,-10.225092959257768,10.225092959257768,-10.225092959257768,11.920000076293945,-11.5600004196167,14.300000190734863,-13.430000305175781,-1.694907117036177,1.3349074603589308,-4.074907231477095,3.204907345918013,-0.5932174909626619,0.46721761112562576,-1.4262175310169831,1.1217175710713043,-0.7223201748779192,-0.042859671528065135,-0.33397019172219183,-0.8829197383472562,-1,1,-1,1,-18,-18,-18,-18,-18,-18,-18,-18
1783308591.3057272,0.0,0.0,0.12,0.0,0.0,1,10.225092959257768,-10.225092959257768,10.225092959257768,-10.225092959257768,11.920000076293945,-11.5600004196167,14.300000190734863,-13.430000305175781,-1.694907117036177,1.3349074603589308,-4.074907231477095,3.204907345918013,-0.5932174909626619,0.46721761112562576,-1.4262175310169831,1.1217175710713043,-0.7375743389312448,-0.030845504384834757,-0.3706443568054857,-0.8540755722339941,-1,1,-1,1,-18,-18,-18,-18,-18,-18,-18,-18
1783308591.325688,0.0,0.0,0.12,0.0,0.0,1,10.225092959257768,-10.225092959257768,10.225092959257768,-10.225092959257768,11.920000076293945,-11.5600004196167,14.300000190734863,-13.430000305175781,-1.694907117036177,1.3349074603589308,-4.074907231477095,3.204907345918013,-0.5932174909626619,0.46721761112562576,-1.4262175310169831,1.1217175710713043,-0.7528285029845704,-0.01883133724160438,-0.40731852188877954,-0.825231406120732,-1,1,-1,1,-18,-18,-18,-18,-18,-18,-18,-18
1783308591.345658,0.0,0.0,0.12,0.0,0.0,1,10.225092959257768,-10.225092959257768,10.225092959257768,-10.225092959257768,11.739999771118164,-11.9399995803833,14.3100004196167,-13.470000267028809,-1.5149068118603957,1.7149066211255324,-4.084907460358931,3.24490730777104,-0.5302173841511384,0.6002173173939362,-1.4297176111256258,1.135717557719864,-0.7664626642913139,-0.0033971776514745856,-0.4440826890320099,-0.7960272403507926,-1,1,-1,1,-18,-18,-18,-18,-18,-18,-18,-18
1783308591.3657434,0.0,0.0,0.12,0.0,0.0,1,10.225092959257768,-10.225092959257768,10.225092959257768,-10.225092959257768,11.739999771118164,-11.9399995803833,14.3100004196167,-13.470000267028809,-1.5149068118603957,1.7149066211255324,-4.084907460358931,3.24490730777104,-0.5302173841511384,0.6002173173939362,-1.4297176111256258,1.135717557719864,-0.7800968255980575,0.012036981938655208,-0.4808468561752403,-0.7668230745808533,-1,1,-1,1,-18,-18,-18,-18,-18,-18,-18,-18
1783308591.3856766,0.0,0.0,0.12,0.0,0.0,1,10.225092959257768,-10.225092959257768,10.225092959257768,-10.225092959257768,11.619999885559082,-11.529999732971191,13.1899995803833,-13.960000038146973,-1.3949069263013136,1.304906773713423,-2.9649066211255324,3.7349070788892043,-0.4882174242054597,0.45671737079969804,-1.0377173173939362,1.3072174776112213,-0.7926509879347693,0.023781142902076016,-0.5075310157653701,-0.7332089108708505,-1,1,-1,1,-18,-18,-18,-18,-18,-18,-18,-18
1783308591.4055998,0.0,0.0,0.12,0.0,0.0,1,10.225092959257768,-10.225092959257768,10.225092959257768,-10.225092959257768,11.619999885559082,-11.529999732971191,13.1899995803833,-13.960000038146973,-1.3949069263013136,1.304906773713423,-2.9649066211255324,3.7349070788892043,-0.4882174242054597,0.45671737079969804,-1.0377173173939362,1.3072174776112213,-0.8052051502714811,0.03552530386549682,-0.5342151753554999,-0.6995947471608477,-1,1,-1,1,-18,-18,-18,-18,-18,-18,-18,-18
1783308591.4256027,0.0,0.0,0.12,0.0,0.0,1,10.225092959257768,-10.225092959257768,10.225092959257768,-10.225092959257768,11.619999885559082,-11.529999732971191,13.1899995803833,-13.960000038146973,-1.3949069263013136,1.304906773713423,-2.9649066211255324,3.7349070788892043,-0.4882174242054597,0.45671737079969804,-1.0377173173939362,1.3072174776112213,-0.8177593126081929,0.047269464828917626,-0.5608993349456297,-0.6659805834508449,-1,1,-1,1,-18,-18,-18,-18,-18,-18,-18,-18
1783308591.4456038,0.0,0.0,0.12,0.0,0.0,1,10.225092959257768,-10.225092959257768,10.225092959257768,-10.225092959257768,10.399999618530273,-12.149999618530273,13.529999732971191,-13.619999885559082,-0.17490665927250504,1.924906659272505,-3.304906773713423,3.3949069263013136,-0.06121733074537676,0.6737173307453768,-1.156717370799698,1.1882174242054597,-0.8193334725416455,0.06459362476237017,-0.5906434959090505,-0.635426421114133,-1,1,-1,1,-18,-18,-18,-18,-18,-18,-18,-18
1783308591.4656017,0.0,0.0,0.12,0.0,0.0,1,10.225092959257768,-10.225092959257768,10.225092959257768,-10.225092959257768,10.399999618530273,-12.149999618530273,13.529999732971191,-13.619999885559082,-0.17490665927250504,1.924906659272505,-3.304906773713423,3.3949069263013136,-0.06121733074537676,0.6737173307453768,-1.156717370799698,1.1882174242054597,-0.820907632475098,0.08191778469582271,-0.6203876568724713,-0.6048722587774212,-1,1,-1,1,-18,-18,-18,-18,-18,-18,-18,-18
1783308591.485799,0.0,0.0,0.12,0.0,0.0,1,10.225092959257768,-10.225092959257768,10.225092959257768,-10.225092959257768,10.220000267028809,-11.220000267028809,12.869999885559082,-14.0600004196167,0.005092692228959805,0.9949073077710402,-2.6449069263013136,3.834907460358931,0.0017824422801359318,0.34821755771986407,-0.9257174242054597,1.3422176111256257,-0.8208617982450374,0.09087195046576207,-0.6441918192091831,-0.5703580916341908,-1,1,-1,1,-18,-18,-18,-18,-18,-18,-18,-18
1783308591.505601,0.0,0.0,0.12,0.0,0.0,1,10.225092959257768,-10.225092959257768,10.225092959257768,-10.225092959257768,10.220000267028809,-11.220000267028809,12.869999885559082,-14.0600004196167,0.005092692228959805,0.9949073077710402,-2.6449069263013136,3.834907460358931,0.0017824422801359318,0.34821755771986407,-0.9257174242054597,1.3422176111256257,-0.8208159640149767,0.09982611623570144,-0.6679959815458949,-0.5358439244909604,-1,1,-1,1,-18,-18,-18,-18,-18,-18,-18,-18
1783308591.52559,0.0,0.0,0.12,0.0,0.0,1,10.225092959257768,-10.225092959257768,10.225092959257768,-10.225092959257768,10.220000267028809,-11.220000267028809,12.869999885559082,-14.0600004196167,0.005092692228959805,0.9949073077710402,-2.6449069263013136,3.834907460358931,0.0017824422801359318,0.34821755771986407,-0.9257174242054597,1.3422176111256257,-0.820770129784916,0.1087802820056408,-0.6918001438826067,-0.50132975734773,-1,1,-1,1,-18,-18,-18,-18,-18,-18,-18,-18
1783308591.5456524,0.0,0.0,0.12,0.0,0.0,1,10.225092959257768,-10.225092959257768,10.225092959257768,-10.225092959257768,8.970000267028809,-11.25,11.949999809265137,-13.470000267028809,1.2550926922289598,1.0249070407422316,-1.7249068500073683,3.24490730777104,0.4392824422801359,0.358717464259781,-0.6037173975025789,1.135717557719864,-0.8094742955548554,0.11800444537232088,-0.707324305532673,-0.47212559157779066,-1,1,-1,1,-18,-18,-18,-18,-18,-18,-18,-18
1783308591.5655909,0.0,0.0,0.12,0.0,0.0,1,10.225092959257768,-10.225092959257768,10.225092959257768,-10.225092959257768,8.970000267028809,-11.25,11.949999809265137,-13.470000267028809,1.2550926922289598,1.0249070407422316,-1.7249068500073683,3.24490730777104,0.4392824422801359,0.358717464259781,-0.6037173975025789,1.135717557719864,-0.7981784613247948,0.12722860873900096,-0.7228484671827393,-0.4429214258078513,-1,1,-1,1,-18,-18,-18,-18,-18,-18,-18,-18
1783308591.5856667,0.0,0.0,0.12,0.0,0.0,1,10.225092959257768,-10.225092959257768,10.225092959257768,-10.225092959257768,7.860000133514404,-10.59000015258789,10.399999618530273,-12.819999694824219,2.365092825743364,0.3649071933301222,-0.17490665927250504,2.5949067355664504,0.8277824890101774,0.12771751766554276,-0.06121733074537676,0.9082173574482576,-0.7768926258931045,0.13051277347897206,-0.7244226271161919,-0.4195672651877533,-1,1,-1,1,-18,-18,-18,-18,-18,-18,-18,-18
1783308591.6056004,0.0,0.0,0.12,0.0,0.0,1,10.225092959257768,-10.225092959257768,10.225092959257768,-10.225092959257768,7.860000133514404,-10.59000015258789,10.399999618530273,-12.819999694824219,2.365092825743364,0.3649071933301222,-0.17490665927250504,2.5949067355664504,0.8277824890101774,0.12771751766554276,-0.06121733074537676,0.9082173574482576,-0.7556067904614142,0.13379693821894315,-0.7259967870496444,-0.39621310456765524,-1,1,-1,1,-18,-18,-18,-18,-18,-18,-18,-18
1783308591.6256049,0.0,0.0,0.12,0.0,0.0,1,10.225092959257768,-10.225092959257768,10.225092959257768,-10.225092959257768,7.860000133514404,-10.59000015258789,10.399999618530273,-12.819999694824219,2.365092825743364,0.3649071933301222,-0.17490665927250504,2.5949067355664504,0.8277824890101774,0.12771751766554276,-0.06121733074537676,0.9082173574482576,-0.7343209550297239,0.13708110295891424,-0.727570946983097,-0.3728589439475572,-1,1,-1,1,-18,-18,-18,-18,-18,-18,-18,-18
1783308591.6456048,0.0,0.0,0.12,0.0,0.0,1,10.225092959257768,-10.225092959257768,10.225092959257768,-10.225092959257768,7.309999942779541,-11.039999961853027,9.550000190734863,-12.600000381469727,2.9150930164782274,0.814907002595259,0.6750927685229051,2.374907422211958,1.0202825557673796,0.2852174509083406,0.23628246898301677,0.8312175977741854,-0.7080851178814199,0.14441526598227156,-0.7214951120663908,-0.3514847771476496,-1,1,-1,1,-18,-18,-18,-18,-18,-18,-18,-18
1783308591.6655896,0.0,0.0,0.12,0.0,0.0,1,10.225092959257768,-10.225092959257768,10.225092959257768,-10.225092959257768,7.309999942779541,-11.039999961853027,9.550000190734863,-12.600000381469727,2.9150930164782274,0.814907002595259,0.6750927685229051,2.374907422211958,1.0202825557673796,0.2852174509083406,0.23628246898301677,0.8312175977741854,-0.6818492807331159,0.15174942900562888,-0.7154192771496847,-0.330110610347742,-1,1,-1,1,-18,-18,-18,-18,-18,-18,-18,-18
1783308591.6856575,0.0,0.0,0.12,0.0,0.0,1,10.225092959257768,-10.225092959257768,10.225092959257768,-10.225092959257768,7.610000133514404,-10.899999618530273,8.949999809265137,-11.989999771118164,2.615092825743364,0.674906659272505,1.2750931499926317,1.7649068118603957,0.9152824890101774,0.23621733074537674,0.4462826024974211,0.6177173841511384,-0.6583134453014257,0.1578235889390814,-0.703943438799751,-0.3142264490409984,-1,1,-1,1,-18,-18,-18,-18,-18,-18,-18,-18
1783308591.7055926,0.0,0.0,0.12,0.0,0.0,1,10.225092959257768,-10.225092959257768,10.225092959257768,-10.225092959257768,7.610000133514404,-10.899999618530273,8.949999809265137,-11.989999771118164,2.615092825743364,0.674906659272505,1.2750931499926317,1.7649068118603957,0.9152824890101774,0.23621733074537674,0.4462826024974211,0.6177173841511384,-0.6347776098697354,0.16389774887253394,-0.6924676004498173,-0.2983422877342548,-1,1,-1,1,-18,-18,-18,-18,-18,-18,-18,-18
1783308591.725584,0.0,0.0,0.12,0.0,0.0,1,10.225092959257768,-10.225092959257768,10.225092959257768,-10.225092959257768,7.610000133514404,-10.899999618530273,8.949999809265137,-11.989999771118164,2.615092825743364,0.674906659272505,1.2750931499926317,1.7649068118603957,0.9152824890101774,0.23621733074537674,0.4462826024974211,0.6177173841511384,-0.6112417744380452,0.16997190880598648,-0.6809917620998835,-0.2824581264275112,-1,1,-1,1,-18,-18,-18,-18,-18,-18,-18,-18
1783308591.7455966,0.0,0.0,0.12,0.0,0.0,1,10.225092959257768,-10.225092959257768,10.225092959257768,-10.225092959257768,8.039999961853027,-11.25,8.300000190734863,-11.109999656677246,2.185092997404741,1.0249070407422316,1.9250927685229051,0.8849066974194777,0.7647825490916593,0.358717464259781,0.6737824689830167,0.30971734409681717,-0.5915759374614025,0.17919607217266656,-0.6636659271831774,-0.2744939661507359,-1,1,-1,1,-18,-18,-18,-18,-18,-18,-18,-18
1783308591.765577,0.0,0.0,0.12,0.0,0.0,1,10.225092959257768,-10.225092959257768,10.225092959257768,-10.225092959257768,8.039999961853027,-11.25,8.300000190734863,-11.109999656677246,2.185092997404741,1.0249070407422316,1.9250927685229051,0.8849066974194777,0.7647825490916593,0.358717464259781,0.6737824689830167,0.30971734409681717,-0.5719101004847598,0.18842023553934664,-0.6463400922664713,-0.2665298058739606,-1,1,-1,1,-18,-18,-18,-18,-18,-18,-18,-18
1783308591.7856748,0.0,0.0,0.12,0.0,0.0,1,10.225092959257768,-10.225092959257768,10.225092959257768,-10.225092959257768,8.119999885559082,-11.270000457763672,7.170000076293945,-10.270000457763672,2.1050930736986864,1.0449074985059035,3.055092882963823,0.044907498505903476,0.7367825757945402,0.3657176244770662,1.069282509037338,0.015717624477066216,-0.5529642628214716,0.19782440302589976,-0.6188442563197969,-0.26612563838740744,-1,1,-1,1,-18,-18,-18,-18,-18,-18,-18,-18
1783308591.805583,0.0,0.0,0.12,0.0,0.0,1,10.225092959257768,-10.225092959257768,10.225092959257768,-10.225092959257768,8.119999885559082,-11.270000457763672,7.170000076293945,-10.270000457763672,2.1050930736986864,1.0449074985059035,3.055092882963823,0.044907498505903476,0.7367825757945402,0.3657176244770662,1.069282509037338,0.015717624477066216,-0.5340184251581834,0.2072285705124529,-0.5913484203731225,-0.2657214709008543,-1,1,-1,1,-18,-18,-18,-18,-18,-18,-18,-18
1783308591.8255782,0.0,0.0,0.12,0.0,0.0,1,10.225092959257768,-10.225092959257768,10.225092959257768,-10.225092959257768,8.119999885559082,-11.270000457763672,7.170000076293945,-10.270000457763672,2.1050930736986864,1.0449074985059035,3.055092882963823,0.044907498505903476,0.7367825757945402,0.3657176244770662,1.069282509037338,0.015717624477066216,-0.5150725874948953,0.216632737999006,-0.5638525844264481,-0.26531730341430115,-1,1,-1,1,-18,-18,-18,-18,-18,-18,-19,-18
1783308591.8455908,0.0,0.0,0.12,0.0,0.0,1,10.225092959257768,-10.225092959257768,10.225092959257768,-10.225092959257768,7.5,-11.289999961853027,5.920000076293945,-9.220000267028809,2.7250929592577684,1.064907002595259,4.305092882963823,-1.0050926922289598,0.9537825357402189,0.37271745090834063,1.506782509037338,-0.3517824422801359,-0.49054675086157534,0.22621690102236333,-0.5251067484797738,-0.27436313764436177,-1,1,-1,1,-18,-18,-18,-18,-18,-18,-19,-19
1783308591.865578,0.0,0.0,0.12,0.0,0.0,1,10.225092959257768,-10.225092959257768,10.225092959257768,-10.225092959257768,7.5,-11.289999961853027,5.920000076293945,-9.220000267028809,2.7250929592577684,1.064907002595259,4.305092882963823,-1.0050926922289598,0.9537825357402189,0.37271745090834063,1.506782509037338,-0.3517824422801359,-0.4660209142282554,0.23580106404572065,-0.4863609125330994,-0.2834089718744224,-1,1,-1,1,-18,-18,-18,-18,-18,-18,-19,-19
1783308591.8856537,0.0,0.0,0.12,0.0,0.0,1,10.225092959257768,-10.225092959257768,10.225092959257768,-10.225092959257768,6.610000133514404,-10.15999984741211,4.369999885559082,-8.270000457763672,3.615092825743364,-0.06509311184565902,5.855093073698686,-1.9550925014940965,1.2652824890101773,-0.022782589145980657,2.0492825757945403,-0.6842823755229337,-0.43348507879656517,0.23521522603910971,-0.4336650748698112,-0.30100480438786925,-1,1,-1,1,-18,-18,-18,-18,-19,-18,-20,-19
1783308591.9055781,0.0,0.0,0.12,0.0,0.0,1,10.225092959257768,-10.225092959257768,10.225092959257768,-10.225092959257768,6.610000133514404,-10.15999984741211,4.369999885559082,-8.270000457763672,3.615092825743364,-0.06509311184565902,5.855093073698686,-1.9550925014940965,1.2652824890101773,-0.022782589145980657,2.0492825757945403,-0.6842823755229337,-0.4009492433648749,0.23462938803249878,-0.38096923720652304,-0.3186006369013161,-1,1,-1,1,-18,-18,-18,-18,-19,-18,-20,-19
1783308591.92557,0.0,0.0,0.12,0.0,0.0,1,10.225092959257768,-10.225092959257768,10.225092959257768,-10.225092959257768,6.610000133514404,-10.15999984741211,4.369999885559082,-8.270000457763672,3.615092825743364,-0.06509311184565902,5.855093073698686,-1.9550925014940965,1.2652824890101773,-0.022782589145980657,2.0492825757945403,-0.6842823755229337,-0.36841340793318467,0.23404355002588784,-0.32827339954323487,-0.336196469414763,-1,1,-1,1,-18,-18,-18,-18,-19,-18,-20,-19
1783308591.9456103,0.0,0.0,0.12,0.0,0.0,1,10.225092959257768,-10.225092959257768,10.225092959257768,-10.225092959257768,6.210000038146973,-9.380000114440918,3.740000009536743,-6.920000076293945,4.015092921110796,-0.8450928448168504,6.485092949721025,-3.305092882963823,1.4052825223887784,-0.29578249568589765,2.269782532402359,-1.156782509037338,-0.3322775716431875,0.22643771442253618,-0.26990756299574564,-0.3659423053614374,-1,1,-1,1,-18,-18,-18,-18,-19,-18,-20,-20
1783308591.965589,0.0,0.0,0.12,0.0,0.0,1,10.225092959257768,-10.225092959257768,10.225092959257768,-10.225092959257768,6.210000038146973,-9.380000114440918,3.740000009536743,-6.920000076293945,4.015092921110796,-0.8450928448168504,6.485092949721025,-3.305092882963823,1.4052825223887784,-0.29578249568589765,2.269782532402359,-1.156782509037338,-0.2961417353531903,0.21883187881918453,-0.21154172644825642,-0.3956881413081118,-1,1,-1,1,-18,-18,-18,-18,-19,-18,-20,-20
1783308591.985661,0.0,0.0,0.0,0.0,0.0,0,0.0,0.0,0.0,0.0,6.159999847412109,-9.739999771118164,3.299999952316284,-6.659999847412109,-6.159999847412109,9.739999771118164,-3.299999952316284,6.659999847412109,-2.155999946594238,3.4089999198913574,-1.1549999833106994,2.330999946594238,0.0,0.0,0.0,0.0,-1,1,-1,1,0,0,0,0,0,0,0,0
1783308592.005563,0.0,0.0,0.0,0.0,0.0,0,0.0,0.0,0.0,0.0,6.159999847412109,-9.739999771118164,3.299999952316284,-6.659999847412109,-6.159999847412109,9.739999771118164,-3.299999952316284,6.659999847412109,-2.155999946594238,3.4089999198913574,-1.1549999833106994,2.330999946594238,0.0,0.0,0.0,0.0,-1,1,-1,1,0,0,0,0,0,0,0,0
1783308592.025568,0.0,0.0,0.0,0.0,0.0,0,0.0,0.0,0.0,0.0,6.159999847412109,-9.739999771118164,3.299999952316284,-6.659999847412109,-6.159999847412109,9.739999771118164,-3.299999952316284,6.659999847412109,-2.155999946594238,3.4089999198913574,-1.1549999833106994,2.330999946594238,0.0,0.0,0.0,0.0,-1,1,-1,1,0,0,0,0,0,0,0,0
1783308592.045574,0.0,0.0,0.0,0.0,0.0,0,0.0,0.0,0.0,0.0,6.570000171661377,-9.529999732971191,3.6700000762939453,-6.699999809265137,-6.570000171661377,9.529999732971191,-3.6700000762939453,6.699999809265137,-2.2995000600814817,3.335499906539917,-1.2845000267028808,2.3449999332427978,0.0,0.0,0.0,0.0,-1,1,-1,1,0,0,0,0,0,0,0,0
1783308592.0655704,0.0,0.0,0.0,0.0,0.0,0,0.0,0.0,0.0,0.0,6.570000171661377,-9.529999732971191,3.6700000762939453,-6.699999809265137,-6.570000171661377,9.529999732971191,-3.6700000762939453,6.699999809265137,-2.2995000600814817,3.335499906539917,-1.2845000267028808,2.3449999332427978,0.0,0.0,0.0,0.0,-1,1,-1,1,0,0,0,0,0,0,0,0
1783308592.0856547,0.0,0.0,0.12,0.0,0.0,1,10.225092959257768,-10.225092959257768,10.225092959257768,-10.225092959257768,5.050000190734863,-7.349999904632568,2.7899999618530273,-4.909999847412109,5.175092768522905,-2.8750930546252,7.435092997404741,-5.315093111845659,1.8112824689830167,-1.00628256911882,2.602282549091659,-1.8602825891459804,0.04657583491670615,-0.025875837491626804,0.06691583697664268,-0.04783583800661093,-1,1,-1,1,-18,-18,-18,-18,-20,-19,-21,-20
1783308592.1056297,0.0,0.0,0.12,0.0,0.0,1,10.225092959257768,-10.225092959257768,10.225092959257768,-10.225092959257768,5.050000190734863,-7.349999904632568,2.7899999618530273,-4.909999847412109,5.175092768522905,-2.8750930546252,7.435092997404741,-5.315093111845659,1.8112824689830167,-1.00628256911882,2.602282549091659,-1.8602825891459804,0.0931516698334123,-0.05175167498325361,0.13383167395328535,-0.09567167601322187,-1,1,-1,1,-18,-18,-18,-18,-20,-19,-21,-20
1783308592.1255844,0.0,0.0,0.12,0.0,0.0,1,10.225092959257768,-10.225092959257768,10.225092959257768,-10.225092959257768,5.050000190734863,-7.349999904632568,2.7899999618530273,-4.909999847412109,5.175092768522905,-2.8750930546252,7.435092997404741,-5.315093111845659,1.8112824689830167,-1.00628256911882,2.602282549091659,-1.8602825891459804,0.13972750475011847,-0.07762751247488041,0.20074751092992804,-0.1435075140198328,-1,1,-1,1,-18,-18,-18,-18,-20,-19,-21,-20
1783308592.145579,0.0,0.0,0.0,0.0,0.0,0,0.0,0.0,0.0,0.0,3.990000009536743,-5.150000095367432,2.180000066757202,-3.6700000762939453,-3.990000009536743,5.150000095367432,-2.180000066757202,3.6700000762939453,-1.39650000333786,1.802500033378601,-0.7630000233650207,1.2845000267028808,0.0,0.0,0.0,0.0,-1,1,-1,1,0,0,0,0,0,0,0,0
1783308592.1655738,0.0,0.0,0.0,0.0,0.0,0,0.0,0.0,0.0,0.0,3.990000009536743,-5.150000095367432,2.180000066757202,-3.6700000762939453,-3.990000009536743,5.150000095367432,-2.180000066757202,3.6700000762939453,-1.39650000333786,1.802500033378601,-0.7630000233650207,1.2845000267028808,0.0,0.0,0.0,0.0,-1,1,-1,1,0,0,0,0,0,0,0,0
1783308592.1856546,0.0,0.0,0.0,0.0,0.0,0,0.0,0.0,0.0,0.0,3.700000047683716,-4.28000020980835,3.109999895095825,-3.0199999809265137,-3.700000047683716,4.28000020980835,-3.109999895095825,3.0199999809265137,-1.2950000166893005,1.4980000734329222,-1.0884999632835388,1.0569999933242797,0.0,0.0,0.0,0.0,-1,1,-1,1,0,0,0,0,0,0,0,0
1783308592.2055733,0.0,0.0,0.0,0.0,0.0,0,0.0,0.0,0.0,0.0,3.700000047683716,-4.28000020980835,3.109999895095825,-3.0199999809265137,-3.700000047683716,4.28000020980835,-3.109999895095825,3.0199999809265137,-1.2950000166893005,1.4980000734329222,-1.0884999632835388,1.0569999933242797,0.0,0.0,0.0,0.0,-1,1,-1,1,0,0,0,0,0,0,0,0
1783308592.2255743,0.0,0.0,0.0,0.0,0.0,0,0.0,0.0,0.0,0.0,3.700000047683716,-4.28000020980835,3.109999895095825,-3.0199999809265137,-3.700000047683716,4.28000020980835,-3.109999895095825,3.0199999809265137,-1.2950000166893005,1.4980000734329222,-1.0884999632835388,1.0569999933242797,0.0,0.0,0.0,0.0,-1,1,-1,1,0,0,0,0,0,0,0,0
1783308592.2456071,0.0,0.0,0.12,0.0,0.0,1,10.225092959257768,-10.225092959257768,10.225092959257768,-10.225092959257768,2.5899999141693115,-2.7699999809265137,2.4000000953674316,-2.109999895095825,7.635093045088457,-7.455092978331255,7.825092863890337,-8.115093064161943,2.67228256578096,-2.609282542415939,2.7387825023616177,-2.84028257245668,0.0687158374057961,-0.0670958368049813,0.07042583577501303,-0.07303583757745749,-1,1,-1,1,-18,-18,-18,-18,-21,-21,-21,-21
1783308592.2656028,0.0,0.0,0.12,0.0,0.0,1,10.225092959257768,-10.225092959257768,10.225092959257768,-10.225092959257768,2.5899999141693115,-2.7699999809265137,2.4000000953674316,-2.109999895095825,7.635093045088457,-7.455092978331255,7.825092863890337,-8.115093064161943,2.67228256578096,-2.609282542415939,2.7387825023616177,-2.84028257245668,0.1374316748115922,-0.1341916736099626,0.14085167155002606,-0.14607167515491498,-1,1,-1,1,-18,-18,-18,-18,-21,-21,-21,-21
1783308592.2856677,0.0,0.0,0.12,0.0,0.0,1,10.225092959257768,-10.225092959257768,10.225092959257768,-10.225092959257768,2.0399999618530273,-2.1700000762939453,1.6799999475479126,-1.4800000190734863,8.185092997404741,-8.055092882963823,8.545093011709856,-8.745092940184282,2.864782549091659,-2.819282509037338,2.990782554098449,-3.0607825290644985,0.21109751178823488,-0.206687509556637,0.21775750865541477,-0.22477751161657353,-1,1,-1,1,-18,-18,-18,-18,-21,-21,-21,-21
1783308592.3055785,0.0,0.0,0.0,0.0,0.0,0,0.0,0.0,0.0,0.0,2.0399999618530273,-2.1700000762939453,1.6799999475479126,-1.4800000190734863,-2.0399999618530273,2.1700000762939453,-1.6799999475479126,1.4800000190734863,-0.7139999866485596,0.7595000267028809,-0.5879999816417694,0.5180000066757202,0.0,0.0,0.0,0.0,-1,1,-1,1,0,0,0,0,0,0,0,0
1783308592.3255744,0.0,0.0,0.0,0.0,0.0,0,0.0,0.0,0.0,0.0,2.0399999618530273,-2.1700000762939453,1.6799999475479126,-1.4800000190734863,-2.0399999618530273,2.1700000762939453,-1.6799999475479126,1.4800000190734863,-0.7139999866485596,0.7595000267028809,-0.5879999816417694,0.5180000066757202,0.0,0.0,0.0,0.0,-1,1,-1,1,0,0,0,0,0,0,0,0
1783308592.3455858,0.0,0.0,0.0,0.0,0.0,0,0.0,0.0,0.0,0.0,2.3299999237060547,-1.9700000286102295,2.5399999618530273,-1.940000057220459,-2.3299999237060547,1.9700000286102295,-2.5399999618530273,1.940000057220459,-0.8154999732971191,0.6895000100135803,-0.8889999866485595,0.6790000200271606,0.0,0.0,0.0,0.0,-1,1,-1,1,0,0,0,0,0,0,0,0
1783308592.3655725,0.0,0.0,0.0,0.0,0.0,0,0.0,0.0,0.0,0.0,2.3299999237060547,-1.9700000286102295,2.5399999618530273,-1.940000057220459,-2.3299999237060547,1.9700000286102295,-2.5399999618530273,1.940000057220459,-0.8154999732971191,0.6895000100135803,-0.8889999866485595,0.6790000200271606,0.0,0.0,0.0,0.0,-1,1,-1,1,0,0,0,0,0,0,0,0
1783308592.3856301,0.0,0.0,0.0,0.0,0.0,0,0.0,0.0,0.0,0.0,1.6299999952316284,-1.3799999952316284,1.7799999713897705,-1.590000033378601,-1.6299999952316284,1.3799999952316284,-1.7799999713897705,1.590000033378601,-0.5704999983310699,0.48299999833106994,-0.6229999899864196,0.5565000116825103,0.0,0.0,0.0,0.0,-1,1,-1,1,0,0,0,0,0,0,0,0
1783308592.405598,0.0,0.0,0.12,0.0,0.0,1,10.225092959257768,-10.225092959257768,10.225092959257768,-10.225092959257768,1.6299999952316284,-1.3799999952316284,1.7799999713897705,-1.590000033378601,8.59509296402614,-8.84509296402614,8.445092987867998,-8.635092925879167,3.0082825374091486,-3.095782537409149,2.955782545753799,-3.0222825240577085,0.07735583667623526,-0.07960583667623526,0.07600583689081199,-0.07771583633291251,-1,1,-1,1,-18,-18,-18,-18,-21,-21,-21,-21
1783308592.4255905,0.0,0.0,0.12,0.0,0.0,1,10.225092959257768,-10.225092959257768,10.225092959257768,-10.225092959257768,1.6299999952316284,-1.3799999952316284,1.7799999713897705,-1.590000033378601,8.59509296402614,-8.84509296402614,8.445092987867998,-8.635092925879167,3.0082825374091486,-3.095782537409149,2.955782545753799,-3.0222825240577085,0.15471167335247052,-0.15921167335247052,0.15201167378162397,-0.15543167266582503,-1,1,-1,1,-18,-18,-18,-18,-21,-21,-21,-21
1783308592.4456074,0.0,0.0,0.12,0.0,0.0,1,10.225092959257768,-10.225092959257768,10.225092959257768,-10.225092959257768,1.1399999856948853,-0.9599999785423279,1.2400000095367432,-1.1100000143051147,9.085092973562883,-9.26509298071544,8.985092949721025,-9.115092944952654,3.179782540747009,-3.242782543250404,3.144782532402359,-3.1902825307334286,0.2364775101145365,-0.2425975101789095,0.2328775103291132,-0.23746750917039894,-1,1,-1,1,-18,-18,-18,-18,-21,-21,-21,-21
1783308592.4655704,0.0,0.0,0.0,0.0,0.0,0,0.0,0.0,0.0,0.0,1.1399999856948853,-0.9599999785423279,1.2400000095367432,-1.1100000143051147,-1.1399999856948853,0.9599999785423279,-1.2400000095367432,1.1100000143051147,-0.3989999949932098,0.3359999924898147,-0.4340000033378601,0.38850000500679016,0.0,0.0,0.0,0.0,-1,1,-1,1,0,0,0,0,0,0,0,0
1783308592.485636,0.0,0.0,0.0,0.0,0.0,0,0.0,0.0,0.0,0.0,1.4800000190734863,-1.350000023841858,1.5499999523162842,-1.4600000381469727,-1.4800000190734863,1.350000023841858,-1.5499999523162842,1.4600000381469727,-0.5180000066757202,0.4725000083446502,-0.5424999833106994,0.5110000133514404,0.0,0.0,0.0,0.0,-1,1,-1,1,0,0,0,0,0,0,0,0
1783308592.5055711,0.0,0.0,0.0,0.0,0.0,0,0.0,0.0,0.0,0.0,1.4800000190734863,-1.350000023841858,1.5499999523162842,-1.4600000381469727,-1.4800000190734863,1.350000023841858,-1.5499999523162842,1.4600000381469727,-0.5180000066757202,0.4725000083446502,-0.5424999833106994,0.5110000133514404,0.0,0.0,0.0,0.0,-1,1,-1,1,0,0,0,0,0,0,0,0
1783308592.5255675,0.0,0.0,0.0,0.0,0.0,0,0.0,0.0,0.0,0.0,1.4800000190734863,-1.350000023841858,1.5499999523162842,-1.4600000381469727,-1.4800000190734863,1.350000023841858,-1.5499999523162842,1.4600000381469727,-0.5180000066757202,0.4725000083446502,-0.5424999833106994,0.5110000133514404,0.0,0.0,0.0,0.0,-1,1,-1,1,0,0,0,0,0,0,0,0
1783308592.5455842,0.0,0.0,0.0,0.0,0.0,0,0.0,0.0,0.0,0.0,1.2599999904632568,-1.1699999570846558,1.309999942779541,-1.25,-1.2599999904632568,1.1699999570846558,-1.309999942779541,1.25,-0.44099999666213985,0.40949998497962947,-0.4584999799728393,0.4375,0.0,0.0,0.0,0.0,-1,1,-1,1,0,0,0,0,0,0,0,0
1783308592.5655944,0.0,0.0,0.12,0.0,0.0,1,10.225092959257768,-10.225092959257768,10.225092959257768,-10.225092959257768,1.2599999904632568,-1.1699999570846558,1.309999942779541,-1.25,8.965092968794512,-9.055093002173113,8.915093016478227,-8.975092959257768,3.1377825390780787,-3.169282550760589,3.1202825557673792,-3.1412825357402188,0.08068583671915061,-0.08149583701955802,0.08023583714830405,-0.08077583663331993,-1,1,-1,1,-18,-18,-18,-18,-21,-21,-21,-21
1783308592.5856616,0.0,0.0,0.12,0.0,0.0,1,10.225092959257768,-10.225092959257768,10.225092959257768,-10.225092959257768,0.8799999952316284,-0.8199999928474426,0.9200000166893005,-0.8700000047683716,9.34509296402614,-9.405092966410326,9.305092942568468,-9.355092954489397,3.270782537409149,-3.2917825382436137,3.2567825298989637,-3.274282534071289,0.16479167339538586,-0.16614167371725097,0.16398167363142024,-0.1649716732237245,-1,1,-1,1,-18,-18,-18,-18,-21,-21,-21,-21
1783308592.605575,0.0,0.0,0.0,0.0,0.0,0,0.0,0.0,0.0,0.0,0.8799999952316284,-0.8199999928474426,0.9200000166893005,-0.8700000047683716,-0.8799999952316284,0.8199999928474426,-0.9200000166893005,0.8700000047683716,-0.30799999833106995,0.2869999974966049,-0.32200000584125515,0.30450000166893004,0.0,0.0,0.0,0.0,-1,1,-1,1,0,0,0,0,0,0,0,0
1783308592.625568,0.0,0.0,0.0,0.0,0.0,0,0.0,0.0,0.0,0.0,0.8799999952316284,-0.8199999928474426,0.9200000166893005,-0.8700000047683716,-0.8799999952316284,0.8199999928474426,-0.9200000166893005,0.8700000047683716,-0.30799999833106995,0.2869999974966049,-0.32200000584125515,0.30450000166893004,0.0,0.0,0.0,0.0,-1,1,-1,1,0,0,0,0,0,0,0,0
1783308592.645579,0.0,0.0,0.0,0.0,0.0,0,0.0,0.0,0.0,0.0,0.8399999737739563,-0.800000011920929,1.100000023841858,-1.059999942779541,-0.8399999737739563,0.800000011920929,-1.100000023841858,1.059999942779541,-0.2939999908208847,0.2800000041723251,-0.38500000834465026,0.37099997997283934,0.0,0.0,0.0,0.0,-1,1,-1,1,0,0,0,0,0,0,0,0
1783308592.6655674,0.0,0.0,0.0,0.0,0.0,0,0.0,0.0,0.0,0.0,0.8399999737739563,-0.800000011920929,1.100000023841858,-1.059999942779541,-0.8399999737739563,0.800000011920929,-1.100000023841858,1.059999942779541,-0.2939999908208847,0.2800000041723251,-0.38500000834465026,0.37099997997283934,0.0,0.0,0.0,0.0,-1,1,-1,1,0,0,0,0,0,0,0,0
1783308592.685628,0.0,0.0,0.0,0.0,0.0,0,0.0,0.0,0.0,0.0,0.5899999737739563,-0.5600000023841858,0.5400000214576721,-0.7400000095367432,-0.5899999737739563,0.5600000023841858,-0.5400000214576721,0.7400000095367432,-0.2064999908208847,0.196000000834465,-0.18900000751018523,0.2590000033378601,0.0,0.0,0.0,0.0,-1,1,-1,1,0,0,0,0,0,0,0,0
1783308592.7055695,0.0,0.0,0.0,0.0,0.0,0,0.0,0.0,0.0,0.0,0.5899999737739563,-0.5600000023841858,0.5400000214576721,-0.7400000095367432,-0.5899999737739563,0.5600000023841858,-0.5400000214576721,0.7400000095367432,-0.2064999908208847,0.196000000834465,-0.18900000751018523,0.2590000033378601,0.0,0.0,0.0,0.0,-1,1,-1,1,0,0,0,0,0,0,0,0
1783308592.7255921,0.0,0.0,0.12,0.0,0.0,1,10.225092959257768,-10.225092959257768,10.225092959257768,-10.225092959257768,0.5899999737739563,-0.5600000023841858,0.5400000214576721,-0.7400000095367432,9.635092985483812,-9.665092956873583,9.685092937800096,-9.485092949721025,3.372282544919334,-3.3827825349057536,3.3897825282300333,-3.3197825324023587,0.08671583686935432,-0.08698583661186225,0.08716583644020087,-0.08536583654748923,-1,1,-1,1,-18,-18,-18,-18,-21,-21,-21,-21
1783308592.745626,0.0,0.0,0.12,0.0,0.0,1,10.225092959257768,-10.225092959257768,10.225092959257768,-10.225092959257768,0.4099999964237213,-0.38999998569488525,0.3799999952316284,-0.5199999809265137,9.815092962834047,-9.835092973562883,9.84509296402614,-9.705092978331255,3.435282536991916,-3.442282540747009,3.4457825374091486,-3.396782542415939,0.17505167353486073,-0.1755016733739282,0.17577167311643616,-0.17271167335247053,-1,1,-1,1,-18,-18,-18,-18,-22,-22,-22,-22
1783308592.765575,0.0,0.0,0.0,0.0,0.0,0,0.0,0.0,0.0,0.0,0.4099999964237213,-0.38999998569488525,0.3799999952316284,-0.5199999809265137,-0.4099999964237213,0.38999998569488525,-0.3799999952316284,0.5199999809265137,-0.14349999874830244,0.13649999499320983,-0.13299999833106993,0.18199999332427977,0.0,0.0,0.0,0.0,-1,1,-1,1,0,0,0,0,0,0,0,0
1783308592.7856493,0.0,0.0,0.0,0.0,0.0,0,0.0,0.0,0.0,0.0,0.7400000095367432,-0.5,0.7200000286102295,-0.8199999928474426,-0.7400000095367432,0.5,-0.7200000286102295,0.8199999928474426,-0.2590000033378601,0.175,-0.2520000100135803,0.2869999974966049,0.0,0.0,0.0,0.0,-1,1,-1,1,0,0,0,0,0,0,0,0
1783308592.8055727,0.0,0.0,0.0,0.0,0.0,0,0.0,0.0,0.0,0.0,0.7400000095367432,-0.5,0.7200000286102295,-0.8199999928474426,-0.7400000095367432,0.5,-0.7200000286102295,0.8199999928474426,-0.2590000033378601,0.175,-0.2520000100135803,0.2869999974966049,0.0,0.0,0.0,0.0,-1,1,-1,1,0,0,0,0,0,0,0,0
1783308592.8255663,0.0,0.0,0.0,0.0,0.0,0,0.0,0.0,0.0,0.0,0.7400000095367432,-0.5,0.7200000286102295,-0.8199999928474426,-0.7400000095367432,0.5,-0.7200000286102295,0.8199999928474426,-0.2590000033378601,0.175,-0.2520000100135803,0.2869999974966049,0.0,0.0,0.0,0.0,-1,1,-1,1,0,0,0,0,0,0,0,0
1783308592.8455782,0.0,0.0,0.0,0.0,0.0,0,0.0,0.0,0.0,0.0,0.75,-0.800000011920929,0.9599999785423279,-1.0299999713897705,-0.75,0.800000011920929,-0.9599999785423279,1.0299999713897705,-0.26249999999999996,0.2800000041723251,-0.3359999924898147,0.36049998998641963,0.0,0.0,0.0,0.0,-1,1,-1,1,0,0,0,0,0,0,0,0
1783308592.8655105,0.0,0.0,0.0,0.0,0.0,0,0.0,0.0,0.0,0.0,0.75,-0.800000011920929,0.9599999785423279,-1.0299999713897705,-0.75,0.800000011920929,-0.9599999785423279,1.0299999713897705,-0.26249999999999996,0.2800000041723251,-0.3359999924898147,0.36049998998641963,0.0,0.0,0.0,0.0,-1,1,-1,1,0,0,0,0,0,0,0,0
1783308592.8856096,0.0,0.0,0.12,0.0,0.0,1,10.225092959257768,-10.225092959257768,10.225092959257768,-10.225092959257768,0.5199999809265137,-0.5600000023841858,0.6700000166893005,-0.7200000286102295,9.705092978331255,-9.665092956873583,9.555092942568468,-9.505092930647539,3.396782542415939,-3.3827825349057536,3.3442825298989636,-3.3267825257266384,0.0873458368049813,-0.08698583661186225,0.08599583648311622,-0.08554583637582786,-1,1,-1,1,-18,-18,-18,-18,-21,-21,-21,-21
1783308592.905606,0.0,0.0,0.12,0.0,0.0,1,10.225092959257768,-10.225092959257768,10.225092959257768,-10.225092959257768,0.5199999809265137,-0.5600000023841858,0.6700000166893005,-0.7200000286102295,9.705092978331255,-9.665092956873583,9.555092942568468,-9.505092930647539,3.396782542415939,-3.3827825349057536,3.3442825298989636,-3.3267825257266384,0.1746916736099626,-0.1739716732237245,0.17199167296623244,-0.1710916727516557,-1,1,-1,1,-18,-18,-18,-18,-22,-22,-22,-21
1783308592.9255736,0.0,0.0,0.0,0.0,0.0,0,0.0,0.0,0.0,0.0,0.5199999809265137,-0.5600000023841858,0.6700000166893005,-0.7200000286102295,-0.5199999809265137,0.5600000023841858,-0.6700000166893005,0.7200000286102295,-0.18199999332427977,0.196000000834465,-0.23450000584125516,0.2520000100135803,0.0,0.0,0.0,0.0,-1,1,-1,1,0,0,0,0,0,0,0,0
1783308592.945603,0.0,0.0,0.0,0.0,0.0,0,0.0,0.0,0.0,0.0,0.5899999737739563,-0.6200000047683716,0.6899999976158142,-0.7300000190734863,-0.5899999737739563,0.6200000047683716,-0.6899999976158142,0.7300000190734863,-0.2064999908208847,0.21700000166893005,-0.24149999916553497,0.2555000066757202,0.0,0.0,0.0,0.0,-1,1,-1,1,0,0,0,0,0,0,0,0
1783308592.9655833,0.0,0.0,0.0,0.0,0.0,0,0.0,0.0,0.0,0.0,0.5899999737739563,-0.6200000047683716,0.6899999976158142,-0.7300000190734863,-0.5899999737739563,0.6200000047683716,-0.6899999976158142,0.7300000190734863,-0.2064999908208847,0.21700000166893005,-0.24149999916553497,0.2555000066757202,0.0,0.0,0.0,0.0,-1,1,-1,1,0,0,0,0,0,0,0,0
1783308592.9856472,0.0,0.0,0.0,0.0,0.0,0,0.0,0.0,0.0,0.0,0.8700000047683716,-1.1100000143051147,0.7099999785423279,-0.7400000095367432,-0.8700000047683716,1.1100000143051147,-0.7099999785423279,0.7400000095367432,-0.30450000166893004,0.38850000500679016,-0.24849999248981475,0.2590000033378601,0.0,0.0,0.0,0.0,-1,1,-1,1,0,0,0,0,0,0,0,0
1783308593.005568,0.0,0.0,0.0,0.0,0.0,0,0.0,0.0,0.0,0.0,0.8700000047683716,-1.1100000143051147,0.7099999785423279,-0.7400000095367432,-0.8700000047683716,1.1100000143051147,-0.7099999785423279,0.7400000095367432,-0.30450000166893004,0.38850000500679016,-0.24849999248981475,0.2590000033378601,0.0,0.0,0.0,0.0,-1,1,-1,1,0,0,0,0,0,0,0,0
1783308593.0255644,0.0,0.0,0.0,0.0,0.0,0,0.0,0.0,0.0,0.0,0.8700000047683716,-1.1100000143051147,0.7099999785423279,-0.7400000095367432,-0.8700000047683716,1.1100000143051147,-0.7099999785423279,0.7400000095367432,-0.30450000166893004,0.38850000500679016,-0.24849999248981475,0.2590000033378601,0.0,0.0,0.0,0.0,-1,1,-1,1,0,0,0,0,0,0,0,0
1783308593.0456023,0.0,0.0,0.12,0.0,0.0,1,10.225092959257768,-10.225092959257768,10.225092959257768,-10.225092959257768,0.6100000143051147,-0.550000011920929,0.5,-0.5199999809265137,9.615092944952654,-9.67509294733684,9.725092959257768,-9.705092978331255,3.3652825307334284,-3.3862825315678937,3.403782535740219,-3.396782542415939,0.08653583650457389,-0.08707583652603156,0.08752583663331992,-0.0873458368049813,-1,1,-1,1,-18,-18,-18,-18,-21,-21,-21,-21
1783308593.0655975,0.0,0.0,0.12,0.0,0.0,1,10.225092959257768,-10.225092959257768,10.225092959257768,-10.225092959257768,0.6100000143051147,-0.550000011920929,0.5,-0.5199999809265137,9.615092944952654,-9.67509294733684,9.725092959257768,-9.705092978331255,3.3652825307334284,-3.3862825315678937,3.403782535740219,-3.396782542415939,0.17307167300914778,-0.1741516730520631,0.17505167326663984,-0.1746916736099626,-1,1,-1,1,-18,-18,-18,-18,-22,-22,-22,-22
1783308593.0856338,0.0,0.0,0.0,0.0,0.0,0,0.0,0.0,0.0,0.0,0.41999998688697815,-0.6100000143051147,0.3499999940395355,-0.5899999737739563,-0.41999998688697815,0.6100000143051147,-0.3499999940395355,0.5899999737739563,-0.14699999541044234,0.21350000500679014,-0.12249999791383742,0.2064999908208847,0.0,0.0,0.0,0.0,-1,1,-1,1,0,0,0,0,0,0,0,0
1783308593.1055615,0.0,0.0,0.0,0.0,0.0,0,0.0,0.0,0.0,0.0,0.41999998688697815,-0.6100000143051147,0.3499999940395355,-0.5899999737739563,-0.41999998688697815,0.6100000143051147,-0.3499999940395355,0.5899999737739563,-0.14699999541044234,0.21350000500679014,-0.12249999791383742,0.2064999908208847,0.0,0.0,0.0,0.0,-1,1,-1,1,0,0,0,0,0,0,0,0
1783308593.1255605,0.0,0.0,0.0,0.0,0.0,0,0.0,0.0,0.0,0.0,0.41999998688697815,-0.6100000143051147,0.3499999940395355,-0.5899999737739563,-0.41999998688697815,0.6100000143051147,-0.3499999940395355,0.5899999737739563,-0.14699999541044234,0.21350000500679014,-0.12249999791383742,0.2064999908208847,0.0,0.0,0.0,0.0,-1,1,-1,1,0,0,0,0,0,0,0,0
1783308593.1455927,0.0,0.0,0.0,0.0,0.0,0,0.0,0.0,0.0,0.0,0.9800000190734863,-0.6600000262260437,1.149999976158142,-0.6399999856948853,-0.9800000190734863,0.6600000262260437,-1.149999976158142,0.6399999856948853,-0.34300000667572017,0.23100000917911528,-0.4024999916553497,0.22399999499320983,0.0,0.0,0.0,0.0,-1,1,-1,1,0,0,0,0,0,0,0,0
1783308593.1655698,0.0,0.0,0.0,0.0,0.0,0,0.0,0.0,0.0,0.0,0.9800000190734863,-0.6600000262260437,1.149999976158142,-0.6399999856948853,-0.9800000190734863,0.6600000262260437,-1.149999976158142,0.6399999856948853,-0.34300000667572017,0.23100000917911528,-0.4024999916553497,0.22399999499320983,0.0,0.0,0.0,0.0,-1,1,-1,1,0,0,0,0,0,0,0,0
1783308593.1856663,0.0,0.0,0.0,0.0,0.0,0,0.0,0.0,0.0,0.0,0.6800000071525574,-0.46000000834465027,0.8100000023841858,-0.44999998807907104,-0.6800000071525574,0.46000000834465027,-0.8100000023841858,0.44999998807907104,-0.23800000250339506,0.16100000292062758,-0.283500000834465,0.15749999582767485,0.0,0.0,0.0,0.0,-1,1,-1,1,0,0,0,0,0,0,0,0
1783308593.2055864,0.0,0.0,0.12,0.0,0.0,1,10.225092959257768,-10.225092959257768,10.225092959257768,-10.225092959257768,0.6800000071525574,-0.46000000834465027,0.8100000023841858,-0.44999998807907104,9.545092952105211,-9.765092950913118,9.415092956873583,-9.775092971178697,3.3407825332368235,-3.417782532819591,3.2952825349057537,-3.4212825399125437,0.0859058365689469,-0.08788583655821806,0.08473583661186225,-0.08797583674060828,-1,1,-1,1,-18,-18,-18,-18,-21,-22,-21,-22
1783308593.2255986,0.0,0.0,0.12,0.0,0.0,1,10.225092959257768,-10.225092959257768,10.225092959257768,-10.225092959257768,0.6800000071525574,-0.46000000834465027,0.8100000023841858,-0.44999998807907104,9.545092952105211,-9.765092950913118,9.415092956873583,-9.775092971178697,3.3407825332368235,-3.417782532819591,3.2952825349057537,-3.4212825399125437,0.1718116731378938,-0.17577167311643613,0.1694716732237245,-0.17595167348121657,-1,1,-1,1,-18,-18,-18,-18,-22,-22,-21,-22
1783308593.2455673,0.0,0.0,0.0,0.0,0.0,0,0.0,0.0,0.0,0.0,0.47999998927116394,-0.3199999928474426,0.5600000023841858,-0.3100000023841858,-0.47999998927116394,0.3199999928474426,-0.5600000023841858,0.3100000023841858,-0.16799999624490736,0.11199999749660491,-0.196000000834465,0.10850000083446502,0.0,0.0,0.0,0.0,-1,1,-1,1,0,0,0,0,0,0,0,0
1783308593.2655847,0.0,0.0,0.0,0.0,0.0,0,0.0,0.0,0.0,0.0,0.47999998927116394,-0.3199999928474426,0.5600000023841858,-0.3100000023841858,-0.47999998927116394,0.3199999928474426,-0.5600000023841858,0.3100000023841858,-0.16799999624490736,0.11199999749660491,-0.196000000834465,0.10850000083446502,0.0,0.0,0.0,0.0,-1,1,-1,1,0,0,0,0,0,0,0,0
1783308593.285665,0.0,0.0,0.0,0.0,0.0,0,0.0,0.0,0.0,0.0,0.7900000214576721,-0.6800000071525574,0.8500000238418579,-0.44999998807907104,-0.7900000214576721,0.6800000071525574,-0.8500000238418579,0.44999998807907104,-0.2765000075101852,0.23800000250339506,-0.29750000834465024,0.15749999582767485,0.0,0.0,0.0,0.0,-1,1,-1,1,0,0,0,0,0,0,0,0
1783308593.3055732,0.0,0.0,0.0,0.0,0.0,0,0.0,0.0,0.0,0.0,0.7900000214576721,-0.6800000071525574,0.8500000238418579,-0.44999998807907104,-0.7900000214576721,0.6800000071525574,-0.8500000238418579,0.44999998807907104,-0.2765000075101852,0.23800000250339506,-0.29750000834465024,0.15749999582767485,0.0,0.0,0.0,0.0,-1,1,-1,1,0,0,0,0,0,0,0,0
1783308593.3255599,0.0,0.0,0.0,0.0,0.0,0,0.0,0.0,0.0,0.0,0.7900000214576721,-0.6800000071525574,0.8500000238418579,-0.44999998807907104,-0.7900000214576721,0.6800000071525574,-0.8500000238418579,0.44999998807907104,-0.2765000075101852,0.23800000250339506,-0.29750000834465024,0.15749999582767485,0.0,0.0,0.0,0.0,-1,1,-1,1,0,0,0,0,0,0,0,0
1783308593.3456056,0.0,0.0,0.0,0.0,0.0,0,0.0,0.0,0.0,0.0,0.550000011920929,-0.4699999988079071,0.5899999737739563,-0.3100000023841858,-0.550000011920929,0.4699999988079071,-0.5899999737739563,0.3100000023841858,-0.19250000417232513,0.16449999958276748,-0.2064999908208847,0.10850000083446502,0.0,0.0,0.0,0.0,-1,1,-1,1,0,0,0,0,0,0,0,0
1783308593.3656092,0.0,0.0,0.12,0.0,0.0,1,10.225092959257768,-10.225092959257768,10.225092959257768,-10.225092959257768,0.550000011920929,-0.4699999988079071,0.5899999737739563,-0.3100000023841858,9.67509294733684,-9.755092960449861,9.635092985483812,-9.915092956873583,3.3862825315678937,-3.4142825361574514,3.372282544919334,-3.4702825349057536,0.08707583652603156,-0.08779583664404875,0.08671583686935432,-0.08923583661186225,-1,1,-1,1,-18,-18,-18,-18,-21,-22,-21,-22
1783308593.385653,0.0,0.0,0.12,0.0,0.0,1,10.225092959257768,-10.225092959257768,10.225092959257768,-10.225092959257768,0.38999998569488525,-0.33000001311302185,0.41999998688697815,-0.2199999988079071,9.835092973562883,-9.895092946144747,9.80509297237079,-10.005092960449861,3.442282540747009,-3.463282531150661,3.4317825403297766,-3.5017825361574513,0.1755916732880975,-0.17685167315935146,0.17496167362069143,-0.17928167325591102,-1,1,-1,1,-18,-18,-18,-18,-22,-22,-22,-22
1783308593.4055748,0.0,0.0,0.0,0.0,0.0,0,0.0,0.0,0.0,0.0,0.38999998569488525,-0.33000001311302185,0.41999998688697815,-0.2199999988079071,-0.38999998569488525,0.33000001311302185,-0.41999998688697815,0.2199999988079071,-0.13649999499320983,0.11550000458955764,-0.14699999541044234,0.07699999958276749,0.0,0.0,0.0,0.0,-1,1,-1,1,0,0,0,0,0,0,0,0
1783308593.4255688,0.0,0.0,0.0,0.0,0.0,0,0.0,0.0,0.0,0.0,0.38999998569488525,-0.33000001311302185,0.41999998688697815,-0.2199999988079071,-0.38999998569488525,0.33000001311302185,-0.41999998688697815,0.2199999988079071,-0.13649999499320983,0.11550000458955764,-0.14699999541044234,0.07699999958276749,0.0,0.0,0.0,0.0,-1,1,-1,1,0,0,0,0,0,0,0,0
1783308593.4455886,0.0,0.0,0.0,0.0,0.0,0,0.0,0.0,0.0,0.0,0.7200000286102295,-0.6899999976158142,0.7400000095367432,-0.8299999833106995,-0.7200000286102295,0.6899999976158142,-0.7400000095367432,0.8299999833106995,-0.2520000100135803,0.24149999916553497,-0.2590000033378601,0.2904999941587448,0.0,0.0,0.0,0.0,-1,1,-1,1,0,0,0,0,0,0,0,0
1783308593.4655764,0.0,0.0,0.0,0.0,0.0,0,0.0,0.0,0.0,0.0,0.7200000286102295,-0.6899999976158142,0.7400000095367432,-0.8299999833106995,-0.7200000286102295,0.6899999976158142,-0.7400000095367432,0.8299999833106995,-0.2520000100135803,0.24149999916553497,-0.2590000033378601,0.2904999941587448,0.0,0.0,0.0,0.0,-1,1,-1,1,0,0,0,0,0,0,0,0
1783308593.4856136,0.0,0.0,0.0,0.0,0.0,0,0.0,0.0,0.0,0.0,0.7300000190734863,-0.25,0.5199999809265137,-0.5799999833106995,-0.7300000190734863,0.25,-0.5199999809265137,0.5799999833106995,-0.2555000066757202,0.0875,-0.18199999332427977,0.2029999941587448,0.0,0.0,0.0,0.0,-1,1,-1,1,0,0,0,0,0,0,0,0
1783308593.5055811,0.0,0.0,0.0,0.0,0.0,0,0.0,0.0,0.0,0.0,0.7300000190734863,-0.25,0.5199999809265137,-0.5799999833106995,-0.7300000190734863,0.25,-0.5199999809265137,0.5799999833106995,-0.2555000066757202,0.0875,-0.18199999332427977,0.2029999941587448,0.0,0.0,0.0,0.0,-1,1,-1,1,0,0,0,0,0,0,0,0
1783308593.5255961,0.0,0.0,0.12,0.0,0.0,1,10.225092959257768,-10.225092959257768,10.225092959257768,-10.225092959257768,0.7300000190734863,-0.25,0.5199999809265137,-0.5799999833106995,9.495092940184282,-9.975092959257768,9.705092978331255,-9.645092975947069,3.3232825290644987,-3.491282535740219,3.396782542415939,-3.375782541581474,0.08545583646165854,-0.08977583663331991,0.0873458368049813,-0.08680583678352363,-1,1,-1,1,-18,-18,-18,-18,-21,-22,-21,-21
1783308593.5456269,0.0,0.0,0.12,0.0,0.0,1,10.225092959257768,-10.225092959257768,10.225092959257768,-10.225092959257768,0.5099999904632568,-0.18000000715255737,0.36000001430511475,-0.4099999964237213,9.715092968794512,-10.045092952105211,9.865092944952654,-9.815092962834047,3.400282539078079,-3.5157825332368238,3.452782530733429,-3.435282536991916,0.17289167318080917,-0.1801816732022668,0.1761316733095552,-0.17514167344903006,-1,1,-1,1,-18,-18,-18,-18,-22,-22,-22,-22
1783308593.5655754,0.0,0.0,0.0,0.0,0.0,0,0.0,0.0,0.0,0.0,0.5099999904632568,-0.18000000715255737,0.36000001430511475,-0.4099999964237213,-0.5099999904632568,0.18000000715255737,-0.36000001430511475,0.4099999964237213,-0.1784999966621399,0.06300000250339508,-0.12600000500679015,0.14349999874830244,0.0,0.0,0.0,0.0,-1,1,-1,1,0,0,0,0,0,0,0,0
1783308593.5856347,0.0,0.0,0.0,0.0,0.0,0,0.0,0.0,0.0,0.0,0.5899999737739563,-0.5799999833106995,0.7099999785423279,-0.5099999904632568,-0.5899999737739563,0.5799999833106995,-0.7099999785423279,0.5099999904632568,-0.2064999908208847,0.2029999941587448,-0.24849999248981475,0.1784999966621399,0.0,0.0,0.0,0.0,-1,1,-1,1,0,0,0,0,0,0,0,0
1783308593.6055844,0.0,0.0,0.0,0.0,0.0,0,0.0,0.0,0.0,0.0,0.5899999737739563,-0.5799999833106995,0.7099999785423279,-0.5099999904632568,-0.5899999737739563,0.5799999833106995,-0.7099999785423279,0.5099999904632568,-0.2064999908208847,0.2029999941587448,-0.24849999248981475,0.1784999966621399,0.0,0.0,0.0,0.0,-1,1,-1,1,0,0,0,0,0,0,0,0
1783308593.6255732,0.0,0.0,0.0,0.0,0.0,0,0.0,0.0,0.0,0.0,0.5899999737739563,-0.5799999833106995,0.7099999785423279,-0.5099999904632568,-0.5899999737739563,0.5799999833106995,-0.7099999785423279,0.5099999904632568,-0.2064999908208847,0.2029999941587448,-0.24849999248981475,0.1784999966621399,0.0,0.0,0.0,0.0,-1,1,-1,1,0,0,0,0,0,0,0,0
1783308593.645586,0.0,0.0,0.0,0.0,0.0,0,0.0,0.0,0.0,0.0,0.6399999856948853,-0.6299999952316284,0.7200000286102295,-0.36000001430511475,-0.6399999856948853,0.6299999952316284,-0.7200000286102295,0.36000001430511475,-0.22399999499320983,0.22049999833106992,-0.2520000100135803,0.12600000500679015,0.0,0.0,0.0,0.0,-1,1,-1,1,0,0,0,0,0,0,0,0
1783308593.6655738,0.0,0.0,0.0,0.0,0.0,0,0.0,0.0,0.0,0.0,0.6399999856948853,-0.6299999952316284,0.7200000286102295,-0.36000001430511475,-0.6399999856948853,0.6299999952316284,-0.7200000286102295,0.36000001430511475,-0.22399999499320983,0.22049999833106992,-0.2520000100135803,0.12600000500679015,0.0,0.0,0.0,0.0,-1,1,-1,1,0,0,0,0,0,0,0,0
1783308593.685675,0.0,0.0,0.12,0.0,0.0,1,10.225092959257768,-10.225092959257768,10.225092959257768,-10.225092959257768,0.44999998807907104,-0.4399999976158142,0.5099999904632568,-0.25,9.775092971178697,-9.785092961641954,9.715092968794512,-9.975092959257768,3.4212825399125437,-3.424782536574684,3.400282539078079,-3.491282535740219,0.08797583674060828,-0.0880658366547776,0.08743583671915062,-0.08977583663331991,-1,1,-1,1,-18,-18,-18,-18,-22,-22,-21,-22
1783308593.7056034,0.0,0.0,0.12,0.0,0.0,1,10.225092959257768,-10.225092959257768,10.225092959257768,-10.225092959257768,0.44999998807907104,-0.4399999976158142,0.5099999904632568,-0.25,9.775092971178697,-9.785092961641954,9.715092968794512,-9.975092959257768,3.4212825399125437,-3.424782536574684,3.400282539078079,-3.491282535740219,0.17595167348121657,-0.1761316733095552,0.17487167343830123,-0.17955167326663982,-1,1,-1,1,-18,-18,-18,-18,-22,-22,-22,-22
1783308593.7255697,0.0,0.0,0.0,0.0,0.0,0,0.0,0.0,0.0,0.0,0.44999998807907104,-0.4399999976158142,0.5099999904632568,-0.25,-0.44999998807907104,0.4399999976158142,-0.5099999904632568,0.25,-0.15749999582767485,0.15399999916553497,-0.1784999966621399,0.0875,0.0,0.0,0.0,0.0,-1,1,-1,1,0,0,0,0,0,0,0,0
1783308593.7455962,0.0,0.0,0.0,0.0,0.0,0,0.0,0.0,0.0,0.0,0.5400000214576721,-0.5400000214576721,0.3499999940395355,-0.18000000715255737,-0.5400000214576721,0.5400000214576721,-0.3499999940395355,0.18000000715255737,-0.18900000751018523,0.18900000751018523,-0.12249999791383742,0.06300000250339508,0.0,0.0,0.0,0.0,-1,1,-1,1,0,0,0,0,0,0,0,0
1783308593.7655916,0.0,0.0,0.0,0.0,0.0,0,0.0,0.0,0.0,0.0,0.5400000214576721,-0.5400000214576721,0.3499999940395355,-0.18000000715255737,-0.5400000214576721,0.5400000214576721,-0.3499999940395355,0.18000000715255737,-0.18900000751018523,0.18900000751018523,-0.12249999791383742,0.06300000250339508,0.0,0.0,0.0,0.0,-1,1,-1,1,0,0,0,0,0,0,0,0
1783308593.7856553,0.0,0.0,0.0,0.0,0.0,0,0.0,0.0,0.0,0.0,1.059999942779541,-0.6000000238418579,0.699999988079071,-0.3499999940395355,-1.059999942779541,0.6000000238418579,-0.699999988079071,0.3499999940395355,-0.37099997997283934,0.21000000834465027,-0.24499999582767484,0.12249999791383742,0.0,0.0,0.0,0.0,-1,1,-1,1,0,0,0,0,0,0,0,0
1783308593.8055847,0.0,0.0,0.0,0.0,0.0,0,0.0,0.0,0.0,0.0,1.059999942779541,-0.6000000238418579,0.699999988079071,-0.3499999940395355,-1.059999942779541,0.6000000238418579,-0.699999988079071,0.3499999940395355,-0.37099997997283934,0.21000000834465027,-0.24499999582767484,0.12249999791383742,0.0,0.0,0.0,0.0,-1,1,-1,1,0,0,0,0,0,0,0,0
1783308593.8255746,0.0,0.0,0.0,0.0,0.0,0,0.0,0.0,0.0,0.0,1.059999942779541,-0.6000000238418579,0.699999988079071,-0.3499999940395355,-1.059999942779541,0.6000000238418579,-0.699999988079071,0.3499999940395355,-0.37099997997283934,0.21000000834465027,-0.24499999582767484,0.12249999791383742,0.0,0.0,0.0,0.0,-1,1,-1,1,0,0,0,0,0,0,0,0
1783308593.8456135,0.0,0.0,0.12,0.0,0.0,1,10.225092959257768,-10.225092959257768,10.225092959257768,-10.225092959257768,0.7400000095367432,-0.41999998688697815,0.49000000953674316,-0.23999999463558197,9.485092949721025,-9.80509297237079,9.735092949721025,-9.985092964622186,3.3197825324023587,-3.4317825403297766,3.4072825324023586,-3.4947825376177653,0.08536583654748923,-0.08824583675133711,0.08761583654748924,-0.08986583668159968,-1,1,-1,1,-18,-18,-18,-18,-21,-22,-21,-22
1783308593.8656044,0.0,0.0,0.12,0.0,0.0,1,10.225092959257768,-10.225092959257768,10.225092959257768,-10.225092959257768,0.7400000095367432,-0.41999998688697815,0.49000000953674316,-0.23999999463558197,9.485092949721025,-9.80509297237079,9.735092949721025,-9.985092964622186,3.3197825324023587,-3.4317825403297766,3.4072825324023586,-3.4947825376177653,0.17073167309497847,-0.17649167350267422,0.17523167309497847,-0.17973167336319937,-1,1,-1,1,-18,-18,-18,-18,-21,-22,-22,-22
1783308593.8856337,0.0,0.0,0.0,0.0,0.0,0,0.0,0.0,0.0,0.0,0.5199999809265137,-0.28999999165534973,0.3400000035762787,-0.4000000059604645,-0.5199999809265137,0.28999999165534973,-0.3400000035762787,0.4000000059604645,-0.18199999332427977,0.1014999970793724,-0.11900000125169753,0.14000000208616256,0.0,0.0,0.0,0.0,-1,1,-1,1,0,0,0,0,0,0,0,0
1783308593.9055812,0.0,0.0,0.0,0.0,0.0,0,0.0,0.0,0.0,0.0,0.5199999809265137,-0.28999999165534973,0.3400000035762787,-0.4000000059604645,-0.5199999809265137,0.28999999165534973,-0.3400000035762787,0.4000000059604645,-0.18199999332427977,0.1014999970793724,-0.11900000125169753,0.14000000208616256,0.0,0.0,0.0,0.0,-1,1,-1,1,0,0,0,0,0,0,0,0
1783308593.9255745,0.0,0.0,0.0,0.0,0.0,0,0.0,0.0,0.0,0.0,0.5199999809265137,-0.28999999165534973,0.3400000035762787,-0.4000000059604645,-0.5199999809265137,0.28999999165534973,-0.3400000035762787,0.4000000059604645,-0.18199999332427977,0.1014999970793724,-0.11900000125169753,0.14000000208616256,0.0,0.0,0.0,0.0,-1,1,-1,1,0,0,0,0,0,0,0,0
1783308593.9455912,0.0,0.0,0.0,0.0,0.0,0,0.0,0.0,0.0,0.0,1.0399999618530273,-0.8899999856948853,0.9200000166893005,-0.5,-1.0399999618530273,0.8899999856948853,-0.9200000166893005,0.5,-0.36399998664855954,0.3114999949932098,-0.32200000584125515,0.175,0.0,0.0,0.0,0.0,-1,1,-1,1,0,0,0,0,0,0,0,0
1783308593.965594,0.0,0.0,0.0,0.0,0.0,0,0.0,0.0,0.0,0.0,1.0399999618530273,-0.8899999856948853,0.9200000166893005,-0.5,-1.0399999618530273,0.8899999856948853,-0.9200000166893005,0.5,-0.36399998664855954,0.3114999949932098,-0.32200000584125515,0.175,0.0,0.0,0.0,0.0,-1,1,-1,1,0,0,0,0,0,0,0,0
1783308593.985634,0.0,0.0,0.0,0.0,0.0,0,0.0,0.0,0.0,0.0,0.7300000190734863,-0.6200000047683716,0.6399999856948853,-0.3499999940395355,-0.7300000190734863,0.6200000047683716,-0.6399999856948853,0.3499999940395355,-0.2555000066757202,0.21700000166893005,-0.22399999499320983,0.12249999791383742,0.0,0.0,0.0,0.0,-1,1,-1,1,0,0,0,0,0,0,0,0
1783308594.0055869,0.0,0.0,0.12,0.0,0.0,1,10.225092959257768,-10.225092959257768,10.225092959257768,-10.225092959257768,0.7300000190734863,-0.6200000047683716,0.6399999856948853,-0.3499999940395355,9.495092940184282,-9.605092954489397,9.585092973562883,-9.875092965218233,3.3232825290644987,-3.361782534071289,3.354782540747009,-3.4562825378263815,0.08545583646165854,-0.08644583659040457,0.08626583676206595,-0.0888758366869641,-1,1,-1,1,-18,-18,-18,-18,-21,-21,-21,-22
1783308594.0255783,0.0,0.0,0.12,0.0,0.0,1,10.225092959257768,-10.225092959257768,10.225092959257768,-10.225092959257768,0.7300000190734863,-0.6200000047683716,0.6399999856948853,-0.3499999940395355,9.495092940184282,-9.605092954489397,9.585092973562883,-9.875092965218233,3.3232825290644987,-3.361782534071289,3.354782540747009,-3.4562825378263815,0.17091167292331708,-0.17289167318080914,0.1725316735241319,-0.1777516733739282,-1,1,-1,1,-18,-18,-18,-18,-21,-22,-22,-22
1783308594.045565,0.0,0.0,0.0,0.0,0.0,0,0.0,0.0,0.0,0.0,0.5099999904632568,-0.4300000071525574,0.44999998807907104,-0.25,-0.5099999904632568,0.4300000071525574,-0.44999998807907104,0.25,-0.1784999966621399,0.15050000250339507,-0.15749999582767485,0.0875,0.0,0.0,0.0,0.0,-1,1,-1,1,0,0,0,0,0,0,0,0
1783308594.0655556,0.0,0.0,0.0,0.0,0.0,0,0.0,0.0,0.0,0.0,0.5099999904632568,-0.4300000071525574,0.44999998807907104,-0.25,-0.5099999904632568,0.4300000071525574,-0.44999998807907104,0.25,-0.1784999966621399,0.15050000250339507,-0.15749999582767485,0.0875,0.0,0.0,0.0,0.0,-1,1,-1,1,0,0,0,0,0,0,0,0
1783308594.0856264,0.0,0.0,0.0,0.0,0.0,0,0.0,0.0,0.0,0.0,0.8100000023841858,-0.5299999713897705,0.7699999809265137,-0.8500000238418579,-0.8100000023841858,0.5299999713897705,-0.7699999809265137,0.8500000238418579,-0.283500000834465,0.18549998998641967,-0.26949999332427976,0.29750000834465024,0.0,0.0,0.0,0.0,-1,1,-1,1,0,0,0,0,0,0,0,0
1783308594.1055605,0.0,0.0,0.0,0.0,0.0,0,0.0,0.0,0.0,0.0,0.8100000023841858,-0.5299999713897705,0.7699999809265137,-0.8500000238418579,-0.8100000023841858,0.5299999713897705,-0.7699999809265137,0.8500000238418579,-0.283500000834465,0.18549998998641967,-0.26949999332427976,0.29750000834465024,0.0,0.0,0.0,0.0,-1,1,-1,1,0,0,0,0,0,0,0,0
1783308594.1255538,0.0,0.0,0.0,0.0,0.0,0,0.0,0.0,0.0,0.0,0.8100000023841858,-0.5299999713897705,0.7699999809265137,-0.8500000238418579,-0.8100000023841858,0.5299999713897705,-0.7699999809265137,0.8500000238418579,-0.283500000834465,0.18549998998641967,-0.26949999332427976,0.29750000834465024,0.0,0.0,0.0,0.0,-1,1,-1,1,0,0,0,0,0,0,0,0
1783308594.1455677,0.0,0.0,0.0,0.0,0.0,0,0.0,0.0,0.0,0.0,0.5699999928474426,-0.3700000047683716,0.5400000214576721,-0.6000000238418579,-0.5699999928474426,0.3700000047683716,-0.5400000214576721,0.6000000238418579,-0.1994999974966049,0.12950000166893005,-0.18900000751018523,0.21000000834465027,0.0,0.0,0.0,0.0,-1,1,-1,1,0,0,0,0,0,0,0,0
1783308594.1655827,0.0,0.0,0.12,0.0,0.0,1,10.225092959257768,-10.225092959257768,10.225092959257768,-10.225092959257768,0.5699999928474426,-0.3700000047683716,0.5400000214576721,-0.6000000238418579,9.655092966410326,-9.855092954489397,9.685092937800096,-9.62509293541591,3.379282538243614,-3.4492825340712887,3.3897825282300333,-3.3687825273955685,0.08689583669769294,-0.08869583659040459,0.08716583644020087,-0.0866258364187432,-1,1,-1,1,-18,-18,-18,-18,-21,-22,-21,-21
1783308594.1856608,0.0,0.0,0.12,0.0,0.0,1,10.225092959257768,-10.225092959257768,10.225092959257768,-10.225092959257768,0.4000000059604645,-0.25999999046325684,0.3799999952316284,-0.41999998688697815,9.825092953297304,-9.965092968794512,9.84509296402614,-9.80509297237079,3.4387825336540563,-3.487782539078079,3.4457825374091486,-3.4317825403297766,0.17532167327736867,-0.1783816733095552,0.17577167311643616,-0.17487167317008032,-1,1,-1,1,-18,-18,-18,-18,-22,-22,-22,-22
1783308594.2055585,0.0,0.0,0.0,0.0,0.0,0,0.0,0.0,0.0,0.0,0.4000000059604645,-0.25999999046325684,0.3799999952316284,-0.41999998688697815,-0.4000000059604645,0.25999999046325684,-0.3799999952316284,0.41999998688697815,-0.14000000208616256,0.09099999666213988,-0.13299999833106993,0.14699999541044234,0.0,0.0,0.0,0.0,-1,1,-1,1,0,0,0,0,0,0,0,0
1783308594.225557,0.0,0.0,0.0,0.0,0.0,0,0.0,0.0,0.0,0.0,0.4000000059604645,-0.25999999046325684,0.3799999952316284,-0.41999998688697815,-0.4000000059604645,0.25999999046325684,-0.3799999952316284,0.41999998688697815,-0.14000000208616256,0.09099999666213988,-0.13299999833106993,0.14699999541044234,0.0,0.0,0.0,0.0,-1,1,-1,1,0,0,0,0,0,0,0,0
1783308594.2455695,0.0,0.0,0.0,0.0,0.0,0,0.0,0.0,0.0,0.0,0.7300000190734863,-0.6299999952316284,0.7200000286102295,-0.5199999809265137,-0.7300000190734863,0.6299999952316284,-0.7200000286102295,0.5199999809265137,-0.2555000066757202,0.22049999833106992,-0.2520000100135803,0.18199999332427977,0.0,0.0,0.0,0.0,-1,1,-1,1,0,0,0,0,0,0,0,0
1783308594.2655704,0.0,0.0,0.0,0.0,0.0,0,0.0,0.0,0.0,0.0,0.7300000190734863,-0.6299999952316284,0.7200000286102295,-0.5199999809265137,-0.7300000190734863,0.6299999952316284,-0.7200000286102295,0.5199999809265137,-0.2555000066757202,0.22049999833106992,-0.2520000100135803,0.18199999332427977,0.0,0.0,0.0,0.0,-1,1,-1,1,0,0,0,0,0,0,0,0
1783308594.2856388,0.0,0.0,0.0,0.0,0.0,0,0.0,0.0,0.0,0.0,0.5099999904632568,-0.4399999976158142,0.7300000190734863,-0.36000001430511475,-0.5099999904632568,0.4399999976158142,-0.7300000190734863,0.36000001430511475,-0.1784999966621399,0.15399999916553497,-0.2555000066757202,0.12600000500679015,0.0,0.0,0.0,0.0,-1,1,-1,1,0,0,0,0,0,0,0,0
1783308594.305568,0.0,0.0,0.0,0.0,0.0,0,0.0,0.0,0.0,0.0,0.5099999904632568,-0.4399999976158142,0.7300000190734863,-0.36000001430511475,-0.5099999904632568,0.4399999976158142,-0.7300000190734863,0.36000001430511475,-0.1784999966621399,0.15399999916553497,-0.2555000066757202,0.12600000500679015,0.0,0.0,0.0,0.0,-1,1,-1,1,0,0,0,0,0,0,0,0
1783308594.325586,0.0,0.0,0.12,0.0,0.0,1,10.225092959257768,-10.225092959257768,10.225092959257768,-10.225092959257768,0.5099999904632568,-0.4399999976158142,0.7300000190734863,-0.36000001430511475,9.715092968794512,-9.785092961641954,9.495092940184282,-9.865092944952654,3.400282539078079,-3.424782536574684,3.3232825290644987,-3.452782530733429,0.08743583671915062,-0.0880658366547776,0.08545583646165854,-0.08878583650457389,-1,1,-1,1,-18,-18,-18,-18,-21,-22,-21,-22
1783308594.3456066,0.0,0.0,0.12,0.0,0.0,1,10.225092959257768,-10.225092959257768,10.225092959257768,-10.225092959257768,0.36000001430511475,-0.3100000023841858,0.5099999904632568,-0.25,9.865092944952654,-9.915092956873583,9.715092968794512,-9.975092959257768,3.452782530733429,-3.4702825349057536,3.400282539078079,-3.491282535740219,0.1762216732237245,-0.17730167326663987,0.17289167318080917,-0.17856167313789378,-1,1,-1,1,-18,-18,-18,-18,-22,-22,-22,-22
1783308594.365589,0.0,0.0,0.0,0.0,0.0,0,0.0,0.0,0.0,0.0,0.36000001430511475,-0.3100000023841858,0.5099999904632568,-0.25,-0.36000001430511475,0.3100000023841858,-0.5099999904632568,0.25,-0.12600000500679015,0.10850000083446502,-0.1784999966621399,0.0875,0.0,0.0,0.0,0.0,-1,1,-1,1,0,0,0,0,0,0,0,0
1783308594.3856475,0.0,0.0,0.0,0.0,0.0,0,0.0,0.0,0.0,0.0,0.699999988079071,-0.4399999976158142,0.5799999833106995,-0.4000000059604645,-0.699999988079071,0.4399999976158142,-0.5799999833106995,0.4000000059604645,-0.24499999582767484,0.15399999916553497,-0.2029999941587448,0.14000000208616256,0.0,0.0,0.0,0.0,-1,1,-1,1,0,0,0,0,0,0,0,0
1783308594.4055815,0.0,0.0,0.0,0.0,0.0,0,0.0,0.0,0.0,0.0,0.699999988079071,-0.4399999976158142,0.5799999833106995,-0.4000000059604645,-0.699999988079071,0.4399999976158142,-0.5799999833106995,0.4000000059604645,-0.24499999582767484,0.15399999916553497,-0.2029999941587448,0.14000000208616256,0.0,0.0,0.0,0.0,-1,1,-1,1,0,0,0,0,0,0,0,0
1783308594.4255726,0.0,0.0,0.0,0.0,0.0,0,0.0,0.0,0.0,0.0,0.699999988079071,-0.4399999976158142,0.5799999833106995,-0.4000000059604645,-0.699999988079071,0.4399999976158142,-0.5799999833106995,0.4000000059604645,-0.24499999582767484,0.15399999916553497,-0.2029999941587448,0.14000000208616256,0.0,0.0,0.0,0.0,-1,1,-1,1,0,0,0,0,0,0,0,0
1783308594.4456065,0.0,0.0,0.0,0.0,0.0,0,0.0,0.0,0.0,0.0,1.1699999570846558,-0.5400000214576721,0.6299999952316284,-0.5099999904632568,-1.1699999570846558,0.5400000214576721,-0.6299999952316284,0.5099999904632568,-0.40949998497962947,0.18900000751018523,-0.22049999833106992,0.1784999966621399,0.0,0.0,0.0,0.0,-1,1,-1,1,0,0,0,0,0,0,0,0
1783308594.465565,0.0,0.0,0.0,0.0,0.0,0,0.0,0.0,0.0,0.0,1.1699999570846558,-0.5400000214576721,0.6299999952316284,-0.5099999904632568,-1.1699999570846558,0.5400000214576721,-0.6299999952316284,0.5099999904632568,-0.40949998497962947,0.18900000751018523,-0.22049999833106992,0.1784999966621399,0.0,0.0,0.0,0.0,-1,1,-1,1,0,0,0,0,0,0,0,0
1783308594.4856973,0.0,0.0,0.12,0.0,0.0,1,10.225092959257768,-10.225092959257768,10.225092959257768,-10.225092959257768,0.8199999928474426,-0.3799999952316284,0.4399999976158142,-0.36000001430511475,9.405092966410326,-9.84509296402614,9.785092961641954,-9.865092944952654,3.2917825382436137,-3.4457825374091486,3.424782536574684,-3.452782530733429,0.08464583669769293,-0.08860583667623527,0.0880658366547776,-0.08878583650457389,-1,1,-1,1,-18,-18,-18,-18,-21,-22,-22,-22
1783308594.5056021,0.0,0.0,0.12,0.0,0.0,1,10.225092959257768,-10.225092959257768,10.225092959257768,-10.225092959257768,0.8199999928474426,-0.3799999952316284,0.4399999976158142,-0.36000001430511475,9.405092966410326,-9.84509296402614,9.785092961641954,-9.865092944952654,3.2917825382436137,-3.4457825374091486,3.424782536574684,-3.452782530733429,0.16929167339538587,-0.17721167335247054,0.1761316733095552,-0.17757167300914778,-1,1,-1,1,-18,-18,-18,-18,-21,-22,-22,-22
1783308594.5255728,0.0,0.0,0.0,0.0,0.0,0,0.0,0.0,0.0,0.0,0.8199999928474426,-0.3799999952316284,0.4399999976158142,-0.36000001430511475,-0.8199999928474426,0.3799999952316284,-0.4399999976158142,0.36000001430511475,-0.2869999974966049,0.13299999833106993,-0.15399999916553497,0.12600000500679015,0.0,0.0,0.0,0.0,-1,1,-1,1,0,0,0,0,0,0,0,0
1783308594.5455933,0.0,0.0,0.0,0.0,0.0,0,0.0,0.0,0.0,0.0,0.800000011920929,-0.49000000953674316,0.7599999904632568,-0.47999998927116394,-0.800000011920929,0.49000000953674316,-0.7599999904632568,0.47999998927116394,-0.2800000041723251,0.17150000333786009,-0.26599999666213986,0.16799999624490736,0.0,0.0,0.0,0.0,-1,1,-1,1,0,0,0,0,0,0,0,0
1783308594.5655859,0.0,0.0,0.0,0.0,0.0,0,0.0,0.0,0.0,0.0,0.800000011920929,-0.49000000953674316,0.7599999904632568,-0.47999998927116394,-0.800000011920929,0.49000000953674316,-0.7599999904632568,0.47999998927116394,-0.2800000041723251,0.17150000333786009,-0.26599999666213986,0.16799999624490736,0.0,0.0,0.0,0.0,-1,1,-1,1,0,0,0,0,0,0,0,0
1783308594.585642,0.0,0.0,0.0,0.0,0.0,0,0.0,0.0,0.0,0.0,1.0099999904632568,-0.5699999928474426,0.9900000095367432,-0.5600000023841858,-1.0099999904632568,0.5699999928474426,-0.9900000095367432,0.5600000023841858,-0.3534999966621399,0.1994999974966049,-0.3465000033378601,0.196000000834465,0.0,0.0,0.0,0.0,-1,1,-1,1,0,0,0,0,0,0,0,0
1783308594.6055737,0.0,0.0,0.0,0.0,0.0,0,0.0,0.0,0.0,0.0,1.0099999904632568,-0.5699999928474426,0.9900000095367432,-0.5600000023841858,-1.0099999904632568,0.5699999928474426,-0.9900000095367432,0.5600000023841858,-0.3534999966621399,0.1994999974966049,-0.3465000033378601,0.196000000834465,0.0,0.0,0.0,0.0,-1,1,-1,1,0,0,0,0,0,0,0,0
1783308594.6255782,0.0,0.0,0.0,0.0,0.0,0,0.0,0.0,0.0,0.0,1.0099999904632568,-0.5699999928474426,0.9900000095367432,-0.5600000023841858,-1.0099999904632568,0.5699999928474426,-0.9900000095367432,0.5600000023841858,-0.3534999966621399,0.1994999974966049,-0.3465000033378601,0.196000000834465,0.0,0.0,0.0,0.0,-1,1,-1,1,0,0,0,0,0,0,0,0
1783308594.64561,0.0,0.0,0.12,0.0,0.0,1,10.225092959257768,-10.225092959257768,10.225092959257768,-10.225092959257768,0.47999998927116394,-0.4000000059604645,0.6899999976158142,-0.38999998569488525,9.745092969986604,-9.825092953297304,9.535092961641954,-9.835092973562883,3.4107825394953113,-3.4387825336540563,3.337282536574684,-3.442282540747009,0.08770583672987944,-0.08842583657967573,0.08581583665477759,-0.08851583676206595,-1,1,-1,1,-18,-18,-18,-18,-21,-22,-21,-22
1783308594.665605,0.0,0.0,0.12,0.0,0.0,1,10.225092959257768,-10.225092959257768,10.225092959257768,-10.225092959257768,0.47999998927116394,-0.4000000059604645,0.6899999976158142,-0.38999998569488525,9.745092969986604,-9.825092953297304,9.535092961641954,-9.835092973562883,3.4107825394953113,-3.4387825336540563,3.337282536574684,-3.442282540747009,0.1754116734597589,-0.17685167315935146,0.17163167330955517,-0.1770316735241319,-1,1,-1,1,-18,-18,-18,-18,-22,-22,-22,-22
1783308594.6856542,0.0,0.0,0.0,0.0,0.0,0,0.0,0.0,0.0,0.0,0.5600000023841858,-0.2800000011920929,0.7099999785423279,-0.27000001072883606,-0.5600000023841858,0.2800000011920929,-0.7099999785423279,0.27000001072883606,-0.196000000834465,0.0980000004172325,-0.24849999248981475,0.09450000375509261,0.0,0.0,0.0,0.0,-1,1,-1,1,0,0,0,0,0,0,0,0
1783308594.7055874,0.0,0.0,0.0,0.0,0.0,0,0.0,0.0,0.0,0.0,0.5600000023841858,-0.2800000011920929,0.7099999785423279,-0.27000001072883606,-0.5600000023841858,0.2800000011920929,-0.7099999785423279,0.27000001072883606,-0.196000000834465,0.0980000004172325,-0.24849999248981475,0.09450000375509261,0.0,0.0,0.0,0.0,-1,1,-1,1,0,0,0,0,0,0,0,0
1783308594.7255752,0.0,0.0,0.0,0.0,0.0,0,0.0,0.0,0.0,0.0,0.5600000023841858,-0.2800000011920929,0.7099999785423279,-0.27000001072883606,-0.5600000023841858,0.2800000011920929,-0.7099999785423279,0.27000001072883606,-0.196000000834465,0.0980000004172325,-0.24849999248981475,0.09450000375509261,0.0,0.0,0.0,0.0,-1,1,-1,1,0,0,0,0,0,0,0,0
1783308594.7455785,0.0,0.0,0.0,0.0,0.0,0,0.0,0.0,0.0,0.0,0.8500000238418579,-0.41999998688697815,0.949999988079071,-0.41999998688697815,-0.8500000238418579,0.41999998688697815,-0.949999988079071,0.41999998688697815,-0.29750000834465024,0.14699999541044234,-0.33249999582767487,0.14699999541044234,0.0,0.0,0.0,0.0,-1,1,-1,1,0,0,0,0,0,0,0,0
1783308594.765587,0.0,0.0,0.0,0.0,0.0,0,0.0,0.0,0.0,0.0,0.8500000238418579,-0.41999998688697815,0.949999988079071,-0.41999998688697815,-0.8500000238418579,0.41999998688697815,-0.949999988079071,0.41999998688697815,-0.29750000834465024,0.14699999541044234,-0.33249999582767487,0.14699999541044234,0.0,0.0,0.0,0.0,-1,1,-1,1,0,0,0,0,0,0,0,0
1783308594.785633,0.0,0.0,0.0,0.0,0.0,0,0.0,0.0,0.0,0.0,0.5899999737739563,-0.07000000029802322,0.4399999976158142,-0.28999999165534973,-0.5899999737739563,0.07000000029802322,-0.4399999976158142,0.28999999165534973,-0.2064999908208847,0.024500000104308126,-0.15399999916553497,0.1014999970793724,0.0,0.0,0.0,0.0,-1,1,-1,1,0,0,0,0,0,0,0,0
1783308594.8056033,0.0,0.0,0.12,0.0,0.0,1,10.225092959257768,-10.225092959257768,10.225092959257768,-10.225092959257768,0.5899999737739563,-0.07000000029802322,0.4399999976158142,-0.28999999165534973,9.635092985483812,-10.155092958959745,9.785092961641954,-9.935092967602419,3.372282544919334,-3.5542825356359105,3.424782536574684,-3.4772825386608464,0.08671583686935432,-0.09139583663063772,0.0880658366547776,-0.08941583670842178,-1,1,-1,1,-18,-18,-18,-18,-21,-22,-22,-22
1783308594.8255968,0.0,0.0,0.12,0.0,0.0,1,10.225092959257768,-10.225092959257768,10.225092959257768,-10.225092959257768,0.5899999737739563,-0.07000000029802322,0.4399999976158142,-0.28999999165534973,9.635092985483812,-10.155092958959745,9.785092961641954,-9.935092967602419,3.372282544919334,-3.5542825356359105,3.424782536574684,-3.4772825386608464,0.17343167373870863,-0.18279167326127543,0.1761316733095552,-0.17883167341684356,-1,1,-1,1,-18,-18,-18,-18,-22,-22,-22,-22
1783308594.8455815,0.0,0.0,0.0,0.0,0.0,0,0.0,0.0,0.0,0.0,0.41999998688697815,-0.05000000074505806,0.3100000023841858,-0.20999999344348907,-0.41999998688697815,0.05000000074505806,-0.3100000023841858,0.20999999344348907,-0.14699999541044234,0.01750000026077032,-0.10850000083446502,0.07349999770522117,0.0,0.0,0.0,0.0,-1,1,-1,1,0,0,0,0,0,0,0,0
1783308594.8655758,0.0,0.0,0.0,0.0,0.0,0,0.0,0.0,0.0,0.0,0.41999998688697815,-0.05000000074505806,0.3100000023841858,-0.20999999344348907,-0.41999998688697815,0.05000000074505806,-0.3100000023841858,0.20999999344348907,-0.14699999541044234,0.01750000026077032,-0.10850000083446502,0.07349999770522117,0.0,0.0,0.0,0.0,-1,1,-1,1,0,0,0,0,0,0,0,0
1783308594.8856313,0.0,0.0,0.0,0.0,0.0,0,0.0,0.0,0.0,0.0,0.5199999809265137,-0.49000000953674316,1.1200000047683716,-0.3700000047683716,-0.5199999809265137,0.49000000953674316,-1.1200000047683716,0.3700000047683716,-0.18199999332427977,0.17150000333786009,-0.39200000166893,0.12950000166893005,0.0,0.0,0.0,0.0,-1,1,-1,1,0,0,0,0,0,0,0,0
1783308594.9055758,0.0,0.0,0.0,0.0,0.0,0,0.0,0.0,0.0,0.0,0.5199999809265137,-0.49000000953674316,1.1200000047683716,-0.3700000047683716,-0.5199999809265137,0.49000000953674316,-1.1200000047683716,0.3700000047683716,-0.18199999332427977,0.17150000333786009,-0.39200000166893,0.12950000166893005,0.0,0.0,0.0,0.0,-1,1,-1,1,0,0,0,0,0,0,0,0
1783308594.9255717,0.0,0.0,0.0,0.0,0.0,0,0.0,0.0,0.0,0.0,0.5199999809265137,-0.49000000953674316,1.1200000047683716,-0.3700000047683716,-0.5199999809265137,0.49000000953674316,-1.1200000047683716,0.3700000047683716,-0.18199999332427977,0.17150000333786009,-0.39200000166893,0.12950000166893005,0.0,0.0,0.0,0.0,-1,1,-1,1,0,0,0,0,0,0,0,0
1783308594.9455934,0.0,0.0,0.0,0.0,0.0,0,0.0,0.0,0.0,0.0,0.36000001430511475,-0.3400000035762787,0.7799999713897705,-0.25999999046325684,-0.36000001430511475,0.3400000035762787,-0.7799999713897705,0.25999999046325684,-0.12600000500679015,0.11900000125169753,-0.27299998998641967,0.09099999666213988,0.0,0.0,0.0,0.0,-1,1,-1,1,0,0,0,0,0,0,0,0
1783308594.965598,0.0,0.0,0.12,0.0,0.0,1,10.225092959257768,-10.225092959257768,10.225092959257768,-10.225092959257768,0.36000001430511475,-0.3400000035762787,0.7799999713897705,-0.25999999046325684,9.865092944952654,-9.88509295568149,9.445092987867998,-9.965092968794512,3.452782530733429,-3.459782534488521,3.3057825457537993,-3.487782539078079,0.08878583650457389,-0.08896583660113341,0.08500583689081198,-0.08968583671915062,-1,1,-1,1,-18,-18,-18,-18,-22,-22,-21,-22
1783308594.9856653,0.0,0.0,0.12,0.0,0.0,1,10.225092959257768,-10.225092959257768,10.225092959257768,-10.225092959257768,0.25,-0.23999999463558197,0.550000011920929,-0.18000000715255737,9.975092959257768,-9.985092964622186,9.67509294733684,-10.045092952105211,3.491282535740219,-3.4947825376177653,3.3862825315678937,-3.5157825332368238,0.17856167313789378,-0.17883167328273308,0.17208167341684355,-0.1800916732880975,-1,1,-1,1,-18,-18,-18,-18,-22,-22,-22,-22
1783308595.005571,0.0,0.0,0.0,0.0,0.0,0,0.0,0.0,0.0,0.0,0.25,-0.23999999463558197,0.550000011920929,-0.18000000715255737,-0.25,0.23999999463558197,-0.550000011920929,0.18000000715255737,-0.0875,0.08399999812245368,-0.19250000417232513,0.06300000250339508,0.0,0.0,0.0,0.0,-1,1,-1,1,0,0,0,0,0,0,0,0
1783308595.0255706,0.0,0.0,0.0,0.0,0.0,0,0.0,0.0,0.0,0.0,0.25,-0.23999999463558197,0.550000011920929,-0.18000000715255737,-0.25,0.23999999463558197,-0.550000011920929,0.18000000715255737,-0.0875,0.08399999812245368,-0.19250000417232513,0.06300000250339508,0.0,0.0,0.0,0.0,-1,1,-1,1,0,0,0,0,0,0,0,0
1783308595.0455763,0.0,0.0,0.0,0.0,0.0,0,0.0,0.0,0.0,0.0,0.8600000143051147,-0.38999998569488525,0.8399999737739563,-0.8100000023841858,-0.8600000143051147,0.38999998569488525,-0.8399999737739563,0.8100000023841858,-0.30100000500679014,0.13649999499320983,-0.2939999908208847,0.283500000834465,0.0,0.0,0.0,0.0,-1,1,-1,1,0,0,0,0,0,0,0,0
1783308595.065574,0.0,0.0,0.0,0.0,0.0,0,0.0,0.0,0.0,0.0,0.8600000143051147,-0.38999998569488525,0.8399999737739563,-0.8100000023841858,-0.8600000143051147,0.38999998569488525,-0.8399999737739563,0.8100000023841858,-0.30100000500679014,0.13649999499320983,-0.2939999908208847,0.283500000834465,0.0,0.0,0.0,0.0,-1,1,-1,1,0,0,0,0,0,0,0,0
1783308595.085637,0.0,0.0,0.0,0.0,0.0,0,0.0,0.0,0.0,0.0,0.6000000238418579,-0.05000000074505806,0.8100000023841858,-0.5600000023841858,-0.6000000238418579,0.05000000074505806,-0.8100000023841858,0.5600000023841858,-0.21000000834465027,0.01750000026077032,-0.283500000834465,0.196000000834465,0.0,0.0,0.0,0.0,-1,1,-1,1,0,0,0,0,0,0,0,0
1783308595.1055746,0.0,0.0,0.0,0.0,0.0,0,0.0,0.0,0.0,0.0,0.6000000238418579,-0.05000000074505806,0.8100000023841858,-0.5600000023841858,-0.6000000238418579,0.05000000074505806,-0.8100000023841858,0.5600000023841858,-0.21000000834465027,0.01750000026077032,-0.283500000834465,0.196000000834465,0.0,0.0,0.0,0.0,-1,1,-1,1,0,0,0,0,0,0,0,0
1783308595.1255903,0.0,0.0,0.12,0.0,0.0,1,10.225092959257768,-10.225092959257768,10.225092959257768,-10.225092959257768,0.6000000238418579,-0.05000000074505806,0.8100000023841858,-0.5600000023841858,9.62509293541591,-10.17509295851271,9.415092956873583,-9.665092956873583,3.3687825273955685,-3.561282535479448,3.2952825349057537,-3.3827825349057536,0.0866258364187432,-0.09157583662661439,0.08473583661186225,-0.08698583661186225,-1,1,-1,1,-18,-18,-18,-18,-21,-22,-21,-21
1783308595.1456034,0.0,0.0,0.12,0.0,0.0,1,10.225092959257768,-10.225092959257768,10.225092959257768,-10.225092959257768,0.41999998688697815,-0.029999999329447746,0.5699999928474426,-0.4000000059604645,9.80509297237079,-10.19509295992832,9.655092966410326,-9.825092953297304,3.4317825403297766,-3.568282535974912,3.379282538243614,-3.4387825336540563,0.17487167317008032,-0.18333167326596927,0.1716316733095552,-0.175411673191538,-1,1,-1,1,-18,-18,-18,-18,-22,-22,-22,-22
1783308595.165564,0.0,0.0,0.0,0.0,0.0,0,0.0,0.0,0.0,0.0,0.41999998688697815,-0.029999999329447746,0.5699999928474426,-0.4000000059604645,-0.41999998688697815,0.029999999329447746,-0.5699999928474426,0.4000000059604645,-0.14699999541044234,0.01049999976530671,-0.1994999974966049,0.14000000208616256,0.0,0.0,0.0,0.0,-1,1,-1,1,0,0,0,0,0,0,0,0
1783308595.1856377,0.0,0.0,0.0,0.0,0.0,0,0.0,0.0,0.0,0.0,0.5199999809265137,-0.47999998927116394,0.6200000047683716,-0.5,-0.5199999809265137,0.47999998927116394,-0.6200000047683716,0.5,-0.18199999332427977,0.16799999624490736,-0.21700000166893005,0.175,0.0,0.0,0.0,0.0,-1,1,-1,1,0,0,0,0,0,0,0,0
1783308595.2055602,0.0,0.0,0.0,0.0,0.0,0,0.0,0.0,0.0,0.0,0.5199999809265137,-0.47999998927116394,0.6200000047683716,-0.5,-0.5199999809265137,0.47999998927116394,-0.6200000047683716,0.5,-0.18199999332427977,0.16799999624490736,-0.21700000166893005,0.175,0.0,0.0,0.0,0.0,-1,1,-1,1,0,0,0,0,0,0,0,0
1783308595.2255569,0.0,0.0,0.0,0.0,0.0,0,0.0,0.0,0.0,0.0,0.5199999809265137,-0.47999998927116394,0.6200000047683716,-0.5,-0.5199999809265137,0.47999998927116394,-0.6200000047683716,0.5,-0.18199999332427977,0.16799999624490736,-0.21700000166893005,0.175,0.0,0.0,0.0,0.0,-1,1,-1,1,0,0,0,0,0,0,0,0
1783308595.2455611,0.0,0.0,0.0,0.0,0.0,0,0.0,0.0,0.0,0.0,0.36000001430511475,-0.33000001311302185,0.6600000262260437,-0.5799999833106995,-0.36000001430511475,0.33000001311302185,-0.6600000262260437,0.5799999833106995,-0.12600000500679015,0.11550000458955764,-0.23100000917911528,0.2029999941587448,0.0,0.0,0.0,0.0,-1,1,-1,1,0,0,0,0,0,0,0,0
1783308595.2655563,0.0,0.0,0.0,0.0,0.0,0,0.0,0.0,0.0,0.0,0.36000001430511475,-0.33000001311302185,0.6600000262260437,-0.5799999833106995,-0.36000001430511475,0.33000001311302185,-0.6600000262260437,0.5799999833106995,-0.12600000500679015,0.11550000458955764,-0.23100000917911528,0.2029999941587448,0.0,0.0,0.0,0.0,-1,1,-1,1,0,0,0,0,0,0,0,0
1783308595.285651,0.0,0.0,0.12,0.0,0.0,1,10.225092959257768,-10.225092959257768,10.225092959257768,-10.225092959257768,0.25,-0.23000000417232513,0.46000000834465027,-0.4000000059604645,9.975092959257768,-9.995092955085443,9.765092950913118,-9.825092953297304,3.491282535740219,-3.498282534279905,3.417782532819591,-3.4387825336540563,0.08977583663331991,-0.089955836595769,0.08788583655821806,-0.08842583657967573,-1,1,-1,1,-18,-18,-18,-18,-22,-22,-22,-22
1783308595.3055818,0.0,0.0,0.12,0.0,0.0,1,10.225092959257768,-10.225092959257768,10.225092959257768,-10.225092959257768,0.25,-0.23000000417232513,0.46000000834465027,-0.4000000059604645,9.975092959257768,-9.995092955085443,9.765092950913118,-9.825092953297304,3.491282535740219,-3.498282534279905,3.417782532819591,-3.4387825336540563,0.17955167326663982,-0.179911673191538,0.17577167311643613,-0.17685167315935146,-1,1,-1,1,-18,-18,-18,-18,-22,-22,-22,-22
1783308595.3255546,0.0,0.0,0.0,0.0,0.0,0,0.0,0.0,0.0,0.0,0.25,-0.23000000417232513,0.46000000834465027,-0.4000000059604645,-0.25,0.23000000417232513,-0.46000000834465027,0.4000000059604645,-0.0875,0.08050000146031379,-0.16100000292062758,0.14000000208616256,0.0,0.0,0.0,0.0,-1,1,-1,1,0,0,0,0,0,0,0,0
1783308595.34558,0.0,0.0,0.0,0.0,0.0,0,0.0,0.0,0.0,0.0,0.4000000059604645,-0.1599999964237213,0.550000011920929,-0.5099999904632568,-0.4000000059604645,0.1599999964237213,-0.550000011920929,0.5099999904632568,-0.14000000208616256,0.05599999874830246,-0.19250000417232513,0.1784999966621399,0.0,0.0,0.0,0.0,-1,1,-1,1,0,0,0,0,0,0,0,0
1783308595.3655589,0.0,0.0,0.0,0.0,0.0,0,0.0,0.0,0.0,0.0,0.4000000059604645,-0.1599999964237213,0.550000011920929,-0.5099999904632568,-0.4000000059604645,0.1599999964237213,-0.550000011920929,0.5099999904632568,-0.14000000208616256,0.05599999874830246,-0.19250000417232513,0.1784999966621399,0.0,0.0,0.0,0.0,-1,1,-1,1,0,0,0,0,0,0,0,0
1783308595.3856301,0.0,0.0,0.0,0.0,0.0,0,0.0,0.0,0.0,0.0,0.5099999904632568,-0.3400000035762787,0.8399999737739563,-0.5799999833106995,-0.5099999904632568,0.3400000035762787,-0.8399999737739563,0.5799999833106995,-0.1784999966621399,0.11900000125169753,-0.2939999908208847,0.2029999941587448,0.0,0.0,0.0,0.0,-1,1,-1,1,0,0,0,0,0,0,0,0
1783308595.4056067,0.0,0.0,0.0,0.0,0.0,0,0.0,0.0,0.0,0.0,0.5099999904632568,-0.3400000035762787,0.8399999737739563,-0.5799999833106995,-0.5099999904632568,0.3400000035762787,-0.8399999737739563,0.5799999833106995,-0.1784999966621399,0.11900000125169753,-0.2939999908208847,0.2029999941587448,0.0,0.0,0.0,0.0,-1,1,-1,1,0,0,0,0,0,0,0,0
1783308595.4255593,0.0,0.0,0.0,0.0,0.0,0,0.0,0.0,0.0,0.0,0.5099999904632568,-0.3400000035762787,0.8399999737739563,-0.5799999833106995,-0.5099999904632568,0.3400000035762787,-0.8399999737739563,0.5799999833106995,-0.1784999966621399,0.11900000125169753,-0.2939999908208847,0.2029999941587448,0.0,0.0,0.0,0.0,-1,1,-1,1,0,0,0,0,0,0,0,0
1783308595.445581,0.0,0.0,0.0,0.0,0.0,0,0.0,0.0,0.0,0.0,0.36000001430511475,-0.23999999463558197,0.5899999737739563,-0.4099999964237213,-0.36000001430511475,0.23999999463558197,-0.5899999737739563,0.4099999964237213,-0.12600000500679015,0.08399999812245368,-0.2064999908208847,0.14349999874830244,0.0,0.0,0.0,0.0,-1,1,-1,1,0,0,0,0,0,0,0,0
1783308595.4655962,0.0,0.0,0.12,0.0,0.0,1,10.225092959257768,-10.225092959257768,10.225092959257768,-10.225092959257768,0.36000001430511475,-0.23999999463558197,0.5899999737739563,-0.4099999964237213,9.865092944952654,-9.985092964622186,9.635092985483812,-9.815092962834047,3.452782530733429,-3.4947825376177653,3.372282544919334,-3.435282536991916,0.08878583650457389,-0.08986583668159968,0.08671583686935432,-0.08833583666550643,-1,1,-1,1,-18,-18,-18,-18,-22,-22,-21,-22
1783308595.485687,0.0,0.0,0.12,0.0,0.0,1,10.225092959257768,-10.225092959257768,10.225092959257768,-10.225092959257768,0.25,-0.17000000178813934,0.4099999964237213,-0.28999999165534973,9.975092959257768,-10.055092957469629,9.815092962834047,-9.935092967602419,3.491282535740219,-3.5192825351143697,3.435282536991916,-3.4772825386608464,0.17856167313789378,-0.18036167329882635,0.17505167353486073,-0.17775167337392822,-1,1,-1,1,-18,-18,-18,-18,-22,-22,-22,-22
1783308595.505588,0.0,0.0,0.0,0.0,0.0,0,0.0,0.0,0.0,0.0,0.25,-0.17000000178813934,0.4099999964237213,-0.28999999165534973,-0.25,0.17000000178813934,-0.4099999964237213,0.28999999165534973,-0.0875,0.059500000625848766,-0.14349999874830244,0.1014999970793724,0.0,0.0,0.0,0.0,-1,1,-1,1,0,0,0,0,0,0,0,0
1783308595.5255713,0.0,0.0,0.0,0.0,0.0,0,0.0,0.0,0.0,0.0,0.25,-0.17000000178813934,0.4099999964237213,-0.28999999165534973,-0.25,0.17000000178813934,-0.4099999964237213,0.28999999165534973,-0.0875,0.059500000625848766,-0.14349999874830244,0.1014999970793724,0.0,0.0,0.0,0.0,-1,1,-1,1,0,0,0,0,0,0,0,0
1783308595.5455923,0.0,0.0,0.0,0.0,0.0,0,0.0,0.0,0.0,0.0,0.8500000238418579,-0.5699999928474426,0.7400000095367432,-0.6499999761581421,-0.8500000238418579,0.5699999928474426,-0.7400000095367432,0.6499999761581421,-0.29750000834465024,0.1994999974966049,-0.2590000033378601,0.2274999916553497,0.0,0.0,0.0,0.0,-1,1,-1,1,0,0,0,0,0,0,0,0
1783308595.5655787,0.0,0.0,0.0,0.0,0.0,0,0.0,0.0,0.0,0.0,0.8500000238418579,-0.5699999928474426,0.7400000095367432,-0.6499999761581421,-0.8500000238418579,0.5699999928474426,-0.7400000095367432,0.6499999761581421,-0.29750000834465024,0.1994999974966049,-0.2590000033378601,0.2274999916553497,0.0,0.0,0.0,0.0,-1,1,-1,1,0,0,0,0,0,0,0,0
1783308595.5856311,0.0,0.0,0.0,0.0,0.0,0,0.0,0.0,0.0,0.0,0.6000000238418579,-0.4000000059604645,0.7400000095367432,-0.46000000834465027,-0.6000000238418579,0.4000000059604645,-0.7400000095367432,0.46000000834465027,-0.21000000834465027,0.14000000208616256,-0.2590000033378601,0.16100000292062758,0.0,0.0,0.0,0.0,-1,1,-1,1,0,0,0,0,0,0,0,0
1783308595.6055884,0.0,0.0,0.0,0.0,0.0,0,0.0,0.0,0.0,0.0,0.6000000238418579,-0.4000000059604645,0.7400000095367432,-0.46000000834465027,-0.6000000238418579,0.4000000059604645,-0.7400000095367432,0.46000000834465027,-0.21000000834465027,0.14000000208616256,-0.2590000033378601,0.16100000292062758,0.0,0.0,0.0,0.0,-1,1,-1,1,0,0,0,0,0,0,0,0
1783308595.6255608,0.0,0.0,0.0,0.0,0.0,0,0.0,0.0,0.0,0.0,0.6000000238418579,-0.4000000059604645,0.7400000095367432,-0.46000000834465027,-0.6000000238418579,0.4000000059604645,-0.7400000095367432,0.46000000834465027,-0.21000000834465027,0.14000000208616256,-0.2590000033378601,0.16100000292062758,0.0,0.0,0.0,0.0,-1,1,-1,1,0,0,0,0,0,0,0,0
1783308595.6455975,0.0,0.0,0.12,0.0,0.0,1,10.225092959257768,-10.225092959257768,10.225092959257768,-10.225092959257768,0.41999998688697815,-0.2800000011920929,0.5199999809265137,-0.3199999928474426,9.80509297237079,-9.945092958065676,9.705092978331255,-9.905092966410326,3.4317825403297766,-3.4807825353229864,3.396782542415939,-3.466782538243614,0.08824583675133711,-0.08950583662259108,0.0873458368049813,-0.08914583669769292,-1,1,-1,1,-18,-18,-18,-18,-22,-22,-21,-22
1783308595.6655998,0.0,0.0,0.12,0.0,0.0,1,10.225092959257768,-10.225092959257768,10.225092959257768,-10.225092959257768,0.41999998688697815,-0.2800000011920929,0.5199999809265137,-0.3199999928474426,9.80509297237079,-9.945092958065676,9.705092978331255,-9.905092966410326,3.4317825403297766,-3.4807825353229864,3.396782542415939,-3.466782538243614,0.17649167350267422,-0.17901167324518216,0.1746916736099626,-0.17829167339538585,-1,1,-1,1,-18,-18,-18,-18,-22,-22,-22,-22
1783308595.6856503,0.0,0.0,0.0,0.0,0.0,0,0.0,0.0,0.0,0.0,0.28999999165534973,-0.20000000298023224,0.36000001430511475,-0.2199999988079071,-0.28999999165534973,0.20000000298023224,-0.36000001430511475,0.2199999988079071,-0.1014999970793724,0.07000000104308128,-0.12600000500679015,0.07699999958276749,0.0,0.0,0.0,0.0,-1,1,-1,1,0,0,0,0,0,0,0,0
1783308595.7055767,0.0,0.0,0.0,0.0,0.0,0,0.0,0.0,0.0,0.0,0.28999999165534973,-0.20000000298023224,0.36000001430511475,-0.2199999988079071,-0.28999999165534973,0.20000000298023224,-0.36000001430511475,0.2199999988079071,-0.1014999970793724,0.07000000104308128,-0.12600000500679015,0.07699999958276749,0.0,0.0,0.0,0.0,-1,1,-1,1,0,0,0,0,0,0,0,0
1783308595.7255726,0.0,0.0,0.0,0.0,0.0,0,0.0,0.0,0.0,0.0,0.28999999165534973,-0.20000000298023224,0.36000001430511475,-0.2199999988079071,-0.28999999165534973,0.20000000298023224,-0.36000001430511475,0.2199999988079071,-0.1014999970793724,0.07000000104308128,-0.12600000500679015,0.07699999958276749,0.0,0.0,0.0,0.0,-1,1,-1,1,0,0,0,0,0,0,0,0
1783308595.7455916,0.0,0.0,0.0,0.0,0.0,0,0.0,0.0,0.0,0.0,0.6600000262260437,-0.36000001430511475,0.9300000071525574,-0.6100000143051147,-0.6600000262260437,0.36000001430511475,-0.9300000071525574,0.6100000143051147,-0.23100000917911528,0.12600000500679015,-0.32550000250339506,0.21350000500679014,0.0,0.0,0.0,0.0,-1,1,-1,1,0,0,0,0,0,0,0,0
1783308595.7655754,0.0,0.0,0.0,0.0,0.0,0,0.0,0.0,0.0,0.0,0.6600000262260437,-0.36000001430511475,0.9300000071525574,-0.6100000143051147,-0.6600000262260437,0.36000001430511475,-0.9300000071525574,0.6100000143051147,-0.23100000917911528,0.12600000500679015,-0.32550000250339506,0.21350000500679014,0.0,0.0,0.0,0.0,-1,1,-1,1,0,0,0,0,0,0,0,0
1783308595.7856376,0.0,0.0,0.0,0.0,0.0,0,0.0,0.0,0.0,0.0,0.46000000834465027,-0.25,0.6499999761581421,-0.4300000071525574,-0.46000000834465027,0.25,-0.6499999761581421,0.4300000071525574,-0.16100000292062758,0.0875,-0.2274999916553497,0.15050000250339507,0.0,0.0,0.0,0.0,-1,1,-1,1,0,0,0,0,0,0,0,0
1783308595.805577,0.0,0.0,0.0,0.0,0.0,0,0.0,0.0,0.0,0.0,0.46000000834465027,-0.25,0.6499999761581421,-0.4300000071525574,-0.46000000834465027,0.25,-0.6499999761581421,0.4300000071525574,-0.16100000292062758,0.0875,-0.2274999916553497,0.15050000250339507,0.0,0.0,0.0,0.0,-1,1,-1,1,0,0,0,0,0,0,0,0
1783308595.8255987,0.0,0.0,0.12,0.0,0.0,1,10.225092959257768,-10.225092959257768,10.225092959257768,-10.225092959257768,0.46000000834465027,-0.25,0.6499999761581421,-0.4300000071525574,9.765092950913118,-9.975092959257768,9.575092983099626,-9.795092952105211,3.417782532819591,-3.491282535740219,3.351282544084869,-3.428282533236824,0.08788583655821806,-0.08977583663331991,0.08617583684789665,-0.0881558365689469,-1,1,-1,1,-18,-18,-18,-18,-22,-22,-21,-22
1783308595.8456142,0.0,0.0,0.12,0.0,0.0,1,10.225092959257768,-10.225092959257768,10.225092959257768,-10.225092959257768,0.3199999928474426,-0.18000000715255737,0.46000000834465027,-0.30000001192092896,9.905092966410326,-10.045092952105211,9.765092950913118,-9.92509294733684,3.466782538243614,-3.5157825332368238,3.417782532819591,-3.4737825315678936,0.177031673255911,-0.1801816732022668,0.17406167340611473,-0.17748167309497848,-1,1,-1,1,-18,-18,-18,-18,-22,-22,-22,-22
1783308595.8655734,0.0,0.0,0.0,0.0,0.0,0,0.0,0.0,0.0,0.0,0.3199999928474426,-0.18000000715255737,0.46000000834465027,-0.30000001192092896,-0.3199999928474426,0.18000000715255737,-0.46000000834465027,0.30000001192092896,-0.11199999749660491,0.06300000250339508,-0.16100000292062758,0.10500000417232513,0.0,0.0,0.0,0.0,-1,1,-1,1,0,0,0,0,0,0,0,0
1783308595.885632,0.0,0.0,0.0,0.0,0.0,0,0.0,0.0,0.0,0.0,0.6800000071525574,-0.5799999833106995,0.550000011920929,-0.4399999976158142,-0.6800000071525574,0.5799999833106995,-0.550000011920929,0.4399999976158142,-0.23800000250339506,0.2029999941587448,-0.19250000417232513,0.15399999916553497,0.0,0.0,0.0,0.0,-1,1,-1,1,0,0,0,0,0,0,0,0
1783308595.9055734,0.0,0.0,0.0,0.0,0.0,0,0.0,0.0,0.0,0.0,0.6800000071525574,-0.5799999833106995,0.550000011920929,-0.4399999976158142,-0.6800000071525574,0.5799999833106995,-0.550000011920929,0.4399999976158142,-0.23800000250339506,0.2029999941587448,-0.19250000417232513,0.15399999916553497,0.0,0.0,0.0,0.0,-1,1,-1,1,0,0,0,0,0,0,0,0
1783308595.925573,0.0,0.0,0.0,0.0,0.0,0,0.0,0.0,0.0,0.0,0.6800000071525574,-0.5799999833106995,0.550000011920929,-0.4399999976158142,-0.6800000071525574,0.5799999833106995,-0.550000011920929,0.4399999976158142,-0.23800000250339506,0.2029999941587448,-0.19250000417232513,0.15399999916553497,0.0,0.0,0.0,0.0,-1,1,-1,1,0,0,0,0,0,0,0,0
1783308595.945626,0.0,0.0,0.0,0.0,0.0,0,0.0,0.0,0.0,0.0,0.699999988079071,-0.6299999952316284,0.3799999952316284,-0.5299999713897705,-0.699999988079071,0.6299999952316284,-0.3799999952316284,0.5299999713897705,-0.24499999582767484,0.22049999833106992,-0.13299999833106993,0.18549998998641967,0.0,0.0,0.0,0.0,-1,1,-1,1,0,0,0,0,0,0,0,0
1783308595.9655778,0.0,0.0,0.0,0.0,0.0,0,0.0,0.0,0.0,0.0,0.699999988079071,-0.6299999952316284,0.3799999952316284,-0.5299999713897705,-0.699999988079071,0.6299999952316284,-0.3799999952316284,0.5299999713897705,-0.24499999582767484,0.22049999833106992,-0.13299999833106993,0.18549998998641967,0.0,0.0,0.0,0.0,-1,1,-1,1,0,0,0,0,0,0,0,0
1783308595.9856396,0.0,0.0,0.0,0.0,0.0,0,0.0,0.0,0.0,0.0,0.49000000953674316,-0.4399999976158142,0.27000001072883606,-0.3700000047683716,-0.49000000953674316,0.4399999976158142,-0.27000001072883606,0.3700000047683716,-0.17150000333786009,0.15399999916553497,-0.09450000375509261,0.12950000166893005,0.0,0.0,0.0,0.0,-1,1,-1,1,0,0,0,0,0,0,0,0
1783308596.0056007,0.0,0.0,0.12,0.0,0.0,1,10.225092959257768,-10.225092959257768,10.225092959257768,-10.225092959257768,0.49000000953674316,-0.4399999976158142,0.27000001072883606,-0.3700000047683716,9.735092949721025,-9.785092961641954,9.955092948528932,-9.855092954489397,3.4072825324023586,-3.424782536574684,3.484282531985126,-3.4492825340712887,0.08761583654748924,-0.0880658366547776,0.0895958365367604,-0.08869583659040459,-1,1,-1,1,-18,-18,-18,-18,-21,-22,-22,-22
1783308596.025607,0.0,0.0,0.12,0.0,0.0,1,10.225092959257768,-10.225092959257768,10.225092959257768,-10.225092959257768,0.49000000953674316,-0.4399999976158142,0.27000001072883606,-0.3700000047683716,9.735092949721025,-9.785092961641954,9.955092948528932,-9.855092954489397,3.4072825324023586,-3.424782536574684,3.484282531985126,-3.4492825340712887,0.17523167309497847,-0.1761316733095552,0.1791916730735208,-0.17739167318080917,-1,1,-1,1,-18,-18,-18,-18,-22,-22,-22,-22
1783308596.045583,0.0,0.0,0.0,0.0,0.0,0,0.0,0.0,0.0,0.0,0.3400000035762787,-0.3100000023841858,0.1899999976158142,-0.25999999046325684,-0.3400000035762787,0.3100000023841858,-0.1899999976158142,0.25999999046325684,-0.11900000125169753,0.10850000083446502,-0.06649999916553496,0.09099999666213988,0.0,0.0,0.0,0.0,-1,1,-1,1,0,0,0,0,0,0,0,0
1783308596.0655746,0.0,0.0,0.0,0.0,0.0,0,0.0,0.0,0.0,0.0,0.3400000035762787,-0.3100000023841858,0.1899999976158142,-0.25999999046325684,-0.3400000035762787,0.3100000023841858,-0.1899999976158142,0.25999999046325684,-0.11900000125169753,0.10850000083446502,-0.06649999916553496,0.09099999666213988,0.0,0.0,0.0,0.0,-1,1,-1,1,0,0,0,0,0,0,0,0
1783308596.085637,0.0,0.0,0.0,0.0,0.0,0,0.0,0.0,0.0,0.0,0.4699999988079071,-0.6700000166893005,0.36000001430511475,-0.4099999964237213,-0.4699999988079071,0.6700000166893005,-0.36000001430511475,0.4099999964237213,-0.16449999958276748,0.23450000584125516,-0.12600000500679015,0.14349999874830244,0.0,0.0,0.0,0.0,-1,1,-1,1,0,0,0,0,0,0,0,0
1783308596.1055741,0.0,0.0,0.0,0.0,0.0,0,0.0,0.0,0.0,0.0,0.4699999988079071,-0.6700000166893005,0.36000001430511475,-0.4099999964237213,-0.4699999988079071,0.6700000166893005,-0.36000001430511475,0.4099999964237213,-0.16449999958276748,0.23450000584125516,-0.12600000500679015,0.14349999874830244,0.0,0.0,0.0,0.0,-1,1,-1,1,0,0,0,0,0,0,0,0
1783308596.1255727,0.0,0.0,0.0,0.0,0.0,0,0.0,0.0,0.0,0.0,0.4699999988079071,-0.6700000166893005,0.36000001430511475,-0.4099999964237213,-0.4699999988079071,0.6700000166893005,-0.36000001430511475,0.4099999964237213,-0.16449999958276748,0.23450000584125516,-0.12600000500679015,0.14349999874830244,0.0,0.0,0.0,0.0,-1,1,-1,1,0,0,0,0,0,0,0,0
1783308596.1455865,0.0,0.0,0.0,0.0,0.0,0,0.0,0.0,0.0,0.0,0.10000000149011612,-0.4699999988079071,0.25,-0.28999999165534973,-0.10000000149011612,0.4699999988079071,-0.25,0.28999999165534973,-0.03500000052154064,0.16449999958276748,-0.0875,0.1014999970793724,0.0,0.0,0.0,0.0,-1,1,-1,1,0,0,0,0,0,0,0,0
1783308596.1655777,0.0,0.0,0.0,0.0,0.0,0,0.0,0.0,0.0,0.0,0.10000000149011612,-0.4699999988079071,0.25,-0.28999999165534973,-0.10000000149011612,0.4699999988079071,-0.25,0.28999999165534973,-0.03500000052154064,0.16449999958276748,-0.0875,0.1014999970793724,0.0,0.0,0.0,0.0,-1,1,-1,1,0,0,0,0,0,0,0,0
1783308596.1856585,0.0,0.0,0.12,0.0,0.0,1,10.225092959257768,-10.225092959257768,10.225092959257768,-10.225092959257768,0.07000000029802322,-0.33000001311302185,0.18000000715255737,-0.20000000298023224,10.155092958959745,-9.895092946144747,10.045092952105211,-10.025092956277536,3.5542825356359105,-3.463282531150661,3.5157825332368238,-3.5087825346971373,0.09139583663063772,-0.08905583651530272,0.09040583656894689,-0.09022583660649783,-1,1,-1,1,-18,-18,-18,-18,-22,-22,-22,-22
1783308596.2055876,0.0,0.0,0.12,0.0,0.0,1,10.225092959257768,-10.225092959257768,10.225092959257768,-10.225092959257768,0.07000000029802322,-0.33000001311302185,0.18000000715255737,-0.20000000298023224,10.155092958959745,-9.895092946144747,10.045092952105211,-10.025092956277536,3.5542825356359105,-3.463282531150661,3.5157825332368238,-3.5087825346971373,0.18279167326127543,-0.17811167303060543,0.18081167313789379,-0.18045167321299566,-1,1,-1,1,-18,-18,-18,-18,-22,-22,-22,-22
1783308596.225559,0.0,0.0,0.0,0.0,0.0,0,0.0,0.0,0.0,0.0,0.07000000029802322,-0.33000001311302185,0.18000000715255737,-0.20000000298023224,-0.07000000029802322,0.33000001311302185,-0.18000000715255737,0.20000000298023224,-0.024500000104308126,0.11550000458955764,-0.06300000250339508,0.07000000104308128,0.0,0.0,0.0,0.0,-1,1,-1,1,0,0,0,0,0,0,0,0
1783308596.2455723,0.0,0.0,0.0,0.0,0.0,0,0.0,0.0,0.0,0.0,0.2800000011920929,-0.46000000834465027,0.11999999731779099,-0.3700000047683716,-0.2800000011920929,0.46000000834465027,-0.11999999731779099,0.3700000047683716,-0.0980000004172325,0.16100000292062758,-0.04199999906122684,0.12950000166893005,0.0,0.0,0.0,0.0,-1,1,-1,1,0,0,0,0,0,0,0,0
1783308596.2655616,0.0,0.0,0.0,0.0,0.0,0,0.0,0.0,0.0,0.0,0.2800000011920929,-0.46000000834465027,0.11999999731779099,-0.3700000047683716,-0.2800000011920929,0.46000000834465027,-0.11999999731779099,0.3700000047683716,-0.0980000004172325,0.16100000292062758,-0.04199999906122684,0.12950000166893005,0.0,0.0,0.0,0.0,-1,1,-1,1,0,0,0,0,0,0,0,0
1783308596.2856376,0.0,0.0,0.0,0.0,0.0,0,0.0,0.0,0.0,0.0,0.41999998688697815,-0.550000011920929,0.09000000357627869,-0.47999998927116394,-0.41999998688697815,0.550000011920929,-0.09000000357627869,0.47999998927116394,-0.14699999541044234,0.19250000417232513,-0.03150000125169754,0.16799999624490736,0.0,0.0,0.0,0.0,-1,1,-1,1,0,0,0,0,0,0,0,0
1783308596.305567,0.0,0.0,0.0,0.0,0.0,0,0.0,0.0,0.0,0.0,0.41999998688697815,-0.550000011920929,0.09000000357627869,-0.47999998927116394,-0.41999998688697815,0.550000011920929,-0.09000000357627869,0.47999998927116394,-0.14699999541044234,0.19250000417232513,-0.03150000125169754,0.16799999624490736,0.0,0.0,0.0,0.0,-1,1,-1,1,0,0,0,0,0,0,0,0
1783308596.3255863,0.0,0.0,0.0,0.0,0.0,0,0.0,0.0,0.0,0.0,0.41999998688697815,-0.550000011920929,0.09000000357627869,-0.47999998927116394,-0.41999998688697815,0.550000011920929,-0.09000000357627869,0.47999998927116394,-0.14699999541044234,0.19250000417232513,-0.03150000125169754,0.16799999624490736,0.0,0.0,0.0,0.0,-1,1,-1,1,0,0,0,0,0,0,0,0
1783308596.345581,0.0,0.0,0.0,0.0,0.0,0,0.0,0.0,0.0,0.0,0.28999999165534973,-0.3799999952316284,0.05999999865889549,-0.3400000035762787,-0.28999999165534973,0.3799999952316284,-0.05999999865889549,0.3400000035762787,-0.1014999970793724,0.13299999833106993,-0.02099999953061342,0.11900000125169753,0.0,0.0,0.0,0.0,-1,1,-1,1,0,0,0,0,0,0,0,0
1783308596.3656046,0.0,0.0,0.12,0.0,0.0,1,10.225092959257768,-10.225092959257768,10.225092959257768,-10.225092959257768,0.28999999165534973,-0.3799999952316284,0.05999999865889549,-0.3400000035762787,9.935092967602419,-9.84509296402614,10.165092960598873,-9.88509295568149,3.4772825386608464,-3.4457825374091486,3.557782536209605,-3.459782534488521,0.08941583670842178,-0.08860583667623527,0.09148583664538987,-0.08896583660113341,-1,1,-1,1,-18,-18,-18,-18,-22,-22,-22,-22
1783308596.3856747,0.0,0.0,0.12,0.0,0.0,1,10.225092959257768,-10.225092959257768,10.225092959257768,-10.225092959257768,0.20999999344348907,-0.27000001072883606,0.03999999910593033,-0.23999999463558197,10.01509296581428,-9.955092948528932,10.185092960151838,-9.985092964622186,3.5052825380349977,-3.484282531985126,3.564782536053143,-3.4947825376177653,0.1795516734007503,-0.17820167321299568,0.1831516732867564,-0.17883167328273308,-1,1,-1,1,-18,-18,-18,-18,-22,-22,-22,-22
1783308596.4055676,0.0,0.0,0.0,0.0,0.0,0,0.0,0.0,0.0,0.0,0.20999999344348907,-0.27000001072883606,0.03999999910593033,-0.23999999463558197,-0.20999999344348907,0.27000001072883606,-0.03999999910593033,0.23999999463558197,-0.07349999770522117,0.09450000375509261,-0.013999999687075614,0.08399999812245368,0.0,0.0,0.0,0.0,-1,1,-1,1,0,0,0,0,0,0,0,0
1783308596.4255605,0.0,0.0,0.0,0.0,0.0,0,0.0,0.0,0.0,0.0,0.20999999344348907,-0.27000001072883606,0.03999999910593033,-0.23999999463558197,-0.20999999344348907,0.27000001072883606,-0.03999999910593033,0.23999999463558197,-0.07349999770522117,0.09450000375509261,-0.013999999687075614,0.08399999812245368,0.0,0.0,0.0,0.0,-1,1,-1,1,0,0,0,0,0,0,0,0
1783308596.445583,0.0,0.0,0.0,0.0,0.0,0,0.0,0.0,0.0,0.0,0.14000000059604645,-0.4099999964237213,0.029999999329447746,-0.17000000178813934,-0.14000000059604645,0.4099999964237213,-0.029999999329447746,0.17000000178813934,-0.04900000020861625,0.14349999874830244,-0.01049999976530671,0.059500000625848766,0.0,0.0,0.0,0.0,-1,1,-1,1,0,0,0,0,0,0,0,0
1783308596.4655683,0.0,0.0,0.0,0.0,0.0,0,0.0,0.0,0.0,0.0,0.14000000059604645,-0.4099999964237213,0.029999999329447746,-0.17000000178813934,-0.14000000059604645,0.4099999964237213,-0.029999999329447746,0.17000000178813934,-0.04900000020861625,0.14349999874830244,-0.01049999976530671,0.059500000625848766,0.0,0.0,0.0,0.0,-1,1,-1,1,0,0,0,0,0,0,0,0
1783308596.4856408,0.0,0.0,0.0,0.0,0.0,0,0.0,0.0,0.0,0.0,0.10000000149011612,-0.28999999165534973,0.019999999552965164,-0.11999999731779099,-0.10000000149011612,0.28999999165534973,-0.019999999552965164,0.11999999731779099,-0.03500000052154064,0.1014999970793724,-0.006999999843537807,0.04199999906122684,0.0,0.0,0.0,0.0,-1,1,-1,1,0,0,0,0,0,0,0,0
1783308596.5055954,0.0,0.0,0.0,0.0,0.0,0,0.0,0.0,0.0,0.0,0.10000000149011612,-0.28999999165534973,0.019999999552965164,-0.11999999731779099,-0.10000000149011612,0.28999999165534973,-0.019999999552965164,0.11999999731779099,-0.03500000052154064,0.1014999970793724,-0.006999999843537807,0.04199999906122684,0.0,0.0,0.0,0.0,-1,1,-1,1,0,0,0,0,0,0,0,0
1783308596.525562,0.0,0.0,0.0,0.0,0.0,0,0.0,0.0,0.0,0.0,0.10000000149011612,-0.28999999165534973,0.019999999552965164,-0.11999999731779099,-0.10000000149011612,0.28999999165534973,-0.019999999552965164,0.11999999731779099,-0.03500000052154064,0.1014999970793724,-0.006999999843537807,0.04199999906122684,0.0,0.0,0.0,0.0,-1,1,-1,1,0,0,0,0,0,0,0,0
1783308596.5456276,0.0,0.0,0.12,0.0,0.0,1,10.225092959257768,-10.225092959257768,10.225092959257768,-10.225092959257768,0.07000000029802322,-0.20000000298023224,0.009999999776482582,-0.07999999821186066,10.155092958959745,-10.025092956277536,10.215092959481286,-10.145092961045908,3.5542825356359105,-3.5087825346971373,3.5752825358184497,-3.5507825363660674,0.09139583663063772,-0.09022583660649783,0.09193583663533157,-0.09130583664941318,-1,1,-1,1,-18,-18,-18,-18,-22,-22,-22,-22
1783308596.5656083,0.0,0.0,0.12,0.0,0.0,1,10.225092959257768,-10.225092959257768,10.225092959257768,-10.225092959257768,0.07000000029802322,-0.20000000298023224,0.009999999776482582,-0.07999999821186066,10.155092958959745,-10.025092956277536,10.215092959481286,-10.145092961045908,3.5542825356359105,-3.5087825346971373,3.5752825358184497,-3.5507825363660674,0.18279167326127543,-0.18045167321299566,0.18387167327066314,-0.18261167329882635,-1,1,-1,1,-18,-18,-18,-18,-22,-22,-22,-22
1783308596.5856369,0.0,0.0,0.0,0.0,0.0,0,0.0,0.0,0.0,0.0,0.05000000074505806,-0.3700000047683716,0.009999999776482582,-0.05999999865889549,-0.05000000074505806,0.3700000047683716,-0.009999999776482582,0.05999999865889549,-0.01750000026077032,0.12950000166893005,-0.0034999999217689036,0.02099999953061342,0.0,0.0,0.0,0.0,-1,1,-1,1,0,0,0,0,0,0,0,0
1783308596.6055915,0.0,0.0,0.0,0.0,0.0,0,0.0,0.0,0.0,0.0,0.05000000074505806,-0.3700000047683716,0.009999999776482582,-0.05999999865889549,-0.05000000074505806,0.3700000047683716,-0.009999999776482582,0.05999999865889549,-0.01750000026077032,0.12950000166893005,-0.0034999999217689036,0.02099999953061342,0.0,0.0,0.0,0.0,-1,1,-1,1,0,0,0,0,0,0,0,0
1783308596.625564,0.0,0.0,0.0,0.0,0.0,0,0.0,0.0,0.0,0.0,0.05000000074505806,-0.3700000047683716,0.009999999776482582,-0.05999999865889549,-0.05000000074505806,0.3700000047683716,-0.009999999776482582,0.05999999865889549,-0.01750000026077032,0.12950000166893005,-0.0034999999217689036,0.02099999953061342,0.0,0.0,0.0,0.0,-1,1,-1,1,0,0,0,0,0,0,0,0
1783308596.6455696,0.0,0.0,0.0,0.0,0.0,0,0.0,0.0,0.0,0.0,0.25999999046325684,-0.47999998927116394,0.009999999776482582,-0.49000000953674316,-0.25999999046325684,0.47999998927116394,-0.009999999776482582,0.49000000953674316,-0.09099999666213988,0.16799999624490736,-0.0034999999217689036,0.17150000333786009,0.0,0.0,0.0,0.0,-1,1,-1,1,0,0,0,0,0,0,0,0
1783308596.6655738,0.0,0.0,0.0,0.0,0.0,0,0.0,0.0,0.0,0.0,0.25999999046325684,-0.47999998927116394,0.009999999776482582,-0.49000000953674316,-0.25999999046325684,0.47999998927116394,-0.009999999776482582,0.49000000953674316,-0.09099999666213988,0.16799999624490736,-0.0034999999217689036,0.17150000333786009,0.0,0.0,0.0,0.0,-1,1,-1,1,0,0,0,0,0,0,0,0
1783308596.6856532,0.0,0.0,0.0,0.0,0.0,0,0.0,0.0,0.0,0.0,0.18000000715255737,-0.3400000035762787,0.0,-0.3400000035762787,-0.18000000715255737,0.3400000035762787,0.0,0.3400000035762787,-0.06300000250339508,0.11900000125169753,0.0,0.11900000125169753,0.0,0.0,0.0,0.0,-1,1,-1,1,0,0,0,0,0,0,0,0
1783308596.7055807,0.0,0.0,0.0,0.0,0.0,0,0.0,0.0,0.0,0.0,0.18000000715255737,-0.3400000035762787,0.0,-0.3400000035762787,-0.18000000715255737,0.3400000035762787,0.0,0.3400000035762787,-0.06300000250339508,0.11900000125169753,0.0,0.11900000125169753,0.0,0.0,0.0,0.0,-1,1,-1,1,0,0,0,0,0,0,0,0
1783308596.7255995,0.0,0.0,0.12,0.0,0.0,1,10.225092959257768,-10.225092959257768,10.225092959257768,-10.225092959257768,0.18000000715255737,-0.3400000035762787,0.0,-0.3400000035762787,10.045092952105211,-9.88509295568149,10.225092959257768,-9.88509295568149,3.5157825332368238,-3.459782534488521,3.5787825357402188,-3.459782534488521,0.09040583656894689,-0.08896583660113341,0.09202583663331992,-0.08896583660113341,-1,1,-1,1,-18,-18,-18,-18,-22,-22,-22,-22
1783308596.745635,0.0,0.0,0.12,0.0,0.0,1,10.225092959257768,-10.225092959257768,10.225092959257768,-10.225092959257768,0.12999999523162842,-0.23999999463558197,0.0,-0.23999999463558197,10.09509296402614,-9.985092964622186,10.225092959257768,-9.985092964622186,3.5332825374091485,-3.4947825376177653,3.5787825357402188,-3.4947825376177653,0.18126167324518216,-0.17883167328273308,0.18405167326663985,-0.17883167328273308,-1,1,-1,1,-18,-18,-18,-18,-22,-22,-22,-22
1783308596.7657049,0.0,0.0,0.0,0.0,0.0,0,0.0,0.0,0.0,0.0,0.12999999523162842,-0.23999999463558197,0.0,-0.23999999463558197,-0.12999999523162842,0.23999999463558197,0.0,0.23999999463558197,-0.04549999833106994,0.08399999812245368,0.0,0.08399999812245368,0.0,0.0,0.0,0.0,-1,1,-1,1,0,0,0,0,0,0,0,0
1783308596.785716,0.0,0.0,0.0,0.0,0.0,0,0.0,0.0,0.0,0.0,0.3199999928474426,-0.38999998569488525,0.23000000417232513,-0.4000000059604645,-0.3199999928474426,0.38999998569488525,-0.23000000417232513,0.4000000059604645,-0.11199999749660491,0.13649999499320983,-0.08050000146031379,0.14000000208616256,0.0,0.0,0.0,0.0,-1,1,-1,1,0,0,0,0,0,0,0,0
1783308596.8056033,0.0,0.0,0.0,0.0,0.0,0,0.0,0.0,0.0,0.0,0.3199999928474426,-0.38999998569488525,0.23000000417232513,-0.4000000059604645,-0.3199999928474426,0.38999998569488525,-0.23000000417232513,0.4000000059604645,-0.11199999749660491,0.13649999499320983,-0.08050000146031379,0.14000000208616256,0.0,0.0,0.0,0.0,-1,1,-1,1,0,0,0,0,0,0,0,0
1783308596.8256097,0.0,0.0,0.0,0.0,0.0,0,0.0,0.0,0.0,0.0,0.3199999928474426,-0.38999998569488525,0.23000000417232513,-0.4000000059604645,-0.3199999928474426,0.38999998569488525,-0.23000000417232513,0.4000000059604645,-0.11199999749660491,0.13649999499320983,-0.08050000146031379,0.14000000208616256,0.0,0.0,0.0,0.0,-1,1,-1,1,0,0,0,0,0,0,0,0
1783308596.8456116,0.0,0.0,0.0,0.0,0.0,0,0.0,0.0,0.0,0.0,0.44999998807907104,-0.7300000190734863,0.1599999964237213,-0.2800000011920929,-0.44999998807907104,0.7300000190734863,-0.1599999964237213,0.2800000011920929,-0.15749999582767485,0.2555000066757202,-0.05599999874830246,0.0980000004172325,0.0,0.0,0.0,0.0,-1,1,-1,1,0,0,0,0,0,0,0,0
1783308596.8657553,0.0,0.0,0.0,0.0,0.0,0,0.0,0.0,0.0,0.0,0.44999998807907104,-0.7300000190734863,0.1599999964237213,-0.2800000011920929,-0.44999998807907104,0.7300000190734863,-0.1599999964237213,0.2800000011920929,-0.15749999582767485,0.2555000066757202,-0.05599999874830246,0.0980000004172325,0.0,0.0,0.0,0.0,-1,1,-1,1,0,0,0,0,0,0,0,0
1783308596.885665,0.0,0.0,0.0,0.0,0.0,0,0.0,0.0,0.0,0.0,0.3100000023841858,-0.5099999904632568,0.10999999940395355,-0.1899999976158142,-0.3100000023841858,0.5099999904632568,-0.10999999940395355,0.1899999976158142,-0.10850000083446502,0.1784999966621399,-0.03849999979138374,0.06649999916553496,0.0,0.0,0.0,0.0,-1,1,-1,1,0,0,0,0,0,0,0,0
1783308596.9057367,0.0,0.0,0.12,0.0,0.0,1,10.225092959257768,-10.225092959257768,10.225092959257768,-10.225092959257768,0.3100000023841858,-0.5099999904632568,0.10999999940395355,-0.1899999976158142,9.915092956873583,-9.715092968794512,10.115092959853815,-10.035092961641954,3.4702825349057536,-3.400282539078079,3.540282535948835,-3.5122825365746837,0.08923583661186225,-0.08743583671915062,0.09103583663868435,-0.09031583665477759,-1,1,-1,1,-18,-18,-18,-18,-22,-21,-22,-22
1783308596.925602,0.0,0.0,0.12,0.0,0.0,1,10.225092959257768,-10.225092959257768,10.225092959257768,-10.225092959257768,0.3100000023841858,-0.5099999904632568,0.10999999940395355,-0.1899999976158142,9.915092956873583,-9.715092968794512,10.115092959853815,-10.035092961641954,3.4702825349057536,-3.400282539078079,3.540282535948835,-3.5122825365746837,0.1784716732237245,-0.17487167343830123,0.1820716732773687,-0.18063167330955518,-1,1,-1,1,-18,-18,-18,-18,-22,-22,-22,-22
1783308596.9457495,0.0,0.0,0.0,0.0,0.0,0,0.0,0.0,0.0,0.0,0.2199999988079071,-0.36000001430511475,0.07999999821186066,-0.14000000059604645,-0.2199999988079071,0.36000001430511475,-0.07999999821186066,0.14000000059604645,-0.07699999958276749,0.12600000500679015,-0.02799999937415123,0.04900000020861625,0.0,0.0,0.0,0.0,-1,1,-1,1,0,0,0,0,0,0,0,0
1783308596.9655838,0.0,0.0,0.0,0.0,0.0,0,0.0,0.0,0.0,0.0,0.2199999988079071,-0.36000001430511475,0.07999999821186066,-0.14000000059604645,-0.2199999988079071,0.36000001430511475,-0.07999999821186066,0.14000000059604645,-0.07699999958276749,0.12600000500679015,-0.02799999937415123,0.04900000020861625,0.0,0.0,0.0,0.0,-1,1,-1,1,0,0,0,0,0,0,0,0
1783308596.9856555,0.0,0.0,0.0,0.0,0.0,0,0.0,0.0,0.0,0.0,0.8299999833106995,-0.9300000071525574,0.2800000011920929,-0.550000011920929,-0.8299999833106995,0.9300000071525574,-0.2800000011920929,0.550000011920929,-0.2904999941587448,0.32550000250339506,-0.0980000004172325,0.19250000417232513,0.0,0.0,0.0,0.0,-1,1,-1,1,0,0,0,0,0,0,0,0
1783308597.0057094,0.0,0.0,0.0,0.0,0.0,0,0.0,0.0,0.0,0.0,0.8299999833106995,-0.9300000071525574,0.2800000011920929,-0.550000011920929,-0.8299999833106995,0.9300000071525574,-0.2800000011920929,0.550000011920929,-0.2904999941587448,0.32550000250339506,-0.0980000004172325,0.19250000417232513,0.0,0.0,0.0,0.0,-1,1,-1,1,0,0,0,0,0,0,0,0
1783308597.0255897,0.0,0.0,0.0,0.0,0.0,0,0.0,0.0,0.0,0.0,0.8299999833106995,-0.9300000071525574,0.2800000011920929,-0.550000011920929,-0.8299999833106995,0.9300000071525574,-0.2800000011920929,0.550000011920929,-0.2904999941587448,0.32550000250339506,-0.0980000004172325,0.19250000417232513,0.0,0.0,0.0,0.0,-1,1,-1,1,0,0,0,0,0,0,0,0
1783308597.0455918,0.0,0.0,0.0,0.0,0.0,0,0.0,0.0,0.0,0.0,0.5799999833106995,-0.8799999952316284,0.20000000298023224,-0.3799999952316284,-0.5799999833106995,0.8799999952316284,-0.20000000298023224,0.3799999952316284,-0.2029999941587448,0.30799999833106995,-0.07000000104308128,0.13299999833106993,0.0,0.0,0.0,0.0,-1,1,-1,1,0,0,0,0,0,0,0,0
1783308597.0656724,0.0,0.0,0.0,0.0,0.0,0,0.0,0.0,0.0,0.0,0.5799999833106995,-0.8799999952316284,0.20000000298023224,-0.3799999952316284,-0.5799999833106995,0.8799999952316284,-0.20000000298023224,0.3799999952316284,-0.2029999941587448,0.30799999833106995,-0.07000000104308128,0.13299999833106993,0.0,0.0,0.0,0.0,-1,1,-1,1,0,0,0,0,0,0,0,0
1783308597.0857837,0.0,0.0,0.12,0.0,0.0,1,10.225092959257768,-10.225092959257768,10.225092959257768,-10.225092959257768,0.4099999964237213,-0.6100000143051147,0.14000000059604645,-0.27000001072883606,9.815092962834047,-9.615092944952654,10.085092958661722,-9.955092948528932,3.435282536991916,-3.3652825307334284,3.5297825355316026,-3.484282531985126,0.08833583666550643,-0.08653583650457389,0.0907658366279555,-0.0895958365367604,-1,1,-1,1,-18,-18,-18,-18,-22,-21,-22,-22
1783308597.1056023,0.0,0.0,0.12,0.0,0.0,1,10.225092959257768,-10.225092959257768,10.225092959257768,-10.225092959257768,0.4099999964237213,-0.6100000143051147,0.14000000059604645,-0.27000001072883606,9.815092962834047,-9.615092944952654,10.085092958661722,-9.955092948528932,3.435282536991916,-3.3652825307334284,3.5297825355316026,-3.484282531985126,0.17667167333101286,-0.17307167300914778,0.181531673255911,-0.1791916730735208,-1,1,-1,1,-18,-18,-18,-18,-22,-22,-22,-22
1783308597.125598,0.0,0.0,0.0,0.0,0.0,0,0.0,0.0,0.0,0.0,0.4099999964237213,-0.6100000143051147,0.14000000059604645,-0.27000001072883606,-0.4099999964237213,0.6100000143051147,-0.14000000059604645,0.27000001072883606,-0.14349999874830244,0.21350000500679014,-0.04900000020861625,0.09450000375509261,0.0,0.0,0.0,0.0,-1,1,-1,1,0,0,0,0,0,0,0,0
1783308597.145586,0.0,0.0,0.0,0.0,0.0,0,0.0,0.0,0.0,0.0,0.28999999165534973,-0.6600000262260437,0.10000000149011612,-0.4099999964237213,-0.28999999165534973,0.6600000262260437,-0.10000000149011612,0.4099999964237213,-0.1014999970793724,0.23100000917911528,-0.03500000052154064,0.14349999874830244,0.0,0.0,0.0,0.0,-1,1,-1,1,0,0,0,0,0,0,0,0
1783308597.165601,0.0,0.0,0.0,0.0,0.0,0,0.0,0.0,0.0,0.0,0.28999999165534973,-0.6600000262260437,0.10000000149011612,-0.4099999964237213,-0.28999999165534973,0.6600000262260437,-0.10000000149011612,0.4099999964237213,-0.1014999970793724,0.23100000917911528,-0.03500000052154064,0.14349999874830244,0.0,0.0,0.0,0.0,-1,1,-1,1,0,0,0,0,0,0,0,0
1783308597.1857538,0.0,0.0,0.0,0.0,0.0,0,0.0,0.0,0.0,0.0,0.6499999761581421,-1.3600000143051147,0.07000000029802322,-0.7400000095367432,-0.6499999761581421,1.3600000143051147,-0.07000000029802322,0.7400000095367432,-0.2274999916553497,0.47600000500679013,-0.024500000104308126,0.2590000033378601,0.0,0.0,0.0,0.0,-1,1,-1,1,0,0,0,0,0,0,0,0
1783308597.2055755,0.0,0.0,0.0,0.0,0.0,0,0.0,0.0,0.0,0.0,0.6499999761581421,-1.3600000143051147,0.07000000029802322,-0.7400000095367432,-0.6499999761581421,1.3600000143051147,-0.07000000029802322,0.7400000095367432,-0.2274999916553497,0.47600000500679013,-0.024500000104308126,0.2590000033378601,0.0,0.0,0.0,0.0,-1,1,-1,1,0,0,0,0,0,0,0,0
1783308597.2256083,0.0,0.0,0.0,0.0,0.0,0,0.0,0.0,0.0,0.0,0.6499999761581421,-1.3600000143051147,0.07000000029802322,-0.7400000095367432,-0.6499999761581421,1.3600000143051147,-0.07000000029802322,0.7400000095367432,-0.2274999916553497,0.47600000500679013,-0.024500000104308126,0.2590000033378601,0.0,0.0,0.0,0.0,-1,1,-1,1,0,0,0,0,0,0,0,0
1783308597.2456794,0.0,0.0,0.0,0.0,0.0,0,0.0,0.0,0.0,0.0,0.46000000834465027,-0.9599999785423279,0.05000000074505806,-0.5199999809265137,-0.46000000834465027,0.9599999785423279,-0.05000000074505806,0.5199999809265137,-0.16100000292062758,0.3359999924898147,-0.01750000026077032,0.18199999332427977,0.0,0.0,0.0,0.0,-1,1,-1,1,0,0,0,0,0,0,0,0
1783308597.265653,0.0,0.0,0.12,0.0,0.0,1,10.225092959257768,-10.225092959257768,10.225092959257768,-10.225092959257768,0.46000000834465027,-0.9599999785423279,0.05000000074505806,-0.5199999809265137,9.765092950913118,-9.26509298071544,10.17509295851271,-9.705092978331255,3.417782532819591,-3.242782543250404,3.561282535479448,-3.396782542415939,0.08788583655821806,-0.08338583682643896,0.09157583662661439,-0.0873458368049813,-1,1,-1,1,-18,-18,-18,-18,-22,-21,-22,-21
1783308597.2859573,0.0,0.0,0.12,0.0,0.0,1,10.225092959257768,-10.225092959257768,10.225092959257768,-10.225092959257768,0.3199999928474426,-0.6700000166893005,0.029999999329447746,-0.36000001430511475,9.905092966410326,-9.555092942568468,10.19509295992832,-9.865092944952654,3.466782538243614,-3.3442825298989636,3.568282535974912,-3.452782530733429,0.177031673255911,-0.16938167330955517,0.18333167326596927,-0.1761316733095552,-1,1,-1,1,-18,-18,-18,-18,-22,-22,-22,-22
1783308597.305772,0.0,0.0,0.12,0.0,0.0,1,10.225092959257768,-10.225092959257768,10.225092959257768,-10.225092959257768,0.3199999928474426,-0.6700000166893005,0.029999999329447746,-0.36000001430511475,9.905092966410326,-9.555092942568468,10.19509295992832,-9.865092944952654,3.466782538243614,-3.3442825298989636,3.568282535974912,-3.452782530733429,0.2661775099536039,-0.2553775097926714,0.27508750990532416,-0.2649175098141291,-1,1,-1,1,-18,-18,-18,-18,-22,-22,-22,-22
1783308597.3256547,0.0,0.0,0.0,0.0,0.0,0,0.0,0.0,0.0,0.0,0.3199999928474426,-0.6700000166893005,0.029999999329447746,-0.36000001430511475,-0.3199999928474426,0.6700000166893005,-0.029999999329447746,0.36000001430511475,-0.11199999749660491,0.23450000584125516,-0.01049999976530671,0.12600000500679015,0.0,0.0,0.0,0.0,-1,1,-1,1,0,0,0,0,0,0,0,0
1783308597.345586,0.0,0.0,0.0,0.0,0.0,0,0.0,0.0,0.0,0.0,0.8999999761581421,-1.600000023841858,0.25,-1.159999966621399,-0.8999999761581421,1.600000023841858,-0.25,1.159999966621399,-0.3149999916553497,0.5600000083446502,-0.0875,0.4059999883174896,0.0,0.0,0.0,0.0,-1,1,-1,1,0,0,0,0,0,0,0,0
1783308597.3656268,0.0,0.0,0.0,0.0,0.0,0,0.0,0.0,0.0,0.0,0.8999999761581421,-1.600000023841858,0.25,-1.159999966621399,-0.8999999761581421,1.600000023841858,-0.25,1.159999966621399,-0.3149999916553497,0.5600000083446502,-0.0875,0.4059999883174896,0.0,0.0,0.0,0.0,-1,1,-1,1,0,0,0,0,0,0,0,0
1783308597.385631,0.0,0.0,0.0,0.0,0.0,0,0.0,0.0,0.0,0.0,1.309999942779541,-2.4800000190734863,0.6299999952316284,-1.2699999809265137,-1.309999942779541,2.4800000190734863,-0.6299999952316284,1.2699999809265137,-0.4584999799728393,0.8680000066757202,-0.22049999833106992,0.44449999332427975,0.0,0.0,0.0,0.0,-1,1,-1,1,0,0,0,0,0,0,0,0
1783308597.4057167,0.0,0.0,0.0,0.0,0.0,0,0.0,0.0,0.0,0.0,1.309999942779541,-2.4800000190734863,0.6299999952316284,-1.2699999809265137,-1.309999942779541,2.4800000190734863,-0.6299999952316284,1.2699999809265137,-0.4584999799728393,0.8680000066757202,-0.22049999833106992,0.44449999332427975,0.0,0.0,0.0,0.0,-1,1,-1,1,0,0,0,0,0,0,0,0
1783308597.425683,0.0,0.0,0.0,0.0,0.0,0,0.0,0.0,0.0,0.0,1.309999942779541,-2.4800000190734863,0.6299999952316284,-1.2699999809265137,-1.309999942779541,2.4800000190734863,-0.6299999952316284,1.2699999809265137,-0.4584999799728393,0.8680000066757202,-0.22049999833106992,0.44449999332427975,0.0,0.0,0.0,0.0,-1,1,-1,1,0,0,0,0,0,0,0,0
1783308597.445693,0.0,0.0,0.0,0.0,0.0,0,0.0,0.0,0.0,0.0,0.9200000166893005,-1.7400000095367432,0.4399999976158142,-0.8899999856948853,-0.9200000166893005,1.7400000095367432,-0.4399999976158142,0.8899999856948853,-0.32200000584125515,0.6090000033378601,-0.15399999916553497,0.3114999949932098,0.0,0.0,0.0,0.0,-1,1,-1,1,0,0,0,0,0,0,0,0
1783308597.4655962,0.0,0.0,0.0,0.0,0.0,0,0.0,0.0,0.0,0.0,0.9200000166893005,-1.7400000095367432,0.4399999976158142,-0.8899999856948853,-0.9200000166893005,1.7400000095367432,-0.4399999976158142,0.8899999856948853,-0.32200000584125515,0.6090000033378601,-0.15399999916553497,0.3114999949932098,0.0,0.0,0.0,0.0,-1,1,-1,1,0,0,0,0,0,0,0,0
1783308597.4856253,0.0,0.0,0.0,0.0,0.0,0,0.0,0.0,0.0,0.0,0.6399999856948853,-1.2100000381469727,0.3100000023841858,-0.6200000047683716,-0.6399999856948853,1.2100000381469727,-0.3100000023841858,0.6200000047683716,-0.22399999499320983,0.4235000133514404,-0.10850000083446502,0.21700000166893005,0.0,0.0,0.0,0.0,-1,1,-1,1,0,0,0,0,0,0,0,0
1783308597.5055676,0.0,0.0,0.0,0.0,0.0,0,0.0,0.0,0.0,0.0,0.6399999856948853,-1.2100000381469727,0.3100000023841858,-0.6200000047683716,-0.6399999856948853,1.2100000381469727,-0.3100000023841858,0.6200000047683716,-0.22399999499320983,0.4235000133514404,-0.10850000083446502,0.21700000166893005,0.0,0.0,0.0,0.0,-1,1,-1,1,0,0,0,0,0,0,0,0
1783308597.5255637,0.0,0.0,0.0,0.0,0.0,0,0.0,0.0,0.0,0.0,0.6399999856948853,-1.2100000381469727,0.3100000023841858,-0.6200000047683716,-0.6399999856948853,1.2100000381469727,-0.3100000023841858,0.6200000047683716,-0.22399999499320983,0.4235000133514404,-0.10850000083446502,0.21700000166893005,0.0,0.0,0.0,0.0,-1,1,-1,1,0,0,0,0,0,0,0,0
1783308597.5456357,0.0,0.0,0.0,0.0,0.0,0,0.0,0.0,0.0,0.0,0.44999998807907104,-0.8500000238418579,0.2199999988079071,-0.4300000071525574,-0.44999998807907104,0.8500000238418579,-0.2199999988079071,0.4300000071525574,-0.15749999582767485,0.29750000834465024,-0.07699999958276749,0.15050000250339507,0.0,0.0,0.0,0.0,-1,1,-1,1,0,0,0,0,0,0,0,0
1783308597.565684,0.0,0.0,0.0,0.0,0.0,0,0.0,0.0,0.0,0.0,0.44999998807907104,-0.8500000238418579,0.2199999988079071,-0.4300000071525574,-0.44999998807907104,0.8500000238418579,-0.2199999988079071,0.4300000071525574,-0.15749999582767485,0.29750000834465024,-0.07699999958276749,0.15050000250339507,0.0,0.0,0.0,0.0,-1,1,-1,1,0,0,0,0,0,0,0,0
1783308597.5856092,0.0,0.0,0.0,0.0,0.0,0,0.0,0.0,0.0,0.0,0.3100000023841858,-0.6000000238418579,0.15000000596046448,-0.30000001192092896,-0.3100000023841858,0.6000000238418579,-0.15000000596046448,0.30000001192092896,-0.10850000083446502,0.21000000834465027,-0.05250000208616257,0.10500000417232513,0.0,0.0,0.0,0.0,-1,1,-1,1,0,0,0,0,0,0,0,0
1783308597.605599,0.0,0.0,0.0,0.0,0.0,0,0.0,0.0,0.0,0.0,0.3100000023841858,-0.6000000238418579,0.15000000596046448,-0.30000001192092896,-0.3100000023841858,0.6000000238418579,-0.15000000596046448,0.30000001192092896,-0.10850000083446502,0.21000000834465027,-0.05250000208616257,0.10500000417232513,0.0,0.0,0.0,0.0,-1,1,-1,1,0,0,0,0,0,0,0,0
1783308597.6256516,0.0,0.0,0.0,0.0,0.0,0,0.0,0.0,0.0,0.0,0.3100000023841858,-0.6000000238418579,0.15000000596046448,-0.30000001192092896,-0.3100000023841858,0.6000000238418579,-0.15000000596046448,0.30000001192092896,-0.10850000083446502,0.21000000834465027,-0.05250000208616257,0.10500000417232513,0.0,0.0,0.0,0.0,-1,1,-1,1,0,0,0,0,0,0,0,0
1783308597.6456983,0.0,0.0,0.0,0.0,0.0,0,0.0,0.0,0.0,0.0,0.2199999988079071,-0.41999998688697815,0.10999999940395355,-0.20999999344348907,-0.2199999988079071,0.41999998688697815,-0.10999999940395355,0.20999999344348907,-0.07699999958276749,0.14699999541044234,-0.03849999979138374,0.07349999770522117,0.0,0.0,0.0,0.0,-1,1,-1,1,0,0,0,0,0,0,0,0
1783308597.6656828,0.0,0.0,0.0,0.0,0.0,0,0.0,0.0,0.0,0.0,0.2199999988079071,-0.41999998688697815,0.10999999940395355,-0.20999999344348907,-0.2199999988079071,0.41999998688697815,-0.10999999940395355,0.20999999344348907,-0.07699999958276749,0.14699999541044234,-0.03849999979138374,0.07349999770522117,0.0,0.0,0.0,0.0,-1,1,-1,1,0,0,0,0,0,0,0,0
1783308597.6856294,0.0,0.0,0.0,0.0,0.0,0,0.0,0.0,0.0,0.0,0.15000000596046448,-0.28999999165534973,0.07000000029802322,-0.15000000596046448,-0.15000000596046448,0.28999999165534973,-0.07000000029802322,0.15000000596046448,-0.05250000208616257,0.1014999970793724,-0.024500000104308126,0.05250000208616257,0.0,0.0,0.0,0.0,-1,1,-1,1,0,0,0,0,0,0,0,0
1783308597.7055511,0.0,0.0,0.0,0.0,0.0,0,0.0,0.0,0.0,0.0,0.15000000596046448,-0.28999999165534973,0.07000000029802322,-0.15000000596046448,-0.15000000596046448,0.28999999165534973,-0.07000000029802322,0.15000000596046448,-0.05250000208616257,0.1014999970793724,-0.024500000104308126,0.05250000208616257,0.0,0.0,0.0,0.0,-1,1,-1,1,0,0,0,0,0,0,0,0
1783308597.7257466,0.0,0.0,0.0,0.0,0.0,0,0.0,0.0,0.0,0.0,0.15000000596046448,-0.28999999165534973,0.07000000029802322,-0.15000000596046448,-0.15000000596046448,0.28999999165534973,-0.07000000029802322,0.15000000596046448,-0.05250000208616257,0.1014999970793724,-0.024500000104308126,0.05250000208616257,0.0,0.0,0.0,0.0,-1,1,-1,1,0,0,0,0,0,0,0,0
1783308597.7457492,0.0,0.0,0.0,0.0,0.0,0,0.0,0.0,0.0,0.0,0.10999999940395355,-0.20000000298023224,0.05000000074505806,-0.10000000149011612,-0.10999999940395355,0.20000000298023224,-0.05000000074505806,0.10000000149011612,-0.03849999979138374,0.07000000104308128,-0.01750000026077032,0.03500000052154064,0.0,0.0,0.0,0.0,-1,1,-1,1,0,0,0,0,0,0,0,0
1783308597.7657502,0.0,0.0,0.0,0.0,0.0,0,0.0,0.0,0.0,0.0,0.10999999940395355,-0.20000000298023224,0.05000000074505806,-0.10000000149011612,-0.10999999940395355,0.20000000298023224,-0.05000000074505806,0.10000000149011612,-0.03849999979138374,0.07000000104308128,-0.01750000026077032,0.03500000052154064,0.0,0.0,0.0,0.0,-1,1,-1,1,0,0,0,0,0,0,0,0
1783308597.7857635,0.0,0.0,0.0,0.0,0.0,0,0.0,0.0,0.0,0.0,0.07999999821186066,-0.14000000059604645,0.03999999910593033,-0.07000000029802322,-0.07999999821186066,0.14000000059604645,-0.03999999910593033,0.07000000029802322,-0.02799999937415123,0.04900000020861625,-0.013999999687075614,0.024500000104308126,0.0,0.0,0.0,0.0,-1,1,-1,1,0,0,0,0,0,0,0,0
1783308597.8057315,0.0,0.0,0.0,0.0,0.0,0,0.0,0.0,0.0,0.0,0.07999999821186066,-0.14000000059604645,0.03999999910593033,-0.07000000029802322,-0.07999999821186066,0.14000000059604645,-0.03999999910593033,0.07000000029802322,-0.02799999937415123,0.04900000020861625,-0.013999999687075614,0.024500000104308126,0.0,0.0,0.0,0.0,-1,1,-1,1,0,0,0,0,0,0,0,0
1783308597.8256948,0.0,0.0,0.0,0.0,0.0,0,0.0,0.0,0.0,0.0,0.07999999821186066,-0.14000000059604645,0.03999999910593033,-0.07000000029802322,-0.07999999821186066,0.14000000059604645,-0.03999999910593033,0.07000000029802322,-0.02799999937415123,0.04900000020861625,-0.013999999687075614,0.024500000104308126,0.0,0.0,0.0,0.0,-1,1,-1,1,0,0,0,0,0,0,0,0
1783308597.8457036,0.0,0.0,0.0,0.0,0.0,0,0.0,0.0,0.0,0.0,0.05000000074505806,-0.10000000149011612,0.029999999329447746,-0.05000000074505806,-0.05000000074505806,0.10000000149011612,-0.029999999329447746,0.05000000074505806,-0.01750000026077032,0.03500000052154064,-0.01049999976530671,0.01750000026077032,0.0,0.0,0.0,0.0,-1,1,-1,1,0,0,0,0,0,0,0,0
1783308597.8656292,0.0,0.0,0.0,0.0,0.0,0,0.0,0.0,0.0,0.0,0.05000000074505806,-0.10000000149011612,0.029999999329447746,-0.05000000074505806,-0.05000000074505806,0.10000000149011612,-0.029999999329447746,0.05000000074505806,-0.01750000026077032,0.03500000052154064,-0.01049999976530671,0.01750000026077032,0.0,0.0,0.0,0.0,-1,1,-1,1,0,0,0,0,0,0,0,0
1783308597.8856444,0.0,0.0,0.0,0.0,0.0,0,0.0,0.0,0.0,0.0,0.03999999910593033,-0.07000000029802322,0.019999999552965164,-0.03999999910593033,-0.03999999910593033,0.07000000029802322,-0.019999999552965164,0.03999999910593033,-0.013999999687075614,0.024500000104308126,-0.006999999843537807,0.013999999687075614,0.0,0.0,0.0,0.0,-1,1,-1,1,0,0,0,0,0,0,0,0
1783308597.9056888,0.0,0.0,0.0,0.0,0.0,0,0.0,0.0,0.0,0.0,0.03999999910593033,-0.07000000029802322,0.019999999552965164,-0.03999999910593033,-0.03999999910593033,0.07000000029802322,-0.019999999552965164,0.03999999910593033,-0.013999999687075614,0.024500000104308126,-0.006999999843537807,0.013999999687075614,0.0,0.0,0.0,0.0,-1,1,-1,1,0,0,0,0,0,0,0,0
1783308597.925714,0.0,0.0,0.0,0.0,0.0,0,0.0,0.0,0.0,0.0,0.03999999910593033,-0.07000000029802322,0.019999999552965164,-0.03999999910593033,-0.03999999910593033,0.07000000029802322,-0.019999999552965164,0.03999999910593033,-0.013999999687075614,0.024500000104308126,-0.006999999843537807,0.013999999687075614,0.0,0.0,0.0,0.0,-1,1,-1,1,0,0,0,0,0,0,0,0
1783308597.9457095,0.0,0.0,0.0,0.0,0.0,0,0.0,0.0,0.0,0.0,0.029999999329447746,-0.05000000074505806,0.009999999776482582,-0.029999999329447746,-0.029999999329447746,0.05000000074505806,-0.009999999776482582,0.029999999329447746,-0.01049999976530671,0.01750000026077032,-0.0034999999217689036,0.01049999976530671,0.0,0.0,0.0,0.0,-1,1,-1,1,0,0,0,0,0,0,0,0
1783308597.965733,0.0,0.0,0.0,0.0,0.0,0,0.0,0.0,0.0,0.0,0.029999999329447746,-0.05000000074505806,0.009999999776482582,-0.029999999329447746,-0.029999999329447746,0.05000000074505806,-0.009999999776482582,0.029999999329447746,-0.01049999976530671,0.01750000026077032,-0.0034999999217689036,0.01049999976530671,0.0,0.0,0.0,0.0,-1,1,-1,1,0,0,0,0,0,0,0,0
1783308597.9856415,0.0,0.0,0.0,0.0,0.0,0,0.0,0.0,0.0,0.0,0.019999999552965164,-0.029999999329447746,0.009999999776482582,-0.019999999552965164,-0.019999999552965164,0.029999999329447746,-0.009999999776482582,0.019999999552965164,-0.006999999843537807,0.01049999976530671,-0.0034999999217689036,0.006999999843537807,0.0,0.0,0.0,0.0,-1,1,-1,1,0,0,0,0,0,0,0,0
1783308598.0056124,0.0,0.0,0.0,0.0,0.0,0,0.0,0.0,0.0,0.0,0.019999999552965164,-0.029999999329447746,0.009999999776482582,-0.019999999552965164,-0.019999999552965164,0.029999999329447746,-0.009999999776482582,0.019999999552965164,-0.006999999843537807,0.01049999976530671,-0.0034999999217689036,0.006999999843537807,0.0,0.0,0.0,0.0,-1,1,-1,1,0,0,0,0,0,0,0,0
1783308598.0257204,0.0,0.0,0.0,0.0,0.0,0,0.0,0.0,0.0,0.0,0.019999999552965164,-0.029999999329447746,0.009999999776482582,-0.019999999552965164,-0.019999999552965164,0.029999999329447746,-0.009999999776482582,0.019999999552965164,-0.006999999843537807,0.01049999976530671,-0.0034999999217689036,0.006999999843537807,0.0,0.0,0.0,0.0,-1,1,-1,1,0,0,0,0,0,0,0,0
1783308598.0455656,0.0,0.0,0.0,0.0,0.0,0,0.0,0.0,0.0,0.0,0.009999999776482582,-0.019999999552965164,0.009999999776482582,-0.009999999776482582,-0.009999999776482582,0.019999999552965164,-0.009999999776482582,0.009999999776482582,-0.0034999999217689036,0.006999999843537807,-0.0034999999217689036,0.0034999999217689036,0.0,0.0,0.0,0.0,-1,1,-1,1,0,0,0,0,0,0,0,0
1783308598.0656316,0.0,0.0,0.0,0.0,0.0,0,0.0,0.0,0.0,0.0,0.009999999776482582,-0.019999999552965164,0.009999999776482582,-0.009999999776482582,-0.009999999776482582,0.019999999552965164,-0.009999999776482582,0.009999999776482582,-0.0034999999217689036,0.006999999843537807,-0.0034999999217689036,0.0034999999217689036,0.0,0.0,0.0,0.0,-1,1,-1,1,0,0,0,0,0,0,0,0
1783308598.0857482,0.0,0.0,0.0,0.0,0.0,0,0.0,0.0,0.0,0.0,0.009999999776482582,-0.019999999552965164,0.0,-0.009999999776482582,-0.009999999776482582,0.019999999552965164,0.0,0.009999999776482582,-0.0034999999217689036,0.006999999843537807,0.0,0.0034999999217689036,0.0,0.0,0.0,0.0,-1,1,-1,1,0,0,0,0,0,0,0,0
1783308598.1056263,0.0,0.0,0.0,0.0,0.0,0,0.0,0.0,0.0,0.0,0.009999999776482582,-0.019999999552965164,0.0,-0.009999999776482582,-0.009999999776482582,0.019999999552965164,0.0,0.009999999776482582,-0.0034999999217689036,0.006999999843537807,0.0,0.0034999999217689036,0.0,0.0,0.0,0.0,-1,1,-1,1,0,0,0,0,0,0,0,0
